noise_scale,alpha,controller,candidate_group_id,raw_candidate_id,shield_candidate_id,shield_mode,raw_true_joint_safe,shield_true_joint_safe,raw_true_management_utility,shield_true_management_utility,raw_true_V_embb,shield_true_V_embb,raw_true_V_urllc,shield_true_V_urllc,raw_embb_slice_prb,raw_urllc_slice_prb,shield_embb_slice_prb,shield_urllc_slice_prb
0.25,1.0,PF,0,2,2,pass,1,1,0.6682329,0.6682329,0.20650832,0.20650832,0.025042687,0.025042687,21.0,29.0,21.0,29.0
0.25,1.0,PF,1,2,2,pass,1,1,0.6677499,0.6677499,0.20378518,0.20378518,0.02274346,0.02274346,21.0,29.0,21.0,29.0
0.25,1.0,PF,2,2,2,pass,1,1,0.6677499,0.6677499,0.20378518,0.20378518,0.02274346,0.02274346,21.0,29.0,21.0,29.0
0.25,1.0,PF,3,2,2,pass,1,1,0.6677499,0.6677499,0.20378518,0.20378518,0.02274346,0.02274346,21.0,29.0,21.0,29.0
0.25,1.0,PF,4,2,2,pass,1,1,0.6677499,0.6677499,0.20378518,0.20378518,0.02274346,0.02274346,21.0,29.0,21.0,29.0
0.25,1.0,PF,5,2,2,pass,1,1,0.6677499,0.6677499,0.20378518,0.20378518,0.02274346,0.02274346,21.0,29.0,21.0,29.0
0.25,1.0,PF,6,2,2,pass,1,1,0.6677499,0.6677499,0.20378518,0.20378518,0.02274346,0.02274346,21.0,29.0,21.0,29.0
0.25,1.0,PF,7,2,2,pass,1,1,0.6677499,0.6677499,0.20378518,0.20378518,0.02274346,0.02274346,21.0,29.0,21.0,29.0
0.25,1.0,PF,8,2,2,pass,1,1,0.6677499,0.6677499,0.20378518,0.20378518,0.02274346,0.02274346,21.0,29.0,21.0,29.0
0.25,1.0,PF,9,2,2,pass,1,1,0.6677499,0.6677499,0.20378518,0.20378518,0.02274346,0.02274346,21.0,29.0,21.0,29.0
0.25,1.0,PF,10,2,2,pass,1,1,0.6677499,0.6677499,0.20378518,0.20378518,0.02274346,0.02274346,21.0,29.0,21.0,29.0
0.25,1.0,PF,11,2,2,pass,1,1,0.6677499,0.6677499,0.20378518,0.20378518,0.02274346,0.02274346,21.0,29.0,21.0,29.0
0.25,1.0,PF,12,2,2,pass,1,1,0.6677499,0.6677499,0.20378518,0.20378518,0.02274346,0.02274346,21.0,29.0,21.0,29.0
0.25,1.0,PF,13,2,2,pass,1,1,0.6677499,0.6677499,0.20378518,0.20378518,0.02274346,0.02274346,21.0,29.0,21.0,29.0
0.25,1.0,PF,14,2,2,pass,1,1,0.6677499,0.6677499,0.20378518,0.20378518,0.02274346,0.02274346,21.0,29.0,21.0,29.0
0.25,1.0,PF,15,2,2,pass,1,1,0.6677499,0.6677499,0.20378518,0.20378518,0.02274346,0.02274346,21.0,29.0,21.0,29.0
0.25,1.0,PF,16,2,2,pass,1,1,0.6677499,0.6677499,0.20378518,0.20378518,0.02274346,0.02274346,21.0,29.0,21.0,29.0
0.25,1.0,PF,17,2,2,pass,1,1,0.6677499,0.6677499,0.20378518,0.20378518,0.02274346,0.02274346,21.0,29.0,21.0,29.0
0.25,1.0,PF,18,2,2,pass,1,1,0.6677499,0.6677499,0.20378518,0.20378518,0.02274346,0.02274346,21.0,29.0,21.0,29.0
0.25,1.0,PF,19,2,2,pass,1,1,0.6677499,0.6677499,0.20378518,0.20378518,0.02274346,0.02274346,21.0,29.0,21.0,29.0
0.25,1.0,PF,20,2,2,pass,1,1,0.6677499,0.6677499,0.20378518,0.20378518,0.02274346,0.02274346,21.0,29.0,21.0,29.0
0.25,1.0,PF,21,2,2,pass,1,1,0.6374081,0.6374081,0.21929021,0.21929021,0.023887053,0.023887053,21.0,29.0,21.0,29.0
0.25,1.0,PF,22,2,2,pass,1,1,0.7186651,0.7186651,0.16434994,0.16434994,0.025743317,0.025743317,21.0,29.0,21.0,29.0
0.25,1.0,PF,23,2,2,pass,1,1,0.6677499,0.6677499,0.20378518,0.20378518,0.02274346,0.02274346,21.0,29.0,21.0,29.0
0.25,1.0,PF,24,2,2,pass,1,1,0.6677499,0.6677499,0.20378518,0.20378518,0.02274346,0.02274346,21.0,29.0,21.0,29.0
0.25,1.0,PF,25,2,2,pass,1,1,0.6677499,0.6677499,0.20378518,0.20378518,0.02274346,0.02274346,21.0,29.0,21.0,29.0
0.25,1.0,PF,26,2,2,pass,1,1,0.6677499,0.6677499,0.20378518,0.20378518,0.02274346,0.02274346,21.0,29.0,21.0,29.0
0.25,1.0,PF,27,2,2,pass,1,1,0.6677499,0.6677499,0.20378518,0.20378518,0.02274346,0.02274346,21.0,29.0,21.0,29.0
0.25,1.0,PF,28,2,2,pass,1,1,0.6677499,0.6677499,0.20378518,0.20378518,0.02274346,0.02274346,21.0,29.0,21.0,29.0
0.25,1.0,PF,29,2,3,shield_to_safe,1,1,0.6677499,0.72676647,0.20378518,0.16350773,0.02274346,0.021733325,21.0,29.0,30.0,20.0
0.25,1.0,PF,30,2,2,pass,1,1,0.6677499,0.6677499,0.20378518,0.20378518,0.02274346,0.02274346,21.0,29.0,21.0,29.0
0.25,1.0,PF,31,2,2,pass,1,1,0.6677499,0.6677499,0.20378518,0.20378518,0.02274346,0.02274346,21.0,29.0,21.0,29.0
0.25,1.0,PF,32,2,2,pass,1,1,0.7186651,0.7186651,0.16434994,0.16434994,0.025743317,0.025743317,21.0,29.0,21.0,29.0
0.25,1.0,PF,33,2,2,pass,1,1,0.6682329,0.6682329,0.20650832,0.20650832,0.025042687,0.025042687,21.0,29.0,21.0,29.0
0.25,1.0,PF,34,2,2,pass,1,1,0.6677499,0.6677499,0.20378518,0.20378518,0.02274346,0.02274346,21.0,29.0,21.0,29.0
0.25,1.0,PF,35,2,2,pass,1,1,0.6677499,0.6677499,0.20378518,0.20378518,0.02274346,0.02274346,21.0,29.0,21.0,29.0
0.25,1.0,PF,36,2,2,pass,1,1,0.6677499,0.6677499,0.20378518,0.20378518,0.02274346,0.02274346,21.0,29.0,21.0,29.0
0.25,1.0,PF,37,2,2,pass,1,1,0.6677499,0.6677499,0.20378518,0.20378518,0.02274346,0.02274346,21.0,29.0,21.0,29.0
0.25,1.0,PF,38,2,2,pass,1,1,0.6677499,0.6677499,0.20378518,0.20378518,0.02274346,0.02274346,21.0,29.0,21.0,29.0
0.25,1.0,PF,39,2,2,pass,1,1,0.6677499,0.6677499,0.20378518,0.20378518,0.02274346,0.02274346,21.0,29.0,21.0,29.0
0.25,1.0,PF,40,2,2,pass,1,1,0.6677499,0.6677499,0.20378518,0.20378518,0.02274346,0.02274346,21.0,29.0,21.0,29.0
0.25,1.0,PF,41,2,2,pass,1,1,0.7186651,0.7186651,0.16434994,0.16434994,0.025743317,0.025743317,21.0,29.0,21.0,29.0
0.25,1.0,PF,42,2,2,pass,1,1,0.6677499,0.6677499,0.20378518,0.20378518,0.02274346,0.02274346,21.0,29.0,21.0,29.0
0.25,1.0,PF,43,2,2,pass,1,1,0.6677499,0.6677499,0.20378518,0.20378518,0.02274346,0.02274346,21.0,29.0,21.0,29.0
0.25,1.0,PF,44,2,2,pass,1,1,0.6677499,0.6677499,0.20378518,0.20378518,0.02274346,0.02274346,21.0,29.0,21.0,29.0
0.25,1.0,PF,45,2,2,pass,1,1,0.6677499,0.6677499,0.20378518,0.20378518,0.02274346,0.02274346,21.0,29.0,21.0,29.0
0.25,1.0,PF,46,2,2,pass,1,1,0.6677499,0.6677499,0.20378518,0.20378518,0.02274346,0.02274346,21.0,29.0,21.0,29.0
0.25,1.0,PF,47,2,2,pass,1,1,0.6677499,0.6677499,0.20378518,0.20378518,0.02274346,0.02274346,21.0,29.0,21.0,29.0
0.25,1.0,PF,48,2,2,pass,1,1,0.6677499,0.6677499,0.20378518,0.20378518,0.02274346,0.02274346,21.0,29.0,21.0,29.0
0.25,1.0,PF,49,2,2,pass,1,1,0.6677499,0.6677499,0.20378518,0.20378518,0.02274346,0.02274346,21.0,29.0,21.0,29.0
0.25,1.0,PF,50,2,2,pass,1,1,0.6677499,0.6677499,0.20378518,0.20378518,0.02274346,0.02274346,21.0,29.0,21.0,29.0
0.25,1.0,PF,51,2,2,pass,1,1,0.6677499,0.6677499,0.20378518,0.20378518,0.02274346,0.02274346,21.0,29.0,21.0,29.0
0.25,1.0,PF,52,2,2,pass,1,1,0.6677499,0.6677499,0.20378518,0.20378518,0.02274346,0.02274346,21.0,29.0,21.0,29.0
0.25,1.0,PF,53,2,2,pass,1,1,0.6677499,0.6677499,0.20378518,0.20378518,0.02274346,0.02274346,21.0,29.0,21.0,29.0
0.25,1.0,PF,54,2,2,pass,1,1,0.6677499,0.6677499,0.20378518,0.20378518,0.02274346,0.02274346,21.0,29.0,21.0,29.0
0.25,1.0,PF,55,2,2,pass,1,1,0.6677499,0.6677499,0.20378518,0.20378518,0.02274346,0.02274346,21.0,29.0,21.0,29.0
0.25,1.0,PF,56,2,2,pass,1,1,0.6677499,0.6677499,0.20378518,0.20378518,0.02274346,0.02274346,21.0,29.0,21.0,29.0
0.25,1.0,PF,57,2,2,pass,1,1,0.6682329,0.6682329,0.20650832,0.20650832,0.025042687,0.025042687,21.0,29.0,21.0,29.0
0.25,1.0,PF,58,2,2,pass,1,1,0.6677499,0.6677499,0.20378518,0.20378518,0.02274346,0.02274346,21.0,29.0,21.0,29.0
0.25,1.0,PF,59,2,2,pass,1,1,0.6780778,0.6780778,0.173598,0.173598,0.012475382,0.012475382,21.0,29.0,21.0,29.0
0.25,1.0,PF,60,2,2,pass,1,1,0.6677499,0.6677499,0.20378518,0.20378518,0.02274346,0.02274346,21.0,29.0,21.0,29.0
0.25,1.0,PF,61,2,2,pass,1,1,0.6677499,0.6677499,0.20378518,0.20378518,0.02274346,0.02274346,21.0,29.0,21.0,29.0
0.25,1.0,PF,62,2,2,pass,1,1,0.6677499,0.6677499,0.20378518,0.20378518,0.02274346,0.02274346,21.0,29.0,21.0,29.0
0.25,1.0,PF,63,2,2,pass,1,1,0.6677499,0.6677499,0.20378518,0.20378518,0.02274346,0.02274346,21.0,29.0,21.0,29.0
0.25,1.0,PF,64,2,2,pass,1,1,0.6677499,0.6677499,0.20378518,0.20378518,0.02274346,0.02274346,21.0,29.0,21.0,29.0
0.25,1.0,PF,65,2,2,pass,1,1,0.65129316,0.65129316,0.21678324,0.21678324,0.023225917,0.023225917,21.0,29.0,21.0,29.0
0.25,1.0,PF,66,2,2,pass,1,1,0.6677499,0.6677499,0.20378518,0.20378518,0.02274346,0.02274346,21.0,29.0,21.0,29.0
0.25,1.0,PF,67,2,2,pass,1,1,0.65129316,0.65129316,0.21678324,0.21678324,0.023225917,0.023225917,21.0,29.0,21.0,29.0
0.25,1.0,PF,68,2,2,pass,1,1,0.6677499,0.6677499,0.20378518,0.20378518,0.02274346,0.02274346,21.0,29.0,21.0,29.0
0.25,1.0,PF,69,2,2,pass,1,1,0.6780778,0.6780778,0.173598,0.173598,0.012475382,0.012475382,21.0,29.0,21.0,29.0
0.25,1.0,PF,70,2,2,pass,1,1,0.6677499,0.6677499,0.20378518,0.20378518,0.02274346,0.02274346,21.0,29.0,21.0,29.0
0.25,1.0,PF,71,2,2,pass,1,1,0.6677499,0.6677499,0.20378518,0.20378518,0.02274346,0.02274346,21.0,29.0,21.0,29.0
0.25,1.0,PF,72,2,2,pass,1,1,0.6677499,0.6677499,0.20378518,0.20378518,0.02274346,0.02274346,21.0,29.0,21.0,29.0
0.25,1.0,PF,73,2,2,pass,1,1,0.6677499,0.6677499,0.20378518,0.20378518,0.02274346,0.02274346,21.0,29.0,21.0,29.0
0.25,1.0,PF,74,2,2,pass,1,1,0.6677499,0.6677499,0.20378518,0.20378518,0.02274346,0.02274346,21.0,29.0,21.0,29.0
0.25,1.0,PF,75,2,2,pass,1,1,0.6677499,0.6677499,0.20378518,0.20378518,0.02274346,0.02274346,21.0,29.0,21.0,29.0
0.25,1.0,PF,76,2,2,pass,1,1,0.7186651,0.7186651,0.16434994,0.16434994,0.025743317,0.025743317,21.0,29.0,21.0,29.0
0.25,1.0,PF,77,2,2,pass,1,1,0.6677499,0.6677499,0.20378518,0.20378518,0.02274346,0.02274346,21.0,29.0,21.0,29.0
0.25,1.0,PF,78,2,2,pass,1,1,0.6677499,0.6677499,0.20378518,0.20378518,0.02274346,0.02274346,21.0,29.0,21.0,29.0
0.25,1.0,PF,79,2,2,pass,1,1,0.6677499,0.6677499,0.20378518,0.20378518,0.02274346,0.02274346,21.0,29.0,21.0,29.0
0.25,1.0,PF,80,2,2,pass,1,1,0.6677499,0.6677499,0.20378518,0.20378518,0.02274346,0.02274346,21.0,29.0,21.0,29.0
0.25,1.0,PF,81,2,2,pass,1,1,0.6677499,0.6677499,0.20378518,0.20378518,0.02274346,0.02274346,21.0,29.0,21.0,29.0
0.25,1.0,PF,82,2,2,pass,1,1,0.6677499,0.6677499,0.20378518,0.20378518,0.02274346,0.02274346,21.0,29.0,21.0,29.0
0.25,1.0,PF,83,2,2,pass,1,1,0.6677499,0.6677499,0.20378518,0.20378518,0.02274346,0.02274346,21.0,29.0,21.0,29.0
0.25,1.0,PF,84,2,2,pass,1,1,0.7186651,0.7186651,0.16434994,0.16434994,0.025743317,0.025743317,21.0,29.0,21.0,29.0
0.25,1.0,PF,85,2,2,pass,1,1,0.6682329,0.6682329,0.20650832,0.20650832,0.025042687,0.025042687,21.0,29.0,21.0,29.0
0.25,1.0,PF,86,2,2,pass,1,1,0.65129316,0.65129316,0.21678324,0.21678324,0.023225917,0.023225917,21.0,29.0,21.0,29.0
0.25,1.0,PF,87,2,2,pass,1,1,0.6677499,0.6677499,0.20378518,0.20378518,0.02274346,0.02274346,21.0,29.0,21.0,29.0
0.25,1.0,PF,88,2,2,pass,1,1,0.65129316,0.65129316,0.21678324,0.21678324,0.023225917,0.023225917,21.0,29.0,21.0,29.0
0.25,1.0,PF,89,2,2,pass,1,1,0.6677499,0.6677499,0.20378518,0.20378518,0.02274346,0.02274346,21.0,29.0,21.0,29.0
0.25,1.0,PF,90,2,2,pass,1,1,0.6677499,0.6677499,0.20378518,0.20378518,0.02274346,0.02274346,21.0,29.0,21.0,29.0
0.25,1.0,PF,91,2,2,pass,1,1,0.6677499,0.6677499,0.20378518,0.20378518,0.02274346,0.02274346,21.0,29.0,21.0,29.0
0.25,1.0,PF,92,2,2,pass,1,1,0.6677499,0.6677499,0.20378518,0.20378518,0.02274346,0.02274346,21.0,29.0,21.0,29.0
0.25,1.0,PF,93,2,2,pass,1,1,0.6677499,0.6677499,0.20378518,0.20378518,0.02274346,0.02274346,21.0,29.0,21.0,29.0
0.25,1.0,PF,94,2,2,pass,1,1,0.6677499,0.6677499,0.20378518,0.20378518,0.02274346,0.02274346,21.0,29.0,21.0,29.0
0.25,1.0,PF,95,2,2,pass,1,1,0.6677499,0.6677499,0.20378518,0.20378518,0.02274346,0.02274346,21.0,29.0,21.0,29.0
0.25,1.0,PF,96,2,2,pass,1,1,0.6677499,0.6677499,0.20378518,0.20378518,0.02274346,0.02274346,21.0,29.0,21.0,29.0
0.25,1.0,PF,97,2,2,pass,1,1,0.6677499,0.6677499,0.20378518,0.20378518,0.02274346,0.02274346,21.0,29.0,21.0,29.0
0.25,1.0,PF,98,2,2,pass,1,1,0.6682329,0.6682329,0.20650832,0.20650832,0.025042687,0.025042687,21.0,29.0,21.0,29.0
0.25,1.0,PF,99,2,2,pass,1,1,0.6677499,0.6677499,0.20378518,0.20378518,0.02274346,0.02274346,21.0,29.0,21.0,29.0
0.25,1.0,PF,100,2,2,pass,1,1,0.6677499,0.6677499,0.20378518,0.20378518,0.02274346,0.02274346,21.0,29.0,21.0,29.0
0.25,1.0,PF,101,2,2,pass,1,1,0.6677499,0.6677499,0.20378518,0.20378518,0.02274346,0.02274346,21.0,29.0,21.0,29.0
0.25,1.0,PF,102,2,2,pass,1,1,0.6677499,0.6677499,0.20378518,0.20378518,0.02274346,0.02274346,21.0,29.0,21.0,29.0
0.25,1.0,PF,103,2,2,pass,1,1,0.6677499,0.6677499,0.20378518,0.20378518,0.02274346,0.02274346,21.0,29.0,21.0,29.0
0.25,1.0,PF,104,2,2,pass,1,1,0.6677499,0.6677499,0.20378518,0.20378518,0.02274346,0.02274346,21.0,29.0,21.0,29.0
0.25,1.0,PF,105,2,2,pass,1,1,0.6677499,0.6677499,0.20378518,0.20378518,0.02274346,0.02274346,21.0,29.0,21.0,29.0
0.25,1.0,PF,106,2,2,pass,1,1,0.6677499,0.6677499,0.20378518,0.20378518,0.02274346,0.02274346,21.0,29.0,21.0,29.0
0.25,1.0,PF,107,2,2,pass,1,1,0.6677499,0.6677499,0.20378518,0.20378518,0.02274346,0.02274346,21.0,29.0,21.0,29.0
0.25,1.0,PF,108,2,2,pass,1,1,0.6677499,0.6677499,0.20378518,0.20378518,0.02274346,0.02274346,21.0,29.0,21.0,29.0
0.25,1.0,PF,109,2,2,pass,1,1,0.6682329,0.6682329,0.20650832,0.20650832,0.025042687,0.025042687,21.0,29.0,21.0,29.0
0.25,1.0,PF,110,2,2,pass,1,1,0.6677499,0.6677499,0.20378518,0.20378518,0.02274346,0.02274346,21.0,29.0,21.0,29.0
0.25,1.0,PF,111,2,2,pass,1,1,0.6677499,0.6677499,0.20378518,0.20378518,0.02274346,0.02274346,21.0,29.0,21.0,29.0
0.25,1.0,PF,112,2,2,pass,1,1,0.6677499,0.6677499,0.20378518,0.20378518,0.02274346,0.02274346,21.0,29.0,21.0,29.0
0.25,1.0,PF,113,2,2,pass,1,1,0.6677499,0.6677499,0.20378518,0.20378518,0.02274346,0.02274346,21.0,29.0,21.0,29.0
0.25,1.0,PF,114,2,2,pass,1,1,0.6677499,0.6677499,0.20378518,0.20378518,0.02274346,0.02274346,21.0,29.0,21.0,29.0
0.25,1.0,PF,115,2,2,pass,1,1,0.6677499,0.6677499,0.20378518,0.20378518,0.02274346,0.02274346,21.0,29.0,21.0,29.0
0.25,1.0,PF,116,2,2,pass,1,1,0.6780778,0.6780778,0.173598,0.173598,0.012475382,0.012475382,21.0,29.0,21.0,29.0
0.25,1.0,PF,117,2,2,pass,1,1,0.6677499,0.6677499,0.20378518,0.20378518,0.02274346,0.02274346,21.0,29.0,21.0,29.0
0.25,1.0,PF,118,2,2,pass,1,1,0.7186651,0.7186651,0.16434994,0.16434994,0.025743317,0.025743317,21.0,29.0,21.0,29.0
0.25,1.0,PF,119,2,2,pass,1,1,0.6677499,0.6677499,0.20378518,0.20378518,0.02274346,0.02274346,21.0,29.0,21.0,29.0
0.25,1.0,PF,120,2,2,pass,1,1,0.6677499,0.6677499,0.20378518,0.20378518,0.02274346,0.02274346,21.0,29.0,21.0,29.0
0.25,1.0,PF,121,2,2,pass,1,1,0.6677499,0.6677499,0.20378518,0.20378518,0.02274346,0.02274346,21.0,29.0,21.0,29.0
0.25,1.0,PF,122,2,2,pass,1,1,0.6677499,0.6677499,0.20378518,0.20378518,0.02274346,0.02274346,21.0,29.0,21.0,29.0
0.25,1.0,PF,123,2,2,pass,1,1,0.6677499,0.6677499,0.20378518,0.20378518,0.02274346,0.02274346,21.0,29.0,21.0,29.0
0.25,1.0,PF,124,2,2,pass,1,1,0.6677499,0.6677499,0.20378518,0.20378518,0.02274346,0.02274346,21.0,29.0,21.0,29.0
0.25,1.0,PF,125,2,2,pass,1,1,0.6780778,0.6780778,0.173598,0.173598,0.012475382,0.012475382,21.0,29.0,21.0,29.0
0.25,1.0,PF,126,2,2,pass,1,1,0.6677499,0.6677499,0.20378518,0.20378518,0.02274346,0.02274346,21.0,29.0,21.0,29.0
0.25,1.0,PF,127,2,2,pass,1,1,0.6677499,0.6677499,0.20378518,0.20378518,0.02274346,0.02274346,21.0,29.0,21.0,29.0
0.25,1.0,PF,128,2,2,pass,1,1,0.6677499,0.6677499,0.20378518,0.20378518,0.02274346,0.02274346,21.0,29.0,21.0,29.0
0.25,1.0,PF,129,2,2,pass,1,1,0.65129316,0.65129316,0.21678324,0.21678324,0.023225917,0.023225917,21.0,29.0,21.0,29.0
0.25,1.0,PF,130,2,2,pass,1,1,0.6677499,0.6677499,0.20378518,0.20378518,0.02274346,0.02274346,21.0,29.0,21.0,29.0
0.25,1.0,PF,131,2,2,pass,1,1,0.6677499,0.6677499,0.20378518,0.20378518,0.02274346,0.02274346,21.0,29.0,21.0,29.0
0.25,1.0,PF,132,2,2,pass,1,1,0.6677499,0.6677499,0.20378518,0.20378518,0.02274346,0.02274346,21.0,29.0,21.0,29.0
0.25,1.0,PF,133,2,2,pass,1,1,0.65129316,0.65129316,0.21678324,0.21678324,0.023225917,0.023225917,21.0,29.0,21.0,29.0
0.25,1.0,PF,134,2,2,pass,1,1,0.6677499,0.6677499,0.20378518,0.20378518,0.02274346,0.02274346,21.0,29.0,21.0,29.0
0.25,1.0,PF,135,2,2,pass,1,1,0.6677499,0.6677499,0.20378518,0.20378518,0.02274346,0.02274346,21.0,29.0,21.0,29.0
0.25,1.0,PF,136,2,2,pass,1,1,0.6677499,0.6677499,0.20378518,0.20378518,0.02274346,0.02274346,21.0,29.0,21.0,29.0
0.25,1.0,PF,137,2,2,pass,1,1,0.6677499,0.6677499,0.20378518,0.20378518,0.02274346,0.02274346,21.0,29.0,21.0,29.0
0.25,1.0,PF,138,2,2,pass,1,1,0.6677499,0.6677499,0.20378518,0.20378518,0.02274346,0.02274346,21.0,29.0,21.0,29.0
0.25,1.0,PF,139,2,2,pass,1,1,0.6677499,0.6677499,0.20378518,0.20378518,0.02274346,0.02274346,21.0,29.0,21.0,29.0
0.25,1.0,PF,140,2,2,pass,1,1,0.6677499,0.6677499,0.20378518,0.20378518,0.02274346,0.02274346,21.0,29.0,21.0,29.0
0.25,1.0,PF,141,2,2,pass,1,1,0.6677499,0.6677499,0.20378518,0.20378518,0.02274346,0.02274346,21.0,29.0,21.0,29.0
0.25,1.0,PF,142,2,2,pass,1,1,0.6677499,0.6677499,0.20378518,0.20378518,0.02274346,0.02274346,21.0,29.0,21.0,29.0
0.25,1.0,PF,143,2,2,pass,1,1,0.6677499,0.6677499,0.20378518,0.20378518,0.02274346,0.02274346,21.0,29.0,21.0,29.0
0.25,1.0,PF,144,2,2,pass,1,1,0.6677499,0.6677499,0.20378518,0.20378518,0.02274346,0.02274346,21.0,29.0,21.0,29.0
0.25,1.0,PF,145,2,2,pass,1,1,0.6677499,0.6677499,0.20378518,0.20378518,0.02274346,0.02274346,21.0,29.0,21.0,29.0
0.25,1.0,PF,146,2,2,pass,1,1,0.6677499,0.6677499,0.20378518,0.20378518,0.02274346,0.02274346,21.0,29.0,21.0,29.0
0.25,1.0,PF,147,2,2,pass,1,1,0.6677499,0.6677499,0.20378518,0.20378518,0.02274346,0.02274346,21.0,29.0,21.0,29.0
0.25,1.0,PF,148,2,2,pass,1,1,0.7186651,0.7186651,0.16434994,0.16434994,0.025743317,0.025743317,21.0,29.0,21.0,29.0
0.25,1.0,PF,149,2,2,pass,1,1,0.6677499,0.6677499,0.20378518,0.20378518,0.02274346,0.02274346,21.0,29.0,21.0,29.0
0.25,1.0,PF,150,2,2,pass,1,1,0.6682329,0.6682329,0.20650832,0.20650832,0.025042687,0.025042687,21.0,29.0,21.0,29.0
0.25,1.0,PF,151,2,2,pass,1,1,0.6677499,0.6677499,0.20378518,0.20378518,0.02274346,0.02274346,21.0,29.0,21.0,29.0
0.25,1.0,PF,152,2,2,pass,1,1,0.6677499,0.6677499,0.20378518,0.20378518,0.02274346,0.02274346,21.0,29.0,21.0,29.0
0.25,1.0,PF,153,2,2,pass,1,1,0.6677499,0.6677499,0.20378518,0.20378518,0.02274346,0.02274346,21.0,29.0,21.0,29.0
0.25,1.0,PF,154,2,2,pass,1,1,0.6682329,0.6682329,0.20650832,0.20650832,0.025042687,0.025042687,21.0,29.0,21.0,29.0
0.25,1.0,PF,155,2,2,pass,1,1,0.6677499,0.6677499,0.20378518,0.20378518,0.02274346,0.02274346,21.0,29.0,21.0,29.0
0.25,1.0,PF,156,2,2,pass,1,1,0.6677499,0.6677499,0.20378518,0.20378518,0.02274346,0.02274346,21.0,29.0,21.0,29.0
0.25,1.0,PF,157,2,2,pass,1,1,0.6677499,0.6677499,0.20378518,0.20378518,0.02274346,0.02274346,21.0,29.0,21.0,29.0
0.25,1.0,PF,158,2,2,pass,1,1,0.6677499,0.6677499,0.20378518,0.20378518,0.02274346,0.02274346,21.0,29.0,21.0,29.0
0.25,1.0,PF,159,2,2,pass,1,1,0.6682329,0.6682329,0.20650832,0.20650832,0.025042687,0.025042687,21.0,29.0,21.0,29.0
0.25,1.0,PF,160,2,2,pass,1,1,0.6677499,0.6677499,0.20378518,0.20378518,0.02274346,0.02274346,21.0,29.0,21.0,29.0
0.25,1.0,PF,161,2,2,pass,1,1,0.6677499,0.6677499,0.20378518,0.20378518,0.02274346,0.02274346,21.0,29.0,21.0,29.0
0.25,1.0,PF,162,2,2,pass,1,1,0.6374081,0.6374081,0.21929021,0.21929021,0.023887053,0.023887053,21.0,29.0,21.0,29.0
0.25,1.0,PF,163,2,2,pass,1,1,0.6677499,0.6677499,0.20378518,0.20378518,0.02274346,0.02274346,21.0,29.0,21.0,29.0
0.25,1.0,PF,164,2,2,pass,1,1,0.6677499,0.6677499,0.20378518,0.20378518,0.02274346,0.02274346,21.0,29.0,21.0,29.0
0.25,1.0,PF,165,2,2,pass,1,1,0.6677499,0.6677499,0.20378518,0.20378518,0.02274346,0.02274346,21.0,29.0,21.0,29.0
0.25,1.0,PF,166,2,2,pass,1,1,0.6677499,0.6677499,0.20378518,0.20378518,0.02274346,0.02274346,21.0,29.0,21.0,29.0
0.25,1.0,PF,167,2,2,pass,1,1,0.6677499,0.6677499,0.20378518,0.20378518,0.02274346,0.02274346,21.0,29.0,21.0,29.0
0.25,1.0,PF,168,2,2,pass,1,1,0.6677499,0.6677499,0.20378518,0.20378518,0.02274346,0.02274346,21.0,29.0,21.0,29.0
0.25,1.0,PF,169,2,2,pass,1,1,0.7186651,0.7186651,0.16434994,0.16434994,0.025743317,0.025743317,21.0,29.0,21.0,29.0
0.25,1.0,PF,170,2,2,pass,1,1,0.6677499,0.6677499,0.20378518,0.20378518,0.02274346,0.02274346,21.0,29.0,21.0,29.0
0.25,1.0,PF,171,2,2,pass,1,1,0.6677499,0.6677499,0.20378518,0.20378518,0.02274346,0.02274346,21.0,29.0,21.0,29.0
0.25,1.0,PF,172,2,2,pass,1,1,0.6374081,0.6374081,0.21929021,0.21929021,0.023887053,0.023887053,21.0,29.0,21.0,29.0
0.25,1.0,PF,173,2,2,pass,1,1,0.6677499,0.6677499,0.20378518,0.20378518,0.02274346,0.02274346,21.0,29.0,21.0,29.0
0.25,1.0,PF,174,2,2,pass,1,1,0.6677499,0.6677499,0.20378518,0.20378518,0.02274346,0.02274346,21.0,29.0,21.0,29.0
0.25,1.0,PF,175,2,2,pass,1,1,0.6677499,0.6677499,0.20378518,0.20378518,0.02274346,0.02274346,21.0,29.0,21.0,29.0
0.25,1.0,PF,176,2,2,pass,1,1,0.6677499,0.6677499,0.20378518,0.20378518,0.02274346,0.02274346,21.0,29.0,21.0,29.0
0.25,1.0,PF,177,2,2,pass,1,1,0.6677499,0.6677499,0.20378518,0.20378518,0.02274346,0.02274346,21.0,29.0,21.0,29.0
0.25,1.0,PF,178,2,2,pass,1,1,0.6677499,0.6677499,0.20378518,0.20378518,0.02274346,0.02274346,21.0,29.0,21.0,29.0
0.25,1.0,PF,179,2,2,pass,1,1,0.6677499,0.6677499,0.20378518,0.20378518,0.02274346,0.02274346,21.0,29.0,21.0,29.0
0.25,1.0,PF,180,2,2,pass,1,1,0.6677499,0.6677499,0.20378518,0.20378518,0.02274346,0.02274346,21.0,29.0,21.0,29.0
0.25,1.0,PF,181,2,2,pass,1,1,0.6677499,0.6677499,0.20378518,0.20378518,0.02274346,0.02274346,21.0,29.0,21.0,29.0
0.25,1.0,PF,182,2,2,pass,1,1,0.6677499,0.6677499,0.20378518,0.20378518,0.02274346,0.02274346,21.0,29.0,21.0,29.0
0.25,1.0,PF,183,2,2,pass,1,1,0.6677499,0.6677499,0.20378518,0.20378518,0.02274346,0.02274346,21.0,29.0,21.0,29.0
0.25,1.0,PF,184,2,2,pass,1,1,0.6677499,0.6677499,0.20378518,0.20378518,0.02274346,0.02274346,21.0,29.0,21.0,29.0
0.25,1.0,PF,185,2,2,pass,1,1,0.65129316,0.65129316,0.21678324,0.21678324,0.023225917,0.023225917,21.0,29.0,21.0,29.0
0.25,1.0,PF,186,2,2,pass,1,1,0.7186651,0.7186651,0.16434994,0.16434994,0.025743317,0.025743317,21.0,29.0,21.0,29.0
0.25,1.0,PF,187,2,2,pass,1,1,0.6677499,0.6677499,0.20378518,0.20378518,0.02274346,0.02274346,21.0,29.0,21.0,29.0
0.25,1.0,PF,188,2,2,pass,1,1,0.6677499,0.6677499,0.20378518,0.20378518,0.02274346,0.02274346,21.0,29.0,21.0,29.0
0.25,1.0,PF,189,2,2,pass,1,1,0.6682329,0.6682329,0.20650832,0.20650832,0.025042687,0.025042687,21.0,29.0,21.0,29.0
0.25,1.0,PF,190,2,2,pass,1,1,0.6374081,0.6374081,0.21929021,0.21929021,0.023887053,0.023887053,21.0,29.0,21.0,29.0
0.25,1.0,PF,191,2,2,pass,1,1,0.6677499,0.6677499,0.20378518,0.20378518,0.02274346,0.02274346,21.0,29.0,21.0,29.0
0.25,1.0,PF,192,2,2,pass,1,1,0.6677499,0.6677499,0.20378518,0.20378518,0.02274346,0.02274346,21.0,29.0,21.0,29.0
0.25,1.0,PF,193,2,2,pass,1,1,0.65129316,0.65129316,0.21678324,0.21678324,0.023225917,0.023225917,21.0,29.0,21.0,29.0
0.25,1.0,PF,194,2,2,pass,1,1,0.6677499,0.6677499,0.20378518,0.20378518,0.02274346,0.02274346,21.0,29.0,21.0,29.0
0.25,1.0,PF,195,2,2,pass,1,1,0.6506768,0.6506768,0.24160099,0.24160099,0.021516193,0.021516193,21.0,29.0,21.0,29.0
0.25,1.0,PF,196,2,2,pass,1,1,0.7186651,0.7186651,0.16434994,0.16434994,0.025743317,0.025743317,21.0,29.0,21.0,29.0
0.25,1.0,PF,197,2,2,pass,1,1,0.6677499,0.6677499,0.20378518,0.20378518,0.02274346,0.02274346,21.0,29.0,21.0,29.0
0.25,1.0,PF,198,2,2,pass,1,1,0.6677499,0.6677499,0.20378518,0.20378518,0.02274346,0.02274346,21.0,29.0,21.0,29.0
0.25,1.0,PF,199,2,2,pass,1,1,0.6677499,0.6677499,0.20378518,0.20378518,0.02274346,0.02274346,21.0,29.0,21.0,29.0
0.25,1.0,PF,200,2,2,pass,1,1,0.6677499,0.6677499,0.20378518,0.20378518,0.02274346,0.02274346,21.0,29.0,21.0,29.0
0.25,1.0,PF,201,2,2,pass,1,1,0.6677499,0.6677499,0.20378518,0.20378518,0.02274346,0.02274346,21.0,29.0,21.0,29.0
0.25,1.0,PF,202,2,2,pass,1,1,0.6677499,0.6677499,0.20378518,0.20378518,0.02274346,0.02274346,21.0,29.0,21.0,29.0
0.25,1.0,PF,203,2,2,pass,1,1,0.6677499,0.6677499,0.20378518,0.20378518,0.02274346,0.02274346,21.0,29.0,21.0,29.0
0.25,1.0,PF,204,2,2,pass,1,1,0.6677499,0.6677499,0.20378518,0.20378518,0.02274346,0.02274346,21.0,29.0,21.0,29.0
0.25,1.0,PF,205,2,2,pass,1,1,0.6682329,0.6682329,0.20650832,0.20650832,0.025042687,0.025042687,21.0,29.0,21.0,29.0
0.25,1.0,PF,206,2,2,pass,1,1,0.6677499,0.6677499,0.20378518,0.20378518,0.02274346,0.02274346,21.0,29.0,21.0,29.0
0.25,1.0,PF,207,2,2,pass,1,1,0.6506768,0.6506768,0.24160099,0.24160099,0.021516193,0.021516193,21.0,29.0,21.0,29.0
0.25,1.0,PF,208,2,3,shield_to_safe,1,1,0.65129316,0.72676647,0.21678324,0.16350773,0.023225917,0.021733325,21.0,29.0,30.0,20.0
0.25,1.0,PF,209,2,2,pass,1,1,0.6677499,0.6677499,0.20378518,0.20378518,0.02274346,0.02274346,21.0,29.0,21.0,29.0
0.25,1.0,PF,210,2,2,pass,1,1,0.6682329,0.6682329,0.20650832,0.20650832,0.025042687,0.025042687,21.0,29.0,21.0,29.0
0.25,1.0,PF,211,2,2,pass,1,1,0.6677499,0.6677499,0.20378518,0.20378518,0.02274346,0.02274346,21.0,29.0,21.0,29.0
0.25,1.0,PF,212,2,2,pass,1,1,0.6677499,0.6677499,0.20378518,0.20378518,0.02274346,0.02274346,21.0,29.0,21.0,29.0
0.25,1.0,PF,213,2,2,pass,1,1,0.65129316,0.65129316,0.21678324,0.21678324,0.023225917,0.023225917,21.0,29.0,21.0,29.0
0.25,1.0,PF,214,2,2,pass,1,1,0.6677499,0.6677499,0.20378518,0.20378518,0.02274346,0.02274346,21.0,29.0,21.0,29.0
0.25,1.0,PF,215,2,2,pass,1,1,0.6780778,0.6780778,0.173598,0.173598,0.012475382,0.012475382,21.0,29.0,21.0,29.0
0.25,1.0,PF,216,2,2,pass,1,1,0.6677499,0.6677499,0.20378518,0.20378518,0.02274346,0.02274346,21.0,29.0,21.0,29.0
0.25,1.0,PF,217,2,2,pass,1,1,0.6677499,0.6677499,0.20378518,0.20378518,0.02274346,0.02274346,21.0,29.0,21.0,29.0
0.25,1.0,PF,218,2,2,pass,1,1,0.6677499,0.6677499,0.20378518,0.20378518,0.02274346,0.02274346,21.0,29.0,21.0,29.0
0.25,1.0,PF,219,2,2,pass,1,1,0.6677499,0.6677499,0.20378518,0.20378518,0.02274346,0.02274346,21.0,29.0,21.0,29.0
0.25,1.0,PF,220,2,2,pass,1,1,0.6682329,0.6682329,0.20650832,0.20650832,0.025042687,0.025042687,21.0,29.0,21.0,29.0
0.25,1.0,PF,221,2,2,pass,1,1,0.6677499,0.6677499,0.20378518,0.20378518,0.02274346,0.02274346,21.0,29.0,21.0,29.0
0.25,1.0,PF,222,2,2,pass,1,1,0.6677499,0.6677499,0.20378518,0.20378518,0.02274346,0.02274346,21.0,29.0,21.0,29.0
0.25,1.0,PF,223,2,2,pass,1,1,0.6677499,0.6677499,0.20378518,0.20378518,0.02274346,0.02274346,21.0,29.0,21.0,29.0
0.25,1.0,PF,224,2,2,pass,1,1,0.6677499,0.6677499,0.20378518,0.20378518,0.02274346,0.02274346,21.0,29.0,21.0,29.0
0.25,1.0,PF,225,2,2,pass,1,1,0.6677499,0.6677499,0.20378518,0.20378518,0.02274346,0.02274346,21.0,29.0,21.0,29.0
0.25,1.0,PF,226,2,2,pass,1,1,0.6677499,0.6677499,0.20378518,0.20378518,0.02274346,0.02274346,21.0,29.0,21.0,29.0
0.25,1.0,PF,227,2,2,pass,1,1,0.6677499,0.6677499,0.20378518,0.20378518,0.02274346,0.02274346,21.0,29.0,21.0,29.0
0.25,1.0,PF,228,2,2,pass,1,1,0.65129316,0.65129316,0.21678324,0.21678324,0.023225917,0.023225917,21.0,29.0,21.0,29.0
0.25,1.0,PF,229,2,2,pass,1,1,0.6677499,0.6677499,0.20378518,0.20378518,0.02274346,0.02274346,21.0,29.0,21.0,29.0
0.25,1.0,PF,230,2,2,pass,1,1,0.6677499,0.6677499,0.20378518,0.20378518,0.02274346,0.02274346,21.0,29.0,21.0,29.0
0.25,1.0,PF,231,2,2,pass,1,1,0.6677499,0.6677499,0.20378518,0.20378518,0.02274346,0.02274346,21.0,29.0,21.0,29.0
0.25,1.0,PF,232,2,2,pass,1,1,0.6677499,0.6677499,0.20378518,0.20378518,0.02274346,0.02274346,21.0,29.0,21.0,29.0
0.25,1.0,PF,233,2,2,pass,1,1,0.6677499,0.6677499,0.20378518,0.20378518,0.02274346,0.02274346,21.0,29.0,21.0,29.0
0.25,1.0,PF,234,2,2,pass,1,1,0.6677499,0.6677499,0.20378518,0.20378518,0.02274346,0.02274346,21.0,29.0,21.0,29.0
0.25,1.0,PF,235,2,2,pass,1,1,0.6682329,0.6682329,0.20650832,0.20650832,0.025042687,0.025042687,21.0,29.0,21.0,29.0
0.25,1.0,PF,236,2,2,pass,1,1,0.65129316,0.65129316,0.21678324,0.21678324,0.023225917,0.023225917,21.0,29.0,21.0,29.0
0.25,1.0,PF,237,2,2,pass,1,1,0.6677499,0.6677499,0.20378518,0.20378518,0.02274346,0.02274346,21.0,29.0,21.0,29.0
0.25,1.0,PF,238,2,2,pass,1,1,0.6677499,0.6677499,0.20378518,0.20378518,0.02274346,0.02274346,21.0,29.0,21.0,29.0
0.25,1.0,PF,239,2,2,pass,1,1,0.6374081,0.6374081,0.21929021,0.21929021,0.023887053,0.023887053,21.0,29.0,21.0,29.0
0.25,1.0,PF,240,2,2,pass,1,1,0.6677499,0.6677499,0.20378518,0.20378518,0.02274346,0.02274346,21.0,29.0,21.0,29.0
0.25,1.0,PF,241,2,2,pass,1,1,0.6677499,0.6677499,0.20378518,0.20378518,0.02274346,0.02274346,21.0,29.0,21.0,29.0
0.25,1.0,PF,242,2,2,pass,1,1,0.6677499,0.6677499,0.20378518,0.20378518,0.02274346,0.02274346,21.0,29.0,21.0,29.0
0.25,1.0,PF,243,2,2,pass,1,1,0.6677499,0.6677499,0.20378518,0.20378518,0.02274346,0.02274346,21.0,29.0,21.0,29.0
0.25,1.0,PF,244,2,2,pass,1,1,0.6677499,0.6677499,0.20378518,0.20378518,0.02274346,0.02274346,21.0,29.0,21.0,29.0
0.25,1.0,PF,245,2,2,pass,1,1,0.6677499,0.6677499,0.20378518,0.20378518,0.02274346,0.02274346,21.0,29.0,21.0,29.0
0.25,1.0,PF,246,2,2,pass,1,1,0.6677499,0.6677499,0.20378518,0.20378518,0.02274346,0.02274346,21.0,29.0,21.0,29.0
0.25,1.0,PF,247,2,3,shield_to_safe,1,1,0.6677499,0.72676647,0.20378518,0.16350773,0.02274346,0.021733325,21.0,29.0,30.0,20.0
0.25,1.0,PF,248,2,2,pass,1,1,0.6677499,0.6677499,0.20378518,0.20378518,0.02274346,0.02274346,21.0,29.0,21.0,29.0
0.25,1.0,PF,249,2,2,pass,1,1,0.6677499,0.6677499,0.20378518,0.20378518,0.02274346,0.02274346,21.0,29.0,21.0,29.0
0.25,1.0,PF,250,2,2,pass,1,1,0.6677499,0.6677499,0.20378518,0.20378518,0.02274346,0.02274346,21.0,29.0,21.0,29.0
0.25,1.0,PF,251,2,2,pass,1,1,0.6677499,0.6677499,0.20378518,0.20378518,0.02274346,0.02274346,21.0,29.0,21.0,29.0
0.25,1.0,PF,252,2,2,pass,1,1,0.6677499,0.6677499,0.20378518,0.20378518,0.02274346,0.02274346,21.0,29.0,21.0,29.0
0.25,1.0,PF,253,2,2,pass,1,1,0.6682329,0.6682329,0.20650832,0.20650832,0.025042687,0.025042687,21.0,29.0,21.0,29.0
0.25,1.0,PF,254,2,2,pass,1,1,0.65129316,0.65129316,0.21678324,0.21678324,0.023225917,0.023225917,21.0,29.0,21.0,29.0
0.25,1.0,PF,255,2,2,pass,1,1,0.6677499,0.6677499,0.20378518,0.20378518,0.02274346,0.02274346,21.0,29.0,21.0,29.0
0.25,1.0,PF,256,2,2,pass,1,1,0.6677499,0.6677499,0.20378518,0.20378518,0.02274346,0.02274346,21.0,29.0,21.0,29.0
0.25,1.0,PF,257,2,2,pass,1,1,0.6677499,0.6677499,0.20378518,0.20378518,0.02274346,0.02274346,21.0,29.0,21.0,29.0
0.25,1.0,PF,258,2,2,pass,1,1,0.6677499,0.6677499,0.20378518,0.20378518,0.02274346,0.02274346,21.0,29.0,21.0,29.0
0.25,1.0,PF,259,2,2,pass,1,1,0.6677499,0.6677499,0.20378518,0.20378518,0.02274346,0.02274346,21.0,29.0,21.0,29.0
0.25,1.0,PF,260,2,2,pass,1,1,0.6682329,0.6682329,0.20650832,0.20650832,0.025042687,0.025042687,21.0,29.0,21.0,29.0
0.25,1.0,PF,261,2,2,pass,1,1,0.6677499,0.6677499,0.20378518,0.20378518,0.02274346,0.02274346,21.0,29.0,21.0,29.0
0.25,1.0,PF,262,2,2,pass,1,1,0.6677499,0.6677499,0.20378518,0.20378518,0.02274346,0.02274346,21.0,29.0,21.0,29.0
0.25,1.0,PF,263,2,2,pass,1,1,0.6677499,0.6677499,0.20378518,0.20378518,0.02274346,0.02274346,21.0,29.0,21.0,29.0
0.25,1.0,PF,264,2,2,pass,1,1,0.6677499,0.6677499,0.20378518,0.20378518,0.02274346,0.02274346,21.0,29.0,21.0,29.0
0.25,1.0,PF,265,2,2,pass,1,1,0.6677499,0.6677499,0.20378518,0.20378518,0.02274346,0.02274346,21.0,29.0,21.0,29.0
0.25,1.0,PF,266,2,2,pass,1,1,0.6506768,0.6506768,0.24160099,0.24160099,0.021516193,0.021516193,21.0,29.0,21.0,29.0
0.25,1.0,PF,267,2,2,pass,1,1,0.6677499,0.6677499,0.20378518,0.20378518,0.02274346,0.02274346,21.0,29.0,21.0,29.0
0.25,1.0,PF,268,2,2,pass,1,1,0.6677499,0.6677499,0.20378518,0.20378518,0.02274346,0.02274346,21.0,29.0,21.0,29.0
0.25,1.0,PF,269,2,2,pass,1,1,0.65129316,0.65129316,0.21678324,0.21678324,0.023225917,0.023225917,21.0,29.0,21.0,29.0
0.25,1.0,PF,270,2,2,pass,1,1,0.6677499,0.6677499,0.20378518,0.20378518,0.02274346,0.02274346,21.0,29.0,21.0,29.0
0.25,1.0,PF,271,2,2,pass,1,1,0.6677499,0.6677499,0.20378518,0.20378518,0.02274346,0.02274346,21.0,29.0,21.0,29.0
0.25,1.0,PF,272,2,3,shield_to_safe,1,1,0.6677499,0.72676647,0.20378518,0.16350773,0.02274346,0.021733325,21.0,29.0,30.0,20.0
0.25,1.0,PF,273,2,2,pass,1,1,0.6780778,0.6780778,0.173598,0.173598,0.012475382,0.012475382,21.0,29.0,21.0,29.0
0.25,1.0,PF,274,2,2,pass,1,1,0.6677499,0.6677499,0.20378518,0.20378518,0.02274346,0.02274346,21.0,29.0,21.0,29.0
0.25,1.0,PF,275,2,2,pass,1,1,0.6677499,0.6677499,0.20378518,0.20378518,0.02274346,0.02274346,21.0,29.0,21.0,29.0
0.25,1.0,PF,276,2,2,pass,1,1,0.6677499,0.6677499,0.20378518,0.20378518,0.02274346,0.02274346,21.0,29.0,21.0,29.0
0.25,1.0,PF,277,2,2,pass,1,1,0.6677499,0.6677499,0.20378518,0.20378518,0.02274346,0.02274346,21.0,29.0,21.0,29.0
0.25,1.0,PF,278,2,2,pass,1,1,0.6677499,0.6677499,0.20378518,0.20378518,0.02274346,0.02274346,21.0,29.0,21.0,29.0
0.25,1.0,PF,279,2,2,pass,1,1,0.6677499,0.6677499,0.20378518,0.20378518,0.02274346,0.02274346,21.0,29.0,21.0,29.0
0.25,1.0,PF,280,2,2,pass,1,1,0.6677499,0.6677499,0.20378518,0.20378518,0.02274346,0.02274346,21.0,29.0,21.0,29.0
0.25,1.0,PF,281,2,2,pass,1,1,0.6677499,0.6677499,0.20378518,0.20378518,0.02274346,0.02274346,21.0,29.0,21.0,29.0
0.25,1.0,PF,282,2,2,pass,1,1,0.6677499,0.6677499,0.20378518,0.20378518,0.02274346,0.02274346,21.0,29.0,21.0,29.0
0.25,1.0,PF,283,2,2,pass,1,1,0.65129316,0.65129316,0.21678324,0.21678324,0.023225917,0.023225917,21.0,29.0,21.0,29.0
0.25,1.0,PF,284,2,2,pass,1,1,0.65129316,0.65129316,0.21678324,0.21678324,0.023225917,0.023225917,21.0,29.0,21.0,29.0
0.25,1.0,PF,285,2,2,pass,1,1,0.6677499,0.6677499,0.20378518,0.20378518,0.02274346,0.02274346,21.0,29.0,21.0,29.0
0.25,1.0,PF,286,2,2,pass,1,1,0.6677499,0.6677499,0.20378518,0.20378518,0.02274346,0.02274346,21.0,29.0,21.0,29.0
0.25,1.0,PF,287,2,2,pass,1,1,0.6677499,0.6677499,0.20378518,0.20378518,0.02274346,0.02274346,21.0,29.0,21.0,29.0
0.25,1.0,PF,288,2,2,pass,1,1,0.6677499,0.6677499,0.20378518,0.20378518,0.02274346,0.02274346,21.0,29.0,21.0,29.0
0.25,1.0,PF,289,2,2,pass,1,1,0.65129316,0.65129316,0.21678324,0.21678324,0.023225917,0.023225917,21.0,29.0,21.0,29.0
0.25,1.0,PF,290,2,2,pass,1,1,0.6677499,0.6677499,0.20378518,0.20378518,0.02274346,0.02274346,21.0,29.0,21.0,29.0
0.25,1.0,PF,291,2,2,pass,1,1,0.6677499,0.6677499,0.20378518,0.20378518,0.02274346,0.02274346,21.0,29.0,21.0,29.0
0.25,1.0,PF,292,2,2,pass,1,1,0.6677499,0.6677499,0.20378518,0.20378518,0.02274346,0.02274346,21.0,29.0,21.0,29.0
0.25,1.0,PF,293,2,2,pass,1,1,0.6677499,0.6677499,0.20378518,0.20378518,0.02274346,0.02274346,21.0,29.0,21.0,29.0
0.25,1.0,PF,294,2,2,pass,1,1,0.6677499,0.6677499,0.20378518,0.20378518,0.02274346,0.02274346,21.0,29.0,21.0,29.0
0.25,1.0,PF,295,2,2,pass,1,1,0.6677499,0.6677499,0.20378518,0.20378518,0.02274346,0.02274346,21.0,29.0,21.0,29.0
0.25,1.0,PF,296,2,2,pass,1,1,0.65129316,0.65129316,0.21678324,0.21678324,0.023225917,0.023225917,21.0,29.0,21.0,29.0
0.25,1.0,PF,297,2,2,pass,1,1,0.6677499,0.6677499,0.20378518,0.20378518,0.02274346,0.02274346,21.0,29.0,21.0,29.0
0.25,1.0,PF,298,2,2,pass,1,1,0.6677499,0.6677499,0.20378518,0.20378518,0.02274346,0.02274346,21.0,29.0,21.0,29.0
0.25,1.0,PF,299,2,2,pass,1,1,0.6677499,0.6677499,0.20378518,0.20378518,0.02274346,0.02274346,21.0,29.0,21.0,29.0
0.25,1.0,PF,300,2,2,pass,1,1,0.6677499,0.6677499,0.20378518,0.20378518,0.02274346,0.02274346,21.0,29.0,21.0,29.0
0.25,1.0,PF,301,2,3,shield_to_safe,1,1,0.7186651,0.72676647,0.16434994,0.16350773,0.025743317,0.021733325,21.0,29.0,30.0,20.0
0.25,1.0,PF,302,2,2,pass,1,1,0.6677499,0.6677499,0.20378518,0.20378518,0.02274346,0.02274346,21.0,29.0,21.0,29.0
0.25,1.0,PF,303,2,2,pass,1,1,0.6677499,0.6677499,0.20378518,0.20378518,0.02274346,0.02274346,21.0,29.0,21.0,29.0
0.25,1.0,PF,304,2,2,pass,1,1,0.6677499,0.6677499,0.20378518,0.20378518,0.02274346,0.02274346,21.0,29.0,21.0,29.0
0.25,1.0,PF,305,2,2,pass,1,1,0.6677499,0.6677499,0.20378518,0.20378518,0.02274346,0.02274346,21.0,29.0,21.0,29.0
0.25,1.0,PF,306,2,2,pass,1,1,0.6677499,0.6677499,0.20378518,0.20378518,0.02274346,0.02274346,21.0,29.0,21.0,29.0
0.25,1.0,PF,307,2,2,pass,1,1,0.6677499,0.6677499,0.20378518,0.20378518,0.02274346,0.02274346,21.0,29.0,21.0,29.0
0.25,1.0,PF,308,2,2,pass,1,1,0.6677499,0.6677499,0.20378518,0.20378518,0.02274346,0.02274346,21.0,29.0,21.0,29.0
0.25,1.0,PF,309,2,2,pass,1,1,0.6677499,0.6677499,0.20378518,0.20378518,0.02274346,0.02274346,21.0,29.0,21.0,29.0
0.25,1.0,PF,310,2,2,pass,1,1,0.6677499,0.6677499,0.20378518,0.20378518,0.02274346,0.02274346,21.0,29.0,21.0,29.0
0.25,1.0,PF,311,2,2,pass,1,1,0.6677499,0.6677499,0.20378518,0.20378518,0.02274346,0.02274346,21.0,29.0,21.0,29.0
0.25,1.0,PF,312,2,2,pass,1,1,0.6677499,0.6677499,0.20378518,0.20378518,0.02274346,0.02274346,21.0,29.0,21.0,29.0
0.25,1.0,PF,313,2,2,pass,1,1,0.6677499,0.6677499,0.20378518,0.20378518,0.02274346,0.02274346,21.0,29.0,21.0,29.0
0.25,1.0,PF,314,2,2,pass,1,1,0.6677499,0.6677499,0.20378518,0.20378518,0.02274346,0.02274346,21.0,29.0,21.0,29.0
0.25,1.0,PF,315,2,2,pass,1,1,0.6677499,0.6677499,0.20378518,0.20378518,0.02274346,0.02274346,21.0,29.0,21.0,29.0
0.25,1.0,PF,316,2,2,pass,1,1,0.6677499,0.6677499,0.20378518,0.20378518,0.02274346,0.02274346,21.0,29.0,21.0,29.0
0.25,1.0,PF,317,2,2,pass,1,1,0.6677499,0.6677499,0.20378518,0.20378518,0.02274346,0.02274346,21.0,29.0,21.0,29.0
0.25,1.0,PF,318,2,2,pass,1,1,0.6677499,0.6677499,0.20378518,0.20378518,0.02274346,0.02274346,21.0,29.0,21.0,29.0
0.25,1.0,PF,319,2,3,shield_to_safe,1,1,0.6677499,0.7122782,0.20378518,0.19312054,0.02274346,0.016928054,21.0,29.0,30.0,20.0
0.25,1.0,PF,320,2,2,pass,1,1,0.6677499,0.6677499,0.20378518,0.20378518,0.02274346,0.02274346,21.0,29.0,21.0,29.0
0.25,1.0,PF,321,2,2,pass,1,1,0.6677499,0.6677499,0.20378518,0.20378518,0.02274346,0.02274346,21.0,29.0,21.0,29.0
0.25,1.0,PF,322,2,2,pass,1,1,0.6677499,0.6677499,0.20378518,0.20378518,0.02274346,0.02274346,21.0,29.0,21.0,29.0
0.25,1.0,PF,323,2,2,pass,1,1,0.6682329,0.6682329,0.20650832,0.20650832,0.025042687,0.025042687,21.0,29.0,21.0,29.0
0.25,1.0,PF,324,2,2,pass,1,1,0.6677499,0.6677499,0.20378518,0.20378518,0.02274346,0.02274346,21.0,29.0,21.0,29.0
0.25,1.0,PF,325,2,2,pass,1,1,0.6682329,0.6682329,0.20650832,0.20650832,0.025042687,0.025042687,21.0,29.0,21.0,29.0
0.25,1.0,PF,326,2,2,pass,1,1,0.6677499,0.6677499,0.20378518,0.20378518,0.02274346,0.02274346,21.0,29.0,21.0,29.0
0.25,1.0,PF,327,2,2,pass,1,1,0.6677499,0.6677499,0.20378518,0.20378518,0.02274346,0.02274346,21.0,29.0,21.0,29.0
0.25,1.0,PF,328,2,2,pass,1,1,0.6677499,0.6677499,0.20378518,0.20378518,0.02274346,0.02274346,21.0,29.0,21.0,29.0
0.25,1.0,PF,329,2,2,pass,1,1,0.6677499,0.6677499,0.20378518,0.20378518,0.02274346,0.02274346,21.0,29.0,21.0,29.0
0.25,1.0,PF,330,2,2,pass,1,1,0.6677499,0.6677499,0.20378518,0.20378518,0.02274346,0.02274346,21.0,29.0,21.0,29.0
0.25,1.0,PF,331,2,2,pass,1,1,0.6677499,0.6677499,0.20378518,0.20378518,0.02274346,0.02274346,21.0,29.0,21.0,29.0
0.25,1.0,PF,332,2,2,pass,1,1,0.6677499,0.6677499,0.20378518,0.20378518,0.02274346,0.02274346,21.0,29.0,21.0,29.0
0.25,1.0,PF,333,2,2,pass,1,1,0.65129316,0.65129316,0.21678324,0.21678324,0.023225917,0.023225917,21.0,29.0,21.0,29.0
0.25,1.0,PF,334,2,2,pass,1,1,0.6677499,0.6677499,0.20378518,0.20378518,0.02274346,0.02274346,21.0,29.0,21.0,29.0
0.25,1.0,PF,335,2,2,pass,1,1,0.6677499,0.6677499,0.20378518,0.20378518,0.02274346,0.02274346,21.0,29.0,21.0,29.0
0.25,1.0,PF,336,2,2,pass,1,1,0.6677499,0.6677499,0.20378518,0.20378518,0.02274346,0.02274346,21.0,29.0,21.0,29.0
0.25,1.0,PF,337,2,2,pass,1,1,0.6780778,0.6780778,0.173598,0.173598,0.012475382,0.012475382,21.0,29.0,21.0,29.0
0.25,1.0,PF,338,2,2,pass,1,1,0.65129316,0.65129316,0.21678324,0.21678324,0.023225917,0.023225917,21.0,29.0,21.0,29.0
0.25,1.0,PF,339,2,2,pass,1,1,0.7186651,0.7186651,0.16434994,0.16434994,0.025743317,0.025743317,21.0,29.0,21.0,29.0
0.25,1.0,PF,340,2,2,pass,1,1,0.6677499,0.6677499,0.20378518,0.20378518,0.02274346,0.02274346,21.0,29.0,21.0,29.0
0.25,1.0,PF,341,2,2,pass,1,1,0.6677499,0.6677499,0.20378518,0.20378518,0.02274346,0.02274346,21.0,29.0,21.0,29.0
0.25,1.0,PF,342,2,2,pass,1,1,0.6677499,0.6677499,0.20378518,0.20378518,0.02274346,0.02274346,21.0,29.0,21.0,29.0
0.25,1.0,PF,343,2,2,pass,1,1,0.6677499,0.6677499,0.20378518,0.20378518,0.02274346,0.02274346,21.0,29.0,21.0,29.0
0.25,1.0,PF,344,2,2,pass,1,1,0.6677499,0.6677499,0.20378518,0.20378518,0.02274346,0.02274346,21.0,29.0,21.0,29.0
0.25,1.0,PF,345,2,2,pass,1,1,0.6677499,0.6677499,0.20378518,0.20378518,0.02274346,0.02274346,21.0,29.0,21.0,29.0
0.25,1.0,PF,346,2,2,pass,1,1,0.6682329,0.6682329,0.20650832,0.20650832,0.025042687,0.025042687,21.0,29.0,21.0,29.0
0.25,1.0,PF,347,2,2,pass,1,1,0.6677499,0.6677499,0.20378518,0.20378518,0.02274346,0.02274346,21.0,29.0,21.0,29.0
0.25,1.0,PF,348,2,2,pass,1,1,0.6677499,0.6677499,0.20378518,0.20378518,0.02274346,0.02274346,21.0,29.0,21.0,29.0
0.25,1.0,PF,349,2,2,pass,1,1,0.65129316,0.65129316,0.21678324,0.21678324,0.023225917,0.023225917,21.0,29.0,21.0,29.0
0.25,1.0,PF,350,2,2,pass,1,1,0.65129316,0.65129316,0.21678324,0.21678324,0.023225917,0.023225917,21.0,29.0,21.0,29.0
0.25,1.0,PF,351,2,2,pass,1,1,0.6677499,0.6677499,0.20378518,0.20378518,0.02274346,0.02274346,21.0,29.0,21.0,29.0
0.25,1.0,PF,352,2,2,pass,1,1,0.6677499,0.6677499,0.20378518,0.20378518,0.02274346,0.02274346,21.0,29.0,21.0,29.0
0.25,1.0,PF,353,2,2,pass,1,1,0.6682329,0.6682329,0.20650832,0.20650832,0.025042687,0.025042687,21.0,29.0,21.0,29.0
0.25,1.0,PF,354,2,2,pass,1,1,0.6677499,0.6677499,0.20378518,0.20378518,0.02274346,0.02274346,21.0,29.0,21.0,29.0
0.25,1.0,PF,355,2,2,pass,1,1,0.6677499,0.6677499,0.20378518,0.20378518,0.02274346,0.02274346,21.0,29.0,21.0,29.0
0.25,1.0,PF,356,2,2,pass,1,1,0.6677499,0.6677499,0.20378518,0.20378518,0.02274346,0.02274346,21.0,29.0,21.0,29.0
0.25,1.0,PF,357,2,2,pass,1,1,0.6677499,0.6677499,0.20378518,0.20378518,0.02274346,0.02274346,21.0,29.0,21.0,29.0
0.25,1.0,PF,358,2,2,pass,1,1,0.6677499,0.6677499,0.20378518,0.20378518,0.02274346,0.02274346,21.0,29.0,21.0,29.0
0.25,1.0,PF,359,2,2,pass,1,1,0.6677499,0.6677499,0.20378518,0.20378518,0.02274346,0.02274346,21.0,29.0,21.0,29.0
0.25,1.0,PF,360,2,2,pass,1,1,0.6677499,0.6677499,0.20378518,0.20378518,0.02274346,0.02274346,21.0,29.0,21.0,29.0
0.25,1.0,PF,361,2,2,pass,1,1,0.6682329,0.6682329,0.20650832,0.20650832,0.025042687,0.025042687,21.0,29.0,21.0,29.0
0.25,1.0,PF,362,2,2,pass,1,1,0.6677499,0.6677499,0.20378518,0.20378518,0.02274346,0.02274346,21.0,29.0,21.0,29.0
0.25,1.0,PF,363,2,2,pass,1,1,0.6677499,0.6677499,0.20378518,0.20378518,0.02274346,0.02274346,21.0,29.0,21.0,29.0
0.25,1.0,PF,364,2,2,pass,1,1,0.6677499,0.6677499,0.20378518,0.20378518,0.02274346,0.02274346,21.0,29.0,21.0,29.0
0.25,1.0,PF,365,2,2,pass,1,1,0.6677499,0.6677499,0.20378518,0.20378518,0.02274346,0.02274346,21.0,29.0,21.0,29.0
0.25,1.0,PF,366,2,2,pass,1,1,0.6677499,0.6677499,0.20378518,0.20378518,0.02274346,0.02274346,21.0,29.0,21.0,29.0
0.25,1.0,PF,367,2,2,pass,1,1,0.6682329,0.6682329,0.20650832,0.20650832,0.025042687,0.025042687,21.0,29.0,21.0,29.0
0.25,1.0,PF,368,2,2,pass,1,1,0.6677499,0.6677499,0.20378518,0.20378518,0.02274346,0.02274346,21.0,29.0,21.0,29.0
0.25,1.0,PF,369,2,2,pass,1,1,0.6677499,0.6677499,0.20378518,0.20378518,0.02274346,0.02274346,21.0,29.0,21.0,29.0
0.25,1.0,PF,370,2,2,pass,1,1,0.6677499,0.6677499,0.20378518,0.20378518,0.02274346,0.02274346,21.0,29.0,21.0,29.0
0.25,1.0,PF,371,2,2,pass,1,1,0.6677499,0.6677499,0.20378518,0.20378518,0.02274346,0.02274346,21.0,29.0,21.0,29.0
0.25,1.0,PF,372,2,2,pass,1,1,0.6677499,0.6677499,0.20378518,0.20378518,0.02274346,0.02274346,21.0,29.0,21.0,29.0
0.25,1.0,PF,373,2,2,pass,1,1,0.6682329,0.6682329,0.20650832,0.20650832,0.025042687,0.025042687,21.0,29.0,21.0,29.0
0.25,1.0,PF,374,2,2,pass,1,1,0.6677499,0.6677499,0.20378518,0.20378518,0.02274346,0.02274346,21.0,29.0,21.0,29.0
0.25,1.0,PF,375,2,2,pass,1,1,0.6677499,0.6677499,0.20378518,0.20378518,0.02274346,0.02274346,21.0,29.0,21.0,29.0
0.25,1.0,PF,376,2,2,pass,1,1,0.6677499,0.6677499,0.20378518,0.20378518,0.02274346,0.02274346,21.0,29.0,21.0,29.0
0.25,1.0,PF,377,2,2,pass,1,1,0.6677499,0.6677499,0.20378518,0.20378518,0.02274346,0.02274346,21.0,29.0,21.0,29.0
0.25,1.0,PF,378,2,2,pass,1,1,0.6677499,0.6677499,0.20378518,0.20378518,0.02274346,0.02274346,21.0,29.0,21.0,29.0
0.25,1.0,PF,379,2,2,pass,1,1,0.7186651,0.7186651,0.16434994,0.16434994,0.025743317,0.025743317,21.0,29.0,21.0,29.0
0.25,1.0,PF,380,2,2,pass,1,1,0.6677499,0.6677499,0.20378518,0.20378518,0.02274346,0.02274346,21.0,29.0,21.0,29.0
0.25,1.0,PF,381,2,2,pass,1,1,0.6682329,0.6682329,0.20650832,0.20650832,0.025042687,0.025042687,21.0,29.0,21.0,29.0
0.25,1.0,PF,382,2,2,pass,1,1,0.6677499,0.6677499,0.20378518,0.20378518,0.02274346,0.02274346,21.0,29.0,21.0,29.0
0.25,1.0,PF,383,2,2,pass,1,1,0.6677499,0.6677499,0.20378518,0.20378518,0.02274346,0.02274346,21.0,29.0,21.0,29.0
0.25,1.0,PF,384,2,2,pass,1,1,0.6780778,0.6780778,0.173598,0.173598,0.012475382,0.012475382,21.0,29.0,21.0,29.0
0.25,1.0,PF,385,2,2,pass,1,1,0.6677499,0.6677499,0.20378518,0.20378518,0.02274346,0.02274346,21.0,29.0,21.0,29.0
0.25,1.0,PF,386,2,2,pass,1,1,0.6677499,0.6677499,0.20378518,0.20378518,0.02274346,0.02274346,21.0,29.0,21.0,29.0
0.25,1.0,PF,387,2,2,pass,1,1,0.65129316,0.65129316,0.21678324,0.21678324,0.023225917,0.023225917,21.0,29.0,21.0,29.0
0.25,1.0,PF,388,2,2,pass,1,1,0.7186651,0.7186651,0.16434994,0.16434994,0.025743317,0.025743317,21.0,29.0,21.0,29.0
0.25,1.0,PF,389,2,2,pass,1,1,0.6506768,0.6506768,0.24160099,0.24160099,0.021516193,0.021516193,21.0,29.0,21.0,29.0
0.25,1.0,PF,390,2,2,pass,1,1,0.6677499,0.6677499,0.20378518,0.20378518,0.02274346,0.02274346,21.0,29.0,21.0,29.0
0.25,1.0,PF,391,2,2,pass,1,1,0.6682329,0.6682329,0.20650832,0.20650832,0.025042687,0.025042687,21.0,29.0,21.0,29.0
0.25,1.0,PF,392,2,2,pass,1,1,0.6677499,0.6677499,0.20378518,0.20378518,0.02274346,0.02274346,21.0,29.0,21.0,29.0
0.25,1.0,PF,393,2,2,pass,1,1,0.6677499,0.6677499,0.20378518,0.20378518,0.02274346,0.02274346,21.0,29.0,21.0,29.0
0.25,1.0,PF,394,2,2,pass,1,1,0.6677499,0.6677499,0.20378518,0.20378518,0.02274346,0.02274346,21.0,29.0,21.0,29.0
0.25,1.0,PF,395,2,2,pass,1,1,0.6677499,0.6677499,0.20378518,0.20378518,0.02274346,0.02274346,21.0,29.0,21.0,29.0
0.25,1.0,PF,396,2,2,pass,1,1,0.6374081,0.6374081,0.21929021,0.21929021,0.023887053,0.023887053,21.0,29.0,21.0,29.0
0.25,1.0,PF,397,2,2,pass,1,1,0.6677499,0.6677499,0.20378518,0.20378518,0.02274346,0.02274346,21.0,29.0,21.0,29.0
0.25,1.0,PF,398,2,2,pass,1,1,0.6677499,0.6677499,0.20378518,0.20378518,0.02274346,0.02274346,21.0,29.0,21.0,29.0
0.25,1.0,PF,399,2,2,pass,1,1,0.6677499,0.6677499,0.20378518,0.20378518,0.02274346,0.02274346,21.0,29.0,21.0,29.0
0.25,1.0,PF,400,2,2,pass,1,1,0.6677499,0.6677499,0.20378518,0.20378518,0.02274346,0.02274346,21.0,29.0,21.0,29.0
0.25,1.0,PF,401,2,2,pass,1,1,0.6677499,0.6677499,0.20378518,0.20378518,0.02274346,0.02274346,21.0,29.0,21.0,29.0
0.25,1.0,PF,402,2,2,pass,1,1,0.6677499,0.6677499,0.20378518,0.20378518,0.02274346,0.02274346,21.0,29.0,21.0,29.0
0.25,1.0,PF,403,2,2,pass,1,1,0.65129316,0.65129316,0.21678324,0.21678324,0.023225917,0.023225917,21.0,29.0,21.0,29.0
0.25,1.0,PF,404,2,2,pass,1,1,0.6677499,0.6677499,0.20378518,0.20378518,0.02274346,0.02274346,21.0,29.0,21.0,29.0
0.25,1.0,PF,405,2,2,pass,1,1,0.6677499,0.6677499,0.20378518,0.20378518,0.02274346,0.02274346,21.0,29.0,21.0,29.0
0.25,1.0,PF,406,2,2,pass,1,1,0.6677499,0.6677499,0.20378518,0.20378518,0.02274346,0.02274346,21.0,29.0,21.0,29.0
0.25,1.0,PF,407,2,3,shield_to_safe,1,1,0.6677499,0.72676647,0.20378518,0.16350773,0.02274346,0.021733325,21.0,29.0,30.0,20.0
0.25,1.0,PF,408,2,2,pass,1,1,0.6677499,0.6677499,0.20378518,0.20378518,0.02274346,0.02274346,21.0,29.0,21.0,29.0
0.25,1.0,PF,409,2,2,pass,1,1,0.6677499,0.6677499,0.20378518,0.20378518,0.02274346,0.02274346,21.0,29.0,21.0,29.0
0.25,1.0,PF,410,2,2,pass,1,1,0.7186651,0.7186651,0.16434994,0.16434994,0.025743317,0.025743317,21.0,29.0,21.0,29.0
0.25,1.0,PF,411,2,2,pass,1,1,0.6677499,0.6677499,0.20378518,0.20378518,0.02274346,0.02274346,21.0,29.0,21.0,29.0
0.25,1.0,PF,412,2,2,pass,1,1,0.6780778,0.6780778,0.173598,0.173598,0.012475382,0.012475382,21.0,29.0,21.0,29.0
0.25,1.0,PF,413,2,2,pass,1,1,0.6506768,0.6506768,0.24160099,0.24160099,0.021516193,0.021516193,21.0,29.0,21.0,29.0
0.25,1.0,PF,414,2,2,pass,1,1,0.6677499,0.6677499,0.20378518,0.20378518,0.02274346,0.02274346,21.0,29.0,21.0,29.0
0.25,1.0,PF,415,2,2,pass,1,1,0.6677499,0.6677499,0.20378518,0.20378518,0.02274346,0.02274346,21.0,29.0,21.0,29.0
0.25,1.0,PF,416,2,2,pass,1,1,0.6677499,0.6677499,0.20378518,0.20378518,0.02274346,0.02274346,21.0,29.0,21.0,29.0
0.25,1.0,PF,417,2,2,pass,1,1,0.6677499,0.6677499,0.20378518,0.20378518,0.02274346,0.02274346,21.0,29.0,21.0,29.0
0.25,1.0,PF,418,2,2,pass,1,1,0.6677499,0.6677499,0.20378518,0.20378518,0.02274346,0.02274346,21.0,29.0,21.0,29.0
0.25,1.0,PF,419,2,2,pass,1,1,0.6677499,0.6677499,0.20378518,0.20378518,0.02274346,0.02274346,21.0,29.0,21.0,29.0
0.25,1.0,PF,420,2,2,pass,1,1,0.6677499,0.6677499,0.20378518,0.20378518,0.02274346,0.02274346,21.0,29.0,21.0,29.0
0.25,1.0,PF,421,2,2,pass,1,1,0.6780778,0.6780778,0.173598,0.173598,0.012475382,0.012475382,21.0,29.0,21.0,29.0
0.25,1.0,PF,422,2,2,pass,1,1,0.6677499,0.6677499,0.20378518,0.20378518,0.02274346,0.02274346,21.0,29.0,21.0,29.0
0.25,1.0,PF,423,2,2,pass,1,1,0.6677499,0.6677499,0.20378518,0.20378518,0.02274346,0.02274346,21.0,29.0,21.0,29.0
0.25,1.0,PF,424,2,2,pass,1,1,0.6677499,0.6677499,0.20378518,0.20378518,0.02274346,0.02274346,21.0,29.0,21.0,29.0
0.25,1.0,PF,425,2,2,pass,1,1,0.6677499,0.6677499,0.20378518,0.20378518,0.02274346,0.02274346,21.0,29.0,21.0,29.0
0.25,1.0,PF,426,2,2,pass,1,1,0.6677499,0.6677499,0.20378518,0.20378518,0.02274346,0.02274346,21.0,29.0,21.0,29.0
0.25,1.0,PF,427,2,2,pass,1,1,0.6677499,0.6677499,0.20378518,0.20378518,0.02274346,0.02274346,21.0,29.0,21.0,29.0
0.25,1.0,PF,428,2,2,pass,1,1,0.6677499,0.6677499,0.20378518,0.20378518,0.02274346,0.02274346,21.0,29.0,21.0,29.0
0.25,1.0,PF,429,2,2,pass,1,1,0.6677499,0.6677499,0.20378518,0.20378518,0.02274346,0.02274346,21.0,29.0,21.0,29.0
0.25,1.0,PF,430,2,2,pass,1,1,0.6677499,0.6677499,0.20378518,0.20378518,0.02274346,0.02274346,21.0,29.0,21.0,29.0
0.25,1.0,PF,431,2,2,pass,1,1,0.7186651,0.7186651,0.16434994,0.16434994,0.025743317,0.025743317,21.0,29.0,21.0,29.0
0.25,1.0,PF,432,2,2,pass,1,1,0.6677499,0.6677499,0.20378518,0.20378518,0.02274346,0.02274346,21.0,29.0,21.0,29.0
0.25,1.0,PF,433,2,2,pass,1,1,0.6677499,0.6677499,0.20378518,0.20378518,0.02274346,0.02274346,21.0,29.0,21.0,29.0
0.25,1.0,PF,434,2,2,pass,1,1,0.6677499,0.6677499,0.20378518,0.20378518,0.02274346,0.02274346,21.0,29.0,21.0,29.0
0.25,1.0,PF,435,2,2,pass,1,1,0.65129316,0.65129316,0.21678324,0.21678324,0.023225917,0.023225917,21.0,29.0,21.0,29.0
0.25,1.0,PF,436,2,2,pass,1,1,0.6677499,0.6677499,0.20378518,0.20378518,0.02274346,0.02274346,21.0,29.0,21.0,29.0
0.25,1.0,PF,437,2,2,pass,1,1,0.6677499,0.6677499,0.20378518,0.20378518,0.02274346,0.02274346,21.0,29.0,21.0,29.0
0.25,1.0,PF,438,2,2,pass,1,1,0.6677499,0.6677499,0.20378518,0.20378518,0.02274346,0.02274346,21.0,29.0,21.0,29.0
0.25,1.0,PF,439,2,2,pass,1,1,0.6780778,0.6780778,0.173598,0.173598,0.012475382,0.012475382,21.0,29.0,21.0,29.0
0.25,1.0,PF,440,2,2,pass,1,1,0.6677499,0.6677499,0.20378518,0.20378518,0.02274346,0.02274346,21.0,29.0,21.0,29.0
0.25,1.0,PF,441,2,2,pass,1,1,0.6677499,0.6677499,0.20378518,0.20378518,0.02274346,0.02274346,21.0,29.0,21.0,29.0
0.25,1.0,PF,442,2,2,pass,1,1,0.6677499,0.6677499,0.20378518,0.20378518,0.02274346,0.02274346,21.0,29.0,21.0,29.0
0.25,1.0,PF,443,2,2,pass,1,1,0.6677499,0.6677499,0.20378518,0.20378518,0.02274346,0.02274346,21.0,29.0,21.0,29.0
0.25,1.0,PF,444,2,2,pass,1,1,0.6677499,0.6677499,0.20378518,0.20378518,0.02274346,0.02274346,21.0,29.0,21.0,29.0
0.25,1.0,PF,445,2,2,pass,1,1,0.6677499,0.6677499,0.20378518,0.20378518,0.02274346,0.02274346,21.0,29.0,21.0,29.0
0.25,1.0,PF,446,2,2,pass,1,1,0.6677499,0.6677499,0.20378518,0.20378518,0.02274346,0.02274346,21.0,29.0,21.0,29.0
0.25,1.0,PF,447,2,2,pass,1,1,0.6677499,0.6677499,0.20378518,0.20378518,0.02274346,0.02274346,21.0,29.0,21.0,29.0
0.25,1.0,PF,448,2,2,pass,1,1,0.6677499,0.6677499,0.20378518,0.20378518,0.02274346,0.02274346,21.0,29.0,21.0,29.0
0.25,1.0,PF,449,2,2,pass,1,1,0.6677499,0.6677499,0.20378518,0.20378518,0.02274346,0.02274346,21.0,29.0,21.0,29.0
0.25,1.0,PF,450,2,2,pass,1,1,0.6780778,0.6780778,0.173598,0.173598,0.012475382,0.012475382,21.0,29.0,21.0,29.0
0.25,1.0,PF,451,2,2,pass,1,1,0.6677499,0.6677499,0.20378518,0.20378518,0.02274346,0.02274346,21.0,29.0,21.0,29.0
0.25,1.0,PF,452,2,2,pass,1,1,0.6677499,0.6677499,0.20378518,0.20378518,0.02274346,0.02274346,21.0,29.0,21.0,29.0
0.25,1.0,PF,453,2,2,pass,1,1,0.65129316,0.65129316,0.21678324,0.21678324,0.023225917,0.023225917,21.0,29.0,21.0,29.0
0.25,1.0,PF,454,2,2,pass,1,1,0.6677499,0.6677499,0.20378518,0.20378518,0.02274346,0.02274346,21.0,29.0,21.0,29.0
0.25,1.0,PF,455,2,2,pass,1,1,0.6677499,0.6677499,0.20378518,0.20378518,0.02274346,0.02274346,21.0,29.0,21.0,29.0
0.25,1.0,PF,456,2,2,pass,1,1,0.6677499,0.6677499,0.20378518,0.20378518,0.02274346,0.02274346,21.0,29.0,21.0,29.0
0.25,1.0,PF,457,2,2,pass,1,1,0.6677499,0.6677499,0.20378518,0.20378518,0.02274346,0.02274346,21.0,29.0,21.0,29.0
0.25,1.0,PF,458,2,2,pass,1,1,0.6677499,0.6677499,0.20378518,0.20378518,0.02274346,0.02274346,21.0,29.0,21.0,29.0
0.25,1.0,PF,459,2,2,pass,1,1,0.6677499,0.6677499,0.20378518,0.20378518,0.02274346,0.02274346,21.0,29.0,21.0,29.0
0.25,1.0,PF,460,2,2,pass,1,1,0.6677499,0.6677499,0.20378518,0.20378518,0.02274346,0.02274346,21.0,29.0,21.0,29.0
0.25,1.0,PF,461,2,2,pass,1,1,0.7186651,0.7186651,0.16434994,0.16434994,0.025743317,0.025743317,21.0,29.0,21.0,29.0
0.25,1.0,PF,462,2,2,pass,1,1,0.6677499,0.6677499,0.20378518,0.20378518,0.02274346,0.02274346,21.0,29.0,21.0,29.0
0.25,1.0,PF,463,2,2,pass,1,1,0.6677499,0.6677499,0.20378518,0.20378518,0.02274346,0.02274346,21.0,29.0,21.0,29.0
0.25,1.0,PF,464,2,2,pass,1,1,0.6677499,0.6677499,0.20378518,0.20378518,0.02274346,0.02274346,21.0,29.0,21.0,29.0
0.25,1.0,PF,465,2,2,pass,1,1,0.6677499,0.6677499,0.20378518,0.20378518,0.02274346,0.02274346,21.0,29.0,21.0,29.0
0.25,1.0,PF,466,2,2,pass,1,1,0.6677499,0.6677499,0.20378518,0.20378518,0.02274346,0.02274346,21.0,29.0,21.0,29.0
0.25,1.0,PF,467,2,2,pass,1,1,0.6677499,0.6677499,0.20378518,0.20378518,0.02274346,0.02274346,21.0,29.0,21.0,29.0
0.25,1.0,PF,468,2,2,pass,1,1,0.6682329,0.6682329,0.20650832,0.20650832,0.025042687,0.025042687,21.0,29.0,21.0,29.0
0.25,1.0,PF,469,2,2,pass,1,1,0.6677499,0.6677499,0.20378518,0.20378518,0.02274346,0.02274346,21.0,29.0,21.0,29.0
0.25,1.0,PF,470,2,2,pass,1,1,0.6677499,0.6677499,0.20378518,0.20378518,0.02274346,0.02274346,21.0,29.0,21.0,29.0
0.25,1.0,PF,471,2,2,pass,1,1,0.6677499,0.6677499,0.20378518,0.20378518,0.02274346,0.02274346,21.0,29.0,21.0,29.0
0.25,1.0,PF,472,2,2,pass,1,1,0.6682329,0.6682329,0.20650832,0.20650832,0.025042687,0.025042687,21.0,29.0,21.0,29.0
0.25,1.0,PF,473,2,2,pass,1,1,0.6506768,0.6506768,0.24160099,0.24160099,0.021516193,0.021516193,21.0,29.0,21.0,29.0
0.25,1.0,PF,474,2,2,pass,1,1,0.6677499,0.6677499,0.20378518,0.20378518,0.02274346,0.02274346,21.0,29.0,21.0,29.0
0.25,1.0,PF,475,2,2,pass,1,1,0.6677499,0.6677499,0.20378518,0.20378518,0.02274346,0.02274346,21.0,29.0,21.0,29.0
0.25,1.0,PF,476,2,2,pass,1,1,0.6677499,0.6677499,0.20378518,0.20378518,0.02274346,0.02274346,21.0,29.0,21.0,29.0
0.25,1.0,PF,477,2,2,pass,1,1,0.6677499,0.6677499,0.20378518,0.20378518,0.02274346,0.02274346,21.0,29.0,21.0,29.0
0.25,1.0,PF,478,2,2,pass,1,1,0.65129316,0.65129316,0.21678324,0.21678324,0.023225917,0.023225917,21.0,29.0,21.0,29.0
0.25,1.0,PF,479,2,2,pass,1,1,0.6677499,0.6677499,0.20378518,0.20378518,0.02274346,0.02274346,21.0,29.0,21.0,29.0
0.25,1.0,PF,480,2,2,pass,1,1,0.6677499,0.6677499,0.20378518,0.20378518,0.02274346,0.02274346,21.0,29.0,21.0,29.0
0.25,1.0,PF,481,2,2,pass,1,1,0.6677499,0.6677499,0.20378518,0.20378518,0.02274346,0.02274346,21.0,29.0,21.0,29.0
0.25,1.0,PF,482,2,2,pass,1,1,0.6677499,0.6677499,0.20378518,0.20378518,0.02274346,0.02274346,21.0,29.0,21.0,29.0
0.25,1.0,PF,483,2,2,pass,1,1,0.6677499,0.6677499,0.20378518,0.20378518,0.02274346,0.02274346,21.0,29.0,21.0,29.0
0.25,1.0,PF,484,2,2,pass,1,1,0.6677499,0.6677499,0.20378518,0.20378518,0.02274346,0.02274346,21.0,29.0,21.0,29.0
0.25,1.0,PF,485,2,2,pass,1,1,0.65129316,0.65129316,0.21678324,0.21678324,0.023225917,0.023225917,21.0,29.0,21.0,29.0
0.25,1.0,PF,486,2,2,pass,1,1,0.6677499,0.6677499,0.20378518,0.20378518,0.02274346,0.02274346,21.0,29.0,21.0,29.0
0.25,1.0,PF,487,2,2,pass,1,1,0.6682329,0.6682329,0.20650832,0.20650832,0.025042687,0.025042687,21.0,29.0,21.0,29.0
0.25,1.0,PF,488,2,2,pass,1,1,0.6780778,0.6780778,0.173598,0.173598,0.012475382,0.012475382,21.0,29.0,21.0,29.0
0.25,1.0,PF,489,2,2,pass,1,1,0.6677499,0.6677499,0.20378518,0.20378518,0.02274346,0.02274346,21.0,29.0,21.0,29.0
0.25,1.0,PF,490,2,2,pass,1,1,0.6677499,0.6677499,0.20378518,0.20378518,0.02274346,0.02274346,21.0,29.0,21.0,29.0
0.25,1.0,PF,491,2,2,pass,1,1,0.6677499,0.6677499,0.20378518,0.20378518,0.02274346,0.02274346,21.0,29.0,21.0,29.0
0.25,1.0,PF,492,2,2,pass,1,1,0.65129316,0.65129316,0.21678324,0.21678324,0.023225917,0.023225917,21.0,29.0,21.0,29.0
0.25,1.0,PF,493,2,2,pass,1,1,0.6677499,0.6677499,0.20378518,0.20378518,0.02274346,0.02274346,21.0,29.0,21.0,29.0
0.25,1.0,PF,494,2,2,pass,1,1,0.6677499,0.6677499,0.20378518,0.20378518,0.02274346,0.02274346,21.0,29.0,21.0,29.0
0.25,1.0,PF,495,2,2,pass,1,1,0.6677499,0.6677499,0.20378518,0.20378518,0.02274346,0.02274346,21.0,29.0,21.0,29.0
0.25,1.0,PF,496,2,2,pass,1,1,0.6677499,0.6677499,0.20378518,0.20378518,0.02274346,0.02274346,21.0,29.0,21.0,29.0
0.25,1.0,PF,497,2,2,pass,1,1,0.6677499,0.6677499,0.20378518,0.20378518,0.02274346,0.02274346,21.0,29.0,21.0,29.0
0.25,1.0,PF,498,2,2,pass,1,1,0.6677499,0.6677499,0.20378518,0.20378518,0.02274346,0.02274346,21.0,29.0,21.0,29.0
0.25,1.0,PF,499,2,2,pass,1,1,0.6677499,0.6677499,0.20378518,0.20378518,0.02274346,0.02274346,21.0,29.0,21.0,29.0
0.25,1.0,PF,500,2,2,pass,1,1,0.7186651,0.7186651,0.16434994,0.16434994,0.025743317,0.025743317,21.0,29.0,21.0,29.0
0.25,1.0,PF,501,2,2,pass,1,1,0.6677499,0.6677499,0.20378518,0.20378518,0.02274346,0.02274346,21.0,29.0,21.0,29.0
0.25,1.0,PF,502,2,2,pass,1,1,0.6677499,0.6677499,0.20378518,0.20378518,0.02274346,0.02274346,21.0,29.0,21.0,29.0
0.25,1.0,PF,503,2,2,pass,1,1,0.65129316,0.65129316,0.21678324,0.21678324,0.023225917,0.023225917,21.0,29.0,21.0,29.0
0.25,1.0,PF,504,2,2,pass,1,1,0.6677499,0.6677499,0.20378518,0.20378518,0.02274346,0.02274346,21.0,29.0,21.0,29.0
0.25,1.0,PF,505,2,2,pass,1,1,0.6677499,0.6677499,0.20378518,0.20378518,0.02274346,0.02274346,21.0,29.0,21.0,29.0
0.25,1.0,PF,506,2,2,pass,1,1,0.6677499,0.6677499,0.20378518,0.20378518,0.02274346,0.02274346,21.0,29.0,21.0,29.0
0.25,1.0,PF,507,2,2,pass,1,1,0.6682329,0.6682329,0.20650832,0.20650832,0.025042687,0.025042687,21.0,29.0,21.0,29.0
0.25,1.0,PF,508,2,2,pass,1,1,0.6677499,0.6677499,0.20378518,0.20378518,0.02274346,0.02274346,21.0,29.0,21.0,29.0
0.25,1.0,PF,509,2,2,pass,1,1,0.6677499,0.6677499,0.20378518,0.20378518,0.02274346,0.02274346,21.0,29.0,21.0,29.0
0.25,1.0,PF,510,2,3,shield_to_safe,1,1,0.6677499,0.72676647,0.20378518,0.16350773,0.02274346,0.021733325,21.0,29.0,30.0,20.0
0.25,1.0,PF,511,2,2,pass,1,1,0.6677499,0.6677499,0.20378518,0.20378518,0.02274346,0.02274346,21.0,29.0,21.0,29.0
0.25,1.0,PF,512,2,2,pass,1,1,0.65129316,0.65129316,0.21678324,0.21678324,0.023225917,0.023225917,21.0,29.0,21.0,29.0
0.25,1.0,PF,513,2,2,pass,1,1,0.6677499,0.6677499,0.20378518,0.20378518,0.02274346,0.02274346,21.0,29.0,21.0,29.0
0.25,1.0,PF,514,2,2,pass,1,1,0.6677499,0.6677499,0.20378518,0.20378518,0.02274346,0.02274346,21.0,29.0,21.0,29.0
0.25,1.0,PF,515,2,2,pass,1,1,0.6780778,0.6780778,0.173598,0.173598,0.012475382,0.012475382,21.0,29.0,21.0,29.0
0.25,1.0,PF,516,2,2,pass,1,1,0.6677499,0.6677499,0.20378518,0.20378518,0.02274346,0.02274346,21.0,29.0,21.0,29.0
0.25,1.0,PF,517,2,2,pass,1,1,0.6677499,0.6677499,0.20378518,0.20378518,0.02274346,0.02274346,21.0,29.0,21.0,29.0
0.25,1.0,PF,518,2,2,pass,1,1,0.6677499,0.6677499,0.20378518,0.20378518,0.02274346,0.02274346,21.0,29.0,21.0,29.0
0.25,1.0,PF,519,2,2,pass,1,1,0.6677499,0.6677499,0.20378518,0.20378518,0.02274346,0.02274346,21.0,29.0,21.0,29.0
0.25,1.0,PF,520,2,2,pass,1,1,0.6677499,0.6677499,0.20378518,0.20378518,0.02274346,0.02274346,21.0,29.0,21.0,29.0
0.25,1.0,PF,521,2,2,pass,1,1,0.6780778,0.6780778,0.173598,0.173598,0.012475382,0.012475382,21.0,29.0,21.0,29.0
0.25,1.0,PF,522,2,2,pass,1,1,0.6677499,0.6677499,0.20378518,0.20378518,0.02274346,0.02274346,21.0,29.0,21.0,29.0
0.25,1.0,PF,523,2,2,pass,1,1,0.6682329,0.6682329,0.20650832,0.20650832,0.025042687,0.025042687,21.0,29.0,21.0,29.0
0.25,1.0,PF,524,2,2,pass,1,1,0.6677499,0.6677499,0.20378518,0.20378518,0.02274346,0.02274346,21.0,29.0,21.0,29.0
0.25,1.0,PF,525,2,2,pass,1,1,0.6677499,0.6677499,0.20378518,0.20378518,0.02274346,0.02274346,21.0,29.0,21.0,29.0
0.25,1.0,PF,526,2,2,pass,1,1,0.6677499,0.6677499,0.20378518,0.20378518,0.02274346,0.02274346,21.0,29.0,21.0,29.0
0.25,1.0,PF,527,2,2,pass,1,1,0.6677499,0.6677499,0.20378518,0.20378518,0.02274346,0.02274346,21.0,29.0,21.0,29.0
0.25,1.0,PF,528,2,2,pass,1,1,0.6677499,0.6677499,0.20378518,0.20378518,0.02274346,0.02274346,21.0,29.0,21.0,29.0
0.25,1.0,PF,529,2,2,pass,1,1,0.6677499,0.6677499,0.20378518,0.20378518,0.02274346,0.02274346,21.0,29.0,21.0,29.0
0.25,1.0,PF,530,2,2,pass,1,1,0.6677499,0.6677499,0.20378518,0.20378518,0.02274346,0.02274346,21.0,29.0,21.0,29.0
0.25,1.0,PF,531,2,2,pass,1,1,0.6374081,0.6374081,0.21929021,0.21929021,0.023887053,0.023887053,21.0,29.0,21.0,29.0
0.25,1.0,PF,532,2,2,pass,1,1,0.6677499,0.6677499,0.20378518,0.20378518,0.02274346,0.02274346,21.0,29.0,21.0,29.0
0.25,1.0,PF,533,2,2,pass,1,1,0.6677499,0.6677499,0.20378518,0.20378518,0.02274346,0.02274346,21.0,29.0,21.0,29.0
0.25,1.0,PF,534,2,2,pass,1,1,0.6677499,0.6677499,0.20378518,0.20378518,0.02274346,0.02274346,21.0,29.0,21.0,29.0
0.25,1.0,PF,535,2,2,pass,1,1,0.6677499,0.6677499,0.20378518,0.20378518,0.02274346,0.02274346,21.0,29.0,21.0,29.0
0.25,1.0,PF,536,2,2,pass,1,1,0.6677499,0.6677499,0.20378518,0.20378518,0.02274346,0.02274346,21.0,29.0,21.0,29.0
0.25,1.0,PF,537,2,2,pass,1,1,0.6677499,0.6677499,0.20378518,0.20378518,0.02274346,0.02274346,21.0,29.0,21.0,29.0
0.25,1.0,PF,538,2,2,pass,1,1,0.6677499,0.6677499,0.20378518,0.20378518,0.02274346,0.02274346,21.0,29.0,21.0,29.0
0.25,1.0,PF,539,2,2,pass,1,1,0.6677499,0.6677499,0.20378518,0.20378518,0.02274346,0.02274346,21.0,29.0,21.0,29.0
0.25,1.0,PF,540,2,2,pass,1,1,0.6677499,0.6677499,0.20378518,0.20378518,0.02274346,0.02274346,21.0,29.0,21.0,29.0
0.25,1.0,PF,541,2,2,pass,1,1,0.6780778,0.6780778,0.173598,0.173598,0.012475382,0.012475382,21.0,29.0,21.0,29.0
0.25,1.0,PF,542,2,2,pass,1,1,0.6677499,0.6677499,0.20378518,0.20378518,0.02274346,0.02274346,21.0,29.0,21.0,29.0
0.25,1.0,PF,543,2,2,pass,1,1,0.6677499,0.6677499,0.20378518,0.20378518,0.02274346,0.02274346,21.0,29.0,21.0,29.0
0.25,1.0,PF,544,2,2,pass,1,1,0.6677499,0.6677499,0.20378518,0.20378518,0.02274346,0.02274346,21.0,29.0,21.0,29.0
0.25,1.0,PF,545,2,2,pass,1,1,0.6677499,0.6677499,0.20378518,0.20378518,0.02274346,0.02274346,21.0,29.0,21.0,29.0
0.25,1.0,PF,546,2,2,pass,1,1,0.6677499,0.6677499,0.20378518,0.20378518,0.02274346,0.02274346,21.0,29.0,21.0,29.0
0.25,1.0,PF,547,2,2,pass,1,1,0.65129316,0.65129316,0.21678324,0.21678324,0.023225917,0.023225917,21.0,29.0,21.0,29.0
0.25,1.0,PF,548,2,2,pass,1,1,0.6677499,0.6677499,0.20378518,0.20378518,0.02274346,0.02274346,21.0,29.0,21.0,29.0
0.25,1.0,PF,549,2,2,pass,1,1,0.6677499,0.6677499,0.20378518,0.20378518,0.02274346,0.02274346,21.0,29.0,21.0,29.0
0.25,1.0,PF,550,2,2,pass,1,1,0.6677499,0.6677499,0.20378518,0.20378518,0.02274346,0.02274346,21.0,29.0,21.0,29.0
0.25,1.0,PF,551,2,2,pass,1,1,0.65129316,0.65129316,0.21678324,0.21678324,0.023225917,0.023225917,21.0,29.0,21.0,29.0
0.25,1.0,PF,552,2,2,pass,1,1,0.6677499,0.6677499,0.20378518,0.20378518,0.02274346,0.02274346,21.0,29.0,21.0,29.0
0.25,1.0,PF,553,2,2,pass,1,1,0.6682329,0.6682329,0.20650832,0.20650832,0.025042687,0.025042687,21.0,29.0,21.0,29.0
0.25,1.0,PF,554,2,2,pass,1,1,0.6677499,0.6677499,0.20378518,0.20378518,0.02274346,0.02274346,21.0,29.0,21.0,29.0
0.25,1.0,PF,555,2,2,pass,1,1,0.6677499,0.6677499,0.20378518,0.20378518,0.02274346,0.02274346,21.0,29.0,21.0,29.0
0.25,1.0,PF,556,2,2,pass,1,1,0.6682329,0.6682329,0.20650832,0.20650832,0.025042687,0.025042687,21.0,29.0,21.0,29.0
0.25,1.0,PF,557,2,2,pass,1,1,0.6677499,0.6677499,0.20378518,0.20378518,0.02274346,0.02274346,21.0,29.0,21.0,29.0
0.25,1.0,PF,558,2,2,pass,1,1,0.6682329,0.6682329,0.20650832,0.20650832,0.025042687,0.025042687,21.0,29.0,21.0,29.0
0.25,1.0,PF,559,2,2,pass,1,1,0.6677499,0.6677499,0.20378518,0.20378518,0.02274346,0.02274346,21.0,29.0,21.0,29.0
0.25,1.0,PF,560,2,2,pass,1,1,0.6677499,0.6677499,0.20378518,0.20378518,0.02274346,0.02274346,21.0,29.0,21.0,29.0
0.25,1.0,PF,561,2,2,pass,1,1,0.6677499,0.6677499,0.20378518,0.20378518,0.02274346,0.02274346,21.0,29.0,21.0,29.0
0.25,1.0,PF,562,2,2,pass,1,1,0.6677499,0.6677499,0.20378518,0.20378518,0.02274346,0.02274346,21.0,29.0,21.0,29.0
0.25,1.0,PF,563,2,2,pass,1,1,0.6677499,0.6677499,0.20378518,0.20378518,0.02274346,0.02274346,21.0,29.0,21.0,29.0
0.25,1.0,PF,564,2,2,pass,1,1,0.6677499,0.6677499,0.20378518,0.20378518,0.02274346,0.02274346,21.0,29.0,21.0,29.0
0.25,1.0,PF,565,2,2,pass,1,1,0.6677499,0.6677499,0.20378518,0.20378518,0.02274346,0.02274346,21.0,29.0,21.0,29.0
0.25,1.0,PF,566,2,2,pass,1,1,0.6677499,0.6677499,0.20378518,0.20378518,0.02274346,0.02274346,21.0,29.0,21.0,29.0
0.25,1.0,PF,567,2,2,pass,1,1,0.6677499,0.6677499,0.20378518,0.20378518,0.02274346,0.02274346,21.0,29.0,21.0,29.0
0.25,1.0,PF,568,2,2,pass,1,1,0.6677499,0.6677499,0.20378518,0.20378518,0.02274346,0.02274346,21.0,29.0,21.0,29.0
0.25,1.0,PF,569,2,2,pass,1,1,0.6677499,0.6677499,0.20378518,0.20378518,0.02274346,0.02274346,21.0,29.0,21.0,29.0
0.25,1.0,PF,570,2,2,pass,1,1,0.6677499,0.6677499,0.20378518,0.20378518,0.02274346,0.02274346,21.0,29.0,21.0,29.0
0.25,1.0,PF,571,2,2,pass,1,1,0.6677499,0.6677499,0.20378518,0.20378518,0.02274346,0.02274346,21.0,29.0,21.0,29.0
0.25,1.0,PF,572,2,2,pass,1,1,0.6677499,0.6677499,0.20378518,0.20378518,0.02274346,0.02274346,21.0,29.0,21.0,29.0
0.25,1.0,PF,573,2,2,pass,1,1,0.6677499,0.6677499,0.20378518,0.20378518,0.02274346,0.02274346,21.0,29.0,21.0,29.0
0.25,1.0,PF,574,2,2,pass,1,1,0.6677499,0.6677499,0.20378518,0.20378518,0.02274346,0.02274346,21.0,29.0,21.0,29.0
0.25,1.0,PF,575,2,2,pass,1,1,0.6677499,0.6677499,0.20378518,0.20378518,0.02274346,0.02274346,21.0,29.0,21.0,29.0
0.25,1.0,PF,576,2,2,pass,1,1,0.6677499,0.6677499,0.20378518,0.20378518,0.02274346,0.02274346,21.0,29.0,21.0,29.0
0.25,1.0,PF,577,2,2,pass,1,1,0.6677499,0.6677499,0.20378518,0.20378518,0.02274346,0.02274346,21.0,29.0,21.0,29.0
0.25,1.0,PF,578,2,2,pass,1,1,0.6677499,0.6677499,0.20378518,0.20378518,0.02274346,0.02274346,21.0,29.0,21.0,29.0
0.25,1.0,PF,579,2,2,pass,1,1,0.6677499,0.6677499,0.20378518,0.20378518,0.02274346,0.02274346,21.0,29.0,21.0,29.0
0.25,1.0,PF,580,2,2,pass,1,1,0.6677499,0.6677499,0.20378518,0.20378518,0.02274346,0.02274346,21.0,29.0,21.0,29.0
0.25,1.0,PF,581,2,2,pass,1,1,0.6677499,0.6677499,0.20378518,0.20378518,0.02274346,0.02274346,21.0,29.0,21.0,29.0
0.25,1.0,PF,582,2,2,pass,1,1,0.6682329,0.6682329,0.20650832,0.20650832,0.025042687,0.025042687,21.0,29.0,21.0,29.0
0.25,1.0,PF,583,2,2,pass,1,1,0.6677499,0.6677499,0.20378518,0.20378518,0.02274346,0.02274346,21.0,29.0,21.0,29.0
0.25,1.0,PF,584,2,2,pass,1,1,0.6677499,0.6677499,0.20378518,0.20378518,0.02274346,0.02274346,21.0,29.0,21.0,29.0
0.25,1.0,PF,585,2,2,pass,1,1,0.6677499,0.6677499,0.20378518,0.20378518,0.02274346,0.02274346,21.0,29.0,21.0,29.0
0.25,1.0,PF,586,2,2,pass,1,1,0.6677499,0.6677499,0.20378518,0.20378518,0.02274346,0.02274346,21.0,29.0,21.0,29.0
0.25,1.0,PF,587,2,2,pass,1,1,0.6677499,0.6677499,0.20378518,0.20378518,0.02274346,0.02274346,21.0,29.0,21.0,29.0
0.25,1.0,PF,588,2,2,pass,1,1,0.6780778,0.6780778,0.173598,0.173598,0.012475382,0.012475382,21.0,29.0,21.0,29.0
0.25,1.0,PF,589,2,2,pass,1,1,0.6677499,0.6677499,0.20378518,0.20378518,0.02274346,0.02274346,21.0,29.0,21.0,29.0
0.25,1.0,PF,590,2,2,pass,1,1,0.6677499,0.6677499,0.20378518,0.20378518,0.02274346,0.02274346,21.0,29.0,21.0,29.0
0.25,1.0,PF,591,2,2,pass,1,1,0.6677499,0.6677499,0.20378518,0.20378518,0.02274346,0.02274346,21.0,29.0,21.0,29.0
0.25,1.0,PF,592,2,2,pass,1,1,0.6677499,0.6677499,0.20378518,0.20378518,0.02274346,0.02274346,21.0,29.0,21.0,29.0
0.25,1.0,PF,593,2,2,pass,1,1,0.65129316,0.65129316,0.21678324,0.21678324,0.023225917,0.023225917,21.0,29.0,21.0,29.0
0.25,1.0,PF,594,2,2,pass,1,1,0.6677499,0.6677499,0.20378518,0.20378518,0.02274346,0.02274346,21.0,29.0,21.0,29.0
0.25,1.0,PF,595,2,2,pass,1,1,0.6677499,0.6677499,0.20378518,0.20378518,0.02274346,0.02274346,21.0,29.0,21.0,29.0
0.25,1.0,PF,596,2,2,pass,1,1,0.6677499,0.6677499,0.20378518,0.20378518,0.02274346,0.02274346,21.0,29.0,21.0,29.0
0.25,1.0,PF,597,2,2,pass,1,1,0.6677499,0.6677499,0.20378518,0.20378518,0.02274346,0.02274346,21.0,29.0,21.0,29.0
0.25,1.0,PF,598,2,2,pass,1,1,0.6677499,0.6677499,0.20378518,0.20378518,0.02274346,0.02274346,21.0,29.0,21.0,29.0
0.25,1.0,PF,599,2,2,pass,1,1,0.7186651,0.7186651,0.16434994,0.16434994,0.025743317,0.025743317,21.0,29.0,21.0,29.0
0.25,1.0,PF,600,2,2,pass,1,1,0.65129316,0.65129316,0.21678324,0.21678324,0.023225917,0.023225917,21.0,29.0,21.0,29.0
0.25,1.0,PF,601,2,2,pass,1,1,0.6677499,0.6677499,0.20378518,0.20378518,0.02274346,0.02274346,21.0,29.0,21.0,29.0
0.25,1.0,PF,602,2,2,pass,1,1,0.7186651,0.7186651,0.16434994,0.16434994,0.025743317,0.025743317,21.0,29.0,21.0,29.0
0.25,1.0,PF,603,2,2,pass,1,1,0.6677499,0.6677499,0.20378518,0.20378518,0.02274346,0.02274346,21.0,29.0,21.0,29.0
0.25,1.0,PF,604,2,2,pass,1,1,0.6677499,0.6677499,0.20378518,0.20378518,0.02274346,0.02274346,21.0,29.0,21.0,29.0
0.25,1.0,PF,605,2,2,pass,1,1,0.6677499,0.6677499,0.20378518,0.20378518,0.02274346,0.02274346,21.0,29.0,21.0,29.0
0.25,1.0,PF,606,2,2,pass,1,1,0.6677499,0.6677499,0.20378518,0.20378518,0.02274346,0.02274346,21.0,29.0,21.0,29.0
0.25,1.0,PF,607,2,2,pass,1,1,0.6677499,0.6677499,0.20378518,0.20378518,0.02274346,0.02274346,21.0,29.0,21.0,29.0
0.25,1.0,PF,608,2,2,pass,1,1,0.6677499,0.6677499,0.20378518,0.20378518,0.02274346,0.02274346,21.0,29.0,21.0,29.0
0.25,1.0,PF,609,2,2,pass,1,1,0.6677499,0.6677499,0.20378518,0.20378518,0.02274346,0.02274346,21.0,29.0,21.0,29.0
0.25,1.0,PF,610,2,2,pass,1,1,0.6677499,0.6677499,0.20378518,0.20378518,0.02274346,0.02274346,21.0,29.0,21.0,29.0
0.25,1.0,PF,611,2,2,pass,1,1,0.6677499,0.6677499,0.20378518,0.20378518,0.02274346,0.02274346,21.0,29.0,21.0,29.0
0.25,1.0,PF,612,2,2,pass,1,1,0.6677499,0.6677499,0.20378518,0.20378518,0.02274346,0.02274346,21.0,29.0,21.0,29.0
0.25,1.0,PF,613,2,2,pass,1,1,0.65129316,0.65129316,0.21678324,0.21678324,0.023225917,0.023225917,21.0,29.0,21.0,29.0
0.25,1.0,PF,614,2,2,pass,1,1,0.6677499,0.6677499,0.20378518,0.20378518,0.02274346,0.02274346,21.0,29.0,21.0,29.0
0.25,1.0,PF,615,2,2,pass,1,1,0.6506768,0.6506768,0.24160099,0.24160099,0.021516193,0.021516193,21.0,29.0,21.0,29.0
0.25,1.0,PF,616,2,2,pass,1,1,0.6677499,0.6677499,0.20378518,0.20378518,0.02274346,0.02274346,21.0,29.0,21.0,29.0
0.25,1.0,PF,617,2,2,pass,1,1,0.6677499,0.6677499,0.20378518,0.20378518,0.02274346,0.02274346,21.0,29.0,21.0,29.0
0.25,1.0,PF,618,2,2,pass,1,1,0.7186651,0.7186651,0.16434994,0.16434994,0.025743317,0.025743317,21.0,29.0,21.0,29.0
0.25,1.0,PF,619,2,2,pass,1,1,0.6677499,0.6677499,0.20378518,0.20378518,0.02274346,0.02274346,21.0,29.0,21.0,29.0
0.25,1.0,PF,620,2,2,pass,1,1,0.6677499,0.6677499,0.20378518,0.20378518,0.02274346,0.02274346,21.0,29.0,21.0,29.0
0.25,1.0,PF,621,2,2,pass,1,1,0.6677499,0.6677499,0.20378518,0.20378518,0.02274346,0.02274346,21.0,29.0,21.0,29.0
0.25,1.0,PF,622,2,2,pass,1,1,0.6374081,0.6374081,0.21929021,0.21929021,0.023887053,0.023887053,21.0,29.0,21.0,29.0
0.25,1.0,PF,623,2,2,pass,1,1,0.6677499,0.6677499,0.20378518,0.20378518,0.02274346,0.02274346,21.0,29.0,21.0,29.0
0.25,1.0,PF,624,2,3,shield_to_safe,1,1,0.6682329,0.72676647,0.20650832,0.16350773,0.025042687,0.021733325,21.0,29.0,30.0,20.0
0.25,1.0,PF,625,2,2,pass,1,1,0.6677499,0.6677499,0.20378518,0.20378518,0.02274346,0.02274346,21.0,29.0,21.0,29.0
0.25,1.0,PF,626,2,2,pass,1,1,0.6677499,0.6677499,0.20378518,0.20378518,0.02274346,0.02274346,21.0,29.0,21.0,29.0
0.25,1.0,PF,627,2,2,pass,1,1,0.6677499,0.6677499,0.20378518,0.20378518,0.02274346,0.02274346,21.0,29.0,21.0,29.0
0.25,1.0,PF,628,2,2,pass,1,1,0.6677499,0.6677499,0.20378518,0.20378518,0.02274346,0.02274346,21.0,29.0,21.0,29.0
0.25,1.0,PF,629,2,2,pass,1,1,0.6677499,0.6677499,0.20378518,0.20378518,0.02274346,0.02274346,21.0,29.0,21.0,29.0
0.25,1.0,PF,630,2,2,pass,1,1,0.6677499,0.6677499,0.20378518,0.20378518,0.02274346,0.02274346,21.0,29.0,21.0,29.0
0.25,1.0,PF,631,2,2,pass,1,1,0.6677499,0.6677499,0.20378518,0.20378518,0.02274346,0.02274346,21.0,29.0,21.0,29.0
0.25,1.0,PF,632,2,2,pass,1,1,0.6677499,0.6677499,0.20378518,0.20378518,0.02274346,0.02274346,21.0,29.0,21.0,29.0
0.25,1.0,PF,633,2,2,pass,1,1,0.6682329,0.6682329,0.20650832,0.20650832,0.025042687,0.025042687,21.0,29.0,21.0,29.0
0.25,1.0,PF,634,2,2,pass,1,1,0.6677499,0.6677499,0.20378518,0.20378518,0.02274346,0.02274346,21.0,29.0,21.0,29.0
0.25,1.0,PF,635,2,2,pass,1,1,0.65129316,0.65129316,0.21678324,0.21678324,0.023225917,0.023225917,21.0,29.0,21.0,29.0
0.25,1.0,PF,636,2,2,pass,1,1,0.65129316,0.65129316,0.21678324,0.21678324,0.023225917,0.023225917,21.0,29.0,21.0,29.0
0.25,1.0,PF,637,2,2,pass,1,1,0.6677499,0.6677499,0.20378518,0.20378518,0.02274346,0.02274346,21.0,29.0,21.0,29.0
0.25,1.0,PF,638,2,3,shield_to_safe,1,1,0.6677499,0.72676647,0.20378518,0.16350773,0.02274346,0.021733325,21.0,29.0,30.0,20.0
0.25,1.0,PF,639,2,2,pass,1,1,0.6506768,0.6506768,0.24160099,0.24160099,0.021516193,0.021516193,21.0,29.0,21.0,29.0
0.25,1.0,PF,640,2,2,pass,1,1,0.6677499,0.6677499,0.20378518,0.20378518,0.02274346,0.02274346,21.0,29.0,21.0,29.0
0.25,1.0,PF,641,2,2,pass,1,1,0.6677499,0.6677499,0.20378518,0.20378518,0.02274346,0.02274346,21.0,29.0,21.0,29.0
0.25,1.0,PF,642,2,3,shield_to_safe,1,1,0.6677499,0.72676647,0.20378518,0.16350773,0.02274346,0.021733325,21.0,29.0,30.0,20.0
0.25,1.0,PF,643,2,2,pass,1,1,0.65129316,0.65129316,0.21678324,0.21678324,0.023225917,0.023225917,21.0,29.0,21.0,29.0
0.25,1.0,PF,644,2,2,pass,1,1,0.6677499,0.6677499,0.20378518,0.20378518,0.02274346,0.02274346,21.0,29.0,21.0,29.0
0.25,1.0,PF,645,2,2,pass,1,1,0.6780778,0.6780778,0.173598,0.173598,0.012475382,0.012475382,21.0,29.0,21.0,29.0
0.25,1.0,PF,646,2,2,pass,1,1,0.6677499,0.6677499,0.20378518,0.20378518,0.02274346,0.02274346,21.0,29.0,21.0,29.0
0.25,1.0,PF,647,2,2,pass,1,1,0.6677499,0.6677499,0.20378518,0.20378518,0.02274346,0.02274346,21.0,29.0,21.0,29.0
0.25,1.0,PF,648,2,2,pass,1,1,0.6677499,0.6677499,0.20378518,0.20378518,0.02274346,0.02274346,21.0,29.0,21.0,29.0
0.25,1.0,PF,649,2,2,pass,1,1,0.6677499,0.6677499,0.20378518,0.20378518,0.02274346,0.02274346,21.0,29.0,21.0,29.0
0.25,1.0,PF,650,2,2,pass,1,1,0.6677499,0.6677499,0.20378518,0.20378518,0.02274346,0.02274346,21.0,29.0,21.0,29.0
0.25,1.0,PF,651,2,2,pass,1,1,0.6677499,0.6677499,0.20378518,0.20378518,0.02274346,0.02274346,21.0,29.0,21.0,29.0
0.25,1.0,PF,652,2,2,pass,1,1,0.6677499,0.6677499,0.20378518,0.20378518,0.02274346,0.02274346,21.0,29.0,21.0,29.0
0.25,1.0,PF,653,2,2,pass,1,1,0.65129316,0.65129316,0.21678324,0.21678324,0.023225917,0.023225917,21.0,29.0,21.0,29.0
0.25,1.0,PF,654,2,2,pass,1,1,0.6677499,0.6677499,0.20378518,0.20378518,0.02274346,0.02274346,21.0,29.0,21.0,29.0
0.25,1.0,PF,655,2,2,pass,1,1,0.6677499,0.6677499,0.20378518,0.20378518,0.02274346,0.02274346,21.0,29.0,21.0,29.0
0.25,1.0,PF,656,2,2,pass,1,1,0.6677499,0.6677499,0.20378518,0.20378518,0.02274346,0.02274346,21.0,29.0,21.0,29.0
0.25,1.0,PF,657,2,2,pass,1,1,0.6677499,0.6677499,0.20378518,0.20378518,0.02274346,0.02274346,21.0,29.0,21.0,29.0
0.25,1.0,PF,658,2,2,pass,1,1,0.6677499,0.6677499,0.20378518,0.20378518,0.02274346,0.02274346,21.0,29.0,21.0,29.0
0.25,1.0,PF,659,2,2,pass,1,1,0.6677499,0.6677499,0.20378518,0.20378518,0.02274346,0.02274346,21.0,29.0,21.0,29.0
0.25,1.0,PF,660,2,2,pass,1,1,0.6677499,0.6677499,0.20378518,0.20378518,0.02274346,0.02274346,21.0,29.0,21.0,29.0
0.25,1.0,PF,661,2,2,pass,1,1,0.6682329,0.6682329,0.20650832,0.20650832,0.025042687,0.025042687,21.0,29.0,21.0,29.0
0.25,1.0,PF,662,2,2,pass,1,1,0.6677499,0.6677499,0.20378518,0.20378518,0.02274346,0.02274346,21.0,29.0,21.0,29.0
0.25,1.0,PF,663,2,2,pass,1,1,0.6682329,0.6682329,0.20650832,0.20650832,0.025042687,0.025042687,21.0,29.0,21.0,29.0
0.25,1.0,PF,664,2,2,pass,1,1,0.6677499,0.6677499,0.20378518,0.20378518,0.02274346,0.02274346,21.0,29.0,21.0,29.0
0.25,1.0,PF,665,2,2,pass,1,1,0.6780778,0.6780778,0.173598,0.173598,0.012475382,0.012475382,21.0,29.0,21.0,29.0
0.25,1.0,PF,666,2,2,pass,1,1,0.6677499,0.6677499,0.20378518,0.20378518,0.02274346,0.02274346,21.0,29.0,21.0,29.0
0.25,1.0,PF,667,2,2,pass,1,1,0.6677499,0.6677499,0.20378518,0.20378518,0.02274346,0.02274346,21.0,29.0,21.0,29.0
0.25,1.0,PF,668,2,2,pass,1,1,0.6677499,0.6677499,0.20378518,0.20378518,0.02274346,0.02274346,21.0,29.0,21.0,29.0
0.25,1.0,PF,669,2,2,pass,1,1,0.6677499,0.6677499,0.20378518,0.20378518,0.02274346,0.02274346,21.0,29.0,21.0,29.0
0.25,1.0,PF,670,2,2,pass,1,1,0.6677499,0.6677499,0.20378518,0.20378518,0.02274346,0.02274346,21.0,29.0,21.0,29.0
0.25,1.0,PF,671,2,3,shield_to_safe,1,1,0.6677499,0.72676647,0.20378518,0.16350773,0.02274346,0.021733325,21.0,29.0,30.0,20.0
0.25,1.0,PF,672,2,2,pass,1,1,0.6677499,0.6677499,0.20378518,0.20378518,0.02274346,0.02274346,21.0,29.0,21.0,29.0
0.25,1.0,PF,673,2,2,pass,1,1,0.6677499,0.6677499,0.20378518,0.20378518,0.02274346,0.02274346,21.0,29.0,21.0,29.0
0.25,1.0,PF,674,2,2,pass,1,1,0.6682329,0.6682329,0.20650832,0.20650832,0.025042687,0.025042687,21.0,29.0,21.0,29.0
0.25,1.0,PF,675,2,2,pass,1,1,0.6677499,0.6677499,0.20378518,0.20378518,0.02274346,0.02274346,21.0,29.0,21.0,29.0
0.25,1.0,PF,676,2,2,pass,1,1,0.6677499,0.6677499,0.20378518,0.20378518,0.02274346,0.02274346,21.0,29.0,21.0,29.0
0.25,1.0,PF,677,2,2,pass,1,1,0.6677499,0.6677499,0.20378518,0.20378518,0.02274346,0.02274346,21.0,29.0,21.0,29.0
0.25,1.0,PF,678,2,2,pass,1,1,0.6677499,0.6677499,0.20378518,0.20378518,0.02274346,0.02274346,21.0,29.0,21.0,29.0
0.25,1.0,PF,679,2,2,pass,1,1,0.6677499,0.6677499,0.20378518,0.20378518,0.02274346,0.02274346,21.0,29.0,21.0,29.0
0.25,1.0,PF,680,2,2,pass,1,1,0.6677499,0.6677499,0.20378518,0.20378518,0.02274346,0.02274346,21.0,29.0,21.0,29.0
0.25,1.0,PF,681,2,3,shield_to_safe,1,1,0.6677499,0.72676647,0.20378518,0.16350773,0.02274346,0.021733325,21.0,29.0,30.0,20.0
0.25,1.0,PF,682,2,2,pass,1,1,0.6677499,0.6677499,0.20378518,0.20378518,0.02274346,0.02274346,21.0,29.0,21.0,29.0
0.25,1.0,PF,683,2,2,pass,1,1,0.6677499,0.6677499,0.20378518,0.20378518,0.02274346,0.02274346,21.0,29.0,21.0,29.0
0.25,1.0,PF,684,2,2,pass,1,1,0.6677499,0.6677499,0.20378518,0.20378518,0.02274346,0.02274346,21.0,29.0,21.0,29.0
0.25,1.0,PF,685,2,2,pass,1,1,0.6677499,0.6677499,0.20378518,0.20378518,0.02274346,0.02274346,21.0,29.0,21.0,29.0
0.25,1.0,PF,686,2,3,shield_to_safe,1,1,0.6677499,0.72676647,0.20378518,0.16350773,0.02274346,0.021733325,21.0,29.0,30.0,20.0
0.25,1.0,PF,687,2,2,pass,1,1,0.6677499,0.6677499,0.20378518,0.20378518,0.02274346,0.02274346,21.0,29.0,21.0,29.0
0.25,1.0,PF,688,2,2,pass,1,1,0.6677499,0.6677499,0.20378518,0.20378518,0.02274346,0.02274346,21.0,29.0,21.0,29.0
0.25,1.0,PF,689,2,2,pass,1,1,0.6677499,0.6677499,0.20378518,0.20378518,0.02274346,0.02274346,21.0,29.0,21.0,29.0
0.25,1.0,PF,690,2,2,pass,1,1,0.6677499,0.6677499,0.20378518,0.20378518,0.02274346,0.02274346,21.0,29.0,21.0,29.0
0.25,1.0,PF,691,2,2,pass,1,1,0.6677499,0.6677499,0.20378518,0.20378518,0.02274346,0.02274346,21.0,29.0,21.0,29.0
0.25,1.0,PF,692,2,2,pass,1,1,0.6677499,0.6677499,0.20378518,0.20378518,0.02274346,0.02274346,21.0,29.0,21.0,29.0
0.25,1.0,PF,693,2,2,pass,1,1,0.6677499,0.6677499,0.20378518,0.20378518,0.02274346,0.02274346,21.0,29.0,21.0,29.0
0.25,1.0,PF,694,2,2,pass,1,1,0.6677499,0.6677499,0.20378518,0.20378518,0.02274346,0.02274346,21.0,29.0,21.0,29.0
0.25,1.0,PF,695,2,2,pass,1,1,0.6677499,0.6677499,0.20378518,0.20378518,0.02274346,0.02274346,21.0,29.0,21.0,29.0
0.25,1.0,PF,696,2,2,pass,1,1,0.6682329,0.6682329,0.20650832,0.20650832,0.025042687,0.025042687,21.0,29.0,21.0,29.0
0.25,1.0,PF,697,2,2,pass,1,1,0.6677499,0.6677499,0.20378518,0.20378518,0.02274346,0.02274346,21.0,29.0,21.0,29.0
0.25,1.0,PF,698,2,2,pass,1,1,0.6677499,0.6677499,0.20378518,0.20378518,0.02274346,0.02274346,21.0,29.0,21.0,29.0
0.25,1.0,PF,699,2,2,pass,1,1,0.6677499,0.6677499,0.20378518,0.20378518,0.02274346,0.02274346,21.0,29.0,21.0,29.0
0.25,1.0,PF,700,2,2,pass,1,1,0.6677499,0.6677499,0.20378518,0.20378518,0.02274346,0.02274346,21.0,29.0,21.0,29.0
0.25,1.0,PF,701,2,2,pass,1,1,0.6780778,0.6780778,0.173598,0.173598,0.012475382,0.012475382,21.0,29.0,21.0,29.0
0.25,1.0,PF,702,2,2,pass,1,1,0.6677499,0.6677499,0.20378518,0.20378518,0.02274346,0.02274346,21.0,29.0,21.0,29.0
0.25,1.0,PF,703,2,2,pass,1,1,0.6677499,0.6677499,0.20378518,0.20378518,0.02274346,0.02274346,21.0,29.0,21.0,29.0
0.25,1.0,PF,704,2,2,pass,1,1,0.6677499,0.6677499,0.20378518,0.20378518,0.02274346,0.02274346,21.0,29.0,21.0,29.0
0.25,1.0,PF,705,2,2,pass,1,1,0.6677499,0.6677499,0.20378518,0.20378518,0.02274346,0.02274346,21.0,29.0,21.0,29.0
0.25,1.0,PF,706,2,2,pass,1,1,0.6677499,0.6677499,0.20378518,0.20378518,0.02274346,0.02274346,21.0,29.0,21.0,29.0
0.25,1.0,PF,707,2,2,pass,1,1,0.65129316,0.65129316,0.21678324,0.21678324,0.023225917,0.023225917,21.0,29.0,21.0,29.0
0.25,1.0,PF,708,2,2,pass,1,1,0.6677499,0.6677499,0.20378518,0.20378518,0.02274346,0.02274346,21.0,29.0,21.0,29.0
0.25,1.0,PF,709,2,2,pass,1,1,0.6677499,0.6677499,0.20378518,0.20378518,0.02274346,0.02274346,21.0,29.0,21.0,29.0
0.25,1.0,PF,710,2,2,pass,1,1,0.6677499,0.6677499,0.20378518,0.20378518,0.02274346,0.02274346,21.0,29.0,21.0,29.0
0.25,1.0,PF,711,2,2,pass,1,1,0.65129316,0.65129316,0.21678324,0.21678324,0.023225917,0.023225917,21.0,29.0,21.0,29.0
0.25,1.0,PF,712,2,2,pass,1,1,0.6677499,0.6677499,0.20378518,0.20378518,0.02274346,0.02274346,21.0,29.0,21.0,29.0
0.25,1.0,PF,713,2,2,pass,1,1,0.6677499,0.6677499,0.20378518,0.20378518,0.02274346,0.02274346,21.0,29.0,21.0,29.0
0.25,1.0,PF,714,2,2,pass,1,1,0.6677499,0.6677499,0.20378518,0.20378518,0.02274346,0.02274346,21.0,29.0,21.0,29.0
0.25,1.0,PF,715,2,2,pass,1,1,0.6677499,0.6677499,0.20378518,0.20378518,0.02274346,0.02274346,21.0,29.0,21.0,29.0
0.25,1.0,PF,716,2,2,pass,1,1,0.6677499,0.6677499,0.20378518,0.20378518,0.02274346,0.02274346,21.0,29.0,21.0,29.0
0.25,1.0,PF,717,2,2,pass,1,1,0.6677499,0.6677499,0.20378518,0.20378518,0.02274346,0.02274346,21.0,29.0,21.0,29.0
0.25,1.0,PF,718,2,2,pass,1,1,0.65129316,0.65129316,0.21678324,0.21678324,0.023225917,0.023225917,21.0,29.0,21.0,29.0
0.25,1.0,PF,719,2,2,pass,1,1,0.6677499,0.6677499,0.20378518,0.20378518,0.02274346,0.02274346,21.0,29.0,21.0,29.0
0.25,1.0,PF,720,2,2,pass,1,1,0.6677499,0.6677499,0.20378518,0.20378518,0.02274346,0.02274346,21.0,29.0,21.0,29.0
0.25,1.0,PF,721,2,2,pass,1,1,0.6682329,0.6682329,0.20650832,0.20650832,0.025042687,0.025042687,21.0,29.0,21.0,29.0
0.25,1.0,PF,722,2,2,pass,1,1,0.6677499,0.6677499,0.20378518,0.20378518,0.02274346,0.02274346,21.0,29.0,21.0,29.0
0.25,1.0,PF,723,2,2,pass,1,1,0.6677499,0.6677499,0.20378518,0.20378518,0.02274346,0.02274346,21.0,29.0,21.0,29.0
0.25,1.0,PF,724,2,2,pass,1,1,0.6677499,0.6677499,0.20378518,0.20378518,0.02274346,0.02274346,21.0,29.0,21.0,29.0
0.25,1.0,PF,725,2,2,pass,1,1,0.6677499,0.6677499,0.20378518,0.20378518,0.02274346,0.02274346,21.0,29.0,21.0,29.0
0.25,1.0,PF,726,2,2,pass,1,1,0.6677499,0.6677499,0.20378518,0.20378518,0.02274346,0.02274346,21.0,29.0,21.0,29.0
0.25,1.0,PF,727,2,2,pass,1,1,0.6677499,0.6677499,0.20378518,0.20378518,0.02274346,0.02274346,21.0,29.0,21.0,29.0
0.25,1.0,PF,728,2,2,pass,1,1,0.6677499,0.6677499,0.20378518,0.20378518,0.02274346,0.02274346,21.0,29.0,21.0,29.0
0.25,1.0,PF,729,2,2,pass,1,1,0.6682329,0.6682329,0.20650832,0.20650832,0.025042687,0.025042687,21.0,29.0,21.0,29.0
0.25,1.0,PF,730,2,2,pass,1,1,0.6677499,0.6677499,0.20378518,0.20378518,0.02274346,0.02274346,21.0,29.0,21.0,29.0
0.25,1.0,PF,731,2,2,pass,1,1,0.6677499,0.6677499,0.20378518,0.20378518,0.02274346,0.02274346,21.0,29.0,21.0,29.0
0.25,1.0,PF,732,2,2,pass,1,1,0.6677499,0.6677499,0.20378518,0.20378518,0.02274346,0.02274346,21.0,29.0,21.0,29.0
0.25,1.0,PF,733,2,2,pass,1,1,0.6677499,0.6677499,0.20378518,0.20378518,0.02274346,0.02274346,21.0,29.0,21.0,29.0
0.25,1.0,PF,734,2,2,pass,1,1,0.6677499,0.6677499,0.20378518,0.20378518,0.02274346,0.02274346,21.0,29.0,21.0,29.0
0.25,1.0,PF,735,2,2,pass,1,1,0.7186651,0.7186651,0.16434994,0.16434994,0.025743317,0.025743317,21.0,29.0,21.0,29.0
0.25,1.0,PF,736,2,2,pass,1,1,0.6677499,0.6677499,0.20378518,0.20378518,0.02274346,0.02274346,21.0,29.0,21.0,29.0
0.25,1.0,PF,737,2,2,pass,1,1,0.6677499,0.6677499,0.20378518,0.20378518,0.02274346,0.02274346,21.0,29.0,21.0,29.0
0.25,1.0,PF,738,2,2,pass,1,1,0.6677499,0.6677499,0.20378518,0.20378518,0.02274346,0.02274346,21.0,29.0,21.0,29.0
0.25,1.0,PF,739,2,2,pass,1,1,0.6677499,0.6677499,0.20378518,0.20378518,0.02274346,0.02274346,21.0,29.0,21.0,29.0
0.25,1.0,PF,740,2,2,pass,1,1,0.6682329,0.6682329,0.20650832,0.20650832,0.025042687,0.025042687,21.0,29.0,21.0,29.0
0.25,1.0,PF,741,2,2,pass,1,1,0.6677499,0.6677499,0.20378518,0.20378518,0.02274346,0.02274346,21.0,29.0,21.0,29.0
0.25,1.0,PF,742,2,2,pass,1,1,0.6677499,0.6677499,0.20378518,0.20378518,0.02274346,0.02274346,21.0,29.0,21.0,29.0
0.25,1.0,PF,743,2,2,pass,1,1,0.6677499,0.6677499,0.20378518,0.20378518,0.02274346,0.02274346,21.0,29.0,21.0,29.0
0.25,1.0,PF,744,2,2,pass,1,1,0.6677499,0.6677499,0.20378518,0.20378518,0.02274346,0.02274346,21.0,29.0,21.0,29.0
0.25,1.0,PF,745,2,2,pass,1,1,0.6677499,0.6677499,0.20378518,0.20378518,0.02274346,0.02274346,21.0,29.0,21.0,29.0
0.25,1.0,PF,746,2,2,pass,1,1,0.6677499,0.6677499,0.20378518,0.20378518,0.02274346,0.02274346,21.0,29.0,21.0,29.0
0.25,1.0,PF,747,2,2,pass,1,1,0.6677499,0.6677499,0.20378518,0.20378518,0.02274346,0.02274346,21.0,29.0,21.0,29.0
0.25,1.0,PF,748,2,2,pass,1,1,0.6677499,0.6677499,0.20378518,0.20378518,0.02274346,0.02274346,21.0,29.0,21.0,29.0
0.25,1.0,PF,749,2,2,pass,1,1,0.6677499,0.6677499,0.20378518,0.20378518,0.02274346,0.02274346,21.0,29.0,21.0,29.0
0.25,1.0,PF,750,2,2,pass,1,1,0.6677499,0.6677499,0.20378518,0.20378518,0.02274346,0.02274346,21.0,29.0,21.0,29.0
0.25,1.0,PF,751,2,2,pass,1,1,0.6677499,0.6677499,0.20378518,0.20378518,0.02274346,0.02274346,21.0,29.0,21.0,29.0
0.25,1.0,PF,752,2,2,pass,1,1,0.6682329,0.6682329,0.20650832,0.20650832,0.025042687,0.025042687,21.0,29.0,21.0,29.0
0.25,1.0,PF,753,2,2,pass,1,1,0.6677499,0.6677499,0.20378518,0.20378518,0.02274346,0.02274346,21.0,29.0,21.0,29.0
0.25,1.0,PF,754,2,2,pass,1,1,0.6677499,0.6677499,0.20378518,0.20378518,0.02274346,0.02274346,21.0,29.0,21.0,29.0
0.25,1.0,PF,755,2,2,pass,1,1,0.6677499,0.6677499,0.20378518,0.20378518,0.02274346,0.02274346,21.0,29.0,21.0,29.0
0.25,1.0,PF,756,2,2,pass,1,1,0.6677499,0.6677499,0.20378518,0.20378518,0.02274346,0.02274346,21.0,29.0,21.0,29.0
0.25,1.0,PF,757,2,2,pass,1,1,0.6677499,0.6677499,0.20378518,0.20378518,0.02274346,0.02274346,21.0,29.0,21.0,29.0
0.25,1.0,PF,758,2,2,pass,1,1,0.6677499,0.6677499,0.20378518,0.20378518,0.02274346,0.02274346,21.0,29.0,21.0,29.0
0.25,1.0,PF,759,2,2,pass,1,1,0.6677499,0.6677499,0.20378518,0.20378518,0.02274346,0.02274346,21.0,29.0,21.0,29.0
0.25,1.0,PF,760,2,2,pass,1,1,0.6677499,0.6677499,0.20378518,0.20378518,0.02274346,0.02274346,21.0,29.0,21.0,29.0
0.25,1.0,PF,761,2,2,pass,1,1,0.6682329,0.6682329,0.20650832,0.20650832,0.025042687,0.025042687,21.0,29.0,21.0,29.0
0.25,1.0,PF,762,2,2,pass,1,1,0.6677499,0.6677499,0.20378518,0.20378518,0.02274346,0.02274346,21.0,29.0,21.0,29.0
0.25,1.0,PF,763,2,2,pass,1,1,0.7186651,0.7186651,0.16434994,0.16434994,0.025743317,0.025743317,21.0,29.0,21.0,29.0
0.25,1.0,PF,764,2,2,pass,1,1,0.6677499,0.6677499,0.20378518,0.20378518,0.02274346,0.02274346,21.0,29.0,21.0,29.0
0.25,1.0,PF,765,2,2,pass,1,1,0.6677499,0.6677499,0.20378518,0.20378518,0.02274346,0.02274346,21.0,29.0,21.0,29.0
0.25,1.0,PF,766,2,2,pass,1,1,0.6677499,0.6677499,0.20378518,0.20378518,0.02274346,0.02274346,21.0,29.0,21.0,29.0
0.25,1.0,PF,767,2,2,pass,1,1,0.6677499,0.6677499,0.20378518,0.20378518,0.02274346,0.02274346,21.0,29.0,21.0,29.0
0.25,1.0,PF,768,2,2,pass,1,1,0.6677499,0.6677499,0.20378518,0.20378518,0.02274346,0.02274346,21.0,29.0,21.0,29.0
0.25,1.0,PF,769,2,2,pass,1,1,0.6677499,0.6677499,0.20378518,0.20378518,0.02274346,0.02274346,21.0,29.0,21.0,29.0
0.25,1.0,PF,770,2,2,pass,1,1,0.6677499,0.6677499,0.20378518,0.20378518,0.02274346,0.02274346,21.0,29.0,21.0,29.0
0.25,1.0,PF,771,2,2,pass,1,1,0.6677499,0.6677499,0.20378518,0.20378518,0.02274346,0.02274346,21.0,29.0,21.0,29.0
0.25,1.0,PF,772,2,2,pass,1,1,0.6677499,0.6677499,0.20378518,0.20378518,0.02274346,0.02274346,21.0,29.0,21.0,29.0
0.25,1.0,PF,773,2,2,pass,1,1,0.6677499,0.6677499,0.20378518,0.20378518,0.02274346,0.02274346,21.0,29.0,21.0,29.0
0.25,1.0,PF,774,2,2,pass,1,1,0.6677499,0.6677499,0.20378518,0.20378518,0.02274346,0.02274346,21.0,29.0,21.0,29.0
0.25,1.0,PF,775,2,2,pass,1,1,0.6677499,0.6677499,0.20378518,0.20378518,0.02274346,0.02274346,21.0,29.0,21.0,29.0
0.25,1.0,PF,776,2,2,pass,1,1,0.6677499,0.6677499,0.20378518,0.20378518,0.02274346,0.02274346,21.0,29.0,21.0,29.0
0.25,1.0,PF,777,2,2,pass,1,1,0.6677499,0.6677499,0.20378518,0.20378518,0.02274346,0.02274346,21.0,29.0,21.0,29.0
0.25,1.0,PF,778,2,2,pass,1,1,0.6677499,0.6677499,0.20378518,0.20378518,0.02274346,0.02274346,21.0,29.0,21.0,29.0
0.25,1.0,PF,779,2,2,pass,1,1,0.6677499,0.6677499,0.20378518,0.20378518,0.02274346,0.02274346,21.0,29.0,21.0,29.0
0.25,1.0,PF,780,2,3,shield_to_safe,1,1,0.6677499,0.72676647,0.20378518,0.16350773,0.02274346,0.021733325,21.0,29.0,30.0,20.0
0.25,1.0,PF,781,2,2,pass,1,1,0.6677499,0.6677499,0.20378518,0.20378518,0.02274346,0.02274346,21.0,29.0,21.0,29.0
0.25,1.0,PF,782,2,2,pass,1,1,0.6682329,0.6682329,0.20650832,0.20650832,0.025042687,0.025042687,21.0,29.0,21.0,29.0
0.25,1.0,PF,783,2,2,pass,1,1,0.7186651,0.7186651,0.16434994,0.16434994,0.025743317,0.025743317,21.0,29.0,21.0,29.0
0.25,1.0,PF,784,2,3,shield_to_safe,1,1,0.6677499,0.72676647,0.20378518,0.16350773,0.02274346,0.021733325,21.0,29.0,30.0,20.0
0.25,1.0,PF,785,2,2,pass,1,1,0.6677499,0.6677499,0.20378518,0.20378518,0.02274346,0.02274346,21.0,29.0,21.0,29.0
0.25,1.0,PF,786,2,2,pass,1,1,0.6677499,0.6677499,0.20378518,0.20378518,0.02274346,0.02274346,21.0,29.0,21.0,29.0
0.25,1.0,PF,787,2,2,pass,1,1,0.6677499,0.6677499,0.20378518,0.20378518,0.02274346,0.02274346,21.0,29.0,21.0,29.0
0.25,1.0,PF,788,2,2,pass,1,1,0.6677499,0.6677499,0.20378518,0.20378518,0.02274346,0.02274346,21.0,29.0,21.0,29.0
0.25,1.0,PF,789,2,2,pass,1,1,0.6677499,0.6677499,0.20378518,0.20378518,0.02274346,0.02274346,21.0,29.0,21.0,29.0
0.25,1.0,PF,790,2,2,pass,1,1,0.6677499,0.6677499,0.20378518,0.20378518,0.02274346,0.02274346,21.0,29.0,21.0,29.0
0.25,1.0,PF,791,2,2,pass,1,1,0.6677499,0.6677499,0.20378518,0.20378518,0.02274346,0.02274346,21.0,29.0,21.0,29.0
0.25,1.0,PF,792,2,2,pass,1,1,0.6677499,0.6677499,0.20378518,0.20378518,0.02274346,0.02274346,21.0,29.0,21.0,29.0
0.25,1.0,PF,793,2,2,pass,1,1,0.6677499,0.6677499,0.20378518,0.20378518,0.02274346,0.02274346,21.0,29.0,21.0,29.0
0.25,1.0,PF,794,2,2,pass,1,1,0.6677499,0.6677499,0.20378518,0.20378518,0.02274346,0.02274346,21.0,29.0,21.0,29.0
0.25,1.0,PF,795,2,2,pass,1,1,0.6677499,0.6677499,0.20378518,0.20378518,0.02274346,0.02274346,21.0,29.0,21.0,29.0
0.25,1.0,PF,796,2,2,pass,1,1,0.6677499,0.6677499,0.20378518,0.20378518,0.02274346,0.02274346,21.0,29.0,21.0,29.0
0.25,1.0,PF,797,2,2,pass,1,1,0.6677499,0.6677499,0.20378518,0.20378518,0.02274346,0.02274346,21.0,29.0,21.0,29.0
0.25,1.0,PF,798,2,2,pass,1,1,0.6677499,0.6677499,0.20378518,0.20378518,0.02274346,0.02274346,21.0,29.0,21.0,29.0
0.25,1.0,PF,799,2,2,pass,1,1,0.6677499,0.6677499,0.20378518,0.20378518,0.02274346,0.02274346,21.0,29.0,21.0,29.0
0.25,1.0,PF,800,2,2,pass,1,1,0.6677499,0.6677499,0.20378518,0.20378518,0.02274346,0.02274346,21.0,29.0,21.0,29.0
0.25,1.0,PF,801,2,2,pass,1,1,0.7186651,0.7186651,0.16434994,0.16434994,0.025743317,0.025743317,21.0,29.0,21.0,29.0
0.25,1.0,PF,802,2,2,pass,1,1,0.6677499,0.6677499,0.20378518,0.20378518,0.02274346,0.02274346,21.0,29.0,21.0,29.0
0.25,1.0,PF,803,2,2,pass,1,1,0.6780778,0.6780778,0.173598,0.173598,0.012475382,0.012475382,21.0,29.0,21.0,29.0
0.25,1.0,PF,804,2,2,pass,1,1,0.6677499,0.6677499,0.20378518,0.20378518,0.02274346,0.02274346,21.0,29.0,21.0,29.0
0.25,1.0,PF,805,2,2,pass,1,1,0.6677499,0.6677499,0.20378518,0.20378518,0.02274346,0.02274346,21.0,29.0,21.0,29.0
0.25,1.0,PF,806,2,2,pass,1,1,0.6677499,0.6677499,0.20378518,0.20378518,0.02274346,0.02274346,21.0,29.0,21.0,29.0
0.25,1.0,PF,807,2,2,pass,1,1,0.6677499,0.6677499,0.20378518,0.20378518,0.02274346,0.02274346,21.0,29.0,21.0,29.0
0.25,1.0,PF,808,2,2,pass,1,1,0.6677499,0.6677499,0.20378518,0.20378518,0.02274346,0.02274346,21.0,29.0,21.0,29.0
0.25,1.0,PF,809,2,2,pass,1,1,0.6677499,0.6677499,0.20378518,0.20378518,0.02274346,0.02274346,21.0,29.0,21.0,29.0
0.25,1.0,PF,810,2,2,pass,1,1,0.6506768,0.6506768,0.24160099,0.24160099,0.021516193,0.021516193,21.0,29.0,21.0,29.0
0.25,1.0,PF,811,2,2,pass,1,1,0.7186651,0.7186651,0.16434994,0.16434994,0.025743317,0.025743317,21.0,29.0,21.0,29.0
0.25,1.0,PF,812,2,2,pass,1,1,0.6677499,0.6677499,0.20378518,0.20378518,0.02274346,0.02274346,21.0,29.0,21.0,29.0
0.25,1.0,PF,813,2,2,pass,1,1,0.6682329,0.6682329,0.20650832,0.20650832,0.025042687,0.025042687,21.0,29.0,21.0,29.0
0.25,1.0,PF,814,2,2,pass,1,1,0.65129316,0.65129316,0.21678324,0.21678324,0.023225917,0.023225917,21.0,29.0,21.0,29.0
0.25,1.0,PF,815,2,2,pass,1,1,0.6677499,0.6677499,0.20378518,0.20378518,0.02274346,0.02274346,21.0,29.0,21.0,29.0
0.25,1.0,PF,816,2,2,pass,1,1,0.6677499,0.6677499,0.20378518,0.20378518,0.02274346,0.02274346,21.0,29.0,21.0,29.0
0.25,1.0,PF,817,2,2,pass,1,1,0.6677499,0.6677499,0.20378518,0.20378518,0.02274346,0.02274346,21.0,29.0,21.0,29.0
0.25,1.0,PF,818,2,2,pass,1,1,0.6677499,0.6677499,0.20378518,0.20378518,0.02274346,0.02274346,21.0,29.0,21.0,29.0
0.25,1.0,PF,819,2,2,pass,1,1,0.6374081,0.6374081,0.21929021,0.21929021,0.023887053,0.023887053,21.0,29.0,21.0,29.0
0.25,1.0,PF,820,2,2,pass,1,1,0.6506768,0.6506768,0.24160099,0.24160099,0.021516193,0.021516193,21.0,29.0,21.0,29.0
0.25,1.0,PF,821,2,2,pass,1,1,0.6677499,0.6677499,0.20378518,0.20378518,0.02274346,0.02274346,21.0,29.0,21.0,29.0
0.25,1.0,PF,822,2,2,pass,1,1,0.6677499,0.6677499,0.20378518,0.20378518,0.02274346,0.02274346,21.0,29.0,21.0,29.0
0.25,1.0,PF,823,2,2,pass,1,1,0.6677499,0.6677499,0.20378518,0.20378518,0.02274346,0.02274346,21.0,29.0,21.0,29.0
0.25,1.0,PF,824,2,2,pass,1,1,0.6677499,0.6677499,0.20378518,0.20378518,0.02274346,0.02274346,21.0,29.0,21.0,29.0
0.25,1.0,PF,825,2,2,pass,1,1,0.6677499,0.6677499,0.20378518,0.20378518,0.02274346,0.02274346,21.0,29.0,21.0,29.0
0.25,1.0,PF,826,2,2,pass,1,1,0.6677499,0.6677499,0.20378518,0.20378518,0.02274346,0.02274346,21.0,29.0,21.0,29.0
0.25,1.0,PF,827,2,2,pass,1,1,0.6780778,0.6780778,0.173598,0.173598,0.012475382,0.012475382,21.0,29.0,21.0,29.0
0.25,1.0,PF,828,2,2,pass,1,1,0.6677499,0.6677499,0.20378518,0.20378518,0.02274346,0.02274346,21.0,29.0,21.0,29.0
0.25,1.0,PF,829,2,2,pass,1,1,0.6677499,0.6677499,0.20378518,0.20378518,0.02274346,0.02274346,21.0,29.0,21.0,29.0
0.25,1.0,PF,830,2,2,pass,1,1,0.6677499,0.6677499,0.20378518,0.20378518,0.02274346,0.02274346,21.0,29.0,21.0,29.0
0.25,1.0,PF,831,2,2,pass,1,1,0.6677499,0.6677499,0.20378518,0.20378518,0.02274346,0.02274346,21.0,29.0,21.0,29.0
0.25,1.0,PF,832,2,2,pass,1,1,0.6677499,0.6677499,0.20378518,0.20378518,0.02274346,0.02274346,21.0,29.0,21.0,29.0
0.25,1.0,PF,833,2,2,pass,1,1,0.6682329,0.6682329,0.20650832,0.20650832,0.025042687,0.025042687,21.0,29.0,21.0,29.0
0.25,1.0,PF,834,2,2,pass,1,1,0.6677499,0.6677499,0.20378518,0.20378518,0.02274346,0.02274346,21.0,29.0,21.0,29.0
0.25,1.0,PF,835,2,2,pass,1,1,0.7186651,0.7186651,0.16434994,0.16434994,0.025743317,0.025743317,21.0,29.0,21.0,29.0
0.25,1.0,PF,836,2,2,pass,1,1,0.7186651,0.7186651,0.16434994,0.16434994,0.025743317,0.025743317,21.0,29.0,21.0,29.0
0.25,1.0,PF,837,2,2,pass,1,1,0.6780778,0.6780778,0.173598,0.173598,0.012475382,0.012475382,21.0,29.0,21.0,29.0
0.25,1.0,PF,838,2,2,pass,1,1,0.6677499,0.6677499,0.20378518,0.20378518,0.02274346,0.02274346,21.0,29.0,21.0,29.0
0.25,1.0,PF,839,2,3,shield_to_safe,1,1,0.6677499,0.72676647,0.20378518,0.16350773,0.02274346,0.021733325,21.0,29.0,30.0,20.0
0.25,1.0,PF,840,2,2,pass,1,1,0.6677499,0.6677499,0.20378518,0.20378518,0.02274346,0.02274346,21.0,29.0,21.0,29.0
0.25,1.0,PF,841,2,3,shield_to_safe,1,1,0.6677499,0.72676647,0.20378518,0.16350773,0.02274346,0.021733325,21.0,29.0,30.0,20.0
0.25,1.0,PF,842,2,2,pass,1,1,0.6677499,0.6677499,0.20378518,0.20378518,0.02274346,0.02274346,21.0,29.0,21.0,29.0
0.25,1.0,PF,843,2,2,pass,1,1,0.6677499,0.6677499,0.20378518,0.20378518,0.02274346,0.02274346,21.0,29.0,21.0,29.0
0.25,1.0,PF,844,2,2,pass,1,1,0.6677499,0.6677499,0.20378518,0.20378518,0.02274346,0.02274346,21.0,29.0,21.0,29.0
0.25,1.0,PF,845,2,2,pass,1,1,0.6677499,0.6677499,0.20378518,0.20378518,0.02274346,0.02274346,21.0,29.0,21.0,29.0
0.25,1.0,PF,846,2,2,pass,1,1,0.6677499,0.6677499,0.20378518,0.20378518,0.02274346,0.02274346,21.0,29.0,21.0,29.0
0.25,1.0,PF,847,2,2,pass,1,1,0.6682329,0.6682329,0.20650832,0.20650832,0.025042687,0.025042687,21.0,29.0,21.0,29.0
0.25,1.0,PF,848,2,2,pass,1,1,0.6677499,0.6677499,0.20378518,0.20378518,0.02274346,0.02274346,21.0,29.0,21.0,29.0
0.25,1.0,PF,849,2,2,pass,1,1,0.6677499,0.6677499,0.20378518,0.20378518,0.02274346,0.02274346,21.0,29.0,21.0,29.0
0.25,1.0,PF,850,2,2,pass,1,1,0.6677499,0.6677499,0.20378518,0.20378518,0.02274346,0.02274346,21.0,29.0,21.0,29.0
0.25,1.0,PF,851,2,2,pass,1,1,0.6677499,0.6677499,0.20378518,0.20378518,0.02274346,0.02274346,21.0,29.0,21.0,29.0
0.25,1.0,PF,852,2,2,pass,1,1,0.6677499,0.6677499,0.20378518,0.20378518,0.02274346,0.02274346,21.0,29.0,21.0,29.0
0.25,1.0,PF,853,2,2,pass,1,1,0.6677499,0.6677499,0.20378518,0.20378518,0.02274346,0.02274346,21.0,29.0,21.0,29.0
0.25,1.0,PF,854,2,2,pass,1,1,0.6677499,0.6677499,0.20378518,0.20378518,0.02274346,0.02274346,21.0,29.0,21.0,29.0
0.25,1.0,PF,855,2,2,pass,1,1,0.6677499,0.6677499,0.20378518,0.20378518,0.02274346,0.02274346,21.0,29.0,21.0,29.0
0.25,1.0,PF,856,2,2,pass,1,1,0.6677499,0.6677499,0.20378518,0.20378518,0.02274346,0.02274346,21.0,29.0,21.0,29.0
0.25,1.0,PF,857,2,2,pass,1,1,0.6677499,0.6677499,0.20378518,0.20378518,0.02274346,0.02274346,21.0,29.0,21.0,29.0
0.25,1.0,PF,858,2,2,pass,1,1,0.6677499,0.6677499,0.20378518,0.20378518,0.02274346,0.02274346,21.0,29.0,21.0,29.0
0.25,1.0,PF,859,2,2,pass,1,1,0.6677499,0.6677499,0.20378518,0.20378518,0.02274346,0.02274346,21.0,29.0,21.0,29.0
0.25,1.0,PF,860,2,3,shield_to_safe,1,1,0.65129316,0.72676647,0.21678324,0.16350773,0.023225917,0.021733325,21.0,29.0,30.0,20.0
0.25,1.0,PF,861,2,2,pass,1,1,0.6677499,0.6677499,0.20378518,0.20378518,0.02274346,0.02274346,21.0,29.0,21.0,29.0
0.25,1.0,PF,862,2,2,pass,1,1,0.6677499,0.6677499,0.20378518,0.20378518,0.02274346,0.02274346,21.0,29.0,21.0,29.0
0.25,1.0,PF,863,2,2,pass,1,1,0.6677499,0.6677499,0.20378518,0.20378518,0.02274346,0.02274346,21.0,29.0,21.0,29.0
0.25,1.0,PF,864,2,2,pass,1,1,0.6677499,0.6677499,0.20378518,0.20378518,0.02274346,0.02274346,21.0,29.0,21.0,29.0
0.25,1.0,PF,865,2,2,pass,1,1,0.6677499,0.6677499,0.20378518,0.20378518,0.02274346,0.02274346,21.0,29.0,21.0,29.0
0.25,1.0,PF,866,2,2,pass,1,1,0.6506768,0.6506768,0.24160099,0.24160099,0.021516193,0.021516193,21.0,29.0,21.0,29.0
0.25,1.0,PF,867,2,2,pass,1,1,0.6677499,0.6677499,0.20378518,0.20378518,0.02274346,0.02274346,21.0,29.0,21.0,29.0
0.25,1.0,PF,868,2,2,pass,1,1,0.6677499,0.6677499,0.20378518,0.20378518,0.02274346,0.02274346,21.0,29.0,21.0,29.0
0.25,1.0,PF,869,2,2,pass,1,1,0.6682329,0.6682329,0.20650832,0.20650832,0.025042687,0.025042687,21.0,29.0,21.0,29.0
0.25,1.0,PF,870,2,2,pass,1,1,0.6780778,0.6780778,0.173598,0.173598,0.012475382,0.012475382,21.0,29.0,21.0,29.0
0.25,1.0,PF,871,2,2,pass,1,1,0.6677499,0.6677499,0.20378518,0.20378518,0.02274346,0.02274346,21.0,29.0,21.0,29.0
0.25,1.0,PF,872,2,2,pass,1,1,0.6677499,0.6677499,0.20378518,0.20378518,0.02274346,0.02274346,21.0,29.0,21.0,29.0
0.25,1.0,PF,873,2,2,pass,1,1,0.6677499,0.6677499,0.20378518,0.20378518,0.02274346,0.02274346,21.0,29.0,21.0,29.0
0.25,1.0,PF,874,2,2,pass,1,1,0.6677499,0.6677499,0.20378518,0.20378518,0.02274346,0.02274346,21.0,29.0,21.0,29.0
0.25,1.0,PF,875,2,2,pass,1,1,0.6677499,0.6677499,0.20378518,0.20378518,0.02274346,0.02274346,21.0,29.0,21.0,29.0
0.25,1.0,PF,876,2,2,pass,1,1,0.6677499,0.6677499,0.20378518,0.20378518,0.02274346,0.02274346,21.0,29.0,21.0,29.0
0.25,1.0,PF,877,2,2,pass,1,1,0.6677499,0.6677499,0.20378518,0.20378518,0.02274346,0.02274346,21.0,29.0,21.0,29.0
0.25,1.0,PF,878,2,2,pass,1,1,0.6677499,0.6677499,0.20378518,0.20378518,0.02274346,0.02274346,21.0,29.0,21.0,29.0
0.25,1.0,PF,879,2,2,pass,1,1,0.6677499,0.6677499,0.20378518,0.20378518,0.02274346,0.02274346,21.0,29.0,21.0,29.0
0.25,1.0,PF,880,2,2,pass,1,1,0.6780778,0.6780778,0.173598,0.173598,0.012475382,0.012475382,21.0,29.0,21.0,29.0
0.25,1.0,PF,881,2,2,pass,1,1,0.6677499,0.6677499,0.20378518,0.20378518,0.02274346,0.02274346,21.0,29.0,21.0,29.0
0.25,1.0,PF,882,2,2,pass,1,1,0.6682329,0.6682329,0.20650832,0.20650832,0.025042687,0.025042687,21.0,29.0,21.0,29.0
0.25,1.0,PF,883,2,2,pass,1,1,0.6374081,0.6374081,0.21929021,0.21929021,0.023887053,0.023887053,21.0,29.0,21.0,29.0
0.25,1.0,PF,884,2,2,pass,1,1,0.6677499,0.6677499,0.20378518,0.20378518,0.02274346,0.02274346,21.0,29.0,21.0,29.0
0.25,1.0,PF,885,2,2,pass,1,1,0.6677499,0.6677499,0.20378518,0.20378518,0.02274346,0.02274346,21.0,29.0,21.0,29.0
0.25,1.0,PF,886,2,2,pass,1,1,0.6677499,0.6677499,0.20378518,0.20378518,0.02274346,0.02274346,21.0,29.0,21.0,29.0
0.25,1.0,PF,887,2,2,pass,1,1,0.6677499,0.6677499,0.20378518,0.20378518,0.02274346,0.02274346,21.0,29.0,21.0,29.0
0.25,1.0,PF,888,2,2,pass,1,1,0.6677499,0.6677499,0.20378518,0.20378518,0.02274346,0.02274346,21.0,29.0,21.0,29.0
0.25,1.0,PF,889,2,2,pass,1,1,0.6677499,0.6677499,0.20378518,0.20378518,0.02274346,0.02274346,21.0,29.0,21.0,29.0
0.25,1.0,PF,890,2,2,pass,1,1,0.6677499,0.6677499,0.20378518,0.20378518,0.02274346,0.02274346,21.0,29.0,21.0,29.0
0.25,1.0,PF,891,2,2,pass,1,1,0.6677499,0.6677499,0.20378518,0.20378518,0.02274346,0.02274346,21.0,29.0,21.0,29.0
0.25,1.0,PF,892,2,2,pass,1,1,0.6506768,0.6506768,0.24160099,0.24160099,0.021516193,0.021516193,21.0,29.0,21.0,29.0
0.25,1.0,PF,893,2,2,pass,1,1,0.6677499,0.6677499,0.20378518,0.20378518,0.02274346,0.02274346,21.0,29.0,21.0,29.0
0.25,1.0,PF,894,2,2,pass,1,1,0.6677499,0.6677499,0.20378518,0.20378518,0.02274346,0.02274346,21.0,29.0,21.0,29.0
0.25,1.0,PF,895,2,2,pass,1,1,0.6677499,0.6677499,0.20378518,0.20378518,0.02274346,0.02274346,21.0,29.0,21.0,29.0
0.25,1.0,PF,896,2,2,pass,1,1,0.6677499,0.6677499,0.20378518,0.20378518,0.02274346,0.02274346,21.0,29.0,21.0,29.0
0.25,1.0,PF,897,2,2,pass,1,1,0.6780778,0.6780778,0.173598,0.173598,0.012475382,0.012475382,21.0,29.0,21.0,29.0
0.25,1.0,PF,898,2,2,pass,1,1,0.6677499,0.6677499,0.20378518,0.20378518,0.02274346,0.02274346,21.0,29.0,21.0,29.0
0.25,1.0,PF,899,2,2,pass,1,1,0.6677499,0.6677499,0.20378518,0.20378518,0.02274346,0.02274346,21.0,29.0,21.0,29.0
0.25,1.0,PF,900,2,2,pass,1,1,0.65129316,0.65129316,0.21678324,0.21678324,0.023225917,0.023225917,21.0,29.0,21.0,29.0
0.25,1.0,PF,901,2,2,pass,1,1,0.6677499,0.6677499,0.20378518,0.20378518,0.02274346,0.02274346,21.0,29.0,21.0,29.0
0.25,1.0,PF,902,2,2,pass,1,1,0.6677499,0.6677499,0.20378518,0.20378518,0.02274346,0.02274346,21.0,29.0,21.0,29.0
0.25,1.0,PF,903,2,2,pass,1,1,0.6677499,0.6677499,0.20378518,0.20378518,0.02274346,0.02274346,21.0,29.0,21.0,29.0
0.25,1.0,PF,904,2,2,pass,1,1,0.6677499,0.6677499,0.20378518,0.20378518,0.02274346,0.02274346,21.0,29.0,21.0,29.0
0.25,1.0,PF,905,2,3,shield_to_safe,1,1,0.6677499,0.72676647,0.20378518,0.16350773,0.02274346,0.021733325,21.0,29.0,30.0,20.0
0.25,1.0,PF,906,2,2,pass,1,1,0.6677499,0.6677499,0.20378518,0.20378518,0.02274346,0.02274346,21.0,29.0,21.0,29.0
0.25,1.0,PF,907,2,2,pass,1,1,0.7186651,0.7186651,0.16434994,0.16434994,0.025743317,0.025743317,21.0,29.0,21.0,29.0
0.25,1.0,PF,908,2,2,pass,1,1,0.6677499,0.6677499,0.20378518,0.20378518,0.02274346,0.02274346,21.0,29.0,21.0,29.0
0.25,1.0,PF,909,2,2,pass,1,1,0.6677499,0.6677499,0.20378518,0.20378518,0.02274346,0.02274346,21.0,29.0,21.0,29.0
0.25,1.0,PF,910,2,2,pass,1,1,0.6677499,0.6677499,0.20378518,0.20378518,0.02274346,0.02274346,21.0,29.0,21.0,29.0
0.25,1.0,PF,911,2,2,pass,1,1,0.6677499,0.6677499,0.20378518,0.20378518,0.02274346,0.02274346,21.0,29.0,21.0,29.0
0.25,1.0,PF,912,2,2,pass,1,1,0.7186651,0.7186651,0.16434994,0.16434994,0.025743317,0.025743317,21.0,29.0,21.0,29.0
0.25,1.0,PF,913,2,2,pass,1,1,0.6677499,0.6677499,0.20378518,0.20378518,0.02274346,0.02274346,21.0,29.0,21.0,29.0
0.25,1.0,PF,914,2,2,pass,1,1,0.6677499,0.6677499,0.20378518,0.20378518,0.02274346,0.02274346,21.0,29.0,21.0,29.0
0.25,1.0,PF,915,2,2,pass,1,1,0.6677499,0.6677499,0.20378518,0.20378518,0.02274346,0.02274346,21.0,29.0,21.0,29.0
0.25,1.0,PF,916,2,2,pass,1,1,0.6677499,0.6677499,0.20378518,0.20378518,0.02274346,0.02274346,21.0,29.0,21.0,29.0
0.25,1.0,PF,917,2,2,pass,1,1,0.6677499,0.6677499,0.20378518,0.20378518,0.02274346,0.02274346,21.0,29.0,21.0,29.0
0.25,1.0,PF,918,2,2,pass,1,1,0.6677499,0.6677499,0.20378518,0.20378518,0.02274346,0.02274346,21.0,29.0,21.0,29.0
0.25,1.0,PF,919,2,2,pass,1,1,0.6677499,0.6677499,0.20378518,0.20378518,0.02274346,0.02274346,21.0,29.0,21.0,29.0
0.25,1.0,PF,920,2,2,pass,1,1,0.6780778,0.6780778,0.173598,0.173598,0.012475382,0.012475382,21.0,29.0,21.0,29.0
0.25,1.0,PF,921,2,2,pass,1,1,0.7186651,0.7186651,0.16434994,0.16434994,0.025743317,0.025743317,21.0,29.0,21.0,29.0
0.25,1.0,PF,922,2,2,pass,1,1,0.65129316,0.65129316,0.21678324,0.21678324,0.023225917,0.023225917,21.0,29.0,21.0,29.0
0.25,1.0,PF,923,2,2,pass,1,1,0.6677499,0.6677499,0.20378518,0.20378518,0.02274346,0.02274346,21.0,29.0,21.0,29.0
0.25,1.0,PF,924,2,2,pass,1,1,0.6677499,0.6677499,0.20378518,0.20378518,0.02274346,0.02274346,21.0,29.0,21.0,29.0
0.25,1.0,PF,925,2,2,pass,1,1,0.6677499,0.6677499,0.20378518,0.20378518,0.02274346,0.02274346,21.0,29.0,21.0,29.0
0.25,1.0,PF,926,2,2,pass,1,1,0.6677499,0.6677499,0.20378518,0.20378518,0.02274346,0.02274346,21.0,29.0,21.0,29.0
0.25,1.0,PF,927,2,2,pass,1,1,0.6506768,0.6506768,0.24160099,0.24160099,0.021516193,0.021516193,21.0,29.0,21.0,29.0
0.25,1.0,PF,928,2,2,pass,1,1,0.6677499,0.6677499,0.20378518,0.20378518,0.02274346,0.02274346,21.0,29.0,21.0,29.0
0.25,1.0,PF,929,2,2,pass,1,1,0.6677499,0.6677499,0.20378518,0.20378518,0.02274346,0.02274346,21.0,29.0,21.0,29.0
0.25,1.0,PF,930,2,2,pass,1,1,0.65129316,0.65129316,0.21678324,0.21678324,0.023225917,0.023225917,21.0,29.0,21.0,29.0
0.25,1.0,PF,931,2,2,pass,1,1,0.6677499,0.6677499,0.20378518,0.20378518,0.02274346,0.02274346,21.0,29.0,21.0,29.0
0.25,1.0,PF,932,2,2,pass,1,1,0.6677499,0.6677499,0.20378518,0.20378518,0.02274346,0.02274346,21.0,29.0,21.0,29.0
0.25,1.0,PF,933,2,2,pass,1,1,0.65129316,0.65129316,0.21678324,0.21678324,0.023225917,0.023225917,21.0,29.0,21.0,29.0
0.25,1.0,PF,934,2,2,pass,1,1,0.6677499,0.6677499,0.20378518,0.20378518,0.02274346,0.02274346,21.0,29.0,21.0,29.0
0.25,1.0,PF,935,2,2,pass,1,1,0.6677499,0.6677499,0.20378518,0.20378518,0.02274346,0.02274346,21.0,29.0,21.0,29.0
0.25,1.0,PF,936,2,2,pass,1,1,0.6677499,0.6677499,0.20378518,0.20378518,0.02274346,0.02274346,21.0,29.0,21.0,29.0
0.25,1.0,PF,937,2,2,pass,1,1,0.6677499,0.6677499,0.20378518,0.20378518,0.02274346,0.02274346,21.0,29.0,21.0,29.0
0.25,1.0,PF,938,2,2,pass,1,1,0.6677499,0.6677499,0.20378518,0.20378518,0.02274346,0.02274346,21.0,29.0,21.0,29.0
0.25,1.0,PF,939,2,2,pass,1,1,0.6677499,0.6677499,0.20378518,0.20378518,0.02274346,0.02274346,21.0,29.0,21.0,29.0
0.25,1.0,PF,940,2,2,pass,1,1,0.6677499,0.6677499,0.20378518,0.20378518,0.02274346,0.02274346,21.0,29.0,21.0,29.0
0.25,1.0,PF,941,2,2,pass,1,1,0.6677499,0.6677499,0.20378518,0.20378518,0.02274346,0.02274346,21.0,29.0,21.0,29.0
0.25,1.0,PF,942,2,2,pass,1,1,0.65129316,0.65129316,0.21678324,0.21678324,0.023225917,0.023225917,21.0,29.0,21.0,29.0
0.25,1.0,PF,943,2,2,pass,1,1,0.6677499,0.6677499,0.20378518,0.20378518,0.02274346,0.02274346,21.0,29.0,21.0,29.0
0.25,1.0,PF,944,2,2,pass,1,1,0.6677499,0.6677499,0.20378518,0.20378518,0.02274346,0.02274346,21.0,29.0,21.0,29.0
0.25,1.0,PF,945,2,2,pass,1,1,0.6374081,0.6374081,0.21929021,0.21929021,0.023887053,0.023887053,21.0,29.0,21.0,29.0
0.25,1.0,PF,946,2,2,pass,1,1,0.6677499,0.6677499,0.20378518,0.20378518,0.02274346,0.02274346,21.0,29.0,21.0,29.0
0.25,1.0,PF,947,2,2,pass,1,1,0.6677499,0.6677499,0.20378518,0.20378518,0.02274346,0.02274346,21.0,29.0,21.0,29.0
0.25,1.0,PF,948,2,2,pass,1,1,0.6677499,0.6677499,0.20378518,0.20378518,0.02274346,0.02274346,21.0,29.0,21.0,29.0
0.25,1.0,PF,949,2,2,pass,1,1,0.6677499,0.6677499,0.20378518,0.20378518,0.02274346,0.02274346,21.0,29.0,21.0,29.0
0.25,1.0,PF,950,2,2,pass,1,1,0.6677499,0.6677499,0.20378518,0.20378518,0.02274346,0.02274346,21.0,29.0,21.0,29.0
0.25,1.0,PF,951,2,2,pass,1,1,0.65129316,0.65129316,0.21678324,0.21678324,0.023225917,0.023225917,21.0,29.0,21.0,29.0
0.25,1.0,PF,952,2,2,pass,1,1,0.6677499,0.6677499,0.20378518,0.20378518,0.02274346,0.02274346,21.0,29.0,21.0,29.0
0.25,1.0,PF,953,2,2,pass,1,1,0.6677499,0.6677499,0.20378518,0.20378518,0.02274346,0.02274346,21.0,29.0,21.0,29.0
0.25,1.0,PF,954,2,2,pass,1,1,0.6677499,0.6677499,0.20378518,0.20378518,0.02274346,0.02274346,21.0,29.0,21.0,29.0
0.25,1.0,PF,955,2,2,pass,1,1,0.6677499,0.6677499,0.20378518,0.20378518,0.02274346,0.02274346,21.0,29.0,21.0,29.0
0.25,1.0,PF,956,2,2,pass,1,1,0.6677499,0.6677499,0.20378518,0.20378518,0.02274346,0.02274346,21.0,29.0,21.0,29.0
0.25,1.0,PF,957,2,2,pass,1,1,0.6677499,0.6677499,0.20378518,0.20378518,0.02274346,0.02274346,21.0,29.0,21.0,29.0
0.25,1.0,PF,958,2,3,shield_to_safe,1,1,0.6682329,0.72676647,0.20650832,0.16350773,0.025042687,0.021733325,21.0,29.0,30.0,20.0
0.25,1.0,PF,959,2,2,pass,1,1,0.65129316,0.65129316,0.21678324,0.21678324,0.023225917,0.023225917,21.0,29.0,21.0,29.0
0.25,1.0,PF,960,2,2,pass,1,1,0.6677499,0.6677499,0.20378518,0.20378518,0.02274346,0.02274346,21.0,29.0,21.0,29.0
0.25,1.0,PF,961,2,2,pass,1,1,0.6677499,0.6677499,0.20378518,0.20378518,0.02274346,0.02274346,21.0,29.0,21.0,29.0
0.25,1.0,PF,962,2,2,pass,1,1,0.6677499,0.6677499,0.20378518,0.20378518,0.02274346,0.02274346,21.0,29.0,21.0,29.0
0.25,1.0,PF,963,2,2,pass,1,1,0.6677499,0.6677499,0.20378518,0.20378518,0.02274346,0.02274346,21.0,29.0,21.0,29.0
0.25,1.0,PF,964,2,2,pass,1,1,0.6677499,0.6677499,0.20378518,0.20378518,0.02274346,0.02274346,21.0,29.0,21.0,29.0
0.25,1.0,PF,965,2,2,pass,1,1,0.6677499,0.6677499,0.20378518,0.20378518,0.02274346,0.02274346,21.0,29.0,21.0,29.0
0.25,1.0,PF,966,2,2,pass,1,1,0.6677499,0.6677499,0.20378518,0.20378518,0.02274346,0.02274346,21.0,29.0,21.0,29.0
0.25,1.0,PF,967,2,2,pass,1,1,0.6677499,0.6677499,0.20378518,0.20378518,0.02274346,0.02274346,21.0,29.0,21.0,29.0
0.25,1.0,PF,968,2,2,pass,1,1,0.6677499,0.6677499,0.20378518,0.20378518,0.02274346,0.02274346,21.0,29.0,21.0,29.0
0.25,1.0,PF,969,2,2,pass,1,1,0.6677499,0.6677499,0.20378518,0.20378518,0.02274346,0.02274346,21.0,29.0,21.0,29.0
0.25,1.0,PF,970,2,2,pass,1,1,0.6677499,0.6677499,0.20378518,0.20378518,0.02274346,0.02274346,21.0,29.0,21.0,29.0
0.25,1.0,PF,971,2,2,pass,1,1,0.6677499,0.6677499,0.20378518,0.20378518,0.02274346,0.02274346,21.0,29.0,21.0,29.0
0.25,1.0,PF,972,2,2,pass,1,1,0.6677499,0.6677499,0.20378518,0.20378518,0.02274346,0.02274346,21.0,29.0,21.0,29.0
0.25,1.0,PF,973,2,2,pass,1,1,0.6677499,0.6677499,0.20378518,0.20378518,0.02274346,0.02274346,21.0,29.0,21.0,29.0
0.25,1.0,PF,974,2,2,pass,1,1,0.6677499,0.6677499,0.20378518,0.20378518,0.02274346,0.02274346,21.0,29.0,21.0,29.0
0.25,1.0,PF,975,2,2,pass,1,1,0.6677499,0.6677499,0.20378518,0.20378518,0.02274346,0.02274346,21.0,29.0,21.0,29.0
0.25,1.0,PF,976,2,2,pass,1,1,0.6677499,0.6677499,0.20378518,0.20378518,0.02274346,0.02274346,21.0,29.0,21.0,29.0
0.25,1.0,PF,977,2,2,pass,1,1,0.6677499,0.6677499,0.20378518,0.20378518,0.02274346,0.02274346,21.0,29.0,21.0,29.0
0.25,1.0,PF,978,2,2,pass,1,1,0.6677499,0.6677499,0.20378518,0.20378518,0.02274346,0.02274346,21.0,29.0,21.0,29.0
0.25,1.0,PF,979,2,2,pass,1,1,0.6677499,0.6677499,0.20378518,0.20378518,0.02274346,0.02274346,21.0,29.0,21.0,29.0
0.25,1.0,PF,980,2,2,pass,1,1,0.6677499,0.6677499,0.20378518,0.20378518,0.02274346,0.02274346,21.0,29.0,21.0,29.0
0.25,1.0,PF,981,2,2,pass,1,1,0.65129316,0.65129316,0.21678324,0.21678324,0.023225917,0.023225917,21.0,29.0,21.0,29.0
0.25,1.0,PF,982,2,2,pass,1,1,0.6677499,0.6677499,0.20378518,0.20378518,0.02274346,0.02274346,21.0,29.0,21.0,29.0
0.25,1.0,PF,983,2,2,pass,1,1,0.6677499,0.6677499,0.20378518,0.20378518,0.02274346,0.02274346,21.0,29.0,21.0,29.0
0.25,1.0,PF,984,2,3,shield_to_safe,1,1,0.6677499,0.72676647,0.20378518,0.16350773,0.02274346,0.021733325,21.0,29.0,30.0,20.0
0.25,1.0,PF,985,2,2,pass,1,1,0.6677499,0.6677499,0.20378518,0.20378518,0.02274346,0.02274346,21.0,29.0,21.0,29.0
0.25,1.0,PF,986,2,2,pass,1,1,0.6677499,0.6677499,0.20378518,0.20378518,0.02274346,0.02274346,21.0,29.0,21.0,29.0
0.25,1.0,PF,987,2,2,pass,1,1,0.6682329,0.6682329,0.20650832,0.20650832,0.025042687,0.025042687,21.0,29.0,21.0,29.0
0.25,1.0,PF,988,2,2,pass,1,1,0.6677499,0.6677499,0.20378518,0.20378518,0.02274346,0.02274346,21.0,29.0,21.0,29.0
0.25,1.0,PF,989,2,2,pass,1,1,0.6677499,0.6677499,0.20378518,0.20378518,0.02274346,0.02274346,21.0,29.0,21.0,29.0
0.25,1.0,PF,990,2,2,pass,1,1,0.6677499,0.6677499,0.20378518,0.20378518,0.02274346,0.02274346,21.0,29.0,21.0,29.0
0.25,1.0,PF,991,2,2,pass,1,1,0.6677499,0.6677499,0.20378518,0.20378518,0.02274346,0.02274346,21.0,29.0,21.0,29.0
0.25,1.0,PF,992,2,2,pass,1,1,0.6677499,0.6677499,0.20378518,0.20378518,0.02274346,0.02274346,21.0,29.0,21.0,29.0
0.25,1.0,PF,993,2,2,pass,1,1,0.6506768,0.6506768,0.24160099,0.24160099,0.021516193,0.021516193,21.0,29.0,21.0,29.0
0.25,1.0,PF,994,2,2,pass,1,1,0.6682329,0.6682329,0.20650832,0.20650832,0.025042687,0.025042687,21.0,29.0,21.0,29.0
0.25,1.0,PF,995,2,2,pass,1,1,0.6677499,0.6677499,0.20378518,0.20378518,0.02274346,0.02274346,21.0,29.0,21.0,29.0
0.25,1.0,PF,996,2,2,pass,1,1,0.6677499,0.6677499,0.20378518,0.20378518,0.02274346,0.02274346,21.0,29.0,21.0,29.0
0.25,1.0,PF,997,2,2,pass,1,1,0.6677499,0.6677499,0.20378518,0.20378518,0.02274346,0.02274346,21.0,29.0,21.0,29.0
0.25,1.0,PF,998,2,3,shield_to_safe,1,1,0.6677499,0.73401,0.20378518,0.13762727,0.02274346,0.022150757,21.0,29.0,30.0,20.0
0.25,1.0,PF,999,2,2,pass,1,1,0.6677499,0.6677499,0.20378518,0.20378518,0.02274346,0.02274346,21.0,29.0,21.0,29.0
0.25,1.0,PF,1000,2,2,pass,1,1,0.65129316,0.65129316,0.21678324,0.21678324,0.023225917,0.023225917,21.0,29.0,21.0,29.0
0.25,1.0,PF,1001,2,2,pass,1,1,0.6677499,0.6677499,0.20378518,0.20378518,0.02274346,0.02274346,21.0,29.0,21.0,29.0
0.25,1.0,PF,1002,2,2,pass,1,1,0.6677499,0.6677499,0.20378518,0.20378518,0.02274346,0.02274346,21.0,29.0,21.0,29.0
0.25,1.0,PF,1003,2,2,pass,1,1,0.6677499,0.6677499,0.20378518,0.20378518,0.02274346,0.02274346,21.0,29.0,21.0,29.0
0.25,1.0,PF,1004,2,2,pass,1,1,0.6677499,0.6677499,0.20378518,0.20378518,0.02274346,0.02274346,21.0,29.0,21.0,29.0
0.25,1.0,PF,1005,2,2,pass,1,1,0.6677499,0.6677499,0.20378518,0.20378518,0.02274346,0.02274346,21.0,29.0,21.0,29.0
0.25,1.0,PF,1006,2,2,pass,1,1,0.6677499,0.6677499,0.20378518,0.20378518,0.02274346,0.02274346,21.0,29.0,21.0,29.0
0.25,1.0,PF,1007,2,2,pass,1,1,0.65129316,0.65129316,0.21678324,0.21678324,0.023225917,0.023225917,21.0,29.0,21.0,29.0
0.25,1.0,PF,1008,2,2,pass,1,1,0.6677499,0.6677499,0.20378518,0.20378518,0.02274346,0.02274346,21.0,29.0,21.0,29.0
0.25,1.0,PF,1009,2,2,pass,1,1,0.6677499,0.6677499,0.20378518,0.20378518,0.02274346,0.02274346,21.0,29.0,21.0,29.0
0.25,1.0,PF,1010,2,2,pass,1,1,0.6677499,0.6677499,0.20378518,0.20378518,0.02274346,0.02274346,21.0,29.0,21.0,29.0
0.25,1.0,PF,1011,2,2,pass,1,1,0.6677499,0.6677499,0.20378518,0.20378518,0.02274346,0.02274346,21.0,29.0,21.0,29.0
0.25,1.0,PF,1012,2,2,pass,1,1,0.6682329,0.6682329,0.20650832,0.20650832,0.025042687,0.025042687,21.0,29.0,21.0,29.0
0.25,1.0,PF,1013,2,2,pass,1,1,0.6677499,0.6677499,0.20378518,0.20378518,0.02274346,0.02274346,21.0,29.0,21.0,29.0
0.25,1.0,PF,1014,2,2,pass,1,1,0.7186651,0.7186651,0.16434994,0.16434994,0.025743317,0.025743317,21.0,29.0,21.0,29.0
0.25,1.0,PF,1015,2,2,pass,1,1,0.6677499,0.6677499,0.20378518,0.20378518,0.02274346,0.02274346,21.0,29.0,21.0,29.0
0.25,1.0,PF,1016,2,2,pass,1,1,0.6677499,0.6677499,0.20378518,0.20378518,0.02274346,0.02274346,21.0,29.0,21.0,29.0
0.25,1.0,PF,1017,2,2,pass,1,1,0.6677499,0.6677499,0.20378518,0.20378518,0.02274346,0.02274346,21.0,29.0,21.0,29.0
0.25,1.0,PF,1018,2,2,pass,1,1,0.65129316,0.65129316,0.21678324,0.21678324,0.023225917,0.023225917,21.0,29.0,21.0,29.0
0.25,1.0,PF,1019,2,2,pass,1,1,0.6677499,0.6677499,0.20378518,0.20378518,0.02274346,0.02274346,21.0,29.0,21.0,29.0
0.25,1.0,PF,1020,2,2,pass,1,1,0.6677499,0.6677499,0.20378518,0.20378518,0.02274346,0.02274346,21.0,29.0,21.0,29.0
0.25,1.0,PF,1021,2,2,pass,1,1,0.6677499,0.6677499,0.20378518,0.20378518,0.02274346,0.02274346,21.0,29.0,21.0,29.0
0.25,1.0,PF,1022,2,2,pass,1,1,0.6677499,0.6677499,0.20378518,0.20378518,0.02274346,0.02274346,21.0,29.0,21.0,29.0
0.25,1.0,PF,1023,2,2,pass,1,1,0.6677499,0.6677499,0.20378518,0.20378518,0.02274346,0.02274346,21.0,29.0,21.0,29.0
0.25,1.0,PF,1024,2,2,pass,1,1,0.6677499,0.6677499,0.20378518,0.20378518,0.02274346,0.02274346,21.0,29.0,21.0,29.0
0.25,1.0,PF,1025,2,2,pass,1,1,0.6677499,0.6677499,0.20378518,0.20378518,0.02274346,0.02274346,21.0,29.0,21.0,29.0
0.25,1.0,PF,1026,2,2,pass,1,1,0.65129316,0.65129316,0.21678324,0.21678324,0.023225917,0.023225917,21.0,29.0,21.0,29.0
0.25,1.0,PF,1027,2,2,pass,1,1,0.6677499,0.6677499,0.20378518,0.20378518,0.02274346,0.02274346,21.0,29.0,21.0,29.0
0.25,1.0,PF,1028,2,2,pass,1,1,0.6677499,0.6677499,0.20378518,0.20378518,0.02274346,0.02274346,21.0,29.0,21.0,29.0
0.25,1.0,PF,1029,2,2,pass,1,1,0.6677499,0.6677499,0.20378518,0.20378518,0.02274346,0.02274346,21.0,29.0,21.0,29.0
0.25,1.0,PF,1030,2,2,pass,1,1,0.6677499,0.6677499,0.20378518,0.20378518,0.02274346,0.02274346,21.0,29.0,21.0,29.0
0.25,1.0,PF,1031,2,2,pass,1,1,0.6682329,0.6682329,0.20650832,0.20650832,0.025042687,0.025042687,21.0,29.0,21.0,29.0
0.25,1.0,PF,1032,2,2,pass,1,1,0.6677499,0.6677499,0.20378518,0.20378518,0.02274346,0.02274346,21.0,29.0,21.0,29.0
0.25,1.0,PF,1033,2,2,pass,1,1,0.6677499,0.6677499,0.20378518,0.20378518,0.02274346,0.02274346,21.0,29.0,21.0,29.0
0.25,1.0,PF,1034,2,2,pass,1,1,0.6677499,0.6677499,0.20378518,0.20378518,0.02274346,0.02274346,21.0,29.0,21.0,29.0
0.25,1.0,PF,1035,2,2,pass,1,1,0.65129316,0.65129316,0.21678324,0.21678324,0.023225917,0.023225917,21.0,29.0,21.0,29.0
0.25,1.0,PF,1036,2,2,pass,1,1,0.6677499,0.6677499,0.20378518,0.20378518,0.02274346,0.02274346,21.0,29.0,21.0,29.0
0.25,1.0,PF,1037,2,2,pass,1,1,0.6677499,0.6677499,0.20378518,0.20378518,0.02274346,0.02274346,21.0,29.0,21.0,29.0
0.25,1.0,PF,1038,2,2,pass,1,1,0.6682329,0.6682329,0.20650832,0.20650832,0.025042687,0.025042687,21.0,29.0,21.0,29.0
0.25,1.0,PF,1039,2,2,pass,1,1,0.65129316,0.65129316,0.21678324,0.21678324,0.023225917,0.023225917,21.0,29.0,21.0,29.0
0.25,1.0,PF,1040,2,2,pass,1,1,0.6677499,0.6677499,0.20378518,0.20378518,0.02274346,0.02274346,21.0,29.0,21.0,29.0
0.25,1.0,PF,1041,2,2,pass,1,1,0.6677499,0.6677499,0.20378518,0.20378518,0.02274346,0.02274346,21.0,29.0,21.0,29.0
0.25,1.0,PF,1042,2,2,pass,1,1,0.6677499,0.6677499,0.20378518,0.20378518,0.02274346,0.02274346,21.0,29.0,21.0,29.0
0.25,1.0,PF,1043,2,2,pass,1,1,0.6682329,0.6682329,0.20650832,0.20650832,0.025042687,0.025042687,21.0,29.0,21.0,29.0
0.25,1.0,PF,1044,2,2,pass,1,1,0.6677499,0.6677499,0.20378518,0.20378518,0.02274346,0.02274346,21.0,29.0,21.0,29.0
0.25,1.0,PF,1045,2,2,pass,1,1,0.6677499,0.6677499,0.20378518,0.20378518,0.02274346,0.02274346,21.0,29.0,21.0,29.0
0.25,1.0,PF,1046,2,2,pass,1,1,0.6677499,0.6677499,0.20378518,0.20378518,0.02274346,0.02274346,21.0,29.0,21.0,29.0
0.25,1.0,PF,1047,2,2,pass,1,1,0.65129316,0.65129316,0.21678324,0.21678324,0.023225917,0.023225917,21.0,29.0,21.0,29.0
0.25,1.0,PF,1048,2,2,pass,1,1,0.6677499,0.6677499,0.20378518,0.20378518,0.02274346,0.02274346,21.0,29.0,21.0,29.0
0.25,1.0,PF,1049,2,2,pass,1,1,0.6677499,0.6677499,0.20378518,0.20378518,0.02274346,0.02274346,21.0,29.0,21.0,29.0
0.25,1.0,PF,1050,2,2,pass,1,1,0.6677499,0.6677499,0.20378518,0.20378518,0.02274346,0.02274346,21.0,29.0,21.0,29.0
0.25,1.0,PF,1051,2,2,pass,1,1,0.6682329,0.6682329,0.20650832,0.20650832,0.025042687,0.025042687,21.0,29.0,21.0,29.0
0.25,1.0,PF,1052,2,2,pass,1,1,0.6677499,0.6677499,0.20378518,0.20378518,0.02274346,0.02274346,21.0,29.0,21.0,29.0
0.25,1.0,PF,1053,2,2,pass,1,1,0.6677499,0.6677499,0.20378518,0.20378518,0.02274346,0.02274346,21.0,29.0,21.0,29.0
0.25,1.0,PF,1054,2,2,pass,1,1,0.6677499,0.6677499,0.20378518,0.20378518,0.02274346,0.02274346,21.0,29.0,21.0,29.0
0.25,1.0,PF,1055,2,2,pass,1,1,0.6677499,0.6677499,0.20378518,0.20378518,0.02274346,0.02274346,21.0,29.0,21.0,29.0
0.25,1.0,PF,1056,2,3,shield_to_safe,1,1,0.6677499,0.7400724,0.20378518,0.1305214,0.02274346,0.019261362,21.0,29.0,30.0,20.0
0.25,1.0,PF,1057,2,2,pass,1,1,0.6677499,0.6677499,0.20378518,0.20378518,0.02274346,0.02274346,21.0,29.0,21.0,29.0
0.25,1.0,PF,1058,2,2,pass,1,1,0.6682329,0.6682329,0.20650832,0.20650832,0.025042687,0.025042687,21.0,29.0,21.0,29.0
0.25,1.0,PF,1059,2,2,pass,1,1,0.6677499,0.6677499,0.20378518,0.20378518,0.02274346,0.02274346,21.0,29.0,21.0,29.0
0.25,1.0,PF,1060,2,2,pass,1,1,0.6677499,0.6677499,0.20378518,0.20378518,0.02274346,0.02274346,21.0,29.0,21.0,29.0
0.25,1.0,PF,1061,2,2,pass,1,1,0.6677499,0.6677499,0.20378518,0.20378518,0.02274346,0.02274346,21.0,29.0,21.0,29.0
0.25,1.0,PF,1062,2,2,pass,1,1,0.6677499,0.6677499,0.20378518,0.20378518,0.02274346,0.02274346,21.0,29.0,21.0,29.0
0.25,1.0,PF,1063,2,2,pass,1,1,0.6677499,0.6677499,0.20378518,0.20378518,0.02274346,0.02274346,21.0,29.0,21.0,29.0
0.25,1.0,PF,1064,2,2,pass,1,1,0.6677499,0.6677499,0.20378518,0.20378518,0.02274346,0.02274346,21.0,29.0,21.0,29.0
0.25,1.0,PF,1065,2,2,pass,1,1,0.6677499,0.6677499,0.20378518,0.20378518,0.02274346,0.02274346,21.0,29.0,21.0,29.0
0.25,1.0,PF,1066,2,2,pass,1,1,0.6677499,0.6677499,0.20378518,0.20378518,0.02274346,0.02274346,21.0,29.0,21.0,29.0
0.25,1.0,PF,1067,2,2,pass,1,1,0.6677499,0.6677499,0.20378518,0.20378518,0.02274346,0.02274346,21.0,29.0,21.0,29.0
0.25,1.0,PF,1068,2,2,pass,1,1,0.6677499,0.6677499,0.20378518,0.20378518,0.02274346,0.02274346,21.0,29.0,21.0,29.0
0.25,1.0,PF,1069,2,2,pass,1,1,0.7186651,0.7186651,0.16434994,0.16434994,0.025743317,0.025743317,21.0,29.0,21.0,29.0
0.25,1.0,PF,1070,2,2,pass,1,1,0.6677499,0.6677499,0.20378518,0.20378518,0.02274346,0.02274346,21.0,29.0,21.0,29.0
0.25,1.0,PF,1071,2,2,pass,1,1,0.6677499,0.6677499,0.20378518,0.20378518,0.02274346,0.02274346,21.0,29.0,21.0,29.0
0.25,1.0,PF,1072,2,2,pass,1,1,0.6677499,0.6677499,0.20378518,0.20378518,0.02274346,0.02274346,21.0,29.0,21.0,29.0
0.25,1.0,PF,1073,2,2,pass,1,1,0.6677499,0.6677499,0.20378518,0.20378518,0.02274346,0.02274346,21.0,29.0,21.0,29.0
0.25,1.0,PF,1074,2,2,pass,1,1,0.7186651,0.7186651,0.16434994,0.16434994,0.025743317,0.025743317,21.0,29.0,21.0,29.0
0.25,1.0,PF,1075,2,2,pass,1,1,0.65129316,0.65129316,0.21678324,0.21678324,0.023225917,0.023225917,21.0,29.0,21.0,29.0
0.25,1.0,PF,1076,2,2,pass,1,1,0.6677499,0.6677499,0.20378518,0.20378518,0.02274346,0.02274346,21.0,29.0,21.0,29.0
0.25,1.0,PF,1077,2,2,pass,1,1,0.6677499,0.6677499,0.20378518,0.20378518,0.02274346,0.02274346,21.0,29.0,21.0,29.0
0.25,1.0,PF,1078,2,2,pass,1,1,0.6677499,0.6677499,0.20378518,0.20378518,0.02274346,0.02274346,21.0,29.0,21.0,29.0
0.25,1.0,PF,1079,2,2,pass,1,1,0.6677499,0.6677499,0.20378518,0.20378518,0.02274346,0.02274346,21.0,29.0,21.0,29.0
0.25,1.0,PF,1080,2,2,pass,1,1,0.65129316,0.65129316,0.21678324,0.21678324,0.023225917,0.023225917,21.0,29.0,21.0,29.0
0.25,1.0,PF,1081,2,2,pass,1,1,0.6677499,0.6677499,0.20378518,0.20378518,0.02274346,0.02274346,21.0,29.0,21.0,29.0
0.25,1.0,PF,1082,2,2,pass,1,1,0.65129316,0.65129316,0.21678324,0.21678324,0.023225917,0.023225917,21.0,29.0,21.0,29.0
0.25,1.0,PF,1083,2,2,pass,1,1,0.65129316,0.65129316,0.21678324,0.21678324,0.023225917,0.023225917,21.0,29.0,21.0,29.0
0.25,1.0,PF,1084,2,2,pass,1,1,0.6677499,0.6677499,0.20378518,0.20378518,0.02274346,0.02274346,21.0,29.0,21.0,29.0
0.25,1.0,PF,1085,2,2,pass,1,1,0.6677499,0.6677499,0.20378518,0.20378518,0.02274346,0.02274346,21.0,29.0,21.0,29.0
0.25,1.0,PF,1086,2,2,pass,1,1,0.6677499,0.6677499,0.20378518,0.20378518,0.02274346,0.02274346,21.0,29.0,21.0,29.0
0.25,1.0,PF,1087,2,2,pass,1,1,0.6677499,0.6677499,0.20378518,0.20378518,0.02274346,0.02274346,21.0,29.0,21.0,29.0
0.25,1.0,PF,1088,2,2,pass,1,1,0.6677499,0.6677499,0.20378518,0.20378518,0.02274346,0.02274346,21.0,29.0,21.0,29.0
0.25,1.0,PF,1089,2,2,pass,1,1,0.6677499,0.6677499,0.20378518,0.20378518,0.02274346,0.02274346,21.0,29.0,21.0,29.0
0.25,1.0,PF,1090,2,2,pass,1,1,0.6677499,0.6677499,0.20378518,0.20378518,0.02274346,0.02274346,21.0,29.0,21.0,29.0
0.25,1.0,PF,1091,2,2,pass,1,1,0.6677499,0.6677499,0.20378518,0.20378518,0.02274346,0.02274346,21.0,29.0,21.0,29.0
0.25,1.0,PF,1092,2,2,pass,1,1,0.6677499,0.6677499,0.20378518,0.20378518,0.02274346,0.02274346,21.0,29.0,21.0,29.0
0.25,1.0,PF,1093,2,2,pass,1,1,0.6677499,0.6677499,0.20378518,0.20378518,0.02274346,0.02274346,21.0,29.0,21.0,29.0
0.25,1.0,PF,1094,2,2,pass,1,1,0.6677499,0.6677499,0.20378518,0.20378518,0.02274346,0.02274346,21.0,29.0,21.0,29.0
0.25,1.0,PF,1095,2,2,pass,1,1,0.6677499,0.6677499,0.20378518,0.20378518,0.02274346,0.02274346,21.0,29.0,21.0,29.0
0.25,1.0,PF,1096,2,2,pass,1,1,0.6677499,0.6677499,0.20378518,0.20378518,0.02274346,0.02274346,21.0,29.0,21.0,29.0
0.25,1.0,PF,1097,2,2,pass,1,1,0.6677499,0.6677499,0.20378518,0.20378518,0.02274346,0.02274346,21.0,29.0,21.0,29.0
0.25,1.0,PF,1098,2,2,pass,1,1,0.6677499,0.6677499,0.20378518,0.20378518,0.02274346,0.02274346,21.0,29.0,21.0,29.0
0.25,1.0,PF,1099,2,2,pass,1,1,0.6677499,0.6677499,0.20378518,0.20378518,0.02274346,0.02274346,21.0,29.0,21.0,29.0
0.25,1.0,PF,1100,2,2,pass,1,1,0.6677499,0.6677499,0.20378518,0.20378518,0.02274346,0.02274346,21.0,29.0,21.0,29.0
0.25,1.0,PF,1101,2,2,pass,1,1,0.6677499,0.6677499,0.20378518,0.20378518,0.02274346,0.02274346,21.0,29.0,21.0,29.0
0.25,1.0,PF,1102,2,2,pass,1,1,0.6677499,0.6677499,0.20378518,0.20378518,0.02274346,0.02274346,21.0,29.0,21.0,29.0
0.25,1.0,PF,1103,2,2,pass,1,1,0.6677499,0.6677499,0.20378518,0.20378518,0.02274346,0.02274346,21.0,29.0,21.0,29.0
0.25,1.0,PF,1104,2,2,pass,1,1,0.6677499,0.6677499,0.20378518,0.20378518,0.02274346,0.02274346,21.0,29.0,21.0,29.0
0.25,1.0,PF,1105,2,2,pass,1,1,0.6677499,0.6677499,0.20378518,0.20378518,0.02274346,0.02274346,21.0,29.0,21.0,29.0
0.25,1.0,PF,1106,2,2,pass,1,1,0.6677499,0.6677499,0.20378518,0.20378518,0.02274346,0.02274346,21.0,29.0,21.0,29.0
0.25,1.0,PF,1107,2,2,pass,1,1,0.65129316,0.65129316,0.21678324,0.21678324,0.023225917,0.023225917,21.0,29.0,21.0,29.0
0.25,1.0,PF,1108,2,2,pass,1,1,0.6677499,0.6677499,0.20378518,0.20378518,0.02274346,0.02274346,21.0,29.0,21.0,29.0
0.25,1.0,PF,1109,2,2,pass,1,1,0.6677499,0.6677499,0.20378518,0.20378518,0.02274346,0.02274346,21.0,29.0,21.0,29.0
0.25,1.0,PF,1110,2,2,pass,1,1,0.7186651,0.7186651,0.16434994,0.16434994,0.025743317,0.025743317,21.0,29.0,21.0,29.0
0.25,1.0,PF,1111,2,2,pass,1,1,0.65129316,0.65129316,0.21678324,0.21678324,0.023225917,0.023225917,21.0,29.0,21.0,29.0
0.25,1.0,PF,1112,2,2,pass,1,1,0.6677499,0.6677499,0.20378518,0.20378518,0.02274346,0.02274346,21.0,29.0,21.0,29.0
0.25,1.0,PF,1113,2,2,pass,1,1,0.6677499,0.6677499,0.20378518,0.20378518,0.02274346,0.02274346,21.0,29.0,21.0,29.0
0.25,1.0,PF,1114,2,2,pass,1,1,0.6677499,0.6677499,0.20378518,0.20378518,0.02274346,0.02274346,21.0,29.0,21.0,29.0
0.25,1.0,PF,1115,2,2,pass,1,1,0.6677499,0.6677499,0.20378518,0.20378518,0.02274346,0.02274346,21.0,29.0,21.0,29.0
0.25,1.0,PF,1116,2,2,pass,1,1,0.6677499,0.6677499,0.20378518,0.20378518,0.02274346,0.02274346,21.0,29.0,21.0,29.0
0.25,1.0,PF,1117,2,2,pass,1,1,0.6677499,0.6677499,0.20378518,0.20378518,0.02274346,0.02274346,21.0,29.0,21.0,29.0
0.25,1.0,PF,1118,2,2,pass,1,1,0.6506768,0.6506768,0.24160099,0.24160099,0.021516193,0.021516193,21.0,29.0,21.0,29.0
0.25,1.0,PF,1119,2,2,pass,1,1,0.6780778,0.6780778,0.173598,0.173598,0.012475382,0.012475382,21.0,29.0,21.0,29.0
0.25,1.0,PF,1120,2,2,pass,1,1,0.6677499,0.6677499,0.20378518,0.20378518,0.02274346,0.02274346,21.0,29.0,21.0,29.0
0.25,1.0,PF,1121,2,2,pass,1,1,0.6677499,0.6677499,0.20378518,0.20378518,0.02274346,0.02274346,21.0,29.0,21.0,29.0
0.25,1.0,PF,1122,2,2,pass,1,1,0.6677499,0.6677499,0.20378518,0.20378518,0.02274346,0.02274346,21.0,29.0,21.0,29.0
0.25,1.0,PF,1123,2,2,pass,1,1,0.6677499,0.6677499,0.20378518,0.20378518,0.02274346,0.02274346,21.0,29.0,21.0,29.0
0.25,1.0,PF,1124,2,3,shield_to_safe,1,1,0.6682329,0.72676647,0.20650832,0.16350773,0.025042687,0.021733325,21.0,29.0,30.0,20.0
0.25,1.0,PF,1125,2,2,pass,1,1,0.6677499,0.6677499,0.20378518,0.20378518,0.02274346,0.02274346,21.0,29.0,21.0,29.0
0.25,1.0,PF,1126,2,2,pass,1,1,0.7186651,0.7186651,0.16434994,0.16434994,0.025743317,0.025743317,21.0,29.0,21.0,29.0
0.25,1.0,PF,1127,2,2,pass,1,1,0.6677499,0.6677499,0.20378518,0.20378518,0.02274346,0.02274346,21.0,29.0,21.0,29.0
0.25,1.0,PF,1128,2,2,pass,1,1,0.7186651,0.7186651,0.16434994,0.16434994,0.025743317,0.025743317,21.0,29.0,21.0,29.0
0.25,1.0,PF,1129,2,2,pass,1,1,0.6677499,0.6677499,0.20378518,0.20378518,0.02274346,0.02274346,21.0,29.0,21.0,29.0
0.25,1.0,PF,1130,2,2,pass,1,1,0.65129316,0.65129316,0.21678324,0.21678324,0.023225917,0.023225917,21.0,29.0,21.0,29.0
0.25,1.0,PF,1131,2,2,pass,1,1,0.7186651,0.7186651,0.16434994,0.16434994,0.025743317,0.025743317,21.0,29.0,21.0,29.0
0.25,1.0,PF,1132,2,2,pass,1,1,0.6677499,0.6677499,0.20378518,0.20378518,0.02274346,0.02274346,21.0,29.0,21.0,29.0
0.25,1.0,PF,1133,2,2,pass,1,1,0.6677499,0.6677499,0.20378518,0.20378518,0.02274346,0.02274346,21.0,29.0,21.0,29.0
0.25,1.0,PF,1134,2,2,pass,1,1,0.6677499,0.6677499,0.20378518,0.20378518,0.02274346,0.02274346,21.0,29.0,21.0,29.0
0.25,1.0,PF,1135,2,2,pass,1,1,0.65129316,0.65129316,0.21678324,0.21678324,0.023225917,0.023225917,21.0,29.0,21.0,29.0
0.25,1.0,PF,1136,2,2,pass,1,1,0.6677499,0.6677499,0.20378518,0.20378518,0.02274346,0.02274346,21.0,29.0,21.0,29.0
0.25,1.0,PF,1137,2,2,pass,1,1,0.6677499,0.6677499,0.20378518,0.20378518,0.02274346,0.02274346,21.0,29.0,21.0,29.0
0.25,1.0,PF,1138,2,2,pass,1,1,0.6677499,0.6677499,0.20378518,0.20378518,0.02274346,0.02274346,21.0,29.0,21.0,29.0
0.25,1.0,PF,1139,2,2,pass,1,1,0.6677499,0.6677499,0.20378518,0.20378518,0.02274346,0.02274346,21.0,29.0,21.0,29.0
0.25,1.0,PF,1140,2,2,pass,1,1,0.6677499,0.6677499,0.20378518,0.20378518,0.02274346,0.02274346,21.0,29.0,21.0,29.0
0.25,1.0,PF,1141,2,2,pass,1,1,0.7186651,0.7186651,0.16434994,0.16434994,0.025743317,0.025743317,21.0,29.0,21.0,29.0
0.25,1.0,PF,1142,2,2,pass,1,1,0.6677499,0.6677499,0.20378518,0.20378518,0.02274346,0.02274346,21.0,29.0,21.0,29.0
0.25,1.0,PF,1143,2,2,pass,1,1,0.6677499,0.6677499,0.20378518,0.20378518,0.02274346,0.02274346,21.0,29.0,21.0,29.0
0.25,1.0,PF,1144,2,2,pass,1,1,0.6677499,0.6677499,0.20378518,0.20378518,0.02274346,0.02274346,21.0,29.0,21.0,29.0
0.25,1.0,PF,1145,2,2,pass,1,1,0.6506768,0.6506768,0.24160099,0.24160099,0.021516193,0.021516193,21.0,29.0,21.0,29.0
0.25,1.0,PF,1146,2,2,pass,1,1,0.6677499,0.6677499,0.20378518,0.20378518,0.02274346,0.02274346,21.0,29.0,21.0,29.0
0.25,1.0,PF,1147,2,2,pass,1,1,0.65129316,0.65129316,0.21678324,0.21678324,0.023225917,0.023225917,21.0,29.0,21.0,29.0
0.25,1.0,PF,1148,2,2,pass,1,1,0.6682329,0.6682329,0.20650832,0.20650832,0.025042687,0.025042687,21.0,29.0,21.0,29.0
0.25,1.0,PF,1149,2,2,pass,1,1,0.6677499,0.6677499,0.20378518,0.20378518,0.02274346,0.02274346,21.0,29.0,21.0,29.0
0.25,1.0,PF,1150,2,2,pass,1,1,0.6677499,0.6677499,0.20378518,0.20378518,0.02274346,0.02274346,21.0,29.0,21.0,29.0
0.25,1.0,PF,1151,2,2,pass,1,1,0.6677499,0.6677499,0.20378518,0.20378518,0.02274346,0.02274346,21.0,29.0,21.0,29.0
0.25,1.0,PF,1152,2,2,pass,1,1,0.6677499,0.6677499,0.20378518,0.20378518,0.02274346,0.02274346,21.0,29.0,21.0,29.0
0.25,1.0,PF,1153,2,2,pass,1,1,0.6677499,0.6677499,0.20378518,0.20378518,0.02274346,0.02274346,21.0,29.0,21.0,29.0
0.25,1.0,PF,1154,2,2,pass,1,1,0.7186651,0.7186651,0.16434994,0.16434994,0.025743317,0.025743317,21.0,29.0,21.0,29.0
0.25,1.0,PF,1155,2,2,pass,1,1,0.6677499,0.6677499,0.20378518,0.20378518,0.02274346,0.02274346,21.0,29.0,21.0,29.0
0.25,1.0,PF,1156,2,2,pass,1,1,0.6677499,0.6677499,0.20378518,0.20378518,0.02274346,0.02274346,21.0,29.0,21.0,29.0
0.25,1.0,PF,1157,2,2,pass,1,1,0.6677499,0.6677499,0.20378518,0.20378518,0.02274346,0.02274346,21.0,29.0,21.0,29.0
0.25,1.0,PF,1158,2,2,pass,1,1,0.6677499,0.6677499,0.20378518,0.20378518,0.02274346,0.02274346,21.0,29.0,21.0,29.0
0.25,1.0,PF,1159,2,2,pass,1,1,0.6677499,0.6677499,0.20378518,0.20378518,0.02274346,0.02274346,21.0,29.0,21.0,29.0
0.25,1.0,PF,1160,2,2,pass,1,1,0.6677499,0.6677499,0.20378518,0.20378518,0.02274346,0.02274346,21.0,29.0,21.0,29.0
0.25,1.0,PF,1161,2,2,pass,1,1,0.6677499,0.6677499,0.20378518,0.20378518,0.02274346,0.02274346,21.0,29.0,21.0,29.0
0.25,1.0,PF,1162,2,2,pass,1,1,0.6677499,0.6677499,0.20378518,0.20378518,0.02274346,0.02274346,21.0,29.0,21.0,29.0
0.25,1.0,PF,1163,2,2,pass,1,1,0.6677499,0.6677499,0.20378518,0.20378518,0.02274346,0.02274346,21.0,29.0,21.0,29.0
0.25,1.0,PF,1164,2,2,pass,1,1,0.6677499,0.6677499,0.20378518,0.20378518,0.02274346,0.02274346,21.0,29.0,21.0,29.0
0.25,1.0,PF,1165,2,2,pass,1,1,0.7186651,0.7186651,0.16434994,0.16434994,0.025743317,0.025743317,21.0,29.0,21.0,29.0
0.25,1.0,PF,1166,2,2,pass,1,1,0.6677499,0.6677499,0.20378518,0.20378518,0.02274346,0.02274346,21.0,29.0,21.0,29.0
0.25,1.0,PF,1167,2,2,pass,1,1,0.65129316,0.65129316,0.21678324,0.21678324,0.023225917,0.023225917,21.0,29.0,21.0,29.0
0.25,1.0,PF,1168,2,2,pass,1,1,0.6682329,0.6682329,0.20650832,0.20650832,0.025042687,0.025042687,21.0,29.0,21.0,29.0
0.25,1.0,PF,1169,2,2,pass,1,1,0.6677499,0.6677499,0.20378518,0.20378518,0.02274346,0.02274346,21.0,29.0,21.0,29.0
0.25,1.0,PF,1170,2,2,pass,1,1,0.6677499,0.6677499,0.20378518,0.20378518,0.02274346,0.02274346,21.0,29.0,21.0,29.0
0.25,1.0,PF,1171,2,2,pass,1,1,0.6677499,0.6677499,0.20378518,0.20378518,0.02274346,0.02274346,21.0,29.0,21.0,29.0
0.25,1.0,PF,1172,2,2,pass,1,1,0.6506768,0.6506768,0.24160099,0.24160099,0.021516193,0.021516193,21.0,29.0,21.0,29.0
0.25,1.0,PF,1173,2,2,pass,1,1,0.6677499,0.6677499,0.20378518,0.20378518,0.02274346,0.02274346,21.0,29.0,21.0,29.0
0.25,1.0,PF,1174,2,2,pass,1,1,0.6677499,0.6677499,0.20378518,0.20378518,0.02274346,0.02274346,21.0,29.0,21.0,29.0
0.25,1.0,PF,1175,2,2,pass,1,1,0.6677499,0.6677499,0.20378518,0.20378518,0.02274346,0.02274346,21.0,29.0,21.0,29.0
0.25,1.0,PF,1176,2,2,pass,1,1,0.6677499,0.6677499,0.20378518,0.20378518,0.02274346,0.02274346,21.0,29.0,21.0,29.0
0.25,1.0,PF,1177,2,2,pass,1,1,0.6677499,0.6677499,0.20378518,0.20378518,0.02274346,0.02274346,21.0,29.0,21.0,29.0
0.25,1.0,PF,1178,2,2,pass,1,1,0.6506768,0.6506768,0.24160099,0.24160099,0.021516193,0.021516193,21.0,29.0,21.0,29.0
0.25,1.0,PF,1179,2,2,pass,1,1,0.6677499,0.6677499,0.20378518,0.20378518,0.02274346,0.02274346,21.0,29.0,21.0,29.0
0.25,1.0,PF,1180,2,2,pass,1,1,0.65129316,0.65129316,0.21678324,0.21678324,0.023225917,0.023225917,21.0,29.0,21.0,29.0
0.25,1.0,PF,1181,2,2,pass,1,1,0.6677499,0.6677499,0.20378518,0.20378518,0.02274346,0.02274346,21.0,29.0,21.0,29.0
0.25,1.0,PF,1182,2,2,pass,1,1,0.6677499,0.6677499,0.20378518,0.20378518,0.02274346,0.02274346,21.0,29.0,21.0,29.0
0.25,1.0,PF,1183,2,2,pass,1,1,0.6677499,0.6677499,0.20378518,0.20378518,0.02274346,0.02274346,21.0,29.0,21.0,29.0
0.25,1.0,PF,1184,2,2,pass,1,1,0.6682329,0.6682329,0.20650832,0.20650832,0.025042687,0.025042687,21.0,29.0,21.0,29.0
0.25,1.0,PF,1185,2,2,pass,1,1,0.6677499,0.6677499,0.20378518,0.20378518,0.02274346,0.02274346,21.0,29.0,21.0,29.0
0.25,1.0,PF,1186,2,2,pass,1,1,0.65129316,0.65129316,0.21678324,0.21678324,0.023225917,0.023225917,21.0,29.0,21.0,29.0
0.25,1.0,PF,1187,2,2,pass,1,1,0.7186651,0.7186651,0.16434994,0.16434994,0.025743317,0.025743317,21.0,29.0,21.0,29.0
0.25,1.0,PF,1188,2,2,pass,1,1,0.6682329,0.6682329,0.20650832,0.20650832,0.025042687,0.025042687,21.0,29.0,21.0,29.0
0.25,1.0,PF,1189,2,2,pass,1,1,0.6677499,0.6677499,0.20378518,0.20378518,0.02274346,0.02274346,21.0,29.0,21.0,29.0
0.25,1.0,PF,1190,2,2,pass,1,1,0.6677499,0.6677499,0.20378518,0.20378518,0.02274346,0.02274346,21.0,29.0,21.0,29.0
0.25,1.0,PF,1191,2,2,pass,1,1,0.6677499,0.6677499,0.20378518,0.20378518,0.02274346,0.02274346,21.0,29.0,21.0,29.0
0.25,1.0,PF,1192,2,2,pass,1,1,0.6677499,0.6677499,0.20378518,0.20378518,0.02274346,0.02274346,21.0,29.0,21.0,29.0
0.25,1.0,PF,1193,2,2,pass,1,1,0.65129316,0.65129316,0.21678324,0.21678324,0.023225917,0.023225917,21.0,29.0,21.0,29.0
0.25,1.0,PF,1194,2,2,pass,1,1,0.6677499,0.6677499,0.20378518,0.20378518,0.02274346,0.02274346,21.0,29.0,21.0,29.0
0.25,1.0,PF,1195,2,2,pass,1,1,0.6677499,0.6677499,0.20378518,0.20378518,0.02274346,0.02274346,21.0,29.0,21.0,29.0
0.25,1.0,PF,1196,2,2,pass,1,1,0.7186651,0.7186651,0.16434994,0.16434994,0.025743317,0.025743317,21.0,29.0,21.0,29.0
0.25,1.0,PF,1197,2,2,pass,1,1,0.6677499,0.6677499,0.20378518,0.20378518,0.02274346,0.02274346,21.0,29.0,21.0,29.0
0.25,1.0,PF,1198,2,2,pass,1,1,0.6677499,0.6677499,0.20378518,0.20378518,0.02274346,0.02274346,21.0,29.0,21.0,29.0
0.25,1.0,PF,1199,2,2,pass,1,1,0.65129316,0.65129316,0.21678324,0.21678324,0.023225917,0.023225917,21.0,29.0,21.0,29.0
0.25,1.0,PF,1200,2,2,pass,1,1,0.6677499,0.6677499,0.20378518,0.20378518,0.02274346,0.02274346,21.0,29.0,21.0,29.0
0.25,1.0,PF,1201,2,2,pass,1,1,0.6677499,0.6677499,0.20378518,0.20378518,0.02274346,0.02274346,21.0,29.0,21.0,29.0
0.25,1.0,PF,1202,2,2,pass,1,1,0.6677499,0.6677499,0.20378518,0.20378518,0.02274346,0.02274346,21.0,29.0,21.0,29.0
0.25,1.0,PF,1203,2,2,pass,1,1,0.6677499,0.6677499,0.20378518,0.20378518,0.02274346,0.02274346,21.0,29.0,21.0,29.0
0.25,1.0,PF,1204,2,2,pass,1,1,0.6677499,0.6677499,0.20378518,0.20378518,0.02274346,0.02274346,21.0,29.0,21.0,29.0
0.25,1.0,PF,1205,2,2,pass,1,1,0.6677499,0.6677499,0.20378518,0.20378518,0.02274346,0.02274346,21.0,29.0,21.0,29.0
0.25,1.0,PF,1206,2,2,pass,1,1,0.6677499,0.6677499,0.20378518,0.20378518,0.02274346,0.02274346,21.0,29.0,21.0,29.0
0.25,1.0,PF,1207,2,2,pass,1,1,0.6677499,0.6677499,0.20378518,0.20378518,0.02274346,0.02274346,21.0,29.0,21.0,29.0
0.25,1.0,PF,1208,2,2,pass,1,1,0.6677499,0.6677499,0.20378518,0.20378518,0.02274346,0.02274346,21.0,29.0,21.0,29.0
0.25,1.0,PF,1209,2,2,pass,1,1,0.65129316,0.65129316,0.21678324,0.21678324,0.023225917,0.023225917,21.0,29.0,21.0,29.0
0.25,1.0,PF,1210,2,2,pass,1,1,0.6677499,0.6677499,0.20378518,0.20378518,0.02274346,0.02274346,21.0,29.0,21.0,29.0
0.25,1.0,PF,1211,2,2,pass,1,1,0.65129316,0.65129316,0.21678324,0.21678324,0.023225917,0.023225917,21.0,29.0,21.0,29.0
0.25,1.0,PF,1212,2,2,pass,1,1,0.6677499,0.6677499,0.20378518,0.20378518,0.02274346,0.02274346,21.0,29.0,21.0,29.0
0.25,1.0,PF,1213,2,2,pass,1,1,0.6677499,0.6677499,0.20378518,0.20378518,0.02274346,0.02274346,21.0,29.0,21.0,29.0
0.25,1.0,PF,1214,2,2,pass,1,1,0.6677499,0.6677499,0.20378518,0.20378518,0.02274346,0.02274346,21.0,29.0,21.0,29.0
0.25,1.0,PF,1215,2,2,pass,1,1,0.6677499,0.6677499,0.20378518,0.20378518,0.02274346,0.02274346,21.0,29.0,21.0,29.0
0.25,1.0,PF,1216,2,2,pass,1,1,0.6677499,0.6677499,0.20378518,0.20378518,0.02274346,0.02274346,21.0,29.0,21.0,29.0
0.25,1.0,PF,1217,2,2,pass,1,1,0.6677499,0.6677499,0.20378518,0.20378518,0.02274346,0.02274346,21.0,29.0,21.0,29.0
0.25,1.0,PF,1218,2,2,pass,1,1,0.6677499,0.6677499,0.20378518,0.20378518,0.02274346,0.02274346,21.0,29.0,21.0,29.0
0.25,1.0,PF,1219,2,2,pass,1,1,0.6780778,0.6780778,0.173598,0.173598,0.012475382,0.012475382,21.0,29.0,21.0,29.0
0.25,1.0,PF,1220,2,2,pass,1,1,0.6677499,0.6677499,0.20378518,0.20378518,0.02274346,0.02274346,21.0,29.0,21.0,29.0
0.25,1.0,PF,1221,2,2,pass,1,1,0.6677499,0.6677499,0.20378518,0.20378518,0.02274346,0.02274346,21.0,29.0,21.0,29.0
0.25,1.0,PF,1222,2,2,pass,1,1,0.6677499,0.6677499,0.20378518,0.20378518,0.02274346,0.02274346,21.0,29.0,21.0,29.0
0.25,1.0,PF,1223,2,2,pass,1,1,0.6677499,0.6677499,0.20378518,0.20378518,0.02274346,0.02274346,21.0,29.0,21.0,29.0
0.25,1.0,PF,1224,2,2,pass,1,1,0.6677499,0.6677499,0.20378518,0.20378518,0.02274346,0.02274346,21.0,29.0,21.0,29.0
0.25,1.0,PF,1225,2,2,pass,1,1,0.6374081,0.6374081,0.21929021,0.21929021,0.023887053,0.023887053,21.0,29.0,21.0,29.0
0.25,1.0,PF,1226,2,2,pass,1,1,0.7186651,0.7186651,0.16434994,0.16434994,0.025743317,0.025743317,21.0,29.0,21.0,29.0
0.25,1.0,PF,1227,2,2,pass,1,1,0.6677499,0.6677499,0.20378518,0.20378518,0.02274346,0.02274346,21.0,29.0,21.0,29.0
0.25,1.0,PF,1228,2,2,pass,1,1,0.6677499,0.6677499,0.20378518,0.20378518,0.02274346,0.02274346,21.0,29.0,21.0,29.0
0.25,1.0,PF,1229,2,2,pass,1,1,0.6677499,0.6677499,0.20378518,0.20378518,0.02274346,0.02274346,21.0,29.0,21.0,29.0
0.25,1.0,PF,1230,2,2,pass,1,1,0.6677499,0.6677499,0.20378518,0.20378518,0.02274346,0.02274346,21.0,29.0,21.0,29.0
0.25,1.0,PF,1231,2,2,pass,1,1,0.6677499,0.6677499,0.20378518,0.20378518,0.02274346,0.02274346,21.0,29.0,21.0,29.0
0.25,1.0,PF,1232,2,2,pass,1,1,0.6677499,0.6677499,0.20378518,0.20378518,0.02274346,0.02274346,21.0,29.0,21.0,29.0
0.25,1.0,PF,1233,2,2,pass,1,1,0.6677499,0.6677499,0.20378518,0.20378518,0.02274346,0.02274346,21.0,29.0,21.0,29.0
0.25,1.0,PF,1234,2,2,pass,1,1,0.6677499,0.6677499,0.20378518,0.20378518,0.02274346,0.02274346,21.0,29.0,21.0,29.0
0.25,1.0,PF,1235,2,2,pass,1,1,0.6677499,0.6677499,0.20378518,0.20378518,0.02274346,0.02274346,21.0,29.0,21.0,29.0
0.25,1.0,PF,1236,2,2,pass,1,1,0.6677499,0.6677499,0.20378518,0.20378518,0.02274346,0.02274346,21.0,29.0,21.0,29.0
0.25,1.0,PF,1237,2,2,pass,1,1,0.6677499,0.6677499,0.20378518,0.20378518,0.02274346,0.02274346,21.0,29.0,21.0,29.0
0.25,1.0,PF,1238,2,2,pass,1,1,0.6677499,0.6677499,0.20378518,0.20378518,0.02274346,0.02274346,21.0,29.0,21.0,29.0
0.25,1.0,PF,1239,2,2,pass,1,1,0.6677499,0.6677499,0.20378518,0.20378518,0.02274346,0.02274346,21.0,29.0,21.0,29.0
0.25,1.0,PF,1240,2,2,pass,1,1,0.6677499,0.6677499,0.20378518,0.20378518,0.02274346,0.02274346,21.0,29.0,21.0,29.0
0.25,1.0,PF,1241,2,2,pass,1,1,0.6677499,0.6677499,0.20378518,0.20378518,0.02274346,0.02274346,21.0,29.0,21.0,29.0
0.25,1.0,PF,1242,2,2,pass,1,1,0.6677499,0.6677499,0.20378518,0.20378518,0.02274346,0.02274346,21.0,29.0,21.0,29.0
0.25,1.0,PF,1243,2,2,pass,1,1,0.6677499,0.6677499,0.20378518,0.20378518,0.02274346,0.02274346,21.0,29.0,21.0,29.0
0.25,1.0,PF,1244,2,2,pass,1,1,0.6677499,0.6677499,0.20378518,0.20378518,0.02274346,0.02274346,21.0,29.0,21.0,29.0
0.25,1.0,PF,1245,2,2,pass,1,1,0.6677499,0.6677499,0.20378518,0.20378518,0.02274346,0.02274346,21.0,29.0,21.0,29.0
0.25,1.0,PF,1246,2,2,pass,1,1,0.6677499,0.6677499,0.20378518,0.20378518,0.02274346,0.02274346,21.0,29.0,21.0,29.0
0.25,1.0,PF,1247,2,2,pass,1,1,0.6677499,0.6677499,0.20378518,0.20378518,0.02274346,0.02274346,21.0,29.0,21.0,29.0
0.25,1.0,PF,1248,2,2,pass,1,1,0.6677499,0.6677499,0.20378518,0.20378518,0.02274346,0.02274346,21.0,29.0,21.0,29.0
0.25,1.0,PF,1249,2,2,pass,1,1,0.6677499,0.6677499,0.20378518,0.20378518,0.02274346,0.02274346,21.0,29.0,21.0,29.0
0.25,1.0,PF,1250,2,2,pass,1,1,0.65129316,0.65129316,0.21678324,0.21678324,0.023225917,0.023225917,21.0,29.0,21.0,29.0
0.25,1.0,PF,1251,2,2,pass,1,1,0.6677499,0.6677499,0.20378518,0.20378518,0.02274346,0.02274346,21.0,29.0,21.0,29.0
0.25,1.0,PF,1252,2,2,pass,1,1,0.6677499,0.6677499,0.20378518,0.20378518,0.02274346,0.02274346,21.0,29.0,21.0,29.0
0.25,1.0,PF,1253,2,2,pass,1,1,0.6677499,0.6677499,0.20378518,0.20378518,0.02274346,0.02274346,21.0,29.0,21.0,29.0
0.25,1.0,PF,1254,2,2,pass,1,1,0.6677499,0.6677499,0.20378518,0.20378518,0.02274346,0.02274346,21.0,29.0,21.0,29.0
0.25,1.0,PF,1255,2,2,pass,1,1,0.6677499,0.6677499,0.20378518,0.20378518,0.02274346,0.02274346,21.0,29.0,21.0,29.0
0.25,1.0,PF,1256,2,2,pass,1,1,0.6677499,0.6677499,0.20378518,0.20378518,0.02274346,0.02274346,21.0,29.0,21.0,29.0
0.25,1.0,PF,1257,2,2,pass,1,1,0.6677499,0.6677499,0.20378518,0.20378518,0.02274346,0.02274346,21.0,29.0,21.0,29.0
0.25,1.0,PF,1258,2,2,pass,1,1,0.6677499,0.6677499,0.20378518,0.20378518,0.02274346,0.02274346,21.0,29.0,21.0,29.0
0.25,1.0,PF,1259,2,2,pass,1,1,0.6677499,0.6677499,0.20378518,0.20378518,0.02274346,0.02274346,21.0,29.0,21.0,29.0
0.25,1.0,PF,1260,2,2,pass,1,1,0.6677499,0.6677499,0.20378518,0.20378518,0.02274346,0.02274346,21.0,29.0,21.0,29.0
0.25,1.0,PF,1261,2,2,pass,1,1,0.6677499,0.6677499,0.20378518,0.20378518,0.02274346,0.02274346,21.0,29.0,21.0,29.0
0.25,1.0,PF,1262,2,3,shield_to_safe,1,1,0.6677499,0.73401,0.20378518,0.13762727,0.02274346,0.022150757,21.0,29.0,30.0,20.0
0.25,1.0,PF,1263,2,2,pass,1,1,0.6682329,0.6682329,0.20650832,0.20650832,0.025042687,0.025042687,21.0,29.0,21.0,29.0
0.25,1.0,PF,1264,2,2,pass,1,1,0.6677499,0.6677499,0.20378518,0.20378518,0.02274346,0.02274346,21.0,29.0,21.0,29.0
0.25,1.0,PF,1265,2,2,pass,1,1,0.6677499,0.6677499,0.20378518,0.20378518,0.02274346,0.02274346,21.0,29.0,21.0,29.0
0.25,1.0,PF,1266,2,3,shield_to_safe,1,1,0.6677499,0.72676647,0.20378518,0.16350773,0.02274346,0.021733325,21.0,29.0,30.0,20.0
0.25,1.0,PF,1267,2,2,pass,1,1,0.6677499,0.6677499,0.20378518,0.20378518,0.02274346,0.02274346,21.0,29.0,21.0,29.0
0.25,1.0,PF,1268,2,2,pass,1,1,0.65129316,0.65129316,0.21678324,0.21678324,0.023225917,0.023225917,21.0,29.0,21.0,29.0
0.25,1.0,PF,1269,2,2,pass,1,1,0.6677499,0.6677499,0.20378518,0.20378518,0.02274346,0.02274346,21.0,29.0,21.0,29.0
0.25,1.0,PF,1270,2,2,pass,1,1,0.6677499,0.6677499,0.20378518,0.20378518,0.02274346,0.02274346,21.0,29.0,21.0,29.0
0.25,1.0,PF,1271,2,2,pass,1,1,0.65129316,0.65129316,0.21678324,0.21678324,0.023225917,0.023225917,21.0,29.0,21.0,29.0
0.25,1.0,PF,1272,2,2,pass,1,1,0.6677499,0.6677499,0.20378518,0.20378518,0.02274346,0.02274346,21.0,29.0,21.0,29.0
0.25,1.0,PF,1273,2,2,pass,1,1,0.6677499,0.6677499,0.20378518,0.20378518,0.02274346,0.02274346,21.0,29.0,21.0,29.0
0.25,1.0,PF,1274,2,2,pass,1,1,0.6677499,0.6677499,0.20378518,0.20378518,0.02274346,0.02274346,21.0,29.0,21.0,29.0
0.25,1.0,PF,1275,2,2,pass,1,1,0.6677499,0.6677499,0.20378518,0.20378518,0.02274346,0.02274346,21.0,29.0,21.0,29.0
0.25,1.0,PF,1276,2,2,pass,1,1,0.6677499,0.6677499,0.20378518,0.20378518,0.02274346,0.02274346,21.0,29.0,21.0,29.0
0.25,1.0,PF,1277,2,2,pass,1,1,0.6677499,0.6677499,0.20378518,0.20378518,0.02274346,0.02274346,21.0,29.0,21.0,29.0
0.25,1.0,PF,1278,2,2,pass,1,1,0.6677499,0.6677499,0.20378518,0.20378518,0.02274346,0.02274346,21.0,29.0,21.0,29.0
0.25,1.0,PF,1279,2,2,pass,1,1,0.6677499,0.6677499,0.20378518,0.20378518,0.02274346,0.02274346,21.0,29.0,21.0,29.0
0.25,1.0,PF,1280,2,2,pass,1,1,0.6677499,0.6677499,0.20378518,0.20378518,0.02274346,0.02274346,21.0,29.0,21.0,29.0
0.25,1.0,PF,1281,2,2,pass,1,1,0.6677499,0.6677499,0.20378518,0.20378518,0.02274346,0.02274346,21.0,29.0,21.0,29.0
0.25,1.0,PF,1282,2,2,pass,1,1,0.6677499,0.6677499,0.20378518,0.20378518,0.02274346,0.02274346,21.0,29.0,21.0,29.0
0.25,1.0,PF,1283,2,2,pass,1,1,0.6677499,0.6677499,0.20378518,0.20378518,0.02274346,0.02274346,21.0,29.0,21.0,29.0
0.25,1.0,PF,1284,2,2,pass,1,1,0.6677499,0.6677499,0.20378518,0.20378518,0.02274346,0.02274346,21.0,29.0,21.0,29.0
0.25,1.0,PF,1285,2,2,pass,1,1,0.6677499,0.6677499,0.20378518,0.20378518,0.02274346,0.02274346,21.0,29.0,21.0,29.0
0.25,1.0,PF,1286,2,2,pass,1,1,0.6682329,0.6682329,0.20650832,0.20650832,0.025042687,0.025042687,21.0,29.0,21.0,29.0
0.25,1.0,PF,1287,2,2,pass,1,1,0.6677499,0.6677499,0.20378518,0.20378518,0.02274346,0.02274346,21.0,29.0,21.0,29.0
0.25,1.0,PF,1288,2,2,pass,1,1,0.6677499,0.6677499,0.20378518,0.20378518,0.02274346,0.02274346,21.0,29.0,21.0,29.0
0.25,1.0,PF,1289,2,2,pass,1,1,0.65129316,0.65129316,0.21678324,0.21678324,0.023225917,0.023225917,21.0,29.0,21.0,29.0
0.25,1.0,PF,1290,2,2,pass,1,1,0.6677499,0.6677499,0.20378518,0.20378518,0.02274346,0.02274346,21.0,29.0,21.0,29.0
0.25,1.0,PF,1291,2,2,pass,1,1,0.6677499,0.6677499,0.20378518,0.20378518,0.02274346,0.02274346,21.0,29.0,21.0,29.0
0.25,1.0,PF,1292,2,2,pass,1,1,0.6677499,0.6677499,0.20378518,0.20378518,0.02274346,0.02274346,21.0,29.0,21.0,29.0
0.25,1.0,PF,1293,2,2,pass,1,1,0.6677499,0.6677499,0.20378518,0.20378518,0.02274346,0.02274346,21.0,29.0,21.0,29.0
0.25,1.0,PF,1294,2,2,pass,1,1,0.6780778,0.6780778,0.173598,0.173598,0.012475382,0.012475382,21.0,29.0,21.0,29.0
0.25,1.0,PF,1295,2,2,pass,1,1,0.6506768,0.6506768,0.24160099,0.24160099,0.021516193,0.021516193,21.0,29.0,21.0,29.0
0.25,1.0,PF,1296,2,2,pass,1,1,0.6677499,0.6677499,0.20378518,0.20378518,0.02274346,0.02274346,21.0,29.0,21.0,29.0
0.25,1.0,PF,1297,2,2,pass,1,1,0.6677499,0.6677499,0.20378518,0.20378518,0.02274346,0.02274346,21.0,29.0,21.0,29.0
0.25,1.0,PF,1298,2,2,pass,1,1,0.6677499,0.6677499,0.20378518,0.20378518,0.02274346,0.02274346,21.0,29.0,21.0,29.0
0.25,1.0,PF,1299,2,2,pass,1,1,0.6677499,0.6677499,0.20378518,0.20378518,0.02274346,0.02274346,21.0,29.0,21.0,29.0
0.25,1.0,PF,1300,2,2,pass,1,1,0.6677499,0.6677499,0.20378518,0.20378518,0.02274346,0.02274346,21.0,29.0,21.0,29.0
0.25,1.0,PF,1301,2,3,shield_to_safe,1,1,0.6677499,0.72676647,0.20378518,0.16350773,0.02274346,0.021733325,21.0,29.0,30.0,20.0
0.25,1.0,PF,1302,2,2,pass,1,1,0.6677499,0.6677499,0.20378518,0.20378518,0.02274346,0.02274346,21.0,29.0,21.0,29.0
0.25,1.0,PF,1303,2,2,pass,1,1,0.6677499,0.6677499,0.20378518,0.20378518,0.02274346,0.02274346,21.0,29.0,21.0,29.0
0.25,1.0,PF,1304,2,2,pass,1,1,0.6374081,0.6374081,0.21929021,0.21929021,0.023887053,0.023887053,21.0,29.0,21.0,29.0
0.25,1.0,PF,1305,2,3,shield_to_safe,1,1,0.6677499,0.72676647,0.20378518,0.16350773,0.02274346,0.021733325,21.0,29.0,30.0,20.0
0.25,1.0,PF,1306,2,2,pass,1,1,0.6677499,0.6677499,0.20378518,0.20378518,0.02274346,0.02274346,21.0,29.0,21.0,29.0
0.25,1.0,PF,1307,2,2,pass,1,1,0.6677499,0.6677499,0.20378518,0.20378518,0.02274346,0.02274346,21.0,29.0,21.0,29.0
0.25,1.0,PF,1308,2,2,pass,1,1,0.6682329,0.6682329,0.20650832,0.20650832,0.025042687,0.025042687,21.0,29.0,21.0,29.0
0.25,1.0,PF,1309,2,2,pass,1,1,0.6677499,0.6677499,0.20378518,0.20378518,0.02274346,0.02274346,21.0,29.0,21.0,29.0
0.25,1.0,PF,1310,2,2,pass,1,1,0.6677499,0.6677499,0.20378518,0.20378518,0.02274346,0.02274346,21.0,29.0,21.0,29.0
0.25,1.0,PF,1311,2,2,pass,1,1,0.7186651,0.7186651,0.16434994,0.16434994,0.025743317,0.025743317,21.0,29.0,21.0,29.0
0.25,1.0,PF,1312,2,2,pass,1,1,0.6677499,0.6677499,0.20378518,0.20378518,0.02274346,0.02274346,21.0,29.0,21.0,29.0
0.25,1.0,PF,1313,2,2,pass,1,1,0.6677499,0.6677499,0.20378518,0.20378518,0.02274346,0.02274346,21.0,29.0,21.0,29.0
0.25,1.0,PF,1314,2,2,pass,1,1,0.6677499,0.6677499,0.20378518,0.20378518,0.02274346,0.02274346,21.0,29.0,21.0,29.0
0.25,1.0,PF,1315,2,2,pass,1,1,0.6677499,0.6677499,0.20378518,0.20378518,0.02274346,0.02274346,21.0,29.0,21.0,29.0
0.25,1.0,PF,1316,2,2,pass,1,1,0.6677499,0.6677499,0.20378518,0.20378518,0.02274346,0.02274346,21.0,29.0,21.0,29.0
0.25,1.0,PF,1317,2,2,pass,1,1,0.6677499,0.6677499,0.20378518,0.20378518,0.02274346,0.02274346,21.0,29.0,21.0,29.0
0.25,1.0,PF,1318,2,2,pass,1,1,0.6677499,0.6677499,0.20378518,0.20378518,0.02274346,0.02274346,21.0,29.0,21.0,29.0
0.25,1.0,PF,1319,2,2,pass,1,1,0.6677499,0.6677499,0.20378518,0.20378518,0.02274346,0.02274346,21.0,29.0,21.0,29.0
0.25,1.0,PF,1320,2,2,pass,1,1,0.6677499,0.6677499,0.20378518,0.20378518,0.02274346,0.02274346,21.0,29.0,21.0,29.0
0.25,1.0,PF,1321,2,2,pass,1,1,0.6682329,0.6682329,0.20650832,0.20650832,0.025042687,0.025042687,21.0,29.0,21.0,29.0
0.25,1.0,PF,1322,2,2,pass,1,1,0.6677499,0.6677499,0.20378518,0.20378518,0.02274346,0.02274346,21.0,29.0,21.0,29.0
0.25,1.0,PF,1323,2,2,pass,1,1,0.6682329,0.6682329,0.20650832,0.20650832,0.025042687,0.025042687,21.0,29.0,21.0,29.0
0.25,1.0,PF,1324,2,2,pass,1,1,0.6677499,0.6677499,0.20378518,0.20378518,0.02274346,0.02274346,21.0,29.0,21.0,29.0
0.25,1.0,PF,1325,2,2,pass,1,1,0.6677499,0.6677499,0.20378518,0.20378518,0.02274346,0.02274346,21.0,29.0,21.0,29.0
0.25,1.0,PF,1326,2,2,pass,1,1,0.6677499,0.6677499,0.20378518,0.20378518,0.02274346,0.02274346,21.0,29.0,21.0,29.0
0.25,1.0,PF,1327,2,2,pass,1,1,0.6677499,0.6677499,0.20378518,0.20378518,0.02274346,0.02274346,21.0,29.0,21.0,29.0
0.25,1.0,PF,1328,2,2,pass,1,1,0.6677499,0.6677499,0.20378518,0.20378518,0.02274346,0.02274346,21.0,29.0,21.0,29.0
0.25,1.0,PF,1329,2,2,pass,1,1,0.7186651,0.7186651,0.16434994,0.16434994,0.025743317,0.025743317,21.0,29.0,21.0,29.0
0.25,1.0,PF,1330,2,2,pass,1,1,0.6677499,0.6677499,0.20378518,0.20378518,0.02274346,0.02274346,21.0,29.0,21.0,29.0
0.25,1.0,PF,1331,2,2,pass,1,1,0.6677499,0.6677499,0.20378518,0.20378518,0.02274346,0.02274346,21.0,29.0,21.0,29.0
0.25,1.0,PF,1332,2,2,pass,1,1,0.6677499,0.6677499,0.20378518,0.20378518,0.02274346,0.02274346,21.0,29.0,21.0,29.0
0.25,1.0,PF,1333,2,2,pass,1,1,0.6677499,0.6677499,0.20378518,0.20378518,0.02274346,0.02274346,21.0,29.0,21.0,29.0
0.25,1.0,PF,1334,2,2,pass,1,1,0.6677499,0.6677499,0.20378518,0.20378518,0.02274346,0.02274346,21.0,29.0,21.0,29.0
0.25,1.0,PF,1335,2,2,pass,1,1,0.6677499,0.6677499,0.20378518,0.20378518,0.02274346,0.02274346,21.0,29.0,21.0,29.0
0.25,1.0,PF,1336,2,2,pass,1,1,0.6677499,0.6677499,0.20378518,0.20378518,0.02274346,0.02274346,21.0,29.0,21.0,29.0
0.25,1.0,PF,1337,2,2,pass,1,1,0.6677499,0.6677499,0.20378518,0.20378518,0.02274346,0.02274346,21.0,29.0,21.0,29.0
0.25,1.0,PF,1338,2,2,pass,1,1,0.6677499,0.6677499,0.20378518,0.20378518,0.02274346,0.02274346,21.0,29.0,21.0,29.0
0.25,1.0,PF,1339,2,2,pass,1,1,0.6677499,0.6677499,0.20378518,0.20378518,0.02274346,0.02274346,21.0,29.0,21.0,29.0
0.25,1.0,PF,1340,2,2,pass,1,1,0.6677499,0.6677499,0.20378518,0.20378518,0.02274346,0.02274346,21.0,29.0,21.0,29.0
0.25,1.0,PF,1341,2,2,pass,1,1,0.6677499,0.6677499,0.20378518,0.20378518,0.02274346,0.02274346,21.0,29.0,21.0,29.0
0.25,1.0,PF,1342,2,2,pass,1,1,0.6677499,0.6677499,0.20378518,0.20378518,0.02274346,0.02274346,21.0,29.0,21.0,29.0
0.25,1.0,PF,1343,2,2,pass,1,1,0.6677499,0.6677499,0.20378518,0.20378518,0.02274346,0.02274346,21.0,29.0,21.0,29.0
0.25,1.0,PF,1344,2,2,pass,1,1,0.6677499,0.6677499,0.20378518,0.20378518,0.02274346,0.02274346,21.0,29.0,21.0,29.0
0.25,1.0,PF,1345,2,2,pass,1,1,0.6677499,0.6677499,0.20378518,0.20378518,0.02274346,0.02274346,21.0,29.0,21.0,29.0
0.25,1.0,PF,1346,2,2,pass,1,1,0.6677499,0.6677499,0.20378518,0.20378518,0.02274346,0.02274346,21.0,29.0,21.0,29.0
0.25,1.0,PF,1347,2,2,pass,1,1,0.6677499,0.6677499,0.20378518,0.20378518,0.02274346,0.02274346,21.0,29.0,21.0,29.0
0.25,1.0,PF,1348,2,2,pass,1,1,0.6677499,0.6677499,0.20378518,0.20378518,0.02274346,0.02274346,21.0,29.0,21.0,29.0
0.25,1.0,PF,1349,2,2,pass,1,1,0.6677499,0.6677499,0.20378518,0.20378518,0.02274346,0.02274346,21.0,29.0,21.0,29.0
0.25,1.0,PF,1350,2,2,pass,1,1,0.6677499,0.6677499,0.20378518,0.20378518,0.02274346,0.02274346,21.0,29.0,21.0,29.0
0.25,1.0,PF,1351,2,2,pass,1,1,0.6677499,0.6677499,0.20378518,0.20378518,0.02274346,0.02274346,21.0,29.0,21.0,29.0
0.25,1.0,PF,1352,2,2,pass,1,1,0.6677499,0.6677499,0.20378518,0.20378518,0.02274346,0.02274346,21.0,29.0,21.0,29.0
0.25,1.0,PF,1353,2,2,pass,1,1,0.6506768,0.6506768,0.24160099,0.24160099,0.021516193,0.021516193,21.0,29.0,21.0,29.0
0.25,1.0,PF,1354,2,2,pass,1,1,0.65129316,0.65129316,0.21678324,0.21678324,0.023225917,0.023225917,21.0,29.0,21.0,29.0
0.25,1.0,PF,1355,2,2,pass,1,1,0.6682329,0.6682329,0.20650832,0.20650832,0.025042687,0.025042687,21.0,29.0,21.0,29.0
0.25,1.0,PF,1356,2,2,pass,1,1,0.6677499,0.6677499,0.20378518,0.20378518,0.02274346,0.02274346,21.0,29.0,21.0,29.0
0.25,1.0,PF,1357,2,2,pass,1,1,0.6677499,0.6677499,0.20378518,0.20378518,0.02274346,0.02274346,21.0,29.0,21.0,29.0
0.25,1.0,PF,1358,2,2,pass,1,1,0.6677499,0.6677499,0.20378518,0.20378518,0.02274346,0.02274346,21.0,29.0,21.0,29.0
0.25,1.0,PF,1359,2,2,pass,1,1,0.6677499,0.6677499,0.20378518,0.20378518,0.02274346,0.02274346,21.0,29.0,21.0,29.0
0.25,1.0,PF,1360,2,2,pass,1,1,0.6677499,0.6677499,0.20378518,0.20378518,0.02274346,0.02274346,21.0,29.0,21.0,29.0
0.25,1.0,PF,1361,2,2,pass,1,1,0.65129316,0.65129316,0.21678324,0.21678324,0.023225917,0.023225917,21.0,29.0,21.0,29.0
0.25,1.0,PF,1362,2,2,pass,1,1,0.6677499,0.6677499,0.20378518,0.20378518,0.02274346,0.02274346,21.0,29.0,21.0,29.0
0.25,1.0,PF,1363,2,2,pass,1,1,0.6677499,0.6677499,0.20378518,0.20378518,0.02274346,0.02274346,21.0,29.0,21.0,29.0
0.25,1.0,PF,1364,2,2,pass,1,1,0.6780778,0.6780778,0.173598,0.173598,0.012475382,0.012475382,21.0,29.0,21.0,29.0
0.25,1.0,PF,1365,2,3,shield_to_safe,1,1,0.6682329,0.72676647,0.20650832,0.16350773,0.025042687,0.021733325,21.0,29.0,30.0,20.0
0.25,1.0,PF,1366,2,2,pass,1,1,0.6677499,0.6677499,0.20378518,0.20378518,0.02274346,0.02274346,21.0,29.0,21.0,29.0
0.25,1.0,PF,1367,2,2,pass,1,1,0.6677499,0.6677499,0.20378518,0.20378518,0.02274346,0.02274346,21.0,29.0,21.0,29.0
0.25,1.0,PF,1368,2,2,pass,1,1,0.6677499,0.6677499,0.20378518,0.20378518,0.02274346,0.02274346,21.0,29.0,21.0,29.0
0.25,1.0,PF,1369,2,2,pass,1,1,0.6677499,0.6677499,0.20378518,0.20378518,0.02274346,0.02274346,21.0,29.0,21.0,29.0
0.25,1.0,PF,1370,2,2,pass,1,1,0.6677499,0.6677499,0.20378518,0.20378518,0.02274346,0.02274346,21.0,29.0,21.0,29.0
0.25,1.0,PF,1371,2,2,pass,1,1,0.65129316,0.65129316,0.21678324,0.21678324,0.023225917,0.023225917,21.0,29.0,21.0,29.0
0.25,1.0,PF,1372,2,2,pass,1,1,0.6677499,0.6677499,0.20378518,0.20378518,0.02274346,0.02274346,21.0,29.0,21.0,29.0
0.25,1.0,PF,1373,2,2,pass,1,1,0.6677499,0.6677499,0.20378518,0.20378518,0.02274346,0.02274346,21.0,29.0,21.0,29.0
0.25,1.0,PF,1374,2,2,pass,1,1,0.6677499,0.6677499,0.20378518,0.20378518,0.02274346,0.02274346,21.0,29.0,21.0,29.0
0.25,1.0,PF,1375,2,2,pass,1,1,0.6677499,0.6677499,0.20378518,0.20378518,0.02274346,0.02274346,21.0,29.0,21.0,29.0
0.25,1.0,PF,1376,2,2,pass,1,1,0.6677499,0.6677499,0.20378518,0.20378518,0.02274346,0.02274346,21.0,29.0,21.0,29.0
0.25,1.0,PF,1377,2,2,pass,1,1,0.6677499,0.6677499,0.20378518,0.20378518,0.02274346,0.02274346,21.0,29.0,21.0,29.0
0.25,1.0,PF,1378,2,2,pass,1,1,0.6677499,0.6677499,0.20378518,0.20378518,0.02274346,0.02274346,21.0,29.0,21.0,29.0
0.25,1.0,PF,1379,2,2,pass,1,1,0.6677499,0.6677499,0.20378518,0.20378518,0.02274346,0.02274346,21.0,29.0,21.0,29.0
0.25,1.0,PF,1380,2,2,pass,1,1,0.6682329,0.6682329,0.20650832,0.20650832,0.025042687,0.025042687,21.0,29.0,21.0,29.0
0.25,1.0,PF,1381,2,2,pass,1,1,0.6677499,0.6677499,0.20378518,0.20378518,0.02274346,0.02274346,21.0,29.0,21.0,29.0
0.25,1.0,PF,1382,2,2,pass,1,1,0.65129316,0.65129316,0.21678324,0.21678324,0.023225917,0.023225917,21.0,29.0,21.0,29.0
0.25,1.0,PF,1383,2,2,pass,1,1,0.6780778,0.6780778,0.173598,0.173598,0.012475382,0.012475382,21.0,29.0,21.0,29.0
0.25,1.0,PF,1384,2,2,pass,1,1,0.6677499,0.6677499,0.20378518,0.20378518,0.02274346,0.02274346,21.0,29.0,21.0,29.0
0.25,1.0,PF,1385,2,2,pass,1,1,0.6506768,0.6506768,0.24160099,0.24160099,0.021516193,0.021516193,21.0,29.0,21.0,29.0
0.25,1.0,PF,1386,2,2,pass,1,1,0.7186651,0.7186651,0.16434994,0.16434994,0.025743317,0.025743317,21.0,29.0,21.0,29.0
0.25,1.0,PF,1387,2,2,pass,1,1,0.6677499,0.6677499,0.20378518,0.20378518,0.02274346,0.02274346,21.0,29.0,21.0,29.0
0.25,1.0,PF,1388,2,2,pass,1,1,0.6677499,0.6677499,0.20378518,0.20378518,0.02274346,0.02274346,21.0,29.0,21.0,29.0
0.25,1.0,PF,1389,2,2,pass,1,1,0.65129316,0.65129316,0.21678324,0.21678324,0.023225917,0.023225917,21.0,29.0,21.0,29.0
0.25,1.0,PF,1390,2,2,pass,1,1,0.6677499,0.6677499,0.20378518,0.20378518,0.02274346,0.02274346,21.0,29.0,21.0,29.0
0.25,1.0,PF,1391,2,2,pass,1,1,0.6677499,0.6677499,0.20378518,0.20378518,0.02274346,0.02274346,21.0,29.0,21.0,29.0
0.25,1.0,PF,1392,2,2,pass,1,1,0.6677499,0.6677499,0.20378518,0.20378518,0.02274346,0.02274346,21.0,29.0,21.0,29.0
0.25,1.0,PF,1393,2,2,pass,1,1,0.6682329,0.6682329,0.20650832,0.20650832,0.025042687,0.025042687,21.0,29.0,21.0,29.0
0.25,1.0,PF,1394,2,2,pass,1,1,0.6677499,0.6677499,0.20378518,0.20378518,0.02274346,0.02274346,21.0,29.0,21.0,29.0
0.25,1.0,PF,1395,2,2,pass,1,1,0.6677499,0.6677499,0.20378518,0.20378518,0.02274346,0.02274346,21.0,29.0,21.0,29.0
0.25,1.0,PF,1396,2,2,pass,1,1,0.6677499,0.6677499,0.20378518,0.20378518,0.02274346,0.02274346,21.0,29.0,21.0,29.0
0.25,1.0,PF,1397,2,2,pass,1,1,0.6677499,0.6677499,0.20378518,0.20378518,0.02274346,0.02274346,21.0,29.0,21.0,29.0
0.25,1.0,PF,1398,2,2,pass,1,1,0.6677499,0.6677499,0.20378518,0.20378518,0.02274346,0.02274346,21.0,29.0,21.0,29.0
0.25,1.0,PF,1399,2,2,pass,1,1,0.6677499,0.6677499,0.20378518,0.20378518,0.02274346,0.02274346,21.0,29.0,21.0,29.0
0.25,1.0,PF,1400,2,2,pass,1,1,0.6677499,0.6677499,0.20378518,0.20378518,0.02274346,0.02274346,21.0,29.0,21.0,29.0
0.25,1.0,PF,1401,2,2,pass,1,1,0.7186651,0.7186651,0.16434994,0.16434994,0.025743317,0.025743317,21.0,29.0,21.0,29.0
0.25,1.0,PF,1402,2,2,pass,1,1,0.6506768,0.6506768,0.24160099,0.24160099,0.021516193,0.021516193,21.0,29.0,21.0,29.0
0.25,1.0,PF,1403,2,2,pass,1,1,0.6677499,0.6677499,0.20378518,0.20378518,0.02274346,0.02274346,21.0,29.0,21.0,29.0
0.25,1.0,PF,1404,2,2,pass,1,1,0.6677499,0.6677499,0.20378518,0.20378518,0.02274346,0.02274346,21.0,29.0,21.0,29.0
0.25,1.0,PF,1405,2,2,pass,1,1,0.6677499,0.6677499,0.20378518,0.20378518,0.02274346,0.02274346,21.0,29.0,21.0,29.0
0.25,1.0,PF,1406,2,3,shield_to_safe,1,1,0.6677499,0.72676647,0.20378518,0.16350773,0.02274346,0.021733325,21.0,29.0,30.0,20.0
0.25,1.0,PF,1407,2,2,pass,1,1,0.6677499,0.6677499,0.20378518,0.20378518,0.02274346,0.02274346,21.0,29.0,21.0,29.0
0.25,1.0,PF,1408,2,2,pass,1,1,0.6677499,0.6677499,0.20378518,0.20378518,0.02274346,0.02274346,21.0,29.0,21.0,29.0
0.25,1.0,PF,1409,2,2,pass,1,1,0.6677499,0.6677499,0.20378518,0.20378518,0.02274346,0.02274346,21.0,29.0,21.0,29.0
0.25,1.0,PF,1410,2,2,pass,1,1,0.6677499,0.6677499,0.20378518,0.20378518,0.02274346,0.02274346,21.0,29.0,21.0,29.0
0.25,1.0,PF,1411,2,2,pass,1,1,0.6677499,0.6677499,0.20378518,0.20378518,0.02274346,0.02274346,21.0,29.0,21.0,29.0
0.25,1.0,PF,1412,2,2,pass,1,1,0.6677499,0.6677499,0.20378518,0.20378518,0.02274346,0.02274346,21.0,29.0,21.0,29.0
0.25,1.0,PF,1413,2,2,pass,1,1,0.6677499,0.6677499,0.20378518,0.20378518,0.02274346,0.02274346,21.0,29.0,21.0,29.0
0.25,1.0,PF,1414,2,2,pass,1,1,0.6677499,0.6677499,0.20378518,0.20378518,0.02274346,0.02274346,21.0,29.0,21.0,29.0
0.25,1.0,PF,1415,2,2,pass,1,1,0.6780778,0.6780778,0.173598,0.173598,0.012475382,0.012475382,21.0,29.0,21.0,29.0
0.25,1.0,PF,1416,2,2,pass,1,1,0.6677499,0.6677499,0.20378518,0.20378518,0.02274346,0.02274346,21.0,29.0,21.0,29.0
0.25,1.0,PF,1417,2,2,pass,1,1,0.6677499,0.6677499,0.20378518,0.20378518,0.02274346,0.02274346,21.0,29.0,21.0,29.0
0.25,1.0,PF,1418,2,2,pass,1,1,0.6677499,0.6677499,0.20378518,0.20378518,0.02274346,0.02274346,21.0,29.0,21.0,29.0
0.25,1.0,PF,1419,2,2,pass,1,1,0.6677499,0.6677499,0.20378518,0.20378518,0.02274346,0.02274346,21.0,29.0,21.0,29.0
0.25,1.0,PF,1420,2,2,pass,1,1,0.65129316,0.65129316,0.21678324,0.21678324,0.023225917,0.023225917,21.0,29.0,21.0,29.0
0.25,1.0,PF,1421,2,2,pass,1,1,0.65129316,0.65129316,0.21678324,0.21678324,0.023225917,0.023225917,21.0,29.0,21.0,29.0
0.25,1.0,PF,1422,2,2,pass,1,1,0.6677499,0.6677499,0.20378518,0.20378518,0.02274346,0.02274346,21.0,29.0,21.0,29.0
0.25,1.0,PF,1423,2,2,pass,1,1,0.6677499,0.6677499,0.20378518,0.20378518,0.02274346,0.02274346,21.0,29.0,21.0,29.0
0.25,1.0,PF,1424,2,2,pass,1,1,0.6677499,0.6677499,0.20378518,0.20378518,0.02274346,0.02274346,21.0,29.0,21.0,29.0
0.25,1.0,PF,1425,2,2,pass,1,1,0.6677499,0.6677499,0.20378518,0.20378518,0.02274346,0.02274346,21.0,29.0,21.0,29.0
0.25,1.0,PF,1426,2,2,pass,1,1,0.6677499,0.6677499,0.20378518,0.20378518,0.02274346,0.02274346,21.0,29.0,21.0,29.0
0.25,1.0,PF,1427,2,2,pass,1,1,0.6677499,0.6677499,0.20378518,0.20378518,0.02274346,0.02274346,21.0,29.0,21.0,29.0
0.25,1.0,PF,1428,2,2,pass,1,1,0.6677499,0.6677499,0.20378518,0.20378518,0.02274346,0.02274346,21.0,29.0,21.0,29.0
0.25,1.0,PF,1429,2,2,pass,1,1,0.6682329,0.6682329,0.20650832,0.20650832,0.025042687,0.025042687,21.0,29.0,21.0,29.0
0.25,1.0,PF,1430,2,2,pass,1,1,0.6780778,0.6780778,0.173598,0.173598,0.012475382,0.012475382,21.0,29.0,21.0,29.0
0.25,1.0,PF,1431,2,2,pass,1,1,0.7186651,0.7186651,0.16434994,0.16434994,0.025743317,0.025743317,21.0,29.0,21.0,29.0
0.25,1.0,PF,1432,2,2,pass,1,1,0.65129316,0.65129316,0.21678324,0.21678324,0.023225917,0.023225917,21.0,29.0,21.0,29.0
0.25,1.0,PF,1433,2,0,shield_to_safe,1,0,0.6677499,0.76278657,0.20378518,0.08473345,0.02274346,0.10000285,21.0,29.0,0.0,29.0
0.25,1.0,PF,1434,2,2,pass,1,1,0.6677499,0.6677499,0.20378518,0.20378518,0.02274346,0.02274346,21.0,29.0,21.0,29.0
0.25,1.0,PF,1435,2,2,pass,1,1,0.6677499,0.6677499,0.20378518,0.20378518,0.02274346,0.02274346,21.0,29.0,21.0,29.0
0.25,1.0,PF,1436,2,2,pass,1,1,0.7186651,0.7186651,0.16434994,0.16434994,0.025743317,0.025743317,21.0,29.0,21.0,29.0
0.25,1.0,PF,1437,2,2,pass,1,1,0.6677499,0.6677499,0.20378518,0.20378518,0.02274346,0.02274346,21.0,29.0,21.0,29.0
0.25,1.0,PF,1438,2,2,pass,1,1,0.6677499,0.6677499,0.20378518,0.20378518,0.02274346,0.02274346,21.0,29.0,21.0,29.0
0.25,1.0,PF,1439,2,2,pass,1,1,0.6677499,0.6677499,0.20378518,0.20378518,0.02274346,0.02274346,21.0,29.0,21.0,29.0
0.25,1.0,PF,1440,2,2,pass,1,1,0.6677499,0.6677499,0.20378518,0.20378518,0.02274346,0.02274346,21.0,29.0,21.0,29.0
0.25,1.0,PF,1441,2,2,pass,1,1,0.6677499,0.6677499,0.20378518,0.20378518,0.02274346,0.02274346,21.0,29.0,21.0,29.0
0.25,1.0,PF,1442,2,2,pass,1,1,0.6677499,0.6677499,0.20378518,0.20378518,0.02274346,0.02274346,21.0,29.0,21.0,29.0
0.25,1.0,PF,1443,2,2,pass,1,1,0.6780778,0.6780778,0.173598,0.173598,0.012475382,0.012475382,21.0,29.0,21.0,29.0
0.25,1.0,PF,1444,2,2,pass,1,1,0.6677499,0.6677499,0.20378518,0.20378518,0.02274346,0.02274346,21.0,29.0,21.0,29.0
0.25,1.0,PF,1445,2,2,pass,1,1,0.6506768,0.6506768,0.24160099,0.24160099,0.021516193,0.021516193,21.0,29.0,21.0,29.0
0.25,1.0,PF,1446,2,2,pass,1,1,0.65129316,0.65129316,0.21678324,0.21678324,0.023225917,0.023225917,21.0,29.0,21.0,29.0
0.25,1.0,PF,1447,2,2,pass,1,1,0.6677499,0.6677499,0.20378518,0.20378518,0.02274346,0.02274346,21.0,29.0,21.0,29.0
0.25,1.0,PF,1448,2,2,pass,1,1,0.6677499,0.6677499,0.20378518,0.20378518,0.02274346,0.02274346,21.0,29.0,21.0,29.0
0.25,1.0,PF,1449,2,2,pass,1,1,0.65129316,0.65129316,0.21678324,0.21678324,0.023225917,0.023225917,21.0,29.0,21.0,29.0
0.25,1.0,PF,1450,2,2,pass,1,1,0.6677499,0.6677499,0.20378518,0.20378518,0.02274346,0.02274346,21.0,29.0,21.0,29.0
0.25,1.0,PF,1451,2,2,pass,1,1,0.6677499,0.6677499,0.20378518,0.20378518,0.02274346,0.02274346,21.0,29.0,21.0,29.0
0.25,1.0,PF,1452,2,2,pass,1,1,0.6677499,0.6677499,0.20378518,0.20378518,0.02274346,0.02274346,21.0,29.0,21.0,29.0
0.25,1.0,PF,1453,2,2,pass,1,1,0.6677499,0.6677499,0.20378518,0.20378518,0.02274346,0.02274346,21.0,29.0,21.0,29.0
0.25,1.0,PF,1454,2,2,pass,1,1,0.6677499,0.6677499,0.20378518,0.20378518,0.02274346,0.02274346,21.0,29.0,21.0,29.0
0.25,1.0,PF,1455,2,2,pass,1,1,0.6677499,0.6677499,0.20378518,0.20378518,0.02274346,0.02274346,21.0,29.0,21.0,29.0
0.25,1.0,PF,1456,2,2,pass,1,1,0.6677499,0.6677499,0.20378518,0.20378518,0.02274346,0.02274346,21.0,29.0,21.0,29.0
0.25,1.0,PF,1457,2,2,pass,1,1,0.7186651,0.7186651,0.16434994,0.16434994,0.025743317,0.025743317,21.0,29.0,21.0,29.0
0.25,1.0,PF,1458,2,2,pass,1,1,0.6677499,0.6677499,0.20378518,0.20378518,0.02274346,0.02274346,21.0,29.0,21.0,29.0
0.25,1.0,PF,1459,2,2,pass,1,1,0.6677499,0.6677499,0.20378518,0.20378518,0.02274346,0.02274346,21.0,29.0,21.0,29.0
0.25,1.0,PF,1460,2,2,pass,1,1,0.6677499,0.6677499,0.20378518,0.20378518,0.02274346,0.02274346,21.0,29.0,21.0,29.0
0.25,1.0,PF,1461,2,2,pass,1,1,0.6506768,0.6506768,0.24160099,0.24160099,0.021516193,0.021516193,21.0,29.0,21.0,29.0
0.25,1.0,PF,1462,2,2,pass,1,1,0.6677499,0.6677499,0.20378518,0.20378518,0.02274346,0.02274346,21.0,29.0,21.0,29.0
0.25,1.0,PF,1463,2,2,pass,1,1,0.6677499,0.6677499,0.20378518,0.20378518,0.02274346,0.02274346,21.0,29.0,21.0,29.0
0.25,1.0,PF,1464,2,2,pass,1,1,0.6677499,0.6677499,0.20378518,0.20378518,0.02274346,0.02274346,21.0,29.0,21.0,29.0
0.25,1.0,PF,1465,2,3,shield_to_safe,1,1,0.6506768,0.72676647,0.24160099,0.16350773,0.021516193,0.021733325,21.0,29.0,30.0,20.0
0.25,1.0,PF,1466,2,2,pass,1,1,0.6677499,0.6677499,0.20378518,0.20378518,0.02274346,0.02274346,21.0,29.0,21.0,29.0
0.25,1.0,PF,1467,2,2,pass,1,1,0.6677499,0.6677499,0.20378518,0.20378518,0.02274346,0.02274346,21.0,29.0,21.0,29.0
0.25,1.0,PF,1468,2,2,pass,1,1,0.6677499,0.6677499,0.20378518,0.20378518,0.02274346,0.02274346,21.0,29.0,21.0,29.0
0.25,1.0,PF,1469,2,2,pass,1,1,0.6677499,0.6677499,0.20378518,0.20378518,0.02274346,0.02274346,21.0,29.0,21.0,29.0
0.25,1.0,PF,1470,2,2,pass,1,1,0.6677499,0.6677499,0.20378518,0.20378518,0.02274346,0.02274346,21.0,29.0,21.0,29.0
0.25,1.0,PF,1471,2,2,pass,1,1,0.6677499,0.6677499,0.20378518,0.20378518,0.02274346,0.02274346,21.0,29.0,21.0,29.0
0.25,1.0,PF,1472,2,2,pass,1,1,0.6682329,0.6682329,0.20650832,0.20650832,0.025042687,0.025042687,21.0,29.0,21.0,29.0
0.25,1.0,PF,1473,2,2,pass,1,1,0.6677499,0.6677499,0.20378518,0.20378518,0.02274346,0.02274346,21.0,29.0,21.0,29.0
0.25,1.0,PF,1474,2,2,pass,1,1,0.6677499,0.6677499,0.20378518,0.20378518,0.02274346,0.02274346,21.0,29.0,21.0,29.0
0.25,1.0,PF,1475,2,2,pass,1,1,0.6677499,0.6677499,0.20378518,0.20378518,0.02274346,0.02274346,21.0,29.0,21.0,29.0
0.25,1.0,PF,1476,2,2,pass,1,1,0.6677499,0.6677499,0.20378518,0.20378518,0.02274346,0.02274346,21.0,29.0,21.0,29.0
0.25,1.0,PF,1477,2,2,pass,1,1,0.6780778,0.6780778,0.173598,0.173598,0.012475382,0.012475382,21.0,29.0,21.0,29.0
0.25,1.0,PF,1478,2,2,pass,1,1,0.6677499,0.6677499,0.20378518,0.20378518,0.02274346,0.02274346,21.0,29.0,21.0,29.0
0.25,1.0,PF,1479,2,2,pass,1,1,0.6677499,0.6677499,0.20378518,0.20378518,0.02274346,0.02274346,21.0,29.0,21.0,29.0
0.25,1.0,PF,1480,2,2,pass,1,1,0.6677499,0.6677499,0.20378518,0.20378518,0.02274346,0.02274346,21.0,29.0,21.0,29.0
0.25,1.0,PF,1481,2,2,pass,1,1,0.6677499,0.6677499,0.20378518,0.20378518,0.02274346,0.02274346,21.0,29.0,21.0,29.0
0.25,1.0,PF,1482,2,2,pass,1,1,0.6677499,0.6677499,0.20378518,0.20378518,0.02274346,0.02274346,21.0,29.0,21.0,29.0
0.25,1.0,PF,1483,2,2,pass,1,1,0.6677499,0.6677499,0.20378518,0.20378518,0.02274346,0.02274346,21.0,29.0,21.0,29.0
0.25,1.0,PF,1484,2,2,pass,1,1,0.6677499,0.6677499,0.20378518,0.20378518,0.02274346,0.02274346,21.0,29.0,21.0,29.0
0.25,1.0,PF,1485,2,2,pass,1,1,0.6506768,0.6506768,0.24160099,0.24160099,0.021516193,0.021516193,21.0,29.0,21.0,29.0
0.25,1.0,PF,1486,2,2,pass,1,1,0.6677499,0.6677499,0.20378518,0.20378518,0.02274346,0.02274346,21.0,29.0,21.0,29.0
0.25,1.0,PF,1487,2,2,pass,1,1,0.6677499,0.6677499,0.20378518,0.20378518,0.02274346,0.02274346,21.0,29.0,21.0,29.0
0.25,1.0,PF,1488,2,2,pass,1,1,0.6677499,0.6677499,0.20378518,0.20378518,0.02274346,0.02274346,21.0,29.0,21.0,29.0
0.25,1.0,PF,1489,2,2,pass,1,1,0.6677499,0.6677499,0.20378518,0.20378518,0.02274346,0.02274346,21.0,29.0,21.0,29.0
0.25,1.0,PF,1490,2,2,pass,1,1,0.6677499,0.6677499,0.20378518,0.20378518,0.02274346,0.02274346,21.0,29.0,21.0,29.0
0.25,1.0,PF,1491,2,2,pass,1,1,0.6682329,0.6682329,0.20650832,0.20650832,0.025042687,0.025042687,21.0,29.0,21.0,29.0
0.25,1.0,PF,1492,2,2,pass,1,1,0.6677499,0.6677499,0.20378518,0.20378518,0.02274346,0.02274346,21.0,29.0,21.0,29.0
0.25,1.0,PF,1493,2,2,pass,1,1,0.6677499,0.6677499,0.20378518,0.20378518,0.02274346,0.02274346,21.0,29.0,21.0,29.0
0.25,1.0,PF,1494,2,2,pass,1,1,0.6677499,0.6677499,0.20378518,0.20378518,0.02274346,0.02274346,21.0,29.0,21.0,29.0
0.25,1.0,PF,1495,2,2,pass,1,1,0.6677499,0.6677499,0.20378518,0.20378518,0.02274346,0.02274346,21.0,29.0,21.0,29.0
0.25,1.0,PF,1496,2,2,pass,1,1,0.6677499,0.6677499,0.20378518,0.20378518,0.02274346,0.02274346,21.0,29.0,21.0,29.0
0.25,1.0,PF,1497,2,2,pass,1,1,0.6677499,0.6677499,0.20378518,0.20378518,0.02274346,0.02274346,21.0,29.0,21.0,29.0
0.25,1.0,PF,1498,2,2,pass,1,1,0.6677499,0.6677499,0.20378518,0.20378518,0.02274346,0.02274346,21.0,29.0,21.0,29.0
0.25,1.0,PF,1499,2,2,pass,1,1,0.65129316,0.65129316,0.21678324,0.21678324,0.023225917,0.023225917,21.0,29.0,21.0,29.0
0.25,1.0,PF,1500,2,3,shield_to_safe,1,1,0.6506768,0.72676647,0.24160099,0.16350773,0.021516193,0.021733325,21.0,29.0,30.0,20.0
0.25,1.0,PF,1501,2,2,pass,1,1,0.6677499,0.6677499,0.20378518,0.20378518,0.02274346,0.02274346,21.0,29.0,21.0,29.0
0.25,1.0,PF,1502,2,2,pass,1,1,0.6677499,0.6677499,0.20378518,0.20378518,0.02274346,0.02274346,21.0,29.0,21.0,29.0
0.25,1.0,PF,1503,2,2,pass,1,1,0.6677499,0.6677499,0.20378518,0.20378518,0.02274346,0.02274346,21.0,29.0,21.0,29.0
0.25,1.0,PF,1504,2,2,pass,1,1,0.6677499,0.6677499,0.20378518,0.20378518,0.02274346,0.02274346,21.0,29.0,21.0,29.0
0.25,1.0,PF,1505,2,2,pass,1,1,0.6677499,0.6677499,0.20378518,0.20378518,0.02274346,0.02274346,21.0,29.0,21.0,29.0
0.25,1.0,PF,1506,2,2,pass,1,1,0.6677499,0.6677499,0.20378518,0.20378518,0.02274346,0.02274346,21.0,29.0,21.0,29.0
0.25,1.0,PF,1507,2,2,pass,1,1,0.6677499,0.6677499,0.20378518,0.20378518,0.02274346,0.02274346,21.0,29.0,21.0,29.0
0.25,1.0,PF,1508,2,2,pass,1,1,0.6677499,0.6677499,0.20378518,0.20378518,0.02274346,0.02274346,21.0,29.0,21.0,29.0
0.25,1.0,PF,1509,2,2,pass,1,1,0.65129316,0.65129316,0.21678324,0.21678324,0.023225917,0.023225917,21.0,29.0,21.0,29.0
0.25,1.0,PF,1510,2,2,pass,1,1,0.6677499,0.6677499,0.20378518,0.20378518,0.02274346,0.02274346,21.0,29.0,21.0,29.0
0.25,1.0,PF,1511,2,2,pass,1,1,0.6677499,0.6677499,0.20378518,0.20378518,0.02274346,0.02274346,21.0,29.0,21.0,29.0
0.25,1.0,PF,1512,2,2,pass,1,1,0.6677499,0.6677499,0.20378518,0.20378518,0.02274346,0.02274346,21.0,29.0,21.0,29.0
0.25,1.0,PF,1513,2,2,pass,1,1,0.6677499,0.6677499,0.20378518,0.20378518,0.02274346,0.02274346,21.0,29.0,21.0,29.0
0.25,1.0,PF,1514,2,2,pass,1,1,0.6677499,0.6677499,0.20378518,0.20378518,0.02274346,0.02274346,21.0,29.0,21.0,29.0
0.25,1.0,PF,1515,2,2,pass,1,1,0.6374081,0.6374081,0.21929021,0.21929021,0.023887053,0.023887053,21.0,29.0,21.0,29.0
0.25,1.0,PF,1516,2,2,pass,1,1,0.6677499,0.6677499,0.20378518,0.20378518,0.02274346,0.02274346,21.0,29.0,21.0,29.0
0.25,1.0,PF,1517,2,2,pass,1,1,0.65129316,0.65129316,0.21678324,0.21678324,0.023225917,0.023225917,21.0,29.0,21.0,29.0
0.25,1.0,PF,1518,2,2,pass,1,1,0.6677499,0.6677499,0.20378518,0.20378518,0.02274346,0.02274346,21.0,29.0,21.0,29.0
0.25,1.0,PF,1519,2,2,pass,1,1,0.6677499,0.6677499,0.20378518,0.20378518,0.02274346,0.02274346,21.0,29.0,21.0,29.0
0.25,1.0,PF,1520,2,2,pass,1,1,0.6677499,0.6677499,0.20378518,0.20378518,0.02274346,0.02274346,21.0,29.0,21.0,29.0
0.25,1.0,PF,1521,2,2,pass,1,1,0.6677499,0.6677499,0.20378518,0.20378518,0.02274346,0.02274346,21.0,29.0,21.0,29.0
0.25,1.0,PF,1522,2,2,pass,1,1,0.6677499,0.6677499,0.20378518,0.20378518,0.02274346,0.02274346,21.0,29.0,21.0,29.0
0.25,1.0,PF,1523,2,2,pass,1,1,0.6677499,0.6677499,0.20378518,0.20378518,0.02274346,0.02274346,21.0,29.0,21.0,29.0
0.25,1.0,PF,1524,2,2,pass,1,1,0.6677499,0.6677499,0.20378518,0.20378518,0.02274346,0.02274346,21.0,29.0,21.0,29.0
0.25,1.0,PF,1525,2,2,pass,1,1,0.6677499,0.6677499,0.20378518,0.20378518,0.02274346,0.02274346,21.0,29.0,21.0,29.0
0.25,1.0,PF,1526,2,2,pass,1,1,0.6682329,0.6682329,0.20650832,0.20650832,0.025042687,0.025042687,21.0,29.0,21.0,29.0
0.25,1.0,PF,1527,2,2,pass,1,1,0.6682329,0.6682329,0.20650832,0.20650832,0.025042687,0.025042687,21.0,29.0,21.0,29.0
0.25,1.0,PF,1528,2,2,pass,1,1,0.6677499,0.6677499,0.20378518,0.20378518,0.02274346,0.02274346,21.0,29.0,21.0,29.0
0.25,1.0,PF,1529,2,2,pass,1,1,0.6677499,0.6677499,0.20378518,0.20378518,0.02274346,0.02274346,21.0,29.0,21.0,29.0
0.25,1.0,PF,1530,2,2,pass,1,1,0.6677499,0.6677499,0.20378518,0.20378518,0.02274346,0.02274346,21.0,29.0,21.0,29.0
0.25,1.0,PF,1531,2,2,pass,1,1,0.6677499,0.6677499,0.20378518,0.20378518,0.02274346,0.02274346,21.0,29.0,21.0,29.0
0.25,1.0,PF,1532,2,2,pass,1,1,0.6677499,0.6677499,0.20378518,0.20378518,0.02274346,0.02274346,21.0,29.0,21.0,29.0
0.25,1.0,PF,1533,2,3,shield_to_safe,1,1,0.6677499,0.72676647,0.20378518,0.16350773,0.02274346,0.021733325,21.0,29.0,30.0,20.0
0.25,1.0,PF,1534,2,2,pass,1,1,0.6677499,0.6677499,0.20378518,0.20378518,0.02274346,0.02274346,21.0,29.0,21.0,29.0
0.25,1.0,PF,1535,2,2,pass,1,1,0.6677499,0.6677499,0.20378518,0.20378518,0.02274346,0.02274346,21.0,29.0,21.0,29.0
0.25,1.0,PF,1536,2,2,pass,1,1,0.6682329,0.6682329,0.20650832,0.20650832,0.025042687,0.025042687,21.0,29.0,21.0,29.0
0.25,1.0,PF,1537,2,2,pass,1,1,0.6677499,0.6677499,0.20378518,0.20378518,0.02274346,0.02274346,21.0,29.0,21.0,29.0
0.25,1.0,PF,1538,2,2,pass,1,1,0.6677499,0.6677499,0.20378518,0.20378518,0.02274346,0.02274346,21.0,29.0,21.0,29.0
0.25,1.0,PF,1539,2,2,pass,1,1,0.6682329,0.6682329,0.20650832,0.20650832,0.025042687,0.025042687,21.0,29.0,21.0,29.0
0.25,1.0,PF,1540,2,2,pass,1,1,0.6677499,0.6677499,0.20378518,0.20378518,0.02274346,0.02274346,21.0,29.0,21.0,29.0
0.25,1.0,PF,1541,2,2,pass,1,1,0.6677499,0.6677499,0.20378518,0.20378518,0.02274346,0.02274346,21.0,29.0,21.0,29.0
0.25,1.0,PF,1542,2,2,pass,1,1,0.6677499,0.6677499,0.20378518,0.20378518,0.02274346,0.02274346,21.0,29.0,21.0,29.0
0.25,1.0,PF,1543,2,2,pass,1,1,0.6677499,0.6677499,0.20378518,0.20378518,0.02274346,0.02274346,21.0,29.0,21.0,29.0
0.25,1.0,PF,1544,2,2,pass,1,1,0.6677499,0.6677499,0.20378518,0.20378518,0.02274346,0.02274346,21.0,29.0,21.0,29.0
0.25,1.0,PF,1545,2,2,pass,1,1,0.6682329,0.6682329,0.20650832,0.20650832,0.025042687,0.025042687,21.0,29.0,21.0,29.0
0.25,1.0,PF,1546,2,2,pass,1,1,0.6677499,0.6677499,0.20378518,0.20378518,0.02274346,0.02274346,21.0,29.0,21.0,29.0
0.25,1.0,PF,1547,2,2,pass,1,1,0.6677499,0.6677499,0.20378518,0.20378518,0.02274346,0.02274346,21.0,29.0,21.0,29.0
0.25,1.0,PF,1548,2,2,pass,1,1,0.7186651,0.7186651,0.16434994,0.16434994,0.025743317,0.025743317,21.0,29.0,21.0,29.0
0.25,1.0,PF,1549,2,2,pass,1,1,0.6780778,0.6780778,0.173598,0.173598,0.012475382,0.012475382,21.0,29.0,21.0,29.0
0.25,1.0,PF,1550,2,2,pass,1,1,0.6677499,0.6677499,0.20378518,0.20378518,0.02274346,0.02274346,21.0,29.0,21.0,29.0
0.25,1.0,PF,1551,2,2,pass,1,1,0.6677499,0.6677499,0.20378518,0.20378518,0.02274346,0.02274346,21.0,29.0,21.0,29.0
0.25,1.0,PF,1552,2,2,pass,1,1,0.6677499,0.6677499,0.20378518,0.20378518,0.02274346,0.02274346,21.0,29.0,21.0,29.0
0.25,1.0,PF,1553,2,2,pass,1,1,0.6677499,0.6677499,0.20378518,0.20378518,0.02274346,0.02274346,21.0,29.0,21.0,29.0
0.25,1.0,PF,1554,2,2,pass,1,1,0.6677499,0.6677499,0.20378518,0.20378518,0.02274346,0.02274346,21.0,29.0,21.0,29.0
0.25,1.0,PF,1555,2,2,pass,1,1,0.6677499,0.6677499,0.20378518,0.20378518,0.02274346,0.02274346,21.0,29.0,21.0,29.0
0.25,1.0,PF,1556,2,2,pass,1,1,0.6677499,0.6677499,0.20378518,0.20378518,0.02274346,0.02274346,21.0,29.0,21.0,29.0
0.25,1.0,PF,1557,2,2,pass,1,1,0.6677499,0.6677499,0.20378518,0.20378518,0.02274346,0.02274346,21.0,29.0,21.0,29.0
0.25,1.0,PF,1558,2,2,pass,1,1,0.65129316,0.65129316,0.21678324,0.21678324,0.023225917,0.023225917,21.0,29.0,21.0,29.0
0.25,1.0,PF,1559,2,2,pass,1,1,0.6677499,0.6677499,0.20378518,0.20378518,0.02274346,0.02274346,21.0,29.0,21.0,29.0
0.25,1.0,PF,1560,2,2,pass,1,1,0.6677499,0.6677499,0.20378518,0.20378518,0.02274346,0.02274346,21.0,29.0,21.0,29.0
0.25,1.0,PF,1561,2,2,pass,1,1,0.6677499,0.6677499,0.20378518,0.20378518,0.02274346,0.02274346,21.0,29.0,21.0,29.0
0.25,1.0,PF,1562,2,2,pass,1,1,0.6677499,0.6677499,0.20378518,0.20378518,0.02274346,0.02274346,21.0,29.0,21.0,29.0
0.25,1.0,PF,1563,2,2,pass,1,1,0.6677499,0.6677499,0.20378518,0.20378518,0.02274346,0.02274346,21.0,29.0,21.0,29.0
0.25,1.0,PF,1564,2,2,pass,1,1,0.65129316,0.65129316,0.21678324,0.21678324,0.023225917,0.023225917,21.0,29.0,21.0,29.0
0.25,1.0,PF,1565,2,2,pass,1,1,0.6677499,0.6677499,0.20378518,0.20378518,0.02274346,0.02274346,21.0,29.0,21.0,29.0
0.25,1.0,PF,1566,2,2,pass,1,1,0.6506768,0.6506768,0.24160099,0.24160099,0.021516193,0.021516193,21.0,29.0,21.0,29.0
0.25,1.0,PF,1567,2,2,pass,1,1,0.6677499,0.6677499,0.20378518,0.20378518,0.02274346,0.02274346,21.0,29.0,21.0,29.0
0.25,1.0,PF,1568,2,2,pass,1,1,0.6677499,0.6677499,0.20378518,0.20378518,0.02274346,0.02274346,21.0,29.0,21.0,29.0
0.25,1.0,PF,1569,2,2,pass,1,1,0.6677499,0.6677499,0.20378518,0.20378518,0.02274346,0.02274346,21.0,29.0,21.0,29.0
0.25,1.0,PF,1570,2,2,pass,1,1,0.6677499,0.6677499,0.20378518,0.20378518,0.02274346,0.02274346,21.0,29.0,21.0,29.0
0.25,1.0,PF,1571,2,2,pass,1,1,0.6374081,0.6374081,0.21929021,0.21929021,0.023887053,0.023887053,21.0,29.0,21.0,29.0
0.25,1.0,PF,1572,2,2,pass,1,1,0.6677499,0.6677499,0.20378518,0.20378518,0.02274346,0.02274346,21.0,29.0,21.0,29.0
0.25,1.0,PF,1573,2,2,pass,1,1,0.6682329,0.6682329,0.20650832,0.20650832,0.025042687,0.025042687,21.0,29.0,21.0,29.0
0.25,1.0,PF,1574,2,2,pass,1,1,0.6677499,0.6677499,0.20378518,0.20378518,0.02274346,0.02274346,21.0,29.0,21.0,29.0
0.25,1.0,PF,1575,2,2,pass,1,1,0.6677499,0.6677499,0.20378518,0.20378518,0.02274346,0.02274346,21.0,29.0,21.0,29.0
0.25,1.0,PF,1576,2,2,pass,1,1,0.6677499,0.6677499,0.20378518,0.20378518,0.02274346,0.02274346,21.0,29.0,21.0,29.0
0.25,1.0,PF,1577,2,2,pass,1,1,0.6677499,0.6677499,0.20378518,0.20378518,0.02274346,0.02274346,21.0,29.0,21.0,29.0
0.25,1.0,PF,1578,2,2,pass,1,1,0.6677499,0.6677499,0.20378518,0.20378518,0.02274346,0.02274346,21.0,29.0,21.0,29.0
0.25,1.0,PF,1579,2,2,pass,1,1,0.6677499,0.6677499,0.20378518,0.20378518,0.02274346,0.02274346,21.0,29.0,21.0,29.0
0.25,1.0,PF,1580,2,2,pass,1,1,0.6677499,0.6677499,0.20378518,0.20378518,0.02274346,0.02274346,21.0,29.0,21.0,29.0
0.25,1.0,PF,1581,2,2,pass,1,1,0.6677499,0.6677499,0.20378518,0.20378518,0.02274346,0.02274346,21.0,29.0,21.0,29.0
0.25,1.0,PF,1582,2,3,shield_to_safe,1,1,0.6677499,0.72676647,0.20378518,0.16350773,0.02274346,0.021733325,21.0,29.0,30.0,20.0
0.25,1.0,PF,1583,2,2,pass,1,1,0.6677499,0.6677499,0.20378518,0.20378518,0.02274346,0.02274346,21.0,29.0,21.0,29.0
0.25,1.0,PF,1584,2,2,pass,1,1,0.6677499,0.6677499,0.20378518,0.20378518,0.02274346,0.02274346,21.0,29.0,21.0,29.0
0.25,1.0,PF,1585,2,2,pass,1,1,0.6677499,0.6677499,0.20378518,0.20378518,0.02274346,0.02274346,21.0,29.0,21.0,29.0
0.25,1.0,PF,1586,2,2,pass,1,1,0.6677499,0.6677499,0.20378518,0.20378518,0.02274346,0.02274346,21.0,29.0,21.0,29.0
0.25,1.0,PF,1587,2,2,pass,1,1,0.6677499,0.6677499,0.20378518,0.20378518,0.02274346,0.02274346,21.0,29.0,21.0,29.0
0.25,1.0,PF,1588,2,2,pass,1,1,0.6677499,0.6677499,0.20378518,0.20378518,0.02274346,0.02274346,21.0,29.0,21.0,29.0
0.25,1.0,PF,1589,2,2,pass,1,1,0.65129316,0.65129316,0.21678324,0.21678324,0.023225917,0.023225917,21.0,29.0,21.0,29.0
0.25,1.0,PF,1590,2,2,pass,1,1,0.6677499,0.6677499,0.20378518,0.20378518,0.02274346,0.02274346,21.0,29.0,21.0,29.0
0.25,1.0,PF,1591,2,2,pass,1,1,0.6677499,0.6677499,0.20378518,0.20378518,0.02274346,0.02274346,21.0,29.0,21.0,29.0
0.25,1.0,PF,1592,2,2,pass,1,1,0.6780778,0.6780778,0.173598,0.173598,0.012475382,0.012475382,21.0,29.0,21.0,29.0
0.25,1.0,PF,1593,2,2,pass,1,1,0.6677499,0.6677499,0.20378518,0.20378518,0.02274346,0.02274346,21.0,29.0,21.0,29.0
0.25,1.0,PF,1594,2,2,pass,1,1,0.6677499,0.6677499,0.20378518,0.20378518,0.02274346,0.02274346,21.0,29.0,21.0,29.0
0.25,1.0,PF,1595,2,2,pass,1,1,0.6677499,0.6677499,0.20378518,0.20378518,0.02274346,0.02274346,21.0,29.0,21.0,29.0
0.25,1.0,PF,1596,2,2,pass,1,1,0.6677499,0.6677499,0.20378518,0.20378518,0.02274346,0.02274346,21.0,29.0,21.0,29.0
0.25,1.0,PF,1597,2,2,pass,1,1,0.6677499,0.6677499,0.20378518,0.20378518,0.02274346,0.02274346,21.0,29.0,21.0,29.0
0.25,1.0,PF,1598,2,2,pass,1,1,0.6677499,0.6677499,0.20378518,0.20378518,0.02274346,0.02274346,21.0,29.0,21.0,29.0
0.25,1.0,PF,1599,2,2,pass,1,1,0.6677499,0.6677499,0.20378518,0.20378518,0.02274346,0.02274346,21.0,29.0,21.0,29.0
0.25,1.0,PF,1600,2,2,pass,1,1,0.6677499,0.6677499,0.20378518,0.20378518,0.02274346,0.02274346,21.0,29.0,21.0,29.0
0.25,1.0,PF,1601,2,2,pass,1,1,0.6677499,0.6677499,0.20378518,0.20378518,0.02274346,0.02274346,21.0,29.0,21.0,29.0
0.25,1.0,PF,1602,2,2,pass,1,1,0.6677499,0.6677499,0.20378518,0.20378518,0.02274346,0.02274346,21.0,29.0,21.0,29.0
0.25,1.0,PF,1603,2,2,pass,1,1,0.6677499,0.6677499,0.20378518,0.20378518,0.02274346,0.02274346,21.0,29.0,21.0,29.0
0.25,1.0,PF,1604,2,2,pass,1,1,0.6677499,0.6677499,0.20378518,0.20378518,0.02274346,0.02274346,21.0,29.0,21.0,29.0
0.25,1.0,PF,1605,2,2,pass,1,1,0.6677499,0.6677499,0.20378518,0.20378518,0.02274346,0.02274346,21.0,29.0,21.0,29.0
0.25,1.0,PF,1606,2,2,pass,1,1,0.6374081,0.6374081,0.21929021,0.21929021,0.023887053,0.023887053,21.0,29.0,21.0,29.0
0.25,1.0,PF,1607,2,2,pass,1,1,0.6677499,0.6677499,0.20378518,0.20378518,0.02274346,0.02274346,21.0,29.0,21.0,29.0
0.25,1.0,PF,1608,2,2,pass,1,1,0.6677499,0.6677499,0.20378518,0.20378518,0.02274346,0.02274346,21.0,29.0,21.0,29.0
0.25,1.0,PF,1609,2,2,pass,1,1,0.6677499,0.6677499,0.20378518,0.20378518,0.02274346,0.02274346,21.0,29.0,21.0,29.0
0.25,1.0,PF,1610,2,2,pass,1,1,0.6677499,0.6677499,0.20378518,0.20378518,0.02274346,0.02274346,21.0,29.0,21.0,29.0
0.25,1.0,PF,1611,2,2,pass,1,1,0.6677499,0.6677499,0.20378518,0.20378518,0.02274346,0.02274346,21.0,29.0,21.0,29.0
0.25,1.0,PF,1612,2,2,pass,1,1,0.6677499,0.6677499,0.20378518,0.20378518,0.02274346,0.02274346,21.0,29.0,21.0,29.0
0.25,1.0,PF,1613,2,2,pass,1,1,0.6677499,0.6677499,0.20378518,0.20378518,0.02274346,0.02274346,21.0,29.0,21.0,29.0
0.25,1.0,PF,1614,2,2,pass,1,1,0.6677499,0.6677499,0.20378518,0.20378518,0.02274346,0.02274346,21.0,29.0,21.0,29.0
0.25,1.0,PF,1615,2,2,pass,1,1,0.6677499,0.6677499,0.20378518,0.20378518,0.02274346,0.02274346,21.0,29.0,21.0,29.0
0.25,1.0,PF,1616,2,2,pass,1,1,0.6677499,0.6677499,0.20378518,0.20378518,0.02274346,0.02274346,21.0,29.0,21.0,29.0
0.25,1.0,PF,1617,2,2,pass,1,1,0.6677499,0.6677499,0.20378518,0.20378518,0.02274346,0.02274346,21.0,29.0,21.0,29.0
0.25,1.0,PF,1618,2,2,pass,1,1,0.65129316,0.65129316,0.21678324,0.21678324,0.023225917,0.023225917,21.0,29.0,21.0,29.0
0.25,1.0,PF,1619,2,2,pass,1,1,0.6677499,0.6677499,0.20378518,0.20378518,0.02274346,0.02274346,21.0,29.0,21.0,29.0
0.25,1.0,PF,1620,2,2,pass,1,1,0.6677499,0.6677499,0.20378518,0.20378518,0.02274346,0.02274346,21.0,29.0,21.0,29.0
0.25,1.0,PF,1621,2,2,pass,1,1,0.6682329,0.6682329,0.20650832,0.20650832,0.025042687,0.025042687,21.0,29.0,21.0,29.0
0.25,1.0,PF,1622,2,2,pass,1,1,0.6677499,0.6677499,0.20378518,0.20378518,0.02274346,0.02274346,21.0,29.0,21.0,29.0
0.25,1.0,PF,1623,2,2,pass,1,1,0.6677499,0.6677499,0.20378518,0.20378518,0.02274346,0.02274346,21.0,29.0,21.0,29.0
0.25,1.0,PF,1624,2,2,pass,1,1,0.6677499,0.6677499,0.20378518,0.20378518,0.02274346,0.02274346,21.0,29.0,21.0,29.0
0.25,1.0,PF,1625,2,2,pass,1,1,0.6506768,0.6506768,0.24160099,0.24160099,0.021516193,0.021516193,21.0,29.0,21.0,29.0
0.25,1.0,PF,1626,2,2,pass,1,1,0.6677499,0.6677499,0.20378518,0.20378518,0.02274346,0.02274346,21.0,29.0,21.0,29.0
0.25,1.0,PF,1627,2,2,pass,1,1,0.6677499,0.6677499,0.20378518,0.20378518,0.02274346,0.02274346,21.0,29.0,21.0,29.0
0.25,1.0,PF,1628,2,2,pass,1,1,0.6506768,0.6506768,0.24160099,0.24160099,0.021516193,0.021516193,21.0,29.0,21.0,29.0
0.25,1.0,PF,1629,2,2,pass,1,1,0.6677499,0.6677499,0.20378518,0.20378518,0.02274346,0.02274346,21.0,29.0,21.0,29.0
0.25,1.0,PF,1630,2,2,pass,1,1,0.6677499,0.6677499,0.20378518,0.20378518,0.02274346,0.02274346,21.0,29.0,21.0,29.0
0.25,1.0,PF,1631,2,2,pass,1,1,0.65129316,0.65129316,0.21678324,0.21678324,0.023225917,0.023225917,21.0,29.0,21.0,29.0
0.25,1.0,PF,1632,2,2,pass,1,1,0.7186651,0.7186651,0.16434994,0.16434994,0.025743317,0.025743317,21.0,29.0,21.0,29.0
0.25,1.0,PF,1633,2,2,pass,1,1,0.6677499,0.6677499,0.20378518,0.20378518,0.02274346,0.02274346,21.0,29.0,21.0,29.0
0.25,1.0,PF,1634,2,2,pass,1,1,0.6780778,0.6780778,0.173598,0.173598,0.012475382,0.012475382,21.0,29.0,21.0,29.0
0.25,1.0,PF,1635,2,2,pass,1,1,0.6677499,0.6677499,0.20378518,0.20378518,0.02274346,0.02274346,21.0,29.0,21.0,29.0
0.25,1.0,PF,1636,2,2,pass,1,1,0.6677499,0.6677499,0.20378518,0.20378518,0.02274346,0.02274346,21.0,29.0,21.0,29.0
0.25,1.0,PF,1637,2,2,pass,1,1,0.6682329,0.6682329,0.20650832,0.20650832,0.025042687,0.025042687,21.0,29.0,21.0,29.0
0.25,1.0,PF,1638,2,2,pass,1,1,0.6677499,0.6677499,0.20378518,0.20378518,0.02274346,0.02274346,21.0,29.0,21.0,29.0
0.25,1.0,PF,1639,2,2,pass,1,1,0.6677499,0.6677499,0.20378518,0.20378518,0.02274346,0.02274346,21.0,29.0,21.0,29.0
0.25,1.0,PF,1640,2,2,pass,1,1,0.6677499,0.6677499,0.20378518,0.20378518,0.02274346,0.02274346,21.0,29.0,21.0,29.0
0.25,1.0,PF,1641,2,2,pass,1,1,0.6677499,0.6677499,0.20378518,0.20378518,0.02274346,0.02274346,21.0,29.0,21.0,29.0
0.25,1.0,PF,1642,2,2,pass,1,1,0.6682329,0.6682329,0.20650832,0.20650832,0.025042687,0.025042687,21.0,29.0,21.0,29.0
0.25,1.0,PF,1643,2,2,pass,1,1,0.6677499,0.6677499,0.20378518,0.20378518,0.02274346,0.02274346,21.0,29.0,21.0,29.0
0.25,1.0,PF,1644,2,3,shield_to_safe,1,1,0.6677499,0.72676647,0.20378518,0.16350773,0.02274346,0.021733325,21.0,29.0,30.0,20.0
0.25,1.0,PF,1645,2,2,pass,1,1,0.6677499,0.6677499,0.20378518,0.20378518,0.02274346,0.02274346,21.0,29.0,21.0,29.0
0.25,1.0,PF,1646,2,2,pass,1,1,0.65129316,0.65129316,0.21678324,0.21678324,0.023225917,0.023225917,21.0,29.0,21.0,29.0
0.25,1.0,PF,1647,2,2,pass,1,1,0.6682329,0.6682329,0.20650832,0.20650832,0.025042687,0.025042687,21.0,29.0,21.0,29.0
0.25,1.0,PF,1648,2,2,pass,1,1,0.6682329,0.6682329,0.20650832,0.20650832,0.025042687,0.025042687,21.0,29.0,21.0,29.0
0.25,1.0,PF,1649,2,2,pass,1,1,0.6677499,0.6677499,0.20378518,0.20378518,0.02274346,0.02274346,21.0,29.0,21.0,29.0
0.25,1.0,PF,1650,2,2,pass,1,1,0.6682329,0.6682329,0.20650832,0.20650832,0.025042687,0.025042687,21.0,29.0,21.0,29.0
0.25,1.0,PF,1651,2,2,pass,1,1,0.6677499,0.6677499,0.20378518,0.20378518,0.02274346,0.02274346,21.0,29.0,21.0,29.0
0.25,1.0,PF,1652,2,2,pass,1,1,0.6677499,0.6677499,0.20378518,0.20378518,0.02274346,0.02274346,21.0,29.0,21.0,29.0
0.25,1.0,PF,1653,2,2,pass,1,1,0.6677499,0.6677499,0.20378518,0.20378518,0.02274346,0.02274346,21.0,29.0,21.0,29.0
0.25,1.0,PF,1654,2,2,pass,1,1,0.6374081,0.6374081,0.21929021,0.21929021,0.023887053,0.023887053,21.0,29.0,21.0,29.0
0.25,1.0,PF,1655,2,2,pass,1,1,0.6677499,0.6677499,0.20378518,0.20378518,0.02274346,0.02274346,21.0,29.0,21.0,29.0
0.25,1.0,PF,1656,2,2,pass,1,1,0.6677499,0.6677499,0.20378518,0.20378518,0.02274346,0.02274346,21.0,29.0,21.0,29.0
0.25,1.0,PF,1657,2,2,pass,1,1,0.6677499,0.6677499,0.20378518,0.20378518,0.02274346,0.02274346,21.0,29.0,21.0,29.0
0.25,1.0,PF,1658,2,2,pass,1,1,0.6780778,0.6780778,0.173598,0.173598,0.012475382,0.012475382,21.0,29.0,21.0,29.0
0.25,1.0,PF,1659,2,2,pass,1,1,0.6677499,0.6677499,0.20378518,0.20378518,0.02274346,0.02274346,21.0,29.0,21.0,29.0
0.25,1.0,PF,1660,2,2,pass,1,1,0.6677499,0.6677499,0.20378518,0.20378518,0.02274346,0.02274346,21.0,29.0,21.0,29.0
0.25,1.0,PF,1661,2,2,pass,1,1,0.6677499,0.6677499,0.20378518,0.20378518,0.02274346,0.02274346,21.0,29.0,21.0,29.0
0.25,1.0,PF,1662,2,2,pass,1,1,0.6677499,0.6677499,0.20378518,0.20378518,0.02274346,0.02274346,21.0,29.0,21.0,29.0
0.25,1.0,PF,1663,2,2,pass,1,1,0.6677499,0.6677499,0.20378518,0.20378518,0.02274346,0.02274346,21.0,29.0,21.0,29.0
0.25,1.0,PF,1664,2,2,pass,1,1,0.6677499,0.6677499,0.20378518,0.20378518,0.02274346,0.02274346,21.0,29.0,21.0,29.0
0.25,1.0,PF,1665,2,2,pass,1,1,0.7186651,0.7186651,0.16434994,0.16434994,0.025743317,0.025743317,21.0,29.0,21.0,29.0
0.25,1.0,PF,1666,2,2,pass,1,1,0.6677499,0.6677499,0.20378518,0.20378518,0.02274346,0.02274346,21.0,29.0,21.0,29.0
0.25,1.0,PF,1667,2,2,pass,1,1,0.6677499,0.6677499,0.20378518,0.20378518,0.02274346,0.02274346,21.0,29.0,21.0,29.0
0.25,1.0,PF,1668,2,2,pass,1,1,0.6677499,0.6677499,0.20378518,0.20378518,0.02274346,0.02274346,21.0,29.0,21.0,29.0
0.25,1.0,PF,1669,2,2,pass,1,1,0.6780778,0.6780778,0.173598,0.173598,0.012475382,0.012475382,21.0,29.0,21.0,29.0
0.25,1.0,PF,1670,2,2,pass,1,1,0.6677499,0.6677499,0.20378518,0.20378518,0.02274346,0.02274346,21.0,29.0,21.0,29.0
0.25,1.0,PF,1671,2,2,pass,1,1,0.6677499,0.6677499,0.20378518,0.20378518,0.02274346,0.02274346,21.0,29.0,21.0,29.0
0.25,1.0,PF,1672,2,2,pass,1,1,0.6677499,0.6677499,0.20378518,0.20378518,0.02274346,0.02274346,21.0,29.0,21.0,29.0
0.25,1.0,PF,1673,2,2,pass,1,1,0.6677499,0.6677499,0.20378518,0.20378518,0.02274346,0.02274346,21.0,29.0,21.0,29.0
0.25,1.0,PF,1674,2,2,pass,1,1,0.6682329,0.6682329,0.20650832,0.20650832,0.025042687,0.025042687,21.0,29.0,21.0,29.0
0.25,1.0,PF,1675,2,2,pass,1,1,0.6780778,0.6780778,0.173598,0.173598,0.012475382,0.012475382,21.0,29.0,21.0,29.0
0.25,1.0,PF,1676,2,2,pass,1,1,0.6677499,0.6677499,0.20378518,0.20378518,0.02274346,0.02274346,21.0,29.0,21.0,29.0
0.25,1.0,PF,1677,2,2,pass,1,1,0.6677499,0.6677499,0.20378518,0.20378518,0.02274346,0.02274346,21.0,29.0,21.0,29.0
0.25,1.0,PF,1678,2,2,pass,1,1,0.6677499,0.6677499,0.20378518,0.20378518,0.02274346,0.02274346,21.0,29.0,21.0,29.0
0.25,1.0,PF,1679,2,2,pass,1,1,0.6677499,0.6677499,0.20378518,0.20378518,0.02274346,0.02274346,21.0,29.0,21.0,29.0
0.25,1.0,PF,1680,2,2,pass,1,1,0.6677499,0.6677499,0.20378518,0.20378518,0.02274346,0.02274346,21.0,29.0,21.0,29.0
0.25,1.0,PF,1681,2,2,pass,1,1,0.6677499,0.6677499,0.20378518,0.20378518,0.02274346,0.02274346,21.0,29.0,21.0,29.0
0.25,1.0,PF,1682,2,2,pass,1,1,0.6677499,0.6677499,0.20378518,0.20378518,0.02274346,0.02274346,21.0,29.0,21.0,29.0
0.25,1.0,PF,1683,2,2,pass,1,1,0.6677499,0.6677499,0.20378518,0.20378518,0.02274346,0.02274346,21.0,29.0,21.0,29.0
0.25,1.0,PF,1684,2,2,pass,1,1,0.6677499,0.6677499,0.20378518,0.20378518,0.02274346,0.02274346,21.0,29.0,21.0,29.0
0.25,1.0,PF,1685,2,2,pass,1,1,0.6677499,0.6677499,0.20378518,0.20378518,0.02274346,0.02274346,21.0,29.0,21.0,29.0
0.25,1.0,PF,1686,2,2,pass,1,1,0.6677499,0.6677499,0.20378518,0.20378518,0.02274346,0.02274346,21.0,29.0,21.0,29.0
0.25,1.0,PF,1687,2,2,pass,1,1,0.6677499,0.6677499,0.20378518,0.20378518,0.02274346,0.02274346,21.0,29.0,21.0,29.0
0.25,1.0,PF,1688,2,2,pass,1,1,0.6677499,0.6677499,0.20378518,0.20378518,0.02274346,0.02274346,21.0,29.0,21.0,29.0
0.25,1.0,PF,1689,2,2,pass,1,1,0.65129316,0.65129316,0.21678324,0.21678324,0.023225917,0.023225917,21.0,29.0,21.0,29.0
0.25,1.0,PF,1690,2,2,pass,1,1,0.6677499,0.6677499,0.20378518,0.20378518,0.02274346,0.02274346,21.0,29.0,21.0,29.0
0.25,1.0,PF,1691,2,2,pass,1,1,0.6677499,0.6677499,0.20378518,0.20378518,0.02274346,0.02274346,21.0,29.0,21.0,29.0
0.25,1.0,PF,1692,2,2,pass,1,1,0.7186651,0.7186651,0.16434994,0.16434994,0.025743317,0.025743317,21.0,29.0,21.0,29.0
0.25,1.0,PF,1693,2,2,pass,1,1,0.6677499,0.6677499,0.20378518,0.20378518,0.02274346,0.02274346,21.0,29.0,21.0,29.0
0.25,1.0,PF,1694,2,2,pass,1,1,0.6677499,0.6677499,0.20378518,0.20378518,0.02274346,0.02274346,21.0,29.0,21.0,29.0
0.25,1.0,PF,1695,2,2,pass,1,1,0.6677499,0.6677499,0.20378518,0.20378518,0.02274346,0.02274346,21.0,29.0,21.0,29.0
0.25,1.0,PF,1696,2,2,pass,1,1,0.6677499,0.6677499,0.20378518,0.20378518,0.02274346,0.02274346,21.0,29.0,21.0,29.0
0.25,1.0,PF,1697,2,2,pass,1,1,0.6682329,0.6682329,0.20650832,0.20650832,0.025042687,0.025042687,21.0,29.0,21.0,29.0
0.25,1.0,PF,1698,2,2,pass,1,1,0.6677499,0.6677499,0.20378518,0.20378518,0.02274346,0.02274346,21.0,29.0,21.0,29.0
0.25,1.0,PF,1699,2,2,pass,1,1,0.6677499,0.6677499,0.20378518,0.20378518,0.02274346,0.02274346,21.0,29.0,21.0,29.0
0.25,1.0,PF,1700,2,2,pass,1,1,0.6677499,0.6677499,0.20378518,0.20378518,0.02274346,0.02274346,21.0,29.0,21.0,29.0
0.25,1.0,PF,1701,2,2,pass,1,1,0.6677499,0.6677499,0.20378518,0.20378518,0.02274346,0.02274346,21.0,29.0,21.0,29.0
0.25,1.0,PF,1702,2,2,pass,1,1,0.6677499,0.6677499,0.20378518,0.20378518,0.02274346,0.02274346,21.0,29.0,21.0,29.0
0.25,1.0,PF,1703,2,2,pass,1,1,0.6677499,0.6677499,0.20378518,0.20378518,0.02274346,0.02274346,21.0,29.0,21.0,29.0
0.25,1.0,PF,1704,2,2,pass,1,1,0.6677499,0.6677499,0.20378518,0.20378518,0.02274346,0.02274346,21.0,29.0,21.0,29.0
0.25,1.0,PF,1705,2,2,pass,1,1,0.65129316,0.65129316,0.21678324,0.21678324,0.023225917,0.023225917,21.0,29.0,21.0,29.0
0.25,1.0,PF,1706,2,2,pass,1,1,0.65129316,0.65129316,0.21678324,0.21678324,0.023225917,0.023225917,21.0,29.0,21.0,29.0
0.25,1.0,PF,1707,2,2,pass,1,1,0.6677499,0.6677499,0.20378518,0.20378518,0.02274346,0.02274346,21.0,29.0,21.0,29.0
0.25,1.0,PF,1708,2,2,pass,1,1,0.6677499,0.6677499,0.20378518,0.20378518,0.02274346,0.02274346,21.0,29.0,21.0,29.0
0.25,1.0,PF,1709,2,2,pass,1,1,0.6677499,0.6677499,0.20378518,0.20378518,0.02274346,0.02274346,21.0,29.0,21.0,29.0
0.25,1.0,PF,1710,2,2,pass,1,1,0.6677499,0.6677499,0.20378518,0.20378518,0.02274346,0.02274346,21.0,29.0,21.0,29.0
0.25,1.0,PF,1711,2,2,pass,1,1,0.6677499,0.6677499,0.20378518,0.20378518,0.02274346,0.02274346,21.0,29.0,21.0,29.0
0.25,1.0,PF,1712,2,2,pass,1,1,0.6677499,0.6677499,0.20378518,0.20378518,0.02274346,0.02274346,21.0,29.0,21.0,29.0
0.25,1.0,PF,1713,2,2,pass,1,1,0.6677499,0.6677499,0.20378518,0.20378518,0.02274346,0.02274346,21.0,29.0,21.0,29.0
0.25,1.0,PF,1714,2,2,pass,1,1,0.7186651,0.7186651,0.16434994,0.16434994,0.025743317,0.025743317,21.0,29.0,21.0,29.0
0.25,1.0,PF,1715,2,2,pass,1,1,0.6677499,0.6677499,0.20378518,0.20378518,0.02274346,0.02274346,21.0,29.0,21.0,29.0
0.25,1.0,PF,1716,2,2,pass,1,1,0.6677499,0.6677499,0.20378518,0.20378518,0.02274346,0.02274346,21.0,29.0,21.0,29.0
0.25,1.0,PF,1717,2,2,pass,1,1,0.6677499,0.6677499,0.20378518,0.20378518,0.02274346,0.02274346,21.0,29.0,21.0,29.0
0.25,1.0,PF,1718,2,2,pass,1,1,0.6682329,0.6682329,0.20650832,0.20650832,0.025042687,0.025042687,21.0,29.0,21.0,29.0
0.25,1.0,PF,1719,2,2,pass,1,1,0.6677499,0.6677499,0.20378518,0.20378518,0.02274346,0.02274346,21.0,29.0,21.0,29.0
0.25,1.0,PF,1720,2,2,pass,1,1,0.6677499,0.6677499,0.20378518,0.20378518,0.02274346,0.02274346,21.0,29.0,21.0,29.0
0.25,1.0,PF,1721,2,2,pass,1,1,0.6677499,0.6677499,0.20378518,0.20378518,0.02274346,0.02274346,21.0,29.0,21.0,29.0
0.25,1.0,PF,1722,2,2,pass,1,1,0.6677499,0.6677499,0.20378518,0.20378518,0.02274346,0.02274346,21.0,29.0,21.0,29.0
0.25,1.0,PF,1723,2,2,pass,1,1,0.6677499,0.6677499,0.20378518,0.20378518,0.02274346,0.02274346,21.0,29.0,21.0,29.0
0.25,1.0,PF,1724,2,2,pass,1,1,0.6677499,0.6677499,0.20378518,0.20378518,0.02274346,0.02274346,21.0,29.0,21.0,29.0
0.25,1.0,PF,1725,2,2,pass,1,1,0.6506768,0.6506768,0.24160099,0.24160099,0.021516193,0.021516193,21.0,29.0,21.0,29.0
0.25,1.0,PF,1726,2,2,pass,1,1,0.6677499,0.6677499,0.20378518,0.20378518,0.02274346,0.02274346,21.0,29.0,21.0,29.0
0.25,1.0,PF,1727,2,2,pass,1,1,0.6677499,0.6677499,0.20378518,0.20378518,0.02274346,0.02274346,21.0,29.0,21.0,29.0
0.25,1.0,PF,1728,2,2,pass,1,1,0.6677499,0.6677499,0.20378518,0.20378518,0.02274346,0.02274346,21.0,29.0,21.0,29.0
0.25,1.0,PF,1729,2,2,pass,1,1,0.6677499,0.6677499,0.20378518,0.20378518,0.02274346,0.02274346,21.0,29.0,21.0,29.0
0.25,1.0,PF,1730,2,2,pass,1,1,0.6677499,0.6677499,0.20378518,0.20378518,0.02274346,0.02274346,21.0,29.0,21.0,29.0
0.25,1.0,PF,1731,2,2,pass,1,1,0.6677499,0.6677499,0.20378518,0.20378518,0.02274346,0.02274346,21.0,29.0,21.0,29.0
0.25,1.0,PF,1732,2,2,pass,1,1,0.6677499,0.6677499,0.20378518,0.20378518,0.02274346,0.02274346,21.0,29.0,21.0,29.0
0.25,1.0,PF,1733,2,2,pass,1,1,0.6677499,0.6677499,0.20378518,0.20378518,0.02274346,0.02274346,21.0,29.0,21.0,29.0
0.25,1.0,PF,1734,2,2,pass,1,1,0.6677499,0.6677499,0.20378518,0.20378518,0.02274346,0.02274346,21.0,29.0,21.0,29.0
0.25,1.0,PF,1735,2,2,pass,1,1,0.6677499,0.6677499,0.20378518,0.20378518,0.02274346,0.02274346,21.0,29.0,21.0,29.0
0.25,1.0,PF,1736,2,2,pass,1,1,0.6677499,0.6677499,0.20378518,0.20378518,0.02274346,0.02274346,21.0,29.0,21.0,29.0
0.25,1.0,PF,1737,2,2,pass,1,1,0.6677499,0.6677499,0.20378518,0.20378518,0.02274346,0.02274346,21.0,29.0,21.0,29.0
0.25,1.0,PF,1738,2,2,pass,1,1,0.6677499,0.6677499,0.20378518,0.20378518,0.02274346,0.02274346,21.0,29.0,21.0,29.0
0.25,1.0,PF,1739,2,2,pass,1,1,0.6506768,0.6506768,0.24160099,0.24160099,0.021516193,0.021516193,21.0,29.0,21.0,29.0
0.25,1.0,PF,1740,2,2,pass,1,1,0.6677499,0.6677499,0.20378518,0.20378518,0.02274346,0.02274346,21.0,29.0,21.0,29.0
0.25,1.0,PF,1741,2,2,pass,1,1,0.6677499,0.6677499,0.20378518,0.20378518,0.02274346,0.02274346,21.0,29.0,21.0,29.0
0.25,1.0,PF,1742,2,2,pass,1,1,0.6677499,0.6677499,0.20378518,0.20378518,0.02274346,0.02274346,21.0,29.0,21.0,29.0
0.25,1.0,PF,1743,2,2,pass,1,1,0.6677499,0.6677499,0.20378518,0.20378518,0.02274346,0.02274346,21.0,29.0,21.0,29.0
0.25,1.0,PF,1744,2,2,pass,1,1,0.6677499,0.6677499,0.20378518,0.20378518,0.02274346,0.02274346,21.0,29.0,21.0,29.0
0.25,1.0,PF,1745,2,2,pass,1,1,0.6677499,0.6677499,0.20378518,0.20378518,0.02274346,0.02274346,21.0,29.0,21.0,29.0
0.25,1.0,PF,1746,2,2,pass,1,1,0.6677499,0.6677499,0.20378518,0.20378518,0.02274346,0.02274346,21.0,29.0,21.0,29.0
0.25,1.0,PF,1747,2,2,pass,1,1,0.6677499,0.6677499,0.20378518,0.20378518,0.02274346,0.02274346,21.0,29.0,21.0,29.0
0.25,1.0,PF,1748,2,2,pass,1,1,0.6677499,0.6677499,0.20378518,0.20378518,0.02274346,0.02274346,21.0,29.0,21.0,29.0
0.25,1.0,PF,1749,2,2,pass,1,1,0.6677499,0.6677499,0.20378518,0.20378518,0.02274346,0.02274346,21.0,29.0,21.0,29.0
0.25,1.0,PF,1750,2,2,pass,1,1,0.6677499,0.6677499,0.20378518,0.20378518,0.02274346,0.02274346,21.0,29.0,21.0,29.0
0.25,1.0,PF,1751,2,2,pass,1,1,0.6677499,0.6677499,0.20378518,0.20378518,0.02274346,0.02274346,21.0,29.0,21.0,29.0
0.25,1.0,PF,1752,2,2,pass,1,1,0.6682329,0.6682329,0.20650832,0.20650832,0.025042687,0.025042687,21.0,29.0,21.0,29.0
0.25,1.0,PF,1753,2,2,pass,1,1,0.6677499,0.6677499,0.20378518,0.20378518,0.02274346,0.02274346,21.0,29.0,21.0,29.0
0.25,1.0,PF,1754,2,2,pass,1,1,0.6677499,0.6677499,0.20378518,0.20378518,0.02274346,0.02274346,21.0,29.0,21.0,29.0
0.25,1.0,PF,1755,2,2,pass,1,1,0.6677499,0.6677499,0.20378518,0.20378518,0.02274346,0.02274346,21.0,29.0,21.0,29.0
0.25,1.0,PF,1756,2,2,pass,1,1,0.6677499,0.6677499,0.20378518,0.20378518,0.02274346,0.02274346,21.0,29.0,21.0,29.0
0.25,1.0,PF,1757,2,3,shield_to_safe,1,1,0.6677499,0.72676647,0.20378518,0.16350773,0.02274346,0.021733325,21.0,29.0,30.0,20.0
0.25,1.0,PF,1758,2,2,pass,1,1,0.6677499,0.6677499,0.20378518,0.20378518,0.02274346,0.02274346,21.0,29.0,21.0,29.0
0.25,1.0,PF,1759,2,2,pass,1,1,0.6677499,0.6677499,0.20378518,0.20378518,0.02274346,0.02274346,21.0,29.0,21.0,29.0
0.25,1.0,PF,1760,2,2,pass,1,1,0.6677499,0.6677499,0.20378518,0.20378518,0.02274346,0.02274346,21.0,29.0,21.0,29.0
0.25,1.0,PF,1761,2,2,pass,1,1,0.65129316,0.65129316,0.21678324,0.21678324,0.023225917,0.023225917,21.0,29.0,21.0,29.0
0.25,1.0,PF,1762,2,2,pass,1,1,0.6677499,0.6677499,0.20378518,0.20378518,0.02274346,0.02274346,21.0,29.0,21.0,29.0
0.25,1.0,PF,1763,2,2,pass,1,1,0.6677499,0.6677499,0.20378518,0.20378518,0.02274346,0.02274346,21.0,29.0,21.0,29.0
0.25,1.0,PF,1764,2,2,pass,1,1,0.6677499,0.6677499,0.20378518,0.20378518,0.02274346,0.02274346,21.0,29.0,21.0,29.0
0.25,1.0,PF,1765,2,2,pass,1,1,0.6506768,0.6506768,0.24160099,0.24160099,0.021516193,0.021516193,21.0,29.0,21.0,29.0
0.25,1.0,PF,1766,2,2,pass,1,1,0.6677499,0.6677499,0.20378518,0.20378518,0.02274346,0.02274346,21.0,29.0,21.0,29.0
0.25,1.0,PF,1767,2,2,pass,1,1,0.6677499,0.6677499,0.20378518,0.20378518,0.02274346,0.02274346,21.0,29.0,21.0,29.0
0.25,1.0,PF,1768,2,2,pass,1,1,0.65129316,0.65129316,0.21678324,0.21678324,0.023225917,0.023225917,21.0,29.0,21.0,29.0
0.25,1.0,PF,1769,2,2,pass,1,1,0.6677499,0.6677499,0.20378518,0.20378518,0.02274346,0.02274346,21.0,29.0,21.0,29.0
0.25,1.0,PF,1770,2,2,pass,1,1,0.6677499,0.6677499,0.20378518,0.20378518,0.02274346,0.02274346,21.0,29.0,21.0,29.0
0.25,1.0,PF,1771,2,2,pass,1,1,0.6677499,0.6677499,0.20378518,0.20378518,0.02274346,0.02274346,21.0,29.0,21.0,29.0
0.25,1.0,PF,1772,2,2,pass,1,1,0.6677499,0.6677499,0.20378518,0.20378518,0.02274346,0.02274346,21.0,29.0,21.0,29.0
0.25,1.0,PF,1773,2,2,pass,1,1,0.6677499,0.6677499,0.20378518,0.20378518,0.02274346,0.02274346,21.0,29.0,21.0,29.0
0.25,1.0,PF,1774,2,2,pass,1,1,0.6677499,0.6677499,0.20378518,0.20378518,0.02274346,0.02274346,21.0,29.0,21.0,29.0
0.25,1.0,PF,1775,2,2,pass,1,1,0.6677499,0.6677499,0.20378518,0.20378518,0.02274346,0.02274346,21.0,29.0,21.0,29.0
0.25,1.0,PF,1776,2,2,pass,1,1,0.6780778,0.6780778,0.173598,0.173598,0.012475382,0.012475382,21.0,29.0,21.0,29.0
0.25,1.0,PF,1777,2,2,pass,1,1,0.65129316,0.65129316,0.21678324,0.21678324,0.023225917,0.023225917,21.0,29.0,21.0,29.0
0.25,1.0,PF,1778,2,2,pass,1,1,0.6677499,0.6677499,0.20378518,0.20378518,0.02274346,0.02274346,21.0,29.0,21.0,29.0
0.25,1.0,PF,1779,2,2,pass,1,1,0.6677499,0.6677499,0.20378518,0.20378518,0.02274346,0.02274346,21.0,29.0,21.0,29.0
0.25,1.0,PF,1780,2,2,pass,1,1,0.6682329,0.6682329,0.20650832,0.20650832,0.025042687,0.025042687,21.0,29.0,21.0,29.0
0.25,1.0,PF,1781,2,2,pass,1,1,0.6677499,0.6677499,0.20378518,0.20378518,0.02274346,0.02274346,21.0,29.0,21.0,29.0
0.25,1.0,PF,1782,2,2,pass,1,1,0.6677499,0.6677499,0.20378518,0.20378518,0.02274346,0.02274346,21.0,29.0,21.0,29.0
0.25,1.0,PF,1783,2,2,pass,1,1,0.6677499,0.6677499,0.20378518,0.20378518,0.02274346,0.02274346,21.0,29.0,21.0,29.0
0.25,1.0,PF,1784,2,2,pass,1,1,0.6780778,0.6780778,0.173598,0.173598,0.012475382,0.012475382,21.0,29.0,21.0,29.0
0.25,1.0,PF,1785,2,2,pass,1,1,0.6677499,0.6677499,0.20378518,0.20378518,0.02274346,0.02274346,21.0,29.0,21.0,29.0
0.25,1.0,PF,1786,2,2,pass,1,1,0.6677499,0.6677499,0.20378518,0.20378518,0.02274346,0.02274346,21.0,29.0,21.0,29.0
0.25,1.0,PF,1787,2,2,pass,1,1,0.6677499,0.6677499,0.20378518,0.20378518,0.02274346,0.02274346,21.0,29.0,21.0,29.0
0.25,1.0,PF,1788,2,2,pass,1,1,0.6677499,0.6677499,0.20378518,0.20378518,0.02274346,0.02274346,21.0,29.0,21.0,29.0
0.25,1.0,PF,1789,2,2,pass,1,1,0.6677499,0.6677499,0.20378518,0.20378518,0.02274346,0.02274346,21.0,29.0,21.0,29.0
0.25,1.0,PF,1790,2,2,pass,1,1,0.65129316,0.65129316,0.21678324,0.21678324,0.023225917,0.023225917,21.0,29.0,21.0,29.0
0.25,1.0,PF,1791,2,2,pass,1,1,0.7186651,0.7186651,0.16434994,0.16434994,0.025743317,0.025743317,21.0,29.0,21.0,29.0
0.25,1.0,PF,1792,2,2,pass,1,1,0.6677499,0.6677499,0.20378518,0.20378518,0.02274346,0.02274346,21.0,29.0,21.0,29.0
0.25,1.0,PF,1793,2,2,pass,1,1,0.6677499,0.6677499,0.20378518,0.20378518,0.02274346,0.02274346,21.0,29.0,21.0,29.0
0.25,1.0,PF,1794,2,2,pass,1,1,0.6677499,0.6677499,0.20378518,0.20378518,0.02274346,0.02274346,21.0,29.0,21.0,29.0
0.25,1.0,PF,1795,2,2,pass,1,1,0.6677499,0.6677499,0.20378518,0.20378518,0.02274346,0.02274346,21.0,29.0,21.0,29.0
0.25,1.0,PF,1796,2,2,pass,1,1,0.6677499,0.6677499,0.20378518,0.20378518,0.02274346,0.02274346,21.0,29.0,21.0,29.0
0.25,1.0,PF,1797,2,2,pass,1,1,0.6677499,0.6677499,0.20378518,0.20378518,0.02274346,0.02274346,21.0,29.0,21.0,29.0
0.25,1.0,PF,1798,2,2,pass,1,1,0.6677499,0.6677499,0.20378518,0.20378518,0.02274346,0.02274346,21.0,29.0,21.0,29.0
0.25,1.0,PF,1799,2,2,pass,1,1,0.6677499,0.6677499,0.20378518,0.20378518,0.02274346,0.02274346,21.0,29.0,21.0,29.0
0.25,1.0,PF,1800,2,2,pass,1,1,0.6682329,0.6682329,0.20650832,0.20650832,0.025042687,0.025042687,21.0,29.0,21.0,29.0
0.25,1.0,PF,1801,2,2,pass,1,1,0.65129316,0.65129316,0.21678324,0.21678324,0.023225917,0.023225917,21.0,29.0,21.0,29.0
0.25,1.0,PF,1802,2,2,pass,1,1,0.6677499,0.6677499,0.20378518,0.20378518,0.02274346,0.02274346,21.0,29.0,21.0,29.0
0.25,1.0,PF,1803,2,2,pass,1,1,0.6677499,0.6677499,0.20378518,0.20378518,0.02274346,0.02274346,21.0,29.0,21.0,29.0
0.25,1.0,PF,1804,2,2,pass,1,1,0.6780778,0.6780778,0.173598,0.173598,0.012475382,0.012475382,21.0,29.0,21.0,29.0
0.25,1.0,PF,1805,2,2,pass,1,1,0.6677499,0.6677499,0.20378518,0.20378518,0.02274346,0.02274346,21.0,29.0,21.0,29.0
0.25,1.0,PF,1806,2,2,pass,1,1,0.6677499,0.6677499,0.20378518,0.20378518,0.02274346,0.02274346,21.0,29.0,21.0,29.0
0.25,1.0,PF,1807,2,2,pass,1,1,0.6677499,0.6677499,0.20378518,0.20378518,0.02274346,0.02274346,21.0,29.0,21.0,29.0
0.25,1.0,PF,1808,2,2,pass,1,1,0.6677499,0.6677499,0.20378518,0.20378518,0.02274346,0.02274346,21.0,29.0,21.0,29.0
0.25,1.0,PF,1809,2,2,pass,1,1,0.6677499,0.6677499,0.20378518,0.20378518,0.02274346,0.02274346,21.0,29.0,21.0,29.0
0.25,1.0,PF,1810,2,2,pass,1,1,0.6677499,0.6677499,0.20378518,0.20378518,0.02274346,0.02274346,21.0,29.0,21.0,29.0
0.25,1.0,PF,1811,2,2,pass,1,1,0.6682329,0.6682329,0.20650832,0.20650832,0.025042687,0.025042687,21.0,29.0,21.0,29.0
0.25,1.0,PF,1812,2,2,pass,1,1,0.7186651,0.7186651,0.16434994,0.16434994,0.025743317,0.025743317,21.0,29.0,21.0,29.0
0.25,1.0,PF,1813,2,2,pass,1,1,0.6677499,0.6677499,0.20378518,0.20378518,0.02274346,0.02274346,21.0,29.0,21.0,29.0
0.25,1.0,PF,1814,2,2,pass,1,1,0.65129316,0.65129316,0.21678324,0.21678324,0.023225917,0.023225917,21.0,29.0,21.0,29.0
0.25,1.0,PF,1815,2,2,pass,1,1,0.7186651,0.7186651,0.16434994,0.16434994,0.025743317,0.025743317,21.0,29.0,21.0,29.0
0.25,1.0,PF,1816,2,2,pass,1,1,0.6677499,0.6677499,0.20378518,0.20378518,0.02274346,0.02274346,21.0,29.0,21.0,29.0
0.25,1.0,PF,1817,2,2,pass,1,1,0.6677499,0.6677499,0.20378518,0.20378518,0.02274346,0.02274346,21.0,29.0,21.0,29.0
0.25,1.0,PF,1818,2,2,pass,1,1,0.6677499,0.6677499,0.20378518,0.20378518,0.02274346,0.02274346,21.0,29.0,21.0,29.0
0.25,1.0,PF,1819,2,2,pass,1,1,0.6677499,0.6677499,0.20378518,0.20378518,0.02274346,0.02274346,21.0,29.0,21.0,29.0
0.25,1.0,PF,1820,2,2,pass,1,1,0.6677499,0.6677499,0.20378518,0.20378518,0.02274346,0.02274346,21.0,29.0,21.0,29.0
0.25,1.0,PF,1821,2,2,pass,1,1,0.6677499,0.6677499,0.20378518,0.20378518,0.02274346,0.02274346,21.0,29.0,21.0,29.0
0.25,1.0,PF,1822,2,2,pass,1,1,0.6677499,0.6677499,0.20378518,0.20378518,0.02274346,0.02274346,21.0,29.0,21.0,29.0
0.25,1.0,PF,1823,2,2,pass,1,1,0.6677499,0.6677499,0.20378518,0.20378518,0.02274346,0.02274346,21.0,29.0,21.0,29.0
0.25,1.0,PF,1824,2,2,pass,1,1,0.6682329,0.6682329,0.20650832,0.20650832,0.025042687,0.025042687,21.0,29.0,21.0,29.0
0.25,1.0,PF,1825,2,2,pass,1,1,0.6677499,0.6677499,0.20378518,0.20378518,0.02274346,0.02274346,21.0,29.0,21.0,29.0
0.25,1.0,PF,1826,2,2,pass,1,1,0.6677499,0.6677499,0.20378518,0.20378518,0.02274346,0.02274346,21.0,29.0,21.0,29.0
0.25,1.0,PF,1827,2,2,pass,1,1,0.6677499,0.6677499,0.20378518,0.20378518,0.02274346,0.02274346,21.0,29.0,21.0,29.0
0.25,1.0,PF,1828,2,2,pass,1,1,0.6677499,0.6677499,0.20378518,0.20378518,0.02274346,0.02274346,21.0,29.0,21.0,29.0
0.25,1.0,PF,1829,2,2,pass,1,1,0.6677499,0.6677499,0.20378518,0.20378518,0.02274346,0.02274346,21.0,29.0,21.0,29.0
0.25,1.0,PF,1830,2,2,pass,1,1,0.6677499,0.6677499,0.20378518,0.20378518,0.02274346,0.02274346,21.0,29.0,21.0,29.0
0.25,1.0,PF,1831,2,2,pass,1,1,0.6677499,0.6677499,0.20378518,0.20378518,0.02274346,0.02274346,21.0,29.0,21.0,29.0
0.25,1.0,PF,1832,2,2,pass,1,1,0.6677499,0.6677499,0.20378518,0.20378518,0.02274346,0.02274346,21.0,29.0,21.0,29.0
0.25,1.0,PF,1833,2,2,pass,1,1,0.6677499,0.6677499,0.20378518,0.20378518,0.02274346,0.02274346,21.0,29.0,21.0,29.0
0.25,1.0,PF,1834,2,2,pass,1,1,0.6677499,0.6677499,0.20378518,0.20378518,0.02274346,0.02274346,21.0,29.0,21.0,29.0
0.25,1.0,PF,1835,2,2,pass,1,1,0.6677499,0.6677499,0.20378518,0.20378518,0.02274346,0.02274346,21.0,29.0,21.0,29.0
0.25,1.0,PF,1836,2,2,pass,1,1,0.7186651,0.7186651,0.16434994,0.16434994,0.025743317,0.025743317,21.0,29.0,21.0,29.0
0.25,1.0,PF,1837,2,2,pass,1,1,0.6677499,0.6677499,0.20378518,0.20378518,0.02274346,0.02274346,21.0,29.0,21.0,29.0
0.25,1.0,PF,1838,2,2,pass,1,1,0.6677499,0.6677499,0.20378518,0.20378518,0.02274346,0.02274346,21.0,29.0,21.0,29.0
0.25,1.0,PF,1839,2,2,pass,1,1,0.6677499,0.6677499,0.20378518,0.20378518,0.02274346,0.02274346,21.0,29.0,21.0,29.0
0.25,1.0,PF,1840,2,2,pass,1,1,0.6506768,0.6506768,0.24160099,0.24160099,0.021516193,0.021516193,21.0,29.0,21.0,29.0
0.25,1.0,PF,1841,2,2,pass,1,1,0.6780778,0.6780778,0.173598,0.173598,0.012475382,0.012475382,21.0,29.0,21.0,29.0
0.25,1.0,PF,1842,2,2,pass,1,1,0.6682329,0.6682329,0.20650832,0.20650832,0.025042687,0.025042687,21.0,29.0,21.0,29.0
0.25,1.0,PF,1843,2,2,pass,1,1,0.6677499,0.6677499,0.20378518,0.20378518,0.02274346,0.02274346,21.0,29.0,21.0,29.0
0.25,1.0,PF,1844,2,2,pass,1,1,0.6677499,0.6677499,0.20378518,0.20378518,0.02274346,0.02274346,21.0,29.0,21.0,29.0
0.25,1.0,PF,1845,2,2,pass,1,1,0.6677499,0.6677499,0.20378518,0.20378518,0.02274346,0.02274346,21.0,29.0,21.0,29.0
0.25,1.0,PF,1846,2,2,pass,1,1,0.6677499,0.6677499,0.20378518,0.20378518,0.02274346,0.02274346,21.0,29.0,21.0,29.0
0.25,1.0,PF,1847,2,2,pass,1,1,0.6677499,0.6677499,0.20378518,0.20378518,0.02274346,0.02274346,21.0,29.0,21.0,29.0
0.25,1.0,PF,1848,2,2,pass,1,1,0.6682329,0.6682329,0.20650832,0.20650832,0.025042687,0.025042687,21.0,29.0,21.0,29.0
0.25,1.0,PF,1849,2,2,pass,1,1,0.6682329,0.6682329,0.20650832,0.20650832,0.025042687,0.025042687,21.0,29.0,21.0,29.0
0.25,1.0,PF,1850,2,2,pass,1,1,0.6677499,0.6677499,0.20378518,0.20378518,0.02274346,0.02274346,21.0,29.0,21.0,29.0
0.25,1.0,PF,1851,2,2,pass,1,1,0.6677499,0.6677499,0.20378518,0.20378518,0.02274346,0.02274346,21.0,29.0,21.0,29.0
0.25,1.0,PF,1852,2,2,pass,1,1,0.6677499,0.6677499,0.20378518,0.20378518,0.02274346,0.02274346,21.0,29.0,21.0,29.0
0.25,1.0,PF,1853,2,2,pass,1,1,0.6374081,0.6374081,0.21929021,0.21929021,0.023887053,0.023887053,21.0,29.0,21.0,29.0
0.25,1.0,PF,1854,2,2,pass,1,1,0.6677499,0.6677499,0.20378518,0.20378518,0.02274346,0.02274346,21.0,29.0,21.0,29.0
0.25,1.0,PF,1855,2,2,pass,1,1,0.6677499,0.6677499,0.20378518,0.20378518,0.02274346,0.02274346,21.0,29.0,21.0,29.0
0.25,1.0,PF,1856,2,2,pass,1,1,0.7186651,0.7186651,0.16434994,0.16434994,0.025743317,0.025743317,21.0,29.0,21.0,29.0
0.25,1.0,PF,1857,2,2,pass,1,1,0.65129316,0.65129316,0.21678324,0.21678324,0.023225917,0.023225917,21.0,29.0,21.0,29.0
0.25,1.0,PF,1858,2,2,pass,1,1,0.6677499,0.6677499,0.20378518,0.20378518,0.02274346,0.02274346,21.0,29.0,21.0,29.0
0.25,1.0,PF,1859,2,2,pass,1,1,0.65129316,0.65129316,0.21678324,0.21678324,0.023225917,0.023225917,21.0,29.0,21.0,29.0
0.25,1.0,PF,1860,2,2,pass,1,1,0.6677499,0.6677499,0.20378518,0.20378518,0.02274346,0.02274346,21.0,29.0,21.0,29.0
0.25,1.0,PF,1861,2,2,pass,1,1,0.7186651,0.7186651,0.16434994,0.16434994,0.025743317,0.025743317,21.0,29.0,21.0,29.0
0.25,1.0,PF,1862,2,2,pass,1,1,0.7186651,0.7186651,0.16434994,0.16434994,0.025743317,0.025743317,21.0,29.0,21.0,29.0
0.25,1.0,PF,1863,2,2,pass,1,1,0.6677499,0.6677499,0.20378518,0.20378518,0.02274346,0.02274346,21.0,29.0,21.0,29.0
0.25,1.0,PF,1864,2,2,pass,1,1,0.6677499,0.6677499,0.20378518,0.20378518,0.02274346,0.02274346,21.0,29.0,21.0,29.0
0.25,1.0,PF,1865,2,2,pass,1,1,0.6677499,0.6677499,0.20378518,0.20378518,0.02274346,0.02274346,21.0,29.0,21.0,29.0
0.25,1.0,PF,1866,2,2,pass,1,1,0.6677499,0.6677499,0.20378518,0.20378518,0.02274346,0.02274346,21.0,29.0,21.0,29.0
0.25,1.0,PF,1867,2,2,pass,1,1,0.65129316,0.65129316,0.21678324,0.21678324,0.023225917,0.023225917,21.0,29.0,21.0,29.0
0.25,1.0,PF,1868,2,2,pass,1,1,0.6677499,0.6677499,0.20378518,0.20378518,0.02274346,0.02274346,21.0,29.0,21.0,29.0
0.25,1.0,PF,1869,2,2,pass,1,1,0.7186651,0.7186651,0.16434994,0.16434994,0.025743317,0.025743317,21.0,29.0,21.0,29.0
0.25,1.0,PF,1870,2,2,pass,1,1,0.6677499,0.6677499,0.20378518,0.20378518,0.02274346,0.02274346,21.0,29.0,21.0,29.0
0.25,1.0,PF,1871,2,2,pass,1,1,0.6677499,0.6677499,0.20378518,0.20378518,0.02274346,0.02274346,21.0,29.0,21.0,29.0
0.25,1.0,PF,1872,2,2,pass,1,1,0.6677499,0.6677499,0.20378518,0.20378518,0.02274346,0.02274346,21.0,29.0,21.0,29.0
0.25,1.0,PF,1873,2,2,pass,1,1,0.6677499,0.6677499,0.20378518,0.20378518,0.02274346,0.02274346,21.0,29.0,21.0,29.0
0.25,1.0,PF,1874,2,2,pass,1,1,0.6677499,0.6677499,0.20378518,0.20378518,0.02274346,0.02274346,21.0,29.0,21.0,29.0
0.25,1.0,PF,1875,2,2,pass,1,1,0.7186651,0.7186651,0.16434994,0.16434994,0.025743317,0.025743317,21.0,29.0,21.0,29.0
0.25,1.0,PF,1876,2,2,pass,1,1,0.6677499,0.6677499,0.20378518,0.20378518,0.02274346,0.02274346,21.0,29.0,21.0,29.0
0.25,1.0,PF,1877,2,2,pass,1,1,0.6677499,0.6677499,0.20378518,0.20378518,0.02274346,0.02274346,21.0,29.0,21.0,29.0
0.25,1.0,PF,1878,2,2,pass,1,1,0.7186651,0.7186651,0.16434994,0.16434994,0.025743317,0.025743317,21.0,29.0,21.0,29.0
0.25,1.0,PF,1879,2,2,pass,1,1,0.6677499,0.6677499,0.20378518,0.20378518,0.02274346,0.02274346,21.0,29.0,21.0,29.0
0.25,1.0,PF,1880,2,2,pass,1,1,0.6677499,0.6677499,0.20378518,0.20378518,0.02274346,0.02274346,21.0,29.0,21.0,29.0
0.25,1.0,PF,1881,2,2,pass,1,1,0.6677499,0.6677499,0.20378518,0.20378518,0.02274346,0.02274346,21.0,29.0,21.0,29.0
0.25,1.0,PF,1882,2,2,pass,1,1,0.6780778,0.6780778,0.173598,0.173598,0.012475382,0.012475382,21.0,29.0,21.0,29.0
0.25,1.0,PF,1883,2,2,pass,1,1,0.6677499,0.6677499,0.20378518,0.20378518,0.02274346,0.02274346,21.0,29.0,21.0,29.0
0.25,1.0,PF,1884,2,2,pass,1,1,0.6677499,0.6677499,0.20378518,0.20378518,0.02274346,0.02274346,21.0,29.0,21.0,29.0
0.25,1.0,PF,1885,2,2,pass,1,1,0.6677499,0.6677499,0.20378518,0.20378518,0.02274346,0.02274346,21.0,29.0,21.0,29.0
0.25,1.0,PF,1886,2,2,pass,1,1,0.65129316,0.65129316,0.21678324,0.21678324,0.023225917,0.023225917,21.0,29.0,21.0,29.0
0.25,1.0,PF,1887,2,2,pass,1,1,0.6677499,0.6677499,0.20378518,0.20378518,0.02274346,0.02274346,21.0,29.0,21.0,29.0
0.25,1.0,PF,1888,2,2,pass,1,1,0.6677499,0.6677499,0.20378518,0.20378518,0.02274346,0.02274346,21.0,29.0,21.0,29.0
0.25,1.0,PF,1889,2,2,pass,1,1,0.6677499,0.6677499,0.20378518,0.20378518,0.02274346,0.02274346,21.0,29.0,21.0,29.0
0.25,1.0,PF,1890,2,2,pass,1,1,0.7186651,0.7186651,0.16434994,0.16434994,0.025743317,0.025743317,21.0,29.0,21.0,29.0
0.25,1.0,PF,1891,2,2,pass,1,1,0.6677499,0.6677499,0.20378518,0.20378518,0.02274346,0.02274346,21.0,29.0,21.0,29.0
0.25,1.0,PF,1892,2,2,pass,1,1,0.6677499,0.6677499,0.20378518,0.20378518,0.02274346,0.02274346,21.0,29.0,21.0,29.0
0.25,1.0,PF,1893,2,2,pass,1,1,0.6677499,0.6677499,0.20378518,0.20378518,0.02274346,0.02274346,21.0,29.0,21.0,29.0
0.25,1.0,PF,1894,2,2,pass,1,1,0.6682329,0.6682329,0.20650832,0.20650832,0.025042687,0.025042687,21.0,29.0,21.0,29.0
0.25,1.0,PF,1895,2,2,pass,1,1,0.6682329,0.6682329,0.20650832,0.20650832,0.025042687,0.025042687,21.0,29.0,21.0,29.0
0.25,1.0,PF,1896,2,2,pass,1,1,0.6677499,0.6677499,0.20378518,0.20378518,0.02274346,0.02274346,21.0,29.0,21.0,29.0
0.25,1.0,PF,1897,2,2,pass,1,1,0.6677499,0.6677499,0.20378518,0.20378518,0.02274346,0.02274346,21.0,29.0,21.0,29.0
0.25,1.0,PF,1898,2,2,pass,1,1,0.6682329,0.6682329,0.20650832,0.20650832,0.025042687,0.025042687,21.0,29.0,21.0,29.0
0.25,1.0,PF,1899,2,2,pass,1,1,0.6677499,0.6677499,0.20378518,0.20378518,0.02274346,0.02274346,21.0,29.0,21.0,29.0
0.25,1.0,PF,1900,2,2,pass,1,1,0.6677499,0.6677499,0.20378518,0.20378518,0.02274346,0.02274346,21.0,29.0,21.0,29.0
0.25,1.0,PF,1901,2,2,pass,1,1,0.6677499,0.6677499,0.20378518,0.20378518,0.02274346,0.02274346,21.0,29.0,21.0,29.0
0.25,1.0,PF,1902,2,2,pass,1,1,0.6682329,0.6682329,0.20650832,0.20650832,0.025042687,0.025042687,21.0,29.0,21.0,29.0
0.25,1.0,PF,1903,2,2,pass,1,1,0.6677499,0.6677499,0.20378518,0.20378518,0.02274346,0.02274346,21.0,29.0,21.0,29.0
0.25,1.0,PF,1904,2,2,pass,1,1,0.6677499,0.6677499,0.20378518,0.20378518,0.02274346,0.02274346,21.0,29.0,21.0,29.0
0.25,1.0,PF,1905,2,2,pass,1,1,0.6677499,0.6677499,0.20378518,0.20378518,0.02274346,0.02274346,21.0,29.0,21.0,29.0
0.25,1.0,PF,1906,2,2,pass,1,1,0.6677499,0.6677499,0.20378518,0.20378518,0.02274346,0.02274346,21.0,29.0,21.0,29.0
0.25,1.0,PF,1907,2,2,pass,1,1,0.6677499,0.6677499,0.20378518,0.20378518,0.02274346,0.02274346,21.0,29.0,21.0,29.0
0.25,1.0,PF,1908,2,2,pass,1,1,0.6677499,0.6677499,0.20378518,0.20378518,0.02274346,0.02274346,21.0,29.0,21.0,29.0
0.25,1.0,PF,1909,2,2,pass,1,1,0.6677499,0.6677499,0.20378518,0.20378518,0.02274346,0.02274346,21.0,29.0,21.0,29.0
0.25,1.0,PF,1910,2,2,pass,1,1,0.6677499,0.6677499,0.20378518,0.20378518,0.02274346,0.02274346,21.0,29.0,21.0,29.0
0.25,1.0,PF,1911,2,2,pass,1,1,0.6374081,0.6374081,0.21929021,0.21929021,0.023887053,0.023887053,21.0,29.0,21.0,29.0
0.25,1.0,PF,1912,2,2,pass,1,1,0.6677499,0.6677499,0.20378518,0.20378518,0.02274346,0.02274346,21.0,29.0,21.0,29.0
0.25,1.0,PF,1913,2,2,pass,1,1,0.6677499,0.6677499,0.20378518,0.20378518,0.02274346,0.02274346,21.0,29.0,21.0,29.0
0.25,1.0,PF,1914,2,2,pass,1,1,0.6677499,0.6677499,0.20378518,0.20378518,0.02274346,0.02274346,21.0,29.0,21.0,29.0
0.25,1.0,PF,1915,2,2,pass,1,1,0.65129316,0.65129316,0.21678324,0.21678324,0.023225917,0.023225917,21.0,29.0,21.0,29.0
0.25,1.0,PF,1916,2,2,pass,1,1,0.6677499,0.6677499,0.20378518,0.20378518,0.02274346,0.02274346,21.0,29.0,21.0,29.0
0.25,1.0,PF,1917,2,2,pass,1,1,0.7186651,0.7186651,0.16434994,0.16434994,0.025743317,0.025743317,21.0,29.0,21.0,29.0
0.25,1.0,PF,1918,2,2,pass,1,1,0.6677499,0.6677499,0.20378518,0.20378518,0.02274346,0.02274346,21.0,29.0,21.0,29.0
0.25,1.0,PF,1919,2,2,pass,1,1,0.6374081,0.6374081,0.21929021,0.21929021,0.023887053,0.023887053,21.0,29.0,21.0,29.0
0.25,1.0,PF,1920,2,2,pass,1,1,0.6677499,0.6677499,0.20378518,0.20378518,0.02274346,0.02274346,21.0,29.0,21.0,29.0
0.25,1.0,PF,1921,2,2,pass,1,1,0.6677499,0.6677499,0.20378518,0.20378518,0.02274346,0.02274346,21.0,29.0,21.0,29.0
0.25,1.0,PF,1922,2,2,pass,1,1,0.65129316,0.65129316,0.21678324,0.21678324,0.023225917,0.023225917,21.0,29.0,21.0,29.0
0.25,1.0,PF,1923,2,2,pass,1,1,0.6677499,0.6677499,0.20378518,0.20378518,0.02274346,0.02274346,21.0,29.0,21.0,29.0
0.25,1.0,PF,1924,2,2,pass,1,1,0.6677499,0.6677499,0.20378518,0.20378518,0.02274346,0.02274346,21.0,29.0,21.0,29.0
0.25,1.0,PF,1925,2,2,pass,1,1,0.65129316,0.65129316,0.21678324,0.21678324,0.023225917,0.023225917,21.0,29.0,21.0,29.0
0.25,1.0,PF,1926,2,2,pass,1,1,0.6677499,0.6677499,0.20378518,0.20378518,0.02274346,0.02274346,21.0,29.0,21.0,29.0
0.25,1.0,PF,1927,2,2,pass,1,1,0.6677499,0.6677499,0.20378518,0.20378518,0.02274346,0.02274346,21.0,29.0,21.0,29.0
0.25,1.0,PF,1928,2,2,pass,1,1,0.6677499,0.6677499,0.20378518,0.20378518,0.02274346,0.02274346,21.0,29.0,21.0,29.0
0.25,1.0,PF,1929,2,2,pass,1,1,0.6677499,0.6677499,0.20378518,0.20378518,0.02274346,0.02274346,21.0,29.0,21.0,29.0
0.25,1.0,PF,1930,2,2,pass,1,1,0.6677499,0.6677499,0.20378518,0.20378518,0.02274346,0.02274346,21.0,29.0,21.0,29.0
0.25,1.0,PF,1931,2,2,pass,1,1,0.65129316,0.65129316,0.21678324,0.21678324,0.023225917,0.023225917,21.0,29.0,21.0,29.0
0.25,1.0,PF,1932,2,2,pass,1,1,0.6677499,0.6677499,0.20378518,0.20378518,0.02274346,0.02274346,21.0,29.0,21.0,29.0
0.25,1.0,PF,1933,2,3,shield_to_safe,1,1,0.6677499,0.72676647,0.20378518,0.16350773,0.02274346,0.021733325,21.0,29.0,30.0,20.0
0.25,1.0,PF,1934,2,2,pass,1,1,0.65129316,0.65129316,0.21678324,0.21678324,0.023225917,0.023225917,21.0,29.0,21.0,29.0
0.25,1.0,PF,1935,2,2,pass,1,1,0.6677499,0.6677499,0.20378518,0.20378518,0.02274346,0.02274346,21.0,29.0,21.0,29.0
0.25,1.0,PF,1936,2,2,pass,1,1,0.6677499,0.6677499,0.20378518,0.20378518,0.02274346,0.02274346,21.0,29.0,21.0,29.0
0.25,1.0,PF,1937,2,2,pass,1,1,0.6682329,0.6682329,0.20650832,0.20650832,0.025042687,0.025042687,21.0,29.0,21.0,29.0
0.25,1.0,PF,1938,2,2,pass,1,1,0.6677499,0.6677499,0.20378518,0.20378518,0.02274346,0.02274346,21.0,29.0,21.0,29.0
0.25,1.0,PF,1939,2,2,pass,1,1,0.6677499,0.6677499,0.20378518,0.20378518,0.02274346,0.02274346,21.0,29.0,21.0,29.0
0.25,1.0,PF,1940,2,2,pass,1,1,0.6677499,0.6677499,0.20378518,0.20378518,0.02274346,0.02274346,21.0,29.0,21.0,29.0
0.25,1.0,PF,1941,2,2,pass,1,1,0.6677499,0.6677499,0.20378518,0.20378518,0.02274346,0.02274346,21.0,29.0,21.0,29.0
0.25,1.0,PF,1942,2,2,pass,1,1,0.6677499,0.6677499,0.20378518,0.20378518,0.02274346,0.02274346,21.0,29.0,21.0,29.0
0.25,1.0,PF,1943,2,2,pass,1,1,0.6682329,0.6682329,0.20650832,0.20650832,0.025042687,0.025042687,21.0,29.0,21.0,29.0
0.25,1.0,PF,1944,2,2,pass,1,1,0.6677499,0.6677499,0.20378518,0.20378518,0.02274346,0.02274346,21.0,29.0,21.0,29.0
0.25,1.0,PF,1945,2,2,pass,1,1,0.6677499,0.6677499,0.20378518,0.20378518,0.02274346,0.02274346,21.0,29.0,21.0,29.0
0.25,1.0,PF,1946,2,2,pass,1,1,0.6677499,0.6677499,0.20378518,0.20378518,0.02274346,0.02274346,21.0,29.0,21.0,29.0
0.25,1.0,PF,1947,2,2,pass,1,1,0.6677499,0.6677499,0.20378518,0.20378518,0.02274346,0.02274346,21.0,29.0,21.0,29.0
0.25,1.0,PF,1948,2,2,pass,1,1,0.7186651,0.7186651,0.16434994,0.16434994,0.025743317,0.025743317,21.0,29.0,21.0,29.0
0.25,1.0,PF,1949,2,2,pass,1,1,0.6677499,0.6677499,0.20378518,0.20378518,0.02274346,0.02274346,21.0,29.0,21.0,29.0
0.25,1.0,PF,1950,2,2,pass,1,1,0.6677499,0.6677499,0.20378518,0.20378518,0.02274346,0.02274346,21.0,29.0,21.0,29.0
0.25,1.0,PF,1951,2,2,pass,1,1,0.6677499,0.6677499,0.20378518,0.20378518,0.02274346,0.02274346,21.0,29.0,21.0,29.0
0.25,1.0,PF,1952,2,2,pass,1,1,0.6677499,0.6677499,0.20378518,0.20378518,0.02274346,0.02274346,21.0,29.0,21.0,29.0
0.25,1.0,PF,1953,2,2,pass,1,1,0.6677499,0.6677499,0.20378518,0.20378518,0.02274346,0.02274346,21.0,29.0,21.0,29.0
0.25,1.0,PF,1954,2,2,pass,1,1,0.6677499,0.6677499,0.20378518,0.20378518,0.02274346,0.02274346,21.0,29.0,21.0,29.0
0.25,1.0,PF,1955,2,2,pass,1,1,0.65129316,0.65129316,0.21678324,0.21678324,0.023225917,0.023225917,21.0,29.0,21.0,29.0
0.25,1.0,PF,1956,2,2,pass,1,1,0.6677499,0.6677499,0.20378518,0.20378518,0.02274346,0.02274346,21.0,29.0,21.0,29.0
0.25,1.0,PF,1957,2,2,pass,1,1,0.6506768,0.6506768,0.24160099,0.24160099,0.021516193,0.021516193,21.0,29.0,21.0,29.0
0.25,1.0,PF,1958,2,2,pass,1,1,0.65129316,0.65129316,0.21678324,0.21678324,0.023225917,0.023225917,21.0,29.0,21.0,29.0
0.25,1.0,PF,1959,2,2,pass,1,1,0.6677499,0.6677499,0.20378518,0.20378518,0.02274346,0.02274346,21.0,29.0,21.0,29.0
0.25,1.0,PF,1960,2,2,pass,1,1,0.6677499,0.6677499,0.20378518,0.20378518,0.02274346,0.02274346,21.0,29.0,21.0,29.0
0.25,1.0,PF,1961,2,2,pass,1,1,0.6677499,0.6677499,0.20378518,0.20378518,0.02274346,0.02274346,21.0,29.0,21.0,29.0
0.25,1.0,PF,1962,2,2,pass,1,1,0.6677499,0.6677499,0.20378518,0.20378518,0.02274346,0.02274346,21.0,29.0,21.0,29.0
0.25,1.0,PF,1963,2,2,pass,1,1,0.6677499,0.6677499,0.20378518,0.20378518,0.02274346,0.02274346,21.0,29.0,21.0,29.0
0.25,1.0,PF,1964,2,2,pass,1,1,0.6677499,0.6677499,0.20378518,0.20378518,0.02274346,0.02274346,21.0,29.0,21.0,29.0
0.25,1.0,PF,1965,2,2,pass,1,1,0.6677499,0.6677499,0.20378518,0.20378518,0.02274346,0.02274346,21.0,29.0,21.0,29.0
0.25,1.0,PF,1966,2,2,pass,1,1,0.6677499,0.6677499,0.20378518,0.20378518,0.02274346,0.02274346,21.0,29.0,21.0,29.0
0.25,1.0,PF,1967,2,2,pass,1,1,0.6677499,0.6677499,0.20378518,0.20378518,0.02274346,0.02274346,21.0,29.0,21.0,29.0
0.25,1.0,PF,1968,2,2,pass,1,1,0.7186651,0.7186651,0.16434994,0.16434994,0.025743317,0.025743317,21.0,29.0,21.0,29.0
0.25,1.0,PF,1969,2,2,pass,1,1,0.6677499,0.6677499,0.20378518,0.20378518,0.02274346,0.02274346,21.0,29.0,21.0,29.0
0.25,1.0,PF,1970,2,3,shield_to_safe,1,1,0.6506768,0.72676647,0.24160099,0.16350773,0.021516193,0.021733325,21.0,29.0,30.0,20.0
0.25,1.0,PF,1971,2,2,pass,1,1,0.6677499,0.6677499,0.20378518,0.20378518,0.02274346,0.02274346,21.0,29.0,21.0,29.0
0.25,1.0,PF,1972,2,2,pass,1,1,0.6677499,0.6677499,0.20378518,0.20378518,0.02274346,0.02274346,21.0,29.0,21.0,29.0
0.25,1.0,PF,1973,2,2,pass,1,1,0.6677499,0.6677499,0.20378518,0.20378518,0.02274346,0.02274346,21.0,29.0,21.0,29.0
0.25,1.0,PF,1974,2,2,pass,1,1,0.6677499,0.6677499,0.20378518,0.20378518,0.02274346,0.02274346,21.0,29.0,21.0,29.0
0.25,1.0,PF,1975,2,2,pass,1,1,0.6677499,0.6677499,0.20378518,0.20378518,0.02274346,0.02274346,21.0,29.0,21.0,29.0
0.25,1.0,PF,1976,2,2,pass,1,1,0.6682329,0.6682329,0.20650832,0.20650832,0.025042687,0.025042687,21.0,29.0,21.0,29.0
0.25,1.0,PF,1977,2,2,pass,1,1,0.6677499,0.6677499,0.20378518,0.20378518,0.02274346,0.02274346,21.0,29.0,21.0,29.0
0.25,1.0,PF,1978,2,2,pass,1,1,0.6677499,0.6677499,0.20378518,0.20378518,0.02274346,0.02274346,21.0,29.0,21.0,29.0
0.25,1.0,PF,1979,2,2,pass,1,1,0.6677499,0.6677499,0.20378518,0.20378518,0.02274346,0.02274346,21.0,29.0,21.0,29.0
0.25,1.0,PF,1980,2,2,pass,1,1,0.6677499,0.6677499,0.20378518,0.20378518,0.02274346,0.02274346,21.0,29.0,21.0,29.0
0.25,1.0,PF,1981,2,2,pass,1,1,0.6677499,0.6677499,0.20378518,0.20378518,0.02274346,0.02274346,21.0,29.0,21.0,29.0
0.25,1.0,PF,1982,2,2,pass,1,1,0.6677499,0.6677499,0.20378518,0.20378518,0.02274346,0.02274346,21.0,29.0,21.0,29.0
0.25,1.0,PF,1983,2,2,pass,1,1,0.6677499,0.6677499,0.20378518,0.20378518,0.02274346,0.02274346,21.0,29.0,21.0,29.0
0.25,1.0,PF,1984,2,2,pass,1,1,0.6677499,0.6677499,0.20378518,0.20378518,0.02274346,0.02274346,21.0,29.0,21.0,29.0
0.25,1.0,PF,1985,2,2,pass,1,1,0.7186651,0.7186651,0.16434994,0.16434994,0.025743317,0.025743317,21.0,29.0,21.0,29.0
0.25,1.0,PF,1986,2,2,pass,1,1,0.65129316,0.65129316,0.21678324,0.21678324,0.023225917,0.023225917,21.0,29.0,21.0,29.0
0.25,1.0,PF,1987,2,2,pass,1,1,0.6677499,0.6677499,0.20378518,0.20378518,0.02274346,0.02274346,21.0,29.0,21.0,29.0
0.25,1.0,PF,1988,2,2,pass,1,1,0.6677499,0.6677499,0.20378518,0.20378518,0.02274346,0.02274346,21.0,29.0,21.0,29.0
0.25,1.0,PF,1989,2,2,pass,1,1,0.6677499,0.6677499,0.20378518,0.20378518,0.02274346,0.02274346,21.0,29.0,21.0,29.0
0.25,1.0,PF,1990,2,2,pass,1,1,0.6677499,0.6677499,0.20378518,0.20378518,0.02274346,0.02274346,21.0,29.0,21.0,29.0
0.25,1.0,PF,1991,2,2,pass,1,1,0.6677499,0.6677499,0.20378518,0.20378518,0.02274346,0.02274346,21.0,29.0,21.0,29.0
0.25,1.0,PF,1992,2,2,pass,1,1,0.6677499,0.6677499,0.20378518,0.20378518,0.02274346,0.02274346,21.0,29.0,21.0,29.0
0.25,1.0,PF,1993,2,2,pass,1,1,0.6780778,0.6780778,0.173598,0.173598,0.012475382,0.012475382,21.0,29.0,21.0,29.0
0.25,1.0,PF,1994,2,2,pass,1,1,0.6677499,0.6677499,0.20378518,0.20378518,0.02274346,0.02274346,21.0,29.0,21.0,29.0
0.25,1.0,PF,1995,2,2,pass,1,1,0.6677499,0.6677499,0.20378518,0.20378518,0.02274346,0.02274346,21.0,29.0,21.0,29.0
0.25,1.0,PF,1996,2,2,pass,1,1,0.6677499,0.6677499,0.20378518,0.20378518,0.02274346,0.02274346,21.0,29.0,21.0,29.0
0.25,1.0,PF,1997,2,2,pass,1,1,0.6682329,0.6682329,0.20650832,0.20650832,0.025042687,0.025042687,21.0,29.0,21.0,29.0
0.25,1.0,PF,1998,2,2,pass,1,1,0.6677499,0.6677499,0.20378518,0.20378518,0.02274346,0.02274346,21.0,29.0,21.0,29.0
0.25,1.0,PF,1999,2,2,pass,1,1,0.6677499,0.6677499,0.20378518,0.20378518,0.02274346,0.02274346,21.0,29.0,21.0,29.0
0.25,1.0,PF,2000,2,2,pass,1,1,0.65129316,0.65129316,0.21678324,0.21678324,0.023225917,0.023225917,21.0,29.0,21.0,29.0
0.25,1.0,PF,2001,2,3,shield_to_safe,1,1,0.6677499,0.72676647,0.20378518,0.16350773,0.02274346,0.021733325,21.0,29.0,30.0,20.0
0.25,1.0,PF,2002,2,2,pass,1,1,0.6677499,0.6677499,0.20378518,0.20378518,0.02274346,0.02274346,21.0,29.0,21.0,29.0
0.25,1.0,PF,2003,2,2,pass,1,1,0.6677499,0.6677499,0.20378518,0.20378518,0.02274346,0.02274346,21.0,29.0,21.0,29.0
0.25,1.0,PF,2004,2,2,pass,1,1,0.6677499,0.6677499,0.20378518,0.20378518,0.02274346,0.02274346,21.0,29.0,21.0,29.0
0.25,1.0,PF,2005,2,2,pass,1,1,0.6677499,0.6677499,0.20378518,0.20378518,0.02274346,0.02274346,21.0,29.0,21.0,29.0
0.25,1.0,PF,2006,2,2,pass,1,1,0.6677499,0.6677499,0.20378518,0.20378518,0.02274346,0.02274346,21.0,29.0,21.0,29.0
0.25,1.0,PF,2007,2,2,pass,1,1,0.6677499,0.6677499,0.20378518,0.20378518,0.02274346,0.02274346,21.0,29.0,21.0,29.0
0.25,1.0,PF,2008,2,2,pass,1,1,0.6677499,0.6677499,0.20378518,0.20378518,0.02274346,0.02274346,21.0,29.0,21.0,29.0
0.25,1.0,PF,2009,2,2,pass,1,1,0.6677499,0.6677499,0.20378518,0.20378518,0.02274346,0.02274346,21.0,29.0,21.0,29.0
0.25,1.0,PF,2010,2,2,pass,1,1,0.6677499,0.6677499,0.20378518,0.20378518,0.02274346,0.02274346,21.0,29.0,21.0,29.0
0.25,1.0,PF,2011,2,3,shield_to_safe,1,1,0.65129316,0.72676647,0.21678324,0.16350773,0.023225917,0.021733325,21.0,29.0,30.0,20.0
0.25,1.0,PF,2012,2,2,pass,1,1,0.65129316,0.65129316,0.21678324,0.21678324,0.023225917,0.023225917,21.0,29.0,21.0,29.0
0.25,1.0,PF,2013,2,2,pass,1,1,0.6677499,0.6677499,0.20378518,0.20378518,0.02274346,0.02274346,21.0,29.0,21.0,29.0
0.25,1.0,PF,2014,2,2,pass,1,1,0.6677499,0.6677499,0.20378518,0.20378518,0.02274346,0.02274346,21.0,29.0,21.0,29.0
0.25,1.0,PF,2015,2,2,pass,1,1,0.6677499,0.6677499,0.20378518,0.20378518,0.02274346,0.02274346,21.0,29.0,21.0,29.0
0.25,1.0,PF,2016,2,2,pass,1,1,0.7186651,0.7186651,0.16434994,0.16434994,0.025743317,0.025743317,21.0,29.0,21.0,29.0
0.25,1.0,PF,2017,2,2,pass,1,1,0.6677499,0.6677499,0.20378518,0.20378518,0.02274346,0.02274346,21.0,29.0,21.0,29.0
0.25,1.0,PF,2018,2,2,pass,1,1,0.6677499,0.6677499,0.20378518,0.20378518,0.02274346,0.02274346,21.0,29.0,21.0,29.0
0.25,1.0,PF,2019,2,2,pass,1,1,0.6677499,0.6677499,0.20378518,0.20378518,0.02274346,0.02274346,21.0,29.0,21.0,29.0
0.25,1.0,PF,2020,2,2,pass,1,1,0.6677499,0.6677499,0.20378518,0.20378518,0.02274346,0.02274346,21.0,29.0,21.0,29.0
0.25,1.0,PF,2021,2,2,pass,1,1,0.6677499,0.6677499,0.20378518,0.20378518,0.02274346,0.02274346,21.0,29.0,21.0,29.0
0.25,1.0,PF,2022,2,2,pass,1,1,0.6677499,0.6677499,0.20378518,0.20378518,0.02274346,0.02274346,21.0,29.0,21.0,29.0
0.25,1.0,PF,2023,2,2,pass,1,1,0.6677499,0.6677499,0.20378518,0.20378518,0.02274346,0.02274346,21.0,29.0,21.0,29.0
0.25,1.0,PF,2024,2,2,pass,1,1,0.6682329,0.6682329,0.20650832,0.20650832,0.025042687,0.025042687,21.0,29.0,21.0,29.0
0.25,1.0,PF,2025,2,2,pass,1,1,0.6682329,0.6682329,0.20650832,0.20650832,0.025042687,0.025042687,21.0,29.0,21.0,29.0
0.25,1.0,PF,2026,2,2,pass,1,1,0.7186651,0.7186651,0.16434994,0.16434994,0.025743317,0.025743317,21.0,29.0,21.0,29.0
0.25,1.0,PF,2027,2,2,pass,1,1,0.6677499,0.6677499,0.20378518,0.20378518,0.02274346,0.02274346,21.0,29.0,21.0,29.0
0.25,1.0,PF,2028,2,2,pass,1,1,0.6677499,0.6677499,0.20378518,0.20378518,0.02274346,0.02274346,21.0,29.0,21.0,29.0
0.25,1.0,PF,2029,2,2,pass,1,1,0.6780778,0.6780778,0.173598,0.173598,0.012475382,0.012475382,21.0,29.0,21.0,29.0
0.25,1.0,PF,2030,2,2,pass,1,1,0.6677499,0.6677499,0.20378518,0.20378518,0.02274346,0.02274346,21.0,29.0,21.0,29.0
0.25,1.0,PF,2031,2,2,pass,1,1,0.6682329,0.6682329,0.20650832,0.20650832,0.025042687,0.025042687,21.0,29.0,21.0,29.0
0.25,1.0,PF,2032,2,2,pass,1,1,0.6682329,0.6682329,0.20650832,0.20650832,0.025042687,0.025042687,21.0,29.0,21.0,29.0
0.25,1.0,PF,2033,2,2,pass,1,1,0.6677499,0.6677499,0.20378518,0.20378518,0.02274346,0.02274346,21.0,29.0,21.0,29.0
0.25,1.0,PF,2034,2,2,pass,1,1,0.6677499,0.6677499,0.20378518,0.20378518,0.02274346,0.02274346,21.0,29.0,21.0,29.0
0.25,1.0,PF,2035,2,2,pass,1,1,0.6677499,0.6677499,0.20378518,0.20378518,0.02274346,0.02274346,21.0,29.0,21.0,29.0
0.25,1.0,PF,2036,2,2,pass,1,1,0.6677499,0.6677499,0.20378518,0.20378518,0.02274346,0.02274346,21.0,29.0,21.0,29.0
0.25,1.0,PF,2037,2,2,pass,1,1,0.6677499,0.6677499,0.20378518,0.20378518,0.02274346,0.02274346,21.0,29.0,21.0,29.0
0.25,1.0,PF,2038,2,2,pass,1,1,0.6780778,0.6780778,0.173598,0.173598,0.012475382,0.012475382,21.0,29.0,21.0,29.0
0.25,1.0,PF,2039,2,2,pass,1,1,0.6677499,0.6677499,0.20378518,0.20378518,0.02274346,0.02274346,21.0,29.0,21.0,29.0
0.25,1.0,PF,2040,2,2,pass,1,1,0.65129316,0.65129316,0.21678324,0.21678324,0.023225917,0.023225917,21.0,29.0,21.0,29.0
0.25,1.0,PF,2041,2,2,pass,1,1,0.65129316,0.65129316,0.21678324,0.21678324,0.023225917,0.023225917,21.0,29.0,21.0,29.0
0.25,1.0,PF,2042,2,2,pass,1,1,0.6677499,0.6677499,0.20378518,0.20378518,0.02274346,0.02274346,21.0,29.0,21.0,29.0
0.25,1.0,PF,2043,2,2,pass,1,1,0.6677499,0.6677499,0.20378518,0.20378518,0.02274346,0.02274346,21.0,29.0,21.0,29.0
0.25,1.0,PF,2044,2,2,pass,1,1,0.6677499,0.6677499,0.20378518,0.20378518,0.02274346,0.02274346,21.0,29.0,21.0,29.0
0.25,1.0,PF,2045,2,2,pass,1,1,0.6374081,0.6374081,0.21929021,0.21929021,0.023887053,0.023887053,21.0,29.0,21.0,29.0
0.25,1.0,PF,2046,2,2,pass,1,1,0.6682329,0.6682329,0.20650832,0.20650832,0.025042687,0.025042687,21.0,29.0,21.0,29.0
0.25,1.0,PF,2047,2,3,shield_to_safe,1,1,0.6682329,0.72676647,0.20650832,0.16350773,0.025042687,0.021733325,21.0,29.0,30.0,20.0
0.25,1.0,PF,2048,2,2,pass,1,1,0.6506768,0.6506768,0.24160099,0.24160099,0.021516193,0.021516193,21.0,29.0,21.0,29.0
0.25,1.0,PF,2049,2,2,pass,1,1,0.6677499,0.6677499,0.20378518,0.20378518,0.02274346,0.02274346,21.0,29.0,21.0,29.0
0.25,1.0,PF,2050,2,2,pass,1,1,0.6677499,0.6677499,0.20378518,0.20378518,0.02274346,0.02274346,21.0,29.0,21.0,29.0
0.25,1.0,PF,2051,2,2,pass,1,1,0.6677499,0.6677499,0.20378518,0.20378518,0.02274346,0.02274346,21.0,29.0,21.0,29.0
0.25,1.0,PF,2052,2,2,pass,1,1,0.6677499,0.6677499,0.20378518,0.20378518,0.02274346,0.02274346,21.0,29.0,21.0,29.0
0.25,1.0,PF,2053,2,2,pass,1,1,0.6677499,0.6677499,0.20378518,0.20378518,0.02274346,0.02274346,21.0,29.0,21.0,29.0
0.25,1.0,PF,2054,2,2,pass,1,1,0.6780778,0.6780778,0.173598,0.173598,0.012475382,0.012475382,21.0,29.0,21.0,29.0
0.25,1.0,PF,2055,2,2,pass,1,1,0.6677499,0.6677499,0.20378518,0.20378518,0.02274346,0.02274346,21.0,29.0,21.0,29.0
0.25,1.0,PF,2056,2,2,pass,1,1,0.65129316,0.65129316,0.21678324,0.21678324,0.023225917,0.023225917,21.0,29.0,21.0,29.0
0.25,1.0,PF,2057,2,2,pass,1,1,0.6677499,0.6677499,0.20378518,0.20378518,0.02274346,0.02274346,21.0,29.0,21.0,29.0
0.25,1.0,PF,2058,2,2,pass,1,1,0.6677499,0.6677499,0.20378518,0.20378518,0.02274346,0.02274346,21.0,29.0,21.0,29.0
0.25,1.0,PF,2059,2,2,pass,1,1,0.6506768,0.6506768,0.24160099,0.24160099,0.021516193,0.021516193,21.0,29.0,21.0,29.0
0.25,1.0,PF,2060,2,2,pass,1,1,0.65129316,0.65129316,0.21678324,0.21678324,0.023225917,0.023225917,21.0,29.0,21.0,29.0
0.25,1.0,PF,2061,2,2,pass,1,1,0.6677499,0.6677499,0.20378518,0.20378518,0.02274346,0.02274346,21.0,29.0,21.0,29.0
0.25,1.0,PF,2062,2,2,pass,1,1,0.6677499,0.6677499,0.20378518,0.20378518,0.02274346,0.02274346,21.0,29.0,21.0,29.0
0.25,1.0,PF,2063,2,2,pass,1,1,0.6677499,0.6677499,0.20378518,0.20378518,0.02274346,0.02274346,21.0,29.0,21.0,29.0
0.25,1.0,PF,2064,2,2,pass,1,1,0.6677499,0.6677499,0.20378518,0.20378518,0.02274346,0.02274346,21.0,29.0,21.0,29.0
0.25,1.0,PF,2065,2,2,pass,1,1,0.6677499,0.6677499,0.20378518,0.20378518,0.02274346,0.02274346,21.0,29.0,21.0,29.0
0.25,1.0,PF,2066,2,2,pass,1,1,0.6677499,0.6677499,0.20378518,0.20378518,0.02274346,0.02274346,21.0,29.0,21.0,29.0
0.25,1.0,PF,2067,2,2,pass,1,1,0.6677499,0.6677499,0.20378518,0.20378518,0.02274346,0.02274346,21.0,29.0,21.0,29.0
0.25,1.0,PF,2068,2,2,pass,1,1,0.6677499,0.6677499,0.20378518,0.20378518,0.02274346,0.02274346,21.0,29.0,21.0,29.0
0.25,1.0,PF,2069,2,2,pass,1,1,0.6677499,0.6677499,0.20378518,0.20378518,0.02274346,0.02274346,21.0,29.0,21.0,29.0
0.25,1.0,PF,2070,2,2,pass,1,1,0.6677499,0.6677499,0.20378518,0.20378518,0.02274346,0.02274346,21.0,29.0,21.0,29.0
0.25,1.0,PF,2071,2,2,pass,1,1,0.7186651,0.7186651,0.16434994,0.16434994,0.025743317,0.025743317,21.0,29.0,21.0,29.0
0.25,1.0,PF,2072,2,2,pass,1,1,0.6682329,0.6682329,0.20650832,0.20650832,0.025042687,0.025042687,21.0,29.0,21.0,29.0
0.25,1.0,PF,2073,2,2,pass,1,1,0.6677499,0.6677499,0.20378518,0.20378518,0.02274346,0.02274346,21.0,29.0,21.0,29.0
0.25,1.0,PF,2074,2,2,pass,1,1,0.6677499,0.6677499,0.20378518,0.20378518,0.02274346,0.02274346,21.0,29.0,21.0,29.0
0.25,1.0,PF,2075,2,2,pass,1,1,0.6677499,0.6677499,0.20378518,0.20378518,0.02274346,0.02274346,21.0,29.0,21.0,29.0
0.25,1.0,PF,2076,2,2,pass,1,1,0.6677499,0.6677499,0.20378518,0.20378518,0.02274346,0.02274346,21.0,29.0,21.0,29.0
0.25,1.0,PF,2077,2,2,pass,1,1,0.6677499,0.6677499,0.20378518,0.20378518,0.02274346,0.02274346,21.0,29.0,21.0,29.0
0.25,1.0,PF,2078,2,2,pass,1,1,0.6677499,0.6677499,0.20378518,0.20378518,0.02274346,0.02274346,21.0,29.0,21.0,29.0
0.25,1.0,PF,2079,2,2,pass,1,1,0.6677499,0.6677499,0.20378518,0.20378518,0.02274346,0.02274346,21.0,29.0,21.0,29.0
0.25,1.0,PF,2080,2,2,pass,1,1,0.6677499,0.6677499,0.20378518,0.20378518,0.02274346,0.02274346,21.0,29.0,21.0,29.0
0.25,1.0,PF,2081,2,2,pass,1,1,0.6677499,0.6677499,0.20378518,0.20378518,0.02274346,0.02274346,21.0,29.0,21.0,29.0
0.25,1.0,PF,2082,2,2,pass,1,1,0.6677499,0.6677499,0.20378518,0.20378518,0.02274346,0.02274346,21.0,29.0,21.0,29.0
0.25,1.0,PF,2083,2,2,pass,1,1,0.7186651,0.7186651,0.16434994,0.16434994,0.025743317,0.025743317,21.0,29.0,21.0,29.0
0.25,1.0,PF,2084,2,2,pass,1,1,0.6682329,0.6682329,0.20650832,0.20650832,0.025042687,0.025042687,21.0,29.0,21.0,29.0
0.25,1.0,PF,2085,2,3,shield_to_safe,1,1,0.6677499,0.72676647,0.20378518,0.16350773,0.02274346,0.021733325,21.0,29.0,30.0,20.0
0.25,1.0,PF,2086,2,2,pass,1,1,0.6677499,0.6677499,0.20378518,0.20378518,0.02274346,0.02274346,21.0,29.0,21.0,29.0
0.25,1.0,PF,2087,2,2,pass,1,1,0.6677499,0.6677499,0.20378518,0.20378518,0.02274346,0.02274346,21.0,29.0,21.0,29.0
0.25,1.0,PF,2088,2,2,pass,1,1,0.65129316,0.65129316,0.21678324,0.21678324,0.023225917,0.023225917,21.0,29.0,21.0,29.0
0.25,1.0,PF,2089,2,2,pass,1,1,0.65129316,0.65129316,0.21678324,0.21678324,0.023225917,0.023225917,21.0,29.0,21.0,29.0
0.25,1.0,PF,2090,2,2,pass,1,1,0.6677499,0.6677499,0.20378518,0.20378518,0.02274346,0.02274346,21.0,29.0,21.0,29.0
0.25,1.0,PF,2091,2,2,pass,1,1,0.6682329,0.6682329,0.20650832,0.20650832,0.025042687,0.025042687,21.0,29.0,21.0,29.0
0.25,1.0,PF,2092,2,2,pass,1,1,0.6677499,0.6677499,0.20378518,0.20378518,0.02274346,0.02274346,21.0,29.0,21.0,29.0
0.25,1.0,PF,2093,2,2,pass,1,1,0.6677499,0.6677499,0.20378518,0.20378518,0.02274346,0.02274346,21.0,29.0,21.0,29.0
0.25,1.0,PF,2094,2,2,pass,1,1,0.6677499,0.6677499,0.20378518,0.20378518,0.02274346,0.02274346,21.0,29.0,21.0,29.0
0.25,1.0,PF,2095,2,2,pass,1,1,0.6677499,0.6677499,0.20378518,0.20378518,0.02274346,0.02274346,21.0,29.0,21.0,29.0
0.25,1.0,PF,2096,2,2,pass,1,1,0.6677499,0.6677499,0.20378518,0.20378518,0.02274346,0.02274346,21.0,29.0,21.0,29.0
0.25,1.0,PF,2097,2,2,pass,1,1,0.6677499,0.6677499,0.20378518,0.20378518,0.02274346,0.02274346,21.0,29.0,21.0,29.0
0.25,1.0,PF,2098,2,2,pass,1,1,0.6374081,0.6374081,0.21929021,0.21929021,0.023887053,0.023887053,21.0,29.0,21.0,29.0
0.25,1.0,PF,2099,2,2,pass,1,1,0.6677499,0.6677499,0.20378518,0.20378518,0.02274346,0.02274346,21.0,29.0,21.0,29.0
0.25,1.0,PF,2100,2,2,pass,1,1,0.6677499,0.6677499,0.20378518,0.20378518,0.02274346,0.02274346,21.0,29.0,21.0,29.0
0.25,1.0,PF,2101,2,2,pass,1,1,0.6677499,0.6677499,0.20378518,0.20378518,0.02274346,0.02274346,21.0,29.0,21.0,29.0
0.25,1.0,PF,2102,2,2,pass,1,1,0.6677499,0.6677499,0.20378518,0.20378518,0.02274346,0.02274346,21.0,29.0,21.0,29.0
0.25,1.0,PF,2103,2,2,pass,1,1,0.6677499,0.6677499,0.20378518,0.20378518,0.02274346,0.02274346,21.0,29.0,21.0,29.0
0.25,1.0,PF,2104,2,2,pass,1,1,0.65129316,0.65129316,0.21678324,0.21678324,0.023225917,0.023225917,21.0,29.0,21.0,29.0
0.25,1.0,PF,2105,2,2,pass,1,1,0.6677499,0.6677499,0.20378518,0.20378518,0.02274346,0.02274346,21.0,29.0,21.0,29.0
0.25,1.0,PF,2106,2,2,pass,1,1,0.6677499,0.6677499,0.20378518,0.20378518,0.02274346,0.02274346,21.0,29.0,21.0,29.0
0.25,1.0,PF,2107,2,2,pass,1,1,0.6677499,0.6677499,0.20378518,0.20378518,0.02274346,0.02274346,21.0,29.0,21.0,29.0
0.25,1.0,PF,2108,2,2,pass,1,1,0.6677499,0.6677499,0.20378518,0.20378518,0.02274346,0.02274346,21.0,29.0,21.0,29.0
0.25,1.0,PF,2109,2,3,shield_to_safe,1,1,0.6682329,0.72676647,0.20650832,0.16350773,0.025042687,0.021733325,21.0,29.0,30.0,20.0
0.25,1.0,PF,2110,2,2,pass,1,1,0.6677499,0.6677499,0.20378518,0.20378518,0.02274346,0.02274346,21.0,29.0,21.0,29.0
0.25,1.0,PF,2111,2,2,pass,1,1,0.6682329,0.6682329,0.20650832,0.20650832,0.025042687,0.025042687,21.0,29.0,21.0,29.0
0.25,1.0,PF,2112,2,2,pass,1,1,0.6677499,0.6677499,0.20378518,0.20378518,0.02274346,0.02274346,21.0,29.0,21.0,29.0
0.25,1.0,PF,2113,2,2,pass,1,1,0.6677499,0.6677499,0.20378518,0.20378518,0.02274346,0.02274346,21.0,29.0,21.0,29.0
0.25,1.0,PF,2114,2,2,pass,1,1,0.6677499,0.6677499,0.20378518,0.20378518,0.02274346,0.02274346,21.0,29.0,21.0,29.0
0.25,1.0,PF,2115,2,2,pass,1,1,0.6677499,0.6677499,0.20378518,0.20378518,0.02274346,0.02274346,21.0,29.0,21.0,29.0
0.25,1.0,PF,2116,2,2,pass,1,1,0.6677499,0.6677499,0.20378518,0.20378518,0.02274346,0.02274346,21.0,29.0,21.0,29.0
0.25,1.0,PF,2117,2,2,pass,1,1,0.6682329,0.6682329,0.20650832,0.20650832,0.025042687,0.025042687,21.0,29.0,21.0,29.0
0.25,1.0,PF,2118,2,2,pass,1,1,0.6677499,0.6677499,0.20378518,0.20378518,0.02274346,0.02274346,21.0,29.0,21.0,29.0
0.25,1.0,PF,2119,2,2,pass,1,1,0.6677499,0.6677499,0.20378518,0.20378518,0.02274346,0.02274346,21.0,29.0,21.0,29.0
0.25,1.0,PF,2120,2,2,pass,1,1,0.65129316,0.65129316,0.21678324,0.21678324,0.023225917,0.023225917,21.0,29.0,21.0,29.0
0.25,1.0,PF,2121,2,2,pass,1,1,0.6677499,0.6677499,0.20378518,0.20378518,0.02274346,0.02274346,21.0,29.0,21.0,29.0
0.25,1.0,PF,2122,2,2,pass,1,1,0.6677499,0.6677499,0.20378518,0.20378518,0.02274346,0.02274346,21.0,29.0,21.0,29.0
0.25,1.0,PF,2123,2,2,pass,1,1,0.6677499,0.6677499,0.20378518,0.20378518,0.02274346,0.02274346,21.0,29.0,21.0,29.0
0.25,1.0,PF,2124,2,2,pass,1,1,0.6682329,0.6682329,0.20650832,0.20650832,0.025042687,0.025042687,21.0,29.0,21.0,29.0
0.25,1.0,PF,2125,2,2,pass,1,1,0.6780778,0.6780778,0.173598,0.173598,0.012475382,0.012475382,21.0,29.0,21.0,29.0
0.25,1.0,PF,2126,2,2,pass,1,1,0.6677499,0.6677499,0.20378518,0.20378518,0.02274346,0.02274346,21.0,29.0,21.0,29.0
0.25,1.0,PF,2127,2,2,pass,1,1,0.6677499,0.6677499,0.20378518,0.20378518,0.02274346,0.02274346,21.0,29.0,21.0,29.0
0.25,1.0,PF,2128,2,2,pass,1,1,0.6677499,0.6677499,0.20378518,0.20378518,0.02274346,0.02274346,21.0,29.0,21.0,29.0
0.25,1.0,PF,2129,2,2,pass,1,1,0.6677499,0.6677499,0.20378518,0.20378518,0.02274346,0.02274346,21.0,29.0,21.0,29.0
0.25,1.0,PF,2130,2,2,pass,1,1,0.6677499,0.6677499,0.20378518,0.20378518,0.02274346,0.02274346,21.0,29.0,21.0,29.0
0.25,1.0,PF,2131,2,2,pass,1,1,0.6677499,0.6677499,0.20378518,0.20378518,0.02274346,0.02274346,21.0,29.0,21.0,29.0
0.25,1.0,PF,2132,2,2,pass,1,1,0.6677499,0.6677499,0.20378518,0.20378518,0.02274346,0.02274346,21.0,29.0,21.0,29.0
0.25,1.0,PF,2133,2,3,shield_to_safe,1,1,0.65129316,0.72676647,0.21678324,0.16350773,0.023225917,0.021733325,21.0,29.0,30.0,20.0
0.25,1.0,PF,2134,2,2,pass,1,1,0.6677499,0.6677499,0.20378518,0.20378518,0.02274346,0.02274346,21.0,29.0,21.0,29.0
0.25,1.0,PF,2135,2,2,pass,1,1,0.65129316,0.65129316,0.21678324,0.21678324,0.023225917,0.023225917,21.0,29.0,21.0,29.0
0.25,1.0,PF,2136,2,2,pass,1,1,0.6682329,0.6682329,0.20650832,0.20650832,0.025042687,0.025042687,21.0,29.0,21.0,29.0
0.25,1.0,PF,2137,2,2,pass,1,1,0.6677499,0.6677499,0.20378518,0.20378518,0.02274346,0.02274346,21.0,29.0,21.0,29.0
0.25,1.0,PF,2138,2,2,pass,1,1,0.6677499,0.6677499,0.20378518,0.20378518,0.02274346,0.02274346,21.0,29.0,21.0,29.0
0.25,1.0,PF,2139,2,2,pass,1,1,0.6677499,0.6677499,0.20378518,0.20378518,0.02274346,0.02274346,21.0,29.0,21.0,29.0
0.25,1.0,PF,2140,2,2,pass,1,1,0.6682329,0.6682329,0.20650832,0.20650832,0.025042687,0.025042687,21.0,29.0,21.0,29.0
0.25,1.0,PF,2141,2,2,pass,1,1,0.7186651,0.7186651,0.16434994,0.16434994,0.025743317,0.025743317,21.0,29.0,21.0,29.0
0.25,1.0,PF,2142,2,2,pass,1,1,0.6682329,0.6682329,0.20650832,0.20650832,0.025042687,0.025042687,21.0,29.0,21.0,29.0
0.25,1.0,PF,2143,2,2,pass,1,1,0.6677499,0.6677499,0.20378518,0.20378518,0.02274346,0.02274346,21.0,29.0,21.0,29.0
0.25,1.0,PF,2144,2,2,pass,1,1,0.65129316,0.65129316,0.21678324,0.21678324,0.023225917,0.023225917,21.0,29.0,21.0,29.0
0.25,1.0,PF,2145,2,2,pass,1,1,0.6677499,0.6677499,0.20378518,0.20378518,0.02274346,0.02274346,21.0,29.0,21.0,29.0
0.25,1.0,PF,2146,2,2,pass,1,1,0.6677499,0.6677499,0.20378518,0.20378518,0.02274346,0.02274346,21.0,29.0,21.0,29.0
0.25,1.0,PF,2147,2,2,pass,1,1,0.6677499,0.6677499,0.20378518,0.20378518,0.02274346,0.02274346,21.0,29.0,21.0,29.0
0.25,1.0,PF,2148,2,2,pass,1,1,0.6677499,0.6677499,0.20378518,0.20378518,0.02274346,0.02274346,21.0,29.0,21.0,29.0
0.25,1.0,PF,2149,2,2,pass,1,1,0.6677499,0.6677499,0.20378518,0.20378518,0.02274346,0.02274346,21.0,29.0,21.0,29.0
0.25,1.0,PF,2150,2,2,pass,1,1,0.6682329,0.6682329,0.20650832,0.20650832,0.025042687,0.025042687,21.0,29.0,21.0,29.0
0.25,1.0,PF,2151,2,2,pass,1,1,0.65129316,0.65129316,0.21678324,0.21678324,0.023225917,0.023225917,21.0,29.0,21.0,29.0
0.25,1.0,PF,2152,2,2,pass,1,1,0.6677499,0.6677499,0.20378518,0.20378518,0.02274346,0.02274346,21.0,29.0,21.0,29.0
0.25,1.0,PF,2153,2,2,pass,1,1,0.6677499,0.6677499,0.20378518,0.20378518,0.02274346,0.02274346,21.0,29.0,21.0,29.0
0.25,1.0,PF,2154,2,2,pass,1,1,0.6677499,0.6677499,0.20378518,0.20378518,0.02274346,0.02274346,21.0,29.0,21.0,29.0
0.25,1.0,PF,2155,2,2,pass,1,1,0.6677499,0.6677499,0.20378518,0.20378518,0.02274346,0.02274346,21.0,29.0,21.0,29.0
0.25,1.0,PF,2156,2,2,pass,1,1,0.6677499,0.6677499,0.20378518,0.20378518,0.02274346,0.02274346,21.0,29.0,21.0,29.0
0.25,1.0,PF,2157,2,2,pass,1,1,0.6677499,0.6677499,0.20378518,0.20378518,0.02274346,0.02274346,21.0,29.0,21.0,29.0
0.25,1.0,PF,2158,2,2,pass,1,1,0.6677499,0.6677499,0.20378518,0.20378518,0.02274346,0.02274346,21.0,29.0,21.0,29.0
0.25,1.0,PF,2159,2,2,pass,1,1,0.6677499,0.6677499,0.20378518,0.20378518,0.02274346,0.02274346,21.0,29.0,21.0,29.0
0.25,1.0,PF,2160,2,2,pass,1,1,0.6677499,0.6677499,0.20378518,0.20378518,0.02274346,0.02274346,21.0,29.0,21.0,29.0
0.25,1.0,PF,2161,2,2,pass,1,1,0.65129316,0.65129316,0.21678324,0.21678324,0.023225917,0.023225917,21.0,29.0,21.0,29.0
0.25,1.0,PF,2162,2,2,pass,1,1,0.6677499,0.6677499,0.20378518,0.20378518,0.02274346,0.02274346,21.0,29.0,21.0,29.0
0.25,1.0,PF,2163,2,2,pass,1,1,0.6677499,0.6677499,0.20378518,0.20378518,0.02274346,0.02274346,21.0,29.0,21.0,29.0
0.25,1.0,PF,2164,2,2,pass,1,1,0.6677499,0.6677499,0.20378518,0.20378518,0.02274346,0.02274346,21.0,29.0,21.0,29.0
0.25,1.0,PF,2165,2,2,pass,1,1,0.6677499,0.6677499,0.20378518,0.20378518,0.02274346,0.02274346,21.0,29.0,21.0,29.0
0.25,1.0,PF,2166,2,2,pass,1,1,0.6780778,0.6780778,0.173598,0.173598,0.012475382,0.012475382,21.0,29.0,21.0,29.0
0.25,1.0,PF,2167,2,2,pass,1,1,0.6677499,0.6677499,0.20378518,0.20378518,0.02274346,0.02274346,21.0,29.0,21.0,29.0
0.25,1.0,PF,2168,2,2,pass,1,1,0.6677499,0.6677499,0.20378518,0.20378518,0.02274346,0.02274346,21.0,29.0,21.0,29.0
0.25,1.0,PF,2169,2,2,pass,1,1,0.6677499,0.6677499,0.20378518,0.20378518,0.02274346,0.02274346,21.0,29.0,21.0,29.0
0.25,1.0,PF,2170,2,2,pass,1,1,0.6677499,0.6677499,0.20378518,0.20378518,0.02274346,0.02274346,21.0,29.0,21.0,29.0
0.25,1.0,PF,2171,2,2,pass,1,1,0.6682329,0.6682329,0.20650832,0.20650832,0.025042687,0.025042687,21.0,29.0,21.0,29.0
0.25,1.0,PF,2172,2,2,pass,1,1,0.6677499,0.6677499,0.20378518,0.20378518,0.02274346,0.02274346,21.0,29.0,21.0,29.0
0.25,1.0,PF,2173,2,2,pass,1,1,0.6677499,0.6677499,0.20378518,0.20378518,0.02274346,0.02274346,21.0,29.0,21.0,29.0
0.25,1.0,PF,2174,2,2,pass,1,1,0.6677499,0.6677499,0.20378518,0.20378518,0.02274346,0.02274346,21.0,29.0,21.0,29.0
0.25,1.0,PF,2175,2,3,shield_to_safe,1,1,0.6677499,0.7168897,0.20378518,0.17843129,0.02274346,0.024729168,21.0,29.0,30.0,20.0
0.25,1.0,PF,2176,2,2,pass,1,1,0.6677499,0.6677499,0.20378518,0.20378518,0.02274346,0.02274346,21.0,29.0,21.0,29.0
0.25,1.0,PF,2177,2,2,pass,1,1,0.6677499,0.6677499,0.20378518,0.20378518,0.02274346,0.02274346,21.0,29.0,21.0,29.0
0.25,1.0,PF,2178,2,2,pass,1,1,0.6677499,0.6677499,0.20378518,0.20378518,0.02274346,0.02274346,21.0,29.0,21.0,29.0
0.25,1.0,PF,2179,2,2,pass,1,1,0.6677499,0.6677499,0.20378518,0.20378518,0.02274346,0.02274346,21.0,29.0,21.0,29.0
0.25,1.0,PF,2180,2,2,pass,1,1,0.6677499,0.6677499,0.20378518,0.20378518,0.02274346,0.02274346,21.0,29.0,21.0,29.0
0.25,1.0,PF,2181,2,2,pass,1,1,0.6677499,0.6677499,0.20378518,0.20378518,0.02274346,0.02274346,21.0,29.0,21.0,29.0
0.25,1.0,PF,2182,2,2,pass,1,1,0.6677499,0.6677499,0.20378518,0.20378518,0.02274346,0.02274346,21.0,29.0,21.0,29.0
0.25,1.0,PF,2183,2,2,pass,1,1,0.6677499,0.6677499,0.20378518,0.20378518,0.02274346,0.02274346,21.0,29.0,21.0,29.0
0.25,1.0,PF,2184,2,2,pass,1,1,0.6677499,0.6677499,0.20378518,0.20378518,0.02274346,0.02274346,21.0,29.0,21.0,29.0
0.25,1.0,PF,2185,2,2,pass,1,1,0.65129316,0.65129316,0.21678324,0.21678324,0.023225917,0.023225917,21.0,29.0,21.0,29.0
0.25,1.0,PF,2186,2,2,pass,1,1,0.7186651,0.7186651,0.16434994,0.16434994,0.025743317,0.025743317,21.0,29.0,21.0,29.0
0.25,1.0,PF,2187,2,2,pass,1,1,0.6677499,0.6677499,0.20378518,0.20378518,0.02274346,0.02274346,21.0,29.0,21.0,29.0
0.25,1.0,PF,2188,2,2,pass,1,1,0.6677499,0.6677499,0.20378518,0.20378518,0.02274346,0.02274346,21.0,29.0,21.0,29.0
0.25,1.0,PF,2189,2,2,pass,1,1,0.6677499,0.6677499,0.20378518,0.20378518,0.02274346,0.02274346,21.0,29.0,21.0,29.0
0.25,1.0,PF,2190,2,2,pass,1,1,0.6677499,0.6677499,0.20378518,0.20378518,0.02274346,0.02274346,21.0,29.0,21.0,29.0
0.25,1.0,PF,2191,2,2,pass,1,1,0.6677499,0.6677499,0.20378518,0.20378518,0.02274346,0.02274346,21.0,29.0,21.0,29.0
0.25,1.0,PF,2192,2,2,pass,1,1,0.6677499,0.6677499,0.20378518,0.20378518,0.02274346,0.02274346,21.0,29.0,21.0,29.0
0.25,1.0,PF,2193,2,2,pass,1,1,0.6677499,0.6677499,0.20378518,0.20378518,0.02274346,0.02274346,21.0,29.0,21.0,29.0
0.25,1.0,PF,2194,2,2,pass,1,1,0.6677499,0.6677499,0.20378518,0.20378518,0.02274346,0.02274346,21.0,29.0,21.0,29.0
0.25,1.0,PF,2195,2,2,pass,1,1,0.6682329,0.6682329,0.20650832,0.20650832,0.025042687,0.025042687,21.0,29.0,21.0,29.0
0.25,1.0,PF,2196,2,2,pass,1,1,0.6677499,0.6677499,0.20378518,0.20378518,0.02274346,0.02274346,21.0,29.0,21.0,29.0
0.25,1.0,PF,2197,2,2,pass,1,1,0.6677499,0.6677499,0.20378518,0.20378518,0.02274346,0.02274346,21.0,29.0,21.0,29.0
0.25,1.0,PF,2198,2,2,pass,1,1,0.6682329,0.6682329,0.20650832,0.20650832,0.025042687,0.025042687,21.0,29.0,21.0,29.0
0.25,1.0,PF,2199,2,2,pass,1,1,0.6677499,0.6677499,0.20378518,0.20378518,0.02274346,0.02274346,21.0,29.0,21.0,29.0
0.25,1.0,PF,2200,2,2,pass,1,1,0.6677499,0.6677499,0.20378518,0.20378518,0.02274346,0.02274346,21.0,29.0,21.0,29.0
0.25,1.0,PF,2201,2,2,pass,1,1,0.6677499,0.6677499,0.20378518,0.20378518,0.02274346,0.02274346,21.0,29.0,21.0,29.0
0.25,1.0,PF,2202,2,2,pass,1,1,0.6682329,0.6682329,0.20650832,0.20650832,0.025042687,0.025042687,21.0,29.0,21.0,29.0
0.25,1.0,PF,2203,2,2,pass,1,1,0.6677499,0.6677499,0.20378518,0.20378518,0.02274346,0.02274346,21.0,29.0,21.0,29.0
0.25,1.0,PF,2204,2,2,pass,1,1,0.6677499,0.6677499,0.20378518,0.20378518,0.02274346,0.02274346,21.0,29.0,21.0,29.0
0.25,1.0,PF,2205,2,2,pass,1,1,0.6677499,0.6677499,0.20378518,0.20378518,0.02274346,0.02274346,21.0,29.0,21.0,29.0
0.25,1.0,PF,2206,2,2,pass,1,1,0.6677499,0.6677499,0.20378518,0.20378518,0.02274346,0.02274346,21.0,29.0,21.0,29.0
0.25,1.0,PF,2207,2,2,pass,1,1,0.65129316,0.65129316,0.21678324,0.21678324,0.023225917,0.023225917,21.0,29.0,21.0,29.0
0.25,1.0,PF,2208,2,2,pass,1,1,0.6677499,0.6677499,0.20378518,0.20378518,0.02274346,0.02274346,21.0,29.0,21.0,29.0
0.25,1.0,PF,2209,2,2,pass,1,1,0.6677499,0.6677499,0.20378518,0.20378518,0.02274346,0.02274346,21.0,29.0,21.0,29.0
0.25,1.0,PF,2210,2,2,pass,1,1,0.6677499,0.6677499,0.20378518,0.20378518,0.02274346,0.02274346,21.0,29.0,21.0,29.0
0.25,1.0,PF,2211,2,2,pass,1,1,0.6677499,0.6677499,0.20378518,0.20378518,0.02274346,0.02274346,21.0,29.0,21.0,29.0
0.25,1.0,PF,2212,2,2,pass,1,1,0.6374081,0.6374081,0.21929021,0.21929021,0.023887053,0.023887053,21.0,29.0,21.0,29.0
0.25,1.0,PF,2213,2,2,pass,1,1,0.65129316,0.65129316,0.21678324,0.21678324,0.023225917,0.023225917,21.0,29.0,21.0,29.0
0.25,1.0,PF,2214,2,2,pass,1,1,0.6677499,0.6677499,0.20378518,0.20378518,0.02274346,0.02274346,21.0,29.0,21.0,29.0
0.25,1.0,PF,2215,2,2,pass,1,1,0.6677499,0.6677499,0.20378518,0.20378518,0.02274346,0.02274346,21.0,29.0,21.0,29.0
0.25,1.0,PF,2216,2,2,pass,1,1,0.6677499,0.6677499,0.20378518,0.20378518,0.02274346,0.02274346,21.0,29.0,21.0,29.0
0.25,1.0,PF,2217,2,2,pass,1,1,0.6677499,0.6677499,0.20378518,0.20378518,0.02274346,0.02274346,21.0,29.0,21.0,29.0
0.25,1.0,PF,2218,2,2,pass,1,1,0.6682329,0.6682329,0.20650832,0.20650832,0.025042687,0.025042687,21.0,29.0,21.0,29.0
0.25,1.0,PF,2219,2,2,pass,1,1,0.6677499,0.6677499,0.20378518,0.20378518,0.02274346,0.02274346,21.0,29.0,21.0,29.0
0.25,1.0,PF,2220,2,2,pass,1,1,0.6374081,0.6374081,0.21929021,0.21929021,0.023887053,0.023887053,21.0,29.0,21.0,29.0
0.25,1.0,PF,2221,2,2,pass,1,1,0.6677499,0.6677499,0.20378518,0.20378518,0.02274346,0.02274346,21.0,29.0,21.0,29.0
0.25,1.0,PF,2222,2,2,pass,1,1,0.6677499,0.6677499,0.20378518,0.20378518,0.02274346,0.02274346,21.0,29.0,21.0,29.0
0.25,1.0,PF,2223,2,2,pass,1,1,0.6677499,0.6677499,0.20378518,0.20378518,0.02274346,0.02274346,21.0,29.0,21.0,29.0
0.25,1.0,PF,2224,2,2,pass,1,1,0.6677499,0.6677499,0.20378518,0.20378518,0.02274346,0.02274346,21.0,29.0,21.0,29.0
0.25,1.0,PF,2225,2,2,pass,1,1,0.6677499,0.6677499,0.20378518,0.20378518,0.02274346,0.02274346,21.0,29.0,21.0,29.0
0.25,1.0,PF,2226,2,2,pass,1,1,0.6677499,0.6677499,0.20378518,0.20378518,0.02274346,0.02274346,21.0,29.0,21.0,29.0
0.25,1.0,PF,2227,2,2,pass,1,1,0.6677499,0.6677499,0.20378518,0.20378518,0.02274346,0.02274346,21.0,29.0,21.0,29.0
0.25,1.0,PF,2228,2,2,pass,1,1,0.6682329,0.6682329,0.20650832,0.20650832,0.025042687,0.025042687,21.0,29.0,21.0,29.0
0.25,1.0,PF,2229,2,2,pass,1,1,0.7186651,0.7186651,0.16434994,0.16434994,0.025743317,0.025743317,21.0,29.0,21.0,29.0
0.25,1.0,PF,2230,2,2,pass,1,1,0.6677499,0.6677499,0.20378518,0.20378518,0.02274346,0.02274346,21.0,29.0,21.0,29.0
0.25,1.0,PF,2231,2,2,pass,1,1,0.6677499,0.6677499,0.20378518,0.20378518,0.02274346,0.02274346,21.0,29.0,21.0,29.0
0.25,1.0,PF,2232,2,2,pass,1,1,0.6677499,0.6677499,0.20378518,0.20378518,0.02274346,0.02274346,21.0,29.0,21.0,29.0
0.25,1.0,PF,2233,2,3,shield_to_safe,1,1,0.6682329,0.72676647,0.20650832,0.16350773,0.025042687,0.021733325,21.0,29.0,30.0,20.0
0.25,1.0,PF,2234,2,3,shield_to_safe,1,1,0.65129316,0.72676647,0.21678324,0.16350773,0.023225917,0.021733325,21.0,29.0,30.0,20.0
0.25,1.0,PF,2235,2,2,pass,1,1,0.6677499,0.6677499,0.20378518,0.20378518,0.02274346,0.02274346,21.0,29.0,21.0,29.0
0.25,1.0,PF,2236,2,2,pass,1,1,0.6677499,0.6677499,0.20378518,0.20378518,0.02274346,0.02274346,21.0,29.0,21.0,29.0
0.25,1.0,PF,2237,2,2,pass,1,1,0.6506768,0.6506768,0.24160099,0.24160099,0.021516193,0.021516193,21.0,29.0,21.0,29.0
0.25,1.0,PF,2238,2,0,shield_to_safe,1,0,0.6677499,0.77741534,0.20378518,0.12689917,0.02274346,0.10000824,21.0,29.0,0.0,29.0
0.25,1.0,PF,2239,2,2,pass,1,1,0.6677499,0.6677499,0.20378518,0.20378518,0.02274346,0.02274346,21.0,29.0,21.0,29.0
0.25,1.0,PF,2240,2,2,pass,1,1,0.6677499,0.6677499,0.20378518,0.20378518,0.02274346,0.02274346,21.0,29.0,21.0,29.0
0.25,1.0,PF,2241,2,2,pass,1,1,0.6677499,0.6677499,0.20378518,0.20378518,0.02274346,0.02274346,21.0,29.0,21.0,29.0
0.25,1.0,PF,2242,2,2,pass,1,1,0.6677499,0.6677499,0.20378518,0.20378518,0.02274346,0.02274346,21.0,29.0,21.0,29.0
0.25,1.0,PF,2243,2,2,pass,1,1,0.6677499,0.6677499,0.20378518,0.20378518,0.02274346,0.02274346,21.0,29.0,21.0,29.0
0.25,1.0,PF,2244,2,2,pass,1,1,0.6677499,0.6677499,0.20378518,0.20378518,0.02274346,0.02274346,21.0,29.0,21.0,29.0
0.25,1.0,PF,2245,2,2,pass,1,1,0.6677499,0.6677499,0.20378518,0.20378518,0.02274346,0.02274346,21.0,29.0,21.0,29.0
0.25,1.0,PF,2246,2,2,pass,1,1,0.6677499,0.6677499,0.20378518,0.20378518,0.02274346,0.02274346,21.0,29.0,21.0,29.0
0.25,1.0,PF,2247,2,2,pass,1,1,0.6677499,0.6677499,0.20378518,0.20378518,0.02274346,0.02274346,21.0,29.0,21.0,29.0
0.25,1.0,PF,2248,2,2,pass,1,1,0.6677499,0.6677499,0.20378518,0.20378518,0.02274346,0.02274346,21.0,29.0,21.0,29.0
0.25,1.0,PF,2249,2,2,pass,1,1,0.6677499,0.6677499,0.20378518,0.20378518,0.02274346,0.02274346,21.0,29.0,21.0,29.0
0.25,1.0,PF,2250,2,2,pass,1,1,0.6677499,0.6677499,0.20378518,0.20378518,0.02274346,0.02274346,21.0,29.0,21.0,29.0
0.25,1.0,PF,2251,2,2,pass,1,1,0.6677499,0.6677499,0.20378518,0.20378518,0.02274346,0.02274346,21.0,29.0,21.0,29.0
0.25,1.0,PF,2252,2,2,pass,1,1,0.6677499,0.6677499,0.20378518,0.20378518,0.02274346,0.02274346,21.0,29.0,21.0,29.0
0.25,1.0,PF,2253,2,2,pass,1,1,0.6677499,0.6677499,0.20378518,0.20378518,0.02274346,0.02274346,21.0,29.0,21.0,29.0
0.25,1.0,PF,2254,2,2,pass,1,1,0.6780778,0.6780778,0.173598,0.173598,0.012475382,0.012475382,21.0,29.0,21.0,29.0
0.25,1.0,PF,2255,2,2,pass,1,1,0.6677499,0.6677499,0.20378518,0.20378518,0.02274346,0.02274346,21.0,29.0,21.0,29.0
0.25,1.0,PF,2256,2,2,pass,1,1,0.6677499,0.6677499,0.20378518,0.20378518,0.02274346,0.02274346,21.0,29.0,21.0,29.0
0.25,1.0,PF,2257,2,2,pass,1,1,0.6677499,0.6677499,0.20378518,0.20378518,0.02274346,0.02274346,21.0,29.0,21.0,29.0
0.25,1.0,PF,2258,2,2,pass,1,1,0.6780778,0.6780778,0.173598,0.173598,0.012475382,0.012475382,21.0,29.0,21.0,29.0
0.25,1.0,PF,2259,2,2,pass,1,1,0.6677499,0.6677499,0.20378518,0.20378518,0.02274346,0.02274346,21.0,29.0,21.0,29.0
0.25,1.0,PF,2260,2,2,pass,1,1,0.6677499,0.6677499,0.20378518,0.20378518,0.02274346,0.02274346,21.0,29.0,21.0,29.0
0.25,1.0,PF,2261,2,2,pass,1,1,0.6677499,0.6677499,0.20378518,0.20378518,0.02274346,0.02274346,21.0,29.0,21.0,29.0
0.25,1.0,PF,2262,2,2,pass,1,1,0.65129316,0.65129316,0.21678324,0.21678324,0.023225917,0.023225917,21.0,29.0,21.0,29.0
0.25,1.0,PF,2263,2,2,pass,1,1,0.6677499,0.6677499,0.20378518,0.20378518,0.02274346,0.02274346,21.0,29.0,21.0,29.0
0.25,1.0,PF,2264,2,2,pass,1,1,0.6677499,0.6677499,0.20378518,0.20378518,0.02274346,0.02274346,21.0,29.0,21.0,29.0
0.25,1.0,PF,2265,2,2,pass,1,1,0.6677499,0.6677499,0.20378518,0.20378518,0.02274346,0.02274346,21.0,29.0,21.0,29.0
0.25,1.0,PF,2266,2,2,pass,1,1,0.6677499,0.6677499,0.20378518,0.20378518,0.02274346,0.02274346,21.0,29.0,21.0,29.0
0.25,1.0,PF,2267,2,2,pass,1,1,0.6506768,0.6506768,0.24160099,0.24160099,0.021516193,0.021516193,21.0,29.0,21.0,29.0
0.25,1.0,PF,2268,2,2,pass,1,1,0.6677499,0.6677499,0.20378518,0.20378518,0.02274346,0.02274346,21.0,29.0,21.0,29.0
0.25,1.0,PF,2269,2,2,pass,1,1,0.7186651,0.7186651,0.16434994,0.16434994,0.025743317,0.025743317,21.0,29.0,21.0,29.0
0.25,1.0,PF,2270,2,2,pass,1,1,0.6682329,0.6682329,0.20650832,0.20650832,0.025042687,0.025042687,21.0,29.0,21.0,29.0
0.25,1.0,PF,2271,2,2,pass,1,1,0.6677499,0.6677499,0.20378518,0.20378518,0.02274346,0.02274346,21.0,29.0,21.0,29.0
0.25,1.0,PF,2272,2,2,pass,1,1,0.6682329,0.6682329,0.20650832,0.20650832,0.025042687,0.025042687,21.0,29.0,21.0,29.0
0.25,1.0,PF,2273,2,2,pass,1,1,0.6677499,0.6677499,0.20378518,0.20378518,0.02274346,0.02274346,21.0,29.0,21.0,29.0
0.25,1.0,PF,2274,2,2,pass,1,1,0.6677499,0.6677499,0.20378518,0.20378518,0.02274346,0.02274346,21.0,29.0,21.0,29.0
0.25,1.0,PF,2275,2,2,pass,1,1,0.6677499,0.6677499,0.20378518,0.20378518,0.02274346,0.02274346,21.0,29.0,21.0,29.0
0.25,1.0,PF,2276,2,2,pass,1,1,0.6677499,0.6677499,0.20378518,0.20378518,0.02274346,0.02274346,21.0,29.0,21.0,29.0
0.25,1.0,PF,2277,2,2,pass,1,1,0.6677499,0.6677499,0.20378518,0.20378518,0.02274346,0.02274346,21.0,29.0,21.0,29.0
0.25,1.0,PF,2278,2,2,pass,1,1,0.7186651,0.7186651,0.16434994,0.16434994,0.025743317,0.025743317,21.0,29.0,21.0,29.0
0.25,1.0,PF,2279,2,2,pass,1,1,0.6677499,0.6677499,0.20378518,0.20378518,0.02274346,0.02274346,21.0,29.0,21.0,29.0
0.25,1.0,PF,2280,2,2,pass,1,1,0.6677499,0.6677499,0.20378518,0.20378518,0.02274346,0.02274346,21.0,29.0,21.0,29.0
0.25,1.0,PF,2281,2,2,pass,1,1,0.6677499,0.6677499,0.20378518,0.20378518,0.02274346,0.02274346,21.0,29.0,21.0,29.0
0.25,1.0,PF,2282,2,2,pass,1,1,0.6677499,0.6677499,0.20378518,0.20378518,0.02274346,0.02274346,21.0,29.0,21.0,29.0
0.25,1.0,PF,2283,2,2,pass,1,1,0.6677499,0.6677499,0.20378518,0.20378518,0.02274346,0.02274346,21.0,29.0,21.0,29.0
0.25,1.0,PF,2284,2,2,pass,1,1,0.7186651,0.7186651,0.16434994,0.16434994,0.025743317,0.025743317,21.0,29.0,21.0,29.0
0.25,1.0,PF,2285,2,2,pass,1,1,0.6677499,0.6677499,0.20378518,0.20378518,0.02274346,0.02274346,21.0,29.0,21.0,29.0
0.25,1.0,PF,2286,2,2,pass,1,1,0.6677499,0.6677499,0.20378518,0.20378518,0.02274346,0.02274346,21.0,29.0,21.0,29.0
0.25,1.0,PF,2287,2,2,pass,1,1,0.6677499,0.6677499,0.20378518,0.20378518,0.02274346,0.02274346,21.0,29.0,21.0,29.0
0.25,1.0,PF,2288,2,2,pass,1,1,0.6682329,0.6682329,0.20650832,0.20650832,0.025042687,0.025042687,21.0,29.0,21.0,29.0
0.25,1.0,PF,2289,2,2,pass,1,1,0.6677499,0.6677499,0.20378518,0.20378518,0.02274346,0.02274346,21.0,29.0,21.0,29.0
0.25,1.0,PF,2290,2,2,pass,1,1,0.6677499,0.6677499,0.20378518,0.20378518,0.02274346,0.02274346,21.0,29.0,21.0,29.0
0.25,1.0,PF,2291,2,2,pass,1,1,0.6677499,0.6677499,0.20378518,0.20378518,0.02274346,0.02274346,21.0,29.0,21.0,29.0
0.25,1.0,PF,2292,2,2,pass,1,1,0.6677499,0.6677499,0.20378518,0.20378518,0.02274346,0.02274346,21.0,29.0,21.0,29.0
0.25,1.0,PF,2293,2,2,pass,1,1,0.6677499,0.6677499,0.20378518,0.20378518,0.02274346,0.02274346,21.0,29.0,21.0,29.0
0.25,1.0,PF,2294,2,2,pass,1,1,0.6677499,0.6677499,0.20378518,0.20378518,0.02274346,0.02274346,21.0,29.0,21.0,29.0
0.25,1.0,PF,2295,2,2,pass,1,1,0.65129316,0.65129316,0.21678324,0.21678324,0.023225917,0.023225917,21.0,29.0,21.0,29.0
0.25,1.0,PF,2296,2,2,pass,1,1,0.6677499,0.6677499,0.20378518,0.20378518,0.02274346,0.02274346,21.0,29.0,21.0,29.0
0.25,1.0,PF,2297,2,2,pass,1,1,0.65129316,0.65129316,0.21678324,0.21678324,0.023225917,0.023225917,21.0,29.0,21.0,29.0
0.25,1.0,PF,2298,2,2,pass,1,1,0.6677499,0.6677499,0.20378518,0.20378518,0.02274346,0.02274346,21.0,29.0,21.0,29.0
0.25,1.0,PF,2299,2,2,pass,1,1,0.6677499,0.6677499,0.20378518,0.20378518,0.02274346,0.02274346,21.0,29.0,21.0,29.0
0.25,1.0,PF,2300,2,2,pass,1,1,0.6677499,0.6677499,0.20378518,0.20378518,0.02274346,0.02274346,21.0,29.0,21.0,29.0
0.25,1.0,PF,2301,2,2,pass,1,1,0.6682329,0.6682329,0.20650832,0.20650832,0.025042687,0.025042687,21.0,29.0,21.0,29.0
0.25,1.0,PF,2302,2,2,pass,1,1,0.6677499,0.6677499,0.20378518,0.20378518,0.02274346,0.02274346,21.0,29.0,21.0,29.0
0.25,1.0,PF,2303,2,2,pass,1,1,0.65129316,0.65129316,0.21678324,0.21678324,0.023225917,0.023225917,21.0,29.0,21.0,29.0
0.25,1.0,PF,2304,2,2,pass,1,1,0.7186651,0.7186651,0.16434994,0.16434994,0.025743317,0.025743317,21.0,29.0,21.0,29.0
0.25,1.0,PF,2305,2,2,pass,1,1,0.6682329,0.6682329,0.20650832,0.20650832,0.025042687,0.025042687,21.0,29.0,21.0,29.0
0.25,1.0,PF,2306,2,2,pass,1,1,0.6677499,0.6677499,0.20378518,0.20378518,0.02274346,0.02274346,21.0,29.0,21.0,29.0
0.25,1.0,PF,2307,2,2,pass,1,1,0.65129316,0.65129316,0.21678324,0.21678324,0.023225917,0.023225917,21.0,29.0,21.0,29.0
0.25,1.0,PF,2308,2,2,pass,1,1,0.6677499,0.6677499,0.20378518,0.20378518,0.02274346,0.02274346,21.0,29.0,21.0,29.0
0.25,1.0,PF,2309,2,2,pass,1,1,0.6677499,0.6677499,0.20378518,0.20378518,0.02274346,0.02274346,21.0,29.0,21.0,29.0
0.25,1.0,PF,2310,2,2,pass,1,1,0.6677499,0.6677499,0.20378518,0.20378518,0.02274346,0.02274346,21.0,29.0,21.0,29.0
0.25,1.0,PF,2311,2,2,pass,1,1,0.6677499,0.6677499,0.20378518,0.20378518,0.02274346,0.02274346,21.0,29.0,21.0,29.0
0.25,1.0,PF,2312,2,2,pass,1,1,0.6677499,0.6677499,0.20378518,0.20378518,0.02274346,0.02274346,21.0,29.0,21.0,29.0
0.25,1.0,PF,2313,2,2,pass,1,1,0.6677499,0.6677499,0.20378518,0.20378518,0.02274346,0.02274346,21.0,29.0,21.0,29.0
0.25,1.0,PF,2314,2,2,pass,1,1,0.6677499,0.6677499,0.20378518,0.20378518,0.02274346,0.02274346,21.0,29.0,21.0,29.0
0.25,1.0,PF,2315,2,2,pass,1,1,0.6677499,0.6677499,0.20378518,0.20378518,0.02274346,0.02274346,21.0,29.0,21.0,29.0
0.25,1.0,PF,2316,2,2,pass,1,1,0.6677499,0.6677499,0.20378518,0.20378518,0.02274346,0.02274346,21.0,29.0,21.0,29.0
0.25,1.0,PF,2317,2,2,pass,1,1,0.6677499,0.6677499,0.20378518,0.20378518,0.02274346,0.02274346,21.0,29.0,21.0,29.0
0.25,1.0,PF,2318,2,2,pass,1,1,0.6677499,0.6677499,0.20378518,0.20378518,0.02274346,0.02274346,21.0,29.0,21.0,29.0
0.25,1.0,PF,2319,2,2,pass,1,1,0.65129316,0.65129316,0.21678324,0.21678324,0.023225917,0.023225917,21.0,29.0,21.0,29.0
0.25,1.0,PF,2320,2,2,pass,1,1,0.6677499,0.6677499,0.20378518,0.20378518,0.02274346,0.02274346,21.0,29.0,21.0,29.0
0.25,1.0,PF,2321,2,2,pass,1,1,0.6677499,0.6677499,0.20378518,0.20378518,0.02274346,0.02274346,21.0,29.0,21.0,29.0
0.25,1.0,PF,2322,2,2,pass,1,1,0.6677499,0.6677499,0.20378518,0.20378518,0.02274346,0.02274346,21.0,29.0,21.0,29.0
0.25,1.0,PF,2323,2,2,pass,1,1,0.6677499,0.6677499,0.20378518,0.20378518,0.02274346,0.02274346,21.0,29.0,21.0,29.0
0.25,1.0,PF,2324,2,2,pass,1,1,0.6677499,0.6677499,0.20378518,0.20378518,0.02274346,0.02274346,21.0,29.0,21.0,29.0
0.25,1.0,PF,2325,2,2,pass,1,1,0.6677499,0.6677499,0.20378518,0.20378518,0.02274346,0.02274346,21.0,29.0,21.0,29.0
0.25,1.0,PF,2326,2,2,pass,1,1,0.6677499,0.6677499,0.20378518,0.20378518,0.02274346,0.02274346,21.0,29.0,21.0,29.0
0.25,1.0,PF,2327,2,2,pass,1,1,0.6677499,0.6677499,0.20378518,0.20378518,0.02274346,0.02274346,21.0,29.0,21.0,29.0
0.25,1.0,PF,2328,2,2,pass,1,1,0.6677499,0.6677499,0.20378518,0.20378518,0.02274346,0.02274346,21.0,29.0,21.0,29.0
0.25,1.0,PF,2329,2,2,pass,1,1,0.6677499,0.6677499,0.20378518,0.20378518,0.02274346,0.02274346,21.0,29.0,21.0,29.0
0.25,1.0,PF,2330,2,2,pass,1,1,0.7186651,0.7186651,0.16434994,0.16434994,0.025743317,0.025743317,21.0,29.0,21.0,29.0
0.25,1.0,PF,2331,2,2,pass,1,1,0.6677499,0.6677499,0.20378518,0.20378518,0.02274346,0.02274346,21.0,29.0,21.0,29.0
0.25,1.0,PF,2332,2,2,pass,1,1,0.6677499,0.6677499,0.20378518,0.20378518,0.02274346,0.02274346,21.0,29.0,21.0,29.0
0.25,1.0,PF,2333,2,2,pass,1,1,0.6677499,0.6677499,0.20378518,0.20378518,0.02274346,0.02274346,21.0,29.0,21.0,29.0
0.25,1.0,PF,2334,2,2,pass,1,1,0.6780778,0.6780778,0.173598,0.173598,0.012475382,0.012475382,21.0,29.0,21.0,29.0
0.25,1.0,PF,2335,2,2,pass,1,1,0.6677499,0.6677499,0.20378518,0.20378518,0.02274346,0.02274346,21.0,29.0,21.0,29.0
0.25,1.0,PF,2336,2,2,pass,1,1,0.6677499,0.6677499,0.20378518,0.20378518,0.02274346,0.02274346,21.0,29.0,21.0,29.0
0.25,1.0,PF,2337,2,2,pass,1,1,0.6780778,0.6780778,0.173598,0.173598,0.012475382,0.012475382,21.0,29.0,21.0,29.0
0.25,1.0,PF,2338,2,2,pass,1,1,0.6677499,0.6677499,0.20378518,0.20378518,0.02274346,0.02274346,21.0,29.0,21.0,29.0
0.25,1.0,PF,2339,2,2,pass,1,1,0.65129316,0.65129316,0.21678324,0.21678324,0.023225917,0.023225917,21.0,29.0,21.0,29.0
0.25,1.0,PF,2340,2,2,pass,1,1,0.6677499,0.6677499,0.20378518,0.20378518,0.02274346,0.02274346,21.0,29.0,21.0,29.0
0.25,1.0,PF,2341,2,2,pass,1,1,0.7186651,0.7186651,0.16434994,0.16434994,0.025743317,0.025743317,21.0,29.0,21.0,29.0
0.25,1.0,PF,2342,2,2,pass,1,1,0.6677499,0.6677499,0.20378518,0.20378518,0.02274346,0.02274346,21.0,29.0,21.0,29.0
0.25,1.0,PF,2343,2,2,pass,1,1,0.6677499,0.6677499,0.20378518,0.20378518,0.02274346,0.02274346,21.0,29.0,21.0,29.0
0.25,1.0,PF,2344,2,2,pass,1,1,0.6677499,0.6677499,0.20378518,0.20378518,0.02274346,0.02274346,21.0,29.0,21.0,29.0
0.25,1.0,PF,2345,2,2,pass,1,1,0.6677499,0.6677499,0.20378518,0.20378518,0.02274346,0.02274346,21.0,29.0,21.0,29.0
0.25,1.0,PF,2346,2,2,pass,1,1,0.6374081,0.6374081,0.21929021,0.21929021,0.023887053,0.023887053,21.0,29.0,21.0,29.0
0.25,1.0,PF,2347,2,2,pass,1,1,0.6677499,0.6677499,0.20378518,0.20378518,0.02274346,0.02274346,21.0,29.0,21.0,29.0
0.25,1.0,PF,2348,2,2,pass,1,1,0.6677499,0.6677499,0.20378518,0.20378518,0.02274346,0.02274346,21.0,29.0,21.0,29.0
0.25,1.0,PF,2349,2,2,pass,1,1,0.6677499,0.6677499,0.20378518,0.20378518,0.02274346,0.02274346,21.0,29.0,21.0,29.0
0.25,1.0,PF,2350,2,2,pass,1,1,0.6677499,0.6677499,0.20378518,0.20378518,0.02274346,0.02274346,21.0,29.0,21.0,29.0
0.25,1.0,PF,2351,2,2,pass,1,1,0.6677499,0.6677499,0.20378518,0.20378518,0.02274346,0.02274346,21.0,29.0,21.0,29.0
0.25,1.0,PF,2352,2,2,pass,1,1,0.6677499,0.6677499,0.20378518,0.20378518,0.02274346,0.02274346,21.0,29.0,21.0,29.0
0.25,1.0,PF,2353,2,2,pass,1,1,0.6677499,0.6677499,0.20378518,0.20378518,0.02274346,0.02274346,21.0,29.0,21.0,29.0
0.25,1.0,PF,2354,2,2,pass,1,1,0.6677499,0.6677499,0.20378518,0.20378518,0.02274346,0.02274346,21.0,29.0,21.0,29.0
0.25,1.0,PF,2355,2,2,pass,1,1,0.6677499,0.6677499,0.20378518,0.20378518,0.02274346,0.02274346,21.0,29.0,21.0,29.0
0.25,1.0,PF,2356,2,2,pass,1,1,0.7186651,0.7186651,0.16434994,0.16434994,0.025743317,0.025743317,21.0,29.0,21.0,29.0
0.25,1.0,PF,2357,2,3,shield_to_safe,1,1,0.6682329,0.72676647,0.20650832,0.16350773,0.025042687,0.021733325,21.0,29.0,30.0,20.0
0.25,1.0,PF,2358,2,2,pass,1,1,0.6682329,0.6682329,0.20650832,0.20650832,0.025042687,0.025042687,21.0,29.0,21.0,29.0
0.25,1.0,PF,2359,2,2,pass,1,1,0.6677499,0.6677499,0.20378518,0.20378518,0.02274346,0.02274346,21.0,29.0,21.0,29.0
0.25,1.0,PF,2360,2,2,pass,1,1,0.6677499,0.6677499,0.20378518,0.20378518,0.02274346,0.02274346,21.0,29.0,21.0,29.0
0.25,1.0,PF,2361,2,2,pass,1,1,0.6677499,0.6677499,0.20378518,0.20378518,0.02274346,0.02274346,21.0,29.0,21.0,29.0
0.25,1.0,PF,2362,2,2,pass,1,1,0.6677499,0.6677499,0.20378518,0.20378518,0.02274346,0.02274346,21.0,29.0,21.0,29.0
0.25,1.0,PF,2363,2,2,pass,1,1,0.6677499,0.6677499,0.20378518,0.20378518,0.02274346,0.02274346,21.0,29.0,21.0,29.0
0.25,1.0,PF,2364,2,2,pass,1,1,0.6682329,0.6682329,0.20650832,0.20650832,0.025042687,0.025042687,21.0,29.0,21.0,29.0
0.25,1.0,PF,2365,2,2,pass,1,1,0.6780778,0.6780778,0.173598,0.173598,0.012475382,0.012475382,21.0,29.0,21.0,29.0
0.25,1.0,PF,2366,2,2,pass,1,1,0.6677499,0.6677499,0.20378518,0.20378518,0.02274346,0.02274346,21.0,29.0,21.0,29.0
0.25,1.0,PF,2367,2,2,pass,1,1,0.6677499,0.6677499,0.20378518,0.20378518,0.02274346,0.02274346,21.0,29.0,21.0,29.0
0.25,1.0,PF,2368,2,2,pass,1,1,0.6677499,0.6677499,0.20378518,0.20378518,0.02274346,0.02274346,21.0,29.0,21.0,29.0
0.25,1.0,PF,2369,2,2,pass,1,1,0.6682329,0.6682329,0.20650832,0.20650832,0.025042687,0.025042687,21.0,29.0,21.0,29.0
0.25,1.0,PF,2370,2,2,pass,1,1,0.6677499,0.6677499,0.20378518,0.20378518,0.02274346,0.02274346,21.0,29.0,21.0,29.0
0.25,1.0,PF,2371,2,2,pass,1,1,0.6682329,0.6682329,0.20650832,0.20650832,0.025042687,0.025042687,21.0,29.0,21.0,29.0
0.25,1.0,PF,2372,2,2,pass,1,1,0.6677499,0.6677499,0.20378518,0.20378518,0.02274346,0.02274346,21.0,29.0,21.0,29.0
0.25,1.0,PF,2373,2,2,pass,1,1,0.6677499,0.6677499,0.20378518,0.20378518,0.02274346,0.02274346,21.0,29.0,21.0,29.0
0.25,1.0,PF,2374,2,2,pass,1,1,0.6677499,0.6677499,0.20378518,0.20378518,0.02274346,0.02274346,21.0,29.0,21.0,29.0
0.25,1.0,PF,2375,2,2,pass,1,1,0.6677499,0.6677499,0.20378518,0.20378518,0.02274346,0.02274346,21.0,29.0,21.0,29.0
0.25,1.0,PF,2376,2,2,pass,1,1,0.6677499,0.6677499,0.20378518,0.20378518,0.02274346,0.02274346,21.0,29.0,21.0,29.0
0.25,1.0,PF,2377,2,2,pass,1,1,0.65129316,0.65129316,0.21678324,0.21678324,0.023225917,0.023225917,21.0,29.0,21.0,29.0
0.25,1.0,PF,2378,2,2,pass,1,1,0.65129316,0.65129316,0.21678324,0.21678324,0.023225917,0.023225917,21.0,29.0,21.0,29.0
0.25,1.0,PF,2379,2,2,pass,1,1,0.6677499,0.6677499,0.20378518,0.20378518,0.02274346,0.02274346,21.0,29.0,21.0,29.0
0.25,1.0,PF,2380,2,2,pass,1,1,0.6677499,0.6677499,0.20378518,0.20378518,0.02274346,0.02274346,21.0,29.0,21.0,29.0
0.25,1.0,PF,2381,2,2,pass,1,1,0.6780778,0.6780778,0.173598,0.173598,0.012475382,0.012475382,21.0,29.0,21.0,29.0
0.25,1.0,PF,2382,2,2,pass,1,1,0.6677499,0.6677499,0.20378518,0.20378518,0.02274346,0.02274346,21.0,29.0,21.0,29.0
0.25,1.0,PF,2383,2,2,pass,1,1,0.6677499,0.6677499,0.20378518,0.20378518,0.02274346,0.02274346,21.0,29.0,21.0,29.0
0.25,1.0,PF,2384,2,2,pass,1,1,0.6677499,0.6677499,0.20378518,0.20378518,0.02274346,0.02274346,21.0,29.0,21.0,29.0
0.25,1.0,PF,2385,2,2,pass,1,1,0.6677499,0.6677499,0.20378518,0.20378518,0.02274346,0.02274346,21.0,29.0,21.0,29.0
0.25,1.0,PF,2386,2,2,pass,1,1,0.6677499,0.6677499,0.20378518,0.20378518,0.02274346,0.02274346,21.0,29.0,21.0,29.0
0.25,1.0,PF,2387,2,2,pass,1,1,0.6677499,0.6677499,0.20378518,0.20378518,0.02274346,0.02274346,21.0,29.0,21.0,29.0
0.25,1.0,PF,2388,2,2,pass,1,1,0.6677499,0.6677499,0.20378518,0.20378518,0.02274346,0.02274346,21.0,29.0,21.0,29.0
0.25,1.0,PF,2389,2,2,pass,1,1,0.6682329,0.6682329,0.20650832,0.20650832,0.025042687,0.025042687,21.0,29.0,21.0,29.0
0.25,1.0,PF,2390,2,2,pass,1,1,0.65129316,0.65129316,0.21678324,0.21678324,0.023225917,0.023225917,21.0,29.0,21.0,29.0
0.25,1.0,PF,2391,2,2,pass,1,1,0.6677499,0.6677499,0.20378518,0.20378518,0.02274346,0.02274346,21.0,29.0,21.0,29.0
0.25,1.0,PF,2392,2,2,pass,1,1,0.6677499,0.6677499,0.20378518,0.20378518,0.02274346,0.02274346,21.0,29.0,21.0,29.0
0.25,1.0,PF,2393,2,2,pass,1,1,0.6677499,0.6677499,0.20378518,0.20378518,0.02274346,0.02274346,21.0,29.0,21.0,29.0
0.25,1.0,PF,2394,2,2,pass,1,1,0.6677499,0.6677499,0.20378518,0.20378518,0.02274346,0.02274346,21.0,29.0,21.0,29.0
0.25,1.0,PF,2395,2,2,pass,1,1,0.6677499,0.6677499,0.20378518,0.20378518,0.02274346,0.02274346,21.0,29.0,21.0,29.0
0.25,1.0,PF,2396,2,2,pass,1,1,0.6677499,0.6677499,0.20378518,0.20378518,0.02274346,0.02274346,21.0,29.0,21.0,29.0
0.25,1.0,PF,2397,2,2,pass,1,1,0.6677499,0.6677499,0.20378518,0.20378518,0.02274346,0.02274346,21.0,29.0,21.0,29.0
0.25,1.0,PF,2398,2,2,pass,1,1,0.6677499,0.6677499,0.20378518,0.20378518,0.02274346,0.02274346,21.0,29.0,21.0,29.0
0.25,1.0,PF,2399,2,2,pass,1,1,0.6677499,0.6677499,0.20378518,0.20378518,0.02274346,0.02274346,21.0,29.0,21.0,29.0
0.25,1.0,PF,2400,2,2,pass,1,1,0.7186651,0.7186651,0.16434994,0.16434994,0.025743317,0.025743317,21.0,29.0,21.0,29.0
0.25,1.0,PF,2401,2,2,pass,1,1,0.6677499,0.6677499,0.20378518,0.20378518,0.02274346,0.02274346,21.0,29.0,21.0,29.0
0.25,1.0,PF,2402,2,2,pass,1,1,0.6677499,0.6677499,0.20378518,0.20378518,0.02274346,0.02274346,21.0,29.0,21.0,29.0
0.25,1.0,PF,2403,2,2,pass,1,1,0.6677499,0.6677499,0.20378518,0.20378518,0.02274346,0.02274346,21.0,29.0,21.0,29.0
0.25,1.0,PF,2404,2,2,pass,1,1,0.6506768,0.6506768,0.24160099,0.24160099,0.021516193,0.021516193,21.0,29.0,21.0,29.0
0.25,1.0,PF,2405,2,2,pass,1,1,0.6682329,0.6682329,0.20650832,0.20650832,0.025042687,0.025042687,21.0,29.0,21.0,29.0
0.25,1.0,PF,2406,2,2,pass,1,1,0.65129316,0.65129316,0.21678324,0.21678324,0.023225917,0.023225917,21.0,29.0,21.0,29.0
0.25,1.0,PF,2407,2,2,pass,1,1,0.6677499,0.6677499,0.20378518,0.20378518,0.02274346,0.02274346,21.0,29.0,21.0,29.0
0.25,1.0,PF,2408,2,2,pass,1,1,0.6677499,0.6677499,0.20378518,0.20378518,0.02274346,0.02274346,21.0,29.0,21.0,29.0
0.25,1.0,PF,2409,2,2,pass,1,1,0.65129316,0.65129316,0.21678324,0.21678324,0.023225917,0.023225917,21.0,29.0,21.0,29.0
0.25,1.0,PF,2410,2,2,pass,1,1,0.6677499,0.6677499,0.20378518,0.20378518,0.02274346,0.02274346,21.0,29.0,21.0,29.0
0.25,1.0,PF,2411,2,2,pass,1,1,0.65129316,0.65129316,0.21678324,0.21678324,0.023225917,0.023225917,21.0,29.0,21.0,29.0
0.25,1.0,PF,2412,2,3,shield_to_safe,1,1,0.6682329,0.72676647,0.20650832,0.16350773,0.025042687,0.021733325,21.0,29.0,30.0,20.0
0.25,1.0,PF,2413,2,2,pass,1,1,0.6677499,0.6677499,0.20378518,0.20378518,0.02274346,0.02274346,21.0,29.0,21.0,29.0
0.25,1.0,PF,2414,2,2,pass,1,1,0.6677499,0.6677499,0.20378518,0.20378518,0.02274346,0.02274346,21.0,29.0,21.0,29.0
0.25,1.0,PF,2415,2,2,pass,1,1,0.6677499,0.6677499,0.20378518,0.20378518,0.02274346,0.02274346,21.0,29.0,21.0,29.0
0.25,1.0,PF,2416,2,2,pass,1,1,0.6677499,0.6677499,0.20378518,0.20378518,0.02274346,0.02274346,21.0,29.0,21.0,29.0
0.25,1.0,PF,2417,2,2,pass,1,1,0.6677499,0.6677499,0.20378518,0.20378518,0.02274346,0.02274346,21.0,29.0,21.0,29.0
0.25,1.0,PF,2418,2,2,pass,1,1,0.6682329,0.6682329,0.20650832,0.20650832,0.025042687,0.025042687,21.0,29.0,21.0,29.0
0.25,1.0,PF,2419,2,2,pass,1,1,0.6677499,0.6677499,0.20378518,0.20378518,0.02274346,0.02274346,21.0,29.0,21.0,29.0
0.25,1.0,PF,2420,2,2,pass,1,1,0.6677499,0.6677499,0.20378518,0.20378518,0.02274346,0.02274346,21.0,29.0,21.0,29.0
0.25,1.0,PF,2421,2,2,pass,1,1,0.6677499,0.6677499,0.20378518,0.20378518,0.02274346,0.02274346,21.0,29.0,21.0,29.0
0.25,1.0,PF,2422,2,2,pass,1,1,0.6677499,0.6677499,0.20378518,0.20378518,0.02274346,0.02274346,21.0,29.0,21.0,29.0
0.25,1.0,PF,2423,2,2,pass,1,1,0.6677499,0.6677499,0.20378518,0.20378518,0.02274346,0.02274346,21.0,29.0,21.0,29.0
0.25,1.0,PF,2424,2,2,pass,1,1,0.6677499,0.6677499,0.20378518,0.20378518,0.02274346,0.02274346,21.0,29.0,21.0,29.0
0.25,1.0,PF,2425,2,2,pass,1,1,0.6677499,0.6677499,0.20378518,0.20378518,0.02274346,0.02274346,21.0,29.0,21.0,29.0
0.25,1.0,PF,2426,2,2,pass,1,1,0.6677499,0.6677499,0.20378518,0.20378518,0.02274346,0.02274346,21.0,29.0,21.0,29.0
0.25,1.0,PF,2427,2,2,pass,1,1,0.6682329,0.6682329,0.20650832,0.20650832,0.025042687,0.025042687,21.0,29.0,21.0,29.0
0.25,1.0,PF,2428,2,2,pass,1,1,0.6677499,0.6677499,0.20378518,0.20378518,0.02274346,0.02274346,21.0,29.0,21.0,29.0
0.25,1.0,PF,2429,2,2,pass,1,1,0.6780778,0.6780778,0.173598,0.173598,0.012475382,0.012475382,21.0,29.0,21.0,29.0
0.25,1.0,PF,2430,2,2,pass,1,1,0.6677499,0.6677499,0.20378518,0.20378518,0.02274346,0.02274346,21.0,29.0,21.0,29.0
0.25,1.0,PF,2431,2,2,pass,1,1,0.6677499,0.6677499,0.20378518,0.20378518,0.02274346,0.02274346,21.0,29.0,21.0,29.0
0.25,1.0,PF,2432,2,2,pass,1,1,0.6677499,0.6677499,0.20378518,0.20378518,0.02274346,0.02274346,21.0,29.0,21.0,29.0
0.25,1.0,PF,2433,2,2,pass,1,1,0.6677499,0.6677499,0.20378518,0.20378518,0.02274346,0.02274346,21.0,29.0,21.0,29.0
0.25,1.0,PF,2434,2,2,pass,1,1,0.6677499,0.6677499,0.20378518,0.20378518,0.02274346,0.02274346,21.0,29.0,21.0,29.0
0.25,1.0,PF,2435,2,2,pass,1,1,0.6677499,0.6677499,0.20378518,0.20378518,0.02274346,0.02274346,21.0,29.0,21.0,29.0
0.25,1.0,PF,2436,2,2,pass,1,1,0.6677499,0.6677499,0.20378518,0.20378518,0.02274346,0.02274346,21.0,29.0,21.0,29.0
0.25,1.0,PF,2437,2,2,pass,1,1,0.6677499,0.6677499,0.20378518,0.20378518,0.02274346,0.02274346,21.0,29.0,21.0,29.0
0.25,1.0,PF,2438,2,2,pass,1,1,0.6780778,0.6780778,0.173598,0.173598,0.012475382,0.012475382,21.0,29.0,21.0,29.0
0.25,1.0,PF,2439,2,2,pass,1,1,0.6677499,0.6677499,0.20378518,0.20378518,0.02274346,0.02274346,21.0,29.0,21.0,29.0
0.25,1.0,PF,2440,2,2,pass,1,1,0.6677499,0.6677499,0.20378518,0.20378518,0.02274346,0.02274346,21.0,29.0,21.0,29.0
0.25,1.0,PF,2441,2,2,pass,1,1,0.7186651,0.7186651,0.16434994,0.16434994,0.025743317,0.025743317,21.0,29.0,21.0,29.0
0.25,1.0,PF,2442,2,2,pass,1,1,0.6677499,0.6677499,0.20378518,0.20378518,0.02274346,0.02274346,21.0,29.0,21.0,29.0
0.25,1.0,PF,2443,2,2,pass,1,1,0.6677499,0.6677499,0.20378518,0.20378518,0.02274346,0.02274346,21.0,29.0,21.0,29.0
0.25,1.0,PF,2444,2,2,pass,1,1,0.6677499,0.6677499,0.20378518,0.20378518,0.02274346,0.02274346,21.0,29.0,21.0,29.0
0.25,1.0,PF,2445,2,2,pass,1,1,0.65129316,0.65129316,0.21678324,0.21678324,0.023225917,0.023225917,21.0,29.0,21.0,29.0
0.25,1.0,PF,2446,2,2,pass,1,1,0.6682329,0.6682329,0.20650832,0.20650832,0.025042687,0.025042687,21.0,29.0,21.0,29.0
0.25,1.0,PF,2447,2,2,pass,1,1,0.6677499,0.6677499,0.20378518,0.20378518,0.02274346,0.02274346,21.0,29.0,21.0,29.0
0.25,1.0,PF,2448,2,2,pass,1,1,0.6677499,0.6677499,0.20378518,0.20378518,0.02274346,0.02274346,21.0,29.0,21.0,29.0
0.25,1.0,PF,2449,2,2,pass,1,1,0.6677499,0.6677499,0.20378518,0.20378518,0.02274346,0.02274346,21.0,29.0,21.0,29.0
0.25,1.0,PF,2450,2,2,pass,1,1,0.65129316,0.65129316,0.21678324,0.21678324,0.023225917,0.023225917,21.0,29.0,21.0,29.0
0.25,1.0,PF,2451,2,2,pass,1,1,0.65129316,0.65129316,0.21678324,0.21678324,0.023225917,0.023225917,21.0,29.0,21.0,29.0
0.25,1.0,PF,2452,2,2,pass,1,1,0.6677499,0.6677499,0.20378518,0.20378518,0.02274346,0.02274346,21.0,29.0,21.0,29.0
0.25,1.0,PF,2453,2,2,pass,1,1,0.6677499,0.6677499,0.20378518,0.20378518,0.02274346,0.02274346,21.0,29.0,21.0,29.0
0.25,1.0,PF,2454,2,2,pass,1,1,0.6677499,0.6677499,0.20378518,0.20378518,0.02274346,0.02274346,21.0,29.0,21.0,29.0
0.25,1.0,PF,2455,2,2,pass,1,1,0.6677499,0.6677499,0.20378518,0.20378518,0.02274346,0.02274346,21.0,29.0,21.0,29.0
0.25,1.0,PF,2456,2,2,pass,1,1,0.6677499,0.6677499,0.20378518,0.20378518,0.02274346,0.02274346,21.0,29.0,21.0,29.0
0.25,1.0,PF,2457,2,2,pass,1,1,0.6677499,0.6677499,0.20378518,0.20378518,0.02274346,0.02274346,21.0,29.0,21.0,29.0
0.25,1.0,PF,2458,2,2,pass,1,1,0.6677499,0.6677499,0.20378518,0.20378518,0.02274346,0.02274346,21.0,29.0,21.0,29.0
0.25,1.0,PF,2459,2,2,pass,1,1,0.6677499,0.6677499,0.20378518,0.20378518,0.02274346,0.02274346,21.0,29.0,21.0,29.0
0.25,1.0,PF,2460,2,2,pass,1,1,0.6677499,0.6677499,0.20378518,0.20378518,0.02274346,0.02274346,21.0,29.0,21.0,29.0
0.25,1.0,PF,2461,2,2,pass,1,1,0.6677499,0.6677499,0.20378518,0.20378518,0.02274346,0.02274346,21.0,29.0,21.0,29.0
0.25,1.0,PF,2462,2,2,pass,1,1,0.6677499,0.6677499,0.20378518,0.20378518,0.02274346,0.02274346,21.0,29.0,21.0,29.0
0.25,1.0,PF,2463,2,2,pass,1,1,0.6677499,0.6677499,0.20378518,0.20378518,0.02274346,0.02274346,21.0,29.0,21.0,29.0
0.25,1.0,PF,2464,2,2,pass,1,1,0.6677499,0.6677499,0.20378518,0.20378518,0.02274346,0.02274346,21.0,29.0,21.0,29.0
0.25,1.0,PF,2465,2,2,pass,1,1,0.6677499,0.6677499,0.20378518,0.20378518,0.02274346,0.02274346,21.0,29.0,21.0,29.0
0.25,1.0,PF,2466,2,2,pass,1,1,0.6677499,0.6677499,0.20378518,0.20378518,0.02274346,0.02274346,21.0,29.0,21.0,29.0
0.25,1.0,PF,2467,2,2,pass,1,1,0.6677499,0.6677499,0.20378518,0.20378518,0.02274346,0.02274346,21.0,29.0,21.0,29.0
0.25,1.0,PF,2468,2,2,pass,1,1,0.6677499,0.6677499,0.20378518,0.20378518,0.02274346,0.02274346,21.0,29.0,21.0,29.0
0.25,1.0,PF,2469,2,2,pass,1,1,0.6677499,0.6677499,0.20378518,0.20378518,0.02274346,0.02274346,21.0,29.0,21.0,29.0
0.25,1.0,PF,2470,2,2,pass,1,1,0.6677499,0.6677499,0.20378518,0.20378518,0.02274346,0.02274346,21.0,29.0,21.0,29.0
0.25,1.0,PF,2471,2,2,pass,1,1,0.6677499,0.6677499,0.20378518,0.20378518,0.02274346,0.02274346,21.0,29.0,21.0,29.0
0.25,1.0,PF,2472,2,2,pass,1,1,0.6677499,0.6677499,0.20378518,0.20378518,0.02274346,0.02274346,21.0,29.0,21.0,29.0
0.25,1.0,PF,2473,2,2,pass,1,1,0.6677499,0.6677499,0.20378518,0.20378518,0.02274346,0.02274346,21.0,29.0,21.0,29.0
0.25,1.0,PF,2474,2,2,pass,1,1,0.6677499,0.6677499,0.20378518,0.20378518,0.02274346,0.02274346,21.0,29.0,21.0,29.0
0.25,1.0,PF,2475,2,2,pass,1,1,0.6677499,0.6677499,0.20378518,0.20378518,0.02274346,0.02274346,21.0,29.0,21.0,29.0
0.25,1.0,PF,2476,2,2,pass,1,1,0.6677499,0.6677499,0.20378518,0.20378518,0.02274346,0.02274346,21.0,29.0,21.0,29.0
0.25,1.0,PF,2477,2,2,pass,1,1,0.6677499,0.6677499,0.20378518,0.20378518,0.02274346,0.02274346,21.0,29.0,21.0,29.0
0.25,1.0,PF,2478,2,2,pass,1,1,0.6677499,0.6677499,0.20378518,0.20378518,0.02274346,0.02274346,21.0,29.0,21.0,29.0
0.25,1.0,PF,2479,2,2,pass,1,1,0.6677499,0.6677499,0.20378518,0.20378518,0.02274346,0.02274346,21.0,29.0,21.0,29.0
0.25,1.0,PF,2480,2,2,pass,1,1,0.6677499,0.6677499,0.20378518,0.20378518,0.02274346,0.02274346,21.0,29.0,21.0,29.0
0.25,1.0,PF,2481,2,2,pass,1,1,0.6677499,0.6677499,0.20378518,0.20378518,0.02274346,0.02274346,21.0,29.0,21.0,29.0
0.25,1.0,PF,2482,2,2,pass,1,1,0.6677499,0.6677499,0.20378518,0.20378518,0.02274346,0.02274346,21.0,29.0,21.0,29.0
0.25,1.0,PF,2483,2,2,pass,1,1,0.6677499,0.6677499,0.20378518,0.20378518,0.02274346,0.02274346,21.0,29.0,21.0,29.0
0.25,1.0,PF,2484,2,2,pass,1,1,0.6677499,0.6677499,0.20378518,0.20378518,0.02274346,0.02274346,21.0,29.0,21.0,29.0
0.25,1.0,PF,2485,2,2,pass,1,1,0.6677499,0.6677499,0.20378518,0.20378518,0.02274346,0.02274346,21.0,29.0,21.0,29.0
0.25,1.0,PF,2486,2,2,pass,1,1,0.6677499,0.6677499,0.20378518,0.20378518,0.02274346,0.02274346,21.0,29.0,21.0,29.0
0.25,1.0,PF,2487,2,2,pass,1,1,0.6677499,0.6677499,0.20378518,0.20378518,0.02274346,0.02274346,21.0,29.0,21.0,29.0
0.25,1.0,PF,2488,2,2,pass,1,1,0.6677499,0.6677499,0.20378518,0.20378518,0.02274346,0.02274346,21.0,29.0,21.0,29.0
0.25,1.0,PF,2489,2,2,pass,1,1,0.7186651,0.7186651,0.16434994,0.16434994,0.025743317,0.025743317,21.0,29.0,21.0,29.0
0.25,1.0,PF,2490,2,2,pass,1,1,0.6677499,0.6677499,0.20378518,0.20378518,0.02274346,0.02274346,21.0,29.0,21.0,29.0
0.25,1.0,PF,2491,2,2,pass,1,1,0.6677499,0.6677499,0.20378518,0.20378518,0.02274346,0.02274346,21.0,29.0,21.0,29.0
0.25,1.0,PF,2492,2,2,pass,1,1,0.6677499,0.6677499,0.20378518,0.20378518,0.02274346,0.02274346,21.0,29.0,21.0,29.0
0.25,1.0,PF,2493,2,2,pass,1,1,0.6682329,0.6682329,0.20650832,0.20650832,0.025042687,0.025042687,21.0,29.0,21.0,29.0
0.25,1.0,PF,2494,2,2,pass,1,1,0.6682329,0.6682329,0.20650832,0.20650832,0.025042687,0.025042687,21.0,29.0,21.0,29.0
0.25,1.0,PF,2495,2,2,pass,1,1,0.6677499,0.6677499,0.20378518,0.20378518,0.02274346,0.02274346,21.0,29.0,21.0,29.0
0.25,1.0,PF,2496,2,2,pass,1,1,0.6677499,0.6677499,0.20378518,0.20378518,0.02274346,0.02274346,21.0,29.0,21.0,29.0
0.25,1.0,PF,2497,2,2,pass,1,1,0.6677499,0.6677499,0.20378518,0.20378518,0.02274346,0.02274346,21.0,29.0,21.0,29.0
0.25,1.0,PF,2498,2,2,pass,1,1,0.6677499,0.6677499,0.20378518,0.20378518,0.02274346,0.02274346,21.0,29.0,21.0,29.0
0.25,1.0,PF,2499,2,2,pass,1,1,0.6677499,0.6677499,0.20378518,0.20378518,0.02274346,0.02274346,21.0,29.0,21.0,29.0
0.25,1.0,PF,2500,2,2,pass,1,1,0.6677499,0.6677499,0.20378518,0.20378518,0.02274346,0.02274346,21.0,29.0,21.0,29.0
0.25,1.0,PF,2501,2,2,pass,1,1,0.6677499,0.6677499,0.20378518,0.20378518,0.02274346,0.02274346,21.0,29.0,21.0,29.0
0.25,1.0,PF,2502,2,2,pass,1,1,0.6677499,0.6677499,0.20378518,0.20378518,0.02274346,0.02274346,21.0,29.0,21.0,29.0
0.25,1.0,PF,2503,2,2,pass,1,1,0.6682329,0.6682329,0.20650832,0.20650832,0.025042687,0.025042687,21.0,29.0,21.0,29.0
0.25,1.0,PF,2504,2,2,pass,1,1,0.6677499,0.6677499,0.20378518,0.20378518,0.02274346,0.02274346,21.0,29.0,21.0,29.0
0.25,1.0,PF,2505,2,2,pass,1,1,0.6677499,0.6677499,0.20378518,0.20378518,0.02274346,0.02274346,21.0,29.0,21.0,29.0
0.25,1.0,PF,2506,2,2,pass,1,1,0.6677499,0.6677499,0.20378518,0.20378518,0.02274346,0.02274346,21.0,29.0,21.0,29.0
0.25,1.0,PF,2507,2,2,pass,1,1,0.6677499,0.6677499,0.20378518,0.20378518,0.02274346,0.02274346,21.0,29.0,21.0,29.0
0.25,1.0,PF,2508,2,2,pass,1,1,0.6677499,0.6677499,0.20378518,0.20378518,0.02274346,0.02274346,21.0,29.0,21.0,29.0
0.25,1.0,PF,2509,2,2,pass,1,1,0.6682329,0.6682329,0.20650832,0.20650832,0.025042687,0.025042687,21.0,29.0,21.0,29.0
0.25,1.0,PF,2510,2,3,shield_to_safe,1,1,0.6677499,0.72676647,0.20378518,0.16350773,0.02274346,0.021733325,21.0,29.0,30.0,20.0
0.25,1.0,PF,2511,2,2,pass,1,1,0.6677499,0.6677499,0.20378518,0.20378518,0.02274346,0.02274346,21.0,29.0,21.0,29.0
0.25,1.0,PF,2512,2,2,pass,1,1,0.6677499,0.6677499,0.20378518,0.20378518,0.02274346,0.02274346,21.0,29.0,21.0,29.0
0.25,1.0,PF,2513,2,2,pass,1,1,0.6677499,0.6677499,0.20378518,0.20378518,0.02274346,0.02274346,21.0,29.0,21.0,29.0
0.25,1.0,PF,2514,2,2,pass,1,1,0.6677499,0.6677499,0.20378518,0.20378518,0.02274346,0.02274346,21.0,29.0,21.0,29.0
0.25,1.0,PF,2515,2,2,pass,1,1,0.6677499,0.6677499,0.20378518,0.20378518,0.02274346,0.02274346,21.0,29.0,21.0,29.0
0.25,1.0,PF,2516,2,2,pass,1,1,0.6677499,0.6677499,0.20378518,0.20378518,0.02274346,0.02274346,21.0,29.0,21.0,29.0
0.25,1.0,PF,2517,2,2,pass,1,1,0.65129316,0.65129316,0.21678324,0.21678324,0.023225917,0.023225917,21.0,29.0,21.0,29.0
0.25,1.0,PF,2518,2,2,pass,1,1,0.6677499,0.6677499,0.20378518,0.20378518,0.02274346,0.02274346,21.0,29.0,21.0,29.0
0.25,1.0,PF,2519,2,2,pass,1,1,0.65129316,0.65129316,0.21678324,0.21678324,0.023225917,0.023225917,21.0,29.0,21.0,29.0
0.25,1.0,PF,2520,2,2,pass,1,1,0.6677499,0.6677499,0.20378518,0.20378518,0.02274346,0.02274346,21.0,29.0,21.0,29.0
0.25,1.0,PF,2521,2,2,pass,1,1,0.6677499,0.6677499,0.20378518,0.20378518,0.02274346,0.02274346,21.0,29.0,21.0,29.0
0.25,1.0,PF,2522,2,2,pass,1,1,0.6506768,0.6506768,0.24160099,0.24160099,0.021516193,0.021516193,21.0,29.0,21.0,29.0
0.25,1.0,PF,2523,2,2,pass,1,1,0.6677499,0.6677499,0.20378518,0.20378518,0.02274346,0.02274346,21.0,29.0,21.0,29.0
0.25,1.0,PF,2524,2,2,pass,1,1,0.6677499,0.6677499,0.20378518,0.20378518,0.02274346,0.02274346,21.0,29.0,21.0,29.0
0.25,1.0,PF,2525,2,2,pass,1,1,0.6677499,0.6677499,0.20378518,0.20378518,0.02274346,0.02274346,21.0,29.0,21.0,29.0
0.25,1.0,PF,2526,2,2,pass,1,1,0.6677499,0.6677499,0.20378518,0.20378518,0.02274346,0.02274346,21.0,29.0,21.0,29.0
0.25,1.0,PF,2527,2,2,pass,1,1,0.6677499,0.6677499,0.20378518,0.20378518,0.02274346,0.02274346,21.0,29.0,21.0,29.0
0.25,1.0,PF,2528,2,2,pass,1,1,0.65129316,0.65129316,0.21678324,0.21678324,0.023225917,0.023225917,21.0,29.0,21.0,29.0
0.25,1.0,PF,2529,2,2,pass,1,1,0.6677499,0.6677499,0.20378518,0.20378518,0.02274346,0.02274346,21.0,29.0,21.0,29.0
0.25,1.0,PF,2530,2,2,pass,1,1,0.6677499,0.6677499,0.20378518,0.20378518,0.02274346,0.02274346,21.0,29.0,21.0,29.0
0.25,1.0,PF,2531,2,3,shield_to_safe,1,1,0.6677499,0.72676647,0.20378518,0.16350773,0.02274346,0.021733325,21.0,29.0,30.0,20.0
0.25,1.0,PF,2532,2,2,pass,1,1,0.6677499,0.6677499,0.20378518,0.20378518,0.02274346,0.02274346,21.0,29.0,21.0,29.0
0.25,1.0,PF,2533,2,2,pass,1,1,0.6677499,0.6677499,0.20378518,0.20378518,0.02274346,0.02274346,21.0,29.0,21.0,29.0
0.25,1.0,PF,2534,2,2,pass,1,1,0.6677499,0.6677499,0.20378518,0.20378518,0.02274346,0.02274346,21.0,29.0,21.0,29.0
0.25,1.0,PF,2535,2,2,pass,1,1,0.6682329,0.6682329,0.20650832,0.20650832,0.025042687,0.025042687,21.0,29.0,21.0,29.0
0.25,1.0,PF,2536,2,2,pass,1,1,0.6677499,0.6677499,0.20378518,0.20378518,0.02274346,0.02274346,21.0,29.0,21.0,29.0
0.25,1.0,PF,2537,2,2,pass,1,1,0.65129316,0.65129316,0.21678324,0.21678324,0.023225917,0.023225917,21.0,29.0,21.0,29.0
0.25,1.0,PF,2538,2,2,pass,1,1,0.6677499,0.6677499,0.20378518,0.20378518,0.02274346,0.02274346,21.0,29.0,21.0,29.0
0.25,1.0,PF,2539,2,2,pass,1,1,0.6677499,0.6677499,0.20378518,0.20378518,0.02274346,0.02274346,21.0,29.0,21.0,29.0
0.25,1.0,PF,2540,2,2,pass,1,1,0.6677499,0.6677499,0.20378518,0.20378518,0.02274346,0.02274346,21.0,29.0,21.0,29.0
0.25,1.0,PF,2541,2,2,pass,1,1,0.65129316,0.65129316,0.21678324,0.21678324,0.023225917,0.023225917,21.0,29.0,21.0,29.0
0.25,1.0,PF,2542,2,2,pass,1,1,0.6677499,0.6677499,0.20378518,0.20378518,0.02274346,0.02274346,21.0,29.0,21.0,29.0
0.25,1.0,PF,2543,2,2,pass,1,1,0.6677499,0.6677499,0.20378518,0.20378518,0.02274346,0.02274346,21.0,29.0,21.0,29.0
0.25,1.0,PF,2544,2,2,pass,1,1,0.6677499,0.6677499,0.20378518,0.20378518,0.02274346,0.02274346,21.0,29.0,21.0,29.0
0.25,1.0,PF,2545,2,2,pass,1,1,0.6677499,0.6677499,0.20378518,0.20378518,0.02274346,0.02274346,21.0,29.0,21.0,29.0
0.25,1.0,PF,2546,2,2,pass,1,1,0.65129316,0.65129316,0.21678324,0.21678324,0.023225917,0.023225917,21.0,29.0,21.0,29.0
0.25,1.0,PF,2547,2,2,pass,1,1,0.6677499,0.6677499,0.20378518,0.20378518,0.02274346,0.02274346,21.0,29.0,21.0,29.0
0.25,1.0,PF,2548,2,2,pass,1,1,0.7186651,0.7186651,0.16434994,0.16434994,0.025743317,0.025743317,21.0,29.0,21.0,29.0
0.25,1.0,PF,2549,2,2,pass,1,1,0.6677499,0.6677499,0.20378518,0.20378518,0.02274346,0.02274346,21.0,29.0,21.0,29.0
0.25,1.0,PF,2550,2,2,pass,1,1,0.6677499,0.6677499,0.20378518,0.20378518,0.02274346,0.02274346,21.0,29.0,21.0,29.0
0.25,1.0,PF,2551,2,2,pass,1,1,0.6677499,0.6677499,0.20378518,0.20378518,0.02274346,0.02274346,21.0,29.0,21.0,29.0
0.25,1.0,PF,2552,2,2,pass,1,1,0.6677499,0.6677499,0.20378518,0.20378518,0.02274346,0.02274346,21.0,29.0,21.0,29.0
0.25,1.0,PF,2553,2,2,pass,1,1,0.6682329,0.6682329,0.20650832,0.20650832,0.025042687,0.025042687,21.0,29.0,21.0,29.0
0.25,1.0,PF,2554,2,2,pass,1,1,0.6677499,0.6677499,0.20378518,0.20378518,0.02274346,0.02274346,21.0,29.0,21.0,29.0
0.25,1.0,PF,2555,2,2,pass,1,1,0.6677499,0.6677499,0.20378518,0.20378518,0.02274346,0.02274346,21.0,29.0,21.0,29.0
0.25,1.0,PF,2556,2,2,pass,1,1,0.6506768,0.6506768,0.24160099,0.24160099,0.021516193,0.021516193,21.0,29.0,21.0,29.0
0.25,1.0,PF,2557,2,2,pass,1,1,0.65129316,0.65129316,0.21678324,0.21678324,0.023225917,0.023225917,21.0,29.0,21.0,29.0
0.25,1.0,PF,2558,2,2,pass,1,1,0.6780778,0.6780778,0.173598,0.173598,0.012475382,0.012475382,21.0,29.0,21.0,29.0
0.25,1.0,PF,2559,2,2,pass,1,1,0.6682329,0.6682329,0.20650832,0.20650832,0.025042687,0.025042687,21.0,29.0,21.0,29.0
0.25,1.0,PF,2560,2,2,pass,1,1,0.65129316,0.65129316,0.21678324,0.21678324,0.023225917,0.023225917,21.0,29.0,21.0,29.0
0.25,1.0,PF,2561,2,2,pass,1,1,0.6677499,0.6677499,0.20378518,0.20378518,0.02274346,0.02274346,21.0,29.0,21.0,29.0
0.25,1.0,PF,2562,2,2,pass,1,1,0.6677499,0.6677499,0.20378518,0.20378518,0.02274346,0.02274346,21.0,29.0,21.0,29.0
0.25,1.0,PF,2563,2,2,pass,1,1,0.6677499,0.6677499,0.20378518,0.20378518,0.02274346,0.02274346,21.0,29.0,21.0,29.0
0.25,1.0,PF,2564,2,2,pass,1,1,0.6677499,0.6677499,0.20378518,0.20378518,0.02274346,0.02274346,21.0,29.0,21.0,29.0
0.25,1.0,PF,2565,2,2,pass,1,1,0.6677499,0.6677499,0.20378518,0.20378518,0.02274346,0.02274346,21.0,29.0,21.0,29.0
0.25,1.0,PF,2566,2,2,pass,1,1,0.6506768,0.6506768,0.24160099,0.24160099,0.021516193,0.021516193,21.0,29.0,21.0,29.0
0.25,1.0,PF,2567,2,2,pass,1,1,0.6677499,0.6677499,0.20378518,0.20378518,0.02274346,0.02274346,21.0,29.0,21.0,29.0
0.25,1.0,PF,2568,2,2,pass,1,1,0.6374081,0.6374081,0.21929021,0.21929021,0.023887053,0.023887053,21.0,29.0,21.0,29.0
0.25,1.0,PF,2569,2,2,pass,1,1,0.6677499,0.6677499,0.20378518,0.20378518,0.02274346,0.02274346,21.0,29.0,21.0,29.0
0.25,1.0,PF,2570,2,2,pass,1,1,0.6677499,0.6677499,0.20378518,0.20378518,0.02274346,0.02274346,21.0,29.0,21.0,29.0
0.25,1.0,PF,2571,2,2,pass,1,1,0.6677499,0.6677499,0.20378518,0.20378518,0.02274346,0.02274346,21.0,29.0,21.0,29.0
0.25,1.0,PF,2572,2,2,pass,1,1,0.6677499,0.6677499,0.20378518,0.20378518,0.02274346,0.02274346,21.0,29.0,21.0,29.0
0.25,1.0,PF,2573,2,2,pass,1,1,0.6677499,0.6677499,0.20378518,0.20378518,0.02274346,0.02274346,21.0,29.0,21.0,29.0
0.25,1.0,PF,2574,2,2,pass,1,1,0.6677499,0.6677499,0.20378518,0.20378518,0.02274346,0.02274346,21.0,29.0,21.0,29.0
0.25,1.0,PF,2575,2,2,pass,1,1,0.6374081,0.6374081,0.21929021,0.21929021,0.023887053,0.023887053,21.0,29.0,21.0,29.0
0.25,1.0,PF,2576,2,2,pass,1,1,0.6677499,0.6677499,0.20378518,0.20378518,0.02274346,0.02274346,21.0,29.0,21.0,29.0
0.25,1.0,PF,2577,2,2,pass,1,1,0.6677499,0.6677499,0.20378518,0.20378518,0.02274346,0.02274346,21.0,29.0,21.0,29.0
0.25,1.0,PF,2578,2,2,pass,1,1,0.6677499,0.6677499,0.20378518,0.20378518,0.02274346,0.02274346,21.0,29.0,21.0,29.0
0.25,1.0,PF,2579,2,2,pass,1,1,0.6677499,0.6677499,0.20378518,0.20378518,0.02274346,0.02274346,21.0,29.0,21.0,29.0
0.25,1.0,PF,2580,2,2,pass,1,1,0.6677499,0.6677499,0.20378518,0.20378518,0.02274346,0.02274346,21.0,29.0,21.0,29.0
0.25,1.0,PF,2581,2,2,pass,1,1,0.6374081,0.6374081,0.21929021,0.21929021,0.023887053,0.023887053,21.0,29.0,21.0,29.0
0.25,1.0,PF,2582,2,2,pass,1,1,0.6677499,0.6677499,0.20378518,0.20378518,0.02274346,0.02274346,21.0,29.0,21.0,29.0
0.25,1.0,PF,2583,2,2,pass,1,1,0.6677499,0.6677499,0.20378518,0.20378518,0.02274346,0.02274346,21.0,29.0,21.0,29.0
0.25,1.0,PF,2584,2,2,pass,1,1,0.6677499,0.6677499,0.20378518,0.20378518,0.02274346,0.02274346,21.0,29.0,21.0,29.0
0.25,1.0,PF,2585,2,2,pass,1,1,0.6677499,0.6677499,0.20378518,0.20378518,0.02274346,0.02274346,21.0,29.0,21.0,29.0
0.25,1.0,PF,2586,2,2,pass,1,1,0.6677499,0.6677499,0.20378518,0.20378518,0.02274346,0.02274346,21.0,29.0,21.0,29.0
0.25,1.0,PF,2587,2,2,pass,1,1,0.6677499,0.6677499,0.20378518,0.20378518,0.02274346,0.02274346,21.0,29.0,21.0,29.0
0.25,1.0,PF,2588,2,2,pass,1,1,0.6677499,0.6677499,0.20378518,0.20378518,0.02274346,0.02274346,21.0,29.0,21.0,29.0
0.25,1.0,PF,2589,2,2,pass,1,1,0.6677499,0.6677499,0.20378518,0.20378518,0.02274346,0.02274346,21.0,29.0,21.0,29.0
0.25,1.0,PF,2590,2,2,pass,1,1,0.6677499,0.6677499,0.20378518,0.20378518,0.02274346,0.02274346,21.0,29.0,21.0,29.0
0.25,1.0,PF,2591,2,2,pass,1,1,0.6677499,0.6677499,0.20378518,0.20378518,0.02274346,0.02274346,21.0,29.0,21.0,29.0
0.25,1.0,PF,2592,2,2,pass,1,1,0.65129316,0.65129316,0.21678324,0.21678324,0.023225917,0.023225917,21.0,29.0,21.0,29.0
0.25,1.0,PF,2593,2,2,pass,1,1,0.6677499,0.6677499,0.20378518,0.20378518,0.02274346,0.02274346,21.0,29.0,21.0,29.0
0.25,1.0,PF,2594,2,2,pass,1,1,0.65129316,0.65129316,0.21678324,0.21678324,0.023225917,0.023225917,21.0,29.0,21.0,29.0
0.25,1.0,PF,2595,2,2,pass,1,1,0.6677499,0.6677499,0.20378518,0.20378518,0.02274346,0.02274346,21.0,29.0,21.0,29.0
0.25,1.0,PF,2596,2,3,shield_to_safe,1,1,0.6677499,0.73401,0.20378518,0.13762727,0.02274346,0.022150757,21.0,29.0,30.0,20.0
0.25,1.0,PF,2597,2,2,pass,1,1,0.6677499,0.6677499,0.20378518,0.20378518,0.02274346,0.02274346,21.0,29.0,21.0,29.0
0.25,1.0,PF,2598,2,2,pass,1,1,0.6677499,0.6677499,0.20378518,0.20378518,0.02274346,0.02274346,21.0,29.0,21.0,29.0
0.25,1.0,PF,2599,2,2,pass,1,1,0.6677499,0.6677499,0.20378518,0.20378518,0.02274346,0.02274346,21.0,29.0,21.0,29.0
0.25,1.0,PF,2600,2,3,shield_to_safe,1,1,0.6677499,0.73401,0.20378518,0.13762727,0.02274346,0.022150757,21.0,29.0,30.0,20.0
0.25,1.0,PF,2601,2,2,pass,1,1,0.6677499,0.6677499,0.20378518,0.20378518,0.02274346,0.02274346,21.0,29.0,21.0,29.0
0.25,1.0,PF,2602,2,2,pass,1,1,0.6677499,0.6677499,0.20378518,0.20378518,0.02274346,0.02274346,21.0,29.0,21.0,29.0
0.25,1.0,PF,2603,2,2,pass,1,1,0.6677499,0.6677499,0.20378518,0.20378518,0.02274346,0.02274346,21.0,29.0,21.0,29.0
0.25,1.0,PF,2604,2,2,pass,1,1,0.6677499,0.6677499,0.20378518,0.20378518,0.02274346,0.02274346,21.0,29.0,21.0,29.0
0.25,1.0,PF,2605,2,2,pass,1,1,0.6677499,0.6677499,0.20378518,0.20378518,0.02274346,0.02274346,21.0,29.0,21.0,29.0
0.25,1.0,PF,2606,2,2,pass,1,1,0.6677499,0.6677499,0.20378518,0.20378518,0.02274346,0.02274346,21.0,29.0,21.0,29.0
0.25,1.0,PF,2607,2,2,pass,1,1,0.6677499,0.6677499,0.20378518,0.20378518,0.02274346,0.02274346,21.0,29.0,21.0,29.0
0.25,1.0,PF,2608,2,2,pass,1,1,0.6677499,0.6677499,0.20378518,0.20378518,0.02274346,0.02274346,21.0,29.0,21.0,29.0
0.25,1.0,PF,2609,2,2,pass,1,1,0.6677499,0.6677499,0.20378518,0.20378518,0.02274346,0.02274346,21.0,29.0,21.0,29.0
0.25,1.0,PF,2610,2,2,pass,1,1,0.6677499,0.6677499,0.20378518,0.20378518,0.02274346,0.02274346,21.0,29.0,21.0,29.0
0.25,1.0,PF,2611,2,2,pass,1,1,0.6677499,0.6677499,0.20378518,0.20378518,0.02274346,0.02274346,21.0,29.0,21.0,29.0
0.25,1.0,PF,2612,2,2,pass,1,1,0.65129316,0.65129316,0.21678324,0.21678324,0.023225917,0.023225917,21.0,29.0,21.0,29.0
0.25,1.0,PF,2613,2,2,pass,1,1,0.6677499,0.6677499,0.20378518,0.20378518,0.02274346,0.02274346,21.0,29.0,21.0,29.0
0.25,1.0,PF,2614,2,3,shield_to_safe,1,1,0.6677499,0.72676647,0.20378518,0.16350773,0.02274346,0.021733325,21.0,29.0,30.0,20.0
0.25,1.0,PF,2615,2,2,pass,1,1,0.6677499,0.6677499,0.20378518,0.20378518,0.02274346,0.02274346,21.0,29.0,21.0,29.0
0.25,1.0,PF,2616,2,2,pass,1,1,0.6677499,0.6677499,0.20378518,0.20378518,0.02274346,0.02274346,21.0,29.0,21.0,29.0
0.25,1.0,PF,2617,2,2,pass,1,1,0.6677499,0.6677499,0.20378518,0.20378518,0.02274346,0.02274346,21.0,29.0,21.0,29.0
0.25,1.0,PF,2618,2,2,pass,1,1,0.6677499,0.6677499,0.20378518,0.20378518,0.02274346,0.02274346,21.0,29.0,21.0,29.0
0.25,1.0,PF,2619,2,2,pass,1,1,0.6677499,0.6677499,0.20378518,0.20378518,0.02274346,0.02274346,21.0,29.0,21.0,29.0
0.25,1.0,PF,2620,2,2,pass,1,1,0.6677499,0.6677499,0.20378518,0.20378518,0.02274346,0.02274346,21.0,29.0,21.0,29.0
0.25,1.0,PF,2621,2,2,pass,1,1,0.6677499,0.6677499,0.20378518,0.20378518,0.02274346,0.02274346,21.0,29.0,21.0,29.0
0.25,1.0,PF,2622,2,2,pass,1,1,0.6677499,0.6677499,0.20378518,0.20378518,0.02274346,0.02274346,21.0,29.0,21.0,29.0
0.25,1.0,PF,2623,2,2,pass,1,1,0.6677499,0.6677499,0.20378518,0.20378518,0.02274346,0.02274346,21.0,29.0,21.0,29.0
0.25,1.0,PF,2624,2,2,pass,1,1,0.6677499,0.6677499,0.20378518,0.20378518,0.02274346,0.02274346,21.0,29.0,21.0,29.0
0.25,1.0,PF,2625,2,2,pass,1,1,0.6677499,0.6677499,0.20378518,0.20378518,0.02274346,0.02274346,21.0,29.0,21.0,29.0
0.25,1.0,PF,2626,2,2,pass,1,1,0.6677499,0.6677499,0.20378518,0.20378518,0.02274346,0.02274346,21.0,29.0,21.0,29.0
0.25,1.0,PF,2627,2,2,pass,1,1,0.6682329,0.6682329,0.20650832,0.20650832,0.025042687,0.025042687,21.0,29.0,21.0,29.0
0.25,1.0,PF,2628,2,2,pass,1,1,0.6677499,0.6677499,0.20378518,0.20378518,0.02274346,0.02274346,21.0,29.0,21.0,29.0
0.25,1.0,PF,2629,2,2,pass,1,1,0.6374081,0.6374081,0.21929021,0.21929021,0.023887053,0.023887053,21.0,29.0,21.0,29.0
0.25,1.0,PF,2630,2,2,pass,1,1,0.6677499,0.6677499,0.20378518,0.20378518,0.02274346,0.02274346,21.0,29.0,21.0,29.0
0.25,1.0,PF,2631,2,2,pass,1,1,0.6677499,0.6677499,0.20378518,0.20378518,0.02274346,0.02274346,21.0,29.0,21.0,29.0
0.25,1.0,PF,2632,2,2,pass,1,1,0.6677499,0.6677499,0.20378518,0.20378518,0.02274346,0.02274346,21.0,29.0,21.0,29.0
0.25,1.0,PF,2633,2,2,pass,1,1,0.6682329,0.6682329,0.20650832,0.20650832,0.025042687,0.025042687,21.0,29.0,21.0,29.0
0.25,1.0,PF,2634,2,2,pass,1,1,0.6682329,0.6682329,0.20650832,0.20650832,0.025042687,0.025042687,21.0,29.0,21.0,29.0
0.25,1.0,PF,2635,2,2,pass,1,1,0.6677499,0.6677499,0.20378518,0.20378518,0.02274346,0.02274346,21.0,29.0,21.0,29.0
0.25,1.0,PF,2636,2,2,pass,1,1,0.6677499,0.6677499,0.20378518,0.20378518,0.02274346,0.02274346,21.0,29.0,21.0,29.0
0.25,1.0,PF,2637,2,2,pass,1,1,0.6677499,0.6677499,0.20378518,0.20378518,0.02274346,0.02274346,21.0,29.0,21.0,29.0
0.25,1.0,PF,2638,2,2,pass,1,1,0.6780778,0.6780778,0.173598,0.173598,0.012475382,0.012475382,21.0,29.0,21.0,29.0
0.25,1.0,PF,2639,2,2,pass,1,1,0.6677499,0.6677499,0.20378518,0.20378518,0.02274346,0.02274346,21.0,29.0,21.0,29.0
0.25,1.0,PF,2640,2,2,pass,1,1,0.6677499,0.6677499,0.20378518,0.20378518,0.02274346,0.02274346,21.0,29.0,21.0,29.0
0.25,1.0,PF,2641,2,2,pass,1,1,0.65129316,0.65129316,0.21678324,0.21678324,0.023225917,0.023225917,21.0,29.0,21.0,29.0
0.25,1.0,PF,2642,2,2,pass,1,1,0.6677499,0.6677499,0.20378518,0.20378518,0.02274346,0.02274346,21.0,29.0,21.0,29.0
0.25,1.0,PF,2643,2,2,pass,1,1,0.6677499,0.6677499,0.20378518,0.20378518,0.02274346,0.02274346,21.0,29.0,21.0,29.0
0.25,1.0,PF,2644,2,2,pass,1,1,0.6677499,0.6677499,0.20378518,0.20378518,0.02274346,0.02274346,21.0,29.0,21.0,29.0
0.25,1.0,PF,2645,2,2,pass,1,1,0.6677499,0.6677499,0.20378518,0.20378518,0.02274346,0.02274346,21.0,29.0,21.0,29.0
0.25,1.0,PF,2646,2,2,pass,1,1,0.6677499,0.6677499,0.20378518,0.20378518,0.02274346,0.02274346,21.0,29.0,21.0,29.0
0.25,1.0,PF,2647,2,2,pass,1,1,0.6677499,0.6677499,0.20378518,0.20378518,0.02274346,0.02274346,21.0,29.0,21.0,29.0
0.25,1.0,PF,2648,2,2,pass,1,1,0.6677499,0.6677499,0.20378518,0.20378518,0.02274346,0.02274346,21.0,29.0,21.0,29.0
0.25,1.0,PF,2649,2,2,pass,1,1,0.6677499,0.6677499,0.20378518,0.20378518,0.02274346,0.02274346,21.0,29.0,21.0,29.0
0.25,1.0,PF,2650,2,2,pass,1,1,0.6677499,0.6677499,0.20378518,0.20378518,0.02274346,0.02274346,21.0,29.0,21.0,29.0
0.25,1.0,PF,2651,2,2,pass,1,1,0.6682329,0.6682329,0.20650832,0.20650832,0.025042687,0.025042687,21.0,29.0,21.0,29.0
0.25,1.0,PF,2652,2,2,pass,1,1,0.6677499,0.6677499,0.20378518,0.20378518,0.02274346,0.02274346,21.0,29.0,21.0,29.0
0.25,1.0,PF,2653,2,2,pass,1,1,0.6682329,0.6682329,0.20650832,0.20650832,0.025042687,0.025042687,21.0,29.0,21.0,29.0
0.25,1.0,PF,2654,2,2,pass,1,1,0.65129316,0.65129316,0.21678324,0.21678324,0.023225917,0.023225917,21.0,29.0,21.0,29.0
0.25,1.0,PF,2655,2,2,pass,1,1,0.6677499,0.6677499,0.20378518,0.20378518,0.02274346,0.02274346,21.0,29.0,21.0,29.0
0.25,1.0,PF,2656,2,2,pass,1,1,0.6677499,0.6677499,0.20378518,0.20378518,0.02274346,0.02274346,21.0,29.0,21.0,29.0
0.25,1.0,PF,2657,2,2,pass,1,1,0.6677499,0.6677499,0.20378518,0.20378518,0.02274346,0.02274346,21.0,29.0,21.0,29.0
0.25,1.0,PF,2658,2,2,pass,1,1,0.6677499,0.6677499,0.20378518,0.20378518,0.02274346,0.02274346,21.0,29.0,21.0,29.0
0.25,1.0,PF,2659,2,2,pass,1,1,0.6677499,0.6677499,0.20378518,0.20378518,0.02274346,0.02274346,21.0,29.0,21.0,29.0
0.25,1.0,PF,2660,2,2,pass,1,1,0.6677499,0.6677499,0.20378518,0.20378518,0.02274346,0.02274346,21.0,29.0,21.0,29.0
0.25,1.0,PF,2661,2,2,pass,1,1,0.6677499,0.6677499,0.20378518,0.20378518,0.02274346,0.02274346,21.0,29.0,21.0,29.0
0.25,1.0,PF,2662,2,2,pass,1,1,0.6682329,0.6682329,0.20650832,0.20650832,0.025042687,0.025042687,21.0,29.0,21.0,29.0
0.25,1.0,PF,2663,2,2,pass,1,1,0.6682329,0.6682329,0.20650832,0.20650832,0.025042687,0.025042687,21.0,29.0,21.0,29.0
0.25,1.0,PF,2664,2,2,pass,1,1,0.6677499,0.6677499,0.20378518,0.20378518,0.02274346,0.02274346,21.0,29.0,21.0,29.0
0.25,1.0,PF,2665,2,2,pass,1,1,0.6682329,0.6682329,0.20650832,0.20650832,0.025042687,0.025042687,21.0,29.0,21.0,29.0
0.25,1.0,PF,2666,2,2,pass,1,1,0.6677499,0.6677499,0.20378518,0.20378518,0.02274346,0.02274346,21.0,29.0,21.0,29.0
0.25,1.0,PF,2667,2,2,pass,1,1,0.6677499,0.6677499,0.20378518,0.20378518,0.02274346,0.02274346,21.0,29.0,21.0,29.0
0.25,1.0,PF,2668,2,2,pass,1,1,0.6780778,0.6780778,0.173598,0.173598,0.012475382,0.012475382,21.0,29.0,21.0,29.0
0.25,1.0,PF,2669,2,2,pass,1,1,0.6677499,0.6677499,0.20378518,0.20378518,0.02274346,0.02274346,21.0,29.0,21.0,29.0
0.25,1.0,PF,2670,2,2,pass,1,1,0.6677499,0.6677499,0.20378518,0.20378518,0.02274346,0.02274346,21.0,29.0,21.0,29.0
0.25,1.0,PF,2671,2,2,pass,1,1,0.6677499,0.6677499,0.20378518,0.20378518,0.02274346,0.02274346,21.0,29.0,21.0,29.0
0.25,1.0,PF,2672,2,2,pass,1,1,0.6677499,0.6677499,0.20378518,0.20378518,0.02274346,0.02274346,21.0,29.0,21.0,29.0
0.25,1.0,PF,2673,2,2,pass,1,1,0.6677499,0.6677499,0.20378518,0.20378518,0.02274346,0.02274346,21.0,29.0,21.0,29.0
0.25,1.0,PF,2674,2,2,pass,1,1,0.6677499,0.6677499,0.20378518,0.20378518,0.02274346,0.02274346,21.0,29.0,21.0,29.0
0.25,1.0,PF,2675,2,0,shield_to_safe,1,0,0.6677499,0.76278657,0.20378518,0.08473345,0.02274346,0.10000285,21.0,29.0,0.0,29.0
0.25,1.0,PF,2676,2,2,pass,1,1,0.6677499,0.6677499,0.20378518,0.20378518,0.02274346,0.02274346,21.0,29.0,21.0,29.0
0.25,1.0,PF,2677,2,2,pass,1,1,0.6506768,0.6506768,0.24160099,0.24160099,0.021516193,0.021516193,21.0,29.0,21.0,29.0
0.25,1.0,PF,2678,2,2,pass,1,1,0.6677499,0.6677499,0.20378518,0.20378518,0.02274346,0.02274346,21.0,29.0,21.0,29.0
0.25,1.0,PF,2679,2,3,shield_to_safe,1,1,0.6677499,0.72676647,0.20378518,0.16350773,0.02274346,0.021733325,21.0,29.0,30.0,20.0
0.25,1.0,PF,2680,2,2,pass,1,1,0.6677499,0.6677499,0.20378518,0.20378518,0.02274346,0.02274346,21.0,29.0,21.0,29.0
0.25,1.0,PF,2681,2,2,pass,1,1,0.6677499,0.6677499,0.20378518,0.20378518,0.02274346,0.02274346,21.0,29.0,21.0,29.0
0.25,1.0,PF,2682,2,2,pass,1,1,0.6682329,0.6682329,0.20650832,0.20650832,0.025042687,0.025042687,21.0,29.0,21.0,29.0
0.25,1.0,PF,2683,2,2,pass,1,1,0.6677499,0.6677499,0.20378518,0.20378518,0.02274346,0.02274346,21.0,29.0,21.0,29.0
0.25,1.0,PF,2684,2,2,pass,1,1,0.6677499,0.6677499,0.20378518,0.20378518,0.02274346,0.02274346,21.0,29.0,21.0,29.0
0.25,1.0,PF,2685,2,2,pass,1,1,0.6677499,0.6677499,0.20378518,0.20378518,0.02274346,0.02274346,21.0,29.0,21.0,29.0
0.25,1.0,PF,2686,2,2,pass,1,1,0.6677499,0.6677499,0.20378518,0.20378518,0.02274346,0.02274346,21.0,29.0,21.0,29.0
0.25,1.0,PF,2687,2,2,pass,1,1,0.65129316,0.65129316,0.21678324,0.21678324,0.023225917,0.023225917,21.0,29.0,21.0,29.0
0.25,1.0,PF,2688,2,2,pass,1,1,0.6677499,0.6677499,0.20378518,0.20378518,0.02274346,0.02274346,21.0,29.0,21.0,29.0
0.25,1.0,PF,2689,2,2,pass,1,1,0.6677499,0.6677499,0.20378518,0.20378518,0.02274346,0.02274346,21.0,29.0,21.0,29.0
0.25,1.0,PF,2690,2,2,pass,1,1,0.6677499,0.6677499,0.20378518,0.20378518,0.02274346,0.02274346,21.0,29.0,21.0,29.0
0.25,1.0,PF,2691,2,2,pass,1,1,0.65129316,0.65129316,0.21678324,0.21678324,0.023225917,0.023225917,21.0,29.0,21.0,29.0
0.25,1.0,PF,2692,2,2,pass,1,1,0.6677499,0.6677499,0.20378518,0.20378518,0.02274346,0.02274346,21.0,29.0,21.0,29.0
0.25,1.0,PF,2693,2,2,pass,1,1,0.6677499,0.6677499,0.20378518,0.20378518,0.02274346,0.02274346,21.0,29.0,21.0,29.0
0.25,1.0,PF,2694,2,2,pass,1,1,0.6677499,0.6677499,0.20378518,0.20378518,0.02274346,0.02274346,21.0,29.0,21.0,29.0
0.25,1.0,PF,2695,2,2,pass,1,1,0.65129316,0.65129316,0.21678324,0.21678324,0.023225917,0.023225917,21.0,29.0,21.0,29.0
0.25,1.0,PF,2696,2,2,pass,1,1,0.6682329,0.6682329,0.20650832,0.20650832,0.025042687,0.025042687,21.0,29.0,21.0,29.0
0.25,1.0,PF,2697,2,2,pass,1,1,0.6677499,0.6677499,0.20378518,0.20378518,0.02274346,0.02274346,21.0,29.0,21.0,29.0
0.25,1.0,PF,2698,2,2,pass,1,1,0.6677499,0.6677499,0.20378518,0.20378518,0.02274346,0.02274346,21.0,29.0,21.0,29.0
0.25,1.0,PF,2699,2,2,pass,1,1,0.6682329,0.6682329,0.20650832,0.20650832,0.025042687,0.025042687,21.0,29.0,21.0,29.0
0.25,1.0,PF,2700,2,2,pass,1,1,0.6677499,0.6677499,0.20378518,0.20378518,0.02274346,0.02274346,21.0,29.0,21.0,29.0
0.25,1.0,PF,2701,2,2,pass,1,1,0.6677499,0.6677499,0.20378518,0.20378518,0.02274346,0.02274346,21.0,29.0,21.0,29.0
0.25,1.0,PF,2702,2,2,pass,1,1,0.6677499,0.6677499,0.20378518,0.20378518,0.02274346,0.02274346,21.0,29.0,21.0,29.0
0.25,1.0,PF,2703,2,2,pass,1,1,0.6677499,0.6677499,0.20378518,0.20378518,0.02274346,0.02274346,21.0,29.0,21.0,29.0
0.25,1.0,PF,2704,2,2,pass,1,1,0.6677499,0.6677499,0.20378518,0.20378518,0.02274346,0.02274346,21.0,29.0,21.0,29.0
0.25,1.0,PF,2705,2,2,pass,1,1,0.6677499,0.6677499,0.20378518,0.20378518,0.02274346,0.02274346,21.0,29.0,21.0,29.0
0.25,1.0,PF,2706,2,2,pass,1,1,0.6677499,0.6677499,0.20378518,0.20378518,0.02274346,0.02274346,21.0,29.0,21.0,29.0
0.25,1.0,PF,2707,2,2,pass,1,1,0.6682329,0.6682329,0.20650832,0.20650832,0.025042687,0.025042687,21.0,29.0,21.0,29.0
0.25,1.0,PF,2708,2,2,pass,1,1,0.6677499,0.6677499,0.20378518,0.20378518,0.02274346,0.02274346,21.0,29.0,21.0,29.0
0.25,1.0,PF,2709,2,2,pass,1,1,0.6677499,0.6677499,0.20378518,0.20378518,0.02274346,0.02274346,21.0,29.0,21.0,29.0
0.25,1.0,PF,2710,2,2,pass,1,1,0.6677499,0.6677499,0.20378518,0.20378518,0.02274346,0.02274346,21.0,29.0,21.0,29.0
0.25,1.0,PF,2711,2,2,pass,1,1,0.6682329,0.6682329,0.20650832,0.20650832,0.025042687,0.025042687,21.0,29.0,21.0,29.0
0.25,1.0,PF,2712,2,2,pass,1,1,0.6677499,0.6677499,0.20378518,0.20378518,0.02274346,0.02274346,21.0,29.0,21.0,29.0
0.25,1.0,PF,2713,2,2,pass,1,1,0.7186651,0.7186651,0.16434994,0.16434994,0.025743317,0.025743317,21.0,29.0,21.0,29.0
0.25,1.0,PF,2714,2,2,pass,1,1,0.6677499,0.6677499,0.20378518,0.20378518,0.02274346,0.02274346,21.0,29.0,21.0,29.0
0.25,1.0,PF,2715,2,2,pass,1,1,0.6677499,0.6677499,0.20378518,0.20378518,0.02274346,0.02274346,21.0,29.0,21.0,29.0
0.25,1.0,PF,2716,2,2,pass,1,1,0.6677499,0.6677499,0.20378518,0.20378518,0.02274346,0.02274346,21.0,29.0,21.0,29.0
0.25,1.0,PF,2717,2,2,pass,1,1,0.6677499,0.6677499,0.20378518,0.20378518,0.02274346,0.02274346,21.0,29.0,21.0,29.0
0.25,1.0,PF,2718,2,2,pass,1,1,0.6677499,0.6677499,0.20378518,0.20378518,0.02274346,0.02274346,21.0,29.0,21.0,29.0
0.25,1.0,PF,2719,2,2,pass,1,1,0.6677499,0.6677499,0.20378518,0.20378518,0.02274346,0.02274346,21.0,29.0,21.0,29.0
0.25,1.0,PF,2720,2,2,pass,1,1,0.6677499,0.6677499,0.20378518,0.20378518,0.02274346,0.02274346,21.0,29.0,21.0,29.0
0.25,1.0,PF,2721,2,2,pass,1,1,0.6682329,0.6682329,0.20650832,0.20650832,0.025042687,0.025042687,21.0,29.0,21.0,29.0
0.25,1.0,PF,2722,2,2,pass,1,1,0.6677499,0.6677499,0.20378518,0.20378518,0.02274346,0.02274346,21.0,29.0,21.0,29.0
0.25,1.0,PF,2723,2,2,pass,1,1,0.6682329,0.6682329,0.20650832,0.20650832,0.025042687,0.025042687,21.0,29.0,21.0,29.0
0.25,1.0,PF,2724,2,2,pass,1,1,0.65129316,0.65129316,0.21678324,0.21678324,0.023225917,0.023225917,21.0,29.0,21.0,29.0
0.25,1.0,PF,2725,2,2,pass,1,1,0.6677499,0.6677499,0.20378518,0.20378518,0.02274346,0.02274346,21.0,29.0,21.0,29.0
0.25,1.0,PF,2726,2,2,pass,1,1,0.6682329,0.6682329,0.20650832,0.20650832,0.025042687,0.025042687,21.0,29.0,21.0,29.0
0.25,1.0,PF,2727,2,2,pass,1,1,0.6677499,0.6677499,0.20378518,0.20378518,0.02274346,0.02274346,21.0,29.0,21.0,29.0
0.25,1.0,PF,2728,2,2,pass,1,1,0.6374081,0.6374081,0.21929021,0.21929021,0.023887053,0.023887053,21.0,29.0,21.0,29.0
0.25,1.0,PF,2729,2,2,pass,1,1,0.6677499,0.6677499,0.20378518,0.20378518,0.02274346,0.02274346,21.0,29.0,21.0,29.0
0.25,1.0,PF,2730,2,2,pass,1,1,0.6677499,0.6677499,0.20378518,0.20378518,0.02274346,0.02274346,21.0,29.0,21.0,29.0
0.25,1.0,PF,2731,2,2,pass,1,1,0.6677499,0.6677499,0.20378518,0.20378518,0.02274346,0.02274346,21.0,29.0,21.0,29.0
0.25,1.0,PF,2732,2,2,pass,1,1,0.6677499,0.6677499,0.20378518,0.20378518,0.02274346,0.02274346,21.0,29.0,21.0,29.0
0.25,1.0,PF,2733,2,2,pass,1,1,0.6677499,0.6677499,0.20378518,0.20378518,0.02274346,0.02274346,21.0,29.0,21.0,29.0
0.25,1.0,PF,2734,2,2,pass,1,1,0.6677499,0.6677499,0.20378518,0.20378518,0.02274346,0.02274346,21.0,29.0,21.0,29.0
0.25,1.0,PF,2735,2,2,pass,1,1,0.6677499,0.6677499,0.20378518,0.20378518,0.02274346,0.02274346,21.0,29.0,21.0,29.0
0.25,1.0,PF,2736,2,2,pass,1,1,0.6677499,0.6677499,0.20378518,0.20378518,0.02274346,0.02274346,21.0,29.0,21.0,29.0
0.25,1.0,PF,2737,2,2,pass,1,1,0.6677499,0.6677499,0.20378518,0.20378518,0.02274346,0.02274346,21.0,29.0,21.0,29.0
0.25,1.0,PF,2738,2,2,pass,1,1,0.7186651,0.7186651,0.16434994,0.16434994,0.025743317,0.025743317,21.0,29.0,21.0,29.0
0.25,1.0,PF,2739,2,2,pass,1,1,0.6677499,0.6677499,0.20378518,0.20378518,0.02274346,0.02274346,21.0,29.0,21.0,29.0
0.25,1.0,PF,2740,2,2,pass,1,1,0.6677499,0.6677499,0.20378518,0.20378518,0.02274346,0.02274346,21.0,29.0,21.0,29.0
0.25,1.0,PF,2741,2,2,pass,1,1,0.6677499,0.6677499,0.20378518,0.20378518,0.02274346,0.02274346,21.0,29.0,21.0,29.0
0.25,1.0,PF,2742,2,2,pass,1,1,0.6677499,0.6677499,0.20378518,0.20378518,0.02274346,0.02274346,21.0,29.0,21.0,29.0
0.25,1.0,PF,2743,2,2,pass,1,1,0.6677499,0.6677499,0.20378518,0.20378518,0.02274346,0.02274346,21.0,29.0,21.0,29.0
0.25,1.0,PF,2744,2,2,pass,1,1,0.6677499,0.6677499,0.20378518,0.20378518,0.02274346,0.02274346,21.0,29.0,21.0,29.0
0.25,1.0,PF,2745,2,2,pass,1,1,0.6677499,0.6677499,0.20378518,0.20378518,0.02274346,0.02274346,21.0,29.0,21.0,29.0
0.25,1.0,PF,2746,2,2,pass,1,1,0.6677499,0.6677499,0.20378518,0.20378518,0.02274346,0.02274346,21.0,29.0,21.0,29.0
0.25,1.0,PF,2747,2,2,pass,1,1,0.6677499,0.6677499,0.20378518,0.20378518,0.02274346,0.02274346,21.0,29.0,21.0,29.0
0.25,1.0,PF,2748,2,2,pass,1,1,0.6677499,0.6677499,0.20378518,0.20378518,0.02274346,0.02274346,21.0,29.0,21.0,29.0
0.25,1.0,PF,2749,2,2,pass,1,1,0.65129316,0.65129316,0.21678324,0.21678324,0.023225917,0.023225917,21.0,29.0,21.0,29.0
0.25,1.0,PF,2750,2,2,pass,1,1,0.6677499,0.6677499,0.20378518,0.20378518,0.02274346,0.02274346,21.0,29.0,21.0,29.0
0.25,1.0,PF,2751,2,2,pass,1,1,0.6677499,0.6677499,0.20378518,0.20378518,0.02274346,0.02274346,21.0,29.0,21.0,29.0
0.25,1.0,PF,2752,2,2,pass,1,1,0.6677499,0.6677499,0.20378518,0.20378518,0.02274346,0.02274346,21.0,29.0,21.0,29.0
0.25,1.0,PF,2753,2,2,pass,1,1,0.6677499,0.6677499,0.20378518,0.20378518,0.02274346,0.02274346,21.0,29.0,21.0,29.0
0.25,1.0,PF,2754,2,2,pass,1,1,0.6677499,0.6677499,0.20378518,0.20378518,0.02274346,0.02274346,21.0,29.0,21.0,29.0
0.25,1.0,PF,2755,2,2,pass,1,1,0.6677499,0.6677499,0.20378518,0.20378518,0.02274346,0.02274346,21.0,29.0,21.0,29.0
0.25,1.0,PF,2756,2,2,pass,1,1,0.6677499,0.6677499,0.20378518,0.20378518,0.02274346,0.02274346,21.0,29.0,21.0,29.0
0.25,1.0,PF,2757,2,2,pass,1,1,0.6677499,0.6677499,0.20378518,0.20378518,0.02274346,0.02274346,21.0,29.0,21.0,29.0
0.25,1.0,PF,2758,2,2,pass,1,1,0.6677499,0.6677499,0.20378518,0.20378518,0.02274346,0.02274346,21.0,29.0,21.0,29.0
0.25,1.0,PF,2759,2,3,shield_to_safe,1,1,0.6677499,0.72676647,0.20378518,0.16350773,0.02274346,0.021733325,21.0,29.0,30.0,20.0
0.25,1.0,PF,2760,2,2,pass,1,1,0.6677499,0.6677499,0.20378518,0.20378518,0.02274346,0.02274346,21.0,29.0,21.0,29.0
0.25,1.0,PF,2761,2,2,pass,1,1,0.6677499,0.6677499,0.20378518,0.20378518,0.02274346,0.02274346,21.0,29.0,21.0,29.0
0.25,1.0,PF,2762,2,2,pass,1,1,0.6780778,0.6780778,0.173598,0.173598,0.012475382,0.012475382,21.0,29.0,21.0,29.0
0.25,1.0,PF,2763,2,2,pass,1,1,0.6677499,0.6677499,0.20378518,0.20378518,0.02274346,0.02274346,21.0,29.0,21.0,29.0
0.25,1.0,PF,2764,2,2,pass,1,1,0.6677499,0.6677499,0.20378518,0.20378518,0.02274346,0.02274346,21.0,29.0,21.0,29.0
0.25,1.0,PF,2765,2,2,pass,1,1,0.6677499,0.6677499,0.20378518,0.20378518,0.02274346,0.02274346,21.0,29.0,21.0,29.0
0.25,1.0,PF,2766,2,2,pass,1,1,0.6677499,0.6677499,0.20378518,0.20378518,0.02274346,0.02274346,21.0,29.0,21.0,29.0
0.25,1.0,PF,2767,2,2,pass,1,1,0.6682329,0.6682329,0.20650832,0.20650832,0.025042687,0.025042687,21.0,29.0,21.0,29.0
0.25,1.0,PF,2768,2,2,pass,1,1,0.6677499,0.6677499,0.20378518,0.20378518,0.02274346,0.02274346,21.0,29.0,21.0,29.0
0.25,1.0,PF,2769,2,2,pass,1,1,0.65129316,0.65129316,0.21678324,0.21678324,0.023225917,0.023225917,21.0,29.0,21.0,29.0
0.25,1.0,PF,2770,2,2,pass,1,1,0.6677499,0.6677499,0.20378518,0.20378518,0.02274346,0.02274346,21.0,29.0,21.0,29.0
0.25,1.0,PF,2771,2,2,pass,1,1,0.6677499,0.6677499,0.20378518,0.20378518,0.02274346,0.02274346,21.0,29.0,21.0,29.0
0.25,1.0,PF,2772,2,2,pass,1,1,0.6677499,0.6677499,0.20378518,0.20378518,0.02274346,0.02274346,21.0,29.0,21.0,29.0
0.25,1.0,PF,2773,2,2,pass,1,1,0.6677499,0.6677499,0.20378518,0.20378518,0.02274346,0.02274346,21.0,29.0,21.0,29.0
0.25,1.0,PF,2774,2,2,pass,1,1,0.6677499,0.6677499,0.20378518,0.20378518,0.02274346,0.02274346,21.0,29.0,21.0,29.0
0.25,1.0,PF,2775,2,2,pass,1,1,0.6677499,0.6677499,0.20378518,0.20378518,0.02274346,0.02274346,21.0,29.0,21.0,29.0
0.25,1.0,PF,2776,2,2,pass,1,1,0.6677499,0.6677499,0.20378518,0.20378518,0.02274346,0.02274346,21.0,29.0,21.0,29.0
0.25,1.0,PF,2777,2,2,pass,1,1,0.6682329,0.6682329,0.20650832,0.20650832,0.025042687,0.025042687,21.0,29.0,21.0,29.0
0.25,1.0,PF,2778,2,2,pass,1,1,0.6677499,0.6677499,0.20378518,0.20378518,0.02274346,0.02274346,21.0,29.0,21.0,29.0
0.25,1.0,PF,2779,2,2,pass,1,1,0.6677499,0.6677499,0.20378518,0.20378518,0.02274346,0.02274346,21.0,29.0,21.0,29.0
0.25,1.0,PF,2780,2,2,pass,1,1,0.6677499,0.6677499,0.20378518,0.20378518,0.02274346,0.02274346,21.0,29.0,21.0,29.0
0.25,1.0,PF,2781,2,2,pass,1,1,0.6677499,0.6677499,0.20378518,0.20378518,0.02274346,0.02274346,21.0,29.0,21.0,29.0
0.25,1.0,PF,2782,2,2,pass,1,1,0.6677499,0.6677499,0.20378518,0.20378518,0.02274346,0.02274346,21.0,29.0,21.0,29.0
0.25,1.0,PF,2783,2,2,pass,1,1,0.6677499,0.6677499,0.20378518,0.20378518,0.02274346,0.02274346,21.0,29.0,21.0,29.0
0.25,1.0,PF,2784,2,2,pass,1,1,0.65129316,0.65129316,0.21678324,0.21678324,0.023225917,0.023225917,21.0,29.0,21.0,29.0
0.25,1.0,PF,2785,2,2,pass,1,1,0.6677499,0.6677499,0.20378518,0.20378518,0.02274346,0.02274346,21.0,29.0,21.0,29.0
0.25,1.0,PF,2786,2,2,pass,1,1,0.6677499,0.6677499,0.20378518,0.20378518,0.02274346,0.02274346,21.0,29.0,21.0,29.0
0.25,1.0,PF,2787,2,3,shield_to_safe,1,1,0.6677499,0.72676647,0.20378518,0.16350773,0.02274346,0.021733325,21.0,29.0,30.0,20.0
0.25,1.0,PF,2788,2,2,pass,1,1,0.6677499,0.6677499,0.20378518,0.20378518,0.02274346,0.02274346,21.0,29.0,21.0,29.0
0.25,1.0,PF,2789,2,2,pass,1,1,0.6677499,0.6677499,0.20378518,0.20378518,0.02274346,0.02274346,21.0,29.0,21.0,29.0
0.25,1.0,PF,2790,2,2,pass,1,1,0.6677499,0.6677499,0.20378518,0.20378518,0.02274346,0.02274346,21.0,29.0,21.0,29.0
0.25,1.0,PF,2791,2,2,pass,1,1,0.6677499,0.6677499,0.20378518,0.20378518,0.02274346,0.02274346,21.0,29.0,21.0,29.0
0.25,1.0,PF,2792,2,2,pass,1,1,0.6677499,0.6677499,0.20378518,0.20378518,0.02274346,0.02274346,21.0,29.0,21.0,29.0
0.25,1.0,PF,2793,2,2,pass,1,1,0.6677499,0.6677499,0.20378518,0.20378518,0.02274346,0.02274346,21.0,29.0,21.0,29.0
0.25,1.0,PF,2794,2,2,pass,1,1,0.6677499,0.6677499,0.20378518,0.20378518,0.02274346,0.02274346,21.0,29.0,21.0,29.0
0.25,1.0,PF,2795,2,2,pass,1,1,0.6677499,0.6677499,0.20378518,0.20378518,0.02274346,0.02274346,21.0,29.0,21.0,29.0
0.25,1.0,PF,2796,2,2,pass,1,1,0.6677499,0.6677499,0.20378518,0.20378518,0.02274346,0.02274346,21.0,29.0,21.0,29.0
0.25,1.0,PF,2797,2,2,pass,1,1,0.6677499,0.6677499,0.20378518,0.20378518,0.02274346,0.02274346,21.0,29.0,21.0,29.0
0.25,1.0,PF,2798,2,2,pass,1,1,0.6682329,0.6682329,0.20650832,0.20650832,0.025042687,0.025042687,21.0,29.0,21.0,29.0
0.25,1.0,PF,2799,2,2,pass,1,1,0.6677499,0.6677499,0.20378518,0.20378518,0.02274346,0.02274346,21.0,29.0,21.0,29.0
0.25,1.0,PF,2800,2,2,pass,1,1,0.6677499,0.6677499,0.20378518,0.20378518,0.02274346,0.02274346,21.0,29.0,21.0,29.0
0.25,1.0,PF,2801,2,0,shield_to_safe,1,0,0.6677499,0.77741534,0.20378518,0.12689917,0.02274346,0.10000824,21.0,29.0,0.0,29.0
0.25,1.0,PF,2802,2,2,pass,1,1,0.6677499,0.6677499,0.20378518,0.20378518,0.02274346,0.02274346,21.0,29.0,21.0,29.0
0.25,1.0,PF,2803,2,2,pass,1,1,0.65129316,0.65129316,0.21678324,0.21678324,0.023225917,0.023225917,21.0,29.0,21.0,29.0
0.25,1.0,PF,2804,2,2,pass,1,1,0.65129316,0.65129316,0.21678324,0.21678324,0.023225917,0.023225917,21.0,29.0,21.0,29.0
0.25,1.0,PF,2805,2,2,pass,1,1,0.6374081,0.6374081,0.21929021,0.21929021,0.023887053,0.023887053,21.0,29.0,21.0,29.0
0.25,1.0,PF,2806,2,2,pass,1,1,0.6677499,0.6677499,0.20378518,0.20378518,0.02274346,0.02274346,21.0,29.0,21.0,29.0
0.25,1.0,PF,2807,2,2,pass,1,1,0.6677499,0.6677499,0.20378518,0.20378518,0.02274346,0.02274346,21.0,29.0,21.0,29.0
0.25,1.0,PF,2808,2,2,pass,1,1,0.6677499,0.6677499,0.20378518,0.20378518,0.02274346,0.02274346,21.0,29.0,21.0,29.0
0.25,1.0,PF,2809,2,2,pass,1,1,0.6682329,0.6682329,0.20650832,0.20650832,0.025042687,0.025042687,21.0,29.0,21.0,29.0
0.25,1.0,PF,2810,2,2,pass,1,1,0.6677499,0.6677499,0.20378518,0.20378518,0.02274346,0.02274346,21.0,29.0,21.0,29.0
0.25,1.0,PF,2811,2,2,pass,1,1,0.6780778,0.6780778,0.173598,0.173598,0.012475382,0.012475382,21.0,29.0,21.0,29.0
0.25,1.0,PF,2812,2,2,pass,1,1,0.6682329,0.6682329,0.20650832,0.20650832,0.025042687,0.025042687,21.0,29.0,21.0,29.0
0.25,1.0,PF,2813,2,2,pass,1,1,0.6677499,0.6677499,0.20378518,0.20378518,0.02274346,0.02274346,21.0,29.0,21.0,29.0
0.25,1.0,PF,2814,2,2,pass,1,1,0.6677499,0.6677499,0.20378518,0.20378518,0.02274346,0.02274346,21.0,29.0,21.0,29.0
0.25,1.0,PF,2815,2,2,pass,1,1,0.6677499,0.6677499,0.20378518,0.20378518,0.02274346,0.02274346,21.0,29.0,21.0,29.0
0.25,1.0,PF,2816,2,3,shield_to_safe,1,1,0.6677499,0.72676647,0.20378518,0.16350773,0.02274346,0.021733325,21.0,29.0,30.0,20.0
0.25,1.0,PF,2817,2,2,pass,1,1,0.6677499,0.6677499,0.20378518,0.20378518,0.02274346,0.02274346,21.0,29.0,21.0,29.0
0.25,1.0,PF,2818,2,2,pass,1,1,0.6677499,0.6677499,0.20378518,0.20378518,0.02274346,0.02274346,21.0,29.0,21.0,29.0
0.25,1.0,PF,2819,2,2,pass,1,1,0.6677499,0.6677499,0.20378518,0.20378518,0.02274346,0.02274346,21.0,29.0,21.0,29.0
0.25,1.0,PF,2820,2,2,pass,1,1,0.6677499,0.6677499,0.20378518,0.20378518,0.02274346,0.02274346,21.0,29.0,21.0,29.0
0.25,1.0,PF,2821,2,2,pass,1,1,0.6677499,0.6677499,0.20378518,0.20378518,0.02274346,0.02274346,21.0,29.0,21.0,29.0
0.25,1.0,PF,2822,2,2,pass,1,1,0.6677499,0.6677499,0.20378518,0.20378518,0.02274346,0.02274346,21.0,29.0,21.0,29.0
0.25,1.0,PF,2823,2,2,pass,1,1,0.6677499,0.6677499,0.20378518,0.20378518,0.02274346,0.02274346,21.0,29.0,21.0,29.0
0.25,1.0,PF,2824,2,2,pass,1,1,0.6677499,0.6677499,0.20378518,0.20378518,0.02274346,0.02274346,21.0,29.0,21.0,29.0
0.25,1.0,PF,2825,2,2,pass,1,1,0.6677499,0.6677499,0.20378518,0.20378518,0.02274346,0.02274346,21.0,29.0,21.0,29.0
0.25,1.0,PF,2826,2,2,pass,1,1,0.6677499,0.6677499,0.20378518,0.20378518,0.02274346,0.02274346,21.0,29.0,21.0,29.0
0.25,1.0,PF,2827,2,2,pass,1,1,0.6506768,0.6506768,0.24160099,0.24160099,0.021516193,0.021516193,21.0,29.0,21.0,29.0
0.25,1.0,PF,2828,2,2,pass,1,1,0.65129316,0.65129316,0.21678324,0.21678324,0.023225917,0.023225917,21.0,29.0,21.0,29.0
0.25,1.0,PF,2829,2,2,pass,1,1,0.6677499,0.6677499,0.20378518,0.20378518,0.02274346,0.02274346,21.0,29.0,21.0,29.0
0.25,1.0,PF,2830,2,2,pass,1,1,0.6780778,0.6780778,0.173598,0.173598,0.012475382,0.012475382,21.0,29.0,21.0,29.0
0.25,1.0,PF,2831,2,2,pass,1,1,0.6677499,0.6677499,0.20378518,0.20378518,0.02274346,0.02274346,21.0,29.0,21.0,29.0
0.25,1.0,PF,2832,2,2,pass,1,1,0.6677499,0.6677499,0.20378518,0.20378518,0.02274346,0.02274346,21.0,29.0,21.0,29.0
0.25,1.0,PF,2833,2,2,pass,1,1,0.6677499,0.6677499,0.20378518,0.20378518,0.02274346,0.02274346,21.0,29.0,21.0,29.0
0.25,1.0,PF,2834,2,3,shield_to_safe,1,1,0.6677499,0.72676647,0.20378518,0.16350773,0.02274346,0.021733325,21.0,29.0,30.0,20.0
0.25,1.0,PF,2835,2,2,pass,1,1,0.6677499,0.6677499,0.20378518,0.20378518,0.02274346,0.02274346,21.0,29.0,21.0,29.0
0.25,1.0,PF,2836,2,2,pass,1,1,0.65129316,0.65129316,0.21678324,0.21678324,0.023225917,0.023225917,21.0,29.0,21.0,29.0
0.25,1.0,PF,2837,2,2,pass,1,1,0.6677499,0.6677499,0.20378518,0.20378518,0.02274346,0.02274346,21.0,29.0,21.0,29.0
0.25,1.0,PF,2838,2,2,pass,1,1,0.6780778,0.6780778,0.173598,0.173598,0.012475382,0.012475382,21.0,29.0,21.0,29.0
0.25,1.0,PF,2839,2,2,pass,1,1,0.6677499,0.6677499,0.20378518,0.20378518,0.02274346,0.02274346,21.0,29.0,21.0,29.0
0.25,1.0,PF,2840,2,2,pass,1,1,0.6677499,0.6677499,0.20378518,0.20378518,0.02274346,0.02274346,21.0,29.0,21.0,29.0
0.25,1.0,PF,2841,2,2,pass,1,1,0.6677499,0.6677499,0.20378518,0.20378518,0.02274346,0.02274346,21.0,29.0,21.0,29.0
0.25,1.0,PF,2842,2,2,pass,1,1,0.6677499,0.6677499,0.20378518,0.20378518,0.02274346,0.02274346,21.0,29.0,21.0,29.0
0.25,1.0,PF,2843,2,2,pass,1,1,0.6682329,0.6682329,0.20650832,0.20650832,0.025042687,0.025042687,21.0,29.0,21.0,29.0
0.25,1.0,PF,2844,2,2,pass,1,1,0.6677499,0.6677499,0.20378518,0.20378518,0.02274346,0.02274346,21.0,29.0,21.0,29.0
0.25,1.0,PF,2845,2,2,pass,1,1,0.6677499,0.6677499,0.20378518,0.20378518,0.02274346,0.02274346,21.0,29.0,21.0,29.0
0.25,1.0,PF,2846,2,2,pass,1,1,0.6677499,0.6677499,0.20378518,0.20378518,0.02274346,0.02274346,21.0,29.0,21.0,29.0
0.25,1.0,PF,2847,2,2,pass,1,1,0.6677499,0.6677499,0.20378518,0.20378518,0.02274346,0.02274346,21.0,29.0,21.0,29.0
0.25,1.0,PF,2848,2,2,pass,1,1,0.7186651,0.7186651,0.16434994,0.16434994,0.025743317,0.025743317,21.0,29.0,21.0,29.0
0.25,1.0,PF,2849,2,2,pass,1,1,0.6677499,0.6677499,0.20378518,0.20378518,0.02274346,0.02274346,21.0,29.0,21.0,29.0
0.25,1.0,PF,2850,2,2,pass,1,1,0.6677499,0.6677499,0.20378518,0.20378518,0.02274346,0.02274346,21.0,29.0,21.0,29.0
0.25,1.0,PF,2851,2,2,pass,1,1,0.6677499,0.6677499,0.20378518,0.20378518,0.02274346,0.02274346,21.0,29.0,21.0,29.0
0.25,1.0,PF,2852,2,2,pass,1,1,0.6677499,0.6677499,0.20378518,0.20378518,0.02274346,0.02274346,21.0,29.0,21.0,29.0
0.25,1.0,PF,2853,2,2,pass,1,1,0.6677499,0.6677499,0.20378518,0.20378518,0.02274346,0.02274346,21.0,29.0,21.0,29.0
0.25,1.0,PF,2854,2,2,pass,1,1,0.6677499,0.6677499,0.20378518,0.20378518,0.02274346,0.02274346,21.0,29.0,21.0,29.0
0.25,1.0,PF,2855,2,2,pass,1,1,0.6677499,0.6677499,0.20378518,0.20378518,0.02274346,0.02274346,21.0,29.0,21.0,29.0
0.25,1.0,PF,2856,2,2,pass,1,1,0.6677499,0.6677499,0.20378518,0.20378518,0.02274346,0.02274346,21.0,29.0,21.0,29.0
0.25,1.0,PF,2857,2,2,pass,1,1,0.6677499,0.6677499,0.20378518,0.20378518,0.02274346,0.02274346,21.0,29.0,21.0,29.0
0.25,1.0,PF,2858,2,2,pass,1,1,0.6677499,0.6677499,0.20378518,0.20378518,0.02274346,0.02274346,21.0,29.0,21.0,29.0
0.25,1.0,PF,2859,2,2,pass,1,1,0.6677499,0.6677499,0.20378518,0.20378518,0.02274346,0.02274346,21.0,29.0,21.0,29.0
0.25,1.0,PF,2860,2,2,pass,1,1,0.6677499,0.6677499,0.20378518,0.20378518,0.02274346,0.02274346,21.0,29.0,21.0,29.0
0.25,1.0,PF,2861,2,2,pass,1,1,0.6677499,0.6677499,0.20378518,0.20378518,0.02274346,0.02274346,21.0,29.0,21.0,29.0
0.25,1.0,PF,2862,2,2,pass,1,1,0.6677499,0.6677499,0.20378518,0.20378518,0.02274346,0.02274346,21.0,29.0,21.0,29.0
0.25,1.0,PF,2863,2,2,pass,1,1,0.6677499,0.6677499,0.20378518,0.20378518,0.02274346,0.02274346,21.0,29.0,21.0,29.0
0.25,1.0,PF,2864,2,2,pass,1,1,0.6677499,0.6677499,0.20378518,0.20378518,0.02274346,0.02274346,21.0,29.0,21.0,29.0
0.25,1.0,PF,2865,2,2,pass,1,1,0.6677499,0.6677499,0.20378518,0.20378518,0.02274346,0.02274346,21.0,29.0,21.0,29.0
0.25,1.0,PF,2866,2,2,pass,1,1,0.65129316,0.65129316,0.21678324,0.21678324,0.023225917,0.023225917,21.0,29.0,21.0,29.0
0.25,1.0,PF,2867,2,2,pass,1,1,0.6677499,0.6677499,0.20378518,0.20378518,0.02274346,0.02274346,21.0,29.0,21.0,29.0
0.25,1.0,PF,2868,2,3,shield_to_safe,1,1,0.65129316,0.72676647,0.21678324,0.16350773,0.023225917,0.021733325,21.0,29.0,30.0,20.0
0.25,1.0,PF,2869,2,2,pass,1,1,0.6374081,0.6374081,0.21929021,0.21929021,0.023887053,0.023887053,21.0,29.0,21.0,29.0
0.25,1.0,PF,2870,2,2,pass,1,1,0.6677499,0.6677499,0.20378518,0.20378518,0.02274346,0.02274346,21.0,29.0,21.0,29.0
0.25,1.0,PF,2871,2,2,pass,1,1,0.6677499,0.6677499,0.20378518,0.20378518,0.02274346,0.02274346,21.0,29.0,21.0,29.0
0.25,1.0,PF,2872,2,2,pass,1,1,0.6677499,0.6677499,0.20378518,0.20378518,0.02274346,0.02274346,21.0,29.0,21.0,29.0
0.25,1.0,PF,2873,2,2,pass,1,1,0.6677499,0.6677499,0.20378518,0.20378518,0.02274346,0.02274346,21.0,29.0,21.0,29.0
0.25,1.0,PF,2874,2,2,pass,1,1,0.6780778,0.6780778,0.173598,0.173598,0.012475382,0.012475382,21.0,29.0,21.0,29.0
0.25,1.0,PF,2875,2,2,pass,1,1,0.6677499,0.6677499,0.20378518,0.20378518,0.02274346,0.02274346,21.0,29.0,21.0,29.0
0.25,1.0,PF,2876,2,2,pass,1,1,0.6780778,0.6780778,0.173598,0.173598,0.012475382,0.012475382,21.0,29.0,21.0,29.0
0.25,1.0,PF,2877,2,2,pass,1,1,0.6677499,0.6677499,0.20378518,0.20378518,0.02274346,0.02274346,21.0,29.0,21.0,29.0
0.25,1.0,PF,2878,2,2,pass,1,1,0.65129316,0.65129316,0.21678324,0.21678324,0.023225917,0.023225917,21.0,29.0,21.0,29.0
0.25,1.0,PF,2879,2,2,pass,1,1,0.6677499,0.6677499,0.20378518,0.20378518,0.02274346,0.02274346,21.0,29.0,21.0,29.0
0.25,1.0,PF,2880,2,2,pass,1,1,0.6677499,0.6677499,0.20378518,0.20378518,0.02274346,0.02274346,21.0,29.0,21.0,29.0
0.25,1.0,PF,2881,2,2,pass,1,1,0.6677499,0.6677499,0.20378518,0.20378518,0.02274346,0.02274346,21.0,29.0,21.0,29.0
0.25,1.0,PF,2882,2,2,pass,1,1,0.6677499,0.6677499,0.20378518,0.20378518,0.02274346,0.02274346,21.0,29.0,21.0,29.0
0.25,1.0,PF,2883,2,2,pass,1,1,0.6677499,0.6677499,0.20378518,0.20378518,0.02274346,0.02274346,21.0,29.0,21.0,29.0
0.25,1.0,PF,2884,2,2,pass,1,1,0.6677499,0.6677499,0.20378518,0.20378518,0.02274346,0.02274346,21.0,29.0,21.0,29.0
0.25,1.0,PF,2885,2,2,pass,1,1,0.6677499,0.6677499,0.20378518,0.20378518,0.02274346,0.02274346,21.0,29.0,21.0,29.0
0.25,1.0,PF,2886,2,2,pass,1,1,0.6677499,0.6677499,0.20378518,0.20378518,0.02274346,0.02274346,21.0,29.0,21.0,29.0
0.25,1.0,PF,2887,2,2,pass,1,1,0.6677499,0.6677499,0.20378518,0.20378518,0.02274346,0.02274346,21.0,29.0,21.0,29.0
0.25,1.0,PF,2888,2,3,shield_to_safe,1,1,0.65129316,0.72676647,0.21678324,0.16350773,0.023225917,0.021733325,21.0,29.0,30.0,20.0
0.25,1.0,PF,2889,2,2,pass,1,1,0.6677499,0.6677499,0.20378518,0.20378518,0.02274346,0.02274346,21.0,29.0,21.0,29.0
0.25,1.0,PF,2890,2,2,pass,1,1,0.6677499,0.6677499,0.20378518,0.20378518,0.02274346,0.02274346,21.0,29.0,21.0,29.0
0.25,1.0,PF,2891,2,2,pass,1,1,0.6677499,0.6677499,0.20378518,0.20378518,0.02274346,0.02274346,21.0,29.0,21.0,29.0
0.25,1.0,PF,2892,2,2,pass,1,1,0.6677499,0.6677499,0.20378518,0.20378518,0.02274346,0.02274346,21.0,29.0,21.0,29.0
0.25,1.0,PF,2893,2,2,pass,1,1,0.6677499,0.6677499,0.20378518,0.20378518,0.02274346,0.02274346,21.0,29.0,21.0,29.0
0.25,1.0,PF,2894,2,2,pass,1,1,0.6677499,0.6677499,0.20378518,0.20378518,0.02274346,0.02274346,21.0,29.0,21.0,29.0
0.25,1.0,PF,2895,2,2,pass,1,1,0.6677499,0.6677499,0.20378518,0.20378518,0.02274346,0.02274346,21.0,29.0,21.0,29.0
0.25,1.0,PF,2896,2,2,pass,1,1,0.6677499,0.6677499,0.20378518,0.20378518,0.02274346,0.02274346,21.0,29.0,21.0,29.0
0.25,1.0,PF,2897,2,2,pass,1,1,0.6677499,0.6677499,0.20378518,0.20378518,0.02274346,0.02274346,21.0,29.0,21.0,29.0
0.25,1.0,PF,2898,2,2,pass,1,1,0.6677499,0.6677499,0.20378518,0.20378518,0.02274346,0.02274346,21.0,29.0,21.0,29.0
0.25,1.0,PF,2899,2,3,shield_to_safe,1,1,0.65129316,0.72676647,0.21678324,0.16350773,0.023225917,0.021733325,21.0,29.0,30.0,20.0
0.25,1.0,PF,2900,2,2,pass,1,1,0.6677499,0.6677499,0.20378518,0.20378518,0.02274346,0.02274346,21.0,29.0,21.0,29.0
0.25,1.0,PF,2901,2,2,pass,1,1,0.6677499,0.6677499,0.20378518,0.20378518,0.02274346,0.02274346,21.0,29.0,21.0,29.0
0.25,1.0,PF,2902,2,2,pass,1,1,0.6677499,0.6677499,0.20378518,0.20378518,0.02274346,0.02274346,21.0,29.0,21.0,29.0
0.25,1.0,PF,2903,2,2,pass,1,1,0.6677499,0.6677499,0.20378518,0.20378518,0.02274346,0.02274346,21.0,29.0,21.0,29.0
0.25,1.0,PF,2904,2,2,pass,1,1,0.6682329,0.6682329,0.20650832,0.20650832,0.025042687,0.025042687,21.0,29.0,21.0,29.0
0.25,1.0,PF,2905,2,2,pass,1,1,0.6677499,0.6677499,0.20378518,0.20378518,0.02274346,0.02274346,21.0,29.0,21.0,29.0
0.25,1.0,PF,2906,2,2,pass,1,1,0.6677499,0.6677499,0.20378518,0.20378518,0.02274346,0.02274346,21.0,29.0,21.0,29.0
0.25,1.0,PF,2907,2,2,pass,1,1,0.6677499,0.6677499,0.20378518,0.20378518,0.02274346,0.02274346,21.0,29.0,21.0,29.0
0.25,1.0,PF,2908,2,2,pass,1,1,0.6677499,0.6677499,0.20378518,0.20378518,0.02274346,0.02274346,21.0,29.0,21.0,29.0
0.25,1.0,PF,2909,2,2,pass,1,1,0.6677499,0.6677499,0.20378518,0.20378518,0.02274346,0.02274346,21.0,29.0,21.0,29.0
0.25,1.0,PF,2910,2,2,pass,1,1,0.6677499,0.6677499,0.20378518,0.20378518,0.02274346,0.02274346,21.0,29.0,21.0,29.0
0.25,1.0,PF,2911,2,2,pass,1,1,0.6677499,0.6677499,0.20378518,0.20378518,0.02274346,0.02274346,21.0,29.0,21.0,29.0
0.25,1.0,PF,2912,2,2,pass,1,1,0.6677499,0.6677499,0.20378518,0.20378518,0.02274346,0.02274346,21.0,29.0,21.0,29.0
0.25,1.0,PF,2913,2,2,pass,1,1,0.6677499,0.6677499,0.20378518,0.20378518,0.02274346,0.02274346,21.0,29.0,21.0,29.0
0.25,1.0,PF,2914,2,2,pass,1,1,0.6677499,0.6677499,0.20378518,0.20378518,0.02274346,0.02274346,21.0,29.0,21.0,29.0
0.25,1.0,PF,2915,2,2,pass,1,1,0.6677499,0.6677499,0.20378518,0.20378518,0.02274346,0.02274346,21.0,29.0,21.0,29.0
0.25,1.0,PF,2916,2,2,pass,1,1,0.6677499,0.6677499,0.20378518,0.20378518,0.02274346,0.02274346,21.0,29.0,21.0,29.0
0.25,1.0,PF,2917,2,2,pass,1,1,0.6677499,0.6677499,0.20378518,0.20378518,0.02274346,0.02274346,21.0,29.0,21.0,29.0
0.25,1.0,PF,2918,2,2,pass,1,1,0.6677499,0.6677499,0.20378518,0.20378518,0.02274346,0.02274346,21.0,29.0,21.0,29.0
0.25,1.0,PF,2919,2,2,pass,1,1,0.6677499,0.6677499,0.20378518,0.20378518,0.02274346,0.02274346,21.0,29.0,21.0,29.0
0.25,1.0,PF,2920,2,2,pass,1,1,0.6677499,0.6677499,0.20378518,0.20378518,0.02274346,0.02274346,21.0,29.0,21.0,29.0
0.25,1.0,PF,2921,2,2,pass,1,1,0.6677499,0.6677499,0.20378518,0.20378518,0.02274346,0.02274346,21.0,29.0,21.0,29.0
0.25,1.0,PF,2922,2,2,pass,1,1,0.6677499,0.6677499,0.20378518,0.20378518,0.02274346,0.02274346,21.0,29.0,21.0,29.0
0.25,1.0,PF,2923,2,2,pass,1,1,0.6677499,0.6677499,0.20378518,0.20378518,0.02274346,0.02274346,21.0,29.0,21.0,29.0
0.25,1.0,PF,2924,2,2,pass,1,1,0.6677499,0.6677499,0.20378518,0.20378518,0.02274346,0.02274346,21.0,29.0,21.0,29.0
0.25,1.0,PF,2925,2,2,pass,1,1,0.6677499,0.6677499,0.20378518,0.20378518,0.02274346,0.02274346,21.0,29.0,21.0,29.0
0.25,1.0,PF,2926,2,2,pass,1,1,0.6677499,0.6677499,0.20378518,0.20378518,0.02274346,0.02274346,21.0,29.0,21.0,29.0
0.25,1.0,PF,2927,2,2,pass,1,1,0.6677499,0.6677499,0.20378518,0.20378518,0.02274346,0.02274346,21.0,29.0,21.0,29.0
0.25,1.0,PF,2928,2,2,pass,1,1,0.6677499,0.6677499,0.20378518,0.20378518,0.02274346,0.02274346,21.0,29.0,21.0,29.0
0.25,1.0,PF,2929,2,2,pass,1,1,0.65129316,0.65129316,0.21678324,0.21678324,0.023225917,0.023225917,21.0,29.0,21.0,29.0
0.25,1.0,PF,2930,2,2,pass,1,1,0.6677499,0.6677499,0.20378518,0.20378518,0.02274346,0.02274346,21.0,29.0,21.0,29.0
0.25,1.0,PF,2931,2,2,pass,1,1,0.7186651,0.7186651,0.16434994,0.16434994,0.025743317,0.025743317,21.0,29.0,21.0,29.0
0.25,1.0,PF,2932,2,2,pass,1,1,0.6677499,0.6677499,0.20378518,0.20378518,0.02274346,0.02274346,21.0,29.0,21.0,29.0
0.25,1.0,PF,2933,2,2,pass,1,1,0.6677499,0.6677499,0.20378518,0.20378518,0.02274346,0.02274346,21.0,29.0,21.0,29.0
0.25,1.0,PF,2934,2,2,pass,1,1,0.6677499,0.6677499,0.20378518,0.20378518,0.02274346,0.02274346,21.0,29.0,21.0,29.0
0.25,1.0,PF,2935,2,2,pass,1,1,0.6677499,0.6677499,0.20378518,0.20378518,0.02274346,0.02274346,21.0,29.0,21.0,29.0
0.25,1.0,PF,2936,2,2,pass,1,1,0.6677499,0.6677499,0.20378518,0.20378518,0.02274346,0.02274346,21.0,29.0,21.0,29.0
0.25,1.0,PF,2937,2,2,pass,1,1,0.6677499,0.6677499,0.20378518,0.20378518,0.02274346,0.02274346,21.0,29.0,21.0,29.0
0.25,1.0,PF,2938,2,2,pass,1,1,0.6677499,0.6677499,0.20378518,0.20378518,0.02274346,0.02274346,21.0,29.0,21.0,29.0
0.25,1.0,PF,2939,2,2,pass,1,1,0.6677499,0.6677499,0.20378518,0.20378518,0.02274346,0.02274346,21.0,29.0,21.0,29.0
0.25,1.0,PF,2940,2,2,pass,1,1,0.6506768,0.6506768,0.24160099,0.24160099,0.021516193,0.021516193,21.0,29.0,21.0,29.0
0.25,1.0,PF,2941,2,3,shield_to_safe,1,1,0.6682329,0.72676647,0.20650832,0.16350773,0.025042687,0.021733325,21.0,29.0,30.0,20.0
0.25,1.0,PF,2942,2,2,pass,1,1,0.6506768,0.6506768,0.24160099,0.24160099,0.021516193,0.021516193,21.0,29.0,21.0,29.0
0.25,1.0,PF,2943,2,2,pass,1,1,0.6677499,0.6677499,0.20378518,0.20378518,0.02274346,0.02274346,21.0,29.0,21.0,29.0
0.25,1.0,PF,2944,2,2,pass,1,1,0.6677499,0.6677499,0.20378518,0.20378518,0.02274346,0.02274346,21.0,29.0,21.0,29.0
0.25,1.0,PF,2945,2,2,pass,1,1,0.6677499,0.6677499,0.20378518,0.20378518,0.02274346,0.02274346,21.0,29.0,21.0,29.0
0.25,1.0,PF,2946,2,2,pass,1,1,0.65129316,0.65129316,0.21678324,0.21678324,0.023225917,0.023225917,21.0,29.0,21.0,29.0
0.25,1.0,PF,2947,2,2,pass,1,1,0.6677499,0.6677499,0.20378518,0.20378518,0.02274346,0.02274346,21.0,29.0,21.0,29.0
0.25,1.0,PF,2948,2,2,pass,1,1,0.7186651,0.7186651,0.16434994,0.16434994,0.025743317,0.025743317,21.0,29.0,21.0,29.0
0.25,1.0,PF,2949,2,2,pass,1,1,0.6677499,0.6677499,0.20378518,0.20378518,0.02274346,0.02274346,21.0,29.0,21.0,29.0
0.25,1.0,PF,2950,2,2,pass,1,1,0.6677499,0.6677499,0.20378518,0.20378518,0.02274346,0.02274346,21.0,29.0,21.0,29.0
0.25,1.0,PF,2951,2,2,pass,1,1,0.6677499,0.6677499,0.20378518,0.20378518,0.02274346,0.02274346,21.0,29.0,21.0,29.0
0.25,1.0,PF,2952,2,2,pass,1,1,0.6677499,0.6677499,0.20378518,0.20378518,0.02274346,0.02274346,21.0,29.0,21.0,29.0
0.25,1.0,PF,2953,2,2,pass,1,1,0.6677499,0.6677499,0.20378518,0.20378518,0.02274346,0.02274346,21.0,29.0,21.0,29.0
0.25,1.0,PF,2954,2,2,pass,1,1,0.6677499,0.6677499,0.20378518,0.20378518,0.02274346,0.02274346,21.0,29.0,21.0,29.0
0.25,1.0,PF,2955,2,2,pass,1,1,0.6677499,0.6677499,0.20378518,0.20378518,0.02274346,0.02274346,21.0,29.0,21.0,29.0
0.25,1.0,PF,2956,2,2,pass,1,1,0.6677499,0.6677499,0.20378518,0.20378518,0.02274346,0.02274346,21.0,29.0,21.0,29.0
0.25,1.0,PF,2957,2,2,pass,1,1,0.6677499,0.6677499,0.20378518,0.20378518,0.02274346,0.02274346,21.0,29.0,21.0,29.0
0.25,1.0,PF,2958,2,2,pass,1,1,0.65129316,0.65129316,0.21678324,0.21678324,0.023225917,0.023225917,21.0,29.0,21.0,29.0
0.25,1.0,PF,2959,2,2,pass,1,1,0.7186651,0.7186651,0.16434994,0.16434994,0.025743317,0.025743317,21.0,29.0,21.0,29.0
0.25,1.0,PF,2960,2,2,pass,1,1,0.6677499,0.6677499,0.20378518,0.20378518,0.02274346,0.02274346,21.0,29.0,21.0,29.0
0.25,1.0,PF,2961,2,2,pass,1,1,0.6780778,0.6780778,0.173598,0.173598,0.012475382,0.012475382,21.0,29.0,21.0,29.0
0.25,1.0,PF,2962,2,2,pass,1,1,0.6677499,0.6677499,0.20378518,0.20378518,0.02274346,0.02274346,21.0,29.0,21.0,29.0
0.25,1.0,PF,2963,2,2,pass,1,1,0.6677499,0.6677499,0.20378518,0.20378518,0.02274346,0.02274346,21.0,29.0,21.0,29.0
0.25,1.0,PF,2964,2,2,pass,1,1,0.6677499,0.6677499,0.20378518,0.20378518,0.02274346,0.02274346,21.0,29.0,21.0,29.0
0.25,1.0,PF,2965,2,2,pass,1,1,0.6677499,0.6677499,0.20378518,0.20378518,0.02274346,0.02274346,21.0,29.0,21.0,29.0
0.25,1.0,PF,2966,2,2,pass,1,1,0.6677499,0.6677499,0.20378518,0.20378518,0.02274346,0.02274346,21.0,29.0,21.0,29.0
0.25,1.0,PF,2967,2,2,pass,1,1,0.6677499,0.6677499,0.20378518,0.20378518,0.02274346,0.02274346,21.0,29.0,21.0,29.0
0.25,1.0,PF,2968,2,2,pass,1,1,0.6682329,0.6682329,0.20650832,0.20650832,0.025042687,0.025042687,21.0,29.0,21.0,29.0
0.25,1.0,PF,2969,2,2,pass,1,1,0.6677499,0.6677499,0.20378518,0.20378518,0.02274346,0.02274346,21.0,29.0,21.0,29.0
0.25,1.0,PF,2970,2,2,pass,1,1,0.6677499,0.6677499,0.20378518,0.20378518,0.02274346,0.02274346,21.0,29.0,21.0,29.0
0.25,1.0,PF,2971,2,2,pass,1,1,0.6677499,0.6677499,0.20378518,0.20378518,0.02274346,0.02274346,21.0,29.0,21.0,29.0
0.25,1.0,PF,2972,2,2,pass,1,1,0.6682329,0.6682329,0.20650832,0.20650832,0.025042687,0.025042687,21.0,29.0,21.0,29.0
0.25,1.0,PF,2973,2,2,pass,1,1,0.6677499,0.6677499,0.20378518,0.20378518,0.02274346,0.02274346,21.0,29.0,21.0,29.0
0.25,1.0,PF,2974,2,2,pass,1,1,0.6677499,0.6677499,0.20378518,0.20378518,0.02274346,0.02274346,21.0,29.0,21.0,29.0
0.25,1.0,PF,2975,2,2,pass,1,1,0.6780778,0.6780778,0.173598,0.173598,0.012475382,0.012475382,21.0,29.0,21.0,29.0
0.25,1.0,PF,2976,2,2,pass,1,1,0.6677499,0.6677499,0.20378518,0.20378518,0.02274346,0.02274346,21.0,29.0,21.0,29.0
0.25,1.0,PF,2977,2,2,pass,1,1,0.6506768,0.6506768,0.24160099,0.24160099,0.021516193,0.021516193,21.0,29.0,21.0,29.0
0.25,1.0,PF,2978,2,2,pass,1,1,0.6677499,0.6677499,0.20378518,0.20378518,0.02274346,0.02274346,21.0,29.0,21.0,29.0
0.25,1.0,PF,2979,2,2,pass,1,1,0.6677499,0.6677499,0.20378518,0.20378518,0.02274346,0.02274346,21.0,29.0,21.0,29.0
0.25,1.0,PF,2980,2,2,pass,1,1,0.6677499,0.6677499,0.20378518,0.20378518,0.02274346,0.02274346,21.0,29.0,21.0,29.0
0.25,1.0,PF,2981,2,2,pass,1,1,0.65129316,0.65129316,0.21678324,0.21678324,0.023225917,0.023225917,21.0,29.0,21.0,29.0
0.25,1.0,PF,2982,2,2,pass,1,1,0.6677499,0.6677499,0.20378518,0.20378518,0.02274346,0.02274346,21.0,29.0,21.0,29.0
0.25,1.0,PF,2983,2,2,pass,1,1,0.7186651,0.7186651,0.16434994,0.16434994,0.025743317,0.025743317,21.0,29.0,21.0,29.0
0.25,1.0,PF,2984,2,2,pass,1,1,0.6677499,0.6677499,0.20378518,0.20378518,0.02274346,0.02274346,21.0,29.0,21.0,29.0
0.25,1.0,PF,2985,2,2,pass,1,1,0.6677499,0.6677499,0.20378518,0.20378518,0.02274346,0.02274346,21.0,29.0,21.0,29.0
0.25,1.0,PF,2986,2,2,pass,1,1,0.6677499,0.6677499,0.20378518,0.20378518,0.02274346,0.02274346,21.0,29.0,21.0,29.0
0.25,1.0,PF,2987,2,2,pass,1,1,0.6677499,0.6677499,0.20378518,0.20378518,0.02274346,0.02274346,21.0,29.0,21.0,29.0
0.25,1.0,PF,2988,2,2,pass,1,1,0.6677499,0.6677499,0.20378518,0.20378518,0.02274346,0.02274346,21.0,29.0,21.0,29.0
0.25,1.0,PF,2989,2,2,pass,1,1,0.65129316,0.65129316,0.21678324,0.21678324,0.023225917,0.023225917,21.0,29.0,21.0,29.0
0.25,1.0,PF,2990,2,2,pass,1,1,0.6677499,0.6677499,0.20378518,0.20378518,0.02274346,0.02274346,21.0,29.0,21.0,29.0
0.25,1.0,PF,2991,2,2,pass,1,1,0.6677499,0.6677499,0.20378518,0.20378518,0.02274346,0.02274346,21.0,29.0,21.0,29.0
0.25,1.0,PF,2992,2,2,pass,1,1,0.6677499,0.6677499,0.20378518,0.20378518,0.02274346,0.02274346,21.0,29.0,21.0,29.0
0.25,1.0,PF,2993,2,2,pass,1,1,0.6677499,0.6677499,0.20378518,0.20378518,0.02274346,0.02274346,21.0,29.0,21.0,29.0
0.25,1.0,PF,2994,2,2,pass,1,1,0.6677499,0.6677499,0.20378518,0.20378518,0.02274346,0.02274346,21.0,29.0,21.0,29.0
0.25,1.0,PF,2995,2,2,pass,1,1,0.6677499,0.6677499,0.20378518,0.20378518,0.02274346,0.02274346,21.0,29.0,21.0,29.0
0.25,1.0,PF,2996,2,2,pass,1,1,0.6677499,0.6677499,0.20378518,0.20378518,0.02274346,0.02274346,21.0,29.0,21.0,29.0
0.25,1.0,PF,2997,2,2,pass,1,1,0.6677499,0.6677499,0.20378518,0.20378518,0.02274346,0.02274346,21.0,29.0,21.0,29.0
0.25,1.0,PF,2998,2,2,pass,1,1,0.6677499,0.6677499,0.20378518,0.20378518,0.02274346,0.02274346,21.0,29.0,21.0,29.0
0.25,1.0,PF,2999,2,2,pass,1,1,0.6682329,0.6682329,0.20650832,0.20650832,0.025042687,0.025042687,21.0,29.0,21.0,29.0
0.25,1.0,PF,3000,2,2,pass,1,1,0.6780778,0.6780778,0.173598,0.173598,0.012475382,0.012475382,21.0,29.0,21.0,29.0
0.25,1.0,PF,3001,2,2,pass,1,1,0.6677499,0.6677499,0.20378518,0.20378518,0.02274346,0.02274346,21.0,29.0,21.0,29.0
0.25,1.0,PF,3002,2,2,pass,1,1,0.6677499,0.6677499,0.20378518,0.20378518,0.02274346,0.02274346,21.0,29.0,21.0,29.0
0.25,1.0,PF,3003,2,2,pass,1,1,0.6677499,0.6677499,0.20378518,0.20378518,0.02274346,0.02274346,21.0,29.0,21.0,29.0
0.25,1.0,PF,3004,2,2,pass,1,1,0.6677499,0.6677499,0.20378518,0.20378518,0.02274346,0.02274346,21.0,29.0,21.0,29.0
0.25,1.0,PF,3005,2,2,pass,1,1,0.6677499,0.6677499,0.20378518,0.20378518,0.02274346,0.02274346,21.0,29.0,21.0,29.0
0.25,1.0,PF,3006,2,2,pass,1,1,0.6677499,0.6677499,0.20378518,0.20378518,0.02274346,0.02274346,21.0,29.0,21.0,29.0
0.25,1.0,PF,3007,2,2,pass,1,1,0.6677499,0.6677499,0.20378518,0.20378518,0.02274346,0.02274346,21.0,29.0,21.0,29.0
0.25,1.0,PF,3008,2,2,pass,1,1,0.6677499,0.6677499,0.20378518,0.20378518,0.02274346,0.02274346,21.0,29.0,21.0,29.0
0.25,1.0,PF,3009,2,2,pass,1,1,0.6677499,0.6677499,0.20378518,0.20378518,0.02274346,0.02274346,21.0,29.0,21.0,29.0
0.25,1.0,PF,3010,2,2,pass,1,1,0.6677499,0.6677499,0.20378518,0.20378518,0.02274346,0.02274346,21.0,29.0,21.0,29.0
0.25,1.0,PF,3011,2,2,pass,1,1,0.6682329,0.6682329,0.20650832,0.20650832,0.025042687,0.025042687,21.0,29.0,21.0,29.0
0.25,1.0,PF,3012,2,2,pass,1,1,0.6677499,0.6677499,0.20378518,0.20378518,0.02274346,0.02274346,21.0,29.0,21.0,29.0
0.25,1.0,PF,3013,2,2,pass,1,1,0.6677499,0.6677499,0.20378518,0.20378518,0.02274346,0.02274346,21.0,29.0,21.0,29.0
0.25,1.0,PF,3014,2,2,pass,1,1,0.6677499,0.6677499,0.20378518,0.20378518,0.02274346,0.02274346,21.0,29.0,21.0,29.0
0.25,1.0,PF,3015,2,2,pass,1,1,0.6682329,0.6682329,0.20650832,0.20650832,0.025042687,0.025042687,21.0,29.0,21.0,29.0
0.25,1.0,PF,3016,2,2,pass,1,1,0.65129316,0.65129316,0.21678324,0.21678324,0.023225917,0.023225917,21.0,29.0,21.0,29.0
0.25,1.0,PF,3017,2,2,pass,1,1,0.6677499,0.6677499,0.20378518,0.20378518,0.02274346,0.02274346,21.0,29.0,21.0,29.0
0.25,1.0,PF,3018,2,2,pass,1,1,0.6677499,0.6677499,0.20378518,0.20378518,0.02274346,0.02274346,21.0,29.0,21.0,29.0
0.25,1.0,PF,3019,2,2,pass,1,1,0.6677499,0.6677499,0.20378518,0.20378518,0.02274346,0.02274346,21.0,29.0,21.0,29.0
0.25,1.0,PF,3020,2,2,pass,1,1,0.65129316,0.65129316,0.21678324,0.21678324,0.023225917,0.023225917,21.0,29.0,21.0,29.0
0.25,1.0,PF,3021,2,2,pass,1,1,0.6677499,0.6677499,0.20378518,0.20378518,0.02274346,0.02274346,21.0,29.0,21.0,29.0
0.25,1.0,PF,3022,2,3,shield_to_safe,1,1,0.6677499,0.72676647,0.20378518,0.16350773,0.02274346,0.021733325,21.0,29.0,30.0,20.0
0.25,1.0,PF,3023,2,2,pass,1,1,0.6677499,0.6677499,0.20378518,0.20378518,0.02274346,0.02274346,21.0,29.0,21.0,29.0
0.25,1.0,PF,3024,2,2,pass,1,1,0.6677499,0.6677499,0.20378518,0.20378518,0.02274346,0.02274346,21.0,29.0,21.0,29.0
0.25,1.0,PF,3025,2,2,pass,1,1,0.6677499,0.6677499,0.20378518,0.20378518,0.02274346,0.02274346,21.0,29.0,21.0,29.0
0.25,1.0,PF,3026,2,2,pass,1,1,0.6374081,0.6374081,0.21929021,0.21929021,0.023887053,0.023887053,21.0,29.0,21.0,29.0
0.25,1.0,PF,3027,2,2,pass,1,1,0.6677499,0.6677499,0.20378518,0.20378518,0.02274346,0.02274346,21.0,29.0,21.0,29.0
0.25,1.0,PF,3028,2,2,pass,1,1,0.6677499,0.6677499,0.20378518,0.20378518,0.02274346,0.02274346,21.0,29.0,21.0,29.0
0.25,1.0,PF,3029,2,2,pass,1,1,0.6677499,0.6677499,0.20378518,0.20378518,0.02274346,0.02274346,21.0,29.0,21.0,29.0
0.25,1.0,PF,3030,2,2,pass,1,1,0.6677499,0.6677499,0.20378518,0.20378518,0.02274346,0.02274346,21.0,29.0,21.0,29.0
0.25,1.0,PF,3031,2,2,pass,1,1,0.6677499,0.6677499,0.20378518,0.20378518,0.02274346,0.02274346,21.0,29.0,21.0,29.0
0.25,1.0,PF,3032,2,2,pass,1,1,0.6677499,0.6677499,0.20378518,0.20378518,0.02274346,0.02274346,21.0,29.0,21.0,29.0
0.25,1.0,PF,3033,2,2,pass,1,1,0.65129316,0.65129316,0.21678324,0.21678324,0.023225917,0.023225917,21.0,29.0,21.0,29.0
0.25,1.0,PF,3034,2,2,pass,1,1,0.7186651,0.7186651,0.16434994,0.16434994,0.025743317,0.025743317,21.0,29.0,21.0,29.0
0.25,1.0,PF,3035,2,2,pass,1,1,0.6677499,0.6677499,0.20378518,0.20378518,0.02274346,0.02274346,21.0,29.0,21.0,29.0
0.25,1.0,PF,3036,2,2,pass,1,1,0.6677499,0.6677499,0.20378518,0.20378518,0.02274346,0.02274346,21.0,29.0,21.0,29.0
0.25,1.0,PF,3037,2,2,pass,1,1,0.6677499,0.6677499,0.20378518,0.20378518,0.02274346,0.02274346,21.0,29.0,21.0,29.0
0.25,1.0,PF,3038,2,2,pass,1,1,0.6682329,0.6682329,0.20650832,0.20650832,0.025042687,0.025042687,21.0,29.0,21.0,29.0
0.25,1.0,PF,3039,2,2,pass,1,1,0.6677499,0.6677499,0.20378518,0.20378518,0.02274346,0.02274346,21.0,29.0,21.0,29.0
0.25,1.0,PF,3040,2,2,pass,1,1,0.6682329,0.6682329,0.20650832,0.20650832,0.025042687,0.025042687,21.0,29.0,21.0,29.0
0.25,1.0,PF,3041,2,2,pass,1,1,0.6677499,0.6677499,0.20378518,0.20378518,0.02274346,0.02274346,21.0,29.0,21.0,29.0
0.25,1.0,PF,3042,2,2,pass,1,1,0.6677499,0.6677499,0.20378518,0.20378518,0.02274346,0.02274346,21.0,29.0,21.0,29.0
0.25,1.0,PF,3043,2,2,pass,1,1,0.6677499,0.6677499,0.20378518,0.20378518,0.02274346,0.02274346,21.0,29.0,21.0,29.0
0.25,1.0,PF,3044,2,2,pass,1,1,0.7186651,0.7186651,0.16434994,0.16434994,0.025743317,0.025743317,21.0,29.0,21.0,29.0
0.25,1.0,PF,3045,2,2,pass,1,1,0.6682329,0.6682329,0.20650832,0.20650832,0.025042687,0.025042687,21.0,29.0,21.0,29.0
0.25,1.0,PF,3046,2,2,pass,1,1,0.6677499,0.6677499,0.20378518,0.20378518,0.02274346,0.02274346,21.0,29.0,21.0,29.0
0.25,1.0,PF,3047,2,2,pass,1,1,0.6677499,0.6677499,0.20378518,0.20378518,0.02274346,0.02274346,21.0,29.0,21.0,29.0
0.25,1.0,PF,3048,2,2,pass,1,1,0.6677499,0.6677499,0.20378518,0.20378518,0.02274346,0.02274346,21.0,29.0,21.0,29.0
0.25,1.0,PF,3049,2,2,pass,1,1,0.6677499,0.6677499,0.20378518,0.20378518,0.02274346,0.02274346,21.0,29.0,21.0,29.0
0.25,1.0,PF,3050,2,2,pass,1,1,0.6677499,0.6677499,0.20378518,0.20378518,0.02274346,0.02274346,21.0,29.0,21.0,29.0
0.25,1.0,PF,3051,2,2,pass,1,1,0.6677499,0.6677499,0.20378518,0.20378518,0.02274346,0.02274346,21.0,29.0,21.0,29.0
0.25,1.0,PF,3052,2,2,pass,1,1,0.6677499,0.6677499,0.20378518,0.20378518,0.02274346,0.02274346,21.0,29.0,21.0,29.0
0.25,1.0,PF,3053,2,2,pass,1,1,0.6677499,0.6677499,0.20378518,0.20378518,0.02274346,0.02274346,21.0,29.0,21.0,29.0
0.25,1.0,PF,3054,2,2,pass,1,1,0.6677499,0.6677499,0.20378518,0.20378518,0.02274346,0.02274346,21.0,29.0,21.0,29.0
0.25,1.0,PF,3055,2,2,pass,1,1,0.6677499,0.6677499,0.20378518,0.20378518,0.02274346,0.02274346,21.0,29.0,21.0,29.0
0.25,1.0,PF,3056,2,2,pass,1,1,0.6677499,0.6677499,0.20378518,0.20378518,0.02274346,0.02274346,21.0,29.0,21.0,29.0
0.25,1.0,PF,3057,2,2,pass,1,1,0.6677499,0.6677499,0.20378518,0.20378518,0.02274346,0.02274346,21.0,29.0,21.0,29.0
0.25,1.0,PF,3058,2,2,pass,1,1,0.6677499,0.6677499,0.20378518,0.20378518,0.02274346,0.02274346,21.0,29.0,21.0,29.0
0.25,1.0,PF,3059,2,2,pass,1,1,0.6677499,0.6677499,0.20378518,0.20378518,0.02274346,0.02274346,21.0,29.0,21.0,29.0
0.25,1.0,PF,3060,2,2,pass,1,1,0.6677499,0.6677499,0.20378518,0.20378518,0.02274346,0.02274346,21.0,29.0,21.0,29.0
0.25,1.0,PF,3061,2,2,pass,1,1,0.6677499,0.6677499,0.20378518,0.20378518,0.02274346,0.02274346,21.0,29.0,21.0,29.0
0.25,1.0,PF,3062,2,2,pass,1,1,0.6682329,0.6682329,0.20650832,0.20650832,0.025042687,0.025042687,21.0,29.0,21.0,29.0
0.25,1.0,PF,3063,2,2,pass,1,1,0.6677499,0.6677499,0.20378518,0.20378518,0.02274346,0.02274346,21.0,29.0,21.0,29.0
0.25,1.0,PF,3064,2,2,pass,1,1,0.6677499,0.6677499,0.20378518,0.20378518,0.02274346,0.02274346,21.0,29.0,21.0,29.0
0.25,1.0,PF,3065,2,2,pass,1,1,0.6677499,0.6677499,0.20378518,0.20378518,0.02274346,0.02274346,21.0,29.0,21.0,29.0
0.25,1.0,PF,3066,2,2,pass,1,1,0.6677499,0.6677499,0.20378518,0.20378518,0.02274346,0.02274346,21.0,29.0,21.0,29.0
0.25,1.0,PF,3067,2,2,pass,1,1,0.6677499,0.6677499,0.20378518,0.20378518,0.02274346,0.02274346,21.0,29.0,21.0,29.0
0.25,1.0,PF,3068,2,2,pass,1,1,0.6506768,0.6506768,0.24160099,0.24160099,0.021516193,0.021516193,21.0,29.0,21.0,29.0
0.25,1.0,PF,3069,2,2,pass,1,1,0.6677499,0.6677499,0.20378518,0.20378518,0.02274346,0.02274346,21.0,29.0,21.0,29.0
0.25,1.0,PF,3070,2,2,pass,1,1,0.6682329,0.6682329,0.20650832,0.20650832,0.025042687,0.025042687,21.0,29.0,21.0,29.0
0.25,1.0,PF,3071,2,2,pass,1,1,0.6677499,0.6677499,0.20378518,0.20378518,0.02274346,0.02274346,21.0,29.0,21.0,29.0
0.25,1.0,PF,3072,2,2,pass,1,1,0.6677499,0.6677499,0.20378518,0.20378518,0.02274346,0.02274346,21.0,29.0,21.0,29.0
0.25,1.0,PF,3073,2,2,pass,1,1,0.6677499,0.6677499,0.20378518,0.20378518,0.02274346,0.02274346,21.0,29.0,21.0,29.0
0.25,1.0,PF,3074,2,2,pass,1,1,0.6677499,0.6677499,0.20378518,0.20378518,0.02274346,0.02274346,21.0,29.0,21.0,29.0
0.25,1.0,PF,3075,2,2,pass,1,1,0.6677499,0.6677499,0.20378518,0.20378518,0.02274346,0.02274346,21.0,29.0,21.0,29.0
0.25,1.0,PF,3076,2,2,pass,1,1,0.6677499,0.6677499,0.20378518,0.20378518,0.02274346,0.02274346,21.0,29.0,21.0,29.0
0.25,1.0,PF,3077,2,2,pass,1,1,0.6677499,0.6677499,0.20378518,0.20378518,0.02274346,0.02274346,21.0,29.0,21.0,29.0
0.25,1.0,PF,3078,2,2,pass,1,1,0.6677499,0.6677499,0.20378518,0.20378518,0.02274346,0.02274346,21.0,29.0,21.0,29.0
0.25,1.0,PF,3079,2,2,pass,1,1,0.6677499,0.6677499,0.20378518,0.20378518,0.02274346,0.02274346,21.0,29.0,21.0,29.0
0.25,1.0,PF,3080,2,2,pass,1,1,0.6677499,0.6677499,0.20378518,0.20378518,0.02274346,0.02274346,21.0,29.0,21.0,29.0
0.25,1.0,PF,3081,2,2,pass,1,1,0.6677499,0.6677499,0.20378518,0.20378518,0.02274346,0.02274346,21.0,29.0,21.0,29.0
0.25,1.0,PF,3082,2,2,pass,1,1,0.6677499,0.6677499,0.20378518,0.20378518,0.02274346,0.02274346,21.0,29.0,21.0,29.0
0.25,1.0,PF,3083,2,2,pass,1,1,0.6677499,0.6677499,0.20378518,0.20378518,0.02274346,0.02274346,21.0,29.0,21.0,29.0
0.25,1.0,PF,3084,2,2,pass,1,1,0.65129316,0.65129316,0.21678324,0.21678324,0.023225917,0.023225917,21.0,29.0,21.0,29.0
0.25,1.0,PF,3085,2,2,pass,1,1,0.6677499,0.6677499,0.20378518,0.20378518,0.02274346,0.02274346,21.0,29.0,21.0,29.0
0.25,1.0,PF,3086,2,2,pass,1,1,0.6677499,0.6677499,0.20378518,0.20378518,0.02274346,0.02274346,21.0,29.0,21.0,29.0
0.25,1.0,PF,3087,2,2,pass,1,1,0.6677499,0.6677499,0.20378518,0.20378518,0.02274346,0.02274346,21.0,29.0,21.0,29.0
0.25,1.0,PF,3088,2,2,pass,1,1,0.6677499,0.6677499,0.20378518,0.20378518,0.02274346,0.02274346,21.0,29.0,21.0,29.0
0.25,1.0,PF,3089,2,2,pass,1,1,0.65129316,0.65129316,0.21678324,0.21678324,0.023225917,0.023225917,21.0,29.0,21.0,29.0
0.25,1.0,PF,3090,2,2,pass,1,1,0.7186651,0.7186651,0.16434994,0.16434994,0.025743317,0.025743317,21.0,29.0,21.0,29.0
0.25,1.0,PF,3091,2,2,pass,1,1,0.65129316,0.65129316,0.21678324,0.21678324,0.023225917,0.023225917,21.0,29.0,21.0,29.0
0.25,1.0,PF,3092,2,2,pass,1,1,0.6677499,0.6677499,0.20378518,0.20378518,0.02274346,0.02274346,21.0,29.0,21.0,29.0
0.25,1.0,PF,3093,2,2,pass,1,1,0.65129316,0.65129316,0.21678324,0.21678324,0.023225917,0.023225917,21.0,29.0,21.0,29.0
0.25,1.0,PF,3094,2,3,shield_to_safe,1,1,0.6682329,0.72676647,0.20650832,0.16350773,0.025042687,0.021733325,21.0,29.0,30.0,20.0
0.25,1.0,PF,3095,2,2,pass,1,1,0.6677499,0.6677499,0.20378518,0.20378518,0.02274346,0.02274346,21.0,29.0,21.0,29.0
0.25,1.0,PF,3096,2,2,pass,1,1,0.6677499,0.6677499,0.20378518,0.20378518,0.02274346,0.02274346,21.0,29.0,21.0,29.0
0.25,1.0,PF,3097,2,2,pass,1,1,0.6682329,0.6682329,0.20650832,0.20650832,0.025042687,0.025042687,21.0,29.0,21.0,29.0
0.25,1.0,PF,3098,2,2,pass,1,1,0.6677499,0.6677499,0.20378518,0.20378518,0.02274346,0.02274346,21.0,29.0,21.0,29.0
0.25,1.0,PF,3099,2,2,pass,1,1,0.6677499,0.6677499,0.20378518,0.20378518,0.02274346,0.02274346,21.0,29.0,21.0,29.0
0.25,1.0,PF,3100,2,2,pass,1,1,0.6677499,0.6677499,0.20378518,0.20378518,0.02274346,0.02274346,21.0,29.0,21.0,29.0
0.25,1.0,PF,3101,2,2,pass,1,1,0.6682329,0.6682329,0.20650832,0.20650832,0.025042687,0.025042687,21.0,29.0,21.0,29.0
0.25,1.0,PF,3102,2,2,pass,1,1,0.6682329,0.6682329,0.20650832,0.20650832,0.025042687,0.025042687,21.0,29.0,21.0,29.0
0.25,1.0,PF,3103,2,2,pass,1,1,0.6677499,0.6677499,0.20378518,0.20378518,0.02274346,0.02274346,21.0,29.0,21.0,29.0
0.25,1.0,PF,3104,2,2,pass,1,1,0.6677499,0.6677499,0.20378518,0.20378518,0.02274346,0.02274346,21.0,29.0,21.0,29.0
0.25,1.0,PF,3105,2,2,pass,1,1,0.6677499,0.6677499,0.20378518,0.20378518,0.02274346,0.02274346,21.0,29.0,21.0,29.0
0.25,1.0,PF,3106,2,2,pass,1,1,0.65129316,0.65129316,0.21678324,0.21678324,0.023225917,0.023225917,21.0,29.0,21.0,29.0
0.25,1.0,PF,3107,2,2,pass,1,1,0.6677499,0.6677499,0.20378518,0.20378518,0.02274346,0.02274346,21.0,29.0,21.0,29.0
0.25,1.0,PF,3108,2,2,pass,1,1,0.6677499,0.6677499,0.20378518,0.20378518,0.02274346,0.02274346,21.0,29.0,21.0,29.0
0.25,1.0,PF,3109,2,2,pass,1,1,0.6677499,0.6677499,0.20378518,0.20378518,0.02274346,0.02274346,21.0,29.0,21.0,29.0
0.25,1.0,PF,3110,2,2,pass,1,1,0.6677499,0.6677499,0.20378518,0.20378518,0.02274346,0.02274346,21.0,29.0,21.0,29.0
0.25,1.0,PF,3111,2,2,pass,1,1,0.6677499,0.6677499,0.20378518,0.20378518,0.02274346,0.02274346,21.0,29.0,21.0,29.0
0.25,1.0,PF,3112,2,2,pass,1,1,0.6677499,0.6677499,0.20378518,0.20378518,0.02274346,0.02274346,21.0,29.0,21.0,29.0
0.25,1.0,PF,3113,2,2,pass,1,1,0.6677499,0.6677499,0.20378518,0.20378518,0.02274346,0.02274346,21.0,29.0,21.0,29.0
0.25,1.0,PF,3114,2,2,pass,1,1,0.6677499,0.6677499,0.20378518,0.20378518,0.02274346,0.02274346,21.0,29.0,21.0,29.0
0.25,1.0,PF,3115,2,2,pass,1,1,0.6677499,0.6677499,0.20378518,0.20378518,0.02274346,0.02274346,21.0,29.0,21.0,29.0
0.25,1.0,PF,3116,2,2,pass,1,1,0.6677499,0.6677499,0.20378518,0.20378518,0.02274346,0.02274346,21.0,29.0,21.0,29.0
0.25,1.0,PF,3117,2,2,pass,1,1,0.65129316,0.65129316,0.21678324,0.21678324,0.023225917,0.023225917,21.0,29.0,21.0,29.0
0.25,1.0,PF,3118,2,2,pass,1,1,0.6677499,0.6677499,0.20378518,0.20378518,0.02274346,0.02274346,21.0,29.0,21.0,29.0
0.25,1.0,PF,3119,2,2,pass,1,1,0.6677499,0.6677499,0.20378518,0.20378518,0.02274346,0.02274346,21.0,29.0,21.0,29.0
0.25,1.0,PF,3120,2,2,pass,1,1,0.65129316,0.65129316,0.21678324,0.21678324,0.023225917,0.023225917,21.0,29.0,21.0,29.0
0.25,1.0,PF,3121,2,2,pass,1,1,0.6677499,0.6677499,0.20378518,0.20378518,0.02274346,0.02274346,21.0,29.0,21.0,29.0
0.25,1.0,PF,3122,2,2,pass,1,1,0.7186651,0.7186651,0.16434994,0.16434994,0.025743317,0.025743317,21.0,29.0,21.0,29.0
0.25,1.0,PF,3123,2,2,pass,1,1,0.6506768,0.6506768,0.24160099,0.24160099,0.021516193,0.021516193,21.0,29.0,21.0,29.0
0.25,1.0,PF,3124,2,2,pass,1,1,0.6677499,0.6677499,0.20378518,0.20378518,0.02274346,0.02274346,21.0,29.0,21.0,29.0
0.25,1.0,PF,3125,2,2,pass,1,1,0.6677499,0.6677499,0.20378518,0.20378518,0.02274346,0.02274346,21.0,29.0,21.0,29.0
0.25,1.0,PF,3126,2,2,pass,1,1,0.6677499,0.6677499,0.20378518,0.20378518,0.02274346,0.02274346,21.0,29.0,21.0,29.0
0.25,1.0,PF,3127,2,2,pass,1,1,0.6677499,0.6677499,0.20378518,0.20378518,0.02274346,0.02274346,21.0,29.0,21.0,29.0
0.25,1.0,PF,3128,2,2,pass,1,1,0.6682329,0.6682329,0.20650832,0.20650832,0.025042687,0.025042687,21.0,29.0,21.0,29.0
0.25,1.0,PF,3129,2,2,pass,1,1,0.6677499,0.6677499,0.20378518,0.20378518,0.02274346,0.02274346,21.0,29.0,21.0,29.0
0.25,1.0,PF,3130,2,2,pass,1,1,0.6677499,0.6677499,0.20378518,0.20378518,0.02274346,0.02274346,21.0,29.0,21.0,29.0
0.25,1.0,PF,3131,2,2,pass,1,1,0.6677499,0.6677499,0.20378518,0.20378518,0.02274346,0.02274346,21.0,29.0,21.0,29.0
0.25,1.0,PF,3132,2,2,pass,1,1,0.6677499,0.6677499,0.20378518,0.20378518,0.02274346,0.02274346,21.0,29.0,21.0,29.0
0.25,1.0,PF,3133,2,2,pass,1,1,0.6677499,0.6677499,0.20378518,0.20378518,0.02274346,0.02274346,21.0,29.0,21.0,29.0
0.25,1.0,PF,3134,2,2,pass,1,1,0.6677499,0.6677499,0.20378518,0.20378518,0.02274346,0.02274346,21.0,29.0,21.0,29.0
0.25,1.0,PF,3135,2,2,pass,1,1,0.6677499,0.6677499,0.20378518,0.20378518,0.02274346,0.02274346,21.0,29.0,21.0,29.0
0.25,1.0,PF,3136,2,2,pass,1,1,0.6677499,0.6677499,0.20378518,0.20378518,0.02274346,0.02274346,21.0,29.0,21.0,29.0
0.25,1.0,PF,3137,2,2,pass,1,1,0.6677499,0.6677499,0.20378518,0.20378518,0.02274346,0.02274346,21.0,29.0,21.0,29.0
0.25,1.0,PF,3138,2,2,pass,1,1,0.6677499,0.6677499,0.20378518,0.20378518,0.02274346,0.02274346,21.0,29.0,21.0,29.0
0.25,1.0,PF,3139,2,2,pass,1,1,0.6677499,0.6677499,0.20378518,0.20378518,0.02274346,0.02274346,21.0,29.0,21.0,29.0
0.25,1.0,PF,3140,2,2,pass,1,1,0.6682329,0.6682329,0.20650832,0.20650832,0.025042687,0.025042687,21.0,29.0,21.0,29.0
0.25,1.0,PF,3141,2,2,pass,1,1,0.6677499,0.6677499,0.20378518,0.20378518,0.02274346,0.02274346,21.0,29.0,21.0,29.0
0.25,1.0,PF,3142,2,2,pass,1,1,0.6374081,0.6374081,0.21929021,0.21929021,0.023887053,0.023887053,21.0,29.0,21.0,29.0
0.25,1.0,PF,3143,2,2,pass,1,1,0.6780778,0.6780778,0.173598,0.173598,0.012475382,0.012475382,21.0,29.0,21.0,29.0
0.25,1.0,PF,3144,2,2,pass,1,1,0.6677499,0.6677499,0.20378518,0.20378518,0.02274346,0.02274346,21.0,29.0,21.0,29.0
0.25,1.0,PF,3145,2,2,pass,1,1,0.6677499,0.6677499,0.20378518,0.20378518,0.02274346,0.02274346,21.0,29.0,21.0,29.0
0.25,1.0,PF,3146,2,2,pass,1,1,0.7186651,0.7186651,0.16434994,0.16434994,0.025743317,0.025743317,21.0,29.0,21.0,29.0
0.25,1.0,PF,3147,2,2,pass,1,1,0.6677499,0.6677499,0.20378518,0.20378518,0.02274346,0.02274346,21.0,29.0,21.0,29.0
0.25,1.0,PF,3148,2,2,pass,1,1,0.6677499,0.6677499,0.20378518,0.20378518,0.02274346,0.02274346,21.0,29.0,21.0,29.0
0.25,1.0,PF,3149,2,2,pass,1,1,0.6677499,0.6677499,0.20378518,0.20378518,0.02274346,0.02274346,21.0,29.0,21.0,29.0
0.25,1.0,PF,3150,2,2,pass,1,1,0.6677499,0.6677499,0.20378518,0.20378518,0.02274346,0.02274346,21.0,29.0,21.0,29.0
0.25,1.0,PF,3151,2,2,pass,1,1,0.7186651,0.7186651,0.16434994,0.16434994,0.025743317,0.025743317,21.0,29.0,21.0,29.0
0.25,1.0,PF,3152,2,2,pass,1,1,0.6677499,0.6677499,0.20378518,0.20378518,0.02274346,0.02274346,21.0,29.0,21.0,29.0
0.25,1.0,PF,3153,2,2,pass,1,1,0.6677499,0.6677499,0.20378518,0.20378518,0.02274346,0.02274346,21.0,29.0,21.0,29.0
0.25,1.0,PF,3154,2,2,pass,1,1,0.6677499,0.6677499,0.20378518,0.20378518,0.02274346,0.02274346,21.0,29.0,21.0,29.0
0.25,1.0,PF,3155,2,2,pass,1,1,0.6677499,0.6677499,0.20378518,0.20378518,0.02274346,0.02274346,21.0,29.0,21.0,29.0
0.25,1.0,PF,3156,2,2,pass,1,1,0.6677499,0.6677499,0.20378518,0.20378518,0.02274346,0.02274346,21.0,29.0,21.0,29.0
0.25,1.0,PF,3157,2,2,pass,1,1,0.6677499,0.6677499,0.20378518,0.20378518,0.02274346,0.02274346,21.0,29.0,21.0,29.0
0.25,1.0,PF,3158,2,2,pass,1,1,0.6677499,0.6677499,0.20378518,0.20378518,0.02274346,0.02274346,21.0,29.0,21.0,29.0
0.25,1.0,PF,3159,2,2,pass,1,1,0.6677499,0.6677499,0.20378518,0.20378518,0.02274346,0.02274346,21.0,29.0,21.0,29.0
0.25,1.0,PF,3160,2,2,pass,1,1,0.6677499,0.6677499,0.20378518,0.20378518,0.02274346,0.02274346,21.0,29.0,21.0,29.0
0.25,1.0,PF,3161,2,2,pass,1,1,0.6677499,0.6677499,0.20378518,0.20378518,0.02274346,0.02274346,21.0,29.0,21.0,29.0
0.25,1.0,PF,3162,2,3,shield_to_safe,1,1,0.6682329,0.72676647,0.20650832,0.16350773,0.025042687,0.021733325,21.0,29.0,30.0,20.0
0.25,1.0,PF,3163,2,2,pass,1,1,0.6780778,0.6780778,0.173598,0.173598,0.012475382,0.012475382,21.0,29.0,21.0,29.0
0.25,1.0,PF,3164,2,2,pass,1,1,0.6677499,0.6677499,0.20378518,0.20378518,0.02274346,0.02274346,21.0,29.0,21.0,29.0
0.25,1.0,PF,3165,2,2,pass,1,1,0.6677499,0.6677499,0.20378518,0.20378518,0.02274346,0.02274346,21.0,29.0,21.0,29.0
0.25,1.0,PF,3166,2,2,pass,1,1,0.6677499,0.6677499,0.20378518,0.20378518,0.02274346,0.02274346,21.0,29.0,21.0,29.0
0.25,1.0,PF,3167,2,2,pass,1,1,0.6677499,0.6677499,0.20378518,0.20378518,0.02274346,0.02274346,21.0,29.0,21.0,29.0
0.25,1.0,PF,3168,2,2,pass,1,1,0.6677499,0.6677499,0.20378518,0.20378518,0.02274346,0.02274346,21.0,29.0,21.0,29.0
0.25,1.0,PF,3169,2,2,pass,1,1,0.6677499,0.6677499,0.20378518,0.20378518,0.02274346,0.02274346,21.0,29.0,21.0,29.0
0.25,1.0,PF,3170,2,2,pass,1,1,0.6677499,0.6677499,0.20378518,0.20378518,0.02274346,0.02274346,21.0,29.0,21.0,29.0
0.25,1.0,PF,3171,2,2,pass,1,1,0.6780778,0.6780778,0.173598,0.173598,0.012475382,0.012475382,21.0,29.0,21.0,29.0
0.25,1.0,PF,3172,2,2,pass,1,1,0.6682329,0.6682329,0.20650832,0.20650832,0.025042687,0.025042687,21.0,29.0,21.0,29.0
0.25,1.0,PF,3173,2,2,pass,1,1,0.6677499,0.6677499,0.20378518,0.20378518,0.02274346,0.02274346,21.0,29.0,21.0,29.0
0.25,1.0,PF,3174,2,2,pass,1,1,0.6677499,0.6677499,0.20378518,0.20378518,0.02274346,0.02274346,21.0,29.0,21.0,29.0
0.25,1.0,PF,3175,2,2,pass,1,1,0.6677499,0.6677499,0.20378518,0.20378518,0.02274346,0.02274346,21.0,29.0,21.0,29.0
0.25,1.0,PF,3176,2,2,pass,1,1,0.6677499,0.6677499,0.20378518,0.20378518,0.02274346,0.02274346,21.0,29.0,21.0,29.0
0.25,1.0,PF,3177,2,2,pass,1,1,0.6677499,0.6677499,0.20378518,0.20378518,0.02274346,0.02274346,21.0,29.0,21.0,29.0
0.25,1.0,PF,3178,2,2,pass,1,1,0.6677499,0.6677499,0.20378518,0.20378518,0.02274346,0.02274346,21.0,29.0,21.0,29.0
0.25,1.0,PF,3179,2,2,pass,1,1,0.6677499,0.6677499,0.20378518,0.20378518,0.02274346,0.02274346,21.0,29.0,21.0,29.0
0.25,1.0,PF,3180,2,2,pass,1,1,0.6677499,0.6677499,0.20378518,0.20378518,0.02274346,0.02274346,21.0,29.0,21.0,29.0
0.25,1.0,PF,3181,2,2,pass,1,1,0.6677499,0.6677499,0.20378518,0.20378518,0.02274346,0.02274346,21.0,29.0,21.0,29.0
0.25,1.0,PF,3182,2,2,pass,1,1,0.65129316,0.65129316,0.21678324,0.21678324,0.023225917,0.023225917,21.0,29.0,21.0,29.0
0.25,1.0,PF,3183,2,2,pass,1,1,0.65129316,0.65129316,0.21678324,0.21678324,0.023225917,0.023225917,21.0,29.0,21.0,29.0
0.25,1.0,PF,3184,2,2,pass,1,1,0.6677499,0.6677499,0.20378518,0.20378518,0.02274346,0.02274346,21.0,29.0,21.0,29.0
0.25,1.0,PF,3185,2,2,pass,1,1,0.6677499,0.6677499,0.20378518,0.20378518,0.02274346,0.02274346,21.0,29.0,21.0,29.0
0.25,1.0,PF,3186,2,2,pass,1,1,0.7186651,0.7186651,0.16434994,0.16434994,0.025743317,0.025743317,21.0,29.0,21.0,29.0
0.25,1.0,PF,3187,2,2,pass,1,1,0.6677499,0.6677499,0.20378518,0.20378518,0.02274346,0.02274346,21.0,29.0,21.0,29.0
0.25,1.0,PF,3188,2,2,pass,1,1,0.6677499,0.6677499,0.20378518,0.20378518,0.02274346,0.02274346,21.0,29.0,21.0,29.0
0.25,1.0,PF,3189,2,2,pass,1,1,0.6682329,0.6682329,0.20650832,0.20650832,0.025042687,0.025042687,21.0,29.0,21.0,29.0
0.25,1.0,PF,3190,2,2,pass,1,1,0.6677499,0.6677499,0.20378518,0.20378518,0.02274346,0.02274346,21.0,29.0,21.0,29.0
0.25,1.0,PF,3191,2,2,pass,1,1,0.6677499,0.6677499,0.20378518,0.20378518,0.02274346,0.02274346,21.0,29.0,21.0,29.0
0.25,1.0,PF,3192,2,2,pass,1,1,0.6677499,0.6677499,0.20378518,0.20378518,0.02274346,0.02274346,21.0,29.0,21.0,29.0
0.25,1.0,PF,3193,2,2,pass,1,1,0.6677499,0.6677499,0.20378518,0.20378518,0.02274346,0.02274346,21.0,29.0,21.0,29.0
0.25,1.0,PF,3194,2,2,pass,1,1,0.6677499,0.6677499,0.20378518,0.20378518,0.02274346,0.02274346,21.0,29.0,21.0,29.0
0.25,1.0,PF,3195,2,2,pass,1,1,0.65129316,0.65129316,0.21678324,0.21678324,0.023225917,0.023225917,21.0,29.0,21.0,29.0
0.25,1.0,PF,3196,2,2,pass,1,1,0.6677499,0.6677499,0.20378518,0.20378518,0.02274346,0.02274346,21.0,29.0,21.0,29.0
0.25,1.0,PF,3197,2,2,pass,1,1,0.6682329,0.6682329,0.20650832,0.20650832,0.025042687,0.025042687,21.0,29.0,21.0,29.0
0.25,1.0,PF,3198,2,2,pass,1,1,0.6677499,0.6677499,0.20378518,0.20378518,0.02274346,0.02274346,21.0,29.0,21.0,29.0
0.25,1.0,PF,3199,2,2,pass,1,1,0.6677499,0.6677499,0.20378518,0.20378518,0.02274346,0.02274346,21.0,29.0,21.0,29.0
0.25,1.0,PF,3200,2,2,pass,1,1,0.6682329,0.6682329,0.20650832,0.20650832,0.025042687,0.025042687,21.0,29.0,21.0,29.0
0.25,1.0,PF,3201,2,2,pass,1,1,0.6677499,0.6677499,0.20378518,0.20378518,0.02274346,0.02274346,21.0,29.0,21.0,29.0
0.25,1.0,PF,3202,2,2,pass,1,1,0.6374081,0.6374081,0.21929021,0.21929021,0.023887053,0.023887053,21.0,29.0,21.0,29.0
0.25,1.0,PF,3203,2,2,pass,1,1,0.65129316,0.65129316,0.21678324,0.21678324,0.023225917,0.023225917,21.0,29.0,21.0,29.0
0.25,1.0,PF,3204,2,2,pass,1,1,0.6677499,0.6677499,0.20378518,0.20378518,0.02274346,0.02274346,21.0,29.0,21.0,29.0
0.25,1.0,PF,3205,2,2,pass,1,1,0.6677499,0.6677499,0.20378518,0.20378518,0.02274346,0.02274346,21.0,29.0,21.0,29.0
0.25,1.0,PF,3206,2,2,pass,1,1,0.65129316,0.65129316,0.21678324,0.21678324,0.023225917,0.023225917,21.0,29.0,21.0,29.0
0.25,1.0,PF,3207,2,2,pass,1,1,0.6677499,0.6677499,0.20378518,0.20378518,0.02274346,0.02274346,21.0,29.0,21.0,29.0
0.25,1.0,PF,3208,2,2,pass,1,1,0.6677499,0.6677499,0.20378518,0.20378518,0.02274346,0.02274346,21.0,29.0,21.0,29.0
0.25,1.0,PF,3209,2,2,pass,1,1,0.6677499,0.6677499,0.20378518,0.20378518,0.02274346,0.02274346,21.0,29.0,21.0,29.0
0.25,1.0,PF,3210,2,2,pass,1,1,0.6682329,0.6682329,0.20650832,0.20650832,0.025042687,0.025042687,21.0,29.0,21.0,29.0
0.25,1.0,PF,3211,2,2,pass,1,1,0.6677499,0.6677499,0.20378518,0.20378518,0.02274346,0.02274346,21.0,29.0,21.0,29.0
0.25,1.0,PF,3212,2,2,pass,1,1,0.6677499,0.6677499,0.20378518,0.20378518,0.02274346,0.02274346,21.0,29.0,21.0,29.0
0.25,1.0,PF,3213,2,2,pass,1,1,0.7186651,0.7186651,0.16434994,0.16434994,0.025743317,0.025743317,21.0,29.0,21.0,29.0
0.25,1.0,PF,3214,2,2,pass,1,1,0.6677499,0.6677499,0.20378518,0.20378518,0.02274346,0.02274346,21.0,29.0,21.0,29.0
0.25,1.0,PF,3215,2,2,pass,1,1,0.6506768,0.6506768,0.24160099,0.24160099,0.021516193,0.021516193,21.0,29.0,21.0,29.0
0.25,1.0,PF,3216,2,2,pass,1,1,0.6677499,0.6677499,0.20378518,0.20378518,0.02274346,0.02274346,21.0,29.0,21.0,29.0
0.25,1.0,PF,3217,2,2,pass,1,1,0.6677499,0.6677499,0.20378518,0.20378518,0.02274346,0.02274346,21.0,29.0,21.0,29.0
0.25,1.0,PF,3218,2,2,pass,1,1,0.6677499,0.6677499,0.20378518,0.20378518,0.02274346,0.02274346,21.0,29.0,21.0,29.0
0.25,1.0,PF,3219,2,2,pass,1,1,0.6682329,0.6682329,0.20650832,0.20650832,0.025042687,0.025042687,21.0,29.0,21.0,29.0
0.25,1.0,PF,3220,2,2,pass,1,1,0.6682329,0.6682329,0.20650832,0.20650832,0.025042687,0.025042687,21.0,29.0,21.0,29.0
0.25,1.0,PF,3221,2,2,pass,1,1,0.6677499,0.6677499,0.20378518,0.20378518,0.02274346,0.02274346,21.0,29.0,21.0,29.0
0.25,1.0,PF,3222,2,2,pass,1,1,0.6677499,0.6677499,0.20378518,0.20378518,0.02274346,0.02274346,21.0,29.0,21.0,29.0
0.25,1.0,PF,3223,2,2,pass,1,1,0.6677499,0.6677499,0.20378518,0.20378518,0.02274346,0.02274346,21.0,29.0,21.0,29.0
0.25,1.0,PF,3224,2,2,pass,1,1,0.6677499,0.6677499,0.20378518,0.20378518,0.02274346,0.02274346,21.0,29.0,21.0,29.0
0.25,1.0,PF,3225,2,2,pass,1,1,0.6677499,0.6677499,0.20378518,0.20378518,0.02274346,0.02274346,21.0,29.0,21.0,29.0
0.25,1.0,PF,3226,2,2,pass,1,1,0.6677499,0.6677499,0.20378518,0.20378518,0.02274346,0.02274346,21.0,29.0,21.0,29.0
0.25,1.0,PF,3227,2,2,pass,1,1,0.6780778,0.6780778,0.173598,0.173598,0.012475382,0.012475382,21.0,29.0,21.0,29.0
0.25,1.0,PF,3228,2,2,pass,1,1,0.6677499,0.6677499,0.20378518,0.20378518,0.02274346,0.02274346,21.0,29.0,21.0,29.0
0.25,1.0,PF,3229,2,2,pass,1,1,0.6677499,0.6677499,0.20378518,0.20378518,0.02274346,0.02274346,21.0,29.0,21.0,29.0
0.25,1.0,PF,3230,2,2,pass,1,1,0.6677499,0.6677499,0.20378518,0.20378518,0.02274346,0.02274346,21.0,29.0,21.0,29.0
0.25,1.0,PF,3231,2,2,pass,1,1,0.6677499,0.6677499,0.20378518,0.20378518,0.02274346,0.02274346,21.0,29.0,21.0,29.0
0.25,1.0,PF,3232,2,2,pass,1,1,0.6677499,0.6677499,0.20378518,0.20378518,0.02274346,0.02274346,21.0,29.0,21.0,29.0
0.25,1.0,PF,3233,2,2,pass,1,1,0.6780778,0.6780778,0.173598,0.173598,0.012475382,0.012475382,21.0,29.0,21.0,29.0
0.25,1.0,PF,3234,2,2,pass,1,1,0.6677499,0.6677499,0.20378518,0.20378518,0.02274346,0.02274346,21.0,29.0,21.0,29.0
0.25,1.0,PF,3235,2,2,pass,1,1,0.6677499,0.6677499,0.20378518,0.20378518,0.02274346,0.02274346,21.0,29.0,21.0,29.0
0.25,1.0,PF,3236,2,2,pass,1,1,0.6374081,0.6374081,0.21929021,0.21929021,0.023887053,0.023887053,21.0,29.0,21.0,29.0
0.25,1.0,PF,3237,2,2,pass,1,1,0.65129316,0.65129316,0.21678324,0.21678324,0.023225917,0.023225917,21.0,29.0,21.0,29.0
0.25,1.0,PF,3238,2,2,pass,1,1,0.65129316,0.65129316,0.21678324,0.21678324,0.023225917,0.023225917,21.0,29.0,21.0,29.0
0.25,1.0,PF,3239,2,2,pass,1,1,0.6677499,0.6677499,0.20378518,0.20378518,0.02274346,0.02274346,21.0,29.0,21.0,29.0
0.25,1.0,PF,3240,2,2,pass,1,1,0.6677499,0.6677499,0.20378518,0.20378518,0.02274346,0.02274346,21.0,29.0,21.0,29.0
0.25,1.0,PF,3241,2,2,pass,1,1,0.6677499,0.6677499,0.20378518,0.20378518,0.02274346,0.02274346,21.0,29.0,21.0,29.0
0.25,1.0,PF,3242,2,2,pass,1,1,0.6677499,0.6677499,0.20378518,0.20378518,0.02274346,0.02274346,21.0,29.0,21.0,29.0
0.25,1.0,PF,3243,2,2,pass,1,1,0.6677499,0.6677499,0.20378518,0.20378518,0.02274346,0.02274346,21.0,29.0,21.0,29.0
0.25,1.0,PF,3244,2,2,pass,1,1,0.6677499,0.6677499,0.20378518,0.20378518,0.02274346,0.02274346,21.0,29.0,21.0,29.0
0.25,1.0,PF,3245,2,2,pass,1,1,0.6677499,0.6677499,0.20378518,0.20378518,0.02274346,0.02274346,21.0,29.0,21.0,29.0
0.25,1.0,PF,3246,2,2,pass,1,1,0.6374081,0.6374081,0.21929021,0.21929021,0.023887053,0.023887053,21.0,29.0,21.0,29.0
0.25,1.0,PF,3247,2,2,pass,1,1,0.6677499,0.6677499,0.20378518,0.20378518,0.02274346,0.02274346,21.0,29.0,21.0,29.0
0.25,1.0,PF,3248,2,2,pass,1,1,0.6677499,0.6677499,0.20378518,0.20378518,0.02274346,0.02274346,21.0,29.0,21.0,29.0
0.25,1.0,PF,3249,2,2,pass,1,1,0.6677499,0.6677499,0.20378518,0.20378518,0.02274346,0.02274346,21.0,29.0,21.0,29.0
0.25,1.0,PF,3250,2,2,pass,1,1,0.7186651,0.7186651,0.16434994,0.16434994,0.025743317,0.025743317,21.0,29.0,21.0,29.0
0.25,1.0,PF,3251,2,2,pass,1,1,0.6677499,0.6677499,0.20378518,0.20378518,0.02274346,0.02274346,21.0,29.0,21.0,29.0
0.25,1.0,PF,3252,2,2,pass,1,1,0.6677499,0.6677499,0.20378518,0.20378518,0.02274346,0.02274346,21.0,29.0,21.0,29.0
0.25,1.0,PF,3253,2,2,pass,1,1,0.6677499,0.6677499,0.20378518,0.20378518,0.02274346,0.02274346,21.0,29.0,21.0,29.0
0.25,1.0,PF,3254,2,2,pass,1,1,0.6677499,0.6677499,0.20378518,0.20378518,0.02274346,0.02274346,21.0,29.0,21.0,29.0
0.25,1.0,PF,3255,2,2,pass,1,1,0.6677499,0.6677499,0.20378518,0.20378518,0.02274346,0.02274346,21.0,29.0,21.0,29.0
0.25,1.0,PF,3256,2,2,pass,1,1,0.6677499,0.6677499,0.20378518,0.20378518,0.02274346,0.02274346,21.0,29.0,21.0,29.0
0.25,1.0,PF,3257,2,2,pass,1,1,0.6677499,0.6677499,0.20378518,0.20378518,0.02274346,0.02274346,21.0,29.0,21.0,29.0
0.25,1.0,PF,3258,2,2,pass,1,1,0.6677499,0.6677499,0.20378518,0.20378518,0.02274346,0.02274346,21.0,29.0,21.0,29.0
0.25,1.0,PF,3259,2,2,pass,1,1,0.6677499,0.6677499,0.20378518,0.20378518,0.02274346,0.02274346,21.0,29.0,21.0,29.0
0.25,1.0,PF,3260,2,2,pass,1,1,0.6677499,0.6677499,0.20378518,0.20378518,0.02274346,0.02274346,21.0,29.0,21.0,29.0
0.25,1.0,PF,3261,2,2,pass,1,1,0.6677499,0.6677499,0.20378518,0.20378518,0.02274346,0.02274346,21.0,29.0,21.0,29.0
0.25,1.0,PF,3262,2,2,pass,1,1,0.6677499,0.6677499,0.20378518,0.20378518,0.02274346,0.02274346,21.0,29.0,21.0,29.0
0.25,1.0,PF,3263,2,2,pass,1,1,0.6677499,0.6677499,0.20378518,0.20378518,0.02274346,0.02274346,21.0,29.0,21.0,29.0
0.25,1.0,PF,3264,2,2,pass,1,1,0.6677499,0.6677499,0.20378518,0.20378518,0.02274346,0.02274346,21.0,29.0,21.0,29.0
0.25,1.0,PF,3265,2,2,pass,1,1,0.6677499,0.6677499,0.20378518,0.20378518,0.02274346,0.02274346,21.0,29.0,21.0,29.0
0.25,1.0,PF,3266,2,2,pass,1,1,0.6677499,0.6677499,0.20378518,0.20378518,0.02274346,0.02274346,21.0,29.0,21.0,29.0
0.25,1.0,PF,3267,2,2,pass,1,1,0.6677499,0.6677499,0.20378518,0.20378518,0.02274346,0.02274346,21.0,29.0,21.0,29.0
0.25,1.0,PF,3268,2,2,pass,1,1,0.6677499,0.6677499,0.20378518,0.20378518,0.02274346,0.02274346,21.0,29.0,21.0,29.0
0.25,1.0,PF,3269,2,2,pass,1,1,0.6677499,0.6677499,0.20378518,0.20378518,0.02274346,0.02274346,21.0,29.0,21.0,29.0
0.25,1.0,PF,3270,2,2,pass,1,1,0.6677499,0.6677499,0.20378518,0.20378518,0.02274346,0.02274346,21.0,29.0,21.0,29.0
0.25,1.0,PF,3271,2,2,pass,1,1,0.6677499,0.6677499,0.20378518,0.20378518,0.02274346,0.02274346,21.0,29.0,21.0,29.0
0.25,1.0,PF,3272,2,2,pass,1,1,0.6677499,0.6677499,0.20378518,0.20378518,0.02274346,0.02274346,21.0,29.0,21.0,29.0
0.25,1.0,PF,3273,2,2,pass,1,1,0.6682329,0.6682329,0.20650832,0.20650832,0.025042687,0.025042687,21.0,29.0,21.0,29.0
0.25,1.0,PF,3274,2,2,pass,1,1,0.6677499,0.6677499,0.20378518,0.20378518,0.02274346,0.02274346,21.0,29.0,21.0,29.0
0.25,1.0,PF,3275,2,2,pass,1,1,0.6677499,0.6677499,0.20378518,0.20378518,0.02274346,0.02274346,21.0,29.0,21.0,29.0
0.25,1.0,PF,3276,2,2,pass,1,1,0.6374081,0.6374081,0.21929021,0.21929021,0.023887053,0.023887053,21.0,29.0,21.0,29.0
0.25,1.0,PF,3277,2,2,pass,1,1,0.6677499,0.6677499,0.20378518,0.20378518,0.02274346,0.02274346,21.0,29.0,21.0,29.0
0.25,1.0,PF,3278,2,2,pass,1,1,0.6677499,0.6677499,0.20378518,0.20378518,0.02274346,0.02274346,21.0,29.0,21.0,29.0
0.25,1.0,PF,3279,2,2,pass,1,1,0.7186651,0.7186651,0.16434994,0.16434994,0.025743317,0.025743317,21.0,29.0,21.0,29.0
0.25,1.0,PF,3280,2,2,pass,1,1,0.6677499,0.6677499,0.20378518,0.20378518,0.02274346,0.02274346,21.0,29.0,21.0,29.0
0.25,1.0,PF,3281,2,2,pass,1,1,0.6677499,0.6677499,0.20378518,0.20378518,0.02274346,0.02274346,21.0,29.0,21.0,29.0
0.25,1.0,PF,3282,2,3,shield_to_safe,1,1,0.6677499,0.72676647,0.20378518,0.16350773,0.02274346,0.021733325,21.0,29.0,30.0,20.0
0.25,1.0,PF,3283,2,2,pass,1,1,0.6677499,0.6677499,0.20378518,0.20378518,0.02274346,0.02274346,21.0,29.0,21.0,29.0
0.25,1.0,PF,3284,2,2,pass,1,1,0.6682329,0.6682329,0.20650832,0.20650832,0.025042687,0.025042687,21.0,29.0,21.0,29.0
0.25,1.0,PF,3285,2,2,pass,1,1,0.6677499,0.6677499,0.20378518,0.20378518,0.02274346,0.02274346,21.0,29.0,21.0,29.0
0.25,1.0,PF,3286,2,2,pass,1,1,0.6677499,0.6677499,0.20378518,0.20378518,0.02274346,0.02274346,21.0,29.0,21.0,29.0
0.25,1.0,PF,3287,2,2,pass,1,1,0.6677499,0.6677499,0.20378518,0.20378518,0.02274346,0.02274346,21.0,29.0,21.0,29.0
0.25,1.0,PF,3288,2,2,pass,1,1,0.6677499,0.6677499,0.20378518,0.20378518,0.02274346,0.02274346,21.0,29.0,21.0,29.0
0.25,1.0,PF,3289,2,2,pass,1,1,0.6677499,0.6677499,0.20378518,0.20378518,0.02274346,0.02274346,21.0,29.0,21.0,29.0
0.25,1.0,PF,3290,2,2,pass,1,1,0.6677499,0.6677499,0.20378518,0.20378518,0.02274346,0.02274346,21.0,29.0,21.0,29.0
0.25,1.0,PF,3291,2,2,pass,1,1,0.7186651,0.7186651,0.16434994,0.16434994,0.025743317,0.025743317,21.0,29.0,21.0,29.0
0.25,1.0,PF,3292,2,2,pass,1,1,0.6677499,0.6677499,0.20378518,0.20378518,0.02274346,0.02274346,21.0,29.0,21.0,29.0
0.25,1.0,PF,3293,2,2,pass,1,1,0.6677499,0.6677499,0.20378518,0.20378518,0.02274346,0.02274346,21.0,29.0,21.0,29.0
0.25,1.0,PF,3294,2,2,pass,1,1,0.6677499,0.6677499,0.20378518,0.20378518,0.02274346,0.02274346,21.0,29.0,21.0,29.0
0.25,1.0,PF,3295,2,2,pass,1,1,0.6780778,0.6780778,0.173598,0.173598,0.012475382,0.012475382,21.0,29.0,21.0,29.0
0.25,1.0,PF,3296,2,2,pass,1,1,0.6682329,0.6682329,0.20650832,0.20650832,0.025042687,0.025042687,21.0,29.0,21.0,29.0
0.25,1.0,PF,3297,2,2,pass,1,1,0.6677499,0.6677499,0.20378518,0.20378518,0.02274346,0.02274346,21.0,29.0,21.0,29.0
0.25,1.0,PF,3298,2,2,pass,1,1,0.6677499,0.6677499,0.20378518,0.20378518,0.02274346,0.02274346,21.0,29.0,21.0,29.0
0.25,1.0,PF,3299,2,2,pass,1,1,0.6677499,0.6677499,0.20378518,0.20378518,0.02274346,0.02274346,21.0,29.0,21.0,29.0
0.25,1.0,PF,3300,2,2,pass,1,1,0.6677499,0.6677499,0.20378518,0.20378518,0.02274346,0.02274346,21.0,29.0,21.0,29.0
0.25,1.0,PF,3301,2,2,pass,1,1,0.6677499,0.6677499,0.20378518,0.20378518,0.02274346,0.02274346,21.0,29.0,21.0,29.0
0.25,1.0,PF,3302,2,2,pass,1,1,0.6677499,0.6677499,0.20378518,0.20378518,0.02274346,0.02274346,21.0,29.0,21.0,29.0
0.25,1.0,PF,3303,2,2,pass,1,1,0.6682329,0.6682329,0.20650832,0.20650832,0.025042687,0.025042687,21.0,29.0,21.0,29.0
0.25,1.0,PF,3304,2,2,pass,1,1,0.6780778,0.6780778,0.173598,0.173598,0.012475382,0.012475382,21.0,29.0,21.0,29.0
0.25,1.0,PF,3305,2,2,pass,1,1,0.6677499,0.6677499,0.20378518,0.20378518,0.02274346,0.02274346,21.0,29.0,21.0,29.0
0.25,1.0,PF,3306,2,2,pass,1,1,0.6677499,0.6677499,0.20378518,0.20378518,0.02274346,0.02274346,21.0,29.0,21.0,29.0
0.25,1.0,PF,3307,2,2,pass,1,1,0.6677499,0.6677499,0.20378518,0.20378518,0.02274346,0.02274346,21.0,29.0,21.0,29.0
0.25,1.0,PF,3308,2,2,pass,1,1,0.6677499,0.6677499,0.20378518,0.20378518,0.02274346,0.02274346,21.0,29.0,21.0,29.0
0.25,1.0,PF,3309,2,3,shield_to_safe,1,1,0.6677499,0.72676647,0.20378518,0.16350773,0.02274346,0.021733325,21.0,29.0,30.0,20.0
0.25,1.0,PF,3310,2,2,pass,1,1,0.6677499,0.6677499,0.20378518,0.20378518,0.02274346,0.02274346,21.0,29.0,21.0,29.0
0.25,1.0,PF,3311,2,2,pass,1,1,0.6682329,0.6682329,0.20650832,0.20650832,0.025042687,0.025042687,21.0,29.0,21.0,29.0
0.25,1.0,PF,3312,2,2,pass,1,1,0.6677499,0.6677499,0.20378518,0.20378518,0.02274346,0.02274346,21.0,29.0,21.0,29.0
0.25,1.0,PF,3313,2,2,pass,1,1,0.6677499,0.6677499,0.20378518,0.20378518,0.02274346,0.02274346,21.0,29.0,21.0,29.0
0.25,1.0,PF,3314,2,2,pass,1,1,0.6677499,0.6677499,0.20378518,0.20378518,0.02274346,0.02274346,21.0,29.0,21.0,29.0
0.25,1.0,PF,3315,2,2,pass,1,1,0.6677499,0.6677499,0.20378518,0.20378518,0.02274346,0.02274346,21.0,29.0,21.0,29.0
0.25,1.0,PF,3316,2,3,shield_to_safe,1,1,0.6677499,0.72676647,0.20378518,0.16350773,0.02274346,0.021733325,21.0,29.0,30.0,20.0
0.25,1.0,PF,3317,2,2,pass,1,1,0.6677499,0.6677499,0.20378518,0.20378518,0.02274346,0.02274346,21.0,29.0,21.0,29.0
0.25,1.0,PF,3318,2,2,pass,1,1,0.6677499,0.6677499,0.20378518,0.20378518,0.02274346,0.02274346,21.0,29.0,21.0,29.0
0.25,1.0,PF,3319,2,2,pass,1,1,0.6677499,0.6677499,0.20378518,0.20378518,0.02274346,0.02274346,21.0,29.0,21.0,29.0
0.25,1.0,PF,3320,2,2,pass,1,1,0.6677499,0.6677499,0.20378518,0.20378518,0.02274346,0.02274346,21.0,29.0,21.0,29.0
0.25,1.0,PF,3321,2,2,pass,1,1,0.6677499,0.6677499,0.20378518,0.20378518,0.02274346,0.02274346,21.0,29.0,21.0,29.0
0.25,1.0,PF,3322,2,2,pass,1,1,0.6677499,0.6677499,0.20378518,0.20378518,0.02274346,0.02274346,21.0,29.0,21.0,29.0
0.25,1.0,PF,3323,2,2,pass,1,1,0.6677499,0.6677499,0.20378518,0.20378518,0.02274346,0.02274346,21.0,29.0,21.0,29.0
0.25,1.0,PF,3324,2,2,pass,1,1,0.6677499,0.6677499,0.20378518,0.20378518,0.02274346,0.02274346,21.0,29.0,21.0,29.0
0.25,1.0,PF,3325,2,2,pass,1,1,0.6677499,0.6677499,0.20378518,0.20378518,0.02274346,0.02274346,21.0,29.0,21.0,29.0
0.25,1.0,PF,3326,2,2,pass,1,1,0.6682329,0.6682329,0.20650832,0.20650832,0.025042687,0.025042687,21.0,29.0,21.0,29.0
0.25,1.0,PF,3327,2,2,pass,1,1,0.6677499,0.6677499,0.20378518,0.20378518,0.02274346,0.02274346,21.0,29.0,21.0,29.0
0.25,1.0,PF,3328,2,2,pass,1,1,0.6677499,0.6677499,0.20378518,0.20378518,0.02274346,0.02274346,21.0,29.0,21.0,29.0
0.25,1.0,PF,3329,2,2,pass,1,1,0.6677499,0.6677499,0.20378518,0.20378518,0.02274346,0.02274346,21.0,29.0,21.0,29.0
0.25,1.0,PF,3330,2,2,pass,1,1,0.6677499,0.6677499,0.20378518,0.20378518,0.02274346,0.02274346,21.0,29.0,21.0,29.0
0.25,1.0,PF,3331,2,2,pass,1,1,0.6677499,0.6677499,0.20378518,0.20378518,0.02274346,0.02274346,21.0,29.0,21.0,29.0
0.25,1.0,PF,3332,2,2,pass,1,1,0.65129316,0.65129316,0.21678324,0.21678324,0.023225917,0.023225917,21.0,29.0,21.0,29.0
0.25,1.0,PF,3333,2,2,pass,1,1,0.6677499,0.6677499,0.20378518,0.20378518,0.02274346,0.02274346,21.0,29.0,21.0,29.0
0.25,1.0,PF,3334,2,2,pass,1,1,0.65129316,0.65129316,0.21678324,0.21678324,0.023225917,0.023225917,21.0,29.0,21.0,29.0
0.25,1.0,PF,3335,2,2,pass,1,1,0.6677499,0.6677499,0.20378518,0.20378518,0.02274346,0.02274346,21.0,29.0,21.0,29.0
0.25,1.0,PF,3336,2,2,pass,1,1,0.6677499,0.6677499,0.20378518,0.20378518,0.02274346,0.02274346,21.0,29.0,21.0,29.0
0.25,1.0,PF,3337,2,2,pass,1,1,0.6682329,0.6682329,0.20650832,0.20650832,0.025042687,0.025042687,21.0,29.0,21.0,29.0
0.25,1.0,PF,3338,2,2,pass,1,1,0.6677499,0.6677499,0.20378518,0.20378518,0.02274346,0.02274346,21.0,29.0,21.0,29.0
0.25,1.0,PF,3339,2,2,pass,1,1,0.6677499,0.6677499,0.20378518,0.20378518,0.02274346,0.02274346,21.0,29.0,21.0,29.0
0.25,1.0,PF,3340,2,2,pass,1,1,0.6677499,0.6677499,0.20378518,0.20378518,0.02274346,0.02274346,21.0,29.0,21.0,29.0
0.25,1.0,PF,3341,2,2,pass,1,1,0.6677499,0.6677499,0.20378518,0.20378518,0.02274346,0.02274346,21.0,29.0,21.0,29.0
0.25,1.0,PF,3342,2,2,pass,1,1,0.6677499,0.6677499,0.20378518,0.20378518,0.02274346,0.02274346,21.0,29.0,21.0,29.0
0.25,1.0,PF,3343,2,2,pass,1,1,0.6677499,0.6677499,0.20378518,0.20378518,0.02274346,0.02274346,21.0,29.0,21.0,29.0
0.25,1.0,PF,3344,2,2,pass,1,1,0.6677499,0.6677499,0.20378518,0.20378518,0.02274346,0.02274346,21.0,29.0,21.0,29.0
0.25,1.0,PF,3345,2,2,pass,1,1,0.6677499,0.6677499,0.20378518,0.20378518,0.02274346,0.02274346,21.0,29.0,21.0,29.0
0.25,1.0,PF,3346,2,2,pass,1,1,0.6677499,0.6677499,0.20378518,0.20378518,0.02274346,0.02274346,21.0,29.0,21.0,29.0
0.25,1.0,PF,3347,2,2,pass,1,1,0.6677499,0.6677499,0.20378518,0.20378518,0.02274346,0.02274346,21.0,29.0,21.0,29.0
0.25,1.0,PF,3348,2,2,pass,1,1,0.6677499,0.6677499,0.20378518,0.20378518,0.02274346,0.02274346,21.0,29.0,21.0,29.0
0.25,1.0,PF,3349,2,2,pass,1,1,0.6677499,0.6677499,0.20378518,0.20378518,0.02274346,0.02274346,21.0,29.0,21.0,29.0
0.25,1.0,PF,3350,2,2,pass,1,1,0.6677499,0.6677499,0.20378518,0.20378518,0.02274346,0.02274346,21.0,29.0,21.0,29.0
0.25,1.0,PF,3351,2,2,pass,1,1,0.6677499,0.6677499,0.20378518,0.20378518,0.02274346,0.02274346,21.0,29.0,21.0,29.0
0.25,1.0,PF,3352,2,2,pass,1,1,0.6677499,0.6677499,0.20378518,0.20378518,0.02274346,0.02274346,21.0,29.0,21.0,29.0
0.25,1.0,PF,3353,2,2,pass,1,1,0.6677499,0.6677499,0.20378518,0.20378518,0.02274346,0.02274346,21.0,29.0,21.0,29.0
0.25,1.0,PF,3354,2,2,pass,1,1,0.65129316,0.65129316,0.21678324,0.21678324,0.023225917,0.023225917,21.0,29.0,21.0,29.0
0.25,1.0,PF,3355,2,2,pass,1,1,0.6682329,0.6682329,0.20650832,0.20650832,0.025042687,0.025042687,21.0,29.0,21.0,29.0
0.25,1.0,PF,3356,2,2,pass,1,1,0.6682329,0.6682329,0.20650832,0.20650832,0.025042687,0.025042687,21.0,29.0,21.0,29.0
0.25,1.0,PF,3357,2,2,pass,1,1,0.6677499,0.6677499,0.20378518,0.20378518,0.02274346,0.02274346,21.0,29.0,21.0,29.0
0.25,1.0,PF,3358,2,2,pass,1,1,0.6677499,0.6677499,0.20378518,0.20378518,0.02274346,0.02274346,21.0,29.0,21.0,29.0
0.25,1.0,PF,3359,2,2,pass,1,1,0.6677499,0.6677499,0.20378518,0.20378518,0.02274346,0.02274346,21.0,29.0,21.0,29.0
0.25,1.0,PF,3360,2,2,pass,1,1,0.6677499,0.6677499,0.20378518,0.20378518,0.02274346,0.02274346,21.0,29.0,21.0,29.0
0.25,1.0,PF,3361,2,2,pass,1,1,0.6677499,0.6677499,0.20378518,0.20378518,0.02274346,0.02274346,21.0,29.0,21.0,29.0
0.25,1.0,PF,3362,2,2,pass,1,1,0.6677499,0.6677499,0.20378518,0.20378518,0.02274346,0.02274346,21.0,29.0,21.0,29.0
0.25,1.0,PF,3363,2,2,pass,1,1,0.6677499,0.6677499,0.20378518,0.20378518,0.02274346,0.02274346,21.0,29.0,21.0,29.0
0.25,1.0,PF,3364,2,2,pass,1,1,0.6677499,0.6677499,0.20378518,0.20378518,0.02274346,0.02274346,21.0,29.0,21.0,29.0
0.25,1.0,PF,3365,2,2,pass,1,1,0.6677499,0.6677499,0.20378518,0.20378518,0.02274346,0.02274346,21.0,29.0,21.0,29.0
0.25,1.0,PF,3366,2,2,pass,1,1,0.6682329,0.6682329,0.20650832,0.20650832,0.025042687,0.025042687,21.0,29.0,21.0,29.0
0.25,1.0,PF,3367,2,2,pass,1,1,0.7186651,0.7186651,0.16434994,0.16434994,0.025743317,0.025743317,21.0,29.0,21.0,29.0
0.25,1.0,PF,3368,2,2,pass,1,1,0.65129316,0.65129316,0.21678324,0.21678324,0.023225917,0.023225917,21.0,29.0,21.0,29.0
0.25,1.0,PF,3369,2,2,pass,1,1,0.6677499,0.6677499,0.20378518,0.20378518,0.02274346,0.02274346,21.0,29.0,21.0,29.0
0.25,1.0,PF,3370,2,2,pass,1,1,0.6780778,0.6780778,0.173598,0.173598,0.012475382,0.012475382,21.0,29.0,21.0,29.0
0.25,1.0,PF,3371,2,2,pass,1,1,0.6677499,0.6677499,0.20378518,0.20378518,0.02274346,0.02274346,21.0,29.0,21.0,29.0
0.25,1.0,PF,3372,2,2,pass,1,1,0.6677499,0.6677499,0.20378518,0.20378518,0.02274346,0.02274346,21.0,29.0,21.0,29.0
0.25,1.0,PF,3373,2,2,pass,1,1,0.6677499,0.6677499,0.20378518,0.20378518,0.02274346,0.02274346,21.0,29.0,21.0,29.0
0.25,1.0,PF,3374,2,2,pass,1,1,0.6677499,0.6677499,0.20378518,0.20378518,0.02274346,0.02274346,21.0,29.0,21.0,29.0
0.25,1.0,PF,3375,2,2,pass,1,1,0.6682329,0.6682329,0.20650832,0.20650832,0.025042687,0.025042687,21.0,29.0,21.0,29.0
0.25,1.0,PF,3376,2,2,pass,1,1,0.6677499,0.6677499,0.20378518,0.20378518,0.02274346,0.02274346,21.0,29.0,21.0,29.0
0.25,1.0,PF,3377,2,2,pass,1,1,0.6677499,0.6677499,0.20378518,0.20378518,0.02274346,0.02274346,21.0,29.0,21.0,29.0
0.25,1.0,PF,3378,2,2,pass,1,1,0.6677499,0.6677499,0.20378518,0.20378518,0.02274346,0.02274346,21.0,29.0,21.0,29.0
0.25,1.0,PF,3379,2,2,pass,1,1,0.65129316,0.65129316,0.21678324,0.21678324,0.023225917,0.023225917,21.0,29.0,21.0,29.0
0.25,1.0,PF,3380,2,2,pass,1,1,0.65129316,0.65129316,0.21678324,0.21678324,0.023225917,0.023225917,21.0,29.0,21.0,29.0
0.25,1.0,PF,3381,2,2,pass,1,1,0.6677499,0.6677499,0.20378518,0.20378518,0.02274346,0.02274346,21.0,29.0,21.0,29.0
0.25,1.0,PF,3382,2,2,pass,1,1,0.6677499,0.6677499,0.20378518,0.20378518,0.02274346,0.02274346,21.0,29.0,21.0,29.0
0.25,1.0,PF,3383,2,2,pass,1,1,0.6677499,0.6677499,0.20378518,0.20378518,0.02274346,0.02274346,21.0,29.0,21.0,29.0
0.25,1.0,PF,3384,2,2,pass,1,1,0.6677499,0.6677499,0.20378518,0.20378518,0.02274346,0.02274346,21.0,29.0,21.0,29.0
0.25,1.0,PF,3385,2,2,pass,1,1,0.6677499,0.6677499,0.20378518,0.20378518,0.02274346,0.02274346,21.0,29.0,21.0,29.0
0.25,1.0,PF,3386,2,2,pass,1,1,0.7186651,0.7186651,0.16434994,0.16434994,0.025743317,0.025743317,21.0,29.0,21.0,29.0
0.25,1.0,PF,3387,2,2,pass,1,1,0.6677499,0.6677499,0.20378518,0.20378518,0.02274346,0.02274346,21.0,29.0,21.0,29.0
0.25,1.0,PF,3388,2,2,pass,1,1,0.6677499,0.6677499,0.20378518,0.20378518,0.02274346,0.02274346,21.0,29.0,21.0,29.0
0.25,1.0,PF,3389,2,2,pass,1,1,0.6677499,0.6677499,0.20378518,0.20378518,0.02274346,0.02274346,21.0,29.0,21.0,29.0
0.25,1.0,PF,3390,2,2,pass,1,1,0.6677499,0.6677499,0.20378518,0.20378518,0.02274346,0.02274346,21.0,29.0,21.0,29.0
0.25,1.0,PF,3391,2,2,pass,1,1,0.6677499,0.6677499,0.20378518,0.20378518,0.02274346,0.02274346,21.0,29.0,21.0,29.0
0.25,1.0,PF,3392,2,2,pass,1,1,0.6677499,0.6677499,0.20378518,0.20378518,0.02274346,0.02274346,21.0,29.0,21.0,29.0
0.25,1.0,PF,3393,2,2,pass,1,1,0.6677499,0.6677499,0.20378518,0.20378518,0.02274346,0.02274346,21.0,29.0,21.0,29.0
0.25,1.0,PF,3394,2,2,pass,1,1,0.6677499,0.6677499,0.20378518,0.20378518,0.02274346,0.02274346,21.0,29.0,21.0,29.0
0.25,1.0,PF,3395,2,2,pass,1,1,0.6677499,0.6677499,0.20378518,0.20378518,0.02274346,0.02274346,21.0,29.0,21.0,29.0
0.25,1.0,PF,3396,2,2,pass,1,1,0.6677499,0.6677499,0.20378518,0.20378518,0.02274346,0.02274346,21.0,29.0,21.0,29.0
0.25,1.0,PF,3397,2,2,pass,1,1,0.6677499,0.6677499,0.20378518,0.20378518,0.02274346,0.02274346,21.0,29.0,21.0,29.0
0.25,1.0,PF,3398,2,2,pass,1,1,0.7186651,0.7186651,0.16434994,0.16434994,0.025743317,0.025743317,21.0,29.0,21.0,29.0
0.25,1.0,PF,3399,2,2,pass,1,1,0.6677499,0.6677499,0.20378518,0.20378518,0.02274346,0.02274346,21.0,29.0,21.0,29.0
0.25,1.0,PF,3400,2,2,pass,1,1,0.6677499,0.6677499,0.20378518,0.20378518,0.02274346,0.02274346,21.0,29.0,21.0,29.0
0.25,1.0,PF,3401,2,2,pass,1,1,0.6677499,0.6677499,0.20378518,0.20378518,0.02274346,0.02274346,21.0,29.0,21.0,29.0
0.25,1.0,PF,3402,2,2,pass,1,1,0.6682329,0.6682329,0.20650832,0.20650832,0.025042687,0.025042687,21.0,29.0,21.0,29.0
0.25,1.0,PF,3403,2,2,pass,1,1,0.65129316,0.65129316,0.21678324,0.21678324,0.023225917,0.023225917,21.0,29.0,21.0,29.0
0.25,1.0,PF,3404,2,2,pass,1,1,0.6677499,0.6677499,0.20378518,0.20378518,0.02274346,0.02274346,21.0,29.0,21.0,29.0
0.25,1.0,PF,3405,2,2,pass,1,1,0.6677499,0.6677499,0.20378518,0.20378518,0.02274346,0.02274346,21.0,29.0,21.0,29.0
0.25,1.0,PF,3406,2,2,pass,1,1,0.6677499,0.6677499,0.20378518,0.20378518,0.02274346,0.02274346,21.0,29.0,21.0,29.0
0.25,1.0,PF,3407,2,2,pass,1,1,0.6677499,0.6677499,0.20378518,0.20378518,0.02274346,0.02274346,21.0,29.0,21.0,29.0
0.25,1.0,PF,3408,2,2,pass,1,1,0.6677499,0.6677499,0.20378518,0.20378518,0.02274346,0.02274346,21.0,29.0,21.0,29.0
0.25,1.0,PF,3409,2,2,pass,1,1,0.6677499,0.6677499,0.20378518,0.20378518,0.02274346,0.02274346,21.0,29.0,21.0,29.0
0.25,1.0,PF,3410,2,2,pass,1,1,0.6677499,0.6677499,0.20378518,0.20378518,0.02274346,0.02274346,21.0,29.0,21.0,29.0
0.25,1.0,PF,3411,2,2,pass,1,1,0.6677499,0.6677499,0.20378518,0.20378518,0.02274346,0.02274346,21.0,29.0,21.0,29.0
0.25,1.0,PF,3412,2,2,pass,1,1,0.7186651,0.7186651,0.16434994,0.16434994,0.025743317,0.025743317,21.0,29.0,21.0,29.0
0.25,1.0,PF,3413,2,2,pass,1,1,0.6677499,0.6677499,0.20378518,0.20378518,0.02274346,0.02274346,21.0,29.0,21.0,29.0
0.25,1.0,PF,3414,2,2,pass,1,1,0.6677499,0.6677499,0.20378518,0.20378518,0.02274346,0.02274346,21.0,29.0,21.0,29.0
0.25,1.0,PF,3415,2,2,pass,1,1,0.6677499,0.6677499,0.20378518,0.20378518,0.02274346,0.02274346,21.0,29.0,21.0,29.0
0.25,1.0,PF,3416,2,2,pass,1,1,0.6677499,0.6677499,0.20378518,0.20378518,0.02274346,0.02274346,21.0,29.0,21.0,29.0
0.25,1.0,PF,3417,2,2,pass,1,1,0.6677499,0.6677499,0.20378518,0.20378518,0.02274346,0.02274346,21.0,29.0,21.0,29.0
0.25,1.0,PF,3418,2,2,pass,1,1,0.6677499,0.6677499,0.20378518,0.20378518,0.02274346,0.02274346,21.0,29.0,21.0,29.0
0.25,1.0,PF,3419,2,2,pass,1,1,0.6677499,0.6677499,0.20378518,0.20378518,0.02274346,0.02274346,21.0,29.0,21.0,29.0
0.25,1.0,PF,3420,2,2,pass,1,1,0.6677499,0.6677499,0.20378518,0.20378518,0.02274346,0.02274346,21.0,29.0,21.0,29.0
0.25,1.0,PF,3421,2,2,pass,1,1,0.6677499,0.6677499,0.20378518,0.20378518,0.02274346,0.02274346,21.0,29.0,21.0,29.0
0.25,1.0,PF,3422,2,2,pass,1,1,0.6677499,0.6677499,0.20378518,0.20378518,0.02274346,0.02274346,21.0,29.0,21.0,29.0
0.25,1.0,PF,3423,2,2,pass,1,1,0.65129316,0.65129316,0.21678324,0.21678324,0.023225917,0.023225917,21.0,29.0,21.0,29.0
0.25,1.0,PF,3424,2,2,pass,1,1,0.6677499,0.6677499,0.20378518,0.20378518,0.02274346,0.02274346,21.0,29.0,21.0,29.0
0.25,1.0,PF,3425,2,2,pass,1,1,0.6677499,0.6677499,0.20378518,0.20378518,0.02274346,0.02274346,21.0,29.0,21.0,29.0
0.25,1.0,PF,3426,2,2,pass,1,1,0.6677499,0.6677499,0.20378518,0.20378518,0.02274346,0.02274346,21.0,29.0,21.0,29.0
0.25,1.0,PF,3427,2,2,pass,1,1,0.6677499,0.6677499,0.20378518,0.20378518,0.02274346,0.02274346,21.0,29.0,21.0,29.0
0.25,1.0,PF,3428,2,2,pass,1,1,0.6677499,0.6677499,0.20378518,0.20378518,0.02274346,0.02274346,21.0,29.0,21.0,29.0
0.25,1.0,PF,3429,2,2,pass,1,1,0.6677499,0.6677499,0.20378518,0.20378518,0.02274346,0.02274346,21.0,29.0,21.0,29.0
0.25,1.0,PF,3430,2,2,pass,1,1,0.6677499,0.6677499,0.20378518,0.20378518,0.02274346,0.02274346,21.0,29.0,21.0,29.0
0.25,1.0,PF,3431,2,2,pass,1,1,0.6677499,0.6677499,0.20378518,0.20378518,0.02274346,0.02274346,21.0,29.0,21.0,29.0
0.25,1.0,PF,3432,2,2,pass,1,1,0.6677499,0.6677499,0.20378518,0.20378518,0.02274346,0.02274346,21.0,29.0,21.0,29.0
0.25,1.0,PF,3433,2,2,pass,1,1,0.6682329,0.6682329,0.20650832,0.20650832,0.025042687,0.025042687,21.0,29.0,21.0,29.0
0.25,1.0,PF,3434,2,2,pass,1,1,0.6677499,0.6677499,0.20378518,0.20378518,0.02274346,0.02274346,21.0,29.0,21.0,29.0
0.25,1.0,PF,3435,2,2,pass,1,1,0.6677499,0.6677499,0.20378518,0.20378518,0.02274346,0.02274346,21.0,29.0,21.0,29.0
0.25,1.0,PF,3436,2,2,pass,1,1,0.6682329,0.6682329,0.20650832,0.20650832,0.025042687,0.025042687,21.0,29.0,21.0,29.0
0.25,1.0,PF,3437,2,2,pass,1,1,0.6677499,0.6677499,0.20378518,0.20378518,0.02274346,0.02274346,21.0,29.0,21.0,29.0
0.25,1.0,PF,3438,2,2,pass,1,1,0.6677499,0.6677499,0.20378518,0.20378518,0.02274346,0.02274346,21.0,29.0,21.0,29.0
0.25,1.0,PF,3439,2,2,pass,1,1,0.6677499,0.6677499,0.20378518,0.20378518,0.02274346,0.02274346,21.0,29.0,21.0,29.0
0.25,1.0,PF,3440,2,2,pass,1,1,0.6677499,0.6677499,0.20378518,0.20378518,0.02274346,0.02274346,21.0,29.0,21.0,29.0
0.25,1.0,PF,3441,2,2,pass,1,1,0.6677499,0.6677499,0.20378518,0.20378518,0.02274346,0.02274346,21.0,29.0,21.0,29.0
0.25,1.0,PF,3442,2,2,pass,1,1,0.6677499,0.6677499,0.20378518,0.20378518,0.02274346,0.02274346,21.0,29.0,21.0,29.0
0.25,1.0,PF,3443,2,2,pass,1,1,0.6677499,0.6677499,0.20378518,0.20378518,0.02274346,0.02274346,21.0,29.0,21.0,29.0
0.25,1.0,PF,3444,2,2,pass,1,1,0.6677499,0.6677499,0.20378518,0.20378518,0.02274346,0.02274346,21.0,29.0,21.0,29.0
0.25,1.0,PF,3445,2,2,pass,1,1,0.65129316,0.65129316,0.21678324,0.21678324,0.023225917,0.023225917,21.0,29.0,21.0,29.0
0.25,1.0,PF,3446,2,2,pass,1,1,0.6677499,0.6677499,0.20378518,0.20378518,0.02274346,0.02274346,21.0,29.0,21.0,29.0
0.25,1.0,PF,3447,2,2,pass,1,1,0.6374081,0.6374081,0.21929021,0.21929021,0.023887053,0.023887053,21.0,29.0,21.0,29.0
0.25,1.0,PF,3448,2,2,pass,1,1,0.6780778,0.6780778,0.173598,0.173598,0.012475382,0.012475382,21.0,29.0,21.0,29.0
0.25,1.0,PF,3449,2,2,pass,1,1,0.6677499,0.6677499,0.20378518,0.20378518,0.02274346,0.02274346,21.0,29.0,21.0,29.0
0.25,1.0,PF,3450,2,2,pass,1,1,0.6677499,0.6677499,0.20378518,0.20378518,0.02274346,0.02274346,21.0,29.0,21.0,29.0
0.25,1.0,PF,3451,2,2,pass,1,1,0.6677499,0.6677499,0.20378518,0.20378518,0.02274346,0.02274346,21.0,29.0,21.0,29.0
0.25,1.0,PF,3452,2,2,pass,1,1,0.6677499,0.6677499,0.20378518,0.20378518,0.02274346,0.02274346,21.0,29.0,21.0,29.0
0.25,1.0,PF,3453,2,2,pass,1,1,0.6677499,0.6677499,0.20378518,0.20378518,0.02274346,0.02274346,21.0,29.0,21.0,29.0
0.25,1.0,PF,3454,2,2,pass,1,1,0.6677499,0.6677499,0.20378518,0.20378518,0.02274346,0.02274346,21.0,29.0,21.0,29.0
0.25,1.0,PF,3455,2,2,pass,1,1,0.6506768,0.6506768,0.24160099,0.24160099,0.021516193,0.021516193,21.0,29.0,21.0,29.0
0.25,1.0,PF,3456,2,2,pass,1,1,0.6677499,0.6677499,0.20378518,0.20378518,0.02274346,0.02274346,21.0,29.0,21.0,29.0
0.25,1.0,PF,3457,2,2,pass,1,1,0.6677499,0.6677499,0.20378518,0.20378518,0.02274346,0.02274346,21.0,29.0,21.0,29.0
0.25,1.0,PF,3458,2,2,pass,1,1,0.6677499,0.6677499,0.20378518,0.20378518,0.02274346,0.02274346,21.0,29.0,21.0,29.0
0.25,1.0,PF,3459,2,2,pass,1,1,0.6677499,0.6677499,0.20378518,0.20378518,0.02274346,0.02274346,21.0,29.0,21.0,29.0
0.25,1.0,PF,3460,2,2,pass,1,1,0.6677499,0.6677499,0.20378518,0.20378518,0.02274346,0.02274346,21.0,29.0,21.0,29.0
0.25,1.0,PF,3461,2,2,pass,1,1,0.6677499,0.6677499,0.20378518,0.20378518,0.02274346,0.02274346,21.0,29.0,21.0,29.0
0.25,1.0,PF,3462,2,2,pass,1,1,0.6677499,0.6677499,0.20378518,0.20378518,0.02274346,0.02274346,21.0,29.0,21.0,29.0
0.25,1.0,PF,3463,2,2,pass,1,1,0.6677499,0.6677499,0.20378518,0.20378518,0.02274346,0.02274346,21.0,29.0,21.0,29.0
0.25,1.0,PF,3464,2,2,pass,1,1,0.6677499,0.6677499,0.20378518,0.20378518,0.02274346,0.02274346,21.0,29.0,21.0,29.0
0.25,1.0,PF,3465,2,2,pass,1,1,0.6677499,0.6677499,0.20378518,0.20378518,0.02274346,0.02274346,21.0,29.0,21.0,29.0
0.25,1.0,PF,3466,2,2,pass,1,1,0.6677499,0.6677499,0.20378518,0.20378518,0.02274346,0.02274346,21.0,29.0,21.0,29.0
0.25,1.0,PF,3467,2,2,pass,1,1,0.6677499,0.6677499,0.20378518,0.20378518,0.02274346,0.02274346,21.0,29.0,21.0,29.0
0.25,1.0,PF,3468,2,2,pass,1,1,0.65129316,0.65129316,0.21678324,0.21678324,0.023225917,0.023225917,21.0,29.0,21.0,29.0
0.25,1.0,PF,3469,2,2,pass,1,1,0.6677499,0.6677499,0.20378518,0.20378518,0.02274346,0.02274346,21.0,29.0,21.0,29.0
0.25,1.0,PF,3470,2,2,pass,1,1,0.6677499,0.6677499,0.20378518,0.20378518,0.02274346,0.02274346,21.0,29.0,21.0,29.0
0.25,1.0,PF,3471,2,2,pass,1,1,0.6677499,0.6677499,0.20378518,0.20378518,0.02274346,0.02274346,21.0,29.0,21.0,29.0
0.25,1.0,PF,3472,2,2,pass,1,1,0.6677499,0.6677499,0.20378518,0.20378518,0.02274346,0.02274346,21.0,29.0,21.0,29.0
0.25,1.0,PF,3473,2,2,pass,1,1,0.6677499,0.6677499,0.20378518,0.20378518,0.02274346,0.02274346,21.0,29.0,21.0,29.0
0.25,1.0,PF,3474,2,2,pass,1,1,0.6506768,0.6506768,0.24160099,0.24160099,0.021516193,0.021516193,21.0,29.0,21.0,29.0
0.25,1.0,PF,3475,2,2,pass,1,1,0.65129316,0.65129316,0.21678324,0.21678324,0.023225917,0.023225917,21.0,29.0,21.0,29.0
0.25,1.0,PF,3476,2,2,pass,1,1,0.6677499,0.6677499,0.20378518,0.20378518,0.02274346,0.02274346,21.0,29.0,21.0,29.0
0.25,1.0,PF,3477,2,2,pass,1,1,0.6677499,0.6677499,0.20378518,0.20378518,0.02274346,0.02274346,21.0,29.0,21.0,29.0
0.25,1.0,PF,3478,2,2,pass,1,1,0.6677499,0.6677499,0.20378518,0.20378518,0.02274346,0.02274346,21.0,29.0,21.0,29.0
0.25,1.0,PF,3479,2,2,pass,1,1,0.6677499,0.6677499,0.20378518,0.20378518,0.02274346,0.02274346,21.0,29.0,21.0,29.0
0.25,1.0,PF,3480,2,2,pass,1,1,0.6677499,0.6677499,0.20378518,0.20378518,0.02274346,0.02274346,21.0,29.0,21.0,29.0
0.25,1.0,PF,3481,2,2,pass,1,1,0.6677499,0.6677499,0.20378518,0.20378518,0.02274346,0.02274346,21.0,29.0,21.0,29.0
0.25,1.0,PF,3482,2,2,pass,1,1,0.65129316,0.65129316,0.21678324,0.21678324,0.023225917,0.023225917,21.0,29.0,21.0,29.0
0.25,1.0,PF,3483,2,2,pass,1,1,0.6677499,0.6677499,0.20378518,0.20378518,0.02274346,0.02274346,21.0,29.0,21.0,29.0
0.25,1.0,PF,3484,2,2,pass,1,1,0.6677499,0.6677499,0.20378518,0.20378518,0.02274346,0.02274346,21.0,29.0,21.0,29.0
0.25,1.0,PF,3485,2,2,pass,1,1,0.6677499,0.6677499,0.20378518,0.20378518,0.02274346,0.02274346,21.0,29.0,21.0,29.0
0.25,1.0,PF,3486,2,2,pass,1,1,0.6677499,0.6677499,0.20378518,0.20378518,0.02274346,0.02274346,21.0,29.0,21.0,29.0
0.25,1.0,PF,3487,2,2,pass,1,1,0.7186651,0.7186651,0.16434994,0.16434994,0.025743317,0.025743317,21.0,29.0,21.0,29.0
0.25,1.0,PF,3488,2,2,pass,1,1,0.6780778,0.6780778,0.173598,0.173598,0.012475382,0.012475382,21.0,29.0,21.0,29.0
0.25,1.0,PF,3489,2,2,pass,1,1,0.7186651,0.7186651,0.16434994,0.16434994,0.025743317,0.025743317,21.0,29.0,21.0,29.0
0.25,1.0,PF,3490,2,2,pass,1,1,0.6677499,0.6677499,0.20378518,0.20378518,0.02274346,0.02274346,21.0,29.0,21.0,29.0
0.25,1.0,PF,3491,2,2,pass,1,1,0.6677499,0.6677499,0.20378518,0.20378518,0.02274346,0.02274346,21.0,29.0,21.0,29.0
0.25,1.0,PF,3492,2,2,pass,1,1,0.6677499,0.6677499,0.20378518,0.20378518,0.02274346,0.02274346,21.0,29.0,21.0,29.0
0.25,1.0,PF,3493,2,2,pass,1,1,0.6677499,0.6677499,0.20378518,0.20378518,0.02274346,0.02274346,21.0,29.0,21.0,29.0
0.25,1.0,PF,3494,2,2,pass,1,1,0.6677499,0.6677499,0.20378518,0.20378518,0.02274346,0.02274346,21.0,29.0,21.0,29.0
0.25,1.0,PF,3495,2,2,pass,1,1,0.6677499,0.6677499,0.20378518,0.20378518,0.02274346,0.02274346,21.0,29.0,21.0,29.0
0.25,1.0,PF,3496,2,2,pass,1,1,0.6677499,0.6677499,0.20378518,0.20378518,0.02274346,0.02274346,21.0,29.0,21.0,29.0
0.25,1.0,PF,3497,2,2,pass,1,1,0.6677499,0.6677499,0.20378518,0.20378518,0.02274346,0.02274346,21.0,29.0,21.0,29.0
0.25,1.0,PF,3498,2,2,pass,1,1,0.6677499,0.6677499,0.20378518,0.20378518,0.02274346,0.02274346,21.0,29.0,21.0,29.0
0.25,1.0,PF,3499,2,2,pass,1,1,0.6677499,0.6677499,0.20378518,0.20378518,0.02274346,0.02274346,21.0,29.0,21.0,29.0
0.25,1.0,PF,3500,2,2,pass,1,1,0.6677499,0.6677499,0.20378518,0.20378518,0.02274346,0.02274346,21.0,29.0,21.0,29.0
0.25,1.0,PF,3501,2,2,pass,1,1,0.6677499,0.6677499,0.20378518,0.20378518,0.02274346,0.02274346,21.0,29.0,21.0,29.0
0.25,1.0,PF,3502,2,2,pass,1,1,0.6677499,0.6677499,0.20378518,0.20378518,0.02274346,0.02274346,21.0,29.0,21.0,29.0
0.25,1.0,PF,3503,2,2,pass,1,1,0.6677499,0.6677499,0.20378518,0.20378518,0.02274346,0.02274346,21.0,29.0,21.0,29.0
0.25,1.0,PF,3504,2,2,pass,1,1,0.7186651,0.7186651,0.16434994,0.16434994,0.025743317,0.025743317,21.0,29.0,21.0,29.0
0.25,1.0,PF,3505,2,2,pass,1,1,0.6677499,0.6677499,0.20378518,0.20378518,0.02274346,0.02274346,21.0,29.0,21.0,29.0
0.25,1.0,PF,3506,2,2,pass,1,1,0.6677499,0.6677499,0.20378518,0.20378518,0.02274346,0.02274346,21.0,29.0,21.0,29.0
0.25,1.0,PF,3507,2,3,shield_to_safe,1,1,0.6682329,0.72676647,0.20650832,0.16350773,0.025042687,0.021733325,21.0,29.0,30.0,20.0
0.25,1.0,PF,3508,2,2,pass,1,1,0.6677499,0.6677499,0.20378518,0.20378518,0.02274346,0.02274346,21.0,29.0,21.0,29.0
0.25,1.0,PF,3509,2,2,pass,1,1,0.6677499,0.6677499,0.20378518,0.20378518,0.02274346,0.02274346,21.0,29.0,21.0,29.0
0.25,1.0,PF,3510,2,2,pass,1,1,0.6682329,0.6682329,0.20650832,0.20650832,0.025042687,0.025042687,21.0,29.0,21.0,29.0
0.25,1.0,PF,3511,2,2,pass,1,1,0.6677499,0.6677499,0.20378518,0.20378518,0.02274346,0.02274346,21.0,29.0,21.0,29.0
0.25,1.0,PF,3512,2,2,pass,1,1,0.6677499,0.6677499,0.20378518,0.20378518,0.02274346,0.02274346,21.0,29.0,21.0,29.0
0.25,1.0,PF,3513,2,2,pass,1,1,0.65129316,0.65129316,0.21678324,0.21678324,0.023225917,0.023225917,21.0,29.0,21.0,29.0
0.25,1.0,PF,3514,2,2,pass,1,1,0.6677499,0.6677499,0.20378518,0.20378518,0.02274346,0.02274346,21.0,29.0,21.0,29.0
0.25,1.0,PF,3515,2,2,pass,1,1,0.6677499,0.6677499,0.20378518,0.20378518,0.02274346,0.02274346,21.0,29.0,21.0,29.0
0.25,1.0,PF,3516,2,2,pass,1,1,0.6677499,0.6677499,0.20378518,0.20378518,0.02274346,0.02274346,21.0,29.0,21.0,29.0
0.25,1.0,PF,3517,2,2,pass,1,1,0.65129316,0.65129316,0.21678324,0.21678324,0.023225917,0.023225917,21.0,29.0,21.0,29.0
0.25,1.0,PF,3518,2,2,pass,1,1,0.6677499,0.6677499,0.20378518,0.20378518,0.02274346,0.02274346,21.0,29.0,21.0,29.0
0.25,1.0,PF,3519,2,2,pass,1,1,0.6780778,0.6780778,0.173598,0.173598,0.012475382,0.012475382,21.0,29.0,21.0,29.0
0.25,1.0,PF,3520,2,2,pass,1,1,0.6506768,0.6506768,0.24160099,0.24160099,0.021516193,0.021516193,21.0,29.0,21.0,29.0
0.25,1.0,PF,3521,2,2,pass,1,1,0.6677499,0.6677499,0.20378518,0.20378518,0.02274346,0.02274346,21.0,29.0,21.0,29.0
0.25,1.0,PF,3522,2,2,pass,1,1,0.6677499,0.6677499,0.20378518,0.20378518,0.02274346,0.02274346,21.0,29.0,21.0,29.0
0.25,1.0,PF,3523,2,2,pass,1,1,0.6677499,0.6677499,0.20378518,0.20378518,0.02274346,0.02274346,21.0,29.0,21.0,29.0
0.25,1.0,PF,3524,2,2,pass,1,1,0.6677499,0.6677499,0.20378518,0.20378518,0.02274346,0.02274346,21.0,29.0,21.0,29.0
0.25,1.0,PF,3525,2,2,pass,1,1,0.6677499,0.6677499,0.20378518,0.20378518,0.02274346,0.02274346,21.0,29.0,21.0,29.0
0.25,1.0,PF,3526,2,2,pass,1,1,0.6677499,0.6677499,0.20378518,0.20378518,0.02274346,0.02274346,21.0,29.0,21.0,29.0
0.25,1.0,PF,3527,2,2,pass,1,1,0.6677499,0.6677499,0.20378518,0.20378518,0.02274346,0.02274346,21.0,29.0,21.0,29.0
0.25,1.0,PF,3528,2,2,pass,1,1,0.6677499,0.6677499,0.20378518,0.20378518,0.02274346,0.02274346,21.0,29.0,21.0,29.0
0.25,1.0,PF,3529,2,2,pass,1,1,0.6677499,0.6677499,0.20378518,0.20378518,0.02274346,0.02274346,21.0,29.0,21.0,29.0
0.25,1.0,PF,3530,2,2,pass,1,1,0.6677499,0.6677499,0.20378518,0.20378518,0.02274346,0.02274346,21.0,29.0,21.0,29.0
0.25,1.0,PF,3531,2,2,pass,1,1,0.6677499,0.6677499,0.20378518,0.20378518,0.02274346,0.02274346,21.0,29.0,21.0,29.0
0.25,1.0,PF,3532,2,2,pass,1,1,0.6677499,0.6677499,0.20378518,0.20378518,0.02274346,0.02274346,21.0,29.0,21.0,29.0
0.25,1.0,PF,3533,2,2,pass,1,1,0.6677499,0.6677499,0.20378518,0.20378518,0.02274346,0.02274346,21.0,29.0,21.0,29.0
0.25,1.0,PF,3534,2,2,pass,1,1,0.6677499,0.6677499,0.20378518,0.20378518,0.02274346,0.02274346,21.0,29.0,21.0,29.0
0.25,1.0,PF,3535,2,2,pass,1,1,0.6677499,0.6677499,0.20378518,0.20378518,0.02274346,0.02274346,21.0,29.0,21.0,29.0
0.25,1.0,PF,3536,2,2,pass,1,1,0.6677499,0.6677499,0.20378518,0.20378518,0.02274346,0.02274346,21.0,29.0,21.0,29.0
0.25,1.0,PF,3537,2,2,pass,1,1,0.6506768,0.6506768,0.24160099,0.24160099,0.021516193,0.021516193,21.0,29.0,21.0,29.0
0.25,1.0,PF,3538,2,2,pass,1,1,0.6677499,0.6677499,0.20378518,0.20378518,0.02274346,0.02274346,21.0,29.0,21.0,29.0
0.25,1.0,PF,3539,2,2,pass,1,1,0.6677499,0.6677499,0.20378518,0.20378518,0.02274346,0.02274346,21.0,29.0,21.0,29.0
0.25,1.0,PF,3540,2,2,pass,1,1,0.6780778,0.6780778,0.173598,0.173598,0.012475382,0.012475382,21.0,29.0,21.0,29.0
0.25,1.0,PF,3541,2,2,pass,1,1,0.6677499,0.6677499,0.20378518,0.20378518,0.02274346,0.02274346,21.0,29.0,21.0,29.0
0.25,1.0,PF,3542,2,2,pass,1,1,0.6677499,0.6677499,0.20378518,0.20378518,0.02274346,0.02274346,21.0,29.0,21.0,29.0
0.25,1.0,PF,3543,2,2,pass,1,1,0.6677499,0.6677499,0.20378518,0.20378518,0.02274346,0.02274346,21.0,29.0,21.0,29.0
0.25,1.0,PF,3544,2,2,pass,1,1,0.6682329,0.6682329,0.20650832,0.20650832,0.025042687,0.025042687,21.0,29.0,21.0,29.0
0.25,1.0,PF,3545,2,2,pass,1,1,0.6677499,0.6677499,0.20378518,0.20378518,0.02274346,0.02274346,21.0,29.0,21.0,29.0
0.25,1.0,PF,3546,2,2,pass,1,1,0.6677499,0.6677499,0.20378518,0.20378518,0.02274346,0.02274346,21.0,29.0,21.0,29.0
0.25,1.0,PF,3547,2,2,pass,1,1,0.6677499,0.6677499,0.20378518,0.20378518,0.02274346,0.02274346,21.0,29.0,21.0,29.0
0.25,1.0,PF,3548,2,2,pass,1,1,0.6677499,0.6677499,0.20378518,0.20378518,0.02274346,0.02274346,21.0,29.0,21.0,29.0
0.25,1.0,PF,3549,2,2,pass,1,1,0.6677499,0.6677499,0.20378518,0.20378518,0.02274346,0.02274346,21.0,29.0,21.0,29.0
0.25,1.0,PF,3550,2,2,pass,1,1,0.6677499,0.6677499,0.20378518,0.20378518,0.02274346,0.02274346,21.0,29.0,21.0,29.0
0.25,1.0,PF,3551,2,2,pass,1,1,0.6677499,0.6677499,0.20378518,0.20378518,0.02274346,0.02274346,21.0,29.0,21.0,29.0
0.25,1.0,PF,3552,2,2,pass,1,1,0.6677499,0.6677499,0.20378518,0.20378518,0.02274346,0.02274346,21.0,29.0,21.0,29.0
0.25,1.0,PF,3553,2,2,pass,1,1,0.6677499,0.6677499,0.20378518,0.20378518,0.02274346,0.02274346,21.0,29.0,21.0,29.0
0.25,1.0,PF,3554,2,2,pass,1,1,0.6677499,0.6677499,0.20378518,0.20378518,0.02274346,0.02274346,21.0,29.0,21.0,29.0
0.25,1.0,PF,3555,2,2,pass,1,1,0.7186651,0.7186651,0.16434994,0.16434994,0.025743317,0.025743317,21.0,29.0,21.0,29.0
0.25,1.0,PF,3556,2,2,pass,1,1,0.6677499,0.6677499,0.20378518,0.20378518,0.02274346,0.02274346,21.0,29.0,21.0,29.0
0.25,1.0,PF,3557,2,2,pass,1,1,0.6682329,0.6682329,0.20650832,0.20650832,0.025042687,0.025042687,21.0,29.0,21.0,29.0
0.25,1.0,PF,3558,2,2,pass,1,1,0.6677499,0.6677499,0.20378518,0.20378518,0.02274346,0.02274346,21.0,29.0,21.0,29.0
0.25,1.0,PF,3559,2,2,pass,1,1,0.65129316,0.65129316,0.21678324,0.21678324,0.023225917,0.023225917,21.0,29.0,21.0,29.0
0.25,1.0,PF,3560,2,2,pass,1,1,0.7186651,0.7186651,0.16434994,0.16434994,0.025743317,0.025743317,21.0,29.0,21.0,29.0
0.25,1.0,PF,3561,2,2,pass,1,1,0.6677499,0.6677499,0.20378518,0.20378518,0.02274346,0.02274346,21.0,29.0,21.0,29.0
0.25,1.0,PF,3562,2,2,pass,1,1,0.65129316,0.65129316,0.21678324,0.21678324,0.023225917,0.023225917,21.0,29.0,21.0,29.0
0.25,1.0,PF,3563,2,2,pass,1,1,0.6677499,0.6677499,0.20378518,0.20378518,0.02274346,0.02274346,21.0,29.0,21.0,29.0
0.25,1.0,PF,3564,2,2,pass,1,1,0.6677499,0.6677499,0.20378518,0.20378518,0.02274346,0.02274346,21.0,29.0,21.0,29.0
0.25,1.0,PF,3565,2,2,pass,1,1,0.6682329,0.6682329,0.20650832,0.20650832,0.025042687,0.025042687,21.0,29.0,21.0,29.0
0.25,1.0,PF,3566,2,2,pass,1,1,0.6677499,0.6677499,0.20378518,0.20378518,0.02274346,0.02274346,21.0,29.0,21.0,29.0
0.25,1.0,PF,3567,2,2,pass,1,1,0.6677499,0.6677499,0.20378518,0.20378518,0.02274346,0.02274346,21.0,29.0,21.0,29.0
0.25,1.0,PF,3568,2,2,pass,1,1,0.6677499,0.6677499,0.20378518,0.20378518,0.02274346,0.02274346,21.0,29.0,21.0,29.0
0.25,1.0,PF,3569,2,2,pass,1,1,0.65129316,0.65129316,0.21678324,0.21678324,0.023225917,0.023225917,21.0,29.0,21.0,29.0
0.25,1.0,PF,3570,2,2,pass,1,1,0.6780778,0.6780778,0.173598,0.173598,0.012475382,0.012475382,21.0,29.0,21.0,29.0
0.25,1.0,PF,3571,2,2,pass,1,1,0.6677499,0.6677499,0.20378518,0.20378518,0.02274346,0.02274346,21.0,29.0,21.0,29.0
0.25,1.0,PF,3572,2,3,shield_to_safe,1,1,0.6677499,0.72676647,0.20378518,0.16350773,0.02274346,0.021733325,21.0,29.0,30.0,20.0
0.25,1.0,PF,3573,2,2,pass,1,1,0.6677499,0.6677499,0.20378518,0.20378518,0.02274346,0.02274346,21.0,29.0,21.0,29.0
0.25,1.0,PF,3574,2,2,pass,1,1,0.6677499,0.6677499,0.20378518,0.20378518,0.02274346,0.02274346,21.0,29.0,21.0,29.0
0.25,1.0,PF,3575,2,2,pass,1,1,0.6677499,0.6677499,0.20378518,0.20378518,0.02274346,0.02274346,21.0,29.0,21.0,29.0
0.25,1.0,PF,3576,2,2,pass,1,1,0.6677499,0.6677499,0.20378518,0.20378518,0.02274346,0.02274346,21.0,29.0,21.0,29.0
0.25,1.0,PF,3577,2,2,pass,1,1,0.6677499,0.6677499,0.20378518,0.20378518,0.02274346,0.02274346,21.0,29.0,21.0,29.0
0.25,1.0,PF,3578,2,2,pass,1,1,0.6677499,0.6677499,0.20378518,0.20378518,0.02274346,0.02274346,21.0,29.0,21.0,29.0
0.25,1.0,PF,3579,2,2,pass,1,1,0.6677499,0.6677499,0.20378518,0.20378518,0.02274346,0.02274346,21.0,29.0,21.0,29.0
0.25,1.0,PF,3580,2,2,pass,1,1,0.6677499,0.6677499,0.20378518,0.20378518,0.02274346,0.02274346,21.0,29.0,21.0,29.0
0.25,1.0,PF,3581,2,2,pass,1,1,0.6677499,0.6677499,0.20378518,0.20378518,0.02274346,0.02274346,21.0,29.0,21.0,29.0
0.25,1.0,PF,3582,2,2,pass,1,1,0.6677499,0.6677499,0.20378518,0.20378518,0.02274346,0.02274346,21.0,29.0,21.0,29.0
0.25,1.0,PF,3583,2,2,pass,1,1,0.6677499,0.6677499,0.20378518,0.20378518,0.02274346,0.02274346,21.0,29.0,21.0,29.0
0.25,1.0,PF,3584,2,2,pass,1,1,0.6677499,0.6677499,0.20378518,0.20378518,0.02274346,0.02274346,21.0,29.0,21.0,29.0
0.25,1.0,PF,3585,2,2,pass,1,1,0.6677499,0.6677499,0.20378518,0.20378518,0.02274346,0.02274346,21.0,29.0,21.0,29.0
0.25,1.0,PF,3586,2,2,pass,1,1,0.6677499,0.6677499,0.20378518,0.20378518,0.02274346,0.02274346,21.0,29.0,21.0,29.0
0.25,1.0,PF,3587,2,2,pass,1,1,0.6677499,0.6677499,0.20378518,0.20378518,0.02274346,0.02274346,21.0,29.0,21.0,29.0
0.25,1.0,PF,3588,2,2,pass,1,1,0.6677499,0.6677499,0.20378518,0.20378518,0.02274346,0.02274346,21.0,29.0,21.0,29.0
0.25,1.0,PF,3589,2,2,pass,1,1,0.6677499,0.6677499,0.20378518,0.20378518,0.02274346,0.02274346,21.0,29.0,21.0,29.0
0.25,1.0,PF,3590,2,2,pass,1,1,0.6677499,0.6677499,0.20378518,0.20378518,0.02274346,0.02274346,21.0,29.0,21.0,29.0
0.25,1.0,PF,3591,2,2,pass,1,1,0.6677499,0.6677499,0.20378518,0.20378518,0.02274346,0.02274346,21.0,29.0,21.0,29.0
0.25,1.0,PF,3592,2,2,pass,1,1,0.6677499,0.6677499,0.20378518,0.20378518,0.02274346,0.02274346,21.0,29.0,21.0,29.0
0.25,1.0,PF,3593,2,2,pass,1,1,0.6780778,0.6780778,0.173598,0.173598,0.012475382,0.012475382,21.0,29.0,21.0,29.0
0.25,1.0,PF,3594,2,2,pass,1,1,0.6677499,0.6677499,0.20378518,0.20378518,0.02274346,0.02274346,21.0,29.0,21.0,29.0
0.25,1.0,PF,3595,2,2,pass,1,1,0.6677499,0.6677499,0.20378518,0.20378518,0.02274346,0.02274346,21.0,29.0,21.0,29.0
0.25,1.0,PF,3596,2,2,pass,1,1,0.6677499,0.6677499,0.20378518,0.20378518,0.02274346,0.02274346,21.0,29.0,21.0,29.0
0.25,1.0,PF,3597,2,2,pass,1,1,0.6677499,0.6677499,0.20378518,0.20378518,0.02274346,0.02274346,21.0,29.0,21.0,29.0
0.25,1.0,PF,3598,2,2,pass,1,1,0.6677499,0.6677499,0.20378518,0.20378518,0.02274346,0.02274346,21.0,29.0,21.0,29.0
0.25,1.0,PF,3599,2,2,pass,1,1,0.65129316,0.65129316,0.21678324,0.21678324,0.023225917,0.023225917,21.0,29.0,21.0,29.0
0.25,1.0,PF,3600,2,2,pass,1,1,0.6677499,0.6677499,0.20378518,0.20378518,0.02274346,0.02274346,21.0,29.0,21.0,29.0
0.25,1.0,PF,3601,2,2,pass,1,1,0.6682329,0.6682329,0.20650832,0.20650832,0.025042687,0.025042687,21.0,29.0,21.0,29.0
0.25,1.0,PF,3602,2,2,pass,1,1,0.6682329,0.6682329,0.20650832,0.20650832,0.025042687,0.025042687,21.0,29.0,21.0,29.0
0.25,1.0,PF,3603,2,2,pass,1,1,0.6677499,0.6677499,0.20378518,0.20378518,0.02274346,0.02274346,21.0,29.0,21.0,29.0
0.25,1.0,PF,3604,2,2,pass,1,1,0.6677499,0.6677499,0.20378518,0.20378518,0.02274346,0.02274346,21.0,29.0,21.0,29.0
0.25,1.0,PF,3605,2,2,pass,1,1,0.6677499,0.6677499,0.20378518,0.20378518,0.02274346,0.02274346,21.0,29.0,21.0,29.0
0.25,1.0,PF,3606,2,2,pass,1,1,0.6677499,0.6677499,0.20378518,0.20378518,0.02274346,0.02274346,21.0,29.0,21.0,29.0
0.25,1.0,PF,3607,2,2,pass,1,1,0.6677499,0.6677499,0.20378518,0.20378518,0.02274346,0.02274346,21.0,29.0,21.0,29.0
0.25,1.0,PF,3608,2,2,pass,1,1,0.6677499,0.6677499,0.20378518,0.20378518,0.02274346,0.02274346,21.0,29.0,21.0,29.0
0.25,1.0,PF,3609,2,2,pass,1,1,0.6677499,0.6677499,0.20378518,0.20378518,0.02274346,0.02274346,21.0,29.0,21.0,29.0
0.25,1.0,PF,3610,2,2,pass,1,1,0.6677499,0.6677499,0.20378518,0.20378518,0.02274346,0.02274346,21.0,29.0,21.0,29.0
0.25,1.0,PF,3611,2,2,pass,1,1,0.6677499,0.6677499,0.20378518,0.20378518,0.02274346,0.02274346,21.0,29.0,21.0,29.0
0.25,1.0,PF,3612,2,2,pass,1,1,0.6374081,0.6374081,0.21929021,0.21929021,0.023887053,0.023887053,21.0,29.0,21.0,29.0
0.25,1.0,PF,3613,2,2,pass,1,1,0.6677499,0.6677499,0.20378518,0.20378518,0.02274346,0.02274346,21.0,29.0,21.0,29.0
0.25,1.0,PF,3614,2,2,pass,1,1,0.6677499,0.6677499,0.20378518,0.20378518,0.02274346,0.02274346,21.0,29.0,21.0,29.0
0.25,1.0,PF,3615,2,2,pass,1,1,0.6677499,0.6677499,0.20378518,0.20378518,0.02274346,0.02274346,21.0,29.0,21.0,29.0
0.25,1.0,PF,3616,2,2,pass,1,1,0.6677499,0.6677499,0.20378518,0.20378518,0.02274346,0.02274346,21.0,29.0,21.0,29.0
0.25,1.0,PF,3617,2,2,pass,1,1,0.6677499,0.6677499,0.20378518,0.20378518,0.02274346,0.02274346,21.0,29.0,21.0,29.0
0.25,1.0,PF,3618,2,2,pass,1,1,0.6677499,0.6677499,0.20378518,0.20378518,0.02274346,0.02274346,21.0,29.0,21.0,29.0
0.25,1.0,PF,3619,2,2,pass,1,1,0.6677499,0.6677499,0.20378518,0.20378518,0.02274346,0.02274346,21.0,29.0,21.0,29.0
0.25,1.0,PF,3620,2,2,pass,1,1,0.6677499,0.6677499,0.20378518,0.20378518,0.02274346,0.02274346,21.0,29.0,21.0,29.0
0.25,1.0,PF,3621,2,2,pass,1,1,0.6677499,0.6677499,0.20378518,0.20378518,0.02274346,0.02274346,21.0,29.0,21.0,29.0
0.25,1.0,PF,3622,2,2,pass,1,1,0.7186651,0.7186651,0.16434994,0.16434994,0.025743317,0.025743317,21.0,29.0,21.0,29.0
0.25,1.0,PF,3623,2,2,pass,1,1,0.65129316,0.65129316,0.21678324,0.21678324,0.023225917,0.023225917,21.0,29.0,21.0,29.0
0.25,1.0,PF,3624,2,2,pass,1,1,0.7186651,0.7186651,0.16434994,0.16434994,0.025743317,0.025743317,21.0,29.0,21.0,29.0
0.25,1.0,PF,3625,2,2,pass,1,1,0.6677499,0.6677499,0.20378518,0.20378518,0.02274346,0.02274346,21.0,29.0,21.0,29.0
0.25,1.0,PF,3626,2,2,pass,1,1,0.6677499,0.6677499,0.20378518,0.20378518,0.02274346,0.02274346,21.0,29.0,21.0,29.0
0.25,1.0,PF,3627,2,2,pass,1,1,0.6682329,0.6682329,0.20650832,0.20650832,0.025042687,0.025042687,21.0,29.0,21.0,29.0
0.25,1.0,PF,3628,2,2,pass,1,1,0.6677499,0.6677499,0.20378518,0.20378518,0.02274346,0.02274346,21.0,29.0,21.0,29.0
0.25,1.0,PF,3629,2,2,pass,1,1,0.6677499,0.6677499,0.20378518,0.20378518,0.02274346,0.02274346,21.0,29.0,21.0,29.0
0.25,1.0,PF,3630,2,2,pass,1,1,0.6677499,0.6677499,0.20378518,0.20378518,0.02274346,0.02274346,21.0,29.0,21.0,29.0
0.25,1.0,PF,3631,2,2,pass,1,1,0.6677499,0.6677499,0.20378518,0.20378518,0.02274346,0.02274346,21.0,29.0,21.0,29.0
0.25,1.0,PF,3632,2,2,pass,1,1,0.6677499,0.6677499,0.20378518,0.20378518,0.02274346,0.02274346,21.0,29.0,21.0,29.0
0.25,1.0,PF,3633,2,2,pass,1,1,0.6677499,0.6677499,0.20378518,0.20378518,0.02274346,0.02274346,21.0,29.0,21.0,29.0
0.25,1.0,PF,3634,2,2,pass,1,1,0.6677499,0.6677499,0.20378518,0.20378518,0.02274346,0.02274346,21.0,29.0,21.0,29.0
0.25,1.0,PF,3635,2,2,pass,1,1,0.6677499,0.6677499,0.20378518,0.20378518,0.02274346,0.02274346,21.0,29.0,21.0,29.0
0.25,1.0,PF,3636,2,2,pass,1,1,0.6677499,0.6677499,0.20378518,0.20378518,0.02274346,0.02274346,21.0,29.0,21.0,29.0
0.25,1.0,PF,3637,2,3,shield_to_safe,1,1,0.6677499,0.7168897,0.20378518,0.17843129,0.02274346,0.024729168,21.0,29.0,30.0,20.0
0.25,1.0,PF,3638,2,2,pass,1,1,0.6677499,0.6677499,0.20378518,0.20378518,0.02274346,0.02274346,21.0,29.0,21.0,29.0
0.25,1.0,PF,3639,2,2,pass,1,1,0.6682329,0.6682329,0.20650832,0.20650832,0.025042687,0.025042687,21.0,29.0,21.0,29.0
0.25,1.0,PF,3640,2,2,pass,1,1,0.7186651,0.7186651,0.16434994,0.16434994,0.025743317,0.025743317,21.0,29.0,21.0,29.0
0.25,1.0,PF,3641,2,2,pass,1,1,0.6677499,0.6677499,0.20378518,0.20378518,0.02274346,0.02274346,21.0,29.0,21.0,29.0
0.25,1.0,PF,3642,2,2,pass,1,1,0.6677499,0.6677499,0.20378518,0.20378518,0.02274346,0.02274346,21.0,29.0,21.0,29.0
0.25,1.0,PF,3643,2,2,pass,1,1,0.6677499,0.6677499,0.20378518,0.20378518,0.02274346,0.02274346,21.0,29.0,21.0,29.0
0.25,1.0,PF,3644,2,2,pass,1,1,0.6677499,0.6677499,0.20378518,0.20378518,0.02274346,0.02274346,21.0,29.0,21.0,29.0
0.25,1.0,PF,3645,2,2,pass,1,1,0.6677499,0.6677499,0.20378518,0.20378518,0.02274346,0.02274346,21.0,29.0,21.0,29.0
0.25,1.0,PF,3646,2,2,pass,1,1,0.6677499,0.6677499,0.20378518,0.20378518,0.02274346,0.02274346,21.0,29.0,21.0,29.0
0.25,1.0,PF,3647,2,2,pass,1,1,0.6677499,0.6677499,0.20378518,0.20378518,0.02274346,0.02274346,21.0,29.0,21.0,29.0
0.25,1.0,PF,3648,2,2,pass,1,1,0.6677499,0.6677499,0.20378518,0.20378518,0.02274346,0.02274346,21.0,29.0,21.0,29.0
0.25,1.0,PF,3649,2,2,pass,1,1,0.6677499,0.6677499,0.20378518,0.20378518,0.02274346,0.02274346,21.0,29.0,21.0,29.0
0.25,1.0,PF,3650,2,2,pass,1,1,0.6677499,0.6677499,0.20378518,0.20378518,0.02274346,0.02274346,21.0,29.0,21.0,29.0
0.25,1.0,PF,3651,2,2,pass,1,1,0.65129316,0.65129316,0.21678324,0.21678324,0.023225917,0.023225917,21.0,29.0,21.0,29.0
0.25,1.0,PF,3652,2,2,pass,1,1,0.6677499,0.6677499,0.20378518,0.20378518,0.02274346,0.02274346,21.0,29.0,21.0,29.0
0.25,1.0,PF,3653,2,2,pass,1,1,0.6677499,0.6677499,0.20378518,0.20378518,0.02274346,0.02274346,21.0,29.0,21.0,29.0
0.25,1.0,PF,3654,2,2,pass,1,1,0.6682329,0.6682329,0.20650832,0.20650832,0.025042687,0.025042687,21.0,29.0,21.0,29.0
0.25,1.0,PF,3655,2,2,pass,1,1,0.6677499,0.6677499,0.20378518,0.20378518,0.02274346,0.02274346,21.0,29.0,21.0,29.0
0.25,1.0,PF,3656,2,2,pass,1,1,0.6677499,0.6677499,0.20378518,0.20378518,0.02274346,0.02274346,21.0,29.0,21.0,29.0
0.25,1.0,PF,3657,2,2,pass,1,1,0.6677499,0.6677499,0.20378518,0.20378518,0.02274346,0.02274346,21.0,29.0,21.0,29.0
0.25,1.0,PF,3658,2,2,pass,1,1,0.6677499,0.6677499,0.20378518,0.20378518,0.02274346,0.02274346,21.0,29.0,21.0,29.0
0.25,1.0,PF,3659,2,2,pass,1,1,0.6677499,0.6677499,0.20378518,0.20378518,0.02274346,0.02274346,21.0,29.0,21.0,29.0
0.25,1.0,PF,3660,2,2,pass,1,1,0.6682329,0.6682329,0.20650832,0.20650832,0.025042687,0.025042687,21.0,29.0,21.0,29.0
0.25,1.0,PF,3661,2,2,pass,1,1,0.6677499,0.6677499,0.20378518,0.20378518,0.02274346,0.02274346,21.0,29.0,21.0,29.0
0.25,1.0,PF,3662,2,2,pass,1,1,0.6780778,0.6780778,0.173598,0.173598,0.012475382,0.012475382,21.0,29.0,21.0,29.0
0.25,1.0,PF,3663,2,2,pass,1,1,0.6677499,0.6677499,0.20378518,0.20378518,0.02274346,0.02274346,21.0,29.0,21.0,29.0
0.25,1.0,PF,3664,2,2,pass,1,1,0.6677499,0.6677499,0.20378518,0.20378518,0.02274346,0.02274346,21.0,29.0,21.0,29.0
0.25,1.0,PF,3665,2,2,pass,1,1,0.6677499,0.6677499,0.20378518,0.20378518,0.02274346,0.02274346,21.0,29.0,21.0,29.0
0.25,1.0,PF,3666,2,2,pass,1,1,0.65129316,0.65129316,0.21678324,0.21678324,0.023225917,0.023225917,21.0,29.0,21.0,29.0
0.25,1.0,PF,3667,2,2,pass,1,1,0.6677499,0.6677499,0.20378518,0.20378518,0.02274346,0.02274346,21.0,29.0,21.0,29.0
0.25,1.0,PF,3668,2,2,pass,1,1,0.6677499,0.6677499,0.20378518,0.20378518,0.02274346,0.02274346,21.0,29.0,21.0,29.0
0.25,1.0,PF,3669,2,2,pass,1,1,0.6677499,0.6677499,0.20378518,0.20378518,0.02274346,0.02274346,21.0,29.0,21.0,29.0
0.25,1.0,PF,3670,2,2,pass,1,1,0.6677499,0.6677499,0.20378518,0.20378518,0.02274346,0.02274346,21.0,29.0,21.0,29.0
0.25,1.0,PF,3671,2,2,pass,1,1,0.6677499,0.6677499,0.20378518,0.20378518,0.02274346,0.02274346,21.0,29.0,21.0,29.0
0.25,1.0,PF,3672,2,2,pass,1,1,0.6677499,0.6677499,0.20378518,0.20378518,0.02274346,0.02274346,21.0,29.0,21.0,29.0
0.25,1.0,PF,3673,2,2,pass,1,1,0.7186651,0.7186651,0.16434994,0.16434994,0.025743317,0.025743317,21.0,29.0,21.0,29.0
0.25,1.0,PF,3674,2,2,pass,1,1,0.6677499,0.6677499,0.20378518,0.20378518,0.02274346,0.02274346,21.0,29.0,21.0,29.0
0.25,1.0,PF,3675,2,2,pass,1,1,0.6677499,0.6677499,0.20378518,0.20378518,0.02274346,0.02274346,21.0,29.0,21.0,29.0
0.25,1.0,PF,3676,2,2,pass,1,1,0.65129316,0.65129316,0.21678324,0.21678324,0.023225917,0.023225917,21.0,29.0,21.0,29.0
0.25,1.0,PF,3677,2,2,pass,1,1,0.6677499,0.6677499,0.20378518,0.20378518,0.02274346,0.02274346,21.0,29.0,21.0,29.0
0.25,1.0,PF,3678,2,2,pass,1,1,0.6677499,0.6677499,0.20378518,0.20378518,0.02274346,0.02274346,21.0,29.0,21.0,29.0
0.25,1.0,PF,3679,2,2,pass,1,1,0.6677499,0.6677499,0.20378518,0.20378518,0.02274346,0.02274346,21.0,29.0,21.0,29.0
0.25,1.0,PF,3680,2,2,pass,1,1,0.6677499,0.6677499,0.20378518,0.20378518,0.02274346,0.02274346,21.0,29.0,21.0,29.0
0.25,1.0,PF,3681,2,3,shield_to_safe,1,1,0.6677499,0.72676647,0.20378518,0.16350773,0.02274346,0.021733325,21.0,29.0,30.0,20.0
0.25,1.0,PF,3682,2,2,pass,1,1,0.6677499,0.6677499,0.20378518,0.20378518,0.02274346,0.02274346,21.0,29.0,21.0,29.0
0.25,1.0,PF,3683,2,2,pass,1,1,0.6677499,0.6677499,0.20378518,0.20378518,0.02274346,0.02274346,21.0,29.0,21.0,29.0
0.25,1.0,PF,3684,2,3,shield_to_safe,1,1,0.65129316,0.72676647,0.21678324,0.16350773,0.023225917,0.021733325,21.0,29.0,30.0,20.0
0.25,1.0,PF,3685,2,2,pass,1,1,0.6677499,0.6677499,0.20378518,0.20378518,0.02274346,0.02274346,21.0,29.0,21.0,29.0
0.25,1.0,PF,3686,2,2,pass,1,1,0.6780778,0.6780778,0.173598,0.173598,0.012475382,0.012475382,21.0,29.0,21.0,29.0
0.25,1.0,PF,3687,2,2,pass,1,1,0.6677499,0.6677499,0.20378518,0.20378518,0.02274346,0.02274346,21.0,29.0,21.0,29.0
0.25,1.0,PF,3688,2,2,pass,1,1,0.6677499,0.6677499,0.20378518,0.20378518,0.02274346,0.02274346,21.0,29.0,21.0,29.0
0.25,1.0,PF,3689,2,2,pass,1,1,0.6506768,0.6506768,0.24160099,0.24160099,0.021516193,0.021516193,21.0,29.0,21.0,29.0
0.25,1.0,PF,3690,2,2,pass,1,1,0.6677499,0.6677499,0.20378518,0.20378518,0.02274346,0.02274346,21.0,29.0,21.0,29.0
0.25,1.0,PF,3691,2,2,pass,1,1,0.65129316,0.65129316,0.21678324,0.21678324,0.023225917,0.023225917,21.0,29.0,21.0,29.0
0.25,1.0,PF,3692,2,2,pass,1,1,0.6677499,0.6677499,0.20378518,0.20378518,0.02274346,0.02274346,21.0,29.0,21.0,29.0
0.25,1.0,PF,3693,2,2,pass,1,1,0.6682329,0.6682329,0.20650832,0.20650832,0.025042687,0.025042687,21.0,29.0,21.0,29.0
0.25,1.0,PF,3694,2,2,pass,1,1,0.6677499,0.6677499,0.20378518,0.20378518,0.02274346,0.02274346,21.0,29.0,21.0,29.0
0.25,1.0,PF,3695,2,2,pass,1,1,0.6682329,0.6682329,0.20650832,0.20650832,0.025042687,0.025042687,21.0,29.0,21.0,29.0
0.25,1.0,PF,3696,2,2,pass,1,1,0.6677499,0.6677499,0.20378518,0.20378518,0.02274346,0.02274346,21.0,29.0,21.0,29.0
0.25,1.0,PF,3697,2,2,pass,1,1,0.6677499,0.6677499,0.20378518,0.20378518,0.02274346,0.02274346,21.0,29.0,21.0,29.0
0.25,1.0,PF,3698,2,2,pass,1,1,0.6677499,0.6677499,0.20378518,0.20378518,0.02274346,0.02274346,21.0,29.0,21.0,29.0
0.25,1.0,PF,3699,2,2,pass,1,1,0.6677499,0.6677499,0.20378518,0.20378518,0.02274346,0.02274346,21.0,29.0,21.0,29.0
0.25,1.0,PF,3700,2,2,pass,1,1,0.6677499,0.6677499,0.20378518,0.20378518,0.02274346,0.02274346,21.0,29.0,21.0,29.0
0.25,1.0,PF,3701,2,2,pass,1,1,0.6677499,0.6677499,0.20378518,0.20378518,0.02274346,0.02274346,21.0,29.0,21.0,29.0
0.25,1.0,PF,3702,2,2,pass,1,1,0.7186651,0.7186651,0.16434994,0.16434994,0.025743317,0.025743317,21.0,29.0,21.0,29.0
0.25,1.0,PF,3703,2,2,pass,1,1,0.65129316,0.65129316,0.21678324,0.21678324,0.023225917,0.023225917,21.0,29.0,21.0,29.0
0.25,1.0,PF,3704,2,2,pass,1,1,0.6780778,0.6780778,0.173598,0.173598,0.012475382,0.012475382,21.0,29.0,21.0,29.0
0.25,1.0,PF,3705,2,2,pass,1,1,0.6677499,0.6677499,0.20378518,0.20378518,0.02274346,0.02274346,21.0,29.0,21.0,29.0
0.25,1.0,PF,3706,2,2,pass,1,1,0.6677499,0.6677499,0.20378518,0.20378518,0.02274346,0.02274346,21.0,29.0,21.0,29.0
0.25,1.0,PF,3707,2,2,pass,1,1,0.6677499,0.6677499,0.20378518,0.20378518,0.02274346,0.02274346,21.0,29.0,21.0,29.0
0.25,1.0,PF,3708,2,2,pass,1,1,0.6677499,0.6677499,0.20378518,0.20378518,0.02274346,0.02274346,21.0,29.0,21.0,29.0
0.25,1.0,PF,3709,2,2,pass,1,1,0.6506768,0.6506768,0.24160099,0.24160099,0.021516193,0.021516193,21.0,29.0,21.0,29.0
0.25,1.0,PF,3710,2,2,pass,1,1,0.6677499,0.6677499,0.20378518,0.20378518,0.02274346,0.02274346,21.0,29.0,21.0,29.0
0.25,1.0,PF,3711,2,2,pass,1,1,0.6677499,0.6677499,0.20378518,0.20378518,0.02274346,0.02274346,21.0,29.0,21.0,29.0
0.25,1.0,PF,3712,2,2,pass,1,1,0.6677499,0.6677499,0.20378518,0.20378518,0.02274346,0.02274346,21.0,29.0,21.0,29.0
0.25,1.0,PF,3713,2,2,pass,1,1,0.6677499,0.6677499,0.20378518,0.20378518,0.02274346,0.02274346,21.0,29.0,21.0,29.0
0.25,1.0,PF,3714,2,2,pass,1,1,0.6677499,0.6677499,0.20378518,0.20378518,0.02274346,0.02274346,21.0,29.0,21.0,29.0
0.25,1.0,PF,3715,2,2,pass,1,1,0.6677499,0.6677499,0.20378518,0.20378518,0.02274346,0.02274346,21.0,29.0,21.0,29.0
0.25,1.0,PF,3716,2,2,pass,1,1,0.6677499,0.6677499,0.20378518,0.20378518,0.02274346,0.02274346,21.0,29.0,21.0,29.0
0.25,1.0,PF,3717,2,2,pass,1,1,0.6677499,0.6677499,0.20378518,0.20378518,0.02274346,0.02274346,21.0,29.0,21.0,29.0
0.25,1.0,PF,3718,2,2,pass,1,1,0.6677499,0.6677499,0.20378518,0.20378518,0.02274346,0.02274346,21.0,29.0,21.0,29.0
0.25,1.0,PF,3719,2,2,pass,1,1,0.6677499,0.6677499,0.20378518,0.20378518,0.02274346,0.02274346,21.0,29.0,21.0,29.0
0.25,1.0,PF,3720,2,2,pass,1,1,0.6677499,0.6677499,0.20378518,0.20378518,0.02274346,0.02274346,21.0,29.0,21.0,29.0
0.25,1.0,PF,3721,2,2,pass,1,1,0.6677499,0.6677499,0.20378518,0.20378518,0.02274346,0.02274346,21.0,29.0,21.0,29.0
0.25,1.0,PF,3722,2,2,pass,1,1,0.6677499,0.6677499,0.20378518,0.20378518,0.02274346,0.02274346,21.0,29.0,21.0,29.0
0.25,1.0,PF,3723,2,3,shield_to_safe,1,1,0.6677499,0.7400724,0.20378518,0.1305214,0.02274346,0.019261362,21.0,29.0,30.0,20.0
0.25,1.0,PF,3724,2,2,pass,1,1,0.6677499,0.6677499,0.20378518,0.20378518,0.02274346,0.02274346,21.0,29.0,21.0,29.0
0.25,1.0,PF,3725,2,2,pass,1,1,0.6677499,0.6677499,0.20378518,0.20378518,0.02274346,0.02274346,21.0,29.0,21.0,29.0
0.25,1.0,PF,3726,2,2,pass,1,1,0.6677499,0.6677499,0.20378518,0.20378518,0.02274346,0.02274346,21.0,29.0,21.0,29.0
0.25,1.0,PF,3727,2,2,pass,1,1,0.6677499,0.6677499,0.20378518,0.20378518,0.02274346,0.02274346,21.0,29.0,21.0,29.0
0.25,1.0,PF,3728,2,2,pass,1,1,0.6677499,0.6677499,0.20378518,0.20378518,0.02274346,0.02274346,21.0,29.0,21.0,29.0
0.25,1.0,PF,3729,2,2,pass,1,1,0.6677499,0.6677499,0.20378518,0.20378518,0.02274346,0.02274346,21.0,29.0,21.0,29.0
0.25,1.0,PF,3730,2,2,pass,1,1,0.6677499,0.6677499,0.20378518,0.20378518,0.02274346,0.02274346,21.0,29.0,21.0,29.0
0.25,1.0,PF,3731,2,2,pass,1,1,0.6677499,0.6677499,0.20378518,0.20378518,0.02274346,0.02274346,21.0,29.0,21.0,29.0
0.25,1.0,PF,3732,2,2,pass,1,1,0.6677499,0.6677499,0.20378518,0.20378518,0.02274346,0.02274346,21.0,29.0,21.0,29.0
0.25,1.0,PF,3733,2,2,pass,1,1,0.6677499,0.6677499,0.20378518,0.20378518,0.02274346,0.02274346,21.0,29.0,21.0,29.0
0.25,1.0,PF,3734,2,2,pass,1,1,0.6677499,0.6677499,0.20378518,0.20378518,0.02274346,0.02274346,21.0,29.0,21.0,29.0
0.25,1.0,PF,3735,2,2,pass,1,1,0.6677499,0.6677499,0.20378518,0.20378518,0.02274346,0.02274346,21.0,29.0,21.0,29.0
0.25,1.0,PF,3736,2,2,pass,1,1,0.6780778,0.6780778,0.173598,0.173598,0.012475382,0.012475382,21.0,29.0,21.0,29.0
0.25,1.0,PF,3737,2,2,pass,1,1,0.6677499,0.6677499,0.20378518,0.20378518,0.02274346,0.02274346,21.0,29.0,21.0,29.0
0.25,1.0,PF,3738,2,2,pass,1,1,0.6677499,0.6677499,0.20378518,0.20378518,0.02274346,0.02274346,21.0,29.0,21.0,29.0
0.25,1.0,PF,3739,2,2,pass,1,1,0.6677499,0.6677499,0.20378518,0.20378518,0.02274346,0.02274346,21.0,29.0,21.0,29.0
0.25,1.0,PF,3740,2,2,pass,1,1,0.6677499,0.6677499,0.20378518,0.20378518,0.02274346,0.02274346,21.0,29.0,21.0,29.0
0.25,1.0,PF,3741,2,2,pass,1,1,0.6677499,0.6677499,0.20378518,0.20378518,0.02274346,0.02274346,21.0,29.0,21.0,29.0
0.25,1.0,PF,3742,2,2,pass,1,1,0.6677499,0.6677499,0.20378518,0.20378518,0.02274346,0.02274346,21.0,29.0,21.0,29.0
0.25,1.0,PF,3743,2,2,pass,1,1,0.6677499,0.6677499,0.20378518,0.20378518,0.02274346,0.02274346,21.0,29.0,21.0,29.0
0.25,1.0,PF,3744,2,2,pass,1,1,0.6677499,0.6677499,0.20378518,0.20378518,0.02274346,0.02274346,21.0,29.0,21.0,29.0
0.25,1.0,PF,3745,2,2,pass,1,1,0.6677499,0.6677499,0.20378518,0.20378518,0.02274346,0.02274346,21.0,29.0,21.0,29.0
0.25,1.0,PF,3746,2,2,pass,1,1,0.6677499,0.6677499,0.20378518,0.20378518,0.02274346,0.02274346,21.0,29.0,21.0,29.0
0.25,1.0,PF,3747,2,2,pass,1,1,0.65129316,0.65129316,0.21678324,0.21678324,0.023225917,0.023225917,21.0,29.0,21.0,29.0
0.25,1.0,PF,3748,2,2,pass,1,1,0.6677499,0.6677499,0.20378518,0.20378518,0.02274346,0.02274346,21.0,29.0,21.0,29.0
0.25,1.0,PF,3749,2,2,pass,1,1,0.6677499,0.6677499,0.20378518,0.20378518,0.02274346,0.02274346,21.0,29.0,21.0,29.0
0.25,1.0,PF,3750,2,2,pass,1,1,0.6677499,0.6677499,0.20378518,0.20378518,0.02274346,0.02274346,21.0,29.0,21.0,29.0
0.25,1.0,PF,3751,2,2,pass,1,1,0.6677499,0.6677499,0.20378518,0.20378518,0.02274346,0.02274346,21.0,29.0,21.0,29.0
0.25,1.0,PF,3752,2,2,pass,1,1,0.6677499,0.6677499,0.20378518,0.20378518,0.02274346,0.02274346,21.0,29.0,21.0,29.0
0.25,1.0,PF,3753,2,2,pass,1,1,0.6677499,0.6677499,0.20378518,0.20378518,0.02274346,0.02274346,21.0,29.0,21.0,29.0
0.25,1.0,PF,3754,2,2,pass,1,1,0.6506768,0.6506768,0.24160099,0.24160099,0.021516193,0.021516193,21.0,29.0,21.0,29.0
0.25,1.0,PF,3755,2,2,pass,1,1,0.6682329,0.6682329,0.20650832,0.20650832,0.025042687,0.025042687,21.0,29.0,21.0,29.0
0.25,1.0,PF,3756,2,2,pass,1,1,0.6677499,0.6677499,0.20378518,0.20378518,0.02274346,0.02274346,21.0,29.0,21.0,29.0
0.25,1.0,PF,3757,2,2,pass,1,1,0.6677499,0.6677499,0.20378518,0.20378518,0.02274346,0.02274346,21.0,29.0,21.0,29.0
0.25,1.0,PF,3758,2,2,pass,1,1,0.6677499,0.6677499,0.20378518,0.20378518,0.02274346,0.02274346,21.0,29.0,21.0,29.0
0.25,1.0,PF,3759,2,2,pass,1,1,0.6677499,0.6677499,0.20378518,0.20378518,0.02274346,0.02274346,21.0,29.0,21.0,29.0
0.25,1.0,PF,3760,2,2,pass,1,1,0.6677499,0.6677499,0.20378518,0.20378518,0.02274346,0.02274346,21.0,29.0,21.0,29.0
0.25,1.0,PF,3761,2,2,pass,1,1,0.6677499,0.6677499,0.20378518,0.20378518,0.02274346,0.02274346,21.0,29.0,21.0,29.0
0.25,1.0,PF,3762,2,2,pass,1,1,0.6677499,0.6677499,0.20378518,0.20378518,0.02274346,0.02274346,21.0,29.0,21.0,29.0
0.25,1.0,PF,3763,2,2,pass,1,1,0.6677499,0.6677499,0.20378518,0.20378518,0.02274346,0.02274346,21.0,29.0,21.0,29.0
0.25,1.0,PF,3764,2,2,pass,1,1,0.6677499,0.6677499,0.20378518,0.20378518,0.02274346,0.02274346,21.0,29.0,21.0,29.0
0.25,1.0,PF,3765,2,2,pass,1,1,0.6677499,0.6677499,0.20378518,0.20378518,0.02274346,0.02274346,21.0,29.0,21.0,29.0
0.25,1.0,PF,3766,2,2,pass,1,1,0.6780778,0.6780778,0.173598,0.173598,0.012475382,0.012475382,21.0,29.0,21.0,29.0
0.25,1.0,PF,3767,2,2,pass,1,1,0.6677499,0.6677499,0.20378518,0.20378518,0.02274346,0.02274346,21.0,29.0,21.0,29.0
0.25,1.0,PF,3768,2,2,pass,1,1,0.6677499,0.6677499,0.20378518,0.20378518,0.02274346,0.02274346,21.0,29.0,21.0,29.0
0.25,1.0,PF,3769,2,3,shield_to_safe,1,1,0.6677499,0.72676647,0.20378518,0.16350773,0.02274346,0.021733325,21.0,29.0,30.0,20.0
0.25,1.0,PF,3770,2,2,pass,1,1,0.6677499,0.6677499,0.20378518,0.20378518,0.02274346,0.02274346,21.0,29.0,21.0,29.0
0.25,1.0,PF,3771,2,2,pass,1,1,0.6677499,0.6677499,0.20378518,0.20378518,0.02274346,0.02274346,21.0,29.0,21.0,29.0
0.25,1.0,PF,3772,2,2,pass,1,1,0.6677499,0.6677499,0.20378518,0.20378518,0.02274346,0.02274346,21.0,29.0,21.0,29.0
0.25,1.0,PF,3773,2,2,pass,1,1,0.6677499,0.6677499,0.20378518,0.20378518,0.02274346,0.02274346,21.0,29.0,21.0,29.0
0.25,1.0,PF,3774,2,3,shield_to_safe,1,1,0.65129316,0.72676647,0.21678324,0.16350773,0.023225917,0.021733325,21.0,29.0,30.0,20.0
0.25,1.0,PF,3775,2,2,pass,1,1,0.6682329,0.6682329,0.20650832,0.20650832,0.025042687,0.025042687,21.0,29.0,21.0,29.0
0.25,1.0,PF,3776,2,2,pass,1,1,0.6677499,0.6677499,0.20378518,0.20378518,0.02274346,0.02274346,21.0,29.0,21.0,29.0
0.25,1.0,PF,3777,2,2,pass,1,1,0.6677499,0.6677499,0.20378518,0.20378518,0.02274346,0.02274346,21.0,29.0,21.0,29.0
0.25,1.0,PF,3778,2,2,pass,1,1,0.6677499,0.6677499,0.20378518,0.20378518,0.02274346,0.02274346,21.0,29.0,21.0,29.0
0.25,1.0,PF,3779,2,2,pass,1,1,0.6677499,0.6677499,0.20378518,0.20378518,0.02274346,0.02274346,21.0,29.0,21.0,29.0
0.25,1.0,PF,3780,2,2,pass,1,1,0.6677499,0.6677499,0.20378518,0.20378518,0.02274346,0.02274346,21.0,29.0,21.0,29.0
0.25,1.0,PF,3781,2,2,pass,1,1,0.6677499,0.6677499,0.20378518,0.20378518,0.02274346,0.02274346,21.0,29.0,21.0,29.0
0.25,1.0,PF,3782,2,2,pass,1,1,0.6677499,0.6677499,0.20378518,0.20378518,0.02274346,0.02274346,21.0,29.0,21.0,29.0
0.25,1.0,PF,3783,2,2,pass,1,1,0.65129316,0.65129316,0.21678324,0.21678324,0.023225917,0.023225917,21.0,29.0,21.0,29.0
0.25,1.0,PF,3784,2,2,pass,1,1,0.6677499,0.6677499,0.20378518,0.20378518,0.02274346,0.02274346,21.0,29.0,21.0,29.0
0.25,1.0,PF,3785,2,2,pass,1,1,0.65129316,0.65129316,0.21678324,0.21678324,0.023225917,0.023225917,21.0,29.0,21.0,29.0
0.25,1.0,PF,3786,2,2,pass,1,1,0.6677499,0.6677499,0.20378518,0.20378518,0.02274346,0.02274346,21.0,29.0,21.0,29.0
0.25,1.0,PF,3787,2,2,pass,1,1,0.6677499,0.6677499,0.20378518,0.20378518,0.02274346,0.02274346,21.0,29.0,21.0,29.0
0.25,1.0,PF,3788,2,2,pass,1,1,0.6677499,0.6677499,0.20378518,0.20378518,0.02274346,0.02274346,21.0,29.0,21.0,29.0
0.25,1.0,PF,3789,2,2,pass,1,1,0.6677499,0.6677499,0.20378518,0.20378518,0.02274346,0.02274346,21.0,29.0,21.0,29.0
0.25,1.0,PF,3790,2,2,pass,1,1,0.6677499,0.6677499,0.20378518,0.20378518,0.02274346,0.02274346,21.0,29.0,21.0,29.0
0.25,1.0,PF,3791,2,2,pass,1,1,0.6677499,0.6677499,0.20378518,0.20378518,0.02274346,0.02274346,21.0,29.0,21.0,29.0
0.25,1.0,PF,3792,2,2,pass,1,1,0.6677499,0.6677499,0.20378518,0.20378518,0.02274346,0.02274346,21.0,29.0,21.0,29.0
0.25,1.0,PF,3793,2,2,pass,1,1,0.6677499,0.6677499,0.20378518,0.20378518,0.02274346,0.02274346,21.0,29.0,21.0,29.0
0.25,1.0,PF,3794,2,2,pass,1,1,0.6677499,0.6677499,0.20378518,0.20378518,0.02274346,0.02274346,21.0,29.0,21.0,29.0
0.25,1.0,PF,3795,2,2,pass,1,1,0.6677499,0.6677499,0.20378518,0.20378518,0.02274346,0.02274346,21.0,29.0,21.0,29.0
0.25,1.0,PF,3796,2,2,pass,1,1,0.6677499,0.6677499,0.20378518,0.20378518,0.02274346,0.02274346,21.0,29.0,21.0,29.0
0.25,1.0,PF,3797,2,2,pass,1,1,0.7186651,0.7186651,0.16434994,0.16434994,0.025743317,0.025743317,21.0,29.0,21.0,29.0
0.25,1.0,PF,3798,2,2,pass,1,1,0.6677499,0.6677499,0.20378518,0.20378518,0.02274346,0.02274346,21.0,29.0,21.0,29.0
0.25,1.0,PF,3799,2,2,pass,1,1,0.6677499,0.6677499,0.20378518,0.20378518,0.02274346,0.02274346,21.0,29.0,21.0,29.0
0.25,1.0,PF,3800,2,2,pass,1,1,0.6677499,0.6677499,0.20378518,0.20378518,0.02274346,0.02274346,21.0,29.0,21.0,29.0
0.25,1.0,PF,3801,2,2,pass,1,1,0.6677499,0.6677499,0.20378518,0.20378518,0.02274346,0.02274346,21.0,29.0,21.0,29.0
0.25,1.0,PF,3802,2,2,pass,1,1,0.6677499,0.6677499,0.20378518,0.20378518,0.02274346,0.02274346,21.0,29.0,21.0,29.0
0.25,1.0,PF,3803,2,2,pass,1,1,0.6677499,0.6677499,0.20378518,0.20378518,0.02274346,0.02274346,21.0,29.0,21.0,29.0
0.25,1.0,PF,3804,2,2,pass,1,1,0.6682329,0.6682329,0.20650832,0.20650832,0.025042687,0.025042687,21.0,29.0,21.0,29.0
0.25,1.0,PF,3805,2,2,pass,1,1,0.6677499,0.6677499,0.20378518,0.20378518,0.02274346,0.02274346,21.0,29.0,21.0,29.0
0.25,1.0,PF,3806,2,2,pass,1,1,0.6677499,0.6677499,0.20378518,0.20378518,0.02274346,0.02274346,21.0,29.0,21.0,29.0
0.25,1.0,PF,3807,2,2,pass,1,1,0.6677499,0.6677499,0.20378518,0.20378518,0.02274346,0.02274346,21.0,29.0,21.0,29.0
0.25,1.0,PF,3808,2,2,pass,1,1,0.6677499,0.6677499,0.20378518,0.20378518,0.02274346,0.02274346,21.0,29.0,21.0,29.0
0.25,1.0,PF,3809,2,2,pass,1,1,0.6677499,0.6677499,0.20378518,0.20378518,0.02274346,0.02274346,21.0,29.0,21.0,29.0
0.25,1.0,PF,3810,2,2,pass,1,1,0.6506768,0.6506768,0.24160099,0.24160099,0.021516193,0.021516193,21.0,29.0,21.0,29.0
0.25,1.0,PF,3811,2,2,pass,1,1,0.6677499,0.6677499,0.20378518,0.20378518,0.02274346,0.02274346,21.0,29.0,21.0,29.0
0.25,1.0,PF,3812,2,2,pass,1,1,0.6677499,0.6677499,0.20378518,0.20378518,0.02274346,0.02274346,21.0,29.0,21.0,29.0
0.25,1.0,PF,3813,2,2,pass,1,1,0.6506768,0.6506768,0.24160099,0.24160099,0.021516193,0.021516193,21.0,29.0,21.0,29.0
0.25,1.0,PF,3814,2,2,pass,1,1,0.6677499,0.6677499,0.20378518,0.20378518,0.02274346,0.02274346,21.0,29.0,21.0,29.0
0.25,1.0,PF,3815,2,2,pass,1,1,0.6682329,0.6682329,0.20650832,0.20650832,0.025042687,0.025042687,21.0,29.0,21.0,29.0
0.25,1.0,PF,3816,2,2,pass,1,1,0.6677499,0.6677499,0.20378518,0.20378518,0.02274346,0.02274346,21.0,29.0,21.0,29.0
0.25,1.0,PF,3817,2,3,shield_to_safe,1,1,0.6677499,0.7168897,0.20378518,0.17843129,0.02274346,0.024729168,21.0,29.0,30.0,20.0
0.25,1.0,PF,3818,2,2,pass,1,1,0.6677499,0.6677499,0.20378518,0.20378518,0.02274346,0.02274346,21.0,29.0,21.0,29.0
0.25,1.0,PF,3819,2,2,pass,1,1,0.6677499,0.6677499,0.20378518,0.20378518,0.02274346,0.02274346,21.0,29.0,21.0,29.0
0.25,1.0,PF,3820,2,2,pass,1,1,0.6677499,0.6677499,0.20378518,0.20378518,0.02274346,0.02274346,21.0,29.0,21.0,29.0
0.25,1.0,PF,3821,2,2,pass,1,1,0.6677499,0.6677499,0.20378518,0.20378518,0.02274346,0.02274346,21.0,29.0,21.0,29.0
0.25,1.0,PF,3822,2,2,pass,1,1,0.6677499,0.6677499,0.20378518,0.20378518,0.02274346,0.02274346,21.0,29.0,21.0,29.0
0.25,1.0,PF,3823,2,2,pass,1,1,0.65129316,0.65129316,0.21678324,0.21678324,0.023225917,0.023225917,21.0,29.0,21.0,29.0
0.25,1.0,PF,3824,2,2,pass,1,1,0.6677499,0.6677499,0.20378518,0.20378518,0.02274346,0.02274346,21.0,29.0,21.0,29.0
0.25,1.0,PF,3825,2,2,pass,1,1,0.6780778,0.6780778,0.173598,0.173598,0.012475382,0.012475382,21.0,29.0,21.0,29.0
0.25,1.0,PF,3826,2,2,pass,1,1,0.6677499,0.6677499,0.20378518,0.20378518,0.02274346,0.02274346,21.0,29.0,21.0,29.0
0.25,1.0,PF,3827,2,2,pass,1,1,0.6677499,0.6677499,0.20378518,0.20378518,0.02274346,0.02274346,21.0,29.0,21.0,29.0
0.25,1.0,PF,3828,2,2,pass,1,1,0.6677499,0.6677499,0.20378518,0.20378518,0.02274346,0.02274346,21.0,29.0,21.0,29.0
0.25,1.0,PF,3829,2,2,pass,1,1,0.6677499,0.6677499,0.20378518,0.20378518,0.02274346,0.02274346,21.0,29.0,21.0,29.0
0.25,1.0,PF,3830,2,2,pass,1,1,0.6677499,0.6677499,0.20378518,0.20378518,0.02274346,0.02274346,21.0,29.0,21.0,29.0
0.25,1.0,PF,3831,2,2,pass,1,1,0.6677499,0.6677499,0.20378518,0.20378518,0.02274346,0.02274346,21.0,29.0,21.0,29.0
0.25,1.0,PF,3832,2,2,pass,1,1,0.65129316,0.65129316,0.21678324,0.21678324,0.023225917,0.023225917,21.0,29.0,21.0,29.0
0.25,1.0,PF,3833,2,2,pass,1,1,0.65129316,0.65129316,0.21678324,0.21678324,0.023225917,0.023225917,21.0,29.0,21.0,29.0
0.25,1.0,PF,3834,2,2,pass,1,1,0.6677499,0.6677499,0.20378518,0.20378518,0.02274346,0.02274346,21.0,29.0,21.0,29.0
0.25,1.0,PF,3835,2,2,pass,1,1,0.6677499,0.6677499,0.20378518,0.20378518,0.02274346,0.02274346,21.0,29.0,21.0,29.0
0.25,1.0,PF,3836,2,2,pass,1,1,0.6677499,0.6677499,0.20378518,0.20378518,0.02274346,0.02274346,21.0,29.0,21.0,29.0
0.25,1.0,PF,3837,2,2,pass,1,1,0.6677499,0.6677499,0.20378518,0.20378518,0.02274346,0.02274346,21.0,29.0,21.0,29.0
0.25,1.0,PF,3838,2,2,pass,1,1,0.6677499,0.6677499,0.20378518,0.20378518,0.02274346,0.02274346,21.0,29.0,21.0,29.0
0.25,1.0,PF,3839,2,2,pass,1,1,0.6677499,0.6677499,0.20378518,0.20378518,0.02274346,0.02274346,21.0,29.0,21.0,29.0
0.25,1.0,PF,3840,2,2,pass,1,1,0.65129316,0.65129316,0.21678324,0.21678324,0.023225917,0.023225917,21.0,29.0,21.0,29.0
0.25,1.0,PF,3841,2,2,pass,1,1,0.6677499,0.6677499,0.20378518,0.20378518,0.02274346,0.02274346,21.0,29.0,21.0,29.0
0.25,1.0,PF,3842,2,2,pass,1,1,0.6677499,0.6677499,0.20378518,0.20378518,0.02274346,0.02274346,21.0,29.0,21.0,29.0
0.25,1.0,PF,3843,2,2,pass,1,1,0.6677499,0.6677499,0.20378518,0.20378518,0.02274346,0.02274346,21.0,29.0,21.0,29.0
0.25,1.0,PF,3844,2,2,pass,1,1,0.6677499,0.6677499,0.20378518,0.20378518,0.02274346,0.02274346,21.0,29.0,21.0,29.0
0.25,1.0,PF,3845,2,2,pass,1,1,0.6780778,0.6780778,0.173598,0.173598,0.012475382,0.012475382,21.0,29.0,21.0,29.0
0.25,1.0,PF,3846,2,2,pass,1,1,0.6677499,0.6677499,0.20378518,0.20378518,0.02274346,0.02274346,21.0,29.0,21.0,29.0
0.25,1.0,PF,3847,2,2,pass,1,1,0.6677499,0.6677499,0.20378518,0.20378518,0.02274346,0.02274346,21.0,29.0,21.0,29.0
0.25,1.0,PF,3848,2,2,pass,1,1,0.6677499,0.6677499,0.20378518,0.20378518,0.02274346,0.02274346,21.0,29.0,21.0,29.0
0.25,1.0,PF,3849,2,2,pass,1,1,0.6780778,0.6780778,0.173598,0.173598,0.012475382,0.012475382,21.0,29.0,21.0,29.0
0.25,1.0,PF,3850,2,2,pass,1,1,0.6677499,0.6677499,0.20378518,0.20378518,0.02274346,0.02274346,21.0,29.0,21.0,29.0
0.25,1.0,PF,3851,2,2,pass,1,1,0.6677499,0.6677499,0.20378518,0.20378518,0.02274346,0.02274346,21.0,29.0,21.0,29.0
0.25,1.0,PF,3852,2,2,pass,1,1,0.6677499,0.6677499,0.20378518,0.20378518,0.02274346,0.02274346,21.0,29.0,21.0,29.0
0.25,1.0,PF,3853,2,2,pass,1,1,0.6682329,0.6682329,0.20650832,0.20650832,0.025042687,0.025042687,21.0,29.0,21.0,29.0
0.25,1.0,PF,3854,2,2,pass,1,1,0.65129316,0.65129316,0.21678324,0.21678324,0.023225917,0.023225917,21.0,29.0,21.0,29.0
0.25,1.0,PF,3855,2,2,pass,1,1,0.6677499,0.6677499,0.20378518,0.20378518,0.02274346,0.02274346,21.0,29.0,21.0,29.0
0.25,1.0,PF,3856,2,2,pass,1,1,0.6780778,0.6780778,0.173598,0.173598,0.012475382,0.012475382,21.0,29.0,21.0,29.0
0.25,1.0,PF,3857,2,2,pass,1,1,0.6677499,0.6677499,0.20378518,0.20378518,0.02274346,0.02274346,21.0,29.0,21.0,29.0
0.25,1.0,PF,3858,2,2,pass,1,1,0.65129316,0.65129316,0.21678324,0.21678324,0.023225917,0.023225917,21.0,29.0,21.0,29.0
0.25,1.0,PF,3859,2,2,pass,1,1,0.6677499,0.6677499,0.20378518,0.20378518,0.02274346,0.02274346,21.0,29.0,21.0,29.0
0.25,1.0,PF,3860,2,2,pass,1,1,0.6677499,0.6677499,0.20378518,0.20378518,0.02274346,0.02274346,21.0,29.0,21.0,29.0
0.25,1.0,PF,3861,2,2,pass,1,1,0.6677499,0.6677499,0.20378518,0.20378518,0.02274346,0.02274346,21.0,29.0,21.0,29.0
0.25,1.0,PF,3862,2,2,pass,1,1,0.6677499,0.6677499,0.20378518,0.20378518,0.02274346,0.02274346,21.0,29.0,21.0,29.0
0.25,1.0,PF,3863,2,2,pass,1,1,0.6780778,0.6780778,0.173598,0.173598,0.012475382,0.012475382,21.0,29.0,21.0,29.0
0.25,1.0,PF,3864,2,2,pass,1,1,0.6682329,0.6682329,0.20650832,0.20650832,0.025042687,0.025042687,21.0,29.0,21.0,29.0
0.25,1.0,PF,3865,2,3,shield_to_safe,1,1,0.6677499,0.72676647,0.20378518,0.16350773,0.02274346,0.021733325,21.0,29.0,30.0,20.0
0.25,1.0,PF,3866,2,2,pass,1,1,0.6677499,0.6677499,0.20378518,0.20378518,0.02274346,0.02274346,21.0,29.0,21.0,29.0
0.25,1.0,PF,3867,2,2,pass,1,1,0.6677499,0.6677499,0.20378518,0.20378518,0.02274346,0.02274346,21.0,29.0,21.0,29.0
0.25,1.0,PF,3868,2,2,pass,1,1,0.6677499,0.6677499,0.20378518,0.20378518,0.02274346,0.02274346,21.0,29.0,21.0,29.0
0.25,1.0,PF,3869,2,2,pass,1,1,0.6677499,0.6677499,0.20378518,0.20378518,0.02274346,0.02274346,21.0,29.0,21.0,29.0
0.25,1.0,PF,3870,2,2,pass,1,1,0.6677499,0.6677499,0.20378518,0.20378518,0.02274346,0.02274346,21.0,29.0,21.0,29.0
0.25,1.0,PF,3871,2,2,pass,1,1,0.65129316,0.65129316,0.21678324,0.21678324,0.023225917,0.023225917,21.0,29.0,21.0,29.0
0.25,1.0,PF,3872,2,2,pass,1,1,0.6677499,0.6677499,0.20378518,0.20378518,0.02274346,0.02274346,21.0,29.0,21.0,29.0
0.25,1.0,PF,3873,2,2,pass,1,1,0.6677499,0.6677499,0.20378518,0.20378518,0.02274346,0.02274346,21.0,29.0,21.0,29.0
0.25,1.0,PF,3874,2,2,pass,1,1,0.6677499,0.6677499,0.20378518,0.20378518,0.02274346,0.02274346,21.0,29.0,21.0,29.0
0.25,1.0,PF,3875,2,2,pass,1,1,0.6374081,0.6374081,0.21929021,0.21929021,0.023887053,0.023887053,21.0,29.0,21.0,29.0
0.25,1.0,PF,3876,2,2,pass,1,1,0.6677499,0.6677499,0.20378518,0.20378518,0.02274346,0.02274346,21.0,29.0,21.0,29.0
0.25,1.0,PF,3877,2,2,pass,1,1,0.6677499,0.6677499,0.20378518,0.20378518,0.02274346,0.02274346,21.0,29.0,21.0,29.0
0.25,1.0,PF,3878,2,2,pass,1,1,0.6677499,0.6677499,0.20378518,0.20378518,0.02274346,0.02274346,21.0,29.0,21.0,29.0
0.25,1.0,PF,3879,2,2,pass,1,1,0.6677499,0.6677499,0.20378518,0.20378518,0.02274346,0.02274346,21.0,29.0,21.0,29.0
0.25,1.0,PF,3880,2,2,pass,1,1,0.6677499,0.6677499,0.20378518,0.20378518,0.02274346,0.02274346,21.0,29.0,21.0,29.0
0.25,1.0,PF,3881,2,2,pass,1,1,0.6677499,0.6677499,0.20378518,0.20378518,0.02274346,0.02274346,21.0,29.0,21.0,29.0
0.25,1.0,PF,3882,2,2,pass,1,1,0.6677499,0.6677499,0.20378518,0.20378518,0.02274346,0.02274346,21.0,29.0,21.0,29.0
0.25,1.0,PF,3883,2,2,pass,1,1,0.6677499,0.6677499,0.20378518,0.20378518,0.02274346,0.02274346,21.0,29.0,21.0,29.0
0.25,1.0,PF,3884,2,2,pass,1,1,0.65129316,0.65129316,0.21678324,0.21678324,0.023225917,0.023225917,21.0,29.0,21.0,29.0
0.25,1.0,PF,3885,2,2,pass,1,1,0.6677499,0.6677499,0.20378518,0.20378518,0.02274346,0.02274346,21.0,29.0,21.0,29.0
0.25,1.0,PF,3886,2,2,pass,1,1,0.6677499,0.6677499,0.20378518,0.20378518,0.02274346,0.02274346,21.0,29.0,21.0,29.0
0.25,1.0,PF,3887,2,2,pass,1,1,0.6677499,0.6677499,0.20378518,0.20378518,0.02274346,0.02274346,21.0,29.0,21.0,29.0
0.25,1.0,PF,3888,2,2,pass,1,1,0.6682329,0.6682329,0.20650832,0.20650832,0.025042687,0.025042687,21.0,29.0,21.0,29.0
0.25,1.0,PF,3889,2,2,pass,1,1,0.6677499,0.6677499,0.20378518,0.20378518,0.02274346,0.02274346,21.0,29.0,21.0,29.0
0.25,1.0,PF,3890,2,2,pass,1,1,0.6677499,0.6677499,0.20378518,0.20378518,0.02274346,0.02274346,21.0,29.0,21.0,29.0
0.25,1.0,PF,3891,2,2,pass,1,1,0.65129316,0.65129316,0.21678324,0.21678324,0.023225917,0.023225917,21.0,29.0,21.0,29.0
0.25,1.0,PF,3892,2,2,pass,1,1,0.6677499,0.6677499,0.20378518,0.20378518,0.02274346,0.02274346,21.0,29.0,21.0,29.0
0.25,1.0,PF,3893,2,2,pass,1,1,0.6677499,0.6677499,0.20378518,0.20378518,0.02274346,0.02274346,21.0,29.0,21.0,29.0
0.25,1.0,PF,3894,2,2,pass,1,1,0.6677499,0.6677499,0.20378518,0.20378518,0.02274346,0.02274346,21.0,29.0,21.0,29.0
0.25,1.0,PF,3895,2,2,pass,1,1,0.6682329,0.6682329,0.20650832,0.20650832,0.025042687,0.025042687,21.0,29.0,21.0,29.0
0.25,1.0,PF,3896,2,2,pass,1,1,0.6677499,0.6677499,0.20378518,0.20378518,0.02274346,0.02274346,21.0,29.0,21.0,29.0
0.25,1.0,PF,3897,2,2,pass,1,1,0.6677499,0.6677499,0.20378518,0.20378518,0.02274346,0.02274346,21.0,29.0,21.0,29.0
0.25,1.0,PF,3898,2,2,pass,1,1,0.6682329,0.6682329,0.20650832,0.20650832,0.025042687,0.025042687,21.0,29.0,21.0,29.0
0.25,1.0,PF,3899,2,2,pass,1,1,0.6677499,0.6677499,0.20378518,0.20378518,0.02274346,0.02274346,21.0,29.0,21.0,29.0
0.25,1.0,PF,3900,2,2,pass,1,1,0.6677499,0.6677499,0.20378518,0.20378518,0.02274346,0.02274346,21.0,29.0,21.0,29.0
0.25,1.0,PF,3901,2,2,pass,1,1,0.6682329,0.6682329,0.20650832,0.20650832,0.025042687,0.025042687,21.0,29.0,21.0,29.0
0.25,1.0,PF,3902,2,2,pass,1,1,0.6677499,0.6677499,0.20378518,0.20378518,0.02274346,0.02274346,21.0,29.0,21.0,29.0
0.25,1.0,PF,3903,2,2,pass,1,1,0.6677499,0.6677499,0.20378518,0.20378518,0.02274346,0.02274346,21.0,29.0,21.0,29.0
0.25,1.0,PF,3904,2,3,shield_to_safe,1,1,0.6677499,0.72676647,0.20378518,0.16350773,0.02274346,0.021733325,21.0,29.0,30.0,20.0
0.25,1.0,PF,3905,2,2,pass,1,1,0.65129316,0.65129316,0.21678324,0.21678324,0.023225917,0.023225917,21.0,29.0,21.0,29.0
0.25,1.0,PF,3906,2,2,pass,1,1,0.65129316,0.65129316,0.21678324,0.21678324,0.023225917,0.023225917,21.0,29.0,21.0,29.0
0.25,1.0,PF,3907,2,2,pass,1,1,0.6677499,0.6677499,0.20378518,0.20378518,0.02274346,0.02274346,21.0,29.0,21.0,29.0
0.25,1.0,PF,3908,2,2,pass,1,1,0.6677499,0.6677499,0.20378518,0.20378518,0.02274346,0.02274346,21.0,29.0,21.0,29.0
0.25,1.0,PF,3909,2,2,pass,1,1,0.6677499,0.6677499,0.20378518,0.20378518,0.02274346,0.02274346,21.0,29.0,21.0,29.0
0.25,1.0,PF,3910,2,2,pass,1,1,0.6677499,0.6677499,0.20378518,0.20378518,0.02274346,0.02274346,21.0,29.0,21.0,29.0
0.25,1.0,PF,3911,2,2,pass,1,1,0.6677499,0.6677499,0.20378518,0.20378518,0.02274346,0.02274346,21.0,29.0,21.0,29.0
0.25,1.0,PF,3912,2,2,pass,1,1,0.6677499,0.6677499,0.20378518,0.20378518,0.02274346,0.02274346,21.0,29.0,21.0,29.0
0.25,1.0,PF,3913,2,2,pass,1,1,0.6677499,0.6677499,0.20378518,0.20378518,0.02274346,0.02274346,21.0,29.0,21.0,29.0
0.25,1.0,PF,3914,2,2,pass,1,1,0.6677499,0.6677499,0.20378518,0.20378518,0.02274346,0.02274346,21.0,29.0,21.0,29.0
0.25,1.0,PF,3915,2,2,pass,1,1,0.6682329,0.6682329,0.20650832,0.20650832,0.025042687,0.025042687,21.0,29.0,21.0,29.0
0.25,1.0,PF,3916,2,2,pass,1,1,0.6374081,0.6374081,0.21929021,0.21929021,0.023887053,0.023887053,21.0,29.0,21.0,29.0
0.25,1.0,PF,3917,2,2,pass,1,1,0.6677499,0.6677499,0.20378518,0.20378518,0.02274346,0.02274346,21.0,29.0,21.0,29.0
0.25,1.0,PF,3918,2,2,pass,1,1,0.6677499,0.6677499,0.20378518,0.20378518,0.02274346,0.02274346,21.0,29.0,21.0,29.0
0.25,1.0,PF,3919,2,2,pass,1,1,0.6677499,0.6677499,0.20378518,0.20378518,0.02274346,0.02274346,21.0,29.0,21.0,29.0
0.25,1.0,PF,3920,2,2,pass,1,1,0.6677499,0.6677499,0.20378518,0.20378518,0.02274346,0.02274346,21.0,29.0,21.0,29.0
0.25,1.0,PF,3921,2,2,pass,1,1,0.6677499,0.6677499,0.20378518,0.20378518,0.02274346,0.02274346,21.0,29.0,21.0,29.0
0.25,1.0,PF,3922,2,2,pass,1,1,0.6677499,0.6677499,0.20378518,0.20378518,0.02274346,0.02274346,21.0,29.0,21.0,29.0
0.25,1.0,PF,3923,2,2,pass,1,1,0.6677499,0.6677499,0.20378518,0.20378518,0.02274346,0.02274346,21.0,29.0,21.0,29.0
0.25,1.0,PF,3924,2,2,pass,1,1,0.6677499,0.6677499,0.20378518,0.20378518,0.02274346,0.02274346,21.0,29.0,21.0,29.0
0.25,1.0,PF,3925,2,2,pass,1,1,0.6780778,0.6780778,0.173598,0.173598,0.012475382,0.012475382,21.0,29.0,21.0,29.0
0.25,1.0,PF,3926,2,2,pass,1,1,0.6374081,0.6374081,0.21929021,0.21929021,0.023887053,0.023887053,21.0,29.0,21.0,29.0
0.25,1.0,PF,3927,2,2,pass,1,1,0.6677499,0.6677499,0.20378518,0.20378518,0.02274346,0.02274346,21.0,29.0,21.0,29.0
0.25,1.0,PF,3928,2,2,pass,1,1,0.6677499,0.6677499,0.20378518,0.20378518,0.02274346,0.02274346,21.0,29.0,21.0,29.0
0.25,1.0,PF,3929,2,2,pass,1,1,0.6677499,0.6677499,0.20378518,0.20378518,0.02274346,0.02274346,21.0,29.0,21.0,29.0
0.25,1.0,PF,3930,2,2,pass,1,1,0.6677499,0.6677499,0.20378518,0.20378518,0.02274346,0.02274346,21.0,29.0,21.0,29.0
0.25,1.0,PF,3931,2,2,pass,1,1,0.6677499,0.6677499,0.20378518,0.20378518,0.02274346,0.02274346,21.0,29.0,21.0,29.0
0.25,1.0,PF,3932,2,2,pass,1,1,0.6677499,0.6677499,0.20378518,0.20378518,0.02274346,0.02274346,21.0,29.0,21.0,29.0
0.25,1.0,PF,3933,2,2,pass,1,1,0.6677499,0.6677499,0.20378518,0.20378518,0.02274346,0.02274346,21.0,29.0,21.0,29.0
0.25,1.0,PF,3934,2,2,pass,1,1,0.6677499,0.6677499,0.20378518,0.20378518,0.02274346,0.02274346,21.0,29.0,21.0,29.0
0.25,1.0,PF,3935,2,2,pass,1,1,0.6677499,0.6677499,0.20378518,0.20378518,0.02274346,0.02274346,21.0,29.0,21.0,29.0
0.25,1.0,PF,3936,2,2,pass,1,1,0.6677499,0.6677499,0.20378518,0.20378518,0.02274346,0.02274346,21.0,29.0,21.0,29.0
0.25,1.0,PF,3937,2,2,pass,1,1,0.6677499,0.6677499,0.20378518,0.20378518,0.02274346,0.02274346,21.0,29.0,21.0,29.0
0.25,1.0,PF,3938,2,2,pass,1,1,0.6677499,0.6677499,0.20378518,0.20378518,0.02274346,0.02274346,21.0,29.0,21.0,29.0
0.25,1.0,PF,3939,2,2,pass,1,1,0.6677499,0.6677499,0.20378518,0.20378518,0.02274346,0.02274346,21.0,29.0,21.0,29.0
0.25,1.0,PF,3940,2,2,pass,1,1,0.6677499,0.6677499,0.20378518,0.20378518,0.02274346,0.02274346,21.0,29.0,21.0,29.0
0.25,1.0,PF,3941,2,2,pass,1,1,0.6677499,0.6677499,0.20378518,0.20378518,0.02274346,0.02274346,21.0,29.0,21.0,29.0
0.25,1.0,PF,3942,2,2,pass,1,1,0.6677499,0.6677499,0.20378518,0.20378518,0.02274346,0.02274346,21.0,29.0,21.0,29.0
0.25,1.0,PF,3943,2,2,pass,1,1,0.6677499,0.6677499,0.20378518,0.20378518,0.02274346,0.02274346,21.0,29.0,21.0,29.0
0.25,1.0,PF,3944,2,2,pass,1,1,0.6677499,0.6677499,0.20378518,0.20378518,0.02274346,0.02274346,21.0,29.0,21.0,29.0
0.25,1.0,PF,3945,2,2,pass,1,1,0.65129316,0.65129316,0.21678324,0.21678324,0.023225917,0.023225917,21.0,29.0,21.0,29.0
0.25,1.0,PF,3946,2,2,pass,1,1,0.6677499,0.6677499,0.20378518,0.20378518,0.02274346,0.02274346,21.0,29.0,21.0,29.0
0.25,1.0,PF,3947,2,2,pass,1,1,0.6677499,0.6677499,0.20378518,0.20378518,0.02274346,0.02274346,21.0,29.0,21.0,29.0
0.25,1.0,PF,3948,2,2,pass,1,1,0.6677499,0.6677499,0.20378518,0.20378518,0.02274346,0.02274346,21.0,29.0,21.0,29.0
0.25,1.0,PF,3949,2,2,pass,1,1,0.6677499,0.6677499,0.20378518,0.20378518,0.02274346,0.02274346,21.0,29.0,21.0,29.0
0.25,1.0,PF,3950,2,2,pass,1,1,0.6677499,0.6677499,0.20378518,0.20378518,0.02274346,0.02274346,21.0,29.0,21.0,29.0
0.25,1.0,PF,3951,2,2,pass,1,1,0.6677499,0.6677499,0.20378518,0.20378518,0.02274346,0.02274346,21.0,29.0,21.0,29.0
0.25,1.0,PF,3952,2,2,pass,1,1,0.6677499,0.6677499,0.20378518,0.20378518,0.02274346,0.02274346,21.0,29.0,21.0,29.0
0.25,1.0,PF,3953,2,2,pass,1,1,0.6677499,0.6677499,0.20378518,0.20378518,0.02274346,0.02274346,21.0,29.0,21.0,29.0
0.25,1.0,PF,3954,2,2,pass,1,1,0.6677499,0.6677499,0.20378518,0.20378518,0.02274346,0.02274346,21.0,29.0,21.0,29.0
0.25,1.0,PF,3955,2,2,pass,1,1,0.6677499,0.6677499,0.20378518,0.20378518,0.02274346,0.02274346,21.0,29.0,21.0,29.0
0.25,1.0,PF,3956,2,2,pass,1,1,0.6677499,0.6677499,0.20378518,0.20378518,0.02274346,0.02274346,21.0,29.0,21.0,29.0
0.25,1.0,PF,3957,2,2,pass,1,1,0.6677499,0.6677499,0.20378518,0.20378518,0.02274346,0.02274346,21.0,29.0,21.0,29.0
0.25,1.0,PF,3958,2,2,pass,1,1,0.6677499,0.6677499,0.20378518,0.20378518,0.02274346,0.02274346,21.0,29.0,21.0,29.0
0.25,1.0,PF,3959,2,2,pass,1,1,0.65129316,0.65129316,0.21678324,0.21678324,0.023225917,0.023225917,21.0,29.0,21.0,29.0
0.25,1.0,PF,3960,2,2,pass,1,1,0.65129316,0.65129316,0.21678324,0.21678324,0.023225917,0.023225917,21.0,29.0,21.0,29.0
0.25,1.0,PF,3961,2,2,pass,1,1,0.6677499,0.6677499,0.20378518,0.20378518,0.02274346,0.02274346,21.0,29.0,21.0,29.0
0.25,1.0,PF,3962,2,2,pass,1,1,0.6677499,0.6677499,0.20378518,0.20378518,0.02274346,0.02274346,21.0,29.0,21.0,29.0
0.25,1.0,PF,3963,2,2,pass,1,1,0.7186651,0.7186651,0.16434994,0.16434994,0.025743317,0.025743317,21.0,29.0,21.0,29.0
0.25,1.0,PF,3964,2,2,pass,1,1,0.6677499,0.6677499,0.20378518,0.20378518,0.02274346,0.02274346,21.0,29.0,21.0,29.0
0.25,1.0,PF,3965,2,2,pass,1,1,0.6677499,0.6677499,0.20378518,0.20378518,0.02274346,0.02274346,21.0,29.0,21.0,29.0
0.25,1.0,PF,3966,2,2,pass,1,1,0.6677499,0.6677499,0.20378518,0.20378518,0.02274346,0.02274346,21.0,29.0,21.0,29.0
0.25,1.0,PF,3967,2,2,pass,1,1,0.6677499,0.6677499,0.20378518,0.20378518,0.02274346,0.02274346,21.0,29.0,21.0,29.0
0.25,1.0,PF,3968,2,2,pass,1,1,0.6677499,0.6677499,0.20378518,0.20378518,0.02274346,0.02274346,21.0,29.0,21.0,29.0
0.25,1.0,PF,3969,2,2,pass,1,1,0.6677499,0.6677499,0.20378518,0.20378518,0.02274346,0.02274346,21.0,29.0,21.0,29.0
0.25,1.0,PF,3970,2,2,pass,1,1,0.6677499,0.6677499,0.20378518,0.20378518,0.02274346,0.02274346,21.0,29.0,21.0,29.0
0.25,1.0,PF,3971,2,2,pass,1,1,0.6677499,0.6677499,0.20378518,0.20378518,0.02274346,0.02274346,21.0,29.0,21.0,29.0
0.25,1.0,PF,3972,2,2,pass,1,1,0.6677499,0.6677499,0.20378518,0.20378518,0.02274346,0.02274346,21.0,29.0,21.0,29.0
0.25,1.0,PF,3973,2,2,pass,1,1,0.6677499,0.6677499,0.20378518,0.20378518,0.02274346,0.02274346,21.0,29.0,21.0,29.0
0.25,1.0,PF,3974,2,2,pass,1,1,0.6677499,0.6677499,0.20378518,0.20378518,0.02274346,0.02274346,21.0,29.0,21.0,29.0
0.25,1.0,PF,3975,2,2,pass,1,1,0.6677499,0.6677499,0.20378518,0.20378518,0.02274346,0.02274346,21.0,29.0,21.0,29.0
0.25,1.0,PF,3976,2,2,pass,1,1,0.6677499,0.6677499,0.20378518,0.20378518,0.02274346,0.02274346,21.0,29.0,21.0,29.0
0.25,1.0,PF,3977,2,2,pass,1,1,0.6677499,0.6677499,0.20378518,0.20378518,0.02274346,0.02274346,21.0,29.0,21.0,29.0
0.25,1.0,PF,3978,2,2,pass,1,1,0.6677499,0.6677499,0.20378518,0.20378518,0.02274346,0.02274346,21.0,29.0,21.0,29.0
0.25,1.0,PF,3979,2,2,pass,1,1,0.6506768,0.6506768,0.24160099,0.24160099,0.021516193,0.021516193,21.0,29.0,21.0,29.0
0.25,1.0,PF,3980,2,3,shield_to_safe,1,1,0.65129316,0.72676647,0.21678324,0.16350773,0.023225917,0.021733325,21.0,29.0,30.0,20.0
0.25,1.0,PF,3981,2,2,pass,1,1,0.6677499,0.6677499,0.20378518,0.20378518,0.02274346,0.02274346,21.0,29.0,21.0,29.0
0.25,1.0,PF,3982,2,2,pass,1,1,0.6677499,0.6677499,0.20378518,0.20378518,0.02274346,0.02274346,21.0,29.0,21.0,29.0
0.25,1.0,PF,3983,2,2,pass,1,1,0.6682329,0.6682329,0.20650832,0.20650832,0.025042687,0.025042687,21.0,29.0,21.0,29.0
0.25,1.0,PF,3984,2,2,pass,1,1,0.6677499,0.6677499,0.20378518,0.20378518,0.02274346,0.02274346,21.0,29.0,21.0,29.0
0.25,1.0,PF,3985,2,2,pass,1,1,0.6677499,0.6677499,0.20378518,0.20378518,0.02274346,0.02274346,21.0,29.0,21.0,29.0
0.25,1.0,PF,3986,2,2,pass,1,1,0.6677499,0.6677499,0.20378518,0.20378518,0.02274346,0.02274346,21.0,29.0,21.0,29.0
0.25,1.0,PF,3987,2,2,pass,1,1,0.65129316,0.65129316,0.21678324,0.21678324,0.023225917,0.023225917,21.0,29.0,21.0,29.0
0.25,1.0,PF,3988,2,2,pass,1,1,0.6780778,0.6780778,0.173598,0.173598,0.012475382,0.012475382,21.0,29.0,21.0,29.0
0.25,1.0,PF,3989,2,2,pass,1,1,0.6677499,0.6677499,0.20378518,0.20378518,0.02274346,0.02274346,21.0,29.0,21.0,29.0
0.25,1.0,PF,3990,2,2,pass,1,1,0.6677499,0.6677499,0.20378518,0.20378518,0.02274346,0.02274346,21.0,29.0,21.0,29.0
0.25,1.0,PF,3991,2,2,pass,1,1,0.6677499,0.6677499,0.20378518,0.20378518,0.02274346,0.02274346,21.0,29.0,21.0,29.0
0.25,1.0,PF,3992,2,2,pass,1,1,0.6677499,0.6677499,0.20378518,0.20378518,0.02274346,0.02274346,21.0,29.0,21.0,29.0
0.25,1.0,PF,3993,2,2,pass,1,1,0.6677499,0.6677499,0.20378518,0.20378518,0.02274346,0.02274346,21.0,29.0,21.0,29.0
0.25,1.0,PF,3994,2,2,pass,1,1,0.6677499,0.6677499,0.20378518,0.20378518,0.02274346,0.02274346,21.0,29.0,21.0,29.0
0.25,1.0,PF,3995,2,2,pass,1,1,0.6677499,0.6677499,0.20378518,0.20378518,0.02274346,0.02274346,21.0,29.0,21.0,29.0
0.25,1.0,PF,3996,2,2,pass,1,1,0.6677499,0.6677499,0.20378518,0.20378518,0.02274346,0.02274346,21.0,29.0,21.0,29.0
0.25,1.0,PF,3997,2,2,pass,1,1,0.6677499,0.6677499,0.20378518,0.20378518,0.02274346,0.02274346,21.0,29.0,21.0,29.0
0.25,1.0,PF,3998,2,2,pass,1,1,0.65129316,0.65129316,0.21678324,0.21678324,0.023225917,0.023225917,21.0,29.0,21.0,29.0
0.25,1.0,PF,3999,2,2,pass,1,1,0.6677499,0.6677499,0.20378518,0.20378518,0.02274346,0.02274346,21.0,29.0,21.0,29.0
0.25,1.0,PF,4000,2,2,pass,1,1,0.6677499,0.6677499,0.20378518,0.20378518,0.02274346,0.02274346,21.0,29.0,21.0,29.0
0.25,1.0,PF,4001,2,2,pass,1,1,0.6677499,0.6677499,0.20378518,0.20378518,0.02274346,0.02274346,21.0,29.0,21.0,29.0
0.25,1.0,PF,4002,2,2,pass,1,1,0.65129316,0.65129316,0.21678324,0.21678324,0.023225917,0.023225917,21.0,29.0,21.0,29.0
0.25,1.0,PF,4003,2,2,pass,1,1,0.6677499,0.6677499,0.20378518,0.20378518,0.02274346,0.02274346,21.0,29.0,21.0,29.0
0.25,1.0,PF,4004,2,2,pass,1,1,0.6677499,0.6677499,0.20378518,0.20378518,0.02274346,0.02274346,21.0,29.0,21.0,29.0
0.25,1.0,PF,4005,2,2,pass,1,1,0.65129316,0.65129316,0.21678324,0.21678324,0.023225917,0.023225917,21.0,29.0,21.0,29.0
0.25,1.0,PF,4006,2,2,pass,1,1,0.6677499,0.6677499,0.20378518,0.20378518,0.02274346,0.02274346,21.0,29.0,21.0,29.0
0.25,1.0,PF,4007,2,2,pass,1,1,0.6677499,0.6677499,0.20378518,0.20378518,0.02274346,0.02274346,21.0,29.0,21.0,29.0
0.25,1.0,PF,4008,2,2,pass,1,1,0.6374081,0.6374081,0.21929021,0.21929021,0.023887053,0.023887053,21.0,29.0,21.0,29.0
0.25,1.0,PF,4009,2,2,pass,1,1,0.6677499,0.6677499,0.20378518,0.20378518,0.02274346,0.02274346,21.0,29.0,21.0,29.0
0.25,1.0,PF,4010,2,2,pass,1,1,0.6677499,0.6677499,0.20378518,0.20378518,0.02274346,0.02274346,21.0,29.0,21.0,29.0
0.25,1.0,PF,4011,2,2,pass,1,1,0.6677499,0.6677499,0.20378518,0.20378518,0.02274346,0.02274346,21.0,29.0,21.0,29.0
0.25,1.0,PF,4012,2,2,pass,1,1,0.6677499,0.6677499,0.20378518,0.20378518,0.02274346,0.02274346,21.0,29.0,21.0,29.0
0.25,1.0,PF,4013,2,2,pass,1,1,0.6677499,0.6677499,0.20378518,0.20378518,0.02274346,0.02274346,21.0,29.0,21.0,29.0
0.25,1.0,PF,4014,2,2,pass,1,1,0.6677499,0.6677499,0.20378518,0.20378518,0.02274346,0.02274346,21.0,29.0,21.0,29.0
0.25,1.0,PF,4015,2,2,pass,1,1,0.6677499,0.6677499,0.20378518,0.20378518,0.02274346,0.02274346,21.0,29.0,21.0,29.0
0.25,1.0,PF,4016,2,2,pass,1,1,0.6682329,0.6682329,0.20650832,0.20650832,0.025042687,0.025042687,21.0,29.0,21.0,29.0
0.25,1.0,PF,4017,2,2,pass,1,1,0.65129316,0.65129316,0.21678324,0.21678324,0.023225917,0.023225917,21.0,29.0,21.0,29.0
0.25,1.0,PF,4018,2,2,pass,1,1,0.6677499,0.6677499,0.20378518,0.20378518,0.02274346,0.02274346,21.0,29.0,21.0,29.0
0.25,1.0,PF,4019,2,2,pass,1,1,0.6682329,0.6682329,0.20650832,0.20650832,0.025042687,0.025042687,21.0,29.0,21.0,29.0
0.25,1.0,PF,4020,2,2,pass,1,1,0.7186651,0.7186651,0.16434994,0.16434994,0.025743317,0.025743317,21.0,29.0,21.0,29.0
0.25,1.0,PF,4021,2,2,pass,1,1,0.6677499,0.6677499,0.20378518,0.20378518,0.02274346,0.02274346,21.0,29.0,21.0,29.0
0.25,1.0,PF,4022,2,2,pass,1,1,0.6677499,0.6677499,0.20378518,0.20378518,0.02274346,0.02274346,21.0,29.0,21.0,29.0
0.25,1.0,PF,4023,2,2,pass,1,1,0.6677499,0.6677499,0.20378518,0.20378518,0.02274346,0.02274346,21.0,29.0,21.0,29.0
0.25,1.0,PF,4024,2,2,pass,1,1,0.6682329,0.6682329,0.20650832,0.20650832,0.025042687,0.025042687,21.0,29.0,21.0,29.0
0.25,1.0,PF,4025,2,2,pass,1,1,0.6677499,0.6677499,0.20378518,0.20378518,0.02274346,0.02274346,21.0,29.0,21.0,29.0
0.25,1.0,PF,4026,2,2,pass,1,1,0.6677499,0.6677499,0.20378518,0.20378518,0.02274346,0.02274346,21.0,29.0,21.0,29.0
0.25,1.0,PF,4027,2,2,pass,1,1,0.6677499,0.6677499,0.20378518,0.20378518,0.02274346,0.02274346,21.0,29.0,21.0,29.0
0.25,1.0,PF,4028,2,2,pass,1,1,0.6677499,0.6677499,0.20378518,0.20378518,0.02274346,0.02274346,21.0,29.0,21.0,29.0
0.25,1.0,PF,4029,2,2,pass,1,1,0.6677499,0.6677499,0.20378518,0.20378518,0.02274346,0.02274346,21.0,29.0,21.0,29.0
0.25,1.0,PF,4030,2,2,pass,1,1,0.6677499,0.6677499,0.20378518,0.20378518,0.02274346,0.02274346,21.0,29.0,21.0,29.0
0.25,1.0,PF,4031,2,2,pass,1,1,0.6682329,0.6682329,0.20650832,0.20650832,0.025042687,0.025042687,21.0,29.0,21.0,29.0
0.25,1.0,PF,4032,2,2,pass,1,1,0.6780778,0.6780778,0.173598,0.173598,0.012475382,0.012475382,21.0,29.0,21.0,29.0
0.25,1.0,PF,4033,2,2,pass,1,1,0.6677499,0.6677499,0.20378518,0.20378518,0.02274346,0.02274346,21.0,29.0,21.0,29.0
0.25,1.0,PF,4034,2,2,pass,1,1,0.6677499,0.6677499,0.20378518,0.20378518,0.02274346,0.02274346,21.0,29.0,21.0,29.0
0.25,1.0,PF,4035,2,2,pass,1,1,0.6677499,0.6677499,0.20378518,0.20378518,0.02274346,0.02274346,21.0,29.0,21.0,29.0
0.25,1.0,PF,4036,2,2,pass,1,1,0.65129316,0.65129316,0.21678324,0.21678324,0.023225917,0.023225917,21.0,29.0,21.0,29.0
0.25,1.0,PF,4037,2,2,pass,1,1,0.6677499,0.6677499,0.20378518,0.20378518,0.02274346,0.02274346,21.0,29.0,21.0,29.0
0.25,1.0,PF,4038,2,2,pass,1,1,0.6677499,0.6677499,0.20378518,0.20378518,0.02274346,0.02274346,21.0,29.0,21.0,29.0
0.25,1.0,PF,4039,2,2,pass,1,1,0.6677499,0.6677499,0.20378518,0.20378518,0.02274346,0.02274346,21.0,29.0,21.0,29.0
0.25,1.0,PF,4040,2,2,pass,1,1,0.6682329,0.6682329,0.20650832,0.20650832,0.025042687,0.025042687,21.0,29.0,21.0,29.0
0.25,1.0,PF,4041,2,2,pass,1,1,0.6682329,0.6682329,0.20650832,0.20650832,0.025042687,0.025042687,21.0,29.0,21.0,29.0
0.25,1.0,PF,4042,2,2,pass,1,1,0.6677499,0.6677499,0.20378518,0.20378518,0.02274346,0.02274346,21.0,29.0,21.0,29.0
0.25,1.0,PF,4043,2,2,pass,1,1,0.6506768,0.6506768,0.24160099,0.24160099,0.021516193,0.021516193,21.0,29.0,21.0,29.0
0.25,1.0,PF,4044,2,2,pass,1,1,0.6677499,0.6677499,0.20378518,0.20378518,0.02274346,0.02274346,21.0,29.0,21.0,29.0
0.25,1.0,PF,4045,2,2,pass,1,1,0.6677499,0.6677499,0.20378518,0.20378518,0.02274346,0.02274346,21.0,29.0,21.0,29.0
0.25,1.0,PF,4046,2,2,pass,1,1,0.6682329,0.6682329,0.20650832,0.20650832,0.025042687,0.025042687,21.0,29.0,21.0,29.0
0.25,1.0,PF,4047,2,2,pass,1,1,0.6677499,0.6677499,0.20378518,0.20378518,0.02274346,0.02274346,21.0,29.0,21.0,29.0
0.25,1.0,PF,4048,2,2,pass,1,1,0.6677499,0.6677499,0.20378518,0.20378518,0.02274346,0.02274346,21.0,29.0,21.0,29.0
0.25,1.0,PF,4049,2,2,pass,1,1,0.6677499,0.6677499,0.20378518,0.20378518,0.02274346,0.02274346,21.0,29.0,21.0,29.0
0.25,1.0,PF,4050,2,2,pass,1,1,0.6677499,0.6677499,0.20378518,0.20378518,0.02274346,0.02274346,21.0,29.0,21.0,29.0
0.25,1.0,PF,4051,2,2,pass,1,1,0.6677499,0.6677499,0.20378518,0.20378518,0.02274346,0.02274346,21.0,29.0,21.0,29.0
0.25,1.0,PF,4052,2,2,pass,1,1,0.6677499,0.6677499,0.20378518,0.20378518,0.02274346,0.02274346,21.0,29.0,21.0,29.0
0.25,1.0,PF,4053,2,3,shield_to_safe,1,1,0.6677499,0.72676647,0.20378518,0.16350773,0.02274346,0.021733325,21.0,29.0,30.0,20.0
0.25,1.0,PF,4054,2,2,pass,1,1,0.6677499,0.6677499,0.20378518,0.20378518,0.02274346,0.02274346,21.0,29.0,21.0,29.0
0.25,1.0,PF,4055,2,2,pass,1,1,0.6677499,0.6677499,0.20378518,0.20378518,0.02274346,0.02274346,21.0,29.0,21.0,29.0
0.25,1.0,PF,4056,2,2,pass,1,1,0.6677499,0.6677499,0.20378518,0.20378518,0.02274346,0.02274346,21.0,29.0,21.0,29.0
0.25,1.0,PF,4057,2,2,pass,1,1,0.6677499,0.6677499,0.20378518,0.20378518,0.02274346,0.02274346,21.0,29.0,21.0,29.0
0.25,1.0,PF,4058,2,2,pass,1,1,0.6677499,0.6677499,0.20378518,0.20378518,0.02274346,0.02274346,21.0,29.0,21.0,29.0
0.25,1.0,PF,4059,2,2,pass,1,1,0.6677499,0.6677499,0.20378518,0.20378518,0.02274346,0.02274346,21.0,29.0,21.0,29.0
0.25,1.0,PF,4060,2,2,pass,1,1,0.6677499,0.6677499,0.20378518,0.20378518,0.02274346,0.02274346,21.0,29.0,21.0,29.0
0.25,1.0,PF,4061,2,2,pass,1,1,0.6677499,0.6677499,0.20378518,0.20378518,0.02274346,0.02274346,21.0,29.0,21.0,29.0
0.25,1.0,PF,4062,2,2,pass,1,1,0.6677499,0.6677499,0.20378518,0.20378518,0.02274346,0.02274346,21.0,29.0,21.0,29.0
0.25,1.0,PF,4063,2,2,pass,1,1,0.6677499,0.6677499,0.20378518,0.20378518,0.02274346,0.02274346,21.0,29.0,21.0,29.0
0.25,1.0,PF,4064,2,2,pass,1,1,0.6677499,0.6677499,0.20378518,0.20378518,0.02274346,0.02274346,21.0,29.0,21.0,29.0
0.25,1.0,PF,4065,2,2,pass,1,1,0.6682329,0.6682329,0.20650832,0.20650832,0.025042687,0.025042687,21.0,29.0,21.0,29.0
0.25,1.0,PF,4066,2,2,pass,1,1,0.6780778,0.6780778,0.173598,0.173598,0.012475382,0.012475382,21.0,29.0,21.0,29.0
0.25,1.0,PF,4067,2,2,pass,1,1,0.6677499,0.6677499,0.20378518,0.20378518,0.02274346,0.02274346,21.0,29.0,21.0,29.0
0.25,1.0,PF,4068,2,2,pass,1,1,0.6677499,0.6677499,0.20378518,0.20378518,0.02274346,0.02274346,21.0,29.0,21.0,29.0
0.25,1.0,PF,4069,2,2,pass,1,1,0.6682329,0.6682329,0.20650832,0.20650832,0.025042687,0.025042687,21.0,29.0,21.0,29.0
0.25,1.0,PF,4070,2,2,pass,1,1,0.6677499,0.6677499,0.20378518,0.20378518,0.02274346,0.02274346,21.0,29.0,21.0,29.0
0.25,1.0,PF,4071,2,2,pass,1,1,0.6677499,0.6677499,0.20378518,0.20378518,0.02274346,0.02274346,21.0,29.0,21.0,29.0
0.25,1.0,PF,4072,2,2,pass,1,1,0.6677499,0.6677499,0.20378518,0.20378518,0.02274346,0.02274346,21.0,29.0,21.0,29.0
0.25,1.0,PF,4073,2,2,pass,1,1,0.6677499,0.6677499,0.20378518,0.20378518,0.02274346,0.02274346,21.0,29.0,21.0,29.0
0.25,1.0,PF,4074,2,2,pass,1,1,0.6677499,0.6677499,0.20378518,0.20378518,0.02274346,0.02274346,21.0,29.0,21.0,29.0
0.25,1.0,PF,4075,2,2,pass,1,1,0.6677499,0.6677499,0.20378518,0.20378518,0.02274346,0.02274346,21.0,29.0,21.0,29.0
0.25,1.0,PF,4076,2,2,pass,1,1,0.7186651,0.7186651,0.16434994,0.16434994,0.025743317,0.025743317,21.0,29.0,21.0,29.0
0.25,1.0,PF,4077,2,2,pass,1,1,0.6677499,0.6677499,0.20378518,0.20378518,0.02274346,0.02274346,21.0,29.0,21.0,29.0
0.25,1.0,PF,4078,2,2,pass,1,1,0.6677499,0.6677499,0.20378518,0.20378518,0.02274346,0.02274346,21.0,29.0,21.0,29.0
0.25,1.0,PF,4079,2,2,pass,1,1,0.6677499,0.6677499,0.20378518,0.20378518,0.02274346,0.02274346,21.0,29.0,21.0,29.0
0.25,1.0,PF,4080,2,2,pass,1,1,0.6677499,0.6677499,0.20378518,0.20378518,0.02274346,0.02274346,21.0,29.0,21.0,29.0
0.25,1.0,PF,4081,2,2,pass,1,1,0.6677499,0.6677499,0.20378518,0.20378518,0.02274346,0.02274346,21.0,29.0,21.0,29.0
0.25,1.0,PF,4082,2,2,pass,1,1,0.6677499,0.6677499,0.20378518,0.20378518,0.02274346,0.02274346,21.0,29.0,21.0,29.0
0.25,1.0,PF,4083,2,2,pass,1,1,0.6677499,0.6677499,0.20378518,0.20378518,0.02274346,0.02274346,21.0,29.0,21.0,29.0
0.25,1.0,PF,4084,2,2,pass,1,1,0.6506768,0.6506768,0.24160099,0.24160099,0.021516193,0.021516193,21.0,29.0,21.0,29.0
0.25,1.0,PF,4085,2,2,pass,1,1,0.6677499,0.6677499,0.20378518,0.20378518,0.02274346,0.02274346,21.0,29.0,21.0,29.0
0.25,1.0,PF,4086,2,2,pass,1,1,0.6677499,0.6677499,0.20378518,0.20378518,0.02274346,0.02274346,21.0,29.0,21.0,29.0
0.25,1.0,PF,4087,2,2,pass,1,1,0.6677499,0.6677499,0.20378518,0.20378518,0.02274346,0.02274346,21.0,29.0,21.0,29.0
0.25,1.0,PF,4088,2,2,pass,1,1,0.6677499,0.6677499,0.20378518,0.20378518,0.02274346,0.02274346,21.0,29.0,21.0,29.0
0.25,1.0,PF,4089,2,2,pass,1,1,0.6677499,0.6677499,0.20378518,0.20378518,0.02274346,0.02274346,21.0,29.0,21.0,29.0
0.25,1.0,PF,4090,2,2,pass,1,1,0.6677499,0.6677499,0.20378518,0.20378518,0.02274346,0.02274346,21.0,29.0,21.0,29.0
0.25,1.0,PF,4091,2,2,pass,1,1,0.6677499,0.6677499,0.20378518,0.20378518,0.02274346,0.02274346,21.0,29.0,21.0,29.0
0.25,1.0,PF,4092,2,2,pass,1,1,0.6677499,0.6677499,0.20378518,0.20378518,0.02274346,0.02274346,21.0,29.0,21.0,29.0
0.25,1.0,PF,4093,2,2,pass,1,1,0.6677499,0.6677499,0.20378518,0.20378518,0.02274346,0.02274346,21.0,29.0,21.0,29.0
0.25,1.0,PF,4094,2,2,pass,1,1,0.65129316,0.65129316,0.21678324,0.21678324,0.023225917,0.023225917,21.0,29.0,21.0,29.0
0.25,1.0,PF,4095,2,2,pass,1,1,0.6677499,0.6677499,0.20378518,0.20378518,0.02274346,0.02274346,21.0,29.0,21.0,29.0
0.25,1.0,PF,4096,2,2,pass,1,1,0.6677499,0.6677499,0.20378518,0.20378518,0.02274346,0.02274346,21.0,29.0,21.0,29.0
0.25,1.0,PF,4097,2,2,pass,1,1,0.6677499,0.6677499,0.20378518,0.20378518,0.02274346,0.02274346,21.0,29.0,21.0,29.0
0.25,1.0,PF,4098,2,2,pass,1,1,0.6677499,0.6677499,0.20378518,0.20378518,0.02274346,0.02274346,21.0,29.0,21.0,29.0
0.25,1.0,PF,4099,2,2,pass,1,1,0.6677499,0.6677499,0.20378518,0.20378518,0.02274346,0.02274346,21.0,29.0,21.0,29.0
0.25,1.0,PF,4100,2,2,pass,1,1,0.6677499,0.6677499,0.20378518,0.20378518,0.02274346,0.02274346,21.0,29.0,21.0,29.0
0.25,1.0,PF,4101,2,2,pass,1,1,0.6677499,0.6677499,0.20378518,0.20378518,0.02274346,0.02274346,21.0,29.0,21.0,29.0
0.25,1.0,PF,4102,2,2,pass,1,1,0.6677499,0.6677499,0.20378518,0.20378518,0.02274346,0.02274346,21.0,29.0,21.0,29.0
0.25,1.0,PF,4103,2,2,pass,1,1,0.6677499,0.6677499,0.20378518,0.20378518,0.02274346,0.02274346,21.0,29.0,21.0,29.0
0.25,1.0,PF,4104,2,2,pass,1,1,0.6682329,0.6682329,0.20650832,0.20650832,0.025042687,0.025042687,21.0,29.0,21.0,29.0
0.25,1.0,PF,4105,2,3,shield_to_safe,1,1,0.6677499,0.72676647,0.20378518,0.16350773,0.02274346,0.021733325,21.0,29.0,30.0,20.0
0.25,1.0,PF,4106,2,2,pass,1,1,0.6677499,0.6677499,0.20378518,0.20378518,0.02274346,0.02274346,21.0,29.0,21.0,29.0
0.25,1.0,PF,4107,2,2,pass,1,1,0.6677499,0.6677499,0.20378518,0.20378518,0.02274346,0.02274346,21.0,29.0,21.0,29.0
0.25,1.0,PF,4108,2,2,pass,1,1,0.6677499,0.6677499,0.20378518,0.20378518,0.02274346,0.02274346,21.0,29.0,21.0,29.0
0.25,1.0,PF,4109,2,2,pass,1,1,0.6677499,0.6677499,0.20378518,0.20378518,0.02274346,0.02274346,21.0,29.0,21.0,29.0
0.25,1.0,PF,4110,2,2,pass,1,1,0.6677499,0.6677499,0.20378518,0.20378518,0.02274346,0.02274346,21.0,29.0,21.0,29.0
0.25,1.0,PF,4111,2,3,shield_to_safe,1,1,0.6506768,0.72676647,0.24160099,0.16350773,0.021516193,0.021733325,21.0,29.0,30.0,20.0
0.25,1.0,PF,4112,2,3,shield_to_safe,1,1,0.6677499,0.72676647,0.20378518,0.16350773,0.02274346,0.021733325,21.0,29.0,30.0,20.0
0.25,1.0,PF,4113,2,2,pass,1,1,0.6677499,0.6677499,0.20378518,0.20378518,0.02274346,0.02274346,21.0,29.0,21.0,29.0
0.25,1.0,PF,4114,2,2,pass,1,1,0.6677499,0.6677499,0.20378518,0.20378518,0.02274346,0.02274346,21.0,29.0,21.0,29.0
0.25,1.0,PF,4115,2,2,pass,1,1,0.6677499,0.6677499,0.20378518,0.20378518,0.02274346,0.02274346,21.0,29.0,21.0,29.0
0.25,1.0,PF,4116,2,2,pass,1,1,0.6677499,0.6677499,0.20378518,0.20378518,0.02274346,0.02274346,21.0,29.0,21.0,29.0
0.25,1.0,PF,4117,2,2,pass,1,1,0.6677499,0.6677499,0.20378518,0.20378518,0.02274346,0.02274346,21.0,29.0,21.0,29.0
0.25,1.0,PF,4118,2,2,pass,1,1,0.6677499,0.6677499,0.20378518,0.20378518,0.02274346,0.02274346,21.0,29.0,21.0,29.0
0.25,1.0,PF,4119,2,2,pass,1,1,0.6677499,0.6677499,0.20378518,0.20378518,0.02274346,0.02274346,21.0,29.0,21.0,29.0
0.25,1.0,PF,4120,2,2,pass,1,1,0.6682329,0.6682329,0.20650832,0.20650832,0.025042687,0.025042687,21.0,29.0,21.0,29.0
0.25,1.0,PF,4121,2,2,pass,1,1,0.6677499,0.6677499,0.20378518,0.20378518,0.02274346,0.02274346,21.0,29.0,21.0,29.0
0.25,1.0,PF,4122,2,2,pass,1,1,0.6677499,0.6677499,0.20378518,0.20378518,0.02274346,0.02274346,21.0,29.0,21.0,29.0
0.25,1.0,PF,4123,2,2,pass,1,1,0.6677499,0.6677499,0.20378518,0.20378518,0.02274346,0.02274346,21.0,29.0,21.0,29.0
0.25,1.0,PF,4124,2,2,pass,1,1,0.6677499,0.6677499,0.20378518,0.20378518,0.02274346,0.02274346,21.0,29.0,21.0,29.0
0.25,1.0,PF,4125,2,2,pass,1,1,0.6677499,0.6677499,0.20378518,0.20378518,0.02274346,0.02274346,21.0,29.0,21.0,29.0
0.25,1.0,PF,4126,2,2,pass,1,1,0.6677499,0.6677499,0.20378518,0.20378518,0.02274346,0.02274346,21.0,29.0,21.0,29.0
0.25,1.0,PF,4127,2,2,pass,1,1,0.6677499,0.6677499,0.20378518,0.20378518,0.02274346,0.02274346,21.0,29.0,21.0,29.0
0.25,1.0,PF,4128,2,2,pass,1,1,0.6677499,0.6677499,0.20378518,0.20378518,0.02274346,0.02274346,21.0,29.0,21.0,29.0
0.25,1.0,PF,4129,2,2,pass,1,1,0.6677499,0.6677499,0.20378518,0.20378518,0.02274346,0.02274346,21.0,29.0,21.0,29.0
0.25,1.0,PF,4130,2,2,pass,1,1,0.6677499,0.6677499,0.20378518,0.20378518,0.02274346,0.02274346,21.0,29.0,21.0,29.0
0.25,1.0,PF,4131,2,2,pass,1,1,0.6682329,0.6682329,0.20650832,0.20650832,0.025042687,0.025042687,21.0,29.0,21.0,29.0
0.25,1.0,PF,4132,2,2,pass,1,1,0.6677499,0.6677499,0.20378518,0.20378518,0.02274346,0.02274346,21.0,29.0,21.0,29.0
0.25,1.0,PF,4133,2,2,pass,1,1,0.6677499,0.6677499,0.20378518,0.20378518,0.02274346,0.02274346,21.0,29.0,21.0,29.0
0.25,1.0,PF,4134,2,2,pass,1,1,0.6677499,0.6677499,0.20378518,0.20378518,0.02274346,0.02274346,21.0,29.0,21.0,29.0
0.25,1.0,PF,4135,2,2,pass,1,1,0.6682329,0.6682329,0.20650832,0.20650832,0.025042687,0.025042687,21.0,29.0,21.0,29.0
0.25,1.0,PF,4136,2,3,shield_to_safe,1,1,0.6677499,0.73401,0.20378518,0.13762727,0.02274346,0.022150757,21.0,29.0,30.0,20.0
0.25,1.0,PF,4137,2,2,pass,1,1,0.65129316,0.65129316,0.21678324,0.21678324,0.023225917,0.023225917,21.0,29.0,21.0,29.0
0.25,1.0,PF,4138,2,2,pass,1,1,0.6677499,0.6677499,0.20378518,0.20378518,0.02274346,0.02274346,21.0,29.0,21.0,29.0
0.25,1.0,PF,4139,2,2,pass,1,1,0.6677499,0.6677499,0.20378518,0.20378518,0.02274346,0.02274346,21.0,29.0,21.0,29.0
0.25,1.0,PF,4140,2,2,pass,1,1,0.6677499,0.6677499,0.20378518,0.20378518,0.02274346,0.02274346,21.0,29.0,21.0,29.0
0.25,1.0,PF,4141,2,2,pass,1,1,0.6677499,0.6677499,0.20378518,0.20378518,0.02274346,0.02274346,21.0,29.0,21.0,29.0
0.25,1.0,PF,4142,2,2,pass,1,1,0.6682329,0.6682329,0.20650832,0.20650832,0.025042687,0.025042687,21.0,29.0,21.0,29.0
0.25,1.0,PF,4143,2,2,pass,1,1,0.6677499,0.6677499,0.20378518,0.20378518,0.02274346,0.02274346,21.0,29.0,21.0,29.0
0.25,1.0,PF,4144,2,2,pass,1,1,0.6506768,0.6506768,0.24160099,0.24160099,0.021516193,0.021516193,21.0,29.0,21.0,29.0
0.25,1.0,PF,4145,2,2,pass,1,1,0.6677499,0.6677499,0.20378518,0.20378518,0.02274346,0.02274346,21.0,29.0,21.0,29.0
0.25,1.0,PF,4146,2,2,pass,1,1,0.6677499,0.6677499,0.20378518,0.20378518,0.02274346,0.02274346,21.0,29.0,21.0,29.0
0.25,1.0,PF,4147,2,3,shield_to_safe,1,1,0.6677499,0.72676647,0.20378518,0.16350773,0.02274346,0.021733325,21.0,29.0,30.0,20.0
0.25,1.0,PF,4148,2,2,pass,1,1,0.6374081,0.6374081,0.21929021,0.21929021,0.023887053,0.023887053,21.0,29.0,21.0,29.0
0.25,1.0,PF,4149,2,2,pass,1,1,0.6677499,0.6677499,0.20378518,0.20378518,0.02274346,0.02274346,21.0,29.0,21.0,29.0
0.25,1.0,PF,4150,2,2,pass,1,1,0.6677499,0.6677499,0.20378518,0.20378518,0.02274346,0.02274346,21.0,29.0,21.0,29.0
0.25,1.0,PF,4151,2,2,pass,1,1,0.6677499,0.6677499,0.20378518,0.20378518,0.02274346,0.02274346,21.0,29.0,21.0,29.0
0.25,1.0,PF,4152,2,2,pass,1,1,0.6677499,0.6677499,0.20378518,0.20378518,0.02274346,0.02274346,21.0,29.0,21.0,29.0
0.25,1.0,PF,4153,2,2,pass,1,1,0.6677499,0.6677499,0.20378518,0.20378518,0.02274346,0.02274346,21.0,29.0,21.0,29.0
0.25,1.0,PF,4154,2,2,pass,1,1,0.6780778,0.6780778,0.173598,0.173598,0.012475382,0.012475382,21.0,29.0,21.0,29.0
0.25,1.0,PF,4155,2,2,pass,1,1,0.6677499,0.6677499,0.20378518,0.20378518,0.02274346,0.02274346,21.0,29.0,21.0,29.0
0.25,1.0,PF,4156,2,2,pass,1,1,0.6677499,0.6677499,0.20378518,0.20378518,0.02274346,0.02274346,21.0,29.0,21.0,29.0
0.25,1.0,PF,4157,2,2,pass,1,1,0.6677499,0.6677499,0.20378518,0.20378518,0.02274346,0.02274346,21.0,29.0,21.0,29.0
0.25,1.0,PF,4158,2,2,pass,1,1,0.6677499,0.6677499,0.20378518,0.20378518,0.02274346,0.02274346,21.0,29.0,21.0,29.0
0.25,1.0,PF,4159,2,2,pass,1,1,0.6677499,0.6677499,0.20378518,0.20378518,0.02274346,0.02274346,21.0,29.0,21.0,29.0
0.25,1.0,PF,4160,2,2,pass,1,1,0.6677499,0.6677499,0.20378518,0.20378518,0.02274346,0.02274346,21.0,29.0,21.0,29.0
0.25,1.0,PF,4161,2,2,pass,1,1,0.65129316,0.65129316,0.21678324,0.21678324,0.023225917,0.023225917,21.0,29.0,21.0,29.0
0.25,1.0,PF,4162,2,2,pass,1,1,0.6677499,0.6677499,0.20378518,0.20378518,0.02274346,0.02274346,21.0,29.0,21.0,29.0
0.25,1.0,PF,4163,2,2,pass,1,1,0.6677499,0.6677499,0.20378518,0.20378518,0.02274346,0.02274346,21.0,29.0,21.0,29.0
0.25,1.0,PF,4164,2,2,pass,1,1,0.6677499,0.6677499,0.20378518,0.20378518,0.02274346,0.02274346,21.0,29.0,21.0,29.0
0.25,1.0,PF,4165,2,2,pass,1,1,0.7186651,0.7186651,0.16434994,0.16434994,0.025743317,0.025743317,21.0,29.0,21.0,29.0
0.25,1.0,PF,4166,2,2,pass,1,1,0.6677499,0.6677499,0.20378518,0.20378518,0.02274346,0.02274346,21.0,29.0,21.0,29.0
0.25,1.0,PF,4167,2,2,pass,1,1,0.6677499,0.6677499,0.20378518,0.20378518,0.02274346,0.02274346,21.0,29.0,21.0,29.0
0.25,1.0,PF,4168,2,2,pass,1,1,0.6677499,0.6677499,0.20378518,0.20378518,0.02274346,0.02274346,21.0,29.0,21.0,29.0
0.25,1.0,PF,4169,2,2,pass,1,1,0.6677499,0.6677499,0.20378518,0.20378518,0.02274346,0.02274346,21.0,29.0,21.0,29.0
0.25,1.0,PF,4170,2,2,pass,1,1,0.6677499,0.6677499,0.20378518,0.20378518,0.02274346,0.02274346,21.0,29.0,21.0,29.0
0.25,1.0,PF,4171,2,2,pass,1,1,0.6677499,0.6677499,0.20378518,0.20378518,0.02274346,0.02274346,21.0,29.0,21.0,29.0
0.25,1.0,PF,4172,2,2,pass,1,1,0.6682329,0.6682329,0.20650832,0.20650832,0.025042687,0.025042687,21.0,29.0,21.0,29.0
0.25,1.0,PF,4173,2,2,pass,1,1,0.6677499,0.6677499,0.20378518,0.20378518,0.02274346,0.02274346,21.0,29.0,21.0,29.0
0.25,1.0,PF,4174,2,2,pass,1,1,0.6677499,0.6677499,0.20378518,0.20378518,0.02274346,0.02274346,21.0,29.0,21.0,29.0
0.25,1.0,PF,4175,2,2,pass,1,1,0.6682329,0.6682329,0.20650832,0.20650832,0.025042687,0.025042687,21.0,29.0,21.0,29.0
0.25,1.0,PF,4176,2,2,pass,1,1,0.6677499,0.6677499,0.20378518,0.20378518,0.02274346,0.02274346,21.0,29.0,21.0,29.0
0.25,1.0,PF,4177,2,2,pass,1,1,0.65129316,0.65129316,0.21678324,0.21678324,0.023225917,0.023225917,21.0,29.0,21.0,29.0
0.25,1.0,PF,4178,2,2,pass,1,1,0.6677499,0.6677499,0.20378518,0.20378518,0.02274346,0.02274346,21.0,29.0,21.0,29.0
0.25,1.0,PF,4179,2,2,pass,1,1,0.6677499,0.6677499,0.20378518,0.20378518,0.02274346,0.02274346,21.0,29.0,21.0,29.0
0.25,1.0,PF,4180,2,2,pass,1,1,0.6677499,0.6677499,0.20378518,0.20378518,0.02274346,0.02274346,21.0,29.0,21.0,29.0
0.25,1.0,PF,4181,2,3,shield_to_safe,1,1,0.6677499,0.72676647,0.20378518,0.16350773,0.02274346,0.021733325,21.0,29.0,30.0,20.0
0.25,1.0,PF,4182,2,2,pass,1,1,0.6677499,0.6677499,0.20378518,0.20378518,0.02274346,0.02274346,21.0,29.0,21.0,29.0
0.25,1.0,PF,4183,2,2,pass,1,1,0.6677499,0.6677499,0.20378518,0.20378518,0.02274346,0.02274346,21.0,29.0,21.0,29.0
0.25,1.0,PF,4184,2,2,pass,1,1,0.6677499,0.6677499,0.20378518,0.20378518,0.02274346,0.02274346,21.0,29.0,21.0,29.0
0.25,1.0,PF,4185,2,2,pass,1,1,0.6677499,0.6677499,0.20378518,0.20378518,0.02274346,0.02274346,21.0,29.0,21.0,29.0
0.25,1.0,PF,4186,2,2,pass,1,1,0.6677499,0.6677499,0.20378518,0.20378518,0.02274346,0.02274346,21.0,29.0,21.0,29.0
0.25,1.0,PF,4187,2,2,pass,1,1,0.6677499,0.6677499,0.20378518,0.20378518,0.02274346,0.02274346,21.0,29.0,21.0,29.0
0.25,1.0,PF,4188,2,2,pass,1,1,0.6677499,0.6677499,0.20378518,0.20378518,0.02274346,0.02274346,21.0,29.0,21.0,29.0
0.25,1.0,PF,4189,2,2,pass,1,1,0.6677499,0.6677499,0.20378518,0.20378518,0.02274346,0.02274346,21.0,29.0,21.0,29.0
0.25,1.0,PF,4190,2,2,pass,1,1,0.6677499,0.6677499,0.20378518,0.20378518,0.02274346,0.02274346,21.0,29.0,21.0,29.0
0.25,1.0,PF,4191,2,2,pass,1,1,0.6677499,0.6677499,0.20378518,0.20378518,0.02274346,0.02274346,21.0,29.0,21.0,29.0
0.25,1.0,PF,4192,2,2,pass,1,1,0.6677499,0.6677499,0.20378518,0.20378518,0.02274346,0.02274346,21.0,29.0,21.0,29.0
0.25,1.0,PF,4193,2,2,pass,1,1,0.6682329,0.6682329,0.20650832,0.20650832,0.025042687,0.025042687,21.0,29.0,21.0,29.0
0.25,1.0,PF,4194,2,2,pass,1,1,0.6677499,0.6677499,0.20378518,0.20378518,0.02274346,0.02274346,21.0,29.0,21.0,29.0
0.25,1.0,PF,4195,2,2,pass,1,1,0.6677499,0.6677499,0.20378518,0.20378518,0.02274346,0.02274346,21.0,29.0,21.0,29.0
0.25,1.0,PF,4196,2,2,pass,1,1,0.65129316,0.65129316,0.21678324,0.21678324,0.023225917,0.023225917,21.0,29.0,21.0,29.0
0.25,1.0,PF,4197,2,2,pass,1,1,0.7186651,0.7186651,0.16434994,0.16434994,0.025743317,0.025743317,21.0,29.0,21.0,29.0
0.25,1.0,PF,4198,2,2,pass,1,1,0.6677499,0.6677499,0.20378518,0.20378518,0.02274346,0.02274346,21.0,29.0,21.0,29.0
0.25,1.0,PF,4199,2,2,pass,1,1,0.6677499,0.6677499,0.20378518,0.20378518,0.02274346,0.02274346,21.0,29.0,21.0,29.0
0.25,1.0,PF,4200,2,2,pass,1,1,0.6677499,0.6677499,0.20378518,0.20378518,0.02274346,0.02274346,21.0,29.0,21.0,29.0
0.25,1.0,PF,4201,2,2,pass,1,1,0.6677499,0.6677499,0.20378518,0.20378518,0.02274346,0.02274346,21.0,29.0,21.0,29.0
0.25,1.0,PF,4202,2,2,pass,1,1,0.65129316,0.65129316,0.21678324,0.21678324,0.023225917,0.023225917,21.0,29.0,21.0,29.0
0.25,1.0,PF,4203,2,2,pass,1,1,0.6677499,0.6677499,0.20378518,0.20378518,0.02274346,0.02274346,21.0,29.0,21.0,29.0
0.25,1.0,PF,4204,2,2,pass,1,1,0.7186651,0.7186651,0.16434994,0.16434994,0.025743317,0.025743317,21.0,29.0,21.0,29.0
0.25,1.0,PF,4205,2,2,pass,1,1,0.6677499,0.6677499,0.20378518,0.20378518,0.02274346,0.02274346,21.0,29.0,21.0,29.0
0.25,1.0,PF,4206,2,2,pass,1,1,0.6677499,0.6677499,0.20378518,0.20378518,0.02274346,0.02274346,21.0,29.0,21.0,29.0
0.25,1.0,PF,4207,2,2,pass,1,1,0.6677499,0.6677499,0.20378518,0.20378518,0.02274346,0.02274346,21.0,29.0,21.0,29.0
0.25,1.0,PF,4208,2,2,pass,1,1,0.65129316,0.65129316,0.21678324,0.21678324,0.023225917,0.023225917,21.0,29.0,21.0,29.0
0.25,1.0,PF,4209,2,2,pass,1,1,0.6677499,0.6677499,0.20378518,0.20378518,0.02274346,0.02274346,21.0,29.0,21.0,29.0
0.25,1.0,PF,4210,2,2,pass,1,1,0.6677499,0.6677499,0.20378518,0.20378518,0.02274346,0.02274346,21.0,29.0,21.0,29.0
0.25,1.0,PF,4211,2,2,pass,1,1,0.65129316,0.65129316,0.21678324,0.21678324,0.023225917,0.023225917,21.0,29.0,21.0,29.0
0.25,1.0,PF,4212,2,2,pass,1,1,0.6677499,0.6677499,0.20378518,0.20378518,0.02274346,0.02274346,21.0,29.0,21.0,29.0
0.25,1.0,PF,4213,2,2,pass,1,1,0.6677499,0.6677499,0.20378518,0.20378518,0.02274346,0.02274346,21.0,29.0,21.0,29.0
0.25,1.0,PF,4214,2,2,pass,1,1,0.6677499,0.6677499,0.20378518,0.20378518,0.02274346,0.02274346,21.0,29.0,21.0,29.0
0.25,1.0,PF,4215,2,2,pass,1,1,0.6677499,0.6677499,0.20378518,0.20378518,0.02274346,0.02274346,21.0,29.0,21.0,29.0
0.25,1.0,PF,4216,2,2,pass,1,1,0.6677499,0.6677499,0.20378518,0.20378518,0.02274346,0.02274346,21.0,29.0,21.0,29.0
0.25,1.0,PF,4217,2,2,pass,1,1,0.6677499,0.6677499,0.20378518,0.20378518,0.02274346,0.02274346,21.0,29.0,21.0,29.0
0.25,1.0,PF,4218,2,2,pass,1,1,0.6677499,0.6677499,0.20378518,0.20378518,0.02274346,0.02274346,21.0,29.0,21.0,29.0
0.25,1.0,PF,4219,2,2,pass,1,1,0.6780778,0.6780778,0.173598,0.173598,0.012475382,0.012475382,21.0,29.0,21.0,29.0
0.25,1.0,PF,4220,2,2,pass,1,1,0.6677499,0.6677499,0.20378518,0.20378518,0.02274346,0.02274346,21.0,29.0,21.0,29.0
0.25,1.0,PF,4221,2,2,pass,1,1,0.6677499,0.6677499,0.20378518,0.20378518,0.02274346,0.02274346,21.0,29.0,21.0,29.0
0.25,1.0,PF,4222,2,2,pass,1,1,0.6682329,0.6682329,0.20650832,0.20650832,0.025042687,0.025042687,21.0,29.0,21.0,29.0
0.25,1.0,PF,4223,2,2,pass,1,1,0.6677499,0.6677499,0.20378518,0.20378518,0.02274346,0.02274346,21.0,29.0,21.0,29.0
0.25,1.0,PF,4224,2,2,pass,1,1,0.6677499,0.6677499,0.20378518,0.20378518,0.02274346,0.02274346,21.0,29.0,21.0,29.0
0.25,1.0,PF,4225,2,2,pass,1,1,0.6677499,0.6677499,0.20378518,0.20378518,0.02274346,0.02274346,21.0,29.0,21.0,29.0
0.25,1.0,PF,4226,2,2,pass,1,1,0.6677499,0.6677499,0.20378518,0.20378518,0.02274346,0.02274346,21.0,29.0,21.0,29.0
0.25,1.0,PF,4227,2,2,pass,1,1,0.6677499,0.6677499,0.20378518,0.20378518,0.02274346,0.02274346,21.0,29.0,21.0,29.0
0.25,1.0,PF,4228,2,2,pass,1,1,0.6677499,0.6677499,0.20378518,0.20378518,0.02274346,0.02274346,21.0,29.0,21.0,29.0
0.25,1.0,PF,4229,2,2,pass,1,1,0.6677499,0.6677499,0.20378518,0.20378518,0.02274346,0.02274346,21.0,29.0,21.0,29.0
0.25,1.0,PF,4230,2,2,pass,1,1,0.6677499,0.6677499,0.20378518,0.20378518,0.02274346,0.02274346,21.0,29.0,21.0,29.0
0.25,1.0,PF,4231,2,3,shield_to_safe,1,1,0.6677499,0.72676647,0.20378518,0.16350773,0.02274346,0.021733325,21.0,29.0,30.0,20.0
0.25,1.0,PF,4232,2,2,pass,1,1,0.6677499,0.6677499,0.20378518,0.20378518,0.02274346,0.02274346,21.0,29.0,21.0,29.0
0.25,1.0,PF,4233,2,2,pass,1,1,0.6677499,0.6677499,0.20378518,0.20378518,0.02274346,0.02274346,21.0,29.0,21.0,29.0
0.25,1.0,PF,4234,2,2,pass,1,1,0.6677499,0.6677499,0.20378518,0.20378518,0.02274346,0.02274346,21.0,29.0,21.0,29.0
0.25,1.0,PF,4235,2,2,pass,1,1,0.6677499,0.6677499,0.20378518,0.20378518,0.02274346,0.02274346,21.0,29.0,21.0,29.0
0.25,1.0,PF,4236,2,2,pass,1,1,0.6677499,0.6677499,0.20378518,0.20378518,0.02274346,0.02274346,21.0,29.0,21.0,29.0
0.25,1.0,PF,4237,2,2,pass,1,1,0.6682329,0.6682329,0.20650832,0.20650832,0.025042687,0.025042687,21.0,29.0,21.0,29.0
0.25,1.0,PF,4238,2,2,pass,1,1,0.6677499,0.6677499,0.20378518,0.20378518,0.02274346,0.02274346,21.0,29.0,21.0,29.0
0.25,1.0,PF,4239,2,2,pass,1,1,0.6677499,0.6677499,0.20378518,0.20378518,0.02274346,0.02274346,21.0,29.0,21.0,29.0
0.25,1.0,PF,4240,2,2,pass,1,1,0.6677499,0.6677499,0.20378518,0.20378518,0.02274346,0.02274346,21.0,29.0,21.0,29.0
0.25,1.0,PF,4241,2,2,pass,1,1,0.6677499,0.6677499,0.20378518,0.20378518,0.02274346,0.02274346,21.0,29.0,21.0,29.0
0.25,1.0,PF,4242,2,2,pass,1,1,0.6677499,0.6677499,0.20378518,0.20378518,0.02274346,0.02274346,21.0,29.0,21.0,29.0
0.25,1.0,PF,4243,2,2,pass,1,1,0.6677499,0.6677499,0.20378518,0.20378518,0.02274346,0.02274346,21.0,29.0,21.0,29.0
0.25,1.0,PF,4244,2,2,pass,1,1,0.6677499,0.6677499,0.20378518,0.20378518,0.02274346,0.02274346,21.0,29.0,21.0,29.0
0.25,1.0,PF,4245,2,2,pass,1,1,0.6677499,0.6677499,0.20378518,0.20378518,0.02274346,0.02274346,21.0,29.0,21.0,29.0
0.25,1.0,PF,4246,2,2,pass,1,1,0.6677499,0.6677499,0.20378518,0.20378518,0.02274346,0.02274346,21.0,29.0,21.0,29.0
0.25,1.0,PF,4247,2,2,pass,1,1,0.6677499,0.6677499,0.20378518,0.20378518,0.02274346,0.02274346,21.0,29.0,21.0,29.0
0.25,1.0,PF,4248,2,2,pass,1,1,0.6677499,0.6677499,0.20378518,0.20378518,0.02274346,0.02274346,21.0,29.0,21.0,29.0
0.25,1.0,PF,4249,2,2,pass,1,1,0.6677499,0.6677499,0.20378518,0.20378518,0.02274346,0.02274346,21.0,29.0,21.0,29.0
0.25,1.0,PF,4250,2,2,pass,1,1,0.6677499,0.6677499,0.20378518,0.20378518,0.02274346,0.02274346,21.0,29.0,21.0,29.0
0.25,1.0,PF,4251,2,2,pass,1,1,0.6677499,0.6677499,0.20378518,0.20378518,0.02274346,0.02274346,21.0,29.0,21.0,29.0
0.25,1.0,PF,4252,2,2,pass,1,1,0.65129316,0.65129316,0.21678324,0.21678324,0.023225917,0.023225917,21.0,29.0,21.0,29.0
0.25,1.0,PF,4253,2,2,pass,1,1,0.6682329,0.6682329,0.20650832,0.20650832,0.025042687,0.025042687,21.0,29.0,21.0,29.0
0.25,1.0,PF,4254,2,2,pass,1,1,0.6682329,0.6682329,0.20650832,0.20650832,0.025042687,0.025042687,21.0,29.0,21.0,29.0
0.25,1.0,PF,4255,2,2,pass,1,1,0.6677499,0.6677499,0.20378518,0.20378518,0.02274346,0.02274346,21.0,29.0,21.0,29.0
0.25,1.0,PF,4256,2,2,pass,1,1,0.6677499,0.6677499,0.20378518,0.20378518,0.02274346,0.02274346,21.0,29.0,21.0,29.0
0.25,1.0,PF,4257,2,2,pass,1,1,0.6677499,0.6677499,0.20378518,0.20378518,0.02274346,0.02274346,21.0,29.0,21.0,29.0
0.25,1.0,PF,4258,2,2,pass,1,1,0.6677499,0.6677499,0.20378518,0.20378518,0.02274346,0.02274346,21.0,29.0,21.0,29.0
0.25,1.0,PF,4259,2,2,pass,1,1,0.6682329,0.6682329,0.20650832,0.20650832,0.025042687,0.025042687,21.0,29.0,21.0,29.0
0.25,1.0,PF,4260,2,2,pass,1,1,0.6677499,0.6677499,0.20378518,0.20378518,0.02274346,0.02274346,21.0,29.0,21.0,29.0
0.25,1.0,PF,4261,2,2,pass,1,1,0.6677499,0.6677499,0.20378518,0.20378518,0.02274346,0.02274346,21.0,29.0,21.0,29.0
0.25,1.0,PF,4262,2,2,pass,1,1,0.6677499,0.6677499,0.20378518,0.20378518,0.02274346,0.02274346,21.0,29.0,21.0,29.0
0.25,1.0,PF,4263,2,2,pass,1,1,0.6374081,0.6374081,0.21929021,0.21929021,0.023887053,0.023887053,21.0,29.0,21.0,29.0
0.25,1.0,PF,4264,2,2,pass,1,1,0.6677499,0.6677499,0.20378518,0.20378518,0.02274346,0.02274346,21.0,29.0,21.0,29.0
0.25,1.0,PF,4265,2,2,pass,1,1,0.6677499,0.6677499,0.20378518,0.20378518,0.02274346,0.02274346,21.0,29.0,21.0,29.0
0.25,1.0,PF,4266,2,2,pass,1,1,0.6677499,0.6677499,0.20378518,0.20378518,0.02274346,0.02274346,21.0,29.0,21.0,29.0
0.25,1.0,PF,4267,2,2,pass,1,1,0.6677499,0.6677499,0.20378518,0.20378518,0.02274346,0.02274346,21.0,29.0,21.0,29.0
0.25,1.0,PF,4268,2,2,pass,1,1,0.6682329,0.6682329,0.20650832,0.20650832,0.025042687,0.025042687,21.0,29.0,21.0,29.0
0.25,1.0,PF,4269,2,2,pass,1,1,0.6677499,0.6677499,0.20378518,0.20378518,0.02274346,0.02274346,21.0,29.0,21.0,29.0
0.25,1.0,PF,4270,2,2,pass,1,1,0.6677499,0.6677499,0.20378518,0.20378518,0.02274346,0.02274346,21.0,29.0,21.0,29.0
0.25,1.0,PF,4271,2,2,pass,1,1,0.6677499,0.6677499,0.20378518,0.20378518,0.02274346,0.02274346,21.0,29.0,21.0,29.0
0.25,1.0,PF,4272,2,2,pass,1,1,0.6677499,0.6677499,0.20378518,0.20378518,0.02274346,0.02274346,21.0,29.0,21.0,29.0
0.25,1.0,PF,4273,2,2,pass,1,1,0.6682329,0.6682329,0.20650832,0.20650832,0.025042687,0.025042687,21.0,29.0,21.0,29.0
0.25,1.0,PF,4274,2,3,shield_to_safe,1,1,0.6677499,0.7168897,0.20378518,0.17843129,0.02274346,0.024729168,21.0,29.0,30.0,20.0
0.25,1.0,PF,4275,2,2,pass,1,1,0.6677499,0.6677499,0.20378518,0.20378518,0.02274346,0.02274346,21.0,29.0,21.0,29.0
0.25,1.0,PF,4276,2,2,pass,1,1,0.6677499,0.6677499,0.20378518,0.20378518,0.02274346,0.02274346,21.0,29.0,21.0,29.0
0.25,1.0,PF,4277,2,2,pass,1,1,0.65129316,0.65129316,0.21678324,0.21678324,0.023225917,0.023225917,21.0,29.0,21.0,29.0
0.25,1.0,PF,4278,2,2,pass,1,1,0.6677499,0.6677499,0.20378518,0.20378518,0.02274346,0.02274346,21.0,29.0,21.0,29.0
0.25,1.0,PF,4279,2,2,pass,1,1,0.6677499,0.6677499,0.20378518,0.20378518,0.02274346,0.02274346,21.0,29.0,21.0,29.0
0.25,1.0,PF,4280,2,2,pass,1,1,0.6682329,0.6682329,0.20650832,0.20650832,0.025042687,0.025042687,21.0,29.0,21.0,29.0
0.25,1.0,PF,4281,2,2,pass,1,1,0.6677499,0.6677499,0.20378518,0.20378518,0.02274346,0.02274346,21.0,29.0,21.0,29.0
0.25,1.0,PF,4282,2,2,pass,1,1,0.6677499,0.6677499,0.20378518,0.20378518,0.02274346,0.02274346,21.0,29.0,21.0,29.0
0.25,1.0,PF,4283,2,2,pass,1,1,0.6677499,0.6677499,0.20378518,0.20378518,0.02274346,0.02274346,21.0,29.0,21.0,29.0
0.25,1.0,PF,4284,2,2,pass,1,1,0.6677499,0.6677499,0.20378518,0.20378518,0.02274346,0.02274346,21.0,29.0,21.0,29.0
0.25,1.0,PF,4285,2,2,pass,1,1,0.6677499,0.6677499,0.20378518,0.20378518,0.02274346,0.02274346,21.0,29.0,21.0,29.0
0.25,1.0,PF,4286,2,2,pass,1,1,0.6682329,0.6682329,0.20650832,0.20650832,0.025042687,0.025042687,21.0,29.0,21.0,29.0
0.25,1.0,PF,4287,2,2,pass,1,1,0.6677499,0.6677499,0.20378518,0.20378518,0.02274346,0.02274346,21.0,29.0,21.0,29.0
0.25,1.0,PF,4288,2,2,pass,1,1,0.65129316,0.65129316,0.21678324,0.21678324,0.023225917,0.023225917,21.0,29.0,21.0,29.0
0.25,1.0,PF,4289,2,2,pass,1,1,0.6677499,0.6677499,0.20378518,0.20378518,0.02274346,0.02274346,21.0,29.0,21.0,29.0
0.25,1.0,PF,4290,2,2,pass,1,1,0.6677499,0.6677499,0.20378518,0.20378518,0.02274346,0.02274346,21.0,29.0,21.0,29.0
0.25,1.0,PF,4291,2,2,pass,1,1,0.6677499,0.6677499,0.20378518,0.20378518,0.02274346,0.02274346,21.0,29.0,21.0,29.0
0.25,1.0,PF,4292,2,2,pass,1,1,0.6677499,0.6677499,0.20378518,0.20378518,0.02274346,0.02274346,21.0,29.0,21.0,29.0
0.25,1.0,PF,4293,2,2,pass,1,1,0.6677499,0.6677499,0.20378518,0.20378518,0.02274346,0.02274346,21.0,29.0,21.0,29.0
0.25,1.0,PF,4294,2,2,pass,1,1,0.6677499,0.6677499,0.20378518,0.20378518,0.02274346,0.02274346,21.0,29.0,21.0,29.0
0.25,1.0,PF,4295,2,2,pass,1,1,0.65129316,0.65129316,0.21678324,0.21678324,0.023225917,0.023225917,21.0,29.0,21.0,29.0
0.25,1.0,PF,4296,2,2,pass,1,1,0.6677499,0.6677499,0.20378518,0.20378518,0.02274346,0.02274346,21.0,29.0,21.0,29.0
0.25,1.0,PF,4297,2,2,pass,1,1,0.6677499,0.6677499,0.20378518,0.20378518,0.02274346,0.02274346,21.0,29.0,21.0,29.0
0.25,1.0,PF,4298,2,2,pass,1,1,0.6677499,0.6677499,0.20378518,0.20378518,0.02274346,0.02274346,21.0,29.0,21.0,29.0
0.25,1.0,PF,4299,2,2,pass,1,1,0.6677499,0.6677499,0.20378518,0.20378518,0.02274346,0.02274346,21.0,29.0,21.0,29.0
0.25,1.0,PF,4300,2,2,pass,1,1,0.6677499,0.6677499,0.20378518,0.20378518,0.02274346,0.02274346,21.0,29.0,21.0,29.0
0.25,1.0,PF,4301,2,2,pass,1,1,0.6677499,0.6677499,0.20378518,0.20378518,0.02274346,0.02274346,21.0,29.0,21.0,29.0
0.25,1.0,PF,4302,2,2,pass,1,1,0.6677499,0.6677499,0.20378518,0.20378518,0.02274346,0.02274346,21.0,29.0,21.0,29.0
0.25,1.0,PF,4303,2,2,pass,1,1,0.6374081,0.6374081,0.21929021,0.21929021,0.023887053,0.023887053,21.0,29.0,21.0,29.0
0.25,1.0,PF,4304,2,2,pass,1,1,0.6374081,0.6374081,0.21929021,0.21929021,0.023887053,0.023887053,21.0,29.0,21.0,29.0
0.25,1.0,PF,4305,2,2,pass,1,1,0.6677499,0.6677499,0.20378518,0.20378518,0.02274346,0.02274346,21.0,29.0,21.0,29.0
0.25,1.0,PF,4306,2,2,pass,1,1,0.6677499,0.6677499,0.20378518,0.20378518,0.02274346,0.02274346,21.0,29.0,21.0,29.0
0.25,1.0,PF,4307,2,2,pass,1,1,0.6677499,0.6677499,0.20378518,0.20378518,0.02274346,0.02274346,21.0,29.0,21.0,29.0
0.25,1.0,PF,4308,2,2,pass,1,1,0.6780778,0.6780778,0.173598,0.173598,0.012475382,0.012475382,21.0,29.0,21.0,29.0
0.25,1.0,PF,4309,2,2,pass,1,1,0.6374081,0.6374081,0.21929021,0.21929021,0.023887053,0.023887053,21.0,29.0,21.0,29.0
0.25,1.0,PF,4310,2,2,pass,1,1,0.6677499,0.6677499,0.20378518,0.20378518,0.02274346,0.02274346,21.0,29.0,21.0,29.0
0.25,1.0,PF,4311,2,2,pass,1,1,0.6677499,0.6677499,0.20378518,0.20378518,0.02274346,0.02274346,21.0,29.0,21.0,29.0
0.25,1.0,PF,4312,2,2,pass,1,1,0.6677499,0.6677499,0.20378518,0.20378518,0.02274346,0.02274346,21.0,29.0,21.0,29.0
0.25,1.0,PF,4313,2,2,pass,1,1,0.6677499,0.6677499,0.20378518,0.20378518,0.02274346,0.02274346,21.0,29.0,21.0,29.0
0.25,1.0,PF,4314,2,2,pass,1,1,0.65129316,0.65129316,0.21678324,0.21678324,0.023225917,0.023225917,21.0,29.0,21.0,29.0
0.25,1.0,PF,4315,2,2,pass,1,1,0.6677499,0.6677499,0.20378518,0.20378518,0.02274346,0.02274346,21.0,29.0,21.0,29.0
0.25,1.0,PF,4316,2,2,pass,1,1,0.6677499,0.6677499,0.20378518,0.20378518,0.02274346,0.02274346,21.0,29.0,21.0,29.0
0.25,1.0,PF,4317,2,3,shield_to_safe,1,1,0.6682329,0.72676647,0.20650832,0.16350773,0.025042687,0.021733325,21.0,29.0,30.0,20.0
0.25,1.0,PF,4318,2,2,pass,1,1,0.6682329,0.6682329,0.20650832,0.20650832,0.025042687,0.025042687,21.0,29.0,21.0,29.0
0.25,1.0,PF,4319,2,2,pass,1,1,0.6677499,0.6677499,0.20378518,0.20378518,0.02274346,0.02274346,21.0,29.0,21.0,29.0
0.25,1.0,PF,4320,2,2,pass,1,1,0.6677499,0.6677499,0.20378518,0.20378518,0.02274346,0.02274346,21.0,29.0,21.0,29.0
0.25,1.0,PF,4321,2,2,pass,1,1,0.6677499,0.6677499,0.20378518,0.20378518,0.02274346,0.02274346,21.0,29.0,21.0,29.0
0.25,1.0,PF,4322,2,0,shield_to_safe,1,0,0.6780778,0.76278657,0.173598,0.08473345,0.012475382,0.10000285,21.0,29.0,0.0,29.0
0.25,1.0,PF,4323,2,2,pass,1,1,0.6677499,0.6677499,0.20378518,0.20378518,0.02274346,0.02274346,21.0,29.0,21.0,29.0
0.25,1.0,PF,4324,2,2,pass,1,1,0.6374081,0.6374081,0.21929021,0.21929021,0.023887053,0.023887053,21.0,29.0,21.0,29.0
0.25,1.0,PF,4325,2,2,pass,1,1,0.6677499,0.6677499,0.20378518,0.20378518,0.02274346,0.02274346,21.0,29.0,21.0,29.0
0.25,1.0,PF,4326,2,2,pass,1,1,0.6677499,0.6677499,0.20378518,0.20378518,0.02274346,0.02274346,21.0,29.0,21.0,29.0
0.25,1.0,PF,4327,2,2,pass,1,1,0.6677499,0.6677499,0.20378518,0.20378518,0.02274346,0.02274346,21.0,29.0,21.0,29.0
0.25,1.0,PF,4328,2,2,pass,1,1,0.6677499,0.6677499,0.20378518,0.20378518,0.02274346,0.02274346,21.0,29.0,21.0,29.0
0.25,1.0,PF,4329,2,2,pass,1,1,0.6677499,0.6677499,0.20378518,0.20378518,0.02274346,0.02274346,21.0,29.0,21.0,29.0
0.25,1.0,PF,4330,2,2,pass,1,1,0.6677499,0.6677499,0.20378518,0.20378518,0.02274346,0.02274346,21.0,29.0,21.0,29.0
0.25,1.0,PF,4331,2,2,pass,1,1,0.6677499,0.6677499,0.20378518,0.20378518,0.02274346,0.02274346,21.0,29.0,21.0,29.0
0.25,1.0,PF,4332,2,2,pass,1,1,0.6677499,0.6677499,0.20378518,0.20378518,0.02274346,0.02274346,21.0,29.0,21.0,29.0
0.25,1.0,PF,4333,2,2,pass,1,1,0.6780778,0.6780778,0.173598,0.173598,0.012475382,0.012475382,21.0,29.0,21.0,29.0
0.25,1.0,PF,4334,2,2,pass,1,1,0.6677499,0.6677499,0.20378518,0.20378518,0.02274346,0.02274346,21.0,29.0,21.0,29.0
0.25,1.0,PF,4335,2,2,pass,1,1,0.6677499,0.6677499,0.20378518,0.20378518,0.02274346,0.02274346,21.0,29.0,21.0,29.0
0.25,1.0,PF,4336,2,2,pass,1,1,0.6677499,0.6677499,0.20378518,0.20378518,0.02274346,0.02274346,21.0,29.0,21.0,29.0
0.25,1.0,PF,4337,2,2,pass,1,1,0.6677499,0.6677499,0.20378518,0.20378518,0.02274346,0.02274346,21.0,29.0,21.0,29.0
0.25,1.0,PF,4338,2,2,pass,1,1,0.6677499,0.6677499,0.20378518,0.20378518,0.02274346,0.02274346,21.0,29.0,21.0,29.0
0.25,1.0,PF,4339,2,2,pass,1,1,0.65129316,0.65129316,0.21678324,0.21678324,0.023225917,0.023225917,21.0,29.0,21.0,29.0
0.25,1.0,PF,4340,2,2,pass,1,1,0.6677499,0.6677499,0.20378518,0.20378518,0.02274346,0.02274346,21.0,29.0,21.0,29.0
0.25,1.0,PF,4341,2,2,pass,1,1,0.6677499,0.6677499,0.20378518,0.20378518,0.02274346,0.02274346,21.0,29.0,21.0,29.0
0.25,1.0,PF,4342,2,3,shield_to_safe,1,1,0.6677499,0.72676647,0.20378518,0.16350773,0.02274346,0.021733325,21.0,29.0,30.0,20.0
0.25,1.0,PF,4343,2,2,pass,1,1,0.6677499,0.6677499,0.20378518,0.20378518,0.02274346,0.02274346,21.0,29.0,21.0,29.0
0.25,1.0,PF,4344,2,2,pass,1,1,0.6677499,0.6677499,0.20378518,0.20378518,0.02274346,0.02274346,21.0,29.0,21.0,29.0
0.25,1.0,PF,4345,2,2,pass,1,1,0.6677499,0.6677499,0.20378518,0.20378518,0.02274346,0.02274346,21.0,29.0,21.0,29.0
0.25,1.0,PF,4346,2,2,pass,1,1,0.6677499,0.6677499,0.20378518,0.20378518,0.02274346,0.02274346,21.0,29.0,21.0,29.0
0.25,1.0,PF,4347,2,2,pass,1,1,0.6677499,0.6677499,0.20378518,0.20378518,0.02274346,0.02274346,21.0,29.0,21.0,29.0
0.25,1.0,PF,4348,2,2,pass,1,1,0.6677499,0.6677499,0.20378518,0.20378518,0.02274346,0.02274346,21.0,29.0,21.0,29.0
0.25,1.0,PF,4349,2,3,shield_to_safe,1,1,0.6677499,0.72676647,0.20378518,0.16350773,0.02274346,0.021733325,21.0,29.0,30.0,20.0
0.25,1.0,PF,4350,2,2,pass,1,1,0.65129316,0.65129316,0.21678324,0.21678324,0.023225917,0.023225917,21.0,29.0,21.0,29.0
0.25,1.0,PF,4351,2,2,pass,1,1,0.6682329,0.6682329,0.20650832,0.20650832,0.025042687,0.025042687,21.0,29.0,21.0,29.0
0.25,1.0,PF,4352,2,2,pass,1,1,0.6677499,0.6677499,0.20378518,0.20378518,0.02274346,0.02274346,21.0,29.0,21.0,29.0
0.25,1.0,PF,4353,2,2,pass,1,1,0.7186651,0.7186651,0.16434994,0.16434994,0.025743317,0.025743317,21.0,29.0,21.0,29.0
0.25,1.0,PF,4354,2,2,pass,1,1,0.65129316,0.65129316,0.21678324,0.21678324,0.023225917,0.023225917,21.0,29.0,21.0,29.0
0.25,1.0,PF,4355,2,2,pass,1,1,0.6677499,0.6677499,0.20378518,0.20378518,0.02274346,0.02274346,21.0,29.0,21.0,29.0
0.25,1.0,PF,4356,2,2,pass,1,1,0.6682329,0.6682329,0.20650832,0.20650832,0.025042687,0.025042687,21.0,29.0,21.0,29.0
0.25,1.0,PF,4357,2,2,pass,1,1,0.6677499,0.6677499,0.20378518,0.20378518,0.02274346,0.02274346,21.0,29.0,21.0,29.0
0.25,1.0,PF,4358,2,2,pass,1,1,0.6677499,0.6677499,0.20378518,0.20378518,0.02274346,0.02274346,21.0,29.0,21.0,29.0
0.25,1.0,PF,4359,2,2,pass,1,1,0.7186651,0.7186651,0.16434994,0.16434994,0.025743317,0.025743317,21.0,29.0,21.0,29.0
0.25,1.0,PF,4360,2,2,pass,1,1,0.6677499,0.6677499,0.20378518,0.20378518,0.02274346,0.02274346,21.0,29.0,21.0,29.0
0.25,1.0,PF,4361,2,2,pass,1,1,0.6677499,0.6677499,0.20378518,0.20378518,0.02274346,0.02274346,21.0,29.0,21.0,29.0
0.25,1.0,PF,4362,2,2,pass,1,1,0.6677499,0.6677499,0.20378518,0.20378518,0.02274346,0.02274346,21.0,29.0,21.0,29.0
0.25,1.0,PF,4363,2,2,pass,1,1,0.6677499,0.6677499,0.20378518,0.20378518,0.02274346,0.02274346,21.0,29.0,21.0,29.0
0.25,1.0,PF,4364,2,2,pass,1,1,0.6677499,0.6677499,0.20378518,0.20378518,0.02274346,0.02274346,21.0,29.0,21.0,29.0
0.25,1.0,PF,4365,2,2,pass,1,1,0.6677499,0.6677499,0.20378518,0.20378518,0.02274346,0.02274346,21.0,29.0,21.0,29.0
0.25,1.0,PF,4366,2,2,pass,1,1,0.6677499,0.6677499,0.20378518,0.20378518,0.02274346,0.02274346,21.0,29.0,21.0,29.0
0.25,1.0,PF,4367,2,2,pass,1,1,0.6677499,0.6677499,0.20378518,0.20378518,0.02274346,0.02274346,21.0,29.0,21.0,29.0
0.25,1.0,PF,4368,2,2,pass,1,1,0.6682329,0.6682329,0.20650832,0.20650832,0.025042687,0.025042687,21.0,29.0,21.0,29.0
0.25,1.0,PF,4369,2,2,pass,1,1,0.6677499,0.6677499,0.20378518,0.20378518,0.02274346,0.02274346,21.0,29.0,21.0,29.0
0.25,1.0,PF,4370,2,2,pass,1,1,0.65129316,0.65129316,0.21678324,0.21678324,0.023225917,0.023225917,21.0,29.0,21.0,29.0
0.25,1.0,PF,4371,2,2,pass,1,1,0.6677499,0.6677499,0.20378518,0.20378518,0.02274346,0.02274346,21.0,29.0,21.0,29.0
0.25,1.0,PF,4372,2,3,shield_to_safe,1,1,0.6677499,0.7168897,0.20378518,0.17843129,0.02274346,0.024729168,21.0,29.0,30.0,20.0
0.25,1.0,PF,4373,2,2,pass,1,1,0.6677499,0.6677499,0.20378518,0.20378518,0.02274346,0.02274346,21.0,29.0,21.0,29.0
0.25,1.0,PF,4374,2,2,pass,1,1,0.6677499,0.6677499,0.20378518,0.20378518,0.02274346,0.02274346,21.0,29.0,21.0,29.0
0.25,1.0,PF,4375,2,2,pass,1,1,0.6682329,0.6682329,0.20650832,0.20650832,0.025042687,0.025042687,21.0,29.0,21.0,29.0
0.25,1.0,PF,4376,2,2,pass,1,1,0.6677499,0.6677499,0.20378518,0.20378518,0.02274346,0.02274346,21.0,29.0,21.0,29.0
0.25,1.0,PF,4377,2,2,pass,1,1,0.6677499,0.6677499,0.20378518,0.20378518,0.02274346,0.02274346,21.0,29.0,21.0,29.0
0.25,1.0,PF,4378,2,2,pass,1,1,0.6677499,0.6677499,0.20378518,0.20378518,0.02274346,0.02274346,21.0,29.0,21.0,29.0
0.25,1.0,PF,4379,2,2,pass,1,1,0.7186651,0.7186651,0.16434994,0.16434994,0.025743317,0.025743317,21.0,29.0,21.0,29.0
0.25,1.0,PF,4380,2,2,pass,1,1,0.6677499,0.6677499,0.20378518,0.20378518,0.02274346,0.02274346,21.0,29.0,21.0,29.0
0.25,1.0,PF,4381,2,2,pass,1,1,0.6677499,0.6677499,0.20378518,0.20378518,0.02274346,0.02274346,21.0,29.0,21.0,29.0
0.25,1.0,PF,4382,2,2,pass,1,1,0.6677499,0.6677499,0.20378518,0.20378518,0.02274346,0.02274346,21.0,29.0,21.0,29.0
0.25,1.0,PF,4383,2,2,pass,1,1,0.7186651,0.7186651,0.16434994,0.16434994,0.025743317,0.025743317,21.0,29.0,21.0,29.0
0.25,1.0,PF,4384,2,2,pass,1,1,0.7186651,0.7186651,0.16434994,0.16434994,0.025743317,0.025743317,21.0,29.0,21.0,29.0
0.25,1.0,PF,4385,2,2,pass,1,1,0.6677499,0.6677499,0.20378518,0.20378518,0.02274346,0.02274346,21.0,29.0,21.0,29.0
0.25,1.0,PF,4386,2,2,pass,1,1,0.6677499,0.6677499,0.20378518,0.20378518,0.02274346,0.02274346,21.0,29.0,21.0,29.0
0.25,1.0,PF,4387,2,2,pass,1,1,0.6677499,0.6677499,0.20378518,0.20378518,0.02274346,0.02274346,21.0,29.0,21.0,29.0
0.25,1.0,PF,4388,2,2,pass,1,1,0.6677499,0.6677499,0.20378518,0.20378518,0.02274346,0.02274346,21.0,29.0,21.0,29.0
0.25,1.0,PF,4389,2,2,pass,1,1,0.6677499,0.6677499,0.20378518,0.20378518,0.02274346,0.02274346,21.0,29.0,21.0,29.0
0.25,1.0,PF,4390,2,2,pass,1,1,0.6677499,0.6677499,0.20378518,0.20378518,0.02274346,0.02274346,21.0,29.0,21.0,29.0
0.25,1.0,PF,4391,2,2,pass,1,1,0.6677499,0.6677499,0.20378518,0.20378518,0.02274346,0.02274346,21.0,29.0,21.0,29.0
0.25,1.0,PF,4392,2,2,pass,1,1,0.6682329,0.6682329,0.20650832,0.20650832,0.025042687,0.025042687,21.0,29.0,21.0,29.0
0.25,1.0,PF,4393,2,2,pass,1,1,0.6677499,0.6677499,0.20378518,0.20378518,0.02274346,0.02274346,21.0,29.0,21.0,29.0
0.25,1.0,PF,4394,2,2,pass,1,1,0.65129316,0.65129316,0.21678324,0.21678324,0.023225917,0.023225917,21.0,29.0,21.0,29.0
0.25,1.0,PF,4395,2,2,pass,1,1,0.6677499,0.6677499,0.20378518,0.20378518,0.02274346,0.02274346,21.0,29.0,21.0,29.0
0.25,1.0,PF,4396,2,2,pass,1,1,0.6677499,0.6677499,0.20378518,0.20378518,0.02274346,0.02274346,21.0,29.0,21.0,29.0
0.25,1.0,PF,4397,2,2,pass,1,1,0.6677499,0.6677499,0.20378518,0.20378518,0.02274346,0.02274346,21.0,29.0,21.0,29.0
0.25,1.0,PF,4398,2,2,pass,1,1,0.65129316,0.65129316,0.21678324,0.21678324,0.023225917,0.023225917,21.0,29.0,21.0,29.0
0.25,1.0,PF,4399,2,2,pass,1,1,0.6677499,0.6677499,0.20378518,0.20378518,0.02274346,0.02274346,21.0,29.0,21.0,29.0
0.25,1.0,PF,4400,2,2,pass,1,1,0.6677499,0.6677499,0.20378518,0.20378518,0.02274346,0.02274346,21.0,29.0,21.0,29.0
0.25,1.0,PF,4401,2,2,pass,1,1,0.6677499,0.6677499,0.20378518,0.20378518,0.02274346,0.02274346,21.0,29.0,21.0,29.0
0.25,1.0,PF,4402,2,2,pass,1,1,0.6677499,0.6677499,0.20378518,0.20378518,0.02274346,0.02274346,21.0,29.0,21.0,29.0
0.25,1.0,PF,4403,2,2,pass,1,1,0.6677499,0.6677499,0.20378518,0.20378518,0.02274346,0.02274346,21.0,29.0,21.0,29.0
0.25,1.0,PF,4404,2,2,pass,1,1,0.6677499,0.6677499,0.20378518,0.20378518,0.02274346,0.02274346,21.0,29.0,21.0,29.0
0.25,1.0,PF,4405,2,2,pass,1,1,0.6677499,0.6677499,0.20378518,0.20378518,0.02274346,0.02274346,21.0,29.0,21.0,29.0
0.25,1.0,PF,4406,2,2,pass,1,1,0.6677499,0.6677499,0.20378518,0.20378518,0.02274346,0.02274346,21.0,29.0,21.0,29.0
0.25,1.0,PF,4407,2,2,pass,1,1,0.7186651,0.7186651,0.16434994,0.16434994,0.025743317,0.025743317,21.0,29.0,21.0,29.0
0.25,1.0,PF,4408,2,2,pass,1,1,0.6682329,0.6682329,0.20650832,0.20650832,0.025042687,0.025042687,21.0,29.0,21.0,29.0
0.25,1.0,PF,4409,2,2,pass,1,1,0.6677499,0.6677499,0.20378518,0.20378518,0.02274346,0.02274346,21.0,29.0,21.0,29.0
0.25,1.0,PF,4410,2,2,pass,1,1,0.6677499,0.6677499,0.20378518,0.20378518,0.02274346,0.02274346,21.0,29.0,21.0,29.0
0.25,1.0,PF,4411,2,2,pass,1,1,0.6677499,0.6677499,0.20378518,0.20378518,0.02274346,0.02274346,21.0,29.0,21.0,29.0
0.25,1.0,PF,4412,2,2,pass,1,1,0.65129316,0.65129316,0.21678324,0.21678324,0.023225917,0.023225917,21.0,29.0,21.0,29.0
0.25,1.0,PF,4413,2,2,pass,1,1,0.6677499,0.6677499,0.20378518,0.20378518,0.02274346,0.02274346,21.0,29.0,21.0,29.0
0.25,1.0,PF,4414,2,2,pass,1,1,0.6677499,0.6677499,0.20378518,0.20378518,0.02274346,0.02274346,21.0,29.0,21.0,29.0
0.25,1.0,PF,4415,2,2,pass,1,1,0.6677499,0.6677499,0.20378518,0.20378518,0.02274346,0.02274346,21.0,29.0,21.0,29.0
0.25,1.0,PF,4416,2,2,pass,1,1,0.6682329,0.6682329,0.20650832,0.20650832,0.025042687,0.025042687,21.0,29.0,21.0,29.0
0.25,1.0,PF,4417,2,2,pass,1,1,0.6677499,0.6677499,0.20378518,0.20378518,0.02274346,0.02274346,21.0,29.0,21.0,29.0
0.25,1.0,PF,4418,2,2,pass,1,1,0.6677499,0.6677499,0.20378518,0.20378518,0.02274346,0.02274346,21.0,29.0,21.0,29.0
0.25,1.0,PF,4419,2,2,pass,1,1,0.6677499,0.6677499,0.20378518,0.20378518,0.02274346,0.02274346,21.0,29.0,21.0,29.0
0.25,1.0,PF,4420,2,2,pass,1,1,0.6677499,0.6677499,0.20378518,0.20378518,0.02274346,0.02274346,21.0,29.0,21.0,29.0
0.25,1.0,PF,4421,2,2,pass,1,1,0.6677499,0.6677499,0.20378518,0.20378518,0.02274346,0.02274346,21.0,29.0,21.0,29.0
0.25,1.0,PF,4422,2,2,pass,1,1,0.6677499,0.6677499,0.20378518,0.20378518,0.02274346,0.02274346,21.0,29.0,21.0,29.0
0.25,1.0,PF,4423,2,2,pass,1,1,0.6677499,0.6677499,0.20378518,0.20378518,0.02274346,0.02274346,21.0,29.0,21.0,29.0
0.25,1.0,PF,4424,2,2,pass,1,1,0.6677499,0.6677499,0.20378518,0.20378518,0.02274346,0.02274346,21.0,29.0,21.0,29.0
0.25,1.0,PF,4425,2,2,pass,1,1,0.6677499,0.6677499,0.20378518,0.20378518,0.02274346,0.02274346,21.0,29.0,21.0,29.0
0.25,1.0,PF,4426,2,2,pass,1,1,0.6506768,0.6506768,0.24160099,0.24160099,0.021516193,0.021516193,21.0,29.0,21.0,29.0
0.25,1.0,PF,4427,2,2,pass,1,1,0.6677499,0.6677499,0.20378518,0.20378518,0.02274346,0.02274346,21.0,29.0,21.0,29.0
0.25,1.0,PF,4428,2,2,pass,1,1,0.6677499,0.6677499,0.20378518,0.20378518,0.02274346,0.02274346,21.0,29.0,21.0,29.0
0.25,1.0,PF,4429,2,2,pass,1,1,0.6677499,0.6677499,0.20378518,0.20378518,0.02274346,0.02274346,21.0,29.0,21.0,29.0
0.25,1.0,PF,4430,2,2,pass,1,1,0.6677499,0.6677499,0.20378518,0.20378518,0.02274346,0.02274346,21.0,29.0,21.0,29.0
0.25,1.0,PF,4431,2,2,pass,1,1,0.6780778,0.6780778,0.173598,0.173598,0.012475382,0.012475382,21.0,29.0,21.0,29.0
0.25,1.0,PF,4432,2,2,pass,1,1,0.6677499,0.6677499,0.20378518,0.20378518,0.02274346,0.02274346,21.0,29.0,21.0,29.0
0.25,1.0,PF,4433,2,2,pass,1,1,0.6677499,0.6677499,0.20378518,0.20378518,0.02274346,0.02274346,21.0,29.0,21.0,29.0
0.25,1.0,PF,4434,2,2,pass,1,1,0.6677499,0.6677499,0.20378518,0.20378518,0.02274346,0.02274346,21.0,29.0,21.0,29.0
0.25,1.0,PF,4435,2,2,pass,1,1,0.6677499,0.6677499,0.20378518,0.20378518,0.02274346,0.02274346,21.0,29.0,21.0,29.0
0.25,1.0,PF,4436,2,2,pass,1,1,0.6677499,0.6677499,0.20378518,0.20378518,0.02274346,0.02274346,21.0,29.0,21.0,29.0
0.25,1.0,PF,4437,2,2,pass,1,1,0.6682329,0.6682329,0.20650832,0.20650832,0.025042687,0.025042687,21.0,29.0,21.0,29.0
0.25,1.0,PF,4438,2,2,pass,1,1,0.6677499,0.6677499,0.20378518,0.20378518,0.02274346,0.02274346,21.0,29.0,21.0,29.0
0.25,1.0,PF,4439,2,2,pass,1,1,0.6677499,0.6677499,0.20378518,0.20378518,0.02274346,0.02274346,21.0,29.0,21.0,29.0
0.25,1.0,PF,4440,2,2,pass,1,1,0.6677499,0.6677499,0.20378518,0.20378518,0.02274346,0.02274346,21.0,29.0,21.0,29.0
0.25,1.0,PF,4441,2,2,pass,1,1,0.6682329,0.6682329,0.20650832,0.20650832,0.025042687,0.025042687,21.0,29.0,21.0,29.0
0.25,1.0,PF,4442,2,2,pass,1,1,0.6677499,0.6677499,0.20378518,0.20378518,0.02274346,0.02274346,21.0,29.0,21.0,29.0
0.25,1.0,PF,4443,2,2,pass,1,1,0.6677499,0.6677499,0.20378518,0.20378518,0.02274346,0.02274346,21.0,29.0,21.0,29.0
0.25,1.0,PF,4444,2,2,pass,1,1,0.65129316,0.65129316,0.21678324,0.21678324,0.023225917,0.023225917,21.0,29.0,21.0,29.0
0.25,1.0,PF,4445,2,2,pass,1,1,0.6677499,0.6677499,0.20378518,0.20378518,0.02274346,0.02274346,21.0,29.0,21.0,29.0
0.25,1.0,PF,4446,2,2,pass,1,1,0.6677499,0.6677499,0.20378518,0.20378518,0.02274346,0.02274346,21.0,29.0,21.0,29.0
0.25,1.0,PF,4447,2,2,pass,1,1,0.6677499,0.6677499,0.20378518,0.20378518,0.02274346,0.02274346,21.0,29.0,21.0,29.0
0.25,1.0,PF,4448,2,2,pass,1,1,0.6677499,0.6677499,0.20378518,0.20378518,0.02274346,0.02274346,21.0,29.0,21.0,29.0
0.25,1.0,PF,4449,2,2,pass,1,1,0.6677499,0.6677499,0.20378518,0.20378518,0.02274346,0.02274346,21.0,29.0,21.0,29.0
0.25,1.0,PF,4450,2,2,pass,1,1,0.6374081,0.6374081,0.21929021,0.21929021,0.023887053,0.023887053,21.0,29.0,21.0,29.0
0.25,1.0,PF,4451,2,2,pass,1,1,0.6677499,0.6677499,0.20378518,0.20378518,0.02274346,0.02274346,21.0,29.0,21.0,29.0
0.25,1.0,PF,4452,2,2,pass,1,1,0.6677499,0.6677499,0.20378518,0.20378518,0.02274346,0.02274346,21.0,29.0,21.0,29.0
0.25,1.0,PF,4453,2,2,pass,1,1,0.6677499,0.6677499,0.20378518,0.20378518,0.02274346,0.02274346,21.0,29.0,21.0,29.0
0.25,1.0,PF,4454,2,2,pass,1,1,0.6682329,0.6682329,0.20650832,0.20650832,0.025042687,0.025042687,21.0,29.0,21.0,29.0
0.25,1.0,PF,4455,2,2,pass,1,1,0.6677499,0.6677499,0.20378518,0.20378518,0.02274346,0.02274346,21.0,29.0,21.0,29.0
0.25,1.0,PF,4456,2,2,pass,1,1,0.6374081,0.6374081,0.21929021,0.21929021,0.023887053,0.023887053,21.0,29.0,21.0,29.0
0.25,1.0,PF,4457,2,2,pass,1,1,0.6677499,0.6677499,0.20378518,0.20378518,0.02274346,0.02274346,21.0,29.0,21.0,29.0
0.25,1.0,PF,4458,2,2,pass,1,1,0.6677499,0.6677499,0.20378518,0.20378518,0.02274346,0.02274346,21.0,29.0,21.0,29.0
0.25,1.0,PF,4459,2,2,pass,1,1,0.6677499,0.6677499,0.20378518,0.20378518,0.02274346,0.02274346,21.0,29.0,21.0,29.0
0.25,1.0,PF,4460,2,2,pass,1,1,0.6677499,0.6677499,0.20378518,0.20378518,0.02274346,0.02274346,21.0,29.0,21.0,29.0
0.25,1.0,PF,4461,2,2,pass,1,1,0.6677499,0.6677499,0.20378518,0.20378518,0.02274346,0.02274346,21.0,29.0,21.0,29.0
0.25,1.0,PF,4462,2,2,pass,1,1,0.65129316,0.65129316,0.21678324,0.21678324,0.023225917,0.023225917,21.0,29.0,21.0,29.0
0.25,1.0,PF,4463,2,2,pass,1,1,0.6677499,0.6677499,0.20378518,0.20378518,0.02274346,0.02274346,21.0,29.0,21.0,29.0
0.25,1.0,PF,4464,2,2,pass,1,1,0.6677499,0.6677499,0.20378518,0.20378518,0.02274346,0.02274346,21.0,29.0,21.0,29.0
0.25,1.0,PF,4465,2,2,pass,1,1,0.6677499,0.6677499,0.20378518,0.20378518,0.02274346,0.02274346,21.0,29.0,21.0,29.0
0.25,1.0,PF,4466,2,2,pass,1,1,0.6677499,0.6677499,0.20378518,0.20378518,0.02274346,0.02274346,21.0,29.0,21.0,29.0
0.25,1.0,PF,4467,2,2,pass,1,1,0.6677499,0.6677499,0.20378518,0.20378518,0.02274346,0.02274346,21.0,29.0,21.0,29.0
0.25,1.0,PF,4468,2,2,pass,1,1,0.6677499,0.6677499,0.20378518,0.20378518,0.02274346,0.02274346,21.0,29.0,21.0,29.0
0.25,1.0,PF,4469,2,2,pass,1,1,0.6677499,0.6677499,0.20378518,0.20378518,0.02274346,0.02274346,21.0,29.0,21.0,29.0
0.25,1.0,PF,4470,2,2,pass,1,1,0.6506768,0.6506768,0.24160099,0.24160099,0.021516193,0.021516193,21.0,29.0,21.0,29.0
0.25,1.0,PF,4471,2,2,pass,1,1,0.6677499,0.6677499,0.20378518,0.20378518,0.02274346,0.02274346,21.0,29.0,21.0,29.0
0.25,1.0,PF,4472,2,2,pass,1,1,0.6677499,0.6677499,0.20378518,0.20378518,0.02274346,0.02274346,21.0,29.0,21.0,29.0
0.25,1.0,PF,4473,2,2,pass,1,1,0.6677499,0.6677499,0.20378518,0.20378518,0.02274346,0.02274346,21.0,29.0,21.0,29.0
0.25,1.0,PF,4474,2,2,pass,1,1,0.6677499,0.6677499,0.20378518,0.20378518,0.02274346,0.02274346,21.0,29.0,21.0,29.0
0.25,1.0,PF,4475,2,2,pass,1,1,0.6677499,0.6677499,0.20378518,0.20378518,0.02274346,0.02274346,21.0,29.0,21.0,29.0
0.25,1.0,PF,4476,2,2,pass,1,1,0.6677499,0.6677499,0.20378518,0.20378518,0.02274346,0.02274346,21.0,29.0,21.0,29.0
0.25,1.0,PF,4477,2,2,pass,1,1,0.6677499,0.6677499,0.20378518,0.20378518,0.02274346,0.02274346,21.0,29.0,21.0,29.0
0.25,1.0,PF,4478,2,2,pass,1,1,0.6677499,0.6677499,0.20378518,0.20378518,0.02274346,0.02274346,21.0,29.0,21.0,29.0
0.25,1.0,PF,4479,2,2,pass,1,1,0.6682329,0.6682329,0.20650832,0.20650832,0.025042687,0.025042687,21.0,29.0,21.0,29.0
0.25,1.0,PF,4480,2,2,pass,1,1,0.65129316,0.65129316,0.21678324,0.21678324,0.023225917,0.023225917,21.0,29.0,21.0,29.0
0.25,1.0,PF,4481,2,2,pass,1,1,0.6677499,0.6677499,0.20378518,0.20378518,0.02274346,0.02274346,21.0,29.0,21.0,29.0
0.25,1.0,PF,4482,2,2,pass,1,1,0.6677499,0.6677499,0.20378518,0.20378518,0.02274346,0.02274346,21.0,29.0,21.0,29.0
0.25,1.0,PF,4483,2,2,pass,1,1,0.6677499,0.6677499,0.20378518,0.20378518,0.02274346,0.02274346,21.0,29.0,21.0,29.0
0.25,1.0,PF,4484,2,3,shield_to_safe,1,1,0.6677499,0.72676647,0.20378518,0.16350773,0.02274346,0.021733325,21.0,29.0,30.0,20.0
0.25,1.0,PF,4485,2,2,pass,1,1,0.6677499,0.6677499,0.20378518,0.20378518,0.02274346,0.02274346,21.0,29.0,21.0,29.0
0.25,1.0,PF,4486,2,2,pass,1,1,0.7186651,0.7186651,0.16434994,0.16434994,0.025743317,0.025743317,21.0,29.0,21.0,29.0
0.25,1.0,PF,4487,2,2,pass,1,1,0.6677499,0.6677499,0.20378518,0.20378518,0.02274346,0.02274346,21.0,29.0,21.0,29.0
0.25,1.0,PF,4488,2,2,pass,1,1,0.6677499,0.6677499,0.20378518,0.20378518,0.02274346,0.02274346,21.0,29.0,21.0,29.0
0.25,1.0,PF,4489,2,2,pass,1,1,0.6677499,0.6677499,0.20378518,0.20378518,0.02274346,0.02274346,21.0,29.0,21.0,29.0
0.25,1.0,PF,4490,2,2,pass,1,1,0.6677499,0.6677499,0.20378518,0.20378518,0.02274346,0.02274346,21.0,29.0,21.0,29.0
0.25,1.0,PF,4491,2,2,pass,1,1,0.6677499,0.6677499,0.20378518,0.20378518,0.02274346,0.02274346,21.0,29.0,21.0,29.0
0.25,1.0,PF,4492,2,2,pass,1,1,0.6677499,0.6677499,0.20378518,0.20378518,0.02274346,0.02274346,21.0,29.0,21.0,29.0
0.25,1.0,PF,4493,2,2,pass,1,1,0.6374081,0.6374081,0.21929021,0.21929021,0.023887053,0.023887053,21.0,29.0,21.0,29.0
0.25,1.0,PF,4494,2,2,pass,1,1,0.6682329,0.6682329,0.20650832,0.20650832,0.025042687,0.025042687,21.0,29.0,21.0,29.0
0.25,1.0,PF,4495,2,2,pass,1,1,0.6677499,0.6677499,0.20378518,0.20378518,0.02274346,0.02274346,21.0,29.0,21.0,29.0
0.25,1.0,PF,4496,2,2,pass,1,1,0.6677499,0.6677499,0.20378518,0.20378518,0.02274346,0.02274346,21.0,29.0,21.0,29.0
0.25,1.0,PF,4497,2,2,pass,1,1,0.6677499,0.6677499,0.20378518,0.20378518,0.02274346,0.02274346,21.0,29.0,21.0,29.0
0.25,1.0,PF,4498,2,2,pass,1,1,0.6677499,0.6677499,0.20378518,0.20378518,0.02274346,0.02274346,21.0,29.0,21.0,29.0
0.25,1.0,PF,4499,2,2,pass,1,1,0.6677499,0.6677499,0.20378518,0.20378518,0.02274346,0.02274346,21.0,29.0,21.0,29.0
0.25,1.0,PF,4500,2,2,pass,1,1,0.6677499,0.6677499,0.20378518,0.20378518,0.02274346,0.02274346,21.0,29.0,21.0,29.0
0.25,1.0,PF,4501,2,2,pass,1,1,0.6677499,0.6677499,0.20378518,0.20378518,0.02274346,0.02274346,21.0,29.0,21.0,29.0
0.25,1.0,PF,4502,2,2,pass,1,1,0.6677499,0.6677499,0.20378518,0.20378518,0.02274346,0.02274346,21.0,29.0,21.0,29.0
0.25,1.0,PF,4503,2,2,pass,1,1,0.6677499,0.6677499,0.20378518,0.20378518,0.02274346,0.02274346,21.0,29.0,21.0,29.0
0.25,1.0,PF,4504,2,2,pass,1,1,0.6677499,0.6677499,0.20378518,0.20378518,0.02274346,0.02274346,21.0,29.0,21.0,29.0
0.25,1.0,PF,4505,2,2,pass,1,1,0.6677499,0.6677499,0.20378518,0.20378518,0.02274346,0.02274346,21.0,29.0,21.0,29.0
0.25,1.0,PF,4506,2,2,pass,1,1,0.7186651,0.7186651,0.16434994,0.16434994,0.025743317,0.025743317,21.0,29.0,21.0,29.0
0.25,1.0,PF,4507,2,2,pass,1,1,0.6677499,0.6677499,0.20378518,0.20378518,0.02274346,0.02274346,21.0,29.0,21.0,29.0
0.25,1.0,PF,4508,2,2,pass,1,1,0.6677499,0.6677499,0.20378518,0.20378518,0.02274346,0.02274346,21.0,29.0,21.0,29.0
0.25,1.0,PF,4509,2,2,pass,1,1,0.6677499,0.6677499,0.20378518,0.20378518,0.02274346,0.02274346,21.0,29.0,21.0,29.0
0.25,1.0,PF,4510,2,2,pass,1,1,0.6677499,0.6677499,0.20378518,0.20378518,0.02274346,0.02274346,21.0,29.0,21.0,29.0
0.25,1.0,PF,4511,2,2,pass,1,1,0.6677499,0.6677499,0.20378518,0.20378518,0.02274346,0.02274346,21.0,29.0,21.0,29.0
0.25,1.0,PF,4512,2,2,pass,1,1,0.6677499,0.6677499,0.20378518,0.20378518,0.02274346,0.02274346,21.0,29.0,21.0,29.0
0.25,1.0,PF,4513,2,2,pass,1,1,0.6677499,0.6677499,0.20378518,0.20378518,0.02274346,0.02274346,21.0,29.0,21.0,29.0
0.25,1.0,PF,4514,2,2,pass,1,1,0.6677499,0.6677499,0.20378518,0.20378518,0.02274346,0.02274346,21.0,29.0,21.0,29.0
0.25,1.0,PF,4515,2,2,pass,1,1,0.6677499,0.6677499,0.20378518,0.20378518,0.02274346,0.02274346,21.0,29.0,21.0,29.0
0.25,1.0,PF,4516,2,2,pass,1,1,0.6677499,0.6677499,0.20378518,0.20378518,0.02274346,0.02274346,21.0,29.0,21.0,29.0
0.25,1.0,PF,4517,2,2,pass,1,1,0.6506768,0.6506768,0.24160099,0.24160099,0.021516193,0.021516193,21.0,29.0,21.0,29.0
0.25,1.0,PF,4518,2,2,pass,1,1,0.6682329,0.6682329,0.20650832,0.20650832,0.025042687,0.025042687,21.0,29.0,21.0,29.0
0.25,1.0,PF,4519,2,2,pass,1,1,0.6677499,0.6677499,0.20378518,0.20378518,0.02274346,0.02274346,21.0,29.0,21.0,29.0
0.25,1.0,PF,4520,2,2,pass,1,1,0.6677499,0.6677499,0.20378518,0.20378518,0.02274346,0.02274346,21.0,29.0,21.0,29.0
0.25,1.0,PF,4521,2,2,pass,1,1,0.6677499,0.6677499,0.20378518,0.20378518,0.02274346,0.02274346,21.0,29.0,21.0,29.0
0.25,1.0,PF,4522,2,2,pass,1,1,0.6677499,0.6677499,0.20378518,0.20378518,0.02274346,0.02274346,21.0,29.0,21.0,29.0
0.25,1.0,PF,4523,2,2,pass,1,1,0.6677499,0.6677499,0.20378518,0.20378518,0.02274346,0.02274346,21.0,29.0,21.0,29.0
0.25,1.0,PF,4524,2,2,pass,1,1,0.6677499,0.6677499,0.20378518,0.20378518,0.02274346,0.02274346,21.0,29.0,21.0,29.0
0.25,1.0,PF,4525,2,2,pass,1,1,0.6677499,0.6677499,0.20378518,0.20378518,0.02274346,0.02274346,21.0,29.0,21.0,29.0
0.25,1.0,PF,4526,2,2,pass,1,1,0.6682329,0.6682329,0.20650832,0.20650832,0.025042687,0.025042687,21.0,29.0,21.0,29.0
0.25,1.0,PF,4527,2,2,pass,1,1,0.6677499,0.6677499,0.20378518,0.20378518,0.02274346,0.02274346,21.0,29.0,21.0,29.0
0.25,1.0,PF,4528,2,2,pass,1,1,0.6677499,0.6677499,0.20378518,0.20378518,0.02274346,0.02274346,21.0,29.0,21.0,29.0
0.25,1.0,PF,4529,2,2,pass,1,1,0.6677499,0.6677499,0.20378518,0.20378518,0.02274346,0.02274346,21.0,29.0,21.0,29.0
0.25,1.0,PF,4530,2,2,pass,1,1,0.6682329,0.6682329,0.20650832,0.20650832,0.025042687,0.025042687,21.0,29.0,21.0,29.0
0.25,1.0,PF,4531,2,2,pass,1,1,0.6374081,0.6374081,0.21929021,0.21929021,0.023887053,0.023887053,21.0,29.0,21.0,29.0
0.25,1.0,PF,4532,2,2,pass,1,1,0.6677499,0.6677499,0.20378518,0.20378518,0.02274346,0.02274346,21.0,29.0,21.0,29.0
0.25,1.0,PF,4533,2,2,pass,1,1,0.6677499,0.6677499,0.20378518,0.20378518,0.02274346,0.02274346,21.0,29.0,21.0,29.0
0.25,1.0,PF,4534,2,2,pass,1,1,0.6677499,0.6677499,0.20378518,0.20378518,0.02274346,0.02274346,21.0,29.0,21.0,29.0
0.25,1.0,PF,4535,2,2,pass,1,1,0.6677499,0.6677499,0.20378518,0.20378518,0.02274346,0.02274346,21.0,29.0,21.0,29.0
0.25,1.0,PF,4536,2,2,pass,1,1,0.6677499,0.6677499,0.20378518,0.20378518,0.02274346,0.02274346,21.0,29.0,21.0,29.0
0.25,1.0,PF,4537,2,2,pass,1,1,0.6677499,0.6677499,0.20378518,0.20378518,0.02274346,0.02274346,21.0,29.0,21.0,29.0
0.25,1.0,PF,4538,2,2,pass,1,1,0.6677499,0.6677499,0.20378518,0.20378518,0.02274346,0.02274346,21.0,29.0,21.0,29.0
0.25,1.0,PF,4539,2,2,pass,1,1,0.6677499,0.6677499,0.20378518,0.20378518,0.02274346,0.02274346,21.0,29.0,21.0,29.0
0.25,1.0,PF,4540,2,2,pass,1,1,0.6677499,0.6677499,0.20378518,0.20378518,0.02274346,0.02274346,21.0,29.0,21.0,29.0
0.25,1.0,PF,4541,2,2,pass,1,1,0.6677499,0.6677499,0.20378518,0.20378518,0.02274346,0.02274346,21.0,29.0,21.0,29.0
0.25,1.0,PF,4542,2,2,pass,1,1,0.6677499,0.6677499,0.20378518,0.20378518,0.02274346,0.02274346,21.0,29.0,21.0,29.0
0.25,1.0,PF,4543,2,2,pass,1,1,0.6677499,0.6677499,0.20378518,0.20378518,0.02274346,0.02274346,21.0,29.0,21.0,29.0
0.25,1.0,PF,4544,2,2,pass,1,1,0.6677499,0.6677499,0.20378518,0.20378518,0.02274346,0.02274346,21.0,29.0,21.0,29.0
0.25,1.0,PF,4545,2,2,pass,1,1,0.6677499,0.6677499,0.20378518,0.20378518,0.02274346,0.02274346,21.0,29.0,21.0,29.0
0.25,1.0,PF,4546,2,2,pass,1,1,0.6677499,0.6677499,0.20378518,0.20378518,0.02274346,0.02274346,21.0,29.0,21.0,29.0
0.25,1.0,PF,4547,2,2,pass,1,1,0.6677499,0.6677499,0.20378518,0.20378518,0.02274346,0.02274346,21.0,29.0,21.0,29.0
0.25,1.0,PF,4548,2,2,pass,1,1,0.6677499,0.6677499,0.20378518,0.20378518,0.02274346,0.02274346,21.0,29.0,21.0,29.0
0.25,1.0,PF,4549,2,2,pass,1,1,0.65129316,0.65129316,0.21678324,0.21678324,0.023225917,0.023225917,21.0,29.0,21.0,29.0
0.25,1.0,PF,4550,2,2,pass,1,1,0.6374081,0.6374081,0.21929021,0.21929021,0.023887053,0.023887053,21.0,29.0,21.0,29.0
0.25,1.0,PF,4551,2,2,pass,1,1,0.6677499,0.6677499,0.20378518,0.20378518,0.02274346,0.02274346,21.0,29.0,21.0,29.0
0.25,1.0,PF,4552,2,2,pass,1,1,0.6677499,0.6677499,0.20378518,0.20378518,0.02274346,0.02274346,21.0,29.0,21.0,29.0
0.25,1.0,PF,4553,2,2,pass,1,1,0.6682329,0.6682329,0.20650832,0.20650832,0.025042687,0.025042687,21.0,29.0,21.0,29.0
0.25,1.0,PF,4554,2,2,pass,1,1,0.6677499,0.6677499,0.20378518,0.20378518,0.02274346,0.02274346,21.0,29.0,21.0,29.0
0.25,1.0,PF,4555,2,2,pass,1,1,0.6780778,0.6780778,0.173598,0.173598,0.012475382,0.012475382,21.0,29.0,21.0,29.0
0.25,1.0,PF,4556,2,2,pass,1,1,0.6677499,0.6677499,0.20378518,0.20378518,0.02274346,0.02274346,21.0,29.0,21.0,29.0
0.25,1.0,PF,4557,2,2,pass,1,1,0.6677499,0.6677499,0.20378518,0.20378518,0.02274346,0.02274346,21.0,29.0,21.0,29.0
0.25,1.0,PF,4558,2,2,pass,1,1,0.6677499,0.6677499,0.20378518,0.20378518,0.02274346,0.02274346,21.0,29.0,21.0,29.0
0.25,1.0,PF,4559,2,2,pass,1,1,0.6677499,0.6677499,0.20378518,0.20378518,0.02274346,0.02274346,21.0,29.0,21.0,29.0
0.25,1.0,PF,4560,2,2,pass,1,1,0.6677499,0.6677499,0.20378518,0.20378518,0.02274346,0.02274346,21.0,29.0,21.0,29.0
0.25,1.0,PF,4561,2,2,pass,1,1,0.6677499,0.6677499,0.20378518,0.20378518,0.02274346,0.02274346,21.0,29.0,21.0,29.0
0.25,1.0,PF,4562,2,2,pass,1,1,0.6677499,0.6677499,0.20378518,0.20378518,0.02274346,0.02274346,21.0,29.0,21.0,29.0
0.25,1.0,PF,4563,2,2,pass,1,1,0.6677499,0.6677499,0.20378518,0.20378518,0.02274346,0.02274346,21.0,29.0,21.0,29.0
0.25,1.0,PF,4564,2,2,pass,1,1,0.6677499,0.6677499,0.20378518,0.20378518,0.02274346,0.02274346,21.0,29.0,21.0,29.0
0.25,1.0,PF,4565,2,2,pass,1,1,0.65129316,0.65129316,0.21678324,0.21678324,0.023225917,0.023225917,21.0,29.0,21.0,29.0
0.25,1.0,PF,4566,2,2,pass,1,1,0.7186651,0.7186651,0.16434994,0.16434994,0.025743317,0.025743317,21.0,29.0,21.0,29.0
0.25,1.0,PF,4567,2,2,pass,1,1,0.6677499,0.6677499,0.20378518,0.20378518,0.02274346,0.02274346,21.0,29.0,21.0,29.0
0.25,1.0,PF,4568,2,2,pass,1,1,0.6677499,0.6677499,0.20378518,0.20378518,0.02274346,0.02274346,21.0,29.0,21.0,29.0
0.25,1.0,PF,4569,2,2,pass,1,1,0.6677499,0.6677499,0.20378518,0.20378518,0.02274346,0.02274346,21.0,29.0,21.0,29.0
0.25,1.0,PF,4570,2,2,pass,1,1,0.6677499,0.6677499,0.20378518,0.20378518,0.02274346,0.02274346,21.0,29.0,21.0,29.0
0.25,1.0,PF,4571,2,2,pass,1,1,0.6677499,0.6677499,0.20378518,0.20378518,0.02274346,0.02274346,21.0,29.0,21.0,29.0
0.25,1.0,PF,4572,2,2,pass,1,1,0.6677499,0.6677499,0.20378518,0.20378518,0.02274346,0.02274346,21.0,29.0,21.0,29.0
0.25,1.0,PF,4573,2,2,pass,1,1,0.6677499,0.6677499,0.20378518,0.20378518,0.02274346,0.02274346,21.0,29.0,21.0,29.0
0.25,1.0,PF,4574,2,2,pass,1,1,0.6677499,0.6677499,0.20378518,0.20378518,0.02274346,0.02274346,21.0,29.0,21.0,29.0
0.25,1.0,PF,4575,2,2,pass,1,1,0.6682329,0.6682329,0.20650832,0.20650832,0.025042687,0.025042687,21.0,29.0,21.0,29.0
0.25,1.0,PF,4576,2,2,pass,1,1,0.6677499,0.6677499,0.20378518,0.20378518,0.02274346,0.02274346,21.0,29.0,21.0,29.0
0.25,1.0,PF,4577,2,2,pass,1,1,0.6677499,0.6677499,0.20378518,0.20378518,0.02274346,0.02274346,21.0,29.0,21.0,29.0
0.25,1.0,PF,4578,2,2,pass,1,1,0.6677499,0.6677499,0.20378518,0.20378518,0.02274346,0.02274346,21.0,29.0,21.0,29.0
0.25,1.0,PF,4579,2,2,pass,1,1,0.6677499,0.6677499,0.20378518,0.20378518,0.02274346,0.02274346,21.0,29.0,21.0,29.0
0.25,1.0,PF,4580,2,2,pass,1,1,0.6677499,0.6677499,0.20378518,0.20378518,0.02274346,0.02274346,21.0,29.0,21.0,29.0
0.25,1.0,PF,4581,2,2,pass,1,1,0.6677499,0.6677499,0.20378518,0.20378518,0.02274346,0.02274346,21.0,29.0,21.0,29.0
0.25,1.0,PF,4582,2,2,pass,1,1,0.6677499,0.6677499,0.20378518,0.20378518,0.02274346,0.02274346,21.0,29.0,21.0,29.0
0.25,1.0,PF,4583,2,2,pass,1,1,0.6677499,0.6677499,0.20378518,0.20378518,0.02274346,0.02274346,21.0,29.0,21.0,29.0
0.25,1.0,PF,4584,2,2,pass,1,1,0.6677499,0.6677499,0.20378518,0.20378518,0.02274346,0.02274346,21.0,29.0,21.0,29.0
0.25,1.0,PF,4585,2,2,pass,1,1,0.7186651,0.7186651,0.16434994,0.16434994,0.025743317,0.025743317,21.0,29.0,21.0,29.0
0.25,1.0,PF,4586,2,2,pass,1,1,0.6677499,0.6677499,0.20378518,0.20378518,0.02274346,0.02274346,21.0,29.0,21.0,29.0
0.25,1.0,PF,4587,2,2,pass,1,1,0.6677499,0.6677499,0.20378518,0.20378518,0.02274346,0.02274346,21.0,29.0,21.0,29.0
0.25,1.0,PF,4588,2,2,pass,1,1,0.6677499,0.6677499,0.20378518,0.20378518,0.02274346,0.02274346,21.0,29.0,21.0,29.0
0.25,1.0,PF,4589,2,2,pass,1,1,0.6506768,0.6506768,0.24160099,0.24160099,0.021516193,0.021516193,21.0,29.0,21.0,29.0
0.25,1.0,PF,4590,2,2,pass,1,1,0.6677499,0.6677499,0.20378518,0.20378518,0.02274346,0.02274346,21.0,29.0,21.0,29.0
0.25,1.0,PF,4591,2,2,pass,1,1,0.6677499,0.6677499,0.20378518,0.20378518,0.02274346,0.02274346,21.0,29.0,21.0,29.0
0.25,1.0,PF,4592,2,2,pass,1,1,0.6677499,0.6677499,0.20378518,0.20378518,0.02274346,0.02274346,21.0,29.0,21.0,29.0
0.25,1.0,PF,4593,2,2,pass,1,1,0.7186651,0.7186651,0.16434994,0.16434994,0.025743317,0.025743317,21.0,29.0,21.0,29.0
0.25,1.0,PF,4594,2,2,pass,1,1,0.6780778,0.6780778,0.173598,0.173598,0.012475382,0.012475382,21.0,29.0,21.0,29.0
0.25,1.0,PF,4595,2,2,pass,1,1,0.6677499,0.6677499,0.20378518,0.20378518,0.02274346,0.02274346,21.0,29.0,21.0,29.0
0.25,1.0,PF,4596,2,2,pass,1,1,0.6677499,0.6677499,0.20378518,0.20378518,0.02274346,0.02274346,21.0,29.0,21.0,29.0
0.25,1.0,PF,4597,2,2,pass,1,1,0.6677499,0.6677499,0.20378518,0.20378518,0.02274346,0.02274346,21.0,29.0,21.0,29.0
0.25,1.0,PF,4598,2,2,pass,1,1,0.6677499,0.6677499,0.20378518,0.20378518,0.02274346,0.02274346,21.0,29.0,21.0,29.0
0.25,1.0,PF,4599,2,2,pass,1,1,0.6677499,0.6677499,0.20378518,0.20378518,0.02274346,0.02274346,21.0,29.0,21.0,29.0
0.25,1.0,PF,4600,2,2,pass,1,1,0.6677499,0.6677499,0.20378518,0.20378518,0.02274346,0.02274346,21.0,29.0,21.0,29.0
0.25,1.0,PF,4601,2,2,pass,1,1,0.6677499,0.6677499,0.20378518,0.20378518,0.02274346,0.02274346,21.0,29.0,21.0,29.0
0.25,1.0,PF,4602,2,2,pass,1,1,0.6677499,0.6677499,0.20378518,0.20378518,0.02274346,0.02274346,21.0,29.0,21.0,29.0
0.25,1.0,PF,4603,2,2,pass,1,1,0.6677499,0.6677499,0.20378518,0.20378518,0.02274346,0.02274346,21.0,29.0,21.0,29.0
0.25,1.0,PF,4604,2,2,pass,1,1,0.6677499,0.6677499,0.20378518,0.20378518,0.02274346,0.02274346,21.0,29.0,21.0,29.0
0.25,1.0,PF,4605,2,2,pass,1,1,0.6677499,0.6677499,0.20378518,0.20378518,0.02274346,0.02274346,21.0,29.0,21.0,29.0
0.25,1.0,PF,4606,2,2,pass,1,1,0.65129316,0.65129316,0.21678324,0.21678324,0.023225917,0.023225917,21.0,29.0,21.0,29.0
0.25,1.0,PF,4607,2,2,pass,1,1,0.6682329,0.6682329,0.20650832,0.20650832,0.025042687,0.025042687,21.0,29.0,21.0,29.0
0.25,1.0,PF,4608,2,2,pass,1,1,0.6677499,0.6677499,0.20378518,0.20378518,0.02274346,0.02274346,21.0,29.0,21.0,29.0
0.25,1.0,PF,4609,2,2,pass,1,1,0.6677499,0.6677499,0.20378518,0.20378518,0.02274346,0.02274346,21.0,29.0,21.0,29.0
0.25,1.0,PF,4610,2,2,pass,1,1,0.6677499,0.6677499,0.20378518,0.20378518,0.02274346,0.02274346,21.0,29.0,21.0,29.0
0.25,1.0,PF,4611,2,2,pass,1,1,0.6677499,0.6677499,0.20378518,0.20378518,0.02274346,0.02274346,21.0,29.0,21.0,29.0
0.25,1.0,PF,4612,2,2,pass,1,1,0.6780778,0.6780778,0.173598,0.173598,0.012475382,0.012475382,21.0,29.0,21.0,29.0
0.25,1.0,PF,4613,2,2,pass,1,1,0.6677499,0.6677499,0.20378518,0.20378518,0.02274346,0.02274346,21.0,29.0,21.0,29.0
0.25,1.0,PF,4614,2,2,pass,1,1,0.6677499,0.6677499,0.20378518,0.20378518,0.02274346,0.02274346,21.0,29.0,21.0,29.0
0.25,1.0,PF,4615,2,2,pass,1,1,0.6677499,0.6677499,0.20378518,0.20378518,0.02274346,0.02274346,21.0,29.0,21.0,29.0
0.25,1.0,PF,4616,2,2,pass,1,1,0.6677499,0.6677499,0.20378518,0.20378518,0.02274346,0.02274346,21.0,29.0,21.0,29.0
0.25,1.0,PF,4617,2,2,pass,1,1,0.6677499,0.6677499,0.20378518,0.20378518,0.02274346,0.02274346,21.0,29.0,21.0,29.0
0.25,1.0,PF,4618,2,2,pass,1,1,0.6677499,0.6677499,0.20378518,0.20378518,0.02274346,0.02274346,21.0,29.0,21.0,29.0
0.25,1.0,PF,4619,2,2,pass,1,1,0.6677499,0.6677499,0.20378518,0.20378518,0.02274346,0.02274346,21.0,29.0,21.0,29.0
0.25,1.0,PF,4620,2,2,pass,1,1,0.6677499,0.6677499,0.20378518,0.20378518,0.02274346,0.02274346,21.0,29.0,21.0,29.0
0.25,1.0,PF,4621,2,2,pass,1,1,0.6677499,0.6677499,0.20378518,0.20378518,0.02274346,0.02274346,21.0,29.0,21.0,29.0
0.25,1.0,PF,4622,2,2,pass,1,1,0.6677499,0.6677499,0.20378518,0.20378518,0.02274346,0.02274346,21.0,29.0,21.0,29.0
0.25,1.0,PF,4623,2,2,pass,1,1,0.65129316,0.65129316,0.21678324,0.21678324,0.023225917,0.023225917,21.0,29.0,21.0,29.0
0.25,1.0,PF,4624,2,2,pass,1,1,0.6677499,0.6677499,0.20378518,0.20378518,0.02274346,0.02274346,21.0,29.0,21.0,29.0
0.25,1.0,PF,4625,2,2,pass,1,1,0.6506768,0.6506768,0.24160099,0.24160099,0.021516193,0.021516193,21.0,29.0,21.0,29.0
0.25,1.0,PF,4626,2,2,pass,1,1,0.7186651,0.7186651,0.16434994,0.16434994,0.025743317,0.025743317,21.0,29.0,21.0,29.0
0.25,1.0,PF,4627,2,2,pass,1,1,0.6677499,0.6677499,0.20378518,0.20378518,0.02274346,0.02274346,21.0,29.0,21.0,29.0
0.25,1.0,PF,4628,2,2,pass,1,1,0.6677499,0.6677499,0.20378518,0.20378518,0.02274346,0.02274346,21.0,29.0,21.0,29.0
0.25,1.0,PF,4629,2,2,pass,1,1,0.6677499,0.6677499,0.20378518,0.20378518,0.02274346,0.02274346,21.0,29.0,21.0,29.0
0.25,1.0,PF,4630,2,2,pass,1,1,0.6677499,0.6677499,0.20378518,0.20378518,0.02274346,0.02274346,21.0,29.0,21.0,29.0
0.25,1.0,PF,4631,2,2,pass,1,1,0.6677499,0.6677499,0.20378518,0.20378518,0.02274346,0.02274346,21.0,29.0,21.0,29.0
0.25,1.0,PF,4632,2,2,pass,1,1,0.6677499,0.6677499,0.20378518,0.20378518,0.02274346,0.02274346,21.0,29.0,21.0,29.0
0.25,1.0,PF,4633,2,2,pass,1,1,0.65129316,0.65129316,0.21678324,0.21678324,0.023225917,0.023225917,21.0,29.0,21.0,29.0
0.25,1.0,PF,4634,2,2,pass,1,1,0.6677499,0.6677499,0.20378518,0.20378518,0.02274346,0.02274346,21.0,29.0,21.0,29.0
0.25,1.0,PF,4635,2,2,pass,1,1,0.6677499,0.6677499,0.20378518,0.20378518,0.02274346,0.02274346,21.0,29.0,21.0,29.0
0.25,1.0,PF,4636,2,2,pass,1,1,0.6677499,0.6677499,0.20378518,0.20378518,0.02274346,0.02274346,21.0,29.0,21.0,29.0
0.25,1.0,PF,4637,2,2,pass,1,1,0.6677499,0.6677499,0.20378518,0.20378518,0.02274346,0.02274346,21.0,29.0,21.0,29.0
0.25,1.0,PF,4638,2,3,shield_to_safe,1,1,0.6677499,0.72676647,0.20378518,0.16350773,0.02274346,0.021733325,21.0,29.0,30.0,20.0
0.25,1.0,PF,4639,2,2,pass,1,1,0.6677499,0.6677499,0.20378518,0.20378518,0.02274346,0.02274346,21.0,29.0,21.0,29.0
0.25,1.0,PF,4640,2,2,pass,1,1,0.6780778,0.6780778,0.173598,0.173598,0.012475382,0.012475382,21.0,29.0,21.0,29.0
0.25,1.0,PF,4641,2,2,pass,1,1,0.6677499,0.6677499,0.20378518,0.20378518,0.02274346,0.02274346,21.0,29.0,21.0,29.0
0.25,1.0,PF,4642,2,2,pass,1,1,0.6677499,0.6677499,0.20378518,0.20378518,0.02274346,0.02274346,21.0,29.0,21.0,29.0
0.25,1.0,PF,4643,2,2,pass,1,1,0.6677499,0.6677499,0.20378518,0.20378518,0.02274346,0.02274346,21.0,29.0,21.0,29.0
0.25,1.0,PF,4644,2,2,pass,1,1,0.6677499,0.6677499,0.20378518,0.20378518,0.02274346,0.02274346,21.0,29.0,21.0,29.0
0.25,1.0,PF,4645,2,2,pass,1,1,0.6677499,0.6677499,0.20378518,0.20378518,0.02274346,0.02274346,21.0,29.0,21.0,29.0
0.25,1.0,PF,4646,2,2,pass,1,1,0.6677499,0.6677499,0.20378518,0.20378518,0.02274346,0.02274346,21.0,29.0,21.0,29.0
0.25,1.0,PF,4647,2,2,pass,1,1,0.6677499,0.6677499,0.20378518,0.20378518,0.02274346,0.02274346,21.0,29.0,21.0,29.0
0.25,1.0,PF,4648,2,2,pass,1,1,0.6677499,0.6677499,0.20378518,0.20378518,0.02274346,0.02274346,21.0,29.0,21.0,29.0
0.25,1.0,PF,4649,2,2,pass,1,1,0.6677499,0.6677499,0.20378518,0.20378518,0.02274346,0.02274346,21.0,29.0,21.0,29.0
0.25,1.0,PF,4650,2,2,pass,1,1,0.6677499,0.6677499,0.20378518,0.20378518,0.02274346,0.02274346,21.0,29.0,21.0,29.0
0.25,1.0,PF,4651,2,3,shield_to_safe,1,1,0.6682329,0.72676647,0.20650832,0.16350773,0.025042687,0.021733325,21.0,29.0,30.0,20.0
0.25,1.0,PF,4652,2,2,pass,1,1,0.6677499,0.6677499,0.20378518,0.20378518,0.02274346,0.02274346,21.0,29.0,21.0,29.0
0.25,1.0,PF,4653,2,2,pass,1,1,0.6677499,0.6677499,0.20378518,0.20378518,0.02274346,0.02274346,21.0,29.0,21.0,29.0
0.25,1.0,PF,4654,2,2,pass,1,1,0.65129316,0.65129316,0.21678324,0.21678324,0.023225917,0.023225917,21.0,29.0,21.0,29.0
0.25,1.0,PF,4655,2,2,pass,1,1,0.6677499,0.6677499,0.20378518,0.20378518,0.02274346,0.02274346,21.0,29.0,21.0,29.0
0.25,1.0,PF,4656,2,2,pass,1,1,0.6677499,0.6677499,0.20378518,0.20378518,0.02274346,0.02274346,21.0,29.0,21.0,29.0
0.25,1.0,PF,4657,2,2,pass,1,1,0.6677499,0.6677499,0.20378518,0.20378518,0.02274346,0.02274346,21.0,29.0,21.0,29.0
0.25,1.0,PF,4658,2,2,pass,1,1,0.6677499,0.6677499,0.20378518,0.20378518,0.02274346,0.02274346,21.0,29.0,21.0,29.0
0.25,1.0,PF,4659,2,2,pass,1,1,0.6677499,0.6677499,0.20378518,0.20378518,0.02274346,0.02274346,21.0,29.0,21.0,29.0
0.25,1.0,PF,4660,2,2,pass,1,1,0.6677499,0.6677499,0.20378518,0.20378518,0.02274346,0.02274346,21.0,29.0,21.0,29.0
0.25,1.0,PF,4661,2,2,pass,1,1,0.6506768,0.6506768,0.24160099,0.24160099,0.021516193,0.021516193,21.0,29.0,21.0,29.0
0.25,1.0,PF,4662,2,2,pass,1,1,0.6677499,0.6677499,0.20378518,0.20378518,0.02274346,0.02274346,21.0,29.0,21.0,29.0
0.25,1.0,PF,4663,2,2,pass,1,1,0.6506768,0.6506768,0.24160099,0.24160099,0.021516193,0.021516193,21.0,29.0,21.0,29.0
0.25,1.0,PF,4664,2,2,pass,1,1,0.6677499,0.6677499,0.20378518,0.20378518,0.02274346,0.02274346,21.0,29.0,21.0,29.0
0.25,1.0,PF,4665,2,2,pass,1,1,0.6677499,0.6677499,0.20378518,0.20378518,0.02274346,0.02274346,21.0,29.0,21.0,29.0
0.25,1.0,PF,4666,2,2,pass,1,1,0.6677499,0.6677499,0.20378518,0.20378518,0.02274346,0.02274346,21.0,29.0,21.0,29.0
0.25,1.0,PF,4667,2,2,pass,1,1,0.6677499,0.6677499,0.20378518,0.20378518,0.02274346,0.02274346,21.0,29.0,21.0,29.0
0.25,1.0,PF,4668,2,2,pass,1,1,0.6677499,0.6677499,0.20378518,0.20378518,0.02274346,0.02274346,21.0,29.0,21.0,29.0
0.25,1.0,PF,4669,2,2,pass,1,1,0.65129316,0.65129316,0.21678324,0.21678324,0.023225917,0.023225917,21.0,29.0,21.0,29.0
0.25,1.0,PF,4670,2,2,pass,1,1,0.6677499,0.6677499,0.20378518,0.20378518,0.02274346,0.02274346,21.0,29.0,21.0,29.0
0.25,1.0,PF,4671,2,2,pass,1,1,0.6677499,0.6677499,0.20378518,0.20378518,0.02274346,0.02274346,21.0,29.0,21.0,29.0
0.25,1.0,PF,4672,2,2,pass,1,1,0.6677499,0.6677499,0.20378518,0.20378518,0.02274346,0.02274346,21.0,29.0,21.0,29.0
0.25,1.0,PF,4673,2,2,pass,1,1,0.6677499,0.6677499,0.20378518,0.20378518,0.02274346,0.02274346,21.0,29.0,21.0,29.0
0.25,1.0,PF,4674,2,2,pass,1,1,0.6677499,0.6677499,0.20378518,0.20378518,0.02274346,0.02274346,21.0,29.0,21.0,29.0
0.25,1.0,PF,4675,2,2,pass,1,1,0.65129316,0.65129316,0.21678324,0.21678324,0.023225917,0.023225917,21.0,29.0,21.0,29.0
0.25,1.0,PF,4676,2,2,pass,1,1,0.6682329,0.6682329,0.20650832,0.20650832,0.025042687,0.025042687,21.0,29.0,21.0,29.0
0.25,1.0,PF,4677,2,2,pass,1,1,0.65129316,0.65129316,0.21678324,0.21678324,0.023225917,0.023225917,21.0,29.0,21.0,29.0
0.25,1.0,PF,4678,2,2,pass,1,1,0.6677499,0.6677499,0.20378518,0.20378518,0.02274346,0.02274346,21.0,29.0,21.0,29.0
0.25,1.0,PF,4679,2,2,pass,1,1,0.6506768,0.6506768,0.24160099,0.24160099,0.021516193,0.021516193,21.0,29.0,21.0,29.0
0.25,1.0,PF,4680,2,2,pass,1,1,0.6677499,0.6677499,0.20378518,0.20378518,0.02274346,0.02274346,21.0,29.0,21.0,29.0
0.25,1.0,PF,4681,2,2,pass,1,1,0.6677499,0.6677499,0.20378518,0.20378518,0.02274346,0.02274346,21.0,29.0,21.0,29.0
0.25,1.0,PF,4682,2,2,pass,1,1,0.6677499,0.6677499,0.20378518,0.20378518,0.02274346,0.02274346,21.0,29.0,21.0,29.0
0.25,1.0,PF,4683,2,2,pass,1,1,0.6677499,0.6677499,0.20378518,0.20378518,0.02274346,0.02274346,21.0,29.0,21.0,29.0
0.25,1.0,PF,4684,2,2,pass,1,1,0.65129316,0.65129316,0.21678324,0.21678324,0.023225917,0.023225917,21.0,29.0,21.0,29.0
0.25,1.0,PF,4685,2,2,pass,1,1,0.6677499,0.6677499,0.20378518,0.20378518,0.02274346,0.02274346,21.0,29.0,21.0,29.0
0.25,1.0,PF,4686,2,2,pass,1,1,0.6677499,0.6677499,0.20378518,0.20378518,0.02274346,0.02274346,21.0,29.0,21.0,29.0
0.25,1.0,PF,4687,2,2,pass,1,1,0.6506768,0.6506768,0.24160099,0.24160099,0.021516193,0.021516193,21.0,29.0,21.0,29.0
0.25,1.0,PF,4688,2,2,pass,1,1,0.6677499,0.6677499,0.20378518,0.20378518,0.02274346,0.02274346,21.0,29.0,21.0,29.0
0.25,1.0,PF,4689,2,2,pass,1,1,0.6677499,0.6677499,0.20378518,0.20378518,0.02274346,0.02274346,21.0,29.0,21.0,29.0
0.25,1.0,PF,4690,2,2,pass,1,1,0.6677499,0.6677499,0.20378518,0.20378518,0.02274346,0.02274346,21.0,29.0,21.0,29.0
0.25,1.0,PF,4691,2,2,pass,1,1,0.6677499,0.6677499,0.20378518,0.20378518,0.02274346,0.02274346,21.0,29.0,21.0,29.0
0.25,1.0,PF,4692,2,2,pass,1,1,0.6677499,0.6677499,0.20378518,0.20378518,0.02274346,0.02274346,21.0,29.0,21.0,29.0
0.25,1.0,PF,4693,2,2,pass,1,1,0.6677499,0.6677499,0.20378518,0.20378518,0.02274346,0.02274346,21.0,29.0,21.0,29.0
0.25,1.0,PF,4694,2,2,pass,1,1,0.6677499,0.6677499,0.20378518,0.20378518,0.02274346,0.02274346,21.0,29.0,21.0,29.0
0.25,1.0,PF,4695,2,2,pass,1,1,0.6677499,0.6677499,0.20378518,0.20378518,0.02274346,0.02274346,21.0,29.0,21.0,29.0
0.25,1.0,PF,4696,2,2,pass,1,1,0.6677499,0.6677499,0.20378518,0.20378518,0.02274346,0.02274346,21.0,29.0,21.0,29.0
0.25,1.0,PF,4697,2,2,pass,1,1,0.6780778,0.6780778,0.173598,0.173598,0.012475382,0.012475382,21.0,29.0,21.0,29.0
0.25,1.0,PF,4698,2,2,pass,1,1,0.6677499,0.6677499,0.20378518,0.20378518,0.02274346,0.02274346,21.0,29.0,21.0,29.0
0.25,1.0,PF,4699,2,2,pass,1,1,0.6677499,0.6677499,0.20378518,0.20378518,0.02274346,0.02274346,21.0,29.0,21.0,29.0
0.25,1.0,PF,4700,2,2,pass,1,1,0.6677499,0.6677499,0.20378518,0.20378518,0.02274346,0.02274346,21.0,29.0,21.0,29.0
0.25,1.0,PF,4701,2,2,pass,1,1,0.6374081,0.6374081,0.21929021,0.21929021,0.023887053,0.023887053,21.0,29.0,21.0,29.0
0.25,1.0,PF,4702,2,2,pass,1,1,0.65129316,0.65129316,0.21678324,0.21678324,0.023225917,0.023225917,21.0,29.0,21.0,29.0
0.25,1.0,PF,4703,2,2,pass,1,1,0.6677499,0.6677499,0.20378518,0.20378518,0.02274346,0.02274346,21.0,29.0,21.0,29.0
0.25,1.0,PF,4704,2,2,pass,1,1,0.6677499,0.6677499,0.20378518,0.20378518,0.02274346,0.02274346,21.0,29.0,21.0,29.0
0.25,1.0,PF,4705,2,2,pass,1,1,0.6780778,0.6780778,0.173598,0.173598,0.012475382,0.012475382,21.0,29.0,21.0,29.0
0.25,1.0,PF,4706,2,2,pass,1,1,0.65129316,0.65129316,0.21678324,0.21678324,0.023225917,0.023225917,21.0,29.0,21.0,29.0
0.25,1.0,PF,4707,2,2,pass,1,1,0.6677499,0.6677499,0.20378518,0.20378518,0.02274346,0.02274346,21.0,29.0,21.0,29.0
0.25,1.0,PF,4708,2,2,pass,1,1,0.6677499,0.6677499,0.20378518,0.20378518,0.02274346,0.02274346,21.0,29.0,21.0,29.0
0.25,1.0,PF,4709,2,2,pass,1,1,0.6677499,0.6677499,0.20378518,0.20378518,0.02274346,0.02274346,21.0,29.0,21.0,29.0
0.25,1.0,PF,4710,2,2,pass,1,1,0.6677499,0.6677499,0.20378518,0.20378518,0.02274346,0.02274346,21.0,29.0,21.0,29.0
0.25,1.0,PF,4711,2,2,pass,1,1,0.6677499,0.6677499,0.20378518,0.20378518,0.02274346,0.02274346,21.0,29.0,21.0,29.0
0.25,1.0,PF,4712,2,2,pass,1,1,0.6677499,0.6677499,0.20378518,0.20378518,0.02274346,0.02274346,21.0,29.0,21.0,29.0
0.25,1.0,PF,4713,2,2,pass,1,1,0.6677499,0.6677499,0.20378518,0.20378518,0.02274346,0.02274346,21.0,29.0,21.0,29.0
0.25,1.0,PF,4714,2,2,pass,1,1,0.65129316,0.65129316,0.21678324,0.21678324,0.023225917,0.023225917,21.0,29.0,21.0,29.0
0.25,1.0,PF,4715,2,2,pass,1,1,0.6677499,0.6677499,0.20378518,0.20378518,0.02274346,0.02274346,21.0,29.0,21.0,29.0
0.25,1.0,PF,4716,2,2,pass,1,1,0.6677499,0.6677499,0.20378518,0.20378518,0.02274346,0.02274346,21.0,29.0,21.0,29.0
0.25,1.0,PF,4717,2,2,pass,1,1,0.6677499,0.6677499,0.20378518,0.20378518,0.02274346,0.02274346,21.0,29.0,21.0,29.0
0.25,1.0,PF,4718,2,2,pass,1,1,0.6677499,0.6677499,0.20378518,0.20378518,0.02274346,0.02274346,21.0,29.0,21.0,29.0
0.25,1.0,PF,4719,2,2,pass,1,1,0.7186651,0.7186651,0.16434994,0.16434994,0.025743317,0.025743317,21.0,29.0,21.0,29.0
0.25,1.0,PF,4720,2,2,pass,1,1,0.6677499,0.6677499,0.20378518,0.20378518,0.02274346,0.02274346,21.0,29.0,21.0,29.0
0.25,1.0,PF,4721,2,2,pass,1,1,0.6506768,0.6506768,0.24160099,0.24160099,0.021516193,0.021516193,21.0,29.0,21.0,29.0
0.25,1.0,PF,4722,2,2,pass,1,1,0.6677499,0.6677499,0.20378518,0.20378518,0.02274346,0.02274346,21.0,29.0,21.0,29.0
0.25,1.0,PF,4723,2,2,pass,1,1,0.6677499,0.6677499,0.20378518,0.20378518,0.02274346,0.02274346,21.0,29.0,21.0,29.0
0.25,1.0,PF,4724,2,2,pass,1,1,0.6677499,0.6677499,0.20378518,0.20378518,0.02274346,0.02274346,21.0,29.0,21.0,29.0
0.25,1.0,PF,4725,2,2,pass,1,1,0.6677499,0.6677499,0.20378518,0.20378518,0.02274346,0.02274346,21.0,29.0,21.0,29.0
0.25,1.0,PF,4726,2,2,pass,1,1,0.6677499,0.6677499,0.20378518,0.20378518,0.02274346,0.02274346,21.0,29.0,21.0,29.0
0.25,1.0,PF,4727,2,2,pass,1,1,0.6677499,0.6677499,0.20378518,0.20378518,0.02274346,0.02274346,21.0,29.0,21.0,29.0
0.25,1.0,PF,4728,2,2,pass,1,1,0.6677499,0.6677499,0.20378518,0.20378518,0.02274346,0.02274346,21.0,29.0,21.0,29.0
0.25,1.0,PF,4729,2,2,pass,1,1,0.6677499,0.6677499,0.20378518,0.20378518,0.02274346,0.02274346,21.0,29.0,21.0,29.0
0.25,1.0,PF,4730,2,2,pass,1,1,0.7186651,0.7186651,0.16434994,0.16434994,0.025743317,0.025743317,21.0,29.0,21.0,29.0
0.25,1.0,PF,4731,2,2,pass,1,1,0.65129316,0.65129316,0.21678324,0.21678324,0.023225917,0.023225917,21.0,29.0,21.0,29.0
0.25,1.0,PF,4732,2,2,pass,1,1,0.6677499,0.6677499,0.20378518,0.20378518,0.02274346,0.02274346,21.0,29.0,21.0,29.0
0.25,1.0,PF,4733,2,2,pass,1,1,0.6677499,0.6677499,0.20378518,0.20378518,0.02274346,0.02274346,21.0,29.0,21.0,29.0
0.25,1.0,PF,4734,2,2,pass,1,1,0.6677499,0.6677499,0.20378518,0.20378518,0.02274346,0.02274346,21.0,29.0,21.0,29.0
0.25,1.0,PF,4735,2,2,pass,1,1,0.6677499,0.6677499,0.20378518,0.20378518,0.02274346,0.02274346,21.0,29.0,21.0,29.0
0.25,1.0,PF,4736,2,2,pass,1,1,0.6677499,0.6677499,0.20378518,0.20378518,0.02274346,0.02274346,21.0,29.0,21.0,29.0
0.25,1.0,PF,4737,2,2,pass,1,1,0.6677499,0.6677499,0.20378518,0.20378518,0.02274346,0.02274346,21.0,29.0,21.0,29.0
0.25,1.0,PF,4738,2,2,pass,1,1,0.6677499,0.6677499,0.20378518,0.20378518,0.02274346,0.02274346,21.0,29.0,21.0,29.0
0.25,1.0,PF,4739,2,2,pass,1,1,0.6677499,0.6677499,0.20378518,0.20378518,0.02274346,0.02274346,21.0,29.0,21.0,29.0
0.25,1.0,PF,4740,2,2,pass,1,1,0.6677499,0.6677499,0.20378518,0.20378518,0.02274346,0.02274346,21.0,29.0,21.0,29.0
0.25,1.0,PF,4741,2,2,pass,1,1,0.6677499,0.6677499,0.20378518,0.20378518,0.02274346,0.02274346,21.0,29.0,21.0,29.0
0.25,1.0,PF,4742,2,2,pass,1,1,0.6677499,0.6677499,0.20378518,0.20378518,0.02274346,0.02274346,21.0,29.0,21.0,29.0
0.25,1.0,PF,4743,2,2,pass,1,1,0.6682329,0.6682329,0.20650832,0.20650832,0.025042687,0.025042687,21.0,29.0,21.0,29.0
0.25,1.0,PF,4744,2,2,pass,1,1,0.6677499,0.6677499,0.20378518,0.20378518,0.02274346,0.02274346,21.0,29.0,21.0,29.0
0.25,1.0,PF,4745,2,2,pass,1,1,0.7186651,0.7186651,0.16434994,0.16434994,0.025743317,0.025743317,21.0,29.0,21.0,29.0
0.25,1.0,PF,4746,2,2,pass,1,1,0.6677499,0.6677499,0.20378518,0.20378518,0.02274346,0.02274346,21.0,29.0,21.0,29.0
0.25,1.0,PF,4747,2,2,pass,1,1,0.6677499,0.6677499,0.20378518,0.20378518,0.02274346,0.02274346,21.0,29.0,21.0,29.0
0.25,1.0,PF,4748,2,2,pass,1,1,0.6677499,0.6677499,0.20378518,0.20378518,0.02274346,0.02274346,21.0,29.0,21.0,29.0
0.25,1.0,PF,4749,2,2,pass,1,1,0.6677499,0.6677499,0.20378518,0.20378518,0.02274346,0.02274346,21.0,29.0,21.0,29.0
0.25,1.0,PF,4750,2,2,pass,1,1,0.6677499,0.6677499,0.20378518,0.20378518,0.02274346,0.02274346,21.0,29.0,21.0,29.0
0.25,1.0,PF,4751,2,2,pass,1,1,0.6677499,0.6677499,0.20378518,0.20378518,0.02274346,0.02274346,21.0,29.0,21.0,29.0
0.25,1.0,PF,4752,2,2,pass,1,1,0.6780778,0.6780778,0.173598,0.173598,0.012475382,0.012475382,21.0,29.0,21.0,29.0
0.25,1.0,PF,4753,2,2,pass,1,1,0.6682329,0.6682329,0.20650832,0.20650832,0.025042687,0.025042687,21.0,29.0,21.0,29.0
0.25,1.0,PF,4754,2,2,pass,1,1,0.6677499,0.6677499,0.20378518,0.20378518,0.02274346,0.02274346,21.0,29.0,21.0,29.0
0.25,1.0,PF,4755,2,2,pass,1,1,0.6677499,0.6677499,0.20378518,0.20378518,0.02274346,0.02274346,21.0,29.0,21.0,29.0
0.25,1.0,PF,4756,2,2,pass,1,1,0.6677499,0.6677499,0.20378518,0.20378518,0.02274346,0.02274346,21.0,29.0,21.0,29.0
0.25,1.0,PF,4757,2,2,pass,1,1,0.6677499,0.6677499,0.20378518,0.20378518,0.02274346,0.02274346,21.0,29.0,21.0,29.0
0.25,1.0,PF,4758,2,2,pass,1,1,0.6677499,0.6677499,0.20378518,0.20378518,0.02274346,0.02274346,21.0,29.0,21.0,29.0
0.25,1.0,PF,4759,2,2,pass,1,1,0.6780778,0.6780778,0.173598,0.173598,0.012475382,0.012475382,21.0,29.0,21.0,29.0
0.25,1.0,PF,4760,2,2,pass,1,1,0.6677499,0.6677499,0.20378518,0.20378518,0.02274346,0.02274346,21.0,29.0,21.0,29.0
0.25,1.0,PF,4761,2,2,pass,1,1,0.6677499,0.6677499,0.20378518,0.20378518,0.02274346,0.02274346,21.0,29.0,21.0,29.0
0.25,1.0,PF,4762,2,2,pass,1,1,0.6677499,0.6677499,0.20378518,0.20378518,0.02274346,0.02274346,21.0,29.0,21.0,29.0
0.25,1.0,PF,4763,2,2,pass,1,1,0.6677499,0.6677499,0.20378518,0.20378518,0.02274346,0.02274346,21.0,29.0,21.0,29.0
0.25,1.0,PF,4764,2,2,pass,1,1,0.6677499,0.6677499,0.20378518,0.20378518,0.02274346,0.02274346,21.0,29.0,21.0,29.0
0.25,1.0,PF,4765,2,2,pass,1,1,0.6677499,0.6677499,0.20378518,0.20378518,0.02274346,0.02274346,21.0,29.0,21.0,29.0
0.25,1.0,PF,4766,2,2,pass,1,1,0.6677499,0.6677499,0.20378518,0.20378518,0.02274346,0.02274346,21.0,29.0,21.0,29.0
0.25,1.0,PF,4767,2,2,pass,1,1,0.6677499,0.6677499,0.20378518,0.20378518,0.02274346,0.02274346,21.0,29.0,21.0,29.0
0.25,1.0,PF,4768,2,2,pass,1,1,0.6677499,0.6677499,0.20378518,0.20378518,0.02274346,0.02274346,21.0,29.0,21.0,29.0
0.25,1.0,PF,4769,2,2,pass,1,1,0.6677499,0.6677499,0.20378518,0.20378518,0.02274346,0.02274346,21.0,29.0,21.0,29.0
0.25,1.0,PF,4770,2,2,pass,1,1,0.6677499,0.6677499,0.20378518,0.20378518,0.02274346,0.02274346,21.0,29.0,21.0,29.0
0.25,1.0,PF,4771,2,2,pass,1,1,0.6677499,0.6677499,0.20378518,0.20378518,0.02274346,0.02274346,21.0,29.0,21.0,29.0
0.25,1.0,PF,4772,2,2,pass,1,1,0.6677499,0.6677499,0.20378518,0.20378518,0.02274346,0.02274346,21.0,29.0,21.0,29.0
0.25,1.0,PF,4773,2,2,pass,1,1,0.6677499,0.6677499,0.20378518,0.20378518,0.02274346,0.02274346,21.0,29.0,21.0,29.0
0.25,1.0,PF,4774,2,2,pass,1,1,0.6677499,0.6677499,0.20378518,0.20378518,0.02274346,0.02274346,21.0,29.0,21.0,29.0
0.25,1.0,PF,4775,2,2,pass,1,1,0.6677499,0.6677499,0.20378518,0.20378518,0.02274346,0.02274346,21.0,29.0,21.0,29.0
0.25,1.0,PF,4776,2,2,pass,1,1,0.65129316,0.65129316,0.21678324,0.21678324,0.023225917,0.023225917,21.0,29.0,21.0,29.0
0.25,1.0,PF,4777,2,2,pass,1,1,0.6677499,0.6677499,0.20378518,0.20378518,0.02274346,0.02274346,21.0,29.0,21.0,29.0
0.25,1.0,PF,4778,2,2,pass,1,1,0.6682329,0.6682329,0.20650832,0.20650832,0.025042687,0.025042687,21.0,29.0,21.0,29.0
0.25,1.0,PF,4779,2,2,pass,1,1,0.6677499,0.6677499,0.20378518,0.20378518,0.02274346,0.02274346,21.0,29.0,21.0,29.0
0.25,1.0,PF,4780,2,3,shield_to_safe,1,1,0.6682329,0.72676647,0.20650832,0.16350773,0.025042687,0.021733325,21.0,29.0,30.0,20.0
0.25,1.0,PF,4781,2,2,pass,1,1,0.6780778,0.6780778,0.173598,0.173598,0.012475382,0.012475382,21.0,29.0,21.0,29.0
0.25,1.0,PF,4782,2,2,pass,1,1,0.6677499,0.6677499,0.20378518,0.20378518,0.02274346,0.02274346,21.0,29.0,21.0,29.0
0.25,1.0,PF,4783,2,2,pass,1,1,0.6677499,0.6677499,0.20378518,0.20378518,0.02274346,0.02274346,21.0,29.0,21.0,29.0
0.25,1.0,PF,4784,2,2,pass,1,1,0.6677499,0.6677499,0.20378518,0.20378518,0.02274346,0.02274346,21.0,29.0,21.0,29.0
0.25,1.0,PF,4785,2,2,pass,1,1,0.6677499,0.6677499,0.20378518,0.20378518,0.02274346,0.02274346,21.0,29.0,21.0,29.0
0.25,1.0,PF,4786,2,2,pass,1,1,0.6677499,0.6677499,0.20378518,0.20378518,0.02274346,0.02274346,21.0,29.0,21.0,29.0
0.25,1.0,PF,4787,2,2,pass,1,1,0.6677499,0.6677499,0.20378518,0.20378518,0.02274346,0.02274346,21.0,29.0,21.0,29.0
0.25,1.0,PF,4788,2,2,pass,1,1,0.6677499,0.6677499,0.20378518,0.20378518,0.02274346,0.02274346,21.0,29.0,21.0,29.0
0.25,1.0,PF,4789,2,2,pass,1,1,0.6780778,0.6780778,0.173598,0.173598,0.012475382,0.012475382,21.0,29.0,21.0,29.0
0.25,1.0,PF,4790,2,2,pass,1,1,0.6677499,0.6677499,0.20378518,0.20378518,0.02274346,0.02274346,21.0,29.0,21.0,29.0
0.25,1.0,PF,4791,2,2,pass,1,1,0.6682329,0.6682329,0.20650832,0.20650832,0.025042687,0.025042687,21.0,29.0,21.0,29.0
0.25,1.0,PF,4792,2,2,pass,1,1,0.6677499,0.6677499,0.20378518,0.20378518,0.02274346,0.02274346,21.0,29.0,21.0,29.0
0.25,1.0,PF,4793,2,2,pass,1,1,0.6677499,0.6677499,0.20378518,0.20378518,0.02274346,0.02274346,21.0,29.0,21.0,29.0
0.25,1.0,PF,4794,2,2,pass,1,1,0.6677499,0.6677499,0.20378518,0.20378518,0.02274346,0.02274346,21.0,29.0,21.0,29.0
0.25,1.0,PF,4795,2,2,pass,1,1,0.65129316,0.65129316,0.21678324,0.21678324,0.023225917,0.023225917,21.0,29.0,21.0,29.0
0.25,1.0,PF,4796,2,2,pass,1,1,0.6677499,0.6677499,0.20378518,0.20378518,0.02274346,0.02274346,21.0,29.0,21.0,29.0
0.25,1.0,PF,4797,2,2,pass,1,1,0.6677499,0.6677499,0.20378518,0.20378518,0.02274346,0.02274346,21.0,29.0,21.0,29.0
0.25,1.0,PF,4798,2,2,pass,1,1,0.6677499,0.6677499,0.20378518,0.20378518,0.02274346,0.02274346,21.0,29.0,21.0,29.0
0.25,1.0,PF,4799,2,2,pass,1,1,0.6682329,0.6682329,0.20650832,0.20650832,0.025042687,0.025042687,21.0,29.0,21.0,29.0
0.25,1.0,PF,4800,2,2,pass,1,1,0.65129316,0.65129316,0.21678324,0.21678324,0.023225917,0.023225917,21.0,29.0,21.0,29.0
0.25,1.0,PF,4801,2,2,pass,1,1,0.6677499,0.6677499,0.20378518,0.20378518,0.02274346,0.02274346,21.0,29.0,21.0,29.0
0.25,1.0,PF,4802,2,2,pass,1,1,0.65129316,0.65129316,0.21678324,0.21678324,0.023225917,0.023225917,21.0,29.0,21.0,29.0
0.25,1.0,PF,4803,2,2,pass,1,1,0.6677499,0.6677499,0.20378518,0.20378518,0.02274346,0.02274346,21.0,29.0,21.0,29.0
0.25,1.0,PF,4804,2,2,pass,1,1,0.65129316,0.65129316,0.21678324,0.21678324,0.023225917,0.023225917,21.0,29.0,21.0,29.0
0.25,1.0,PF,4805,2,2,pass,1,1,0.6677499,0.6677499,0.20378518,0.20378518,0.02274346,0.02274346,21.0,29.0,21.0,29.0
0.25,1.0,PF,4806,2,2,pass,1,1,0.7186651,0.7186651,0.16434994,0.16434994,0.025743317,0.025743317,21.0,29.0,21.0,29.0
0.25,1.0,PF,4807,2,2,pass,1,1,0.6677499,0.6677499,0.20378518,0.20378518,0.02274346,0.02274346,21.0,29.0,21.0,29.0
0.25,1.0,PF,4808,2,2,pass,1,1,0.6677499,0.6677499,0.20378518,0.20378518,0.02274346,0.02274346,21.0,29.0,21.0,29.0
0.25,1.0,PF,4809,2,2,pass,1,1,0.6677499,0.6677499,0.20378518,0.20378518,0.02274346,0.02274346,21.0,29.0,21.0,29.0
0.25,1.0,PF,4810,2,2,pass,1,1,0.6677499,0.6677499,0.20378518,0.20378518,0.02274346,0.02274346,21.0,29.0,21.0,29.0
0.25,1.0,PF,4811,2,3,shield_to_safe,1,1,0.6677499,0.72676647,0.20378518,0.16350773,0.02274346,0.021733325,21.0,29.0,30.0,20.0
0.25,1.0,PF,4812,2,2,pass,1,1,0.6677499,0.6677499,0.20378518,0.20378518,0.02274346,0.02274346,21.0,29.0,21.0,29.0
0.25,1.0,PF,4813,2,2,pass,1,1,0.6677499,0.6677499,0.20378518,0.20378518,0.02274346,0.02274346,21.0,29.0,21.0,29.0
0.25,1.0,PF,4814,2,2,pass,1,1,0.6677499,0.6677499,0.20378518,0.20378518,0.02274346,0.02274346,21.0,29.0,21.0,29.0
0.25,1.0,PF,4815,2,2,pass,1,1,0.6677499,0.6677499,0.20378518,0.20378518,0.02274346,0.02274346,21.0,29.0,21.0,29.0
0.25,1.0,PF,4816,2,2,pass,1,1,0.6677499,0.6677499,0.20378518,0.20378518,0.02274346,0.02274346,21.0,29.0,21.0,29.0
0.25,1.0,PF,4817,2,2,pass,1,1,0.6677499,0.6677499,0.20378518,0.20378518,0.02274346,0.02274346,21.0,29.0,21.0,29.0
0.25,1.0,PF,4818,2,3,shield_to_safe,1,1,0.6506768,0.72676647,0.24160099,0.16350773,0.021516193,0.021733325,21.0,29.0,30.0,20.0
0.25,1.0,PF,4819,2,2,pass,1,1,0.6677499,0.6677499,0.20378518,0.20378518,0.02274346,0.02274346,21.0,29.0,21.0,29.0
0.25,1.0,PF,4820,2,2,pass,1,1,0.7186651,0.7186651,0.16434994,0.16434994,0.025743317,0.025743317,21.0,29.0,21.0,29.0
0.25,1.0,PF,4821,2,2,pass,1,1,0.6677499,0.6677499,0.20378518,0.20378518,0.02274346,0.02274346,21.0,29.0,21.0,29.0
0.25,1.0,PF,4822,2,2,pass,1,1,0.6677499,0.6677499,0.20378518,0.20378518,0.02274346,0.02274346,21.0,29.0,21.0,29.0
0.25,1.0,PF,4823,2,2,pass,1,1,0.7186651,0.7186651,0.16434994,0.16434994,0.025743317,0.025743317,21.0,29.0,21.0,29.0
0.25,1.0,PF,4824,2,2,pass,1,1,0.6677499,0.6677499,0.20378518,0.20378518,0.02274346,0.02274346,21.0,29.0,21.0,29.0
0.25,1.0,PF,4825,2,2,pass,1,1,0.6677499,0.6677499,0.20378518,0.20378518,0.02274346,0.02274346,21.0,29.0,21.0,29.0
0.25,1.0,PF,4826,2,2,pass,1,1,0.65129316,0.65129316,0.21678324,0.21678324,0.023225917,0.023225917,21.0,29.0,21.0,29.0
0.25,1.0,PF,4827,2,2,pass,1,1,0.6677499,0.6677499,0.20378518,0.20378518,0.02274346,0.02274346,21.0,29.0,21.0,29.0
0.25,1.0,PF,4828,2,2,pass,1,1,0.6677499,0.6677499,0.20378518,0.20378518,0.02274346,0.02274346,21.0,29.0,21.0,29.0
0.25,1.0,PF,4829,2,2,pass,1,1,0.6677499,0.6677499,0.20378518,0.20378518,0.02274346,0.02274346,21.0,29.0,21.0,29.0
0.25,1.0,PF,4830,2,2,pass,1,1,0.6677499,0.6677499,0.20378518,0.20378518,0.02274346,0.02274346,21.0,29.0,21.0,29.0
0.25,1.0,PF,4831,2,2,pass,1,1,0.6677499,0.6677499,0.20378518,0.20378518,0.02274346,0.02274346,21.0,29.0,21.0,29.0
0.25,1.0,PF,4832,2,2,pass,1,1,0.6677499,0.6677499,0.20378518,0.20378518,0.02274346,0.02274346,21.0,29.0,21.0,29.0
0.25,1.0,PF,4833,2,2,pass,1,1,0.6677499,0.6677499,0.20378518,0.20378518,0.02274346,0.02274346,21.0,29.0,21.0,29.0
0.25,1.0,PF,4834,2,2,pass,1,1,0.7186651,0.7186651,0.16434994,0.16434994,0.025743317,0.025743317,21.0,29.0,21.0,29.0
0.25,1.0,PF,4835,2,2,pass,1,1,0.65129316,0.65129316,0.21678324,0.21678324,0.023225917,0.023225917,21.0,29.0,21.0,29.0
0.25,1.0,PF,4836,2,2,pass,1,1,0.65129316,0.65129316,0.21678324,0.21678324,0.023225917,0.023225917,21.0,29.0,21.0,29.0
0.25,1.0,PF,4837,2,2,pass,1,1,0.6677499,0.6677499,0.20378518,0.20378518,0.02274346,0.02274346,21.0,29.0,21.0,29.0
0.25,1.0,PF,4838,2,2,pass,1,1,0.6677499,0.6677499,0.20378518,0.20378518,0.02274346,0.02274346,21.0,29.0,21.0,29.0
0.25,1.0,PF,4839,2,2,pass,1,1,0.6677499,0.6677499,0.20378518,0.20378518,0.02274346,0.02274346,21.0,29.0,21.0,29.0
0.25,1.0,PF,4840,2,2,pass,1,1,0.6677499,0.6677499,0.20378518,0.20378518,0.02274346,0.02274346,21.0,29.0,21.0,29.0
0.25,1.0,PF,4841,2,2,pass,1,1,0.6677499,0.6677499,0.20378518,0.20378518,0.02274346,0.02274346,21.0,29.0,21.0,29.0
0.25,1.0,PF,4842,2,2,pass,1,1,0.6677499,0.6677499,0.20378518,0.20378518,0.02274346,0.02274346,21.0,29.0,21.0,29.0
0.25,1.0,PF,4843,2,2,pass,1,1,0.6677499,0.6677499,0.20378518,0.20378518,0.02274346,0.02274346,21.0,29.0,21.0,29.0
0.25,1.0,PF,4844,2,2,pass,1,1,0.6677499,0.6677499,0.20378518,0.20378518,0.02274346,0.02274346,21.0,29.0,21.0,29.0
0.25,1.0,PF,4845,2,2,pass,1,1,0.6677499,0.6677499,0.20378518,0.20378518,0.02274346,0.02274346,21.0,29.0,21.0,29.0
0.25,1.0,PF,4846,2,2,pass,1,1,0.6506768,0.6506768,0.24160099,0.24160099,0.021516193,0.021516193,21.0,29.0,21.0,29.0
0.25,1.0,PF,4847,2,2,pass,1,1,0.6780778,0.6780778,0.173598,0.173598,0.012475382,0.012475382,21.0,29.0,21.0,29.0
0.25,1.0,PF,4848,2,2,pass,1,1,0.6677499,0.6677499,0.20378518,0.20378518,0.02274346,0.02274346,21.0,29.0,21.0,29.0
0.25,1.0,PF,4849,2,2,pass,1,1,0.6677499,0.6677499,0.20378518,0.20378518,0.02274346,0.02274346,21.0,29.0,21.0,29.0
0.25,1.0,PF,4850,2,2,pass,1,1,0.6677499,0.6677499,0.20378518,0.20378518,0.02274346,0.02274346,21.0,29.0,21.0,29.0
0.25,1.0,PF,4851,2,2,pass,1,1,0.6677499,0.6677499,0.20378518,0.20378518,0.02274346,0.02274346,21.0,29.0,21.0,29.0
0.25,1.0,PF,4852,2,2,pass,1,1,0.6506768,0.6506768,0.24160099,0.24160099,0.021516193,0.021516193,21.0,29.0,21.0,29.0
0.25,1.0,PF,4853,2,2,pass,1,1,0.65129316,0.65129316,0.21678324,0.21678324,0.023225917,0.023225917,21.0,29.0,21.0,29.0
0.25,1.0,PF,4854,2,2,pass,1,1,0.6677499,0.6677499,0.20378518,0.20378518,0.02274346,0.02274346,21.0,29.0,21.0,29.0
0.25,1.0,PF,4855,2,2,pass,1,1,0.6677499,0.6677499,0.20378518,0.20378518,0.02274346,0.02274346,21.0,29.0,21.0,29.0
0.25,1.0,PF,4856,2,2,pass,1,1,0.6677499,0.6677499,0.20378518,0.20378518,0.02274346,0.02274346,21.0,29.0,21.0,29.0
0.25,1.0,PF,4857,2,2,pass,1,1,0.6677499,0.6677499,0.20378518,0.20378518,0.02274346,0.02274346,21.0,29.0,21.0,29.0
0.25,1.0,PF,4858,2,2,pass,1,1,0.6677499,0.6677499,0.20378518,0.20378518,0.02274346,0.02274346,21.0,29.0,21.0,29.0
0.25,1.0,PF,4859,2,2,pass,1,1,0.6677499,0.6677499,0.20378518,0.20378518,0.02274346,0.02274346,21.0,29.0,21.0,29.0
0.25,1.0,PF,4860,2,2,pass,1,1,0.6677499,0.6677499,0.20378518,0.20378518,0.02274346,0.02274346,21.0,29.0,21.0,29.0
0.25,1.0,PF,4861,2,2,pass,1,1,0.6677499,0.6677499,0.20378518,0.20378518,0.02274346,0.02274346,21.0,29.0,21.0,29.0
0.25,1.0,PF,4862,2,2,pass,1,1,0.6677499,0.6677499,0.20378518,0.20378518,0.02274346,0.02274346,21.0,29.0,21.0,29.0
0.25,1.0,PF,4863,2,2,pass,1,1,0.6682329,0.6682329,0.20650832,0.20650832,0.025042687,0.025042687,21.0,29.0,21.0,29.0
0.25,1.0,PF,4864,2,2,pass,1,1,0.6677499,0.6677499,0.20378518,0.20378518,0.02274346,0.02274346,21.0,29.0,21.0,29.0
0.25,1.0,PF,4865,2,2,pass,1,1,0.6677499,0.6677499,0.20378518,0.20378518,0.02274346,0.02274346,21.0,29.0,21.0,29.0
0.25,1.0,PF,4866,2,2,pass,1,1,0.6677499,0.6677499,0.20378518,0.20378518,0.02274346,0.02274346,21.0,29.0,21.0,29.0
0.25,1.0,PF,4867,2,2,pass,1,1,0.6677499,0.6677499,0.20378518,0.20378518,0.02274346,0.02274346,21.0,29.0,21.0,29.0
0.25,1.0,PF,4868,2,2,pass,1,1,0.65129316,0.65129316,0.21678324,0.21678324,0.023225917,0.023225917,21.0,29.0,21.0,29.0
0.25,1.0,PF,4869,2,2,pass,1,1,0.6677499,0.6677499,0.20378518,0.20378518,0.02274346,0.02274346,21.0,29.0,21.0,29.0
0.25,1.0,PF,4870,2,3,shield_to_safe,1,1,0.65129316,0.72676647,0.21678324,0.16350773,0.023225917,0.021733325,21.0,29.0,30.0,20.0
0.25,1.0,PF,4871,2,2,pass,1,1,0.65129316,0.65129316,0.21678324,0.21678324,0.023225917,0.023225917,21.0,29.0,21.0,29.0
0.25,1.0,PF,4872,2,2,pass,1,1,0.6682329,0.6682329,0.20650832,0.20650832,0.025042687,0.025042687,21.0,29.0,21.0,29.0
0.25,1.0,PF,4873,2,2,pass,1,1,0.6677499,0.6677499,0.20378518,0.20378518,0.02274346,0.02274346,21.0,29.0,21.0,29.0
0.25,1.0,PF,4874,2,2,pass,1,1,0.6677499,0.6677499,0.20378518,0.20378518,0.02274346,0.02274346,21.0,29.0,21.0,29.0
0.25,1.0,PF,4875,2,2,pass,1,1,0.6677499,0.6677499,0.20378518,0.20378518,0.02274346,0.02274346,21.0,29.0,21.0,29.0
0.25,1.0,PF,4876,2,2,pass,1,1,0.6677499,0.6677499,0.20378518,0.20378518,0.02274346,0.02274346,21.0,29.0,21.0,29.0
0.25,1.0,PF,4877,2,2,pass,1,1,0.6677499,0.6677499,0.20378518,0.20378518,0.02274346,0.02274346,21.0,29.0,21.0,29.0
0.25,1.0,PF,4878,2,2,pass,1,1,0.6677499,0.6677499,0.20378518,0.20378518,0.02274346,0.02274346,21.0,29.0,21.0,29.0
0.25,1.0,PF,4879,2,2,pass,1,1,0.6677499,0.6677499,0.20378518,0.20378518,0.02274346,0.02274346,21.0,29.0,21.0,29.0
0.25,1.0,PF,4880,2,2,pass,1,1,0.6677499,0.6677499,0.20378518,0.20378518,0.02274346,0.02274346,21.0,29.0,21.0,29.0
0.25,1.0,PF,4881,2,2,pass,1,1,0.6677499,0.6677499,0.20378518,0.20378518,0.02274346,0.02274346,21.0,29.0,21.0,29.0
0.25,1.0,PF,4882,2,2,pass,1,1,0.6677499,0.6677499,0.20378518,0.20378518,0.02274346,0.02274346,21.0,29.0,21.0,29.0
0.25,1.0,PF,4883,2,2,pass,1,1,0.6677499,0.6677499,0.20378518,0.20378518,0.02274346,0.02274346,21.0,29.0,21.0,29.0
0.25,1.0,PF,4884,2,2,pass,1,1,0.6780778,0.6780778,0.173598,0.173598,0.012475382,0.012475382,21.0,29.0,21.0,29.0
0.25,1.0,PF,4885,2,2,pass,1,1,0.6677499,0.6677499,0.20378518,0.20378518,0.02274346,0.02274346,21.0,29.0,21.0,29.0
0.25,1.0,PF,4886,2,2,pass,1,1,0.7186651,0.7186651,0.16434994,0.16434994,0.025743317,0.025743317,21.0,29.0,21.0,29.0
0.25,1.0,PF,4887,2,2,pass,1,1,0.6682329,0.6682329,0.20650832,0.20650832,0.025042687,0.025042687,21.0,29.0,21.0,29.0
0.25,1.0,PF,4888,2,2,pass,1,1,0.6677499,0.6677499,0.20378518,0.20378518,0.02274346,0.02274346,21.0,29.0,21.0,29.0
0.25,1.0,PF,4889,2,2,pass,1,1,0.6677499,0.6677499,0.20378518,0.20378518,0.02274346,0.02274346,21.0,29.0,21.0,29.0
0.25,1.0,PF,4890,2,2,pass,1,1,0.6677499,0.6677499,0.20378518,0.20378518,0.02274346,0.02274346,21.0,29.0,21.0,29.0
0.25,1.0,PF,4891,2,2,pass,1,1,0.6682329,0.6682329,0.20650832,0.20650832,0.025042687,0.025042687,21.0,29.0,21.0,29.0
0.25,1.0,PF,4892,2,2,pass,1,1,0.6677499,0.6677499,0.20378518,0.20378518,0.02274346,0.02274346,21.0,29.0,21.0,29.0
0.25,1.0,PF,4893,2,2,pass,1,1,0.6677499,0.6677499,0.20378518,0.20378518,0.02274346,0.02274346,21.0,29.0,21.0,29.0
0.25,1.0,PF,4894,2,2,pass,1,1,0.6506768,0.6506768,0.24160099,0.24160099,0.021516193,0.021516193,21.0,29.0,21.0,29.0
0.25,1.0,PF,4895,2,2,pass,1,1,0.6677499,0.6677499,0.20378518,0.20378518,0.02274346,0.02274346,21.0,29.0,21.0,29.0
0.25,1.0,PF,4896,2,2,pass,1,1,0.6677499,0.6677499,0.20378518,0.20378518,0.02274346,0.02274346,21.0,29.0,21.0,29.0
0.25,1.0,PF,4897,2,2,pass,1,1,0.6677499,0.6677499,0.20378518,0.20378518,0.02274346,0.02274346,21.0,29.0,21.0,29.0
0.25,1.0,PF,4898,2,2,pass,1,1,0.6677499,0.6677499,0.20378518,0.20378518,0.02274346,0.02274346,21.0,29.0,21.0,29.0
0.25,1.0,PF,4899,2,2,pass,1,1,0.6677499,0.6677499,0.20378518,0.20378518,0.02274346,0.02274346,21.0,29.0,21.0,29.0
0.25,1.0,PF,4900,2,2,pass,1,1,0.6677499,0.6677499,0.20378518,0.20378518,0.02274346,0.02274346,21.0,29.0,21.0,29.0
0.25,1.0,PF,4901,2,2,pass,1,1,0.6677499,0.6677499,0.20378518,0.20378518,0.02274346,0.02274346,21.0,29.0,21.0,29.0
0.25,1.0,PF,4902,2,2,pass,1,1,0.6682329,0.6682329,0.20650832,0.20650832,0.025042687,0.025042687,21.0,29.0,21.0,29.0
0.25,1.0,PF,4903,2,2,pass,1,1,0.6677499,0.6677499,0.20378518,0.20378518,0.02274346,0.02274346,21.0,29.0,21.0,29.0
0.25,1.0,PF,4904,2,2,pass,1,1,0.65129316,0.65129316,0.21678324,0.21678324,0.023225917,0.023225917,21.0,29.0,21.0,29.0
0.25,1.0,PF,4905,2,2,pass,1,1,0.6677499,0.6677499,0.20378518,0.20378518,0.02274346,0.02274346,21.0,29.0,21.0,29.0
0.25,1.0,PF,4906,2,2,pass,1,1,0.6677499,0.6677499,0.20378518,0.20378518,0.02274346,0.02274346,21.0,29.0,21.0,29.0
0.25,1.0,PF,4907,2,2,pass,1,1,0.6682329,0.6682329,0.20650832,0.20650832,0.025042687,0.025042687,21.0,29.0,21.0,29.0
0.25,1.0,PF,4908,2,2,pass,1,1,0.6677499,0.6677499,0.20378518,0.20378518,0.02274346,0.02274346,21.0,29.0,21.0,29.0
0.25,1.0,PF,4909,2,2,pass,1,1,0.6677499,0.6677499,0.20378518,0.20378518,0.02274346,0.02274346,21.0,29.0,21.0,29.0
0.25,1.0,PF,4910,2,2,pass,1,1,0.65129316,0.65129316,0.21678324,0.21678324,0.023225917,0.023225917,21.0,29.0,21.0,29.0
0.25,1.0,PF,4911,2,2,pass,1,1,0.6677499,0.6677499,0.20378518,0.20378518,0.02274346,0.02274346,21.0,29.0,21.0,29.0
0.25,1.0,PF,4912,2,2,pass,1,1,0.6677499,0.6677499,0.20378518,0.20378518,0.02274346,0.02274346,21.0,29.0,21.0,29.0
0.25,1.0,PF,4913,2,2,pass,1,1,0.6682329,0.6682329,0.20650832,0.20650832,0.025042687,0.025042687,21.0,29.0,21.0,29.0
0.25,1.0,PF,4914,2,2,pass,1,1,0.6677499,0.6677499,0.20378518,0.20378518,0.02274346,0.02274346,21.0,29.0,21.0,29.0
0.25,1.0,PF,4915,2,2,pass,1,1,0.7186651,0.7186651,0.16434994,0.16434994,0.025743317,0.025743317,21.0,29.0,21.0,29.0
0.25,1.0,PF,4916,2,2,pass,1,1,0.65129316,0.65129316,0.21678324,0.21678324,0.023225917,0.023225917,21.0,29.0,21.0,29.0
0.25,1.0,PF,4917,2,2,pass,1,1,0.6677499,0.6677499,0.20378518,0.20378518,0.02274346,0.02274346,21.0,29.0,21.0,29.0
0.25,1.0,PF,4918,2,2,pass,1,1,0.6677499,0.6677499,0.20378518,0.20378518,0.02274346,0.02274346,21.0,29.0,21.0,29.0
0.25,1.0,PF,4919,2,2,pass,1,1,0.6677499,0.6677499,0.20378518,0.20378518,0.02274346,0.02274346,21.0,29.0,21.0,29.0
0.25,1.0,PF,4920,2,2,pass,1,1,0.6677499,0.6677499,0.20378518,0.20378518,0.02274346,0.02274346,21.0,29.0,21.0,29.0
0.25,1.0,PF,4921,2,2,pass,1,1,0.6677499,0.6677499,0.20378518,0.20378518,0.02274346,0.02274346,21.0,29.0,21.0,29.0
0.25,1.0,PF,4922,2,2,pass,1,1,0.6677499,0.6677499,0.20378518,0.20378518,0.02274346,0.02274346,21.0,29.0,21.0,29.0
0.25,1.0,PF,4923,2,2,pass,1,1,0.6677499,0.6677499,0.20378518,0.20378518,0.02274346,0.02274346,21.0,29.0,21.0,29.0
0.25,1.0,PF,4924,2,2,pass,1,1,0.6677499,0.6677499,0.20378518,0.20378518,0.02274346,0.02274346,21.0,29.0,21.0,29.0
0.25,1.0,PF,4925,2,2,pass,1,1,0.6677499,0.6677499,0.20378518,0.20378518,0.02274346,0.02274346,21.0,29.0,21.0,29.0
0.25,1.0,PF,4926,2,2,pass,1,1,0.6677499,0.6677499,0.20378518,0.20378518,0.02274346,0.02274346,21.0,29.0,21.0,29.0
0.25,1.0,PF,4927,2,2,pass,1,1,0.6677499,0.6677499,0.20378518,0.20378518,0.02274346,0.02274346,21.0,29.0,21.0,29.0
0.25,1.0,PF,4928,2,2,pass,1,1,0.6677499,0.6677499,0.20378518,0.20378518,0.02274346,0.02274346,21.0,29.0,21.0,29.0
0.25,1.0,PF,4929,2,2,pass,1,1,0.6682329,0.6682329,0.20650832,0.20650832,0.025042687,0.025042687,21.0,29.0,21.0,29.0
0.25,1.0,PF,4930,2,2,pass,1,1,0.6677499,0.6677499,0.20378518,0.20378518,0.02274346,0.02274346,21.0,29.0,21.0,29.0
0.25,1.0,PF,4931,2,2,pass,1,1,0.6677499,0.6677499,0.20378518,0.20378518,0.02274346,0.02274346,21.0,29.0,21.0,29.0
0.25,1.0,PF,4932,2,2,pass,1,1,0.6506768,0.6506768,0.24160099,0.24160099,0.021516193,0.021516193,21.0,29.0,21.0,29.0
0.25,1.0,PF,4933,2,2,pass,1,1,0.6677499,0.6677499,0.20378518,0.20378518,0.02274346,0.02274346,21.0,29.0,21.0,29.0
0.25,1.0,PF,4934,2,2,pass,1,1,0.6682329,0.6682329,0.20650832,0.20650832,0.025042687,0.025042687,21.0,29.0,21.0,29.0
0.25,1.0,PF,4935,2,2,pass,1,1,0.6677499,0.6677499,0.20378518,0.20378518,0.02274346,0.02274346,21.0,29.0,21.0,29.0
0.25,1.0,PF,4936,2,2,pass,1,1,0.6677499,0.6677499,0.20378518,0.20378518,0.02274346,0.02274346,21.0,29.0,21.0,29.0
0.25,1.0,PF,4937,2,2,pass,1,1,0.6677499,0.6677499,0.20378518,0.20378518,0.02274346,0.02274346,21.0,29.0,21.0,29.0
0.25,1.0,PF,4938,2,2,pass,1,1,0.6677499,0.6677499,0.20378518,0.20378518,0.02274346,0.02274346,21.0,29.0,21.0,29.0
0.25,1.0,PF,4939,2,2,pass,1,1,0.6677499,0.6677499,0.20378518,0.20378518,0.02274346,0.02274346,21.0,29.0,21.0,29.0
0.25,1.0,PF,4940,2,2,pass,1,1,0.6677499,0.6677499,0.20378518,0.20378518,0.02274346,0.02274346,21.0,29.0,21.0,29.0
0.25,1.0,PF,4941,2,2,pass,1,1,0.6677499,0.6677499,0.20378518,0.20378518,0.02274346,0.02274346,21.0,29.0,21.0,29.0
0.25,1.0,PF,4942,2,2,pass,1,1,0.65129316,0.65129316,0.21678324,0.21678324,0.023225917,0.023225917,21.0,29.0,21.0,29.0
0.25,1.0,PF,4943,2,2,pass,1,1,0.6677499,0.6677499,0.20378518,0.20378518,0.02274346,0.02274346,21.0,29.0,21.0,29.0
0.25,1.0,PF,4944,2,2,pass,1,1,0.6677499,0.6677499,0.20378518,0.20378518,0.02274346,0.02274346,21.0,29.0,21.0,29.0
0.25,1.0,PF,4945,2,2,pass,1,1,0.6677499,0.6677499,0.20378518,0.20378518,0.02274346,0.02274346,21.0,29.0,21.0,29.0
0.25,1.0,PF,4946,2,2,pass,1,1,0.6677499,0.6677499,0.20378518,0.20378518,0.02274346,0.02274346,21.0,29.0,21.0,29.0
0.25,1.0,PF,4947,2,2,pass,1,1,0.6677499,0.6677499,0.20378518,0.20378518,0.02274346,0.02274346,21.0,29.0,21.0,29.0
0.25,1.0,PF,4948,2,2,pass,1,1,0.6677499,0.6677499,0.20378518,0.20378518,0.02274346,0.02274346,21.0,29.0,21.0,29.0
0.25,1.0,PF,4949,2,3,shield_to_safe,1,1,0.6682329,0.72676647,0.20650832,0.16350773,0.025042687,0.021733325,21.0,29.0,30.0,20.0
0.25,1.0,PF,4950,2,2,pass,1,1,0.6677499,0.6677499,0.20378518,0.20378518,0.02274346,0.02274346,21.0,29.0,21.0,29.0
0.25,1.0,PF,4951,2,2,pass,1,1,0.6677499,0.6677499,0.20378518,0.20378518,0.02274346,0.02274346,21.0,29.0,21.0,29.0
0.25,1.0,PF,4952,2,2,pass,1,1,0.6677499,0.6677499,0.20378518,0.20378518,0.02274346,0.02274346,21.0,29.0,21.0,29.0
0.25,1.0,PF,4953,2,2,pass,1,1,0.6677499,0.6677499,0.20378518,0.20378518,0.02274346,0.02274346,21.0,29.0,21.0,29.0
0.25,1.0,PF,4954,2,2,pass,1,1,0.6677499,0.6677499,0.20378518,0.20378518,0.02274346,0.02274346,21.0,29.0,21.0,29.0
0.25,1.0,PF,4955,2,2,pass,1,1,0.6677499,0.6677499,0.20378518,0.20378518,0.02274346,0.02274346,21.0,29.0,21.0,29.0
0.25,1.0,PF,4956,2,2,pass,1,1,0.6677499,0.6677499,0.20378518,0.20378518,0.02274346,0.02274346,21.0,29.0,21.0,29.0
0.25,1.0,PF,4957,2,2,pass,1,1,0.6677499,0.6677499,0.20378518,0.20378518,0.02274346,0.02274346,21.0,29.0,21.0,29.0
0.25,1.0,PF,4958,2,2,pass,1,1,0.6677499,0.6677499,0.20378518,0.20378518,0.02274346,0.02274346,21.0,29.0,21.0,29.0
0.25,1.0,PF,4959,2,2,pass,1,1,0.6677499,0.6677499,0.20378518,0.20378518,0.02274346,0.02274346,21.0,29.0,21.0,29.0
0.25,1.0,PF,4960,2,2,pass,1,1,0.6677499,0.6677499,0.20378518,0.20378518,0.02274346,0.02274346,21.0,29.0,21.0,29.0
0.25,1.0,PF,4961,2,2,pass,1,1,0.6677499,0.6677499,0.20378518,0.20378518,0.02274346,0.02274346,21.0,29.0,21.0,29.0
0.25,1.0,PF,4962,2,2,pass,1,1,0.65129316,0.65129316,0.21678324,0.21678324,0.023225917,0.023225917,21.0,29.0,21.0,29.0
0.25,1.0,PF,4963,2,2,pass,1,1,0.6677499,0.6677499,0.20378518,0.20378518,0.02274346,0.02274346,21.0,29.0,21.0,29.0
0.25,1.0,PF,4964,2,2,pass,1,1,0.65129316,0.65129316,0.21678324,0.21678324,0.023225917,0.023225917,21.0,29.0,21.0,29.0
0.25,1.0,PF,4965,2,2,pass,1,1,0.6677499,0.6677499,0.20378518,0.20378518,0.02274346,0.02274346,21.0,29.0,21.0,29.0
0.25,1.0,PF,4966,2,2,pass,1,1,0.6677499,0.6677499,0.20378518,0.20378518,0.02274346,0.02274346,21.0,29.0,21.0,29.0
0.25,1.0,PF,4967,2,2,pass,1,1,0.6677499,0.6677499,0.20378518,0.20378518,0.02274346,0.02274346,21.0,29.0,21.0,29.0
0.25,1.0,PF,4968,2,2,pass,1,1,0.6677499,0.6677499,0.20378518,0.20378518,0.02274346,0.02274346,21.0,29.0,21.0,29.0
0.25,1.0,PF,4969,2,2,pass,1,1,0.6677499,0.6677499,0.20378518,0.20378518,0.02274346,0.02274346,21.0,29.0,21.0,29.0
0.25,1.0,PF,4970,2,2,pass,1,1,0.6677499,0.6677499,0.20378518,0.20378518,0.02274346,0.02274346,21.0,29.0,21.0,29.0
0.25,1.0,PF,4971,2,2,pass,1,1,0.6374081,0.6374081,0.21929021,0.21929021,0.023887053,0.023887053,21.0,29.0,21.0,29.0
0.25,1.0,PF,4972,2,2,pass,1,1,0.6677499,0.6677499,0.20378518,0.20378518,0.02274346,0.02274346,21.0,29.0,21.0,29.0
0.25,1.0,PF,4973,2,2,pass,1,1,0.6677499,0.6677499,0.20378518,0.20378518,0.02274346,0.02274346,21.0,29.0,21.0,29.0
0.25,1.0,PF,4974,2,2,pass,1,1,0.6677499,0.6677499,0.20378518,0.20378518,0.02274346,0.02274346,21.0,29.0,21.0,29.0
0.25,1.0,PF,4975,2,3,shield_to_safe,1,1,0.6677499,0.72676647,0.20378518,0.16350773,0.02274346,0.021733325,21.0,29.0,30.0,20.0
0.25,1.0,PF,4976,2,2,pass,1,1,0.6677499,0.6677499,0.20378518,0.20378518,0.02274346,0.02274346,21.0,29.0,21.0,29.0
0.25,1.0,PF,4977,2,2,pass,1,1,0.6682329,0.6682329,0.20650832,0.20650832,0.025042687,0.025042687,21.0,29.0,21.0,29.0
0.25,1.0,PF,4978,2,2,pass,1,1,0.6677499,0.6677499,0.20378518,0.20378518,0.02274346,0.02274346,21.0,29.0,21.0,29.0
0.25,1.0,PF,4979,2,2,pass,1,1,0.65129316,0.65129316,0.21678324,0.21678324,0.023225917,0.023225917,21.0,29.0,21.0,29.0
0.25,1.0,PF,4980,2,2,pass,1,1,0.6682329,0.6682329,0.20650832,0.20650832,0.025042687,0.025042687,21.0,29.0,21.0,29.0
0.25,1.0,PF,4981,2,2,pass,1,1,0.6677499,0.6677499,0.20378518,0.20378518,0.02274346,0.02274346,21.0,29.0,21.0,29.0
0.25,1.0,PF,4982,2,2,pass,1,1,0.7186651,0.7186651,0.16434994,0.16434994,0.025743317,0.025743317,21.0,29.0,21.0,29.0
0.25,1.0,PF,4983,2,2,pass,1,1,0.6677499,0.6677499,0.20378518,0.20378518,0.02274346,0.02274346,21.0,29.0,21.0,29.0
0.25,1.0,PF,4984,2,2,pass,1,1,0.7186651,0.7186651,0.16434994,0.16434994,0.025743317,0.025743317,21.0,29.0,21.0,29.0
0.25,1.0,PF,4985,2,2,pass,1,1,0.6677499,0.6677499,0.20378518,0.20378518,0.02274346,0.02274346,21.0,29.0,21.0,29.0
0.25,1.0,PF,4986,2,2,pass,1,1,0.6677499,0.6677499,0.20378518,0.20378518,0.02274346,0.02274346,21.0,29.0,21.0,29.0
0.25,1.0,PF,4987,2,2,pass,1,1,0.6677499,0.6677499,0.20378518,0.20378518,0.02274346,0.02274346,21.0,29.0,21.0,29.0
0.25,1.0,PF,4988,2,2,pass,1,1,0.6677499,0.6677499,0.20378518,0.20378518,0.02274346,0.02274346,21.0,29.0,21.0,29.0
0.25,1.0,PF,4989,2,2,pass,1,1,0.6677499,0.6677499,0.20378518,0.20378518,0.02274346,0.02274346,21.0,29.0,21.0,29.0
0.25,1.0,PF,4990,2,2,pass,1,1,0.65129316,0.65129316,0.21678324,0.21678324,0.023225917,0.023225917,21.0,29.0,21.0,29.0
0.25,1.0,PF,4991,2,2,pass,1,1,0.6682329,0.6682329,0.20650832,0.20650832,0.025042687,0.025042687,21.0,29.0,21.0,29.0
0.25,1.0,PF,4992,2,2,pass,1,1,0.6682329,0.6682329,0.20650832,0.20650832,0.025042687,0.025042687,21.0,29.0,21.0,29.0
0.25,1.0,PF,4993,2,2,pass,1,1,0.6682329,0.6682329,0.20650832,0.20650832,0.025042687,0.025042687,21.0,29.0,21.0,29.0
0.25,1.0,PF,4994,2,2,pass,1,1,0.6677499,0.6677499,0.20378518,0.20378518,0.02274346,0.02274346,21.0,29.0,21.0,29.0
0.25,1.0,PF,4995,2,2,pass,1,1,0.6677499,0.6677499,0.20378518,0.20378518,0.02274346,0.02274346,21.0,29.0,21.0,29.0
0.25,1.0,PF,4996,2,2,pass,1,1,0.6677499,0.6677499,0.20378518,0.20378518,0.02274346,0.02274346,21.0,29.0,21.0,29.0
0.25,1.0,PF,4997,2,2,pass,1,1,0.6374081,0.6374081,0.21929021,0.21929021,0.023887053,0.023887053,21.0,29.0,21.0,29.0
0.25,1.0,PF,4998,2,2,pass,1,1,0.6677499,0.6677499,0.20378518,0.20378518,0.02274346,0.02274346,21.0,29.0,21.0,29.0
0.25,1.0,PF,4999,2,2,pass,1,1,0.6780778,0.6780778,0.173598,0.173598,0.012475382,0.012475382,21.0,29.0,21.0,29.0
