raw_candidate_id,exec_candidate_id,raw_true_safe,exec_true_safe,raw_unsafe,exec_unsafe,raw_utility,exec_utility,utility_retention,action_changed,action_distance,fallback,false_safe,exec_pred_safe,raw_embb_prb,raw_urllc_prb,exec_embb_prb,exec_urllc_prb,controller,method,candidate_group_id,num_candidates_in_group,safe_ratio_true,safe_ratio_pred_mean,safe_ratio_cert_q90,safe_ratio_fixed_ucb_1,safe_ratio_fixed_ucb_164
2,2,1,1,0.0,0.0,0.6682329,0.6682329,0.9999999999985036,0.0,0.0,0.0,0.0,1.0,21.0,29.0,21.0,29.0,PF,Full-CertiTwin-q90,0,5,0.6,0.6,0.6,0.6,0.6
2,2,1,1,0.0,0.0,0.6682329,0.6682329,0.9999999999985036,0.0,0.0,0.0,0.0,1.0,21.0,29.0,21.0,29.0,PF,SLA-Rule-Shield,0,5,0.6,0.6,0.6,0.6,0.6
2,2,1,1,0.0,0.0,0.6682329,0.6682329,0.9999999999985036,0.0,0.0,0.0,0.0,1.0,21.0,29.0,21.0,29.0,PF,Fixed-UCB-1sigma-Shield,0,5,0.6,0.6,0.6,0.6,0.6
2,2,1,1,0.0,0.0,0.6682329,0.6682329,0.9999999999985036,0.0,0.0,0.0,0.0,1.0,21.0,29.0,21.0,29.0,PF,Fixed-UCB-1.64sigma-Shield,0,5,0.6,0.6,0.6,0.6,0.6
4,4,1,1,0.0,0.0,0.76313806,0.76313806,0.9999999999986896,0.0,0.0,0.0,0.0,1.0,39.0,11.0,39.0,11.0,Greedy-SLA,Full-CertiTwin-q90,0,5,0.6,0.6,0.6,0.6,0.6
4,4,1,1,0.0,0.0,0.76313806,0.76313806,0.9999999999986896,0.0,0.0,0.0,0.0,1.0,39.0,11.0,39.0,11.0,Greedy-SLA,SLA-Rule-Shield,0,5,0.6,0.6,0.6,0.6,0.6
4,4,1,1,0.0,0.0,0.76313806,0.76313806,0.9999999999986896,0.0,0.0,0.0,0.0,1.0,39.0,11.0,39.0,11.0,Greedy-SLA,Fixed-UCB-1sigma-Shield,0,5,0.6,0.6,0.6,0.6,0.6
4,4,1,1,0.0,0.0,0.76313806,0.76313806,0.9999999999986896,0.0,0.0,0.0,0.0,1.0,39.0,11.0,39.0,11.0,Greedy-SLA,Fixed-UCB-1.64sigma-Shield,0,5,0.6,0.6,0.6,0.6,0.6
0,2,0,1,1.0,0.0,0.76278657,0.6682329,0.8760417740431953,1.0,21.0,0.0,0.0,1.0,0.0,29.0,21.0,29.0,DT-Top1,Full-CertiTwin-q90,0,5,0.6,0.6,0.6,0.6,0.6
0,4,0,1,1.0,0.0,0.76278657,0.76313806,1.000460797309265,1.0,57.0,0.0,0.0,1.0,0.0,29.0,39.0,11.0,DT-Top1,SLA-Rule-Shield,0,5,0.6,0.6,0.6,0.6,0.6
0,2,0,1,1.0,0.0,0.76278657,0.6682329,0.8760417740431953,1.0,21.0,0.0,0.0,1.0,0.0,29.0,21.0,29.0,DT-Top1,Fixed-UCB-1sigma-Shield,0,5,0.6,0.6,0.6,0.6,0.6
0,2,0,1,1.0,0.0,0.76278657,0.6682329,0.8760417740431953,1.0,21.0,0.0,0.0,1.0,0.0,29.0,21.0,29.0,DT-Top1,Fixed-UCB-1.64sigma-Shield,0,5,0.6,0.6,0.6,0.6,0.6
2,2,1,1,0.0,0.0,0.6677499,0.6677499,0.9999999999985024,0.0,0.0,0.0,0.0,1.0,21.0,29.0,21.0,29.0,PF,Full-CertiTwin-q90,1,5,0.6,0.6,0.6,0.6,0.6
2,2,1,1,0.0,0.0,0.6677499,0.6677499,0.9999999999985024,0.0,0.0,0.0,0.0,1.0,21.0,29.0,21.0,29.0,PF,SLA-Rule-Shield,1,5,0.6,0.6,0.6,0.6,0.6
2,2,1,1,0.0,0.0,0.6677499,0.6677499,0.9999999999985024,0.0,0.0,0.0,0.0,1.0,21.0,29.0,21.0,29.0,PF,Fixed-UCB-1sigma-Shield,1,5,0.6,0.6,0.6,0.6,0.6
2,2,1,1,0.0,0.0,0.6677499,0.6677499,0.9999999999985024,0.0,0.0,0.0,0.0,1.0,21.0,29.0,21.0,29.0,PF,Fixed-UCB-1.64sigma-Shield,1,5,0.6,0.6,0.6,0.6,0.6
4,4,1,1,0.0,0.0,0.76313806,0.76313806,0.9999999999986896,0.0,0.0,0.0,0.0,1.0,39.0,11.0,39.0,11.0,Greedy-SLA,Full-CertiTwin-q90,1,5,0.6,0.6,0.6,0.6,0.6
4,4,1,1,0.0,0.0,0.76313806,0.76313806,0.9999999999986896,0.0,0.0,0.0,0.0,1.0,39.0,11.0,39.0,11.0,Greedy-SLA,SLA-Rule-Shield,1,5,0.6,0.6,0.6,0.6,0.6
4,4,1,1,0.0,0.0,0.76313806,0.76313806,0.9999999999986896,0.0,0.0,0.0,0.0,1.0,39.0,11.0,39.0,11.0,Greedy-SLA,Fixed-UCB-1sigma-Shield,1,5,0.6,0.6,0.6,0.6,0.6
4,4,1,1,0.0,0.0,0.76313806,0.76313806,0.9999999999986896,0.0,0.0,0.0,0.0,1.0,39.0,11.0,39.0,11.0,Greedy-SLA,Fixed-UCB-1.64sigma-Shield,1,5,0.6,0.6,0.6,0.6,0.6
0,2,0,1,1.0,0.0,0.7864371,0.6677499,0.8490823995957858,1.0,21.0,0.0,0.0,1.0,0.0,29.0,21.0,29.0,DT-Top1,Full-CertiTwin-q90,1,5,0.6,0.6,0.6,0.6,0.6
0,4,0,1,1.0,0.0,0.7864371,0.76313806,0.970373930730162,1.0,57.0,0.0,0.0,1.0,0.0,29.0,39.0,11.0,DT-Top1,SLA-Rule-Shield,1,5,0.6,0.6,0.6,0.6,0.6
0,2,0,1,1.0,0.0,0.7864371,0.6677499,0.8490823995957858,1.0,21.0,0.0,0.0,1.0,0.0,29.0,21.0,29.0,DT-Top1,Fixed-UCB-1sigma-Shield,1,5,0.6,0.6,0.6,0.6,0.6
0,2,0,1,1.0,0.0,0.7864371,0.6677499,0.8490823995957858,1.0,21.0,0.0,0.0,1.0,0.0,29.0,21.0,29.0,DT-Top1,Fixed-UCB-1.64sigma-Shield,1,5,0.6,0.6,0.6,0.6,0.6
2,2,1,1,0.0,0.0,0.6677499,0.6677499,0.9999999999985024,0.0,0.0,0.0,0.0,1.0,21.0,29.0,21.0,29.0,PF,Full-CertiTwin-q90,2,5,0.6,0.6,0.6,0.6,0.6
2,2,1,1,0.0,0.0,0.6677499,0.6677499,0.9999999999985024,0.0,0.0,0.0,0.0,1.0,21.0,29.0,21.0,29.0,PF,SLA-Rule-Shield,2,5,0.6,0.6,0.6,0.6,0.6
2,2,1,1,0.0,0.0,0.6677499,0.6677499,0.9999999999985024,0.0,0.0,0.0,0.0,1.0,21.0,29.0,21.0,29.0,PF,Fixed-UCB-1sigma-Shield,2,5,0.6,0.6,0.6,0.6,0.6
2,2,1,1,0.0,0.0,0.6677499,0.6677499,0.9999999999985024,0.0,0.0,0.0,0.0,1.0,21.0,29.0,21.0,29.0,PF,Fixed-UCB-1.64sigma-Shield,2,5,0.6,0.6,0.6,0.6,0.6
4,4,1,1,0.0,0.0,0.76313806,0.76313806,0.9999999999986896,0.0,0.0,0.0,0.0,1.0,39.0,11.0,39.0,11.0,Greedy-SLA,Full-CertiTwin-q90,2,5,0.6,0.6,0.6,0.6,0.6
4,4,1,1,0.0,0.0,0.76313806,0.76313806,0.9999999999986896,0.0,0.0,0.0,0.0,1.0,39.0,11.0,39.0,11.0,Greedy-SLA,SLA-Rule-Shield,2,5,0.6,0.6,0.6,0.6,0.6
4,4,1,1,0.0,0.0,0.76313806,0.76313806,0.9999999999986896,0.0,0.0,0.0,0.0,1.0,39.0,11.0,39.0,11.0,Greedy-SLA,Fixed-UCB-1sigma-Shield,2,5,0.6,0.6,0.6,0.6,0.6
4,4,1,1,0.0,0.0,0.76313806,0.76313806,0.9999999999986896,0.0,0.0,0.0,0.0,1.0,39.0,11.0,39.0,11.0,Greedy-SLA,Fixed-UCB-1.64sigma-Shield,2,5,0.6,0.6,0.6,0.6,0.6
4,4,1,1,0.0,0.0,0.76313806,0.76313806,0.9999999999986896,0.0,0.0,0.0,0.0,1.0,39.0,11.0,39.0,11.0,DT-Top1,Full-CertiTwin-q90,2,5,0.6,0.6,0.6,0.6,0.6
4,4,1,1,0.0,0.0,0.76313806,0.76313806,0.9999999999986896,0.0,0.0,0.0,0.0,1.0,39.0,11.0,39.0,11.0,DT-Top1,SLA-Rule-Shield,2,5,0.6,0.6,0.6,0.6,0.6
4,4,1,1,0.0,0.0,0.76313806,0.76313806,0.9999999999986896,0.0,0.0,0.0,0.0,1.0,39.0,11.0,39.0,11.0,DT-Top1,Fixed-UCB-1sigma-Shield,2,5,0.6,0.6,0.6,0.6,0.6
4,4,1,1,0.0,0.0,0.76313806,0.76313806,0.9999999999986896,0.0,0.0,0.0,0.0,1.0,39.0,11.0,39.0,11.0,DT-Top1,Fixed-UCB-1.64sigma-Shield,2,5,0.6,0.6,0.6,0.6,0.6
2,2,1,1,0.0,0.0,0.6677499,0.6677499,0.9999999999985024,0.0,0.0,0.0,0.0,1.0,21.0,29.0,21.0,29.0,PF,Full-CertiTwin-q90,3,5,0.6,0.6,0.6,0.6,0.6
2,2,1,1,0.0,0.0,0.6677499,0.6677499,0.9999999999985024,0.0,0.0,0.0,0.0,1.0,21.0,29.0,21.0,29.0,PF,SLA-Rule-Shield,3,5,0.6,0.6,0.6,0.6,0.6
2,2,1,1,0.0,0.0,0.6677499,0.6677499,0.9999999999985024,0.0,0.0,0.0,0.0,1.0,21.0,29.0,21.0,29.0,PF,Fixed-UCB-1sigma-Shield,3,5,0.6,0.6,0.6,0.6,0.6
2,2,1,1,0.0,0.0,0.6677499,0.6677499,0.9999999999985024,0.0,0.0,0.0,0.0,1.0,21.0,29.0,21.0,29.0,PF,Fixed-UCB-1.64sigma-Shield,3,5,0.6,0.6,0.6,0.6,0.6
4,4,1,1,0.0,0.0,0.76313806,0.76313806,0.9999999999986896,0.0,0.0,0.0,0.0,1.0,39.0,11.0,39.0,11.0,Greedy-SLA,Full-CertiTwin-q90,3,5,0.6,0.6,0.6,0.6,0.6
4,4,1,1,0.0,0.0,0.76313806,0.76313806,0.9999999999986896,0.0,0.0,0.0,0.0,1.0,39.0,11.0,39.0,11.0,Greedy-SLA,SLA-Rule-Shield,3,5,0.6,0.6,0.6,0.6,0.6
4,4,1,1,0.0,0.0,0.76313806,0.76313806,0.9999999999986896,0.0,0.0,0.0,0.0,1.0,39.0,11.0,39.0,11.0,Greedy-SLA,Fixed-UCB-1sigma-Shield,3,5,0.6,0.6,0.6,0.6,0.6
4,4,1,1,0.0,0.0,0.76313806,0.76313806,0.9999999999986896,0.0,0.0,0.0,0.0,1.0,39.0,11.0,39.0,11.0,Greedy-SLA,Fixed-UCB-1.64sigma-Shield,3,5,0.6,0.6,0.6,0.6,0.6
0,2,0,1,1.0,0.0,0.77741534,0.6677499,0.8589358424534574,1.0,21.0,0.0,0.0,1.0,0.0,29.0,21.0,29.0,DT-Top1,Full-CertiTwin-q90,3,5,0.6,0.6,0.6,0.6,0.6
0,4,0,1,1.0,0.0,0.77741534,0.76313806,0.981634939180668,1.0,57.0,0.0,0.0,1.0,0.0,29.0,39.0,11.0,DT-Top1,SLA-Rule-Shield,3,5,0.6,0.6,0.6,0.6,0.6
0,2,0,1,1.0,0.0,0.77741534,0.6677499,0.8589358424534574,1.0,21.0,0.0,0.0,1.0,0.0,29.0,21.0,29.0,DT-Top1,Fixed-UCB-1sigma-Shield,3,5,0.6,0.6,0.6,0.6,0.6
0,2,0,1,1.0,0.0,0.77741534,0.6677499,0.8589358424534574,1.0,21.0,0.0,0.0,1.0,0.0,29.0,21.0,29.0,DT-Top1,Fixed-UCB-1.64sigma-Shield,3,5,0.6,0.6,0.6,0.6,0.6
2,2,1,1,0.0,0.0,0.6677499,0.6677499,0.9999999999985024,0.0,0.0,0.0,0.0,1.0,21.0,29.0,21.0,29.0,PF,Full-CertiTwin-q90,4,5,0.6,0.6,0.6,0.6,0.6
2,2,1,1,0.0,0.0,0.6677499,0.6677499,0.9999999999985024,0.0,0.0,0.0,0.0,1.0,21.0,29.0,21.0,29.0,PF,SLA-Rule-Shield,4,5,0.6,0.6,0.6,0.6,0.6
2,2,1,1,0.0,0.0,0.6677499,0.6677499,0.9999999999985024,0.0,0.0,0.0,0.0,1.0,21.0,29.0,21.0,29.0,PF,Fixed-UCB-1sigma-Shield,4,5,0.6,0.6,0.6,0.6,0.6
2,2,1,1,0.0,0.0,0.6677499,0.6677499,0.9999999999985024,0.0,0.0,0.0,0.0,1.0,21.0,29.0,21.0,29.0,PF,Fixed-UCB-1.64sigma-Shield,4,5,0.6,0.6,0.6,0.6,0.6
0,2,0,1,1.0,0.0,0.76278657,0.6677499,0.875408569397236,1.0,21.0,0.0,0.0,1.0,0.0,29.0,21.0,29.0,Greedy-SLA,Full-CertiTwin-q90,4,5,0.6,0.6,0.6,0.6,0.6
0,4,0,1,1.0,0.0,0.76278657,0.76313806,1.000460797309265,1.0,57.0,0.0,0.0,1.0,0.0,29.0,39.0,11.0,Greedy-SLA,SLA-Rule-Shield,4,5,0.6,0.6,0.6,0.6,0.6
0,2,0,1,1.0,0.0,0.76278657,0.6677499,0.875408569397236,1.0,21.0,0.0,0.0,1.0,0.0,29.0,21.0,29.0,Greedy-SLA,Fixed-UCB-1sigma-Shield,4,5,0.6,0.6,0.6,0.6,0.6
0,2,0,1,1.0,0.0,0.76278657,0.6677499,0.875408569397236,1.0,21.0,0.0,0.0,1.0,0.0,29.0,21.0,29.0,Greedy-SLA,Fixed-UCB-1.64sigma-Shield,4,5,0.6,0.6,0.6,0.6,0.6
0,2,0,1,1.0,0.0,0.76278657,0.6677499,0.875408569397236,1.0,21.0,0.0,0.0,1.0,0.0,29.0,21.0,29.0,DT-Top1,Full-CertiTwin-q90,4,5,0.6,0.6,0.6,0.6,0.6
0,4,0,1,1.0,0.0,0.76278657,0.76313806,1.000460797309265,1.0,57.0,0.0,0.0,1.0,0.0,29.0,39.0,11.0,DT-Top1,SLA-Rule-Shield,4,5,0.6,0.6,0.6,0.6,0.6
0,2,0,1,1.0,0.0,0.76278657,0.6677499,0.875408569397236,1.0,21.0,0.0,0.0,1.0,0.0,29.0,21.0,29.0,DT-Top1,Fixed-UCB-1sigma-Shield,4,5,0.6,0.6,0.6,0.6,0.6
0,2,0,1,1.0,0.0,0.76278657,0.6677499,0.875408569397236,1.0,21.0,0.0,0.0,1.0,0.0,29.0,21.0,29.0,DT-Top1,Fixed-UCB-1.64sigma-Shield,4,5,0.6,0.6,0.6,0.6,0.6
2,2,1,1,0.0,0.0,0.6677499,0.6677499,0.9999999999985024,0.0,0.0,0.0,0.0,1.0,21.0,29.0,21.0,29.0,PF,Full-CertiTwin-q90,5,5,0.6,0.6,0.6,0.6,0.6
2,2,1,1,0.0,0.0,0.6677499,0.6677499,0.9999999999985024,0.0,0.0,0.0,0.0,1.0,21.0,29.0,21.0,29.0,PF,SLA-Rule-Shield,5,5,0.6,0.6,0.6,0.6,0.6
2,2,1,1,0.0,0.0,0.6677499,0.6677499,0.9999999999985024,0.0,0.0,0.0,0.0,1.0,21.0,29.0,21.0,29.0,PF,Fixed-UCB-1sigma-Shield,5,5,0.6,0.6,0.6,0.6,0.6
2,2,1,1,0.0,0.0,0.6677499,0.6677499,0.9999999999985024,0.0,0.0,0.0,0.0,1.0,21.0,29.0,21.0,29.0,PF,Fixed-UCB-1.64sigma-Shield,5,5,0.6,0.6,0.6,0.6,0.6
4,4,1,1,0.0,0.0,0.76313806,0.76313806,0.9999999999986896,0.0,0.0,0.0,0.0,1.0,39.0,11.0,39.0,11.0,Greedy-SLA,Full-CertiTwin-q90,5,5,0.6,0.6,0.6,0.6,0.6
4,4,1,1,0.0,0.0,0.76313806,0.76313806,0.9999999999986896,0.0,0.0,0.0,0.0,1.0,39.0,11.0,39.0,11.0,Greedy-SLA,SLA-Rule-Shield,5,5,0.6,0.6,0.6,0.6,0.6
4,4,1,1,0.0,0.0,0.76313806,0.76313806,0.9999999999986896,0.0,0.0,0.0,0.0,1.0,39.0,11.0,39.0,11.0,Greedy-SLA,Fixed-UCB-1sigma-Shield,5,5,0.6,0.6,0.6,0.6,0.6
4,4,1,1,0.0,0.0,0.76313806,0.76313806,0.9999999999986896,0.0,0.0,0.0,0.0,1.0,39.0,11.0,39.0,11.0,Greedy-SLA,Fixed-UCB-1.64sigma-Shield,5,5,0.6,0.6,0.6,0.6,0.6
4,4,1,1,0.0,0.0,0.76313806,0.76313806,0.9999999999986896,0.0,0.0,0.0,0.0,1.0,39.0,11.0,39.0,11.0,DT-Top1,Full-CertiTwin-q90,5,5,0.6,0.6,0.6,0.6,0.6
4,4,1,1,0.0,0.0,0.76313806,0.76313806,0.9999999999986896,0.0,0.0,0.0,0.0,1.0,39.0,11.0,39.0,11.0,DT-Top1,SLA-Rule-Shield,5,5,0.6,0.6,0.6,0.6,0.6
4,4,1,1,0.0,0.0,0.76313806,0.76313806,0.9999999999986896,0.0,0.0,0.0,0.0,1.0,39.0,11.0,39.0,11.0,DT-Top1,Fixed-UCB-1sigma-Shield,5,5,0.6,0.6,0.6,0.6,0.6
4,4,1,1,0.0,0.0,0.76313806,0.76313806,0.9999999999986896,0.0,0.0,0.0,0.0,1.0,39.0,11.0,39.0,11.0,DT-Top1,Fixed-UCB-1.64sigma-Shield,5,5,0.6,0.6,0.6,0.6,0.6
2,2,1,1,0.0,0.0,0.6677499,0.6677499,0.9999999999985024,0.0,0.0,0.0,0.0,1.0,21.0,29.0,21.0,29.0,PF,Full-CertiTwin-q90,6,5,0.6,0.6,0.6,0.6,0.6
2,2,1,1,0.0,0.0,0.6677499,0.6677499,0.9999999999985024,0.0,0.0,0.0,0.0,1.0,21.0,29.0,21.0,29.0,PF,SLA-Rule-Shield,6,5,0.6,0.6,0.6,0.6,0.6
2,2,1,1,0.0,0.0,0.6677499,0.6677499,0.9999999999985024,0.0,0.0,0.0,0.0,1.0,21.0,29.0,21.0,29.0,PF,Fixed-UCB-1sigma-Shield,6,5,0.6,0.6,0.6,0.6,0.6
2,2,1,1,0.0,0.0,0.6677499,0.6677499,0.9999999999985024,0.0,0.0,0.0,0.0,1.0,21.0,29.0,21.0,29.0,PF,Fixed-UCB-1.64sigma-Shield,6,5,0.6,0.6,0.6,0.6,0.6
4,4,1,1,0.0,0.0,0.76313806,0.76313806,0.9999999999986896,0.0,0.0,0.0,0.0,1.0,39.0,11.0,39.0,11.0,Greedy-SLA,Full-CertiTwin-q90,6,5,0.6,0.6,0.6,0.6,0.6
4,4,1,1,0.0,0.0,0.76313806,0.76313806,0.9999999999986896,0.0,0.0,0.0,0.0,1.0,39.0,11.0,39.0,11.0,Greedy-SLA,SLA-Rule-Shield,6,5,0.6,0.6,0.6,0.6,0.6
4,4,1,1,0.0,0.0,0.76313806,0.76313806,0.9999999999986896,0.0,0.0,0.0,0.0,1.0,39.0,11.0,39.0,11.0,Greedy-SLA,Fixed-UCB-1sigma-Shield,6,5,0.6,0.6,0.6,0.6,0.6
4,4,1,1,0.0,0.0,0.76313806,0.76313806,0.9999999999986896,0.0,0.0,0.0,0.0,1.0,39.0,11.0,39.0,11.0,Greedy-SLA,Fixed-UCB-1.64sigma-Shield,6,5,0.6,0.6,0.6,0.6,0.6
4,4,1,1,0.0,0.0,0.76313806,0.76313806,0.9999999999986896,0.0,0.0,0.0,0.0,1.0,39.0,11.0,39.0,11.0,DT-Top1,Full-CertiTwin-q90,6,5,0.6,0.6,0.6,0.6,0.6
4,4,1,1,0.0,0.0,0.76313806,0.76313806,0.9999999999986896,0.0,0.0,0.0,0.0,1.0,39.0,11.0,39.0,11.0,DT-Top1,SLA-Rule-Shield,6,5,0.6,0.6,0.6,0.6,0.6
4,4,1,1,0.0,0.0,0.76313806,0.76313806,0.9999999999986896,0.0,0.0,0.0,0.0,1.0,39.0,11.0,39.0,11.0,DT-Top1,Fixed-UCB-1sigma-Shield,6,5,0.6,0.6,0.6,0.6,0.6
4,4,1,1,0.0,0.0,0.76313806,0.76313806,0.9999999999986896,0.0,0.0,0.0,0.0,1.0,39.0,11.0,39.0,11.0,DT-Top1,Fixed-UCB-1.64sigma-Shield,6,5,0.6,0.6,0.6,0.6,0.6
2,2,1,1,0.0,0.0,0.6677499,0.6677499,0.9999999999985024,0.0,0.0,0.0,0.0,1.0,21.0,29.0,21.0,29.0,PF,Full-CertiTwin-q90,7,5,0.6,0.6,0.6,0.6,0.6
2,2,1,1,0.0,0.0,0.6677499,0.6677499,0.9999999999985024,0.0,0.0,0.0,0.0,1.0,21.0,29.0,21.0,29.0,PF,SLA-Rule-Shield,7,5,0.6,0.6,0.6,0.6,0.6
2,2,1,1,0.0,0.0,0.6677499,0.6677499,0.9999999999985024,0.0,0.0,0.0,0.0,1.0,21.0,29.0,21.0,29.0,PF,Fixed-UCB-1sigma-Shield,7,5,0.6,0.6,0.6,0.6,0.6
2,2,1,1,0.0,0.0,0.6677499,0.6677499,0.9999999999985024,0.0,0.0,0.0,0.0,1.0,21.0,29.0,21.0,29.0,PF,Fixed-UCB-1.64sigma-Shield,7,5,0.6,0.6,0.6,0.6,0.6
4,4,1,1,0.0,0.0,0.74035645,0.74035645,0.9999999999986492,0.0,0.0,0.0,0.0,1.0,39.0,11.0,39.0,11.0,Greedy-SLA,Full-CertiTwin-q90,7,5,0.6,0.6,0.6,0.6,0.6
4,4,1,1,0.0,0.0,0.74035645,0.74035645,0.9999999999986492,0.0,0.0,0.0,0.0,1.0,39.0,11.0,39.0,11.0,Greedy-SLA,SLA-Rule-Shield,7,5,0.6,0.6,0.6,0.6,0.6
4,4,1,1,0.0,0.0,0.74035645,0.74035645,0.9999999999986492,0.0,0.0,0.0,0.0,1.0,39.0,11.0,39.0,11.0,Greedy-SLA,Fixed-UCB-1sigma-Shield,7,5,0.6,0.6,0.6,0.6,0.6
4,4,1,1,0.0,0.0,0.74035645,0.74035645,0.9999999999986492,0.0,0.0,0.0,0.0,1.0,39.0,11.0,39.0,11.0,Greedy-SLA,Fixed-UCB-1.64sigma-Shield,7,5,0.6,0.6,0.6,0.6,0.6
0,2,0,1,1.0,0.0,0.76278657,0.6677499,0.875408569397236,1.0,21.0,0.0,0.0,1.0,0.0,29.0,21.0,29.0,DT-Top1,Full-CertiTwin-q90,7,5,0.6,0.6,0.6,0.6,0.6
0,4,0,1,1.0,0.0,0.76278657,0.74035645,0.9705945006334202,1.0,57.0,0.0,0.0,1.0,0.0,29.0,39.0,11.0,DT-Top1,SLA-Rule-Shield,7,5,0.6,0.6,0.6,0.6,0.6
0,2,0,1,1.0,0.0,0.76278657,0.6677499,0.875408569397236,1.0,21.0,0.0,0.0,1.0,0.0,29.0,21.0,29.0,DT-Top1,Fixed-UCB-1sigma-Shield,7,5,0.6,0.6,0.6,0.6,0.6
0,2,0,1,1.0,0.0,0.76278657,0.6677499,0.875408569397236,1.0,21.0,0.0,0.0,1.0,0.0,29.0,21.0,29.0,DT-Top1,Fixed-UCB-1.64sigma-Shield,7,5,0.6,0.6,0.6,0.6,0.6
2,2,1,1,0.0,0.0,0.6677499,0.6677499,0.9999999999985024,0.0,0.0,0.0,0.0,1.0,21.0,29.0,21.0,29.0,PF,Full-CertiTwin-q90,8,5,0.6,0.6,0.6,0.6,0.6
2,2,1,1,0.0,0.0,0.6677499,0.6677499,0.9999999999985024,0.0,0.0,0.0,0.0,1.0,21.0,29.0,21.0,29.0,PF,SLA-Rule-Shield,8,5,0.6,0.6,0.6,0.6,0.6
2,2,1,1,0.0,0.0,0.6677499,0.6677499,0.9999999999985024,0.0,0.0,0.0,0.0,1.0,21.0,29.0,21.0,29.0,PF,Fixed-UCB-1sigma-Shield,8,5,0.6,0.6,0.6,0.6,0.6
2,2,1,1,0.0,0.0,0.6677499,0.6677499,0.9999999999985024,0.0,0.0,0.0,0.0,1.0,21.0,29.0,21.0,29.0,PF,Fixed-UCB-1.64sigma-Shield,8,5,0.6,0.6,0.6,0.6,0.6
4,4,1,1,0.0,0.0,0.76313806,0.76313806,0.9999999999986896,0.0,0.0,0.0,0.0,1.0,39.0,11.0,39.0,11.0,Greedy-SLA,Full-CertiTwin-q90,8,5,0.6,0.6,0.6,0.6,0.6
4,4,1,1,0.0,0.0,0.76313806,0.76313806,0.9999999999986896,0.0,0.0,0.0,0.0,1.0,39.0,11.0,39.0,11.0,Greedy-SLA,SLA-Rule-Shield,8,5,0.6,0.6,0.6,0.6,0.6
4,4,1,1,0.0,0.0,0.76313806,0.76313806,0.9999999999986896,0.0,0.0,0.0,0.0,1.0,39.0,11.0,39.0,11.0,Greedy-SLA,Fixed-UCB-1sigma-Shield,8,5,0.6,0.6,0.6,0.6,0.6
4,4,1,1,0.0,0.0,0.76313806,0.76313806,0.9999999999986896,0.0,0.0,0.0,0.0,1.0,39.0,11.0,39.0,11.0,Greedy-SLA,Fixed-UCB-1.64sigma-Shield,8,5,0.6,0.6,0.6,0.6,0.6
0,2,0,1,1.0,0.0,0.76278657,0.6677499,0.875408569397236,1.0,21.0,0.0,0.0,1.0,0.0,29.0,21.0,29.0,DT-Top1,Full-CertiTwin-q90,8,5,0.6,0.6,0.6,0.6,0.6
0,4,0,1,1.0,0.0,0.76278657,0.76313806,1.000460797309265,1.0,57.0,0.0,0.0,1.0,0.0,29.0,39.0,11.0,DT-Top1,SLA-Rule-Shield,8,5,0.6,0.6,0.6,0.6,0.6
0,2,0,1,1.0,0.0,0.76278657,0.6677499,0.875408569397236,1.0,21.0,0.0,0.0,1.0,0.0,29.0,21.0,29.0,DT-Top1,Fixed-UCB-1sigma-Shield,8,5,0.6,0.6,0.6,0.6,0.6
0,2,0,1,1.0,0.0,0.76278657,0.6677499,0.875408569397236,1.0,21.0,0.0,0.0,1.0,0.0,29.0,21.0,29.0,DT-Top1,Fixed-UCB-1.64sigma-Shield,8,5,0.6,0.6,0.6,0.6,0.6
2,2,1,1,0.0,0.0,0.6677499,0.6677499,0.9999999999985024,0.0,0.0,0.0,0.0,1.0,21.0,29.0,21.0,29.0,PF,Full-CertiTwin-q90,9,5,0.6,0.6,0.6,0.6,0.6
2,2,1,1,0.0,0.0,0.6677499,0.6677499,0.9999999999985024,0.0,0.0,0.0,0.0,1.0,21.0,29.0,21.0,29.0,PF,SLA-Rule-Shield,9,5,0.6,0.6,0.6,0.6,0.6
2,2,1,1,0.0,0.0,0.6677499,0.6677499,0.9999999999985024,0.0,0.0,0.0,0.0,1.0,21.0,29.0,21.0,29.0,PF,Fixed-UCB-1sigma-Shield,9,5,0.6,0.6,0.6,0.6,0.6
2,2,1,1,0.0,0.0,0.6677499,0.6677499,0.9999999999985024,0.0,0.0,0.0,0.0,1.0,21.0,29.0,21.0,29.0,PF,Fixed-UCB-1.64sigma-Shield,9,5,0.6,0.6,0.6,0.6,0.6
4,4,1,1,0.0,0.0,0.76313806,0.76313806,0.9999999999986896,0.0,0.0,0.0,0.0,1.0,39.0,11.0,39.0,11.0,Greedy-SLA,Full-CertiTwin-q90,9,5,0.6,0.6,0.6,0.6,0.6
4,4,1,1,0.0,0.0,0.76313806,0.76313806,0.9999999999986896,0.0,0.0,0.0,0.0,1.0,39.0,11.0,39.0,11.0,Greedy-SLA,SLA-Rule-Shield,9,5,0.6,0.6,0.6,0.6,0.6
4,4,1,1,0.0,0.0,0.76313806,0.76313806,0.9999999999986896,0.0,0.0,0.0,0.0,1.0,39.0,11.0,39.0,11.0,Greedy-SLA,Fixed-UCB-1sigma-Shield,9,5,0.6,0.6,0.6,0.6,0.6
4,4,1,1,0.0,0.0,0.76313806,0.76313806,0.9999999999986896,0.0,0.0,0.0,0.0,1.0,39.0,11.0,39.0,11.0,Greedy-SLA,Fixed-UCB-1.64sigma-Shield,9,5,0.6,0.6,0.6,0.6,0.6
4,4,1,1,0.0,0.0,0.76313806,0.76313806,0.9999999999986896,0.0,0.0,0.0,0.0,1.0,39.0,11.0,39.0,11.0,DT-Top1,Full-CertiTwin-q90,9,5,0.6,0.6,0.6,0.6,0.6
4,4,1,1,0.0,0.0,0.76313806,0.76313806,0.9999999999986896,0.0,0.0,0.0,0.0,1.0,39.0,11.0,39.0,11.0,DT-Top1,SLA-Rule-Shield,9,5,0.6,0.6,0.6,0.6,0.6
4,4,1,1,0.0,0.0,0.76313806,0.76313806,0.9999999999986896,0.0,0.0,0.0,0.0,1.0,39.0,11.0,39.0,11.0,DT-Top1,Fixed-UCB-1sigma-Shield,9,5,0.6,0.6,0.6,0.6,0.6
4,4,1,1,0.0,0.0,0.76313806,0.76313806,0.9999999999986896,0.0,0.0,0.0,0.0,1.0,39.0,11.0,39.0,11.0,DT-Top1,Fixed-UCB-1.64sigma-Shield,9,5,0.6,0.6,0.6,0.6,0.6
2,2,1,1,0.0,0.0,0.6677499,0.6677499,0.9999999999985024,0.0,0.0,0.0,0.0,1.0,21.0,29.0,21.0,29.0,PF,Full-CertiTwin-q90,10,5,0.6,0.6,0.6,0.6,0.6
2,2,1,1,0.0,0.0,0.6677499,0.6677499,0.9999999999985024,0.0,0.0,0.0,0.0,1.0,21.0,29.0,21.0,29.0,PF,SLA-Rule-Shield,10,5,0.6,0.6,0.6,0.6,0.6
2,2,1,1,0.0,0.0,0.6677499,0.6677499,0.9999999999985024,0.0,0.0,0.0,0.0,1.0,21.0,29.0,21.0,29.0,PF,Fixed-UCB-1sigma-Shield,10,5,0.6,0.6,0.6,0.6,0.6
2,2,1,1,0.0,0.0,0.6677499,0.6677499,0.9999999999985024,0.0,0.0,0.0,0.0,1.0,21.0,29.0,21.0,29.0,PF,Fixed-UCB-1.64sigma-Shield,10,5,0.6,0.6,0.6,0.6,0.6
4,4,1,1,0.0,0.0,0.76313806,0.76313806,0.9999999999986896,0.0,0.0,0.0,0.0,1.0,39.0,11.0,39.0,11.0,Greedy-SLA,Full-CertiTwin-q90,10,5,0.6,0.6,0.6,0.6,0.6
4,4,1,1,0.0,0.0,0.76313806,0.76313806,0.9999999999986896,0.0,0.0,0.0,0.0,1.0,39.0,11.0,39.0,11.0,Greedy-SLA,SLA-Rule-Shield,10,5,0.6,0.6,0.6,0.6,0.6
4,4,1,1,0.0,0.0,0.76313806,0.76313806,0.9999999999986896,0.0,0.0,0.0,0.0,1.0,39.0,11.0,39.0,11.0,Greedy-SLA,Fixed-UCB-1sigma-Shield,10,5,0.6,0.6,0.6,0.6,0.6
4,4,1,1,0.0,0.0,0.76313806,0.76313806,0.9999999999986896,0.0,0.0,0.0,0.0,1.0,39.0,11.0,39.0,11.0,Greedy-SLA,Fixed-UCB-1.64sigma-Shield,10,5,0.6,0.6,0.6,0.6,0.6
0,2,0,1,1.0,0.0,0.76278657,0.6677499,0.875408569397236,1.0,21.0,0.0,0.0,1.0,0.0,29.0,21.0,29.0,DT-Top1,Full-CertiTwin-q90,10,5,0.6,0.6,0.6,0.6,0.6
0,4,0,1,1.0,0.0,0.76278657,0.76313806,1.000460797309265,1.0,57.0,0.0,0.0,1.0,0.0,29.0,39.0,11.0,DT-Top1,SLA-Rule-Shield,10,5,0.6,0.6,0.6,0.6,0.6
0,2,0,1,1.0,0.0,0.76278657,0.6677499,0.875408569397236,1.0,21.0,0.0,0.0,1.0,0.0,29.0,21.0,29.0,DT-Top1,Fixed-UCB-1sigma-Shield,10,5,0.6,0.6,0.6,0.6,0.6
0,2,0,1,1.0,0.0,0.76278657,0.6677499,0.875408569397236,1.0,21.0,0.0,0.0,1.0,0.0,29.0,21.0,29.0,DT-Top1,Fixed-UCB-1.64sigma-Shield,10,5,0.6,0.6,0.6,0.6,0.6
2,2,1,1,0.0,0.0,0.6677499,0.6677499,0.9999999999985024,0.0,0.0,0.0,0.0,1.0,21.0,29.0,21.0,29.0,PF,Full-CertiTwin-q90,11,5,0.6,0.6,0.6,0.6,0.6
2,2,1,1,0.0,0.0,0.6677499,0.6677499,0.9999999999985024,0.0,0.0,0.0,0.0,1.0,21.0,29.0,21.0,29.0,PF,SLA-Rule-Shield,11,5,0.6,0.6,0.6,0.6,0.6
2,2,1,1,0.0,0.0,0.6677499,0.6677499,0.9999999999985024,0.0,0.0,0.0,0.0,1.0,21.0,29.0,21.0,29.0,PF,Fixed-UCB-1sigma-Shield,11,5,0.6,0.6,0.6,0.6,0.6
2,2,1,1,0.0,0.0,0.6677499,0.6677499,0.9999999999985024,0.0,0.0,0.0,0.0,1.0,21.0,29.0,21.0,29.0,PF,Fixed-UCB-1.64sigma-Shield,11,5,0.6,0.6,0.6,0.6,0.6
0,2,0,1,1.0,0.0,0.76278657,0.6677499,0.875408569397236,1.0,21.0,0.0,0.0,1.0,0.0,29.0,21.0,29.0,Greedy-SLA,Full-CertiTwin-q90,11,5,0.6,0.6,0.6,0.6,0.6
0,4,0,1,1.0,0.0,0.76278657,0.7526786,0.9867486261576592,1.0,57.0,0.0,0.0,1.0,0.0,29.0,39.0,11.0,Greedy-SLA,SLA-Rule-Shield,11,5,0.6,0.6,0.6,0.6,0.6
0,2,0,1,1.0,0.0,0.76278657,0.6677499,0.875408569397236,1.0,21.0,0.0,0.0,1.0,0.0,29.0,21.0,29.0,Greedy-SLA,Fixed-UCB-1sigma-Shield,11,5,0.6,0.6,0.6,0.6,0.6
0,2,0,1,1.0,0.0,0.76278657,0.6677499,0.875408569397236,1.0,21.0,0.0,0.0,1.0,0.0,29.0,21.0,29.0,Greedy-SLA,Fixed-UCB-1.64sigma-Shield,11,5,0.6,0.6,0.6,0.6,0.6
0,2,0,1,1.0,0.0,0.76278657,0.6677499,0.875408569397236,1.0,21.0,0.0,0.0,1.0,0.0,29.0,21.0,29.0,DT-Top1,Full-CertiTwin-q90,11,5,0.6,0.6,0.6,0.6,0.6
0,4,0,1,1.0,0.0,0.76278657,0.7526786,0.9867486261576592,1.0,57.0,0.0,0.0,1.0,0.0,29.0,39.0,11.0,DT-Top1,SLA-Rule-Shield,11,5,0.6,0.6,0.6,0.6,0.6
0,2,0,1,1.0,0.0,0.76278657,0.6677499,0.875408569397236,1.0,21.0,0.0,0.0,1.0,0.0,29.0,21.0,29.0,DT-Top1,Fixed-UCB-1sigma-Shield,11,5,0.6,0.6,0.6,0.6,0.6
0,2,0,1,1.0,0.0,0.76278657,0.6677499,0.875408569397236,1.0,21.0,0.0,0.0,1.0,0.0,29.0,21.0,29.0,DT-Top1,Fixed-UCB-1.64sigma-Shield,11,5,0.6,0.6,0.6,0.6,0.6
2,2,1,1,0.0,0.0,0.6677499,0.6677499,0.9999999999985024,0.0,0.0,0.0,0.0,1.0,21.0,29.0,21.0,29.0,PF,Full-CertiTwin-q90,12,5,0.6,0.6,0.6,0.6,0.6
2,2,1,1,0.0,0.0,0.6677499,0.6677499,0.9999999999985024,0.0,0.0,0.0,0.0,1.0,21.0,29.0,21.0,29.0,PF,SLA-Rule-Shield,12,5,0.6,0.6,0.6,0.6,0.6
2,2,1,1,0.0,0.0,0.6677499,0.6677499,0.9999999999985024,0.0,0.0,0.0,0.0,1.0,21.0,29.0,21.0,29.0,PF,Fixed-UCB-1sigma-Shield,12,5,0.6,0.6,0.6,0.6,0.6
2,2,1,1,0.0,0.0,0.6677499,0.6677499,0.9999999999985024,0.0,0.0,0.0,0.0,1.0,21.0,29.0,21.0,29.0,PF,Fixed-UCB-1.64sigma-Shield,12,5,0.6,0.6,0.6,0.6,0.6
4,4,1,1,0.0,0.0,0.76313806,0.76313806,0.9999999999986896,0.0,0.0,0.0,0.0,1.0,39.0,11.0,39.0,11.0,Greedy-SLA,Full-CertiTwin-q90,12,5,0.6,0.6,0.6,0.6,0.6
4,4,1,1,0.0,0.0,0.76313806,0.76313806,0.9999999999986896,0.0,0.0,0.0,0.0,1.0,39.0,11.0,39.0,11.0,Greedy-SLA,SLA-Rule-Shield,12,5,0.6,0.6,0.6,0.6,0.6
4,4,1,1,0.0,0.0,0.76313806,0.76313806,0.9999999999986896,0.0,0.0,0.0,0.0,1.0,39.0,11.0,39.0,11.0,Greedy-SLA,Fixed-UCB-1sigma-Shield,12,5,0.6,0.6,0.6,0.6,0.6
4,4,1,1,0.0,0.0,0.76313806,0.76313806,0.9999999999986896,0.0,0.0,0.0,0.0,1.0,39.0,11.0,39.0,11.0,Greedy-SLA,Fixed-UCB-1.64sigma-Shield,12,5,0.6,0.6,0.6,0.6,0.6
0,2,0,1,1.0,0.0,0.76278657,0.6677499,0.875408569397236,1.0,21.0,0.0,0.0,1.0,0.0,29.0,21.0,29.0,DT-Top1,Full-CertiTwin-q90,12,5,0.6,0.6,0.6,0.6,0.6
0,4,0,1,1.0,0.0,0.76278657,0.76313806,1.000460797309265,1.0,57.0,0.0,0.0,1.0,0.0,29.0,39.0,11.0,DT-Top1,SLA-Rule-Shield,12,5,0.6,0.6,0.6,0.6,0.6
0,2,0,1,1.0,0.0,0.76278657,0.6677499,0.875408569397236,1.0,21.0,0.0,0.0,1.0,0.0,29.0,21.0,29.0,DT-Top1,Fixed-UCB-1sigma-Shield,12,5,0.6,0.6,0.6,0.6,0.6
0,2,0,1,1.0,0.0,0.76278657,0.6677499,0.875408569397236,1.0,21.0,0.0,0.0,1.0,0.0,29.0,21.0,29.0,DT-Top1,Fixed-UCB-1.64sigma-Shield,12,5,0.6,0.6,0.6,0.6,0.6
2,2,1,1,0.0,0.0,0.6677499,0.6677499,0.9999999999985024,0.0,0.0,0.0,0.0,1.0,21.0,29.0,21.0,29.0,PF,Full-CertiTwin-q90,13,5,0.6,0.6,0.6,0.6,0.6
2,2,1,1,0.0,0.0,0.6677499,0.6677499,0.9999999999985024,0.0,0.0,0.0,0.0,1.0,21.0,29.0,21.0,29.0,PF,SLA-Rule-Shield,13,5,0.6,0.6,0.6,0.6,0.6
2,2,1,1,0.0,0.0,0.6677499,0.6677499,0.9999999999985024,0.0,0.0,0.0,0.0,1.0,21.0,29.0,21.0,29.0,PF,Fixed-UCB-1sigma-Shield,13,5,0.6,0.6,0.6,0.6,0.6
2,2,1,1,0.0,0.0,0.6677499,0.6677499,0.9999999999985024,0.0,0.0,0.0,0.0,1.0,21.0,29.0,21.0,29.0,PF,Fixed-UCB-1.64sigma-Shield,13,5,0.6,0.6,0.6,0.6,0.6
4,4,1,1,0.0,0.0,0.76313806,0.76313806,0.9999999999986896,0.0,0.0,0.0,0.0,1.0,39.0,11.0,39.0,11.0,Greedy-SLA,Full-CertiTwin-q90,13,5,0.6,0.6,0.6,0.6,0.6
4,4,1,1,0.0,0.0,0.76313806,0.76313806,0.9999999999986896,0.0,0.0,0.0,0.0,1.0,39.0,11.0,39.0,11.0,Greedy-SLA,SLA-Rule-Shield,13,5,0.6,0.6,0.6,0.6,0.6
4,4,1,1,0.0,0.0,0.76313806,0.76313806,0.9999999999986896,0.0,0.0,0.0,0.0,1.0,39.0,11.0,39.0,11.0,Greedy-SLA,Fixed-UCB-1sigma-Shield,13,5,0.6,0.6,0.6,0.6,0.6
4,4,1,1,0.0,0.0,0.76313806,0.76313806,0.9999999999986896,0.0,0.0,0.0,0.0,1.0,39.0,11.0,39.0,11.0,Greedy-SLA,Fixed-UCB-1.64sigma-Shield,13,5,0.6,0.6,0.6,0.6,0.6
0,2,0,1,1.0,0.0,0.76278657,0.6677499,0.875408569397236,1.0,21.0,0.0,0.0,1.0,0.0,29.0,21.0,29.0,DT-Top1,Full-CertiTwin-q90,13,5,0.6,0.6,0.6,0.6,0.6
0,4,0,1,1.0,0.0,0.76278657,0.76313806,1.000460797309265,1.0,57.0,0.0,0.0,1.0,0.0,29.0,39.0,11.0,DT-Top1,SLA-Rule-Shield,13,5,0.6,0.6,0.6,0.6,0.6
0,2,0,1,1.0,0.0,0.76278657,0.6677499,0.875408569397236,1.0,21.0,0.0,0.0,1.0,0.0,29.0,21.0,29.0,DT-Top1,Fixed-UCB-1sigma-Shield,13,5,0.6,0.6,0.6,0.6,0.6
0,2,0,1,1.0,0.0,0.76278657,0.6677499,0.875408569397236,1.0,21.0,0.0,0.0,1.0,0.0,29.0,21.0,29.0,DT-Top1,Fixed-UCB-1.64sigma-Shield,13,5,0.6,0.6,0.6,0.6,0.6
2,2,1,1,0.0,0.0,0.6677499,0.6677499,0.9999999999985024,0.0,0.0,0.0,0.0,1.0,21.0,29.0,21.0,29.0,PF,Full-CertiTwin-q90,14,5,0.6,0.6,0.6,0.6,0.6
2,2,1,1,0.0,0.0,0.6677499,0.6677499,0.9999999999985024,0.0,0.0,0.0,0.0,1.0,21.0,29.0,21.0,29.0,PF,SLA-Rule-Shield,14,5,0.6,0.6,0.6,0.6,0.6
2,2,1,1,0.0,0.0,0.6677499,0.6677499,0.9999999999985024,0.0,0.0,0.0,0.0,1.0,21.0,29.0,21.0,29.0,PF,Fixed-UCB-1sigma-Shield,14,5,0.6,0.6,0.6,0.6,0.6
2,2,1,1,0.0,0.0,0.6677499,0.6677499,0.9999999999985024,0.0,0.0,0.0,0.0,1.0,21.0,29.0,21.0,29.0,PF,Fixed-UCB-1.64sigma-Shield,14,5,0.6,0.6,0.6,0.6,0.6
4,4,1,1,0.0,0.0,0.76313806,0.76313806,0.9999999999986896,0.0,0.0,0.0,0.0,1.0,39.0,11.0,39.0,11.0,Greedy-SLA,Full-CertiTwin-q90,14,5,0.6,0.6,0.6,0.6,0.6
4,4,1,1,0.0,0.0,0.76313806,0.76313806,0.9999999999986896,0.0,0.0,0.0,0.0,1.0,39.0,11.0,39.0,11.0,Greedy-SLA,SLA-Rule-Shield,14,5,0.6,0.6,0.6,0.6,0.6
4,4,1,1,0.0,0.0,0.76313806,0.76313806,0.9999999999986896,0.0,0.0,0.0,0.0,1.0,39.0,11.0,39.0,11.0,Greedy-SLA,Fixed-UCB-1sigma-Shield,14,5,0.6,0.6,0.6,0.6,0.6
4,4,1,1,0.0,0.0,0.76313806,0.76313806,0.9999999999986896,0.0,0.0,0.0,0.0,1.0,39.0,11.0,39.0,11.0,Greedy-SLA,Fixed-UCB-1.64sigma-Shield,14,5,0.6,0.6,0.6,0.6,0.6
0,2,0,1,1.0,0.0,0.76278657,0.6677499,0.875408569397236,1.0,21.0,0.0,0.0,1.0,0.0,29.0,21.0,29.0,DT-Top1,Full-CertiTwin-q90,14,5,0.6,0.6,0.6,0.6,0.6
0,4,0,1,1.0,0.0,0.76278657,0.76313806,1.000460797309265,1.0,57.0,0.0,0.0,1.0,0.0,29.0,39.0,11.0,DT-Top1,SLA-Rule-Shield,14,5,0.6,0.6,0.6,0.6,0.6
0,2,0,1,1.0,0.0,0.76278657,0.6677499,0.875408569397236,1.0,21.0,0.0,0.0,1.0,0.0,29.0,21.0,29.0,DT-Top1,Fixed-UCB-1sigma-Shield,14,5,0.6,0.6,0.6,0.6,0.6
0,2,0,1,1.0,0.0,0.76278657,0.6677499,0.875408569397236,1.0,21.0,0.0,0.0,1.0,0.0,29.0,21.0,29.0,DT-Top1,Fixed-UCB-1.64sigma-Shield,14,5,0.6,0.6,0.6,0.6,0.6
2,2,1,1,0.0,0.0,0.6677499,0.6677499,0.9999999999985024,0.0,0.0,0.0,0.0,1.0,21.0,29.0,21.0,29.0,PF,Full-CertiTwin-q90,15,5,0.6,0.6,0.6,0.6,0.6
2,2,1,1,0.0,0.0,0.6677499,0.6677499,0.9999999999985024,0.0,0.0,0.0,0.0,1.0,21.0,29.0,21.0,29.0,PF,SLA-Rule-Shield,15,5,0.6,0.6,0.6,0.6,0.6
2,2,1,1,0.0,0.0,0.6677499,0.6677499,0.9999999999985024,0.0,0.0,0.0,0.0,1.0,21.0,29.0,21.0,29.0,PF,Fixed-UCB-1sigma-Shield,15,5,0.6,0.6,0.6,0.6,0.6
2,2,1,1,0.0,0.0,0.6677499,0.6677499,0.9999999999985024,0.0,0.0,0.0,0.0,1.0,21.0,29.0,21.0,29.0,PF,Fixed-UCB-1.64sigma-Shield,15,5,0.6,0.6,0.6,0.6,0.6
4,4,1,1,0.0,0.0,0.76313806,0.76313806,0.9999999999986896,0.0,0.0,0.0,0.0,1.0,39.0,11.0,39.0,11.0,Greedy-SLA,Full-CertiTwin-q90,15,5,0.6,0.6,0.6,0.6,0.6
4,4,1,1,0.0,0.0,0.76313806,0.76313806,0.9999999999986896,0.0,0.0,0.0,0.0,1.0,39.0,11.0,39.0,11.0,Greedy-SLA,SLA-Rule-Shield,15,5,0.6,0.6,0.6,0.6,0.6
4,4,1,1,0.0,0.0,0.76313806,0.76313806,0.9999999999986896,0.0,0.0,0.0,0.0,1.0,39.0,11.0,39.0,11.0,Greedy-SLA,Fixed-UCB-1sigma-Shield,15,5,0.6,0.6,0.6,0.6,0.6
4,4,1,1,0.0,0.0,0.76313806,0.76313806,0.9999999999986896,0.0,0.0,0.0,0.0,1.0,39.0,11.0,39.0,11.0,Greedy-SLA,Fixed-UCB-1.64sigma-Shield,15,5,0.6,0.6,0.6,0.6,0.6
0,2,0,1,1.0,0.0,0.76278657,0.6677499,0.875408569397236,1.0,21.0,0.0,0.0,1.0,0.0,29.0,21.0,29.0,DT-Top1,Full-CertiTwin-q90,15,5,0.6,0.6,0.6,0.6,0.6
0,4,0,1,1.0,0.0,0.76278657,0.76313806,1.000460797309265,1.0,57.0,0.0,0.0,1.0,0.0,29.0,39.0,11.0,DT-Top1,SLA-Rule-Shield,15,5,0.6,0.6,0.6,0.6,0.6
0,2,0,1,1.0,0.0,0.76278657,0.6677499,0.875408569397236,1.0,21.0,0.0,0.0,1.0,0.0,29.0,21.0,29.0,DT-Top1,Fixed-UCB-1sigma-Shield,15,5,0.6,0.6,0.6,0.6,0.6
0,2,0,1,1.0,0.0,0.76278657,0.6677499,0.875408569397236,1.0,21.0,0.0,0.0,1.0,0.0,29.0,21.0,29.0,DT-Top1,Fixed-UCB-1.64sigma-Shield,15,5,0.6,0.6,0.6,0.6,0.6
2,2,1,1,0.0,0.0,0.6677499,0.6677499,0.9999999999985024,0.0,0.0,0.0,0.0,1.0,21.0,29.0,21.0,29.0,PF,Full-CertiTwin-q90,16,5,0.6,0.6,0.6,0.6,0.6
2,2,1,1,0.0,0.0,0.6677499,0.6677499,0.9999999999985024,0.0,0.0,0.0,0.0,1.0,21.0,29.0,21.0,29.0,PF,SLA-Rule-Shield,16,5,0.6,0.6,0.6,0.6,0.6
2,2,1,1,0.0,0.0,0.6677499,0.6677499,0.9999999999985024,0.0,0.0,0.0,0.0,1.0,21.0,29.0,21.0,29.0,PF,Fixed-UCB-1sigma-Shield,16,5,0.6,0.6,0.6,0.6,0.6
2,2,1,1,0.0,0.0,0.6677499,0.6677499,0.9999999999985024,0.0,0.0,0.0,0.0,1.0,21.0,29.0,21.0,29.0,PF,Fixed-UCB-1.64sigma-Shield,16,5,0.6,0.6,0.6,0.6,0.6
4,4,1,1,0.0,0.0,0.76313806,0.76313806,0.9999999999986896,0.0,0.0,0.0,0.0,1.0,39.0,11.0,39.0,11.0,Greedy-SLA,Full-CertiTwin-q90,16,5,0.6,0.6,0.6,0.6,0.6
4,4,1,1,0.0,0.0,0.76313806,0.76313806,0.9999999999986896,0.0,0.0,0.0,0.0,1.0,39.0,11.0,39.0,11.0,Greedy-SLA,SLA-Rule-Shield,16,5,0.6,0.6,0.6,0.6,0.6
4,4,1,1,0.0,0.0,0.76313806,0.76313806,0.9999999999986896,0.0,0.0,0.0,0.0,1.0,39.0,11.0,39.0,11.0,Greedy-SLA,Fixed-UCB-1sigma-Shield,16,5,0.6,0.6,0.6,0.6,0.6
4,4,1,1,0.0,0.0,0.76313806,0.76313806,0.9999999999986896,0.0,0.0,0.0,0.0,1.0,39.0,11.0,39.0,11.0,Greedy-SLA,Fixed-UCB-1.64sigma-Shield,16,5,0.6,0.6,0.6,0.6,0.6
0,2,0,1,1.0,0.0,0.76278657,0.6677499,0.875408569397236,1.0,21.0,0.0,0.0,1.0,0.0,29.0,21.0,29.0,DT-Top1,Full-CertiTwin-q90,16,5,0.6,0.6,0.6,0.6,0.6
0,4,0,1,1.0,0.0,0.76278657,0.76313806,1.000460797309265,1.0,57.0,0.0,0.0,1.0,0.0,29.0,39.0,11.0,DT-Top1,SLA-Rule-Shield,16,5,0.6,0.6,0.6,0.6,0.6
0,2,0,1,1.0,0.0,0.76278657,0.6677499,0.875408569397236,1.0,21.0,0.0,0.0,1.0,0.0,29.0,21.0,29.0,DT-Top1,Fixed-UCB-1sigma-Shield,16,5,0.6,0.6,0.6,0.6,0.6
0,2,0,1,1.0,0.0,0.76278657,0.6677499,0.875408569397236,1.0,21.0,0.0,0.0,1.0,0.0,29.0,21.0,29.0,DT-Top1,Fixed-UCB-1.64sigma-Shield,16,5,0.6,0.6,0.6,0.6,0.6
2,2,1,1,0.0,0.0,0.6677499,0.6677499,0.9999999999985024,0.0,0.0,0.0,0.0,1.0,21.0,29.0,21.0,29.0,PF,Full-CertiTwin-q90,17,5,0.6,0.6,0.6,0.6,0.6
2,2,1,1,0.0,0.0,0.6677499,0.6677499,0.9999999999985024,0.0,0.0,0.0,0.0,1.0,21.0,29.0,21.0,29.0,PF,SLA-Rule-Shield,17,5,0.6,0.6,0.6,0.6,0.6
2,2,1,1,0.0,0.0,0.6677499,0.6677499,0.9999999999985024,0.0,0.0,0.0,0.0,1.0,21.0,29.0,21.0,29.0,PF,Fixed-UCB-1sigma-Shield,17,5,0.6,0.6,0.6,0.6,0.6
2,2,1,1,0.0,0.0,0.6677499,0.6677499,0.9999999999985024,0.0,0.0,0.0,0.0,1.0,21.0,29.0,21.0,29.0,PF,Fixed-UCB-1.64sigma-Shield,17,5,0.6,0.6,0.6,0.6,0.6
4,4,1,1,0.0,0.0,0.76313806,0.76313806,0.9999999999986896,0.0,0.0,0.0,0.0,1.0,39.0,11.0,39.0,11.0,Greedy-SLA,Full-CertiTwin-q90,17,5,0.6,0.6,0.6,0.6,0.6
4,4,1,1,0.0,0.0,0.76313806,0.76313806,0.9999999999986896,0.0,0.0,0.0,0.0,1.0,39.0,11.0,39.0,11.0,Greedy-SLA,SLA-Rule-Shield,17,5,0.6,0.6,0.6,0.6,0.6
4,4,1,1,0.0,0.0,0.76313806,0.76313806,0.9999999999986896,0.0,0.0,0.0,0.0,1.0,39.0,11.0,39.0,11.0,Greedy-SLA,Fixed-UCB-1sigma-Shield,17,5,0.6,0.6,0.6,0.6,0.6
4,4,1,1,0.0,0.0,0.76313806,0.76313806,0.9999999999986896,0.0,0.0,0.0,0.0,1.0,39.0,11.0,39.0,11.0,Greedy-SLA,Fixed-UCB-1.64sigma-Shield,17,5,0.6,0.6,0.6,0.6,0.6
0,2,0,1,1.0,0.0,0.77741534,0.6677499,0.8589358424534574,1.0,21.0,0.0,0.0,1.0,0.0,29.0,21.0,29.0,DT-Top1,Full-CertiTwin-q90,17,5,0.6,0.6,0.6,0.6,0.6
0,4,0,1,1.0,0.0,0.77741534,0.76313806,0.981634939180668,1.0,57.0,0.0,0.0,1.0,0.0,29.0,39.0,11.0,DT-Top1,SLA-Rule-Shield,17,5,0.6,0.6,0.6,0.6,0.6
0,2,0,1,1.0,0.0,0.77741534,0.6677499,0.8589358424534574,1.0,21.0,0.0,0.0,1.0,0.0,29.0,21.0,29.0,DT-Top1,Fixed-UCB-1sigma-Shield,17,5,0.6,0.6,0.6,0.6,0.6
0,2,0,1,1.0,0.0,0.77741534,0.6677499,0.8589358424534574,1.0,21.0,0.0,0.0,1.0,0.0,29.0,21.0,29.0,DT-Top1,Fixed-UCB-1.64sigma-Shield,17,5,0.6,0.6,0.6,0.6,0.6
2,2,1,1,0.0,0.0,0.6677499,0.6677499,0.9999999999985024,0.0,0.0,0.0,0.0,1.0,21.0,29.0,21.0,29.0,PF,Full-CertiTwin-q90,18,5,0.6,0.6,0.6,0.6,0.6
2,2,1,1,0.0,0.0,0.6677499,0.6677499,0.9999999999985024,0.0,0.0,0.0,0.0,1.0,21.0,29.0,21.0,29.0,PF,SLA-Rule-Shield,18,5,0.6,0.6,0.6,0.6,0.6
2,2,1,1,0.0,0.0,0.6677499,0.6677499,0.9999999999985024,0.0,0.0,0.0,0.0,1.0,21.0,29.0,21.0,29.0,PF,Fixed-UCB-1sigma-Shield,18,5,0.6,0.6,0.6,0.6,0.6
2,2,1,1,0.0,0.0,0.6677499,0.6677499,0.9999999999985024,0.0,0.0,0.0,0.0,1.0,21.0,29.0,21.0,29.0,PF,Fixed-UCB-1.64sigma-Shield,18,5,0.6,0.6,0.6,0.6,0.6
4,4,1,1,0.0,0.0,0.76313806,0.76313806,0.9999999999986896,0.0,0.0,0.0,0.0,1.0,39.0,11.0,39.0,11.0,Greedy-SLA,Full-CertiTwin-q90,18,5,0.6,0.6,0.6,0.6,0.6
4,4,1,1,0.0,0.0,0.76313806,0.76313806,0.9999999999986896,0.0,0.0,0.0,0.0,1.0,39.0,11.0,39.0,11.0,Greedy-SLA,SLA-Rule-Shield,18,5,0.6,0.6,0.6,0.6,0.6
4,4,1,1,0.0,0.0,0.76313806,0.76313806,0.9999999999986896,0.0,0.0,0.0,0.0,1.0,39.0,11.0,39.0,11.0,Greedy-SLA,Fixed-UCB-1sigma-Shield,18,5,0.6,0.6,0.6,0.6,0.6
4,4,1,1,0.0,0.0,0.76313806,0.76313806,0.9999999999986896,0.0,0.0,0.0,0.0,1.0,39.0,11.0,39.0,11.0,Greedy-SLA,Fixed-UCB-1.64sigma-Shield,18,5,0.6,0.6,0.6,0.6,0.6
0,2,0,1,1.0,0.0,0.76278657,0.6677499,0.875408569397236,1.0,21.0,0.0,0.0,1.0,0.0,29.0,21.0,29.0,DT-Top1,Full-CertiTwin-q90,18,5,0.6,0.6,0.6,0.6,0.6
0,4,0,1,1.0,0.0,0.76278657,0.76313806,1.000460797309265,1.0,57.0,0.0,0.0,1.0,0.0,29.0,39.0,11.0,DT-Top1,SLA-Rule-Shield,18,5,0.6,0.6,0.6,0.6,0.6
0,2,0,1,1.0,0.0,0.76278657,0.6677499,0.875408569397236,1.0,21.0,0.0,0.0,1.0,0.0,29.0,21.0,29.0,DT-Top1,Fixed-UCB-1sigma-Shield,18,5,0.6,0.6,0.6,0.6,0.6
0,2,0,1,1.0,0.0,0.76278657,0.6677499,0.875408569397236,1.0,21.0,0.0,0.0,1.0,0.0,29.0,21.0,29.0,DT-Top1,Fixed-UCB-1.64sigma-Shield,18,5,0.6,0.6,0.6,0.6,0.6
2,2,1,1,0.0,0.0,0.6677499,0.6677499,0.9999999999985024,0.0,0.0,0.0,0.0,1.0,21.0,29.0,21.0,29.0,PF,Full-CertiTwin-q90,19,5,0.6,0.6,0.6,0.6,0.6
2,2,1,1,0.0,0.0,0.6677499,0.6677499,0.9999999999985024,0.0,0.0,0.0,0.0,1.0,21.0,29.0,21.0,29.0,PF,SLA-Rule-Shield,19,5,0.6,0.6,0.6,0.6,0.6
2,2,1,1,0.0,0.0,0.6677499,0.6677499,0.9999999999985024,0.0,0.0,0.0,0.0,1.0,21.0,29.0,21.0,29.0,PF,Fixed-UCB-1sigma-Shield,19,5,0.6,0.6,0.6,0.6,0.6
2,2,1,1,0.0,0.0,0.6677499,0.6677499,0.9999999999985024,0.0,0.0,0.0,0.0,1.0,21.0,29.0,21.0,29.0,PF,Fixed-UCB-1.64sigma-Shield,19,5,0.6,0.6,0.6,0.6,0.6
4,4,1,1,0.0,0.0,0.76313806,0.76313806,0.9999999999986896,0.0,0.0,0.0,0.0,1.0,39.0,11.0,39.0,11.0,Greedy-SLA,Full-CertiTwin-q90,19,5,0.6,0.6,0.6,0.6,0.6
4,4,1,1,0.0,0.0,0.76313806,0.76313806,0.9999999999986896,0.0,0.0,0.0,0.0,1.0,39.0,11.0,39.0,11.0,Greedy-SLA,SLA-Rule-Shield,19,5,0.6,0.6,0.6,0.6,0.6
4,4,1,1,0.0,0.0,0.76313806,0.76313806,0.9999999999986896,0.0,0.0,0.0,0.0,1.0,39.0,11.0,39.0,11.0,Greedy-SLA,Fixed-UCB-1sigma-Shield,19,5,0.6,0.6,0.6,0.6,0.6
4,4,1,1,0.0,0.0,0.76313806,0.76313806,0.9999999999986896,0.0,0.0,0.0,0.0,1.0,39.0,11.0,39.0,11.0,Greedy-SLA,Fixed-UCB-1.64sigma-Shield,19,5,0.6,0.6,0.6,0.6,0.6
4,4,1,1,0.0,0.0,0.76313806,0.76313806,0.9999999999986896,0.0,0.0,0.0,0.0,1.0,39.0,11.0,39.0,11.0,DT-Top1,Full-CertiTwin-q90,19,5,0.6,0.6,0.6,0.6,0.6
4,4,1,1,0.0,0.0,0.76313806,0.76313806,0.9999999999986896,0.0,0.0,0.0,0.0,1.0,39.0,11.0,39.0,11.0,DT-Top1,SLA-Rule-Shield,19,5,0.6,0.6,0.6,0.6,0.6
4,4,1,1,0.0,0.0,0.76313806,0.76313806,0.9999999999986896,0.0,0.0,0.0,0.0,1.0,39.0,11.0,39.0,11.0,DT-Top1,Fixed-UCB-1sigma-Shield,19,5,0.6,0.6,0.6,0.6,0.6
4,4,1,1,0.0,0.0,0.76313806,0.76313806,0.9999999999986896,0.0,0.0,0.0,0.0,1.0,39.0,11.0,39.0,11.0,DT-Top1,Fixed-UCB-1.64sigma-Shield,19,5,0.6,0.6,0.6,0.6,0.6
2,2,1,1,0.0,0.0,0.6677499,0.6677499,0.9999999999985024,0.0,0.0,0.0,0.0,1.0,21.0,29.0,21.0,29.0,PF,Full-CertiTwin-q90,20,5,0.6,0.6,0.6,0.6,0.6
2,2,1,1,0.0,0.0,0.6677499,0.6677499,0.9999999999985024,0.0,0.0,0.0,0.0,1.0,21.0,29.0,21.0,29.0,PF,SLA-Rule-Shield,20,5,0.6,0.6,0.6,0.6,0.6
2,2,1,1,0.0,0.0,0.6677499,0.6677499,0.9999999999985024,0.0,0.0,0.0,0.0,1.0,21.0,29.0,21.0,29.0,PF,Fixed-UCB-1sigma-Shield,20,5,0.6,0.6,0.6,0.6,0.6
2,2,1,1,0.0,0.0,0.6677499,0.6677499,0.9999999999985024,0.0,0.0,0.0,0.0,1.0,21.0,29.0,21.0,29.0,PF,Fixed-UCB-1.64sigma-Shield,20,5,0.6,0.6,0.6,0.6,0.6
4,4,1,1,0.0,0.0,0.76313806,0.76313806,0.9999999999986896,0.0,0.0,0.0,0.0,1.0,39.0,11.0,39.0,11.0,Greedy-SLA,Full-CertiTwin-q90,20,5,0.6,0.6,0.6,0.6,0.6
4,4,1,1,0.0,0.0,0.76313806,0.76313806,0.9999999999986896,0.0,0.0,0.0,0.0,1.0,39.0,11.0,39.0,11.0,Greedy-SLA,SLA-Rule-Shield,20,5,0.6,0.6,0.6,0.6,0.6
4,4,1,1,0.0,0.0,0.76313806,0.76313806,0.9999999999986896,0.0,0.0,0.0,0.0,1.0,39.0,11.0,39.0,11.0,Greedy-SLA,Fixed-UCB-1sigma-Shield,20,5,0.6,0.6,0.6,0.6,0.6
4,4,1,1,0.0,0.0,0.76313806,0.76313806,0.9999999999986896,0.0,0.0,0.0,0.0,1.0,39.0,11.0,39.0,11.0,Greedy-SLA,Fixed-UCB-1.64sigma-Shield,20,5,0.6,0.6,0.6,0.6,0.6
0,2,0,1,1.0,0.0,0.76278657,0.6677499,0.875408569397236,1.0,21.0,0.0,0.0,1.0,0.0,29.0,21.0,29.0,DT-Top1,Full-CertiTwin-q90,20,5,0.6,0.6,0.6,0.6,0.6
0,4,0,1,1.0,0.0,0.76278657,0.76313806,1.000460797309265,1.0,57.0,0.0,0.0,1.0,0.0,29.0,39.0,11.0,DT-Top1,SLA-Rule-Shield,20,5,0.6,0.6,0.6,0.6,0.6
0,2,0,1,1.0,0.0,0.76278657,0.6677499,0.875408569397236,1.0,21.0,0.0,0.0,1.0,0.0,29.0,21.0,29.0,DT-Top1,Fixed-UCB-1sigma-Shield,20,5,0.6,0.6,0.6,0.6,0.6
0,2,0,1,1.0,0.0,0.76278657,0.6677499,0.875408569397236,1.0,21.0,0.0,0.0,1.0,0.0,29.0,21.0,29.0,DT-Top1,Fixed-UCB-1.64sigma-Shield,20,5,0.6,0.6,0.6,0.6,0.6
2,2,1,1,0.0,0.0,0.6374081,0.6374081,0.9999999999984313,0.0,0.0,0.0,0.0,1.0,21.0,29.0,21.0,29.0,PF,Full-CertiTwin-q90,21,5,0.6,0.6,0.6,0.6,0.6
2,2,1,1,0.0,0.0,0.6374081,0.6374081,0.9999999999984313,0.0,0.0,0.0,0.0,1.0,21.0,29.0,21.0,29.0,PF,SLA-Rule-Shield,21,5,0.6,0.6,0.6,0.6,0.6
2,2,1,1,0.0,0.0,0.6374081,0.6374081,0.9999999999984313,0.0,0.0,0.0,0.0,1.0,21.0,29.0,21.0,29.0,PF,Fixed-UCB-1sigma-Shield,21,5,0.6,0.6,0.6,0.6,0.6
2,2,1,1,0.0,0.0,0.6374081,0.6374081,0.9999999999984313,0.0,0.0,0.0,0.0,1.0,21.0,29.0,21.0,29.0,PF,Fixed-UCB-1.64sigma-Shield,21,5,0.6,0.6,0.6,0.6,0.6
4,4,1,1,0.0,0.0,0.76313806,0.76313806,0.9999999999986896,0.0,0.0,0.0,0.0,1.0,39.0,11.0,39.0,11.0,Greedy-SLA,Full-CertiTwin-q90,21,5,0.6,0.6,0.6,0.6,0.6
4,4,1,1,0.0,0.0,0.76313806,0.76313806,0.9999999999986896,0.0,0.0,0.0,0.0,1.0,39.0,11.0,39.0,11.0,Greedy-SLA,SLA-Rule-Shield,21,5,0.6,0.6,0.6,0.6,0.6
4,4,1,1,0.0,0.0,0.76313806,0.76313806,0.9999999999986896,0.0,0.0,0.0,0.0,1.0,39.0,11.0,39.0,11.0,Greedy-SLA,Fixed-UCB-1sigma-Shield,21,5,0.6,0.6,0.6,0.6,0.6
4,4,1,1,0.0,0.0,0.76313806,0.76313806,0.9999999999986896,0.0,0.0,0.0,0.0,1.0,39.0,11.0,39.0,11.0,Greedy-SLA,Fixed-UCB-1.64sigma-Shield,21,5,0.6,0.6,0.6,0.6,0.6
4,4,1,1,0.0,0.0,0.76313806,0.76313806,0.9999999999986896,0.0,0.0,0.0,0.0,1.0,39.0,11.0,39.0,11.0,DT-Top1,Full-CertiTwin-q90,21,5,0.6,0.6,0.6,0.6,0.6
4,4,1,1,0.0,0.0,0.76313806,0.76313806,0.9999999999986896,0.0,0.0,0.0,0.0,1.0,39.0,11.0,39.0,11.0,DT-Top1,SLA-Rule-Shield,21,5,0.6,0.6,0.6,0.6,0.6
4,4,1,1,0.0,0.0,0.76313806,0.76313806,0.9999999999986896,0.0,0.0,0.0,0.0,1.0,39.0,11.0,39.0,11.0,DT-Top1,Fixed-UCB-1sigma-Shield,21,5,0.6,0.6,0.6,0.6,0.6
4,4,1,1,0.0,0.0,0.76313806,0.76313806,0.9999999999986896,0.0,0.0,0.0,0.0,1.0,39.0,11.0,39.0,11.0,DT-Top1,Fixed-UCB-1.64sigma-Shield,21,5,0.6,0.6,0.6,0.6,0.6
2,2,1,1,0.0,0.0,0.7186651,0.7186651,0.9999999999986086,0.0,0.0,0.0,0.0,1.0,21.0,29.0,21.0,29.0,PF,Full-CertiTwin-q90,22,5,0.6,0.6,0.6,0.6,0.6
2,2,1,1,0.0,0.0,0.7186651,0.7186651,0.9999999999986086,0.0,0.0,0.0,0.0,1.0,21.0,29.0,21.0,29.0,PF,SLA-Rule-Shield,22,5,0.6,0.6,0.6,0.6,0.6
2,2,1,1,0.0,0.0,0.7186651,0.7186651,0.9999999999986086,0.0,0.0,0.0,0.0,1.0,21.0,29.0,21.0,29.0,PF,Fixed-UCB-1sigma-Shield,22,5,0.6,0.6,0.6,0.6,0.6
2,2,1,1,0.0,0.0,0.7186651,0.7186651,0.9999999999986086,0.0,0.0,0.0,0.0,1.0,21.0,29.0,21.0,29.0,PF,Fixed-UCB-1.64sigma-Shield,22,5,0.6,0.6,0.6,0.6,0.6
4,4,1,1,0.0,0.0,0.76313806,0.76313806,0.9999999999986896,0.0,0.0,0.0,0.0,1.0,39.0,11.0,39.0,11.0,Greedy-SLA,Full-CertiTwin-q90,22,5,0.6,0.6,0.6,0.6,0.6
4,4,1,1,0.0,0.0,0.76313806,0.76313806,0.9999999999986896,0.0,0.0,0.0,0.0,1.0,39.0,11.0,39.0,11.0,Greedy-SLA,SLA-Rule-Shield,22,5,0.6,0.6,0.6,0.6,0.6
4,4,1,1,0.0,0.0,0.76313806,0.76313806,0.9999999999986896,0.0,0.0,0.0,0.0,1.0,39.0,11.0,39.0,11.0,Greedy-SLA,Fixed-UCB-1sigma-Shield,22,5,0.6,0.6,0.6,0.6,0.6
4,4,1,1,0.0,0.0,0.76313806,0.76313806,0.9999999999986896,0.0,0.0,0.0,0.0,1.0,39.0,11.0,39.0,11.0,Greedy-SLA,Fixed-UCB-1.64sigma-Shield,22,5,0.6,0.6,0.6,0.6,0.6
0,2,0,1,1.0,0.0,0.76278657,0.7186651,0.942157515960274,1.0,21.0,0.0,0.0,1.0,0.0,29.0,21.0,29.0,DT-Top1,Full-CertiTwin-q90,22,5,0.6,0.6,0.6,0.6,0.6
0,4,0,1,1.0,0.0,0.76278657,0.76313806,1.000460797309265,1.0,57.0,0.0,0.0,1.0,0.0,29.0,39.0,11.0,DT-Top1,SLA-Rule-Shield,22,5,0.6,0.6,0.6,0.6,0.6
0,2,0,1,1.0,0.0,0.76278657,0.7186651,0.942157515960274,1.0,21.0,0.0,0.0,1.0,0.0,29.0,21.0,29.0,DT-Top1,Fixed-UCB-1sigma-Shield,22,5,0.6,0.6,0.6,0.6,0.6
0,2,0,1,1.0,0.0,0.76278657,0.7186651,0.942157515960274,1.0,21.0,0.0,0.0,1.0,0.0,29.0,21.0,29.0,DT-Top1,Fixed-UCB-1.64sigma-Shield,22,5,0.6,0.6,0.6,0.6,0.6
2,2,1,1,0.0,0.0,0.6677499,0.6677499,0.9999999999985024,0.0,0.0,0.0,0.0,1.0,21.0,29.0,21.0,29.0,PF,Full-CertiTwin-q90,23,5,0.6,0.6,0.6,0.6,0.6
2,2,1,1,0.0,0.0,0.6677499,0.6677499,0.9999999999985024,0.0,0.0,0.0,0.0,1.0,21.0,29.0,21.0,29.0,PF,SLA-Rule-Shield,23,5,0.6,0.6,0.6,0.6,0.6
2,2,1,1,0.0,0.0,0.6677499,0.6677499,0.9999999999985024,0.0,0.0,0.0,0.0,1.0,21.0,29.0,21.0,29.0,PF,Fixed-UCB-1sigma-Shield,23,5,0.6,0.6,0.6,0.6,0.6
2,2,1,1,0.0,0.0,0.6677499,0.6677499,0.9999999999985024,0.0,0.0,0.0,0.0,1.0,21.0,29.0,21.0,29.0,PF,Fixed-UCB-1.64sigma-Shield,23,5,0.6,0.6,0.6,0.6,0.6
4,4,1,1,0.0,0.0,0.76313806,0.76313806,0.9999999999986896,0.0,0.0,0.0,0.0,1.0,39.0,11.0,39.0,11.0,Greedy-SLA,Full-CertiTwin-q90,23,5,0.6,0.6,0.6,0.6,0.6
4,4,1,1,0.0,0.0,0.76313806,0.76313806,0.9999999999986896,0.0,0.0,0.0,0.0,1.0,39.0,11.0,39.0,11.0,Greedy-SLA,SLA-Rule-Shield,23,5,0.6,0.6,0.6,0.6,0.6
4,4,1,1,0.0,0.0,0.76313806,0.76313806,0.9999999999986896,0.0,0.0,0.0,0.0,1.0,39.0,11.0,39.0,11.0,Greedy-SLA,Fixed-UCB-1sigma-Shield,23,5,0.6,0.6,0.6,0.6,0.6
4,4,1,1,0.0,0.0,0.76313806,0.76313806,0.9999999999986896,0.0,0.0,0.0,0.0,1.0,39.0,11.0,39.0,11.0,Greedy-SLA,Fixed-UCB-1.64sigma-Shield,23,5,0.6,0.6,0.6,0.6,0.6
0,2,0,1,1.0,0.0,0.76278657,0.6677499,0.875408569397236,1.0,21.0,0.0,0.0,1.0,0.0,29.0,21.0,29.0,DT-Top1,Full-CertiTwin-q90,23,5,0.6,0.6,0.6,0.6,0.6
0,4,0,1,1.0,0.0,0.76278657,0.76313806,1.000460797309265,1.0,57.0,0.0,0.0,1.0,0.0,29.0,39.0,11.0,DT-Top1,SLA-Rule-Shield,23,5,0.6,0.6,0.6,0.6,0.6
0,2,0,1,1.0,0.0,0.76278657,0.6677499,0.875408569397236,1.0,21.0,0.0,0.0,1.0,0.0,29.0,21.0,29.0,DT-Top1,Fixed-UCB-1sigma-Shield,23,5,0.6,0.6,0.6,0.6,0.6
0,2,0,1,1.0,0.0,0.76278657,0.6677499,0.875408569397236,1.0,21.0,0.0,0.0,1.0,0.0,29.0,21.0,29.0,DT-Top1,Fixed-UCB-1.64sigma-Shield,23,5,0.6,0.6,0.6,0.6,0.6
2,2,1,1,0.0,0.0,0.6677499,0.6677499,0.9999999999985024,0.0,0.0,0.0,0.0,1.0,21.0,29.0,21.0,29.0,PF,Full-CertiTwin-q90,24,5,0.6,0.6,0.6,0.6,0.6
2,2,1,1,0.0,0.0,0.6677499,0.6677499,0.9999999999985024,0.0,0.0,0.0,0.0,1.0,21.0,29.0,21.0,29.0,PF,SLA-Rule-Shield,24,5,0.6,0.6,0.6,0.6,0.6
2,2,1,1,0.0,0.0,0.6677499,0.6677499,0.9999999999985024,0.0,0.0,0.0,0.0,1.0,21.0,29.0,21.0,29.0,PF,Fixed-UCB-1sigma-Shield,24,5,0.6,0.6,0.6,0.6,0.6
2,2,1,1,0.0,0.0,0.6677499,0.6677499,0.9999999999985024,0.0,0.0,0.0,0.0,1.0,21.0,29.0,21.0,29.0,PF,Fixed-UCB-1.64sigma-Shield,24,5,0.6,0.6,0.6,0.6,0.6
4,4,1,1,0.0,0.0,0.76313806,0.76313806,0.9999999999986896,0.0,0.0,0.0,0.0,1.0,39.0,11.0,39.0,11.0,Greedy-SLA,Full-CertiTwin-q90,24,5,0.6,0.6,0.6,0.6,0.6
4,4,1,1,0.0,0.0,0.76313806,0.76313806,0.9999999999986896,0.0,0.0,0.0,0.0,1.0,39.0,11.0,39.0,11.0,Greedy-SLA,SLA-Rule-Shield,24,5,0.6,0.6,0.6,0.6,0.6
4,4,1,1,0.0,0.0,0.76313806,0.76313806,0.9999999999986896,0.0,0.0,0.0,0.0,1.0,39.0,11.0,39.0,11.0,Greedy-SLA,Fixed-UCB-1sigma-Shield,24,5,0.6,0.6,0.6,0.6,0.6
4,4,1,1,0.0,0.0,0.76313806,0.76313806,0.9999999999986896,0.0,0.0,0.0,0.0,1.0,39.0,11.0,39.0,11.0,Greedy-SLA,Fixed-UCB-1.64sigma-Shield,24,5,0.6,0.6,0.6,0.6,0.6
0,2,0,1,1.0,0.0,0.7864371,0.6677499,0.8490823995957858,1.0,21.0,0.0,0.0,1.0,0.0,29.0,21.0,29.0,DT-Top1,Full-CertiTwin-q90,24,5,0.6,0.6,0.6,0.6,0.6
0,4,0,1,1.0,0.0,0.7864371,0.76313806,0.970373930730162,1.0,57.0,0.0,0.0,1.0,0.0,29.0,39.0,11.0,DT-Top1,SLA-Rule-Shield,24,5,0.6,0.6,0.6,0.6,0.6
0,2,0,1,1.0,0.0,0.7864371,0.6677499,0.8490823995957858,1.0,21.0,0.0,0.0,1.0,0.0,29.0,21.0,29.0,DT-Top1,Fixed-UCB-1sigma-Shield,24,5,0.6,0.6,0.6,0.6,0.6
0,2,0,1,1.0,0.0,0.7864371,0.6677499,0.8490823995957858,1.0,21.0,0.0,0.0,1.0,0.0,29.0,21.0,29.0,DT-Top1,Fixed-UCB-1.64sigma-Shield,24,5,0.6,0.6,0.6,0.6,0.6
2,2,1,1,0.0,0.0,0.6677499,0.6677499,0.9999999999985024,0.0,0.0,0.0,0.0,1.0,21.0,29.0,21.0,29.0,PF,Full-CertiTwin-q90,25,5,0.6,0.6,0.6,0.6,0.6
2,2,1,1,0.0,0.0,0.6677499,0.6677499,0.9999999999985024,0.0,0.0,0.0,0.0,1.0,21.0,29.0,21.0,29.0,PF,SLA-Rule-Shield,25,5,0.6,0.6,0.6,0.6,0.6
2,2,1,1,0.0,0.0,0.6677499,0.6677499,0.9999999999985024,0.0,0.0,0.0,0.0,1.0,21.0,29.0,21.0,29.0,PF,Fixed-UCB-1sigma-Shield,25,5,0.6,0.6,0.6,0.6,0.6
2,2,1,1,0.0,0.0,0.6677499,0.6677499,0.9999999999985024,0.0,0.0,0.0,0.0,1.0,21.0,29.0,21.0,29.0,PF,Fixed-UCB-1.64sigma-Shield,25,5,0.6,0.6,0.6,0.6,0.6
4,4,1,1,0.0,0.0,0.76313806,0.76313806,0.9999999999986896,0.0,0.0,0.0,0.0,1.0,39.0,11.0,39.0,11.0,Greedy-SLA,Full-CertiTwin-q90,25,5,0.6,0.6,0.6,0.6,0.6
4,4,1,1,0.0,0.0,0.76313806,0.76313806,0.9999999999986896,0.0,0.0,0.0,0.0,1.0,39.0,11.0,39.0,11.0,Greedy-SLA,SLA-Rule-Shield,25,5,0.6,0.6,0.6,0.6,0.6
4,4,1,1,0.0,0.0,0.76313806,0.76313806,0.9999999999986896,0.0,0.0,0.0,0.0,1.0,39.0,11.0,39.0,11.0,Greedy-SLA,Fixed-UCB-1sigma-Shield,25,5,0.6,0.6,0.6,0.6,0.6
4,4,1,1,0.0,0.0,0.76313806,0.76313806,0.9999999999986896,0.0,0.0,0.0,0.0,1.0,39.0,11.0,39.0,11.0,Greedy-SLA,Fixed-UCB-1.64sigma-Shield,25,5,0.6,0.6,0.6,0.6,0.6
0,2,0,1,1.0,0.0,0.7864371,0.6677499,0.8490823995957858,1.0,21.0,0.0,0.0,1.0,0.0,29.0,21.0,29.0,DT-Top1,Full-CertiTwin-q90,25,5,0.6,0.6,0.6,0.6,0.6
0,4,0,1,1.0,0.0,0.7864371,0.76313806,0.970373930730162,1.0,57.0,0.0,0.0,1.0,0.0,29.0,39.0,11.0,DT-Top1,SLA-Rule-Shield,25,5,0.6,0.6,0.6,0.6,0.6
0,2,0,1,1.0,0.0,0.7864371,0.6677499,0.8490823995957858,1.0,21.0,0.0,0.0,1.0,0.0,29.0,21.0,29.0,DT-Top1,Fixed-UCB-1sigma-Shield,25,5,0.6,0.6,0.6,0.6,0.6
0,2,0,1,1.0,0.0,0.7864371,0.6677499,0.8490823995957858,1.0,21.0,0.0,0.0,1.0,0.0,29.0,21.0,29.0,DT-Top1,Fixed-UCB-1.64sigma-Shield,25,5,0.6,0.6,0.6,0.6,0.6
2,2,1,1,0.0,0.0,0.6677499,0.6677499,0.9999999999985024,0.0,0.0,0.0,0.0,1.0,21.0,29.0,21.0,29.0,PF,Full-CertiTwin-q90,26,5,0.6,0.6,0.6,0.6,0.6
2,2,1,1,0.0,0.0,0.6677499,0.6677499,0.9999999999985024,0.0,0.0,0.0,0.0,1.0,21.0,29.0,21.0,29.0,PF,SLA-Rule-Shield,26,5,0.6,0.6,0.6,0.6,0.6
2,2,1,1,0.0,0.0,0.6677499,0.6677499,0.9999999999985024,0.0,0.0,0.0,0.0,1.0,21.0,29.0,21.0,29.0,PF,Fixed-UCB-1sigma-Shield,26,5,0.6,0.6,0.6,0.6,0.6
2,2,1,1,0.0,0.0,0.6677499,0.6677499,0.9999999999985024,0.0,0.0,0.0,0.0,1.0,21.0,29.0,21.0,29.0,PF,Fixed-UCB-1.64sigma-Shield,26,5,0.6,0.6,0.6,0.6,0.6
4,4,1,1,0.0,0.0,0.76313806,0.76313806,0.9999999999986896,0.0,0.0,0.0,0.0,1.0,39.0,11.0,39.0,11.0,Greedy-SLA,Full-CertiTwin-q90,26,5,0.6,0.6,0.6,0.6,0.6
4,4,1,1,0.0,0.0,0.76313806,0.76313806,0.9999999999986896,0.0,0.0,0.0,0.0,1.0,39.0,11.0,39.0,11.0,Greedy-SLA,SLA-Rule-Shield,26,5,0.6,0.6,0.6,0.6,0.6
4,4,1,1,0.0,0.0,0.76313806,0.76313806,0.9999999999986896,0.0,0.0,0.0,0.0,1.0,39.0,11.0,39.0,11.0,Greedy-SLA,Fixed-UCB-1sigma-Shield,26,5,0.6,0.6,0.6,0.6,0.6
4,4,1,1,0.0,0.0,0.76313806,0.76313806,0.9999999999986896,0.0,0.0,0.0,0.0,1.0,39.0,11.0,39.0,11.0,Greedy-SLA,Fixed-UCB-1.64sigma-Shield,26,5,0.6,0.6,0.6,0.6,0.6
0,2,0,1,1.0,0.0,0.77741534,0.6677499,0.8589358424534574,1.0,21.0,0.0,0.0,1.0,0.0,29.0,21.0,29.0,DT-Top1,Full-CertiTwin-q90,26,5,0.6,0.6,0.6,0.6,0.6
0,4,0,1,1.0,0.0,0.77741534,0.76313806,0.981634939180668,1.0,57.0,0.0,0.0,1.0,0.0,29.0,39.0,11.0,DT-Top1,SLA-Rule-Shield,26,5,0.6,0.6,0.6,0.6,0.6
0,2,0,1,1.0,0.0,0.77741534,0.6677499,0.8589358424534574,1.0,21.0,0.0,0.0,1.0,0.0,29.0,21.0,29.0,DT-Top1,Fixed-UCB-1sigma-Shield,26,5,0.6,0.6,0.6,0.6,0.6
0,2,0,1,1.0,0.0,0.77741534,0.6677499,0.8589358424534574,1.0,21.0,0.0,0.0,1.0,0.0,29.0,21.0,29.0,DT-Top1,Fixed-UCB-1.64sigma-Shield,26,5,0.6,0.6,0.6,0.6,0.6
2,2,1,1,0.0,0.0,0.6677499,0.6677499,0.9999999999985024,0.0,0.0,0.0,0.0,1.0,21.0,29.0,21.0,29.0,PF,Full-CertiTwin-q90,27,5,0.6,0.6,0.6,0.6,0.6
2,2,1,1,0.0,0.0,0.6677499,0.6677499,0.9999999999985024,0.0,0.0,0.0,0.0,1.0,21.0,29.0,21.0,29.0,PF,SLA-Rule-Shield,27,5,0.6,0.6,0.6,0.6,0.6
2,2,1,1,0.0,0.0,0.6677499,0.6677499,0.9999999999985024,0.0,0.0,0.0,0.0,1.0,21.0,29.0,21.0,29.0,PF,Fixed-UCB-1sigma-Shield,27,5,0.6,0.6,0.6,0.6,0.6
2,2,1,1,0.0,0.0,0.6677499,0.6677499,0.9999999999985024,0.0,0.0,0.0,0.0,1.0,21.0,29.0,21.0,29.0,PF,Fixed-UCB-1.64sigma-Shield,27,5,0.6,0.6,0.6,0.6,0.6
4,4,1,1,0.0,0.0,0.76313806,0.76313806,0.9999999999986896,0.0,0.0,0.0,0.0,1.0,39.0,11.0,39.0,11.0,Greedy-SLA,Full-CertiTwin-q90,27,5,0.6,0.6,0.6,0.6,0.6
4,4,1,1,0.0,0.0,0.76313806,0.76313806,0.9999999999986896,0.0,0.0,0.0,0.0,1.0,39.0,11.0,39.0,11.0,Greedy-SLA,SLA-Rule-Shield,27,5,0.6,0.6,0.6,0.6,0.6
4,4,1,1,0.0,0.0,0.76313806,0.76313806,0.9999999999986896,0.0,0.0,0.0,0.0,1.0,39.0,11.0,39.0,11.0,Greedy-SLA,Fixed-UCB-1sigma-Shield,27,5,0.6,0.6,0.6,0.6,0.6
4,4,1,1,0.0,0.0,0.76313806,0.76313806,0.9999999999986896,0.0,0.0,0.0,0.0,1.0,39.0,11.0,39.0,11.0,Greedy-SLA,Fixed-UCB-1.64sigma-Shield,27,5,0.6,0.6,0.6,0.6,0.6
4,4,1,1,0.0,0.0,0.76313806,0.76313806,0.9999999999986896,0.0,0.0,0.0,0.0,1.0,39.0,11.0,39.0,11.0,DT-Top1,Full-CertiTwin-q90,27,5,0.6,0.6,0.6,0.6,0.6
4,4,1,1,0.0,0.0,0.76313806,0.76313806,0.9999999999986896,0.0,0.0,0.0,0.0,1.0,39.0,11.0,39.0,11.0,DT-Top1,SLA-Rule-Shield,27,5,0.6,0.6,0.6,0.6,0.6
4,4,1,1,0.0,0.0,0.76313806,0.76313806,0.9999999999986896,0.0,0.0,0.0,0.0,1.0,39.0,11.0,39.0,11.0,DT-Top1,Fixed-UCB-1sigma-Shield,27,5,0.6,0.6,0.6,0.6,0.6
4,4,1,1,0.0,0.0,0.76313806,0.76313806,0.9999999999986896,0.0,0.0,0.0,0.0,1.0,39.0,11.0,39.0,11.0,DT-Top1,Fixed-UCB-1.64sigma-Shield,27,5,0.6,0.6,0.6,0.6,0.6
2,2,1,1,0.0,0.0,0.6677499,0.6677499,0.9999999999985024,0.0,0.0,0.0,0.0,1.0,21.0,29.0,21.0,29.0,PF,Full-CertiTwin-q90,28,5,0.6,0.6,0.6,0.6,0.6
2,2,1,1,0.0,0.0,0.6677499,0.6677499,0.9999999999985024,0.0,0.0,0.0,0.0,1.0,21.0,29.0,21.0,29.0,PF,SLA-Rule-Shield,28,5,0.6,0.6,0.6,0.6,0.6
2,2,1,1,0.0,0.0,0.6677499,0.6677499,0.9999999999985024,0.0,0.0,0.0,0.0,1.0,21.0,29.0,21.0,29.0,PF,Fixed-UCB-1sigma-Shield,28,5,0.6,0.6,0.6,0.6,0.6
2,2,1,1,0.0,0.0,0.6677499,0.6677499,0.9999999999985024,0.0,0.0,0.0,0.0,1.0,21.0,29.0,21.0,29.0,PF,Fixed-UCB-1.64sigma-Shield,28,5,0.6,0.6,0.6,0.6,0.6
0,2,0,1,1.0,0.0,0.76278657,0.6677499,0.875408569397236,1.0,21.0,0.0,0.0,1.0,0.0,29.0,21.0,29.0,Greedy-SLA,Full-CertiTwin-q90,28,5,0.6,0.6,0.6,0.6,0.6
0,4,0,1,1.0,0.0,0.76278657,0.76313806,1.000460797309265,1.0,57.0,0.0,0.0,1.0,0.0,29.0,39.0,11.0,Greedy-SLA,SLA-Rule-Shield,28,5,0.6,0.6,0.6,0.6,0.6
0,2,0,1,1.0,0.0,0.76278657,0.6677499,0.875408569397236,1.0,21.0,0.0,0.0,1.0,0.0,29.0,21.0,29.0,Greedy-SLA,Fixed-UCB-1sigma-Shield,28,5,0.6,0.6,0.6,0.6,0.6
0,2,0,1,1.0,0.0,0.76278657,0.6677499,0.875408569397236,1.0,21.0,0.0,0.0,1.0,0.0,29.0,21.0,29.0,Greedy-SLA,Fixed-UCB-1.64sigma-Shield,28,5,0.6,0.6,0.6,0.6,0.6
0,2,0,1,1.0,0.0,0.76278657,0.6677499,0.875408569397236,1.0,21.0,0.0,0.0,1.0,0.0,29.0,21.0,29.0,DT-Top1,Full-CertiTwin-q90,28,5,0.6,0.6,0.6,0.6,0.6
0,4,0,1,1.0,0.0,0.76278657,0.76313806,1.000460797309265,1.0,57.0,0.0,0.0,1.0,0.0,29.0,39.0,11.0,DT-Top1,SLA-Rule-Shield,28,5,0.6,0.6,0.6,0.6,0.6
0,2,0,1,1.0,0.0,0.76278657,0.6677499,0.875408569397236,1.0,21.0,0.0,0.0,1.0,0.0,29.0,21.0,29.0,DT-Top1,Fixed-UCB-1sigma-Shield,28,5,0.6,0.6,0.6,0.6,0.6
0,2,0,1,1.0,0.0,0.76278657,0.6677499,0.875408569397236,1.0,21.0,0.0,0.0,1.0,0.0,29.0,21.0,29.0,DT-Top1,Fixed-UCB-1.64sigma-Shield,28,5,0.6,0.6,0.6,0.6,0.6
2,2,1,1,0.0,0.0,0.6677499,0.6677499,0.9999999999985024,0.0,0.0,0.0,0.0,1.0,21.0,29.0,21.0,29.0,PF,Full-CertiTwin-q90,29,5,0.6,0.6,0.6,0.6,0.6
2,2,1,1,0.0,0.0,0.6677499,0.6677499,0.9999999999985024,0.0,0.0,0.0,0.0,1.0,21.0,29.0,21.0,29.0,PF,SLA-Rule-Shield,29,5,0.6,0.6,0.6,0.6,0.6
2,2,1,1,0.0,0.0,0.6677499,0.6677499,0.9999999999985024,0.0,0.0,0.0,0.0,1.0,21.0,29.0,21.0,29.0,PF,Fixed-UCB-1sigma-Shield,29,5,0.6,0.6,0.6,0.6,0.6
2,2,1,1,0.0,0.0,0.6677499,0.6677499,0.9999999999985024,0.0,0.0,0.0,0.0,1.0,21.0,29.0,21.0,29.0,PF,Fixed-UCB-1.64sigma-Shield,29,5,0.6,0.6,0.6,0.6,0.6
4,4,1,1,0.0,0.0,0.76313806,0.76313806,0.9999999999986896,0.0,0.0,0.0,0.0,1.0,39.0,11.0,39.0,11.0,Greedy-SLA,Full-CertiTwin-q90,29,5,0.6,0.6,0.6,0.6,0.6
4,4,1,1,0.0,0.0,0.76313806,0.76313806,0.9999999999986896,0.0,0.0,0.0,0.0,1.0,39.0,11.0,39.0,11.0,Greedy-SLA,SLA-Rule-Shield,29,5,0.6,0.6,0.6,0.6,0.6
4,4,1,1,0.0,0.0,0.76313806,0.76313806,0.9999999999986896,0.0,0.0,0.0,0.0,1.0,39.0,11.0,39.0,11.0,Greedy-SLA,Fixed-UCB-1sigma-Shield,29,5,0.6,0.6,0.6,0.6,0.6
4,4,1,1,0.0,0.0,0.76313806,0.76313806,0.9999999999986896,0.0,0.0,0.0,0.0,1.0,39.0,11.0,39.0,11.0,Greedy-SLA,Fixed-UCB-1.64sigma-Shield,29,5,0.6,0.6,0.6,0.6,0.6
0,2,0,1,1.0,0.0,0.77741534,0.6677499,0.8589358424534574,1.0,21.0,0.0,0.0,1.0,0.0,29.0,21.0,29.0,DT-Top1,Full-CertiTwin-q90,29,5,0.6,0.6,0.6,0.6,0.6
0,4,0,1,1.0,0.0,0.77741534,0.76313806,0.981634939180668,1.0,57.0,0.0,0.0,1.0,0.0,29.0,39.0,11.0,DT-Top1,SLA-Rule-Shield,29,5,0.6,0.6,0.6,0.6,0.6
0,2,0,1,1.0,0.0,0.77741534,0.6677499,0.8589358424534574,1.0,21.0,0.0,0.0,1.0,0.0,29.0,21.0,29.0,DT-Top1,Fixed-UCB-1sigma-Shield,29,5,0.6,0.6,0.6,0.6,0.6
0,2,0,1,1.0,0.0,0.77741534,0.6677499,0.8589358424534574,1.0,21.0,0.0,0.0,1.0,0.0,29.0,21.0,29.0,DT-Top1,Fixed-UCB-1.64sigma-Shield,29,5,0.6,0.6,0.6,0.6,0.6
2,2,1,1,0.0,0.0,0.6677499,0.6677499,0.9999999999985024,0.0,0.0,0.0,0.0,1.0,21.0,29.0,21.0,29.0,PF,Full-CertiTwin-q90,30,5,0.6,0.6,0.6,0.6,0.6
2,2,1,1,0.0,0.0,0.6677499,0.6677499,0.9999999999985024,0.0,0.0,0.0,0.0,1.0,21.0,29.0,21.0,29.0,PF,SLA-Rule-Shield,30,5,0.6,0.6,0.6,0.6,0.6
2,2,1,1,0.0,0.0,0.6677499,0.6677499,0.9999999999985024,0.0,0.0,0.0,0.0,1.0,21.0,29.0,21.0,29.0,PF,Fixed-UCB-1sigma-Shield,30,5,0.6,0.6,0.6,0.6,0.6
2,2,1,1,0.0,0.0,0.6677499,0.6677499,0.9999999999985024,0.0,0.0,0.0,0.0,1.0,21.0,29.0,21.0,29.0,PF,Fixed-UCB-1.64sigma-Shield,30,5,0.6,0.6,0.6,0.6,0.6
4,4,1,1,0.0,0.0,0.76313806,0.76313806,0.9999999999986896,0.0,0.0,0.0,0.0,1.0,39.0,11.0,39.0,11.0,Greedy-SLA,Full-CertiTwin-q90,30,5,0.6,0.6,0.6,0.6,0.6
4,4,1,1,0.0,0.0,0.76313806,0.76313806,0.9999999999986896,0.0,0.0,0.0,0.0,1.0,39.0,11.0,39.0,11.0,Greedy-SLA,SLA-Rule-Shield,30,5,0.6,0.6,0.6,0.6,0.6
4,4,1,1,0.0,0.0,0.76313806,0.76313806,0.9999999999986896,0.0,0.0,0.0,0.0,1.0,39.0,11.0,39.0,11.0,Greedy-SLA,Fixed-UCB-1sigma-Shield,30,5,0.6,0.6,0.6,0.6,0.6
4,4,1,1,0.0,0.0,0.76313806,0.76313806,0.9999999999986896,0.0,0.0,0.0,0.0,1.0,39.0,11.0,39.0,11.0,Greedy-SLA,Fixed-UCB-1.64sigma-Shield,30,5,0.6,0.6,0.6,0.6,0.6
4,4,1,1,0.0,0.0,0.76313806,0.76313806,0.9999999999986896,0.0,0.0,0.0,0.0,1.0,39.0,11.0,39.0,11.0,DT-Top1,Full-CertiTwin-q90,30,5,0.6,0.6,0.6,0.6,0.6
4,4,1,1,0.0,0.0,0.76313806,0.76313806,0.9999999999986896,0.0,0.0,0.0,0.0,1.0,39.0,11.0,39.0,11.0,DT-Top1,SLA-Rule-Shield,30,5,0.6,0.6,0.6,0.6,0.6
4,4,1,1,0.0,0.0,0.76313806,0.76313806,0.9999999999986896,0.0,0.0,0.0,0.0,1.0,39.0,11.0,39.0,11.0,DT-Top1,Fixed-UCB-1sigma-Shield,30,5,0.6,0.6,0.6,0.6,0.6
4,4,1,1,0.0,0.0,0.76313806,0.76313806,0.9999999999986896,0.0,0.0,0.0,0.0,1.0,39.0,11.0,39.0,11.0,DT-Top1,Fixed-UCB-1.64sigma-Shield,30,5,0.6,0.6,0.6,0.6,0.6
2,2,1,1,0.0,0.0,0.6677499,0.6677499,0.9999999999985024,0.0,0.0,0.0,0.0,1.0,21.0,29.0,21.0,29.0,PF,Full-CertiTwin-q90,31,5,0.6,0.6,0.6,0.6,0.6
2,2,1,1,0.0,0.0,0.6677499,0.6677499,0.9999999999985024,0.0,0.0,0.0,0.0,1.0,21.0,29.0,21.0,29.0,PF,SLA-Rule-Shield,31,5,0.6,0.6,0.6,0.6,0.6
2,2,1,1,0.0,0.0,0.6677499,0.6677499,0.9999999999985024,0.0,0.0,0.0,0.0,1.0,21.0,29.0,21.0,29.0,PF,Fixed-UCB-1sigma-Shield,31,5,0.6,0.6,0.6,0.6,0.6
2,2,1,1,0.0,0.0,0.6677499,0.6677499,0.9999999999985024,0.0,0.0,0.0,0.0,1.0,21.0,29.0,21.0,29.0,PF,Fixed-UCB-1.64sigma-Shield,31,5,0.6,0.6,0.6,0.6,0.6
4,4,1,1,0.0,0.0,0.7777951,0.7777951,0.9999999999987144,0.0,0.0,0.0,0.0,1.0,39.0,11.0,39.0,11.0,Greedy-SLA,Full-CertiTwin-q90,31,5,0.6,0.6,0.6,0.6,0.6
4,4,1,1,0.0,0.0,0.7777951,0.7777951,0.9999999999987144,0.0,0.0,0.0,0.0,1.0,39.0,11.0,39.0,11.0,Greedy-SLA,SLA-Rule-Shield,31,5,0.6,0.6,0.6,0.6,0.6
4,4,1,1,0.0,0.0,0.7777951,0.7777951,0.9999999999987144,0.0,0.0,0.0,0.0,1.0,39.0,11.0,39.0,11.0,Greedy-SLA,Fixed-UCB-1sigma-Shield,31,5,0.6,0.6,0.6,0.6,0.6
4,4,1,1,0.0,0.0,0.7777951,0.7777951,0.9999999999987144,0.0,0.0,0.0,0.0,1.0,39.0,11.0,39.0,11.0,Greedy-SLA,Fixed-UCB-1.64sigma-Shield,31,5,0.6,0.6,0.6,0.6,0.6
4,4,1,1,0.0,0.0,0.7777951,0.7777951,0.9999999999987144,0.0,0.0,0.0,0.0,1.0,39.0,11.0,39.0,11.0,DT-Top1,Full-CertiTwin-q90,31,5,0.6,0.6,0.6,0.6,0.6
4,4,1,1,0.0,0.0,0.7777951,0.7777951,0.9999999999987144,0.0,0.0,0.0,0.0,1.0,39.0,11.0,39.0,11.0,DT-Top1,SLA-Rule-Shield,31,5,0.6,0.6,0.6,0.6,0.6
4,4,1,1,0.0,0.0,0.7777951,0.7777951,0.9999999999987144,0.0,0.0,0.0,0.0,1.0,39.0,11.0,39.0,11.0,DT-Top1,Fixed-UCB-1sigma-Shield,31,5,0.6,0.6,0.6,0.6,0.6
4,4,1,1,0.0,0.0,0.7777951,0.7777951,0.9999999999987144,0.0,0.0,0.0,0.0,1.0,39.0,11.0,39.0,11.0,DT-Top1,Fixed-UCB-1.64sigma-Shield,31,5,0.6,0.6,0.6,0.6,0.6
2,2,1,1,0.0,0.0,0.7186651,0.7186651,0.9999999999986086,0.0,0.0,0.0,0.0,1.0,21.0,29.0,21.0,29.0,PF,Full-CertiTwin-q90,32,5,0.6,0.6,0.6,0.6,0.6
2,2,1,1,0.0,0.0,0.7186651,0.7186651,0.9999999999986086,0.0,0.0,0.0,0.0,1.0,21.0,29.0,21.0,29.0,PF,SLA-Rule-Shield,32,5,0.6,0.6,0.6,0.6,0.6
2,2,1,1,0.0,0.0,0.7186651,0.7186651,0.9999999999986086,0.0,0.0,0.0,0.0,1.0,21.0,29.0,21.0,29.0,PF,Fixed-UCB-1sigma-Shield,32,5,0.6,0.6,0.6,0.6,0.6
2,2,1,1,0.0,0.0,0.7186651,0.7186651,0.9999999999986086,0.0,0.0,0.0,0.0,1.0,21.0,29.0,21.0,29.0,PF,Fixed-UCB-1.64sigma-Shield,32,5,0.6,0.6,0.6,0.6,0.6
4,4,1,1,0.0,0.0,0.76313806,0.76313806,0.9999999999986896,0.0,0.0,0.0,0.0,1.0,39.0,11.0,39.0,11.0,Greedy-SLA,Full-CertiTwin-q90,32,5,0.6,0.6,0.6,0.6,0.6
4,4,1,1,0.0,0.0,0.76313806,0.76313806,0.9999999999986896,0.0,0.0,0.0,0.0,1.0,39.0,11.0,39.0,11.0,Greedy-SLA,SLA-Rule-Shield,32,5,0.6,0.6,0.6,0.6,0.6
4,4,1,1,0.0,0.0,0.76313806,0.76313806,0.9999999999986896,0.0,0.0,0.0,0.0,1.0,39.0,11.0,39.0,11.0,Greedy-SLA,Fixed-UCB-1sigma-Shield,32,5,0.6,0.6,0.6,0.6,0.6
4,4,1,1,0.0,0.0,0.76313806,0.76313806,0.9999999999986896,0.0,0.0,0.0,0.0,1.0,39.0,11.0,39.0,11.0,Greedy-SLA,Fixed-UCB-1.64sigma-Shield,32,5,0.6,0.6,0.6,0.6,0.6
4,4,1,1,0.0,0.0,0.76313806,0.76313806,0.9999999999986896,0.0,0.0,0.0,0.0,1.0,39.0,11.0,39.0,11.0,DT-Top1,Full-CertiTwin-q90,32,5,0.6,0.6,0.6,0.6,0.6
4,4,1,1,0.0,0.0,0.76313806,0.76313806,0.9999999999986896,0.0,0.0,0.0,0.0,1.0,39.0,11.0,39.0,11.0,DT-Top1,SLA-Rule-Shield,32,5,0.6,0.6,0.6,0.6,0.6
4,4,1,1,0.0,0.0,0.76313806,0.76313806,0.9999999999986896,0.0,0.0,0.0,0.0,1.0,39.0,11.0,39.0,11.0,DT-Top1,Fixed-UCB-1sigma-Shield,32,5,0.6,0.6,0.6,0.6,0.6
4,4,1,1,0.0,0.0,0.76313806,0.76313806,0.9999999999986896,0.0,0.0,0.0,0.0,1.0,39.0,11.0,39.0,11.0,DT-Top1,Fixed-UCB-1.64sigma-Shield,32,5,0.6,0.6,0.6,0.6,0.6
2,2,1,1,0.0,0.0,0.6682329,0.6682329,0.9999999999985036,0.0,0.0,0.0,0.0,1.0,21.0,29.0,21.0,29.0,PF,Full-CertiTwin-q90,33,5,0.6,0.6,0.6,0.6,0.6
2,2,1,1,0.0,0.0,0.6682329,0.6682329,0.9999999999985036,0.0,0.0,0.0,0.0,1.0,21.0,29.0,21.0,29.0,PF,SLA-Rule-Shield,33,5,0.6,0.6,0.6,0.6,0.6
2,2,1,1,0.0,0.0,0.6682329,0.6682329,0.9999999999985036,0.0,0.0,0.0,0.0,1.0,21.0,29.0,21.0,29.0,PF,Fixed-UCB-1sigma-Shield,33,5,0.6,0.6,0.6,0.6,0.6
2,2,1,1,0.0,0.0,0.6682329,0.6682329,0.9999999999985036,0.0,0.0,0.0,0.0,1.0,21.0,29.0,21.0,29.0,PF,Fixed-UCB-1.64sigma-Shield,33,5,0.6,0.6,0.6,0.6,0.6
0,2,0,1,1.0,0.0,0.76278657,0.6682329,0.8760417740431953,1.0,21.0,0.0,0.0,1.0,0.0,29.0,21.0,29.0,Greedy-SLA,Full-CertiTwin-q90,33,5,0.6,0.6,0.6,0.6,0.6
0,4,0,1,1.0,0.0,0.76278657,0.76313806,1.000460797309265,1.0,57.0,0.0,0.0,1.0,0.0,29.0,39.0,11.0,Greedy-SLA,SLA-Rule-Shield,33,5,0.6,0.6,0.6,0.6,0.6
0,2,0,1,1.0,0.0,0.76278657,0.6682329,0.8760417740431953,1.0,21.0,0.0,0.0,1.0,0.0,29.0,21.0,29.0,Greedy-SLA,Fixed-UCB-1sigma-Shield,33,5,0.6,0.6,0.6,0.6,0.6
0,2,0,1,1.0,0.0,0.76278657,0.6682329,0.8760417740431953,1.0,21.0,0.0,0.0,1.0,0.0,29.0,21.0,29.0,Greedy-SLA,Fixed-UCB-1.64sigma-Shield,33,5,0.6,0.6,0.6,0.6,0.6
0,2,0,1,1.0,0.0,0.76278657,0.6682329,0.8760417740431953,1.0,21.0,0.0,0.0,1.0,0.0,29.0,21.0,29.0,DT-Top1,Full-CertiTwin-q90,33,5,0.6,0.6,0.6,0.6,0.6
0,4,0,1,1.0,0.0,0.76278657,0.76313806,1.000460797309265,1.0,57.0,0.0,0.0,1.0,0.0,29.0,39.0,11.0,DT-Top1,SLA-Rule-Shield,33,5,0.6,0.6,0.6,0.6,0.6
0,2,0,1,1.0,0.0,0.76278657,0.6682329,0.8760417740431953,1.0,21.0,0.0,0.0,1.0,0.0,29.0,21.0,29.0,DT-Top1,Fixed-UCB-1sigma-Shield,33,5,0.6,0.6,0.6,0.6,0.6
0,2,0,1,1.0,0.0,0.76278657,0.6682329,0.8760417740431953,1.0,21.0,0.0,0.0,1.0,0.0,29.0,21.0,29.0,DT-Top1,Fixed-UCB-1.64sigma-Shield,33,5,0.6,0.6,0.6,0.6,0.6
2,2,1,1,0.0,0.0,0.6677499,0.6677499,0.9999999999985024,0.0,0.0,0.0,0.0,1.0,21.0,29.0,21.0,29.0,PF,Full-CertiTwin-q90,34,5,0.6,0.6,0.6,0.6,0.6
2,2,1,1,0.0,0.0,0.6677499,0.6677499,0.9999999999985024,0.0,0.0,0.0,0.0,1.0,21.0,29.0,21.0,29.0,PF,SLA-Rule-Shield,34,5,0.6,0.6,0.6,0.6,0.6
2,2,1,1,0.0,0.0,0.6677499,0.6677499,0.9999999999985024,0.0,0.0,0.0,0.0,1.0,21.0,29.0,21.0,29.0,PF,Fixed-UCB-1sigma-Shield,34,5,0.6,0.6,0.6,0.6,0.6
2,2,1,1,0.0,0.0,0.6677499,0.6677499,0.9999999999985024,0.0,0.0,0.0,0.0,1.0,21.0,29.0,21.0,29.0,PF,Fixed-UCB-1.64sigma-Shield,34,5,0.6,0.6,0.6,0.6,0.6
4,4,1,1,0.0,0.0,0.7566483,0.7566483,0.9999999999986784,0.0,0.0,0.0,0.0,1.0,39.0,11.0,39.0,11.0,Greedy-SLA,Full-CertiTwin-q90,34,5,0.6,0.6,0.6,0.6,0.6
4,4,1,1,0.0,0.0,0.7566483,0.7566483,0.9999999999986784,0.0,0.0,0.0,0.0,1.0,39.0,11.0,39.0,11.0,Greedy-SLA,SLA-Rule-Shield,34,5,0.6,0.6,0.6,0.6,0.6
4,4,1,1,0.0,0.0,0.7566483,0.7566483,0.9999999999986784,0.0,0.0,0.0,0.0,1.0,39.0,11.0,39.0,11.0,Greedy-SLA,Fixed-UCB-1sigma-Shield,34,5,0.6,0.6,0.6,0.6,0.6
4,4,1,1,0.0,0.0,0.7566483,0.7566483,0.9999999999986784,0.0,0.0,0.0,0.0,1.0,39.0,11.0,39.0,11.0,Greedy-SLA,Fixed-UCB-1.64sigma-Shield,34,5,0.6,0.6,0.6,0.6,0.6
0,2,0,1,1.0,0.0,0.76278657,0.6677499,0.875408569397236,1.0,21.0,0.0,0.0,1.0,0.0,29.0,21.0,29.0,DT-Top1,Full-CertiTwin-q90,34,5,0.6,0.6,0.6,0.6,0.6
0,4,0,1,1.0,0.0,0.76278657,0.7566483,0.9919528341971308,1.0,57.0,0.0,0.0,1.0,0.0,29.0,39.0,11.0,DT-Top1,SLA-Rule-Shield,34,5,0.6,0.6,0.6,0.6,0.6
0,2,0,1,1.0,0.0,0.76278657,0.6677499,0.875408569397236,1.0,21.0,0.0,0.0,1.0,0.0,29.0,21.0,29.0,DT-Top1,Fixed-UCB-1sigma-Shield,34,5,0.6,0.6,0.6,0.6,0.6
0,2,0,1,1.0,0.0,0.76278657,0.6677499,0.875408569397236,1.0,21.0,0.0,0.0,1.0,0.0,29.0,21.0,29.0,DT-Top1,Fixed-UCB-1.64sigma-Shield,34,5,0.6,0.6,0.6,0.6,0.6
2,2,1,1,0.0,0.0,0.6677499,0.6677499,0.9999999999985024,0.0,0.0,0.0,0.0,1.0,21.0,29.0,21.0,29.0,PF,Full-CertiTwin-q90,35,5,0.6,0.6,0.6,0.6,0.6
2,2,1,1,0.0,0.0,0.6677499,0.6677499,0.9999999999985024,0.0,0.0,0.0,0.0,1.0,21.0,29.0,21.0,29.0,PF,SLA-Rule-Shield,35,5,0.6,0.6,0.6,0.6,0.6
2,2,1,1,0.0,0.0,0.6677499,0.6677499,0.9999999999985024,0.0,0.0,0.0,0.0,1.0,21.0,29.0,21.0,29.0,PF,Fixed-UCB-1sigma-Shield,35,5,0.6,0.6,0.6,0.6,0.6
2,2,1,1,0.0,0.0,0.6677499,0.6677499,0.9999999999985024,0.0,0.0,0.0,0.0,1.0,21.0,29.0,21.0,29.0,PF,Fixed-UCB-1.64sigma-Shield,35,5,0.6,0.6,0.6,0.6,0.6
4,4,1,1,0.0,0.0,0.76313806,0.76313806,0.9999999999986896,0.0,0.0,0.0,0.0,1.0,39.0,11.0,39.0,11.0,Greedy-SLA,Full-CertiTwin-q90,35,5,0.6,0.6,0.6,0.6,0.6
4,4,1,1,0.0,0.0,0.76313806,0.76313806,0.9999999999986896,0.0,0.0,0.0,0.0,1.0,39.0,11.0,39.0,11.0,Greedy-SLA,SLA-Rule-Shield,35,5,0.6,0.6,0.6,0.6,0.6
4,4,1,1,0.0,0.0,0.76313806,0.76313806,0.9999999999986896,0.0,0.0,0.0,0.0,1.0,39.0,11.0,39.0,11.0,Greedy-SLA,Fixed-UCB-1sigma-Shield,35,5,0.6,0.6,0.6,0.6,0.6
4,4,1,1,0.0,0.0,0.76313806,0.76313806,0.9999999999986896,0.0,0.0,0.0,0.0,1.0,39.0,11.0,39.0,11.0,Greedy-SLA,Fixed-UCB-1.64sigma-Shield,35,5,0.6,0.6,0.6,0.6,0.6
0,2,0,1,1.0,0.0,0.77050835,0.6677499,0.8666355140721491,1.0,21.0,0.0,0.0,1.0,0.0,29.0,21.0,29.0,DT-Top1,Full-CertiTwin-q90,35,5,0.6,0.6,0.6,0.6,0.6
0,4,0,1,1.0,0.0,0.77050835,0.76313806,0.990434509890788,1.0,57.0,0.0,0.0,1.0,0.0,29.0,39.0,11.0,DT-Top1,SLA-Rule-Shield,35,5,0.6,0.6,0.6,0.6,0.6
0,2,0,1,1.0,0.0,0.77050835,0.6677499,0.8666355140721491,1.0,21.0,0.0,0.0,1.0,0.0,29.0,21.0,29.0,DT-Top1,Fixed-UCB-1sigma-Shield,35,5,0.6,0.6,0.6,0.6,0.6
0,2,0,1,1.0,0.0,0.77050835,0.6677499,0.8666355140721491,1.0,21.0,0.0,0.0,1.0,0.0,29.0,21.0,29.0,DT-Top1,Fixed-UCB-1.64sigma-Shield,35,5,0.6,0.6,0.6,0.6,0.6
2,2,1,1,0.0,0.0,0.6677499,0.6677499,0.9999999999985024,0.0,0.0,0.0,0.0,1.0,21.0,29.0,21.0,29.0,PF,Full-CertiTwin-q90,36,5,0.6,0.6,0.6,0.6,0.6
2,2,1,1,0.0,0.0,0.6677499,0.6677499,0.9999999999985024,0.0,0.0,0.0,0.0,1.0,21.0,29.0,21.0,29.0,PF,SLA-Rule-Shield,36,5,0.6,0.6,0.6,0.6,0.6
2,2,1,1,0.0,0.0,0.6677499,0.6677499,0.9999999999985024,0.0,0.0,0.0,0.0,1.0,21.0,29.0,21.0,29.0,PF,Fixed-UCB-1sigma-Shield,36,5,0.6,0.6,0.6,0.6,0.6
2,2,1,1,0.0,0.0,0.6677499,0.6677499,0.9999999999985024,0.0,0.0,0.0,0.0,1.0,21.0,29.0,21.0,29.0,PF,Fixed-UCB-1.64sigma-Shield,36,5,0.6,0.6,0.6,0.6,0.6
4,4,1,1,0.0,0.0,0.7566483,0.7566483,0.9999999999986784,0.0,0.0,0.0,0.0,1.0,39.0,11.0,39.0,11.0,Greedy-SLA,Full-CertiTwin-q90,36,5,0.6,0.6,0.6,0.6,0.6
4,4,1,1,0.0,0.0,0.7566483,0.7566483,0.9999999999986784,0.0,0.0,0.0,0.0,1.0,39.0,11.0,39.0,11.0,Greedy-SLA,SLA-Rule-Shield,36,5,0.6,0.6,0.6,0.6,0.6
4,4,1,1,0.0,0.0,0.7566483,0.7566483,0.9999999999986784,0.0,0.0,0.0,0.0,1.0,39.0,11.0,39.0,11.0,Greedy-SLA,Fixed-UCB-1sigma-Shield,36,5,0.6,0.6,0.6,0.6,0.6
4,4,1,1,0.0,0.0,0.7566483,0.7566483,0.9999999999986784,0.0,0.0,0.0,0.0,1.0,39.0,11.0,39.0,11.0,Greedy-SLA,Fixed-UCB-1.64sigma-Shield,36,5,0.6,0.6,0.6,0.6,0.6
0,2,0,1,1.0,0.0,0.76278657,0.6677499,0.875408569397236,1.0,21.0,0.0,0.0,1.0,0.0,29.0,21.0,29.0,DT-Top1,Full-CertiTwin-q90,36,5,0.6,0.6,0.6,0.6,0.6
0,4,0,1,1.0,0.0,0.76278657,0.7566483,0.9919528341971308,1.0,57.0,0.0,0.0,1.0,0.0,29.0,39.0,11.0,DT-Top1,SLA-Rule-Shield,36,5,0.6,0.6,0.6,0.6,0.6
0,2,0,1,1.0,0.0,0.76278657,0.6677499,0.875408569397236,1.0,21.0,0.0,0.0,1.0,0.0,29.0,21.0,29.0,DT-Top1,Fixed-UCB-1sigma-Shield,36,5,0.6,0.6,0.6,0.6,0.6
0,2,0,1,1.0,0.0,0.76278657,0.6677499,0.875408569397236,1.0,21.0,0.0,0.0,1.0,0.0,29.0,21.0,29.0,DT-Top1,Fixed-UCB-1.64sigma-Shield,36,5,0.6,0.6,0.6,0.6,0.6
2,2,1,1,0.0,0.0,0.6677499,0.6677499,0.9999999999985024,0.0,0.0,0.0,0.0,1.0,21.0,29.0,21.0,29.0,PF,Full-CertiTwin-q90,37,5,0.6,0.6,0.6,0.6,0.6
2,2,1,1,0.0,0.0,0.6677499,0.6677499,0.9999999999985024,0.0,0.0,0.0,0.0,1.0,21.0,29.0,21.0,29.0,PF,SLA-Rule-Shield,37,5,0.6,0.6,0.6,0.6,0.6
2,2,1,1,0.0,0.0,0.6677499,0.6677499,0.9999999999985024,0.0,0.0,0.0,0.0,1.0,21.0,29.0,21.0,29.0,PF,Fixed-UCB-1sigma-Shield,37,5,0.6,0.6,0.6,0.6,0.6
2,2,1,1,0.0,0.0,0.6677499,0.6677499,0.9999999999985024,0.0,0.0,0.0,0.0,1.0,21.0,29.0,21.0,29.0,PF,Fixed-UCB-1.64sigma-Shield,37,5,0.6,0.6,0.6,0.6,0.6
0,2,0,1,1.0,0.0,0.76278657,0.6677499,0.875408569397236,1.0,21.0,0.0,0.0,1.0,0.0,29.0,21.0,29.0,Greedy-SLA,Full-CertiTwin-q90,37,5,0.6,0.6,0.6,0.6,0.6
0,4,0,1,1.0,0.0,0.76278657,0.76313806,1.000460797309265,1.0,57.0,0.0,0.0,1.0,0.0,29.0,39.0,11.0,Greedy-SLA,SLA-Rule-Shield,37,5,0.6,0.6,0.6,0.6,0.6
0,2,0,1,1.0,0.0,0.76278657,0.6677499,0.875408569397236,1.0,21.0,0.0,0.0,1.0,0.0,29.0,21.0,29.0,Greedy-SLA,Fixed-UCB-1sigma-Shield,37,5,0.6,0.6,0.6,0.6,0.6
0,2,0,1,1.0,0.0,0.76278657,0.6677499,0.875408569397236,1.0,21.0,0.0,0.0,1.0,0.0,29.0,21.0,29.0,Greedy-SLA,Fixed-UCB-1.64sigma-Shield,37,5,0.6,0.6,0.6,0.6,0.6
0,2,0,1,1.0,0.0,0.76278657,0.6677499,0.875408569397236,1.0,21.0,0.0,0.0,1.0,0.0,29.0,21.0,29.0,DT-Top1,Full-CertiTwin-q90,37,5,0.6,0.6,0.6,0.6,0.6
0,4,0,1,1.0,0.0,0.76278657,0.76313806,1.000460797309265,1.0,57.0,0.0,0.0,1.0,0.0,29.0,39.0,11.0,DT-Top1,SLA-Rule-Shield,37,5,0.6,0.6,0.6,0.6,0.6
0,2,0,1,1.0,0.0,0.76278657,0.6677499,0.875408569397236,1.0,21.0,0.0,0.0,1.0,0.0,29.0,21.0,29.0,DT-Top1,Fixed-UCB-1sigma-Shield,37,5,0.6,0.6,0.6,0.6,0.6
0,2,0,1,1.0,0.0,0.76278657,0.6677499,0.875408569397236,1.0,21.0,0.0,0.0,1.0,0.0,29.0,21.0,29.0,DT-Top1,Fixed-UCB-1.64sigma-Shield,37,5,0.6,0.6,0.6,0.6,0.6
2,2,1,1,0.0,0.0,0.6677499,0.6677499,0.9999999999985024,0.0,0.0,0.0,0.0,1.0,21.0,29.0,21.0,29.0,PF,Full-CertiTwin-q90,38,5,0.6,0.6,0.6,0.6,0.6
2,2,1,1,0.0,0.0,0.6677499,0.6677499,0.9999999999985024,0.0,0.0,0.0,0.0,1.0,21.0,29.0,21.0,29.0,PF,SLA-Rule-Shield,38,5,0.6,0.6,0.6,0.6,0.6
2,2,1,1,0.0,0.0,0.6677499,0.6677499,0.9999999999985024,0.0,0.0,0.0,0.0,1.0,21.0,29.0,21.0,29.0,PF,Fixed-UCB-1sigma-Shield,38,5,0.6,0.6,0.6,0.6,0.6
2,2,1,1,0.0,0.0,0.6677499,0.6677499,0.9999999999985024,0.0,0.0,0.0,0.0,1.0,21.0,29.0,21.0,29.0,PF,Fixed-UCB-1.64sigma-Shield,38,5,0.6,0.6,0.6,0.6,0.6
4,4,1,1,0.0,0.0,0.76313806,0.76313806,0.9999999999986896,0.0,0.0,0.0,0.0,1.0,39.0,11.0,39.0,11.0,Greedy-SLA,Full-CertiTwin-q90,38,5,0.6,0.6,0.6,0.6,0.6
4,4,1,1,0.0,0.0,0.76313806,0.76313806,0.9999999999986896,0.0,0.0,0.0,0.0,1.0,39.0,11.0,39.0,11.0,Greedy-SLA,SLA-Rule-Shield,38,5,0.6,0.6,0.6,0.6,0.6
4,4,1,1,0.0,0.0,0.76313806,0.76313806,0.9999999999986896,0.0,0.0,0.0,0.0,1.0,39.0,11.0,39.0,11.0,Greedy-SLA,Fixed-UCB-1sigma-Shield,38,5,0.6,0.6,0.6,0.6,0.6
4,4,1,1,0.0,0.0,0.76313806,0.76313806,0.9999999999986896,0.0,0.0,0.0,0.0,1.0,39.0,11.0,39.0,11.0,Greedy-SLA,Fixed-UCB-1.64sigma-Shield,38,5,0.6,0.6,0.6,0.6,0.6
0,2,0,1,1.0,0.0,0.77741534,0.6677499,0.8589358424534574,1.0,21.0,0.0,0.0,1.0,0.0,29.0,21.0,29.0,DT-Top1,Full-CertiTwin-q90,38,5,0.6,0.6,0.6,0.6,0.6
0,4,0,1,1.0,0.0,0.77741534,0.76313806,0.981634939180668,1.0,57.0,0.0,0.0,1.0,0.0,29.0,39.0,11.0,DT-Top1,SLA-Rule-Shield,38,5,0.6,0.6,0.6,0.6,0.6
0,2,0,1,1.0,0.0,0.77741534,0.6677499,0.8589358424534574,1.0,21.0,0.0,0.0,1.0,0.0,29.0,21.0,29.0,DT-Top1,Fixed-UCB-1sigma-Shield,38,5,0.6,0.6,0.6,0.6,0.6
0,2,0,1,1.0,0.0,0.77741534,0.6677499,0.8589358424534574,1.0,21.0,0.0,0.0,1.0,0.0,29.0,21.0,29.0,DT-Top1,Fixed-UCB-1.64sigma-Shield,38,5,0.6,0.6,0.6,0.6,0.6
2,2,1,1,0.0,0.0,0.6677499,0.6677499,0.9999999999985024,0.0,0.0,0.0,0.0,1.0,21.0,29.0,21.0,29.0,PF,Full-CertiTwin-q90,39,5,0.6,0.8,0.6,0.6,0.6
2,2,1,1,0.0,0.0,0.6677499,0.6677499,0.9999999999985024,0.0,0.0,0.0,0.0,1.0,21.0,29.0,21.0,29.0,PF,SLA-Rule-Shield,39,5,0.6,0.8,0.6,0.6,0.6
2,2,1,1,0.0,0.0,0.6677499,0.6677499,0.9999999999985024,0.0,0.0,0.0,0.0,1.0,21.0,29.0,21.0,29.0,PF,Fixed-UCB-1sigma-Shield,39,5,0.6,0.8,0.6,0.6,0.6
2,2,1,1,0.0,0.0,0.6677499,0.6677499,0.9999999999985024,0.0,0.0,0.0,0.0,1.0,21.0,29.0,21.0,29.0,PF,Fixed-UCB-1.64sigma-Shield,39,5,0.6,0.8,0.6,0.6,0.6
4,4,1,1,0.0,0.0,0.76313806,0.76313806,0.9999999999986896,0.0,0.0,0.0,0.0,1.0,39.0,11.0,39.0,11.0,Greedy-SLA,Full-CertiTwin-q90,39,5,0.6,0.8,0.6,0.6,0.6
4,4,1,1,0.0,0.0,0.76313806,0.76313806,0.9999999999986896,0.0,0.0,0.0,0.0,1.0,39.0,11.0,39.0,11.0,Greedy-SLA,SLA-Rule-Shield,39,5,0.6,0.8,0.6,0.6,0.6
4,4,1,1,0.0,0.0,0.76313806,0.76313806,0.9999999999986896,0.0,0.0,0.0,0.0,1.0,39.0,11.0,39.0,11.0,Greedy-SLA,Fixed-UCB-1sigma-Shield,39,5,0.6,0.8,0.6,0.6,0.6
4,4,1,1,0.0,0.0,0.76313806,0.76313806,0.9999999999986896,0.0,0.0,0.0,0.0,1.0,39.0,11.0,39.0,11.0,Greedy-SLA,Fixed-UCB-1.64sigma-Shield,39,5,0.6,0.8,0.6,0.6,0.6
0,2,0,1,1.0,0.0,0.77741534,0.6677499,0.8589358424534574,1.0,21.0,0.0,0.0,1.0,0.0,29.0,21.0,29.0,DT-Top1,Full-CertiTwin-q90,39,5,0.6,0.8,0.6,0.6,0.6
0,0,0,0,1.0,1.0,0.77741534,0.77741534,0.9999999999987136,0.0,0.0,0.0,1.0,1.0,0.0,29.0,0.0,29.0,DT-Top1,SLA-Rule-Shield,39,5,0.6,0.8,0.6,0.6,0.6
0,2,0,1,1.0,0.0,0.77741534,0.6677499,0.8589358424534574,1.0,21.0,0.0,0.0,1.0,0.0,29.0,21.0,29.0,DT-Top1,Fixed-UCB-1sigma-Shield,39,5,0.6,0.8,0.6,0.6,0.6
0,2,0,1,1.0,0.0,0.77741534,0.6677499,0.8589358424534574,1.0,21.0,0.0,0.0,1.0,0.0,29.0,21.0,29.0,DT-Top1,Fixed-UCB-1.64sigma-Shield,39,5,0.6,0.8,0.6,0.6,0.6
2,2,1,1,0.0,0.0,0.6677499,0.6677499,0.9999999999985024,0.0,0.0,0.0,0.0,1.0,21.0,29.0,21.0,29.0,PF,Full-CertiTwin-q90,40,5,0.6,0.6,0.6,0.6,0.6
2,2,1,1,0.0,0.0,0.6677499,0.6677499,0.9999999999985024,0.0,0.0,0.0,0.0,1.0,21.0,29.0,21.0,29.0,PF,SLA-Rule-Shield,40,5,0.6,0.6,0.6,0.6,0.6
2,2,1,1,0.0,0.0,0.6677499,0.6677499,0.9999999999985024,0.0,0.0,0.0,0.0,1.0,21.0,29.0,21.0,29.0,PF,Fixed-UCB-1sigma-Shield,40,5,0.6,0.6,0.6,0.6,0.6
2,2,1,1,0.0,0.0,0.6677499,0.6677499,0.9999999999985024,0.0,0.0,0.0,0.0,1.0,21.0,29.0,21.0,29.0,PF,Fixed-UCB-1.64sigma-Shield,40,5,0.6,0.6,0.6,0.6,0.6
4,4,1,1,0.0,0.0,0.76313806,0.76313806,0.9999999999986896,0.0,0.0,0.0,0.0,1.0,39.0,11.0,39.0,11.0,Greedy-SLA,Full-CertiTwin-q90,40,5,0.6,0.6,0.6,0.6,0.6
4,4,1,1,0.0,0.0,0.76313806,0.76313806,0.9999999999986896,0.0,0.0,0.0,0.0,1.0,39.0,11.0,39.0,11.0,Greedy-SLA,SLA-Rule-Shield,40,5,0.6,0.6,0.6,0.6,0.6
4,4,1,1,0.0,0.0,0.76313806,0.76313806,0.9999999999986896,0.0,0.0,0.0,0.0,1.0,39.0,11.0,39.0,11.0,Greedy-SLA,Fixed-UCB-1sigma-Shield,40,5,0.6,0.6,0.6,0.6,0.6
4,4,1,1,0.0,0.0,0.76313806,0.76313806,0.9999999999986896,0.0,0.0,0.0,0.0,1.0,39.0,11.0,39.0,11.0,Greedy-SLA,Fixed-UCB-1.64sigma-Shield,40,5,0.6,0.6,0.6,0.6,0.6
0,2,0,1,1.0,0.0,0.77741534,0.6677499,0.8589358424534574,1.0,21.0,0.0,0.0,1.0,0.0,29.0,21.0,29.0,DT-Top1,Full-CertiTwin-q90,40,5,0.6,0.6,0.6,0.6,0.6
0,4,0,1,1.0,0.0,0.77741534,0.76313806,0.981634939180668,1.0,57.0,0.0,0.0,1.0,0.0,29.0,39.0,11.0,DT-Top1,SLA-Rule-Shield,40,5,0.6,0.6,0.6,0.6,0.6
0,2,0,1,1.0,0.0,0.77741534,0.6677499,0.8589358424534574,1.0,21.0,0.0,0.0,1.0,0.0,29.0,21.0,29.0,DT-Top1,Fixed-UCB-1sigma-Shield,40,5,0.6,0.6,0.6,0.6,0.6
0,2,0,1,1.0,0.0,0.77741534,0.6677499,0.8589358424534574,1.0,21.0,0.0,0.0,1.0,0.0,29.0,21.0,29.0,DT-Top1,Fixed-UCB-1.64sigma-Shield,40,5,0.6,0.6,0.6,0.6,0.6
2,2,1,1,0.0,0.0,0.7186651,0.7186651,0.9999999999986086,0.0,0.0,0.0,0.0,1.0,21.0,29.0,21.0,29.0,PF,Full-CertiTwin-q90,41,5,0.6,0.6,0.6,0.6,0.6
2,2,1,1,0.0,0.0,0.7186651,0.7186651,0.9999999999986086,0.0,0.0,0.0,0.0,1.0,21.0,29.0,21.0,29.0,PF,SLA-Rule-Shield,41,5,0.6,0.6,0.6,0.6,0.6
2,2,1,1,0.0,0.0,0.7186651,0.7186651,0.9999999999986086,0.0,0.0,0.0,0.0,1.0,21.0,29.0,21.0,29.0,PF,Fixed-UCB-1sigma-Shield,41,5,0.6,0.6,0.6,0.6,0.6
2,2,1,1,0.0,0.0,0.7186651,0.7186651,0.9999999999986086,0.0,0.0,0.0,0.0,1.0,21.0,29.0,21.0,29.0,PF,Fixed-UCB-1.64sigma-Shield,41,5,0.6,0.6,0.6,0.6,0.6
4,4,1,1,0.0,0.0,0.76313806,0.76313806,0.9999999999986896,0.0,0.0,0.0,0.0,1.0,39.0,11.0,39.0,11.0,Greedy-SLA,Full-CertiTwin-q90,41,5,0.6,0.6,0.6,0.6,0.6
4,4,1,1,0.0,0.0,0.76313806,0.76313806,0.9999999999986896,0.0,0.0,0.0,0.0,1.0,39.0,11.0,39.0,11.0,Greedy-SLA,SLA-Rule-Shield,41,5,0.6,0.6,0.6,0.6,0.6
4,4,1,1,0.0,0.0,0.76313806,0.76313806,0.9999999999986896,0.0,0.0,0.0,0.0,1.0,39.0,11.0,39.0,11.0,Greedy-SLA,Fixed-UCB-1sigma-Shield,41,5,0.6,0.6,0.6,0.6,0.6
4,4,1,1,0.0,0.0,0.76313806,0.76313806,0.9999999999986896,0.0,0.0,0.0,0.0,1.0,39.0,11.0,39.0,11.0,Greedy-SLA,Fixed-UCB-1.64sigma-Shield,41,5,0.6,0.6,0.6,0.6,0.6
0,2,0,1,1.0,0.0,0.76278657,0.7186651,0.942157515960274,1.0,21.0,0.0,0.0,1.0,0.0,29.0,21.0,29.0,DT-Top1,Full-CertiTwin-q90,41,5,0.6,0.6,0.6,0.6,0.6
0,4,0,1,1.0,0.0,0.76278657,0.76313806,1.000460797309265,1.0,57.0,0.0,0.0,1.0,0.0,29.0,39.0,11.0,DT-Top1,SLA-Rule-Shield,41,5,0.6,0.6,0.6,0.6,0.6
0,2,0,1,1.0,0.0,0.76278657,0.7186651,0.942157515960274,1.0,21.0,0.0,0.0,1.0,0.0,29.0,21.0,29.0,DT-Top1,Fixed-UCB-1sigma-Shield,41,5,0.6,0.6,0.6,0.6,0.6
0,2,0,1,1.0,0.0,0.76278657,0.7186651,0.942157515960274,1.0,21.0,0.0,0.0,1.0,0.0,29.0,21.0,29.0,DT-Top1,Fixed-UCB-1.64sigma-Shield,41,5,0.6,0.6,0.6,0.6,0.6
2,2,1,1,0.0,0.0,0.6677499,0.6677499,0.9999999999985024,0.0,0.0,0.0,0.0,1.0,21.0,29.0,21.0,29.0,PF,Full-CertiTwin-q90,42,5,0.6,0.6,0.6,0.6,0.6
2,2,1,1,0.0,0.0,0.6677499,0.6677499,0.9999999999985024,0.0,0.0,0.0,0.0,1.0,21.0,29.0,21.0,29.0,PF,SLA-Rule-Shield,42,5,0.6,0.6,0.6,0.6,0.6
2,2,1,1,0.0,0.0,0.6677499,0.6677499,0.9999999999985024,0.0,0.0,0.0,0.0,1.0,21.0,29.0,21.0,29.0,PF,Fixed-UCB-1sigma-Shield,42,5,0.6,0.6,0.6,0.6,0.6
2,2,1,1,0.0,0.0,0.6677499,0.6677499,0.9999999999985024,0.0,0.0,0.0,0.0,1.0,21.0,29.0,21.0,29.0,PF,Fixed-UCB-1.64sigma-Shield,42,5,0.6,0.6,0.6,0.6,0.6
4,4,1,1,0.0,0.0,0.76313806,0.76313806,0.9999999999986896,0.0,0.0,0.0,0.0,1.0,39.0,11.0,39.0,11.0,Greedy-SLA,Full-CertiTwin-q90,42,5,0.6,0.6,0.6,0.6,0.6
4,4,1,1,0.0,0.0,0.76313806,0.76313806,0.9999999999986896,0.0,0.0,0.0,0.0,1.0,39.0,11.0,39.0,11.0,Greedy-SLA,SLA-Rule-Shield,42,5,0.6,0.6,0.6,0.6,0.6
4,4,1,1,0.0,0.0,0.76313806,0.76313806,0.9999999999986896,0.0,0.0,0.0,0.0,1.0,39.0,11.0,39.0,11.0,Greedy-SLA,Fixed-UCB-1sigma-Shield,42,5,0.6,0.6,0.6,0.6,0.6
4,4,1,1,0.0,0.0,0.76313806,0.76313806,0.9999999999986896,0.0,0.0,0.0,0.0,1.0,39.0,11.0,39.0,11.0,Greedy-SLA,Fixed-UCB-1.64sigma-Shield,42,5,0.6,0.6,0.6,0.6,0.6
0,2,0,1,1.0,0.0,0.77741534,0.6677499,0.8589358424534574,1.0,21.0,0.0,0.0,1.0,0.0,29.0,21.0,29.0,DT-Top1,Full-CertiTwin-q90,42,5,0.6,0.6,0.6,0.6,0.6
0,4,0,1,1.0,0.0,0.77741534,0.76313806,0.981634939180668,1.0,57.0,0.0,0.0,1.0,0.0,29.0,39.0,11.0,DT-Top1,SLA-Rule-Shield,42,5,0.6,0.6,0.6,0.6,0.6
0,2,0,1,1.0,0.0,0.77741534,0.6677499,0.8589358424534574,1.0,21.0,0.0,0.0,1.0,0.0,29.0,21.0,29.0,DT-Top1,Fixed-UCB-1sigma-Shield,42,5,0.6,0.6,0.6,0.6,0.6
0,2,0,1,1.0,0.0,0.77741534,0.6677499,0.8589358424534574,1.0,21.0,0.0,0.0,1.0,0.0,29.0,21.0,29.0,DT-Top1,Fixed-UCB-1.64sigma-Shield,42,5,0.6,0.6,0.6,0.6,0.6
2,2,1,1,0.0,0.0,0.6677499,0.6677499,0.9999999999985024,0.0,0.0,0.0,0.0,1.0,21.0,29.0,21.0,29.0,PF,Full-CertiTwin-q90,43,5,0.6,0.6,0.6,0.6,0.6
2,2,1,1,0.0,0.0,0.6677499,0.6677499,0.9999999999985024,0.0,0.0,0.0,0.0,1.0,21.0,29.0,21.0,29.0,PF,SLA-Rule-Shield,43,5,0.6,0.6,0.6,0.6,0.6
2,2,1,1,0.0,0.0,0.6677499,0.6677499,0.9999999999985024,0.0,0.0,0.0,0.0,1.0,21.0,29.0,21.0,29.0,PF,Fixed-UCB-1sigma-Shield,43,5,0.6,0.6,0.6,0.6,0.6
2,2,1,1,0.0,0.0,0.6677499,0.6677499,0.9999999999985024,0.0,0.0,0.0,0.0,1.0,21.0,29.0,21.0,29.0,PF,Fixed-UCB-1.64sigma-Shield,43,5,0.6,0.6,0.6,0.6,0.6
4,4,1,1,0.0,0.0,0.76313806,0.76313806,0.9999999999986896,0.0,0.0,0.0,0.0,1.0,39.0,11.0,39.0,11.0,Greedy-SLA,Full-CertiTwin-q90,43,5,0.6,0.6,0.6,0.6,0.6
4,4,1,1,0.0,0.0,0.76313806,0.76313806,0.9999999999986896,0.0,0.0,0.0,0.0,1.0,39.0,11.0,39.0,11.0,Greedy-SLA,SLA-Rule-Shield,43,5,0.6,0.6,0.6,0.6,0.6
4,4,1,1,0.0,0.0,0.76313806,0.76313806,0.9999999999986896,0.0,0.0,0.0,0.0,1.0,39.0,11.0,39.0,11.0,Greedy-SLA,Fixed-UCB-1sigma-Shield,43,5,0.6,0.6,0.6,0.6,0.6
4,4,1,1,0.0,0.0,0.76313806,0.76313806,0.9999999999986896,0.0,0.0,0.0,0.0,1.0,39.0,11.0,39.0,11.0,Greedy-SLA,Fixed-UCB-1.64sigma-Shield,43,5,0.6,0.6,0.6,0.6,0.6
0,2,0,1,1.0,0.0,0.77050835,0.6677499,0.8666355140721491,1.0,21.0,0.0,0.0,1.0,0.0,29.0,21.0,29.0,DT-Top1,Full-CertiTwin-q90,43,5,0.6,0.6,0.6,0.6,0.6
0,4,0,1,1.0,0.0,0.77050835,0.76313806,0.990434509890788,1.0,57.0,0.0,0.0,1.0,0.0,29.0,39.0,11.0,DT-Top1,SLA-Rule-Shield,43,5,0.6,0.6,0.6,0.6,0.6
0,2,0,1,1.0,0.0,0.77050835,0.6677499,0.8666355140721491,1.0,21.0,0.0,0.0,1.0,0.0,29.0,21.0,29.0,DT-Top1,Fixed-UCB-1sigma-Shield,43,5,0.6,0.6,0.6,0.6,0.6
0,2,0,1,1.0,0.0,0.77050835,0.6677499,0.8666355140721491,1.0,21.0,0.0,0.0,1.0,0.0,29.0,21.0,29.0,DT-Top1,Fixed-UCB-1.64sigma-Shield,43,5,0.6,0.6,0.6,0.6,0.6
2,2,1,1,0.0,0.0,0.6677499,0.6677499,0.9999999999985024,0.0,0.0,0.0,0.0,1.0,21.0,29.0,21.0,29.0,PF,Full-CertiTwin-q90,44,5,0.6,0.6,0.6,0.6,0.6
2,2,1,1,0.0,0.0,0.6677499,0.6677499,0.9999999999985024,0.0,0.0,0.0,0.0,1.0,21.0,29.0,21.0,29.0,PF,SLA-Rule-Shield,44,5,0.6,0.6,0.6,0.6,0.6
2,2,1,1,0.0,0.0,0.6677499,0.6677499,0.9999999999985024,0.0,0.0,0.0,0.0,1.0,21.0,29.0,21.0,29.0,PF,Fixed-UCB-1sigma-Shield,44,5,0.6,0.6,0.6,0.6,0.6
2,2,1,1,0.0,0.0,0.6677499,0.6677499,0.9999999999985024,0.0,0.0,0.0,0.0,1.0,21.0,29.0,21.0,29.0,PF,Fixed-UCB-1.64sigma-Shield,44,5,0.6,0.6,0.6,0.6,0.6
4,4,1,1,0.0,0.0,0.76313806,0.76313806,0.9999999999986896,0.0,0.0,0.0,0.0,1.0,39.0,11.0,39.0,11.0,Greedy-SLA,Full-CertiTwin-q90,44,5,0.6,0.6,0.6,0.6,0.6
4,4,1,1,0.0,0.0,0.76313806,0.76313806,0.9999999999986896,0.0,0.0,0.0,0.0,1.0,39.0,11.0,39.0,11.0,Greedy-SLA,SLA-Rule-Shield,44,5,0.6,0.6,0.6,0.6,0.6
4,4,1,1,0.0,0.0,0.76313806,0.76313806,0.9999999999986896,0.0,0.0,0.0,0.0,1.0,39.0,11.0,39.0,11.0,Greedy-SLA,Fixed-UCB-1sigma-Shield,44,5,0.6,0.6,0.6,0.6,0.6
4,4,1,1,0.0,0.0,0.76313806,0.76313806,0.9999999999986896,0.0,0.0,0.0,0.0,1.0,39.0,11.0,39.0,11.0,Greedy-SLA,Fixed-UCB-1.64sigma-Shield,44,5,0.6,0.6,0.6,0.6,0.6
4,4,1,1,0.0,0.0,0.76313806,0.76313806,0.9999999999986896,0.0,0.0,0.0,0.0,1.0,39.0,11.0,39.0,11.0,DT-Top1,Full-CertiTwin-q90,44,5,0.6,0.6,0.6,0.6,0.6
4,4,1,1,0.0,0.0,0.76313806,0.76313806,0.9999999999986896,0.0,0.0,0.0,0.0,1.0,39.0,11.0,39.0,11.0,DT-Top1,SLA-Rule-Shield,44,5,0.6,0.6,0.6,0.6,0.6
4,4,1,1,0.0,0.0,0.76313806,0.76313806,0.9999999999986896,0.0,0.0,0.0,0.0,1.0,39.0,11.0,39.0,11.0,DT-Top1,Fixed-UCB-1sigma-Shield,44,5,0.6,0.6,0.6,0.6,0.6
4,4,1,1,0.0,0.0,0.76313806,0.76313806,0.9999999999986896,0.0,0.0,0.0,0.0,1.0,39.0,11.0,39.0,11.0,DT-Top1,Fixed-UCB-1.64sigma-Shield,44,5,0.6,0.6,0.6,0.6,0.6
2,2,1,1,0.0,0.0,0.6677499,0.6677499,0.9999999999985024,0.0,0.0,0.0,0.0,1.0,21.0,29.0,21.0,29.0,PF,Full-CertiTwin-q90,45,5,0.6,0.6,0.6,0.6,0.6
2,2,1,1,0.0,0.0,0.6677499,0.6677499,0.9999999999985024,0.0,0.0,0.0,0.0,1.0,21.0,29.0,21.0,29.0,PF,SLA-Rule-Shield,45,5,0.6,0.6,0.6,0.6,0.6
2,2,1,1,0.0,0.0,0.6677499,0.6677499,0.9999999999985024,0.0,0.0,0.0,0.0,1.0,21.0,29.0,21.0,29.0,PF,Fixed-UCB-1sigma-Shield,45,5,0.6,0.6,0.6,0.6,0.6
2,2,1,1,0.0,0.0,0.6677499,0.6677499,0.9999999999985024,0.0,0.0,0.0,0.0,1.0,21.0,29.0,21.0,29.0,PF,Fixed-UCB-1.64sigma-Shield,45,5,0.6,0.6,0.6,0.6,0.6
4,4,1,1,0.0,0.0,0.76313806,0.76313806,0.9999999999986896,0.0,0.0,0.0,0.0,1.0,39.0,11.0,39.0,11.0,Greedy-SLA,Full-CertiTwin-q90,45,5,0.6,0.6,0.6,0.6,0.6
4,4,1,1,0.0,0.0,0.76313806,0.76313806,0.9999999999986896,0.0,0.0,0.0,0.0,1.0,39.0,11.0,39.0,11.0,Greedy-SLA,SLA-Rule-Shield,45,5,0.6,0.6,0.6,0.6,0.6
4,4,1,1,0.0,0.0,0.76313806,0.76313806,0.9999999999986896,0.0,0.0,0.0,0.0,1.0,39.0,11.0,39.0,11.0,Greedy-SLA,Fixed-UCB-1sigma-Shield,45,5,0.6,0.6,0.6,0.6,0.6
4,4,1,1,0.0,0.0,0.76313806,0.76313806,0.9999999999986896,0.0,0.0,0.0,0.0,1.0,39.0,11.0,39.0,11.0,Greedy-SLA,Fixed-UCB-1.64sigma-Shield,45,5,0.6,0.6,0.6,0.6,0.6
0,2,0,1,1.0,0.0,0.76278657,0.6677499,0.875408569397236,1.0,21.0,0.0,0.0,1.0,0.0,29.0,21.0,29.0,DT-Top1,Full-CertiTwin-q90,45,5,0.6,0.6,0.6,0.6,0.6
0,4,0,1,1.0,0.0,0.76278657,0.76313806,1.000460797309265,1.0,57.0,0.0,0.0,1.0,0.0,29.0,39.0,11.0,DT-Top1,SLA-Rule-Shield,45,5,0.6,0.6,0.6,0.6,0.6
0,2,0,1,1.0,0.0,0.76278657,0.6677499,0.875408569397236,1.0,21.0,0.0,0.0,1.0,0.0,29.0,21.0,29.0,DT-Top1,Fixed-UCB-1sigma-Shield,45,5,0.6,0.6,0.6,0.6,0.6
0,2,0,1,1.0,0.0,0.76278657,0.6677499,0.875408569397236,1.0,21.0,0.0,0.0,1.0,0.0,29.0,21.0,29.0,DT-Top1,Fixed-UCB-1.64sigma-Shield,45,5,0.6,0.6,0.6,0.6,0.6
2,2,1,1,0.0,0.0,0.6677499,0.6677499,0.9999999999985024,0.0,0.0,0.0,0.0,1.0,21.0,29.0,21.0,29.0,PF,Full-CertiTwin-q90,46,5,0.6,0.6,0.6,0.6,0.6
2,2,1,1,0.0,0.0,0.6677499,0.6677499,0.9999999999985024,0.0,0.0,0.0,0.0,1.0,21.0,29.0,21.0,29.0,PF,SLA-Rule-Shield,46,5,0.6,0.6,0.6,0.6,0.6
2,2,1,1,0.0,0.0,0.6677499,0.6677499,0.9999999999985024,0.0,0.0,0.0,0.0,1.0,21.0,29.0,21.0,29.0,PF,Fixed-UCB-1sigma-Shield,46,5,0.6,0.6,0.6,0.6,0.6
2,2,1,1,0.0,0.0,0.6677499,0.6677499,0.9999999999985024,0.0,0.0,0.0,0.0,1.0,21.0,29.0,21.0,29.0,PF,Fixed-UCB-1.64sigma-Shield,46,5,0.6,0.6,0.6,0.6,0.6
4,4,1,1,0.0,0.0,0.7777951,0.7777951,0.9999999999987144,0.0,0.0,0.0,0.0,1.0,39.0,11.0,39.0,11.0,Greedy-SLA,Full-CertiTwin-q90,46,5,0.6,0.6,0.6,0.6,0.6
4,4,1,1,0.0,0.0,0.7777951,0.7777951,0.9999999999987144,0.0,0.0,0.0,0.0,1.0,39.0,11.0,39.0,11.0,Greedy-SLA,SLA-Rule-Shield,46,5,0.6,0.6,0.6,0.6,0.6
4,4,1,1,0.0,0.0,0.7777951,0.7777951,0.9999999999987144,0.0,0.0,0.0,0.0,1.0,39.0,11.0,39.0,11.0,Greedy-SLA,Fixed-UCB-1sigma-Shield,46,5,0.6,0.6,0.6,0.6,0.6
4,4,1,1,0.0,0.0,0.7777951,0.7777951,0.9999999999987144,0.0,0.0,0.0,0.0,1.0,39.0,11.0,39.0,11.0,Greedy-SLA,Fixed-UCB-1.64sigma-Shield,46,5,0.6,0.6,0.6,0.6,0.6
0,2,0,1,1.0,0.0,0.76278657,0.6677499,0.875408569397236,1.0,21.0,0.0,0.0,1.0,0.0,29.0,21.0,29.0,DT-Top1,Full-CertiTwin-q90,46,5,0.6,0.6,0.6,0.6,0.6
0,4,0,1,1.0,0.0,0.76278657,0.7777951,1.0196759232388952,1.0,57.0,0.0,0.0,1.0,0.0,29.0,39.0,11.0,DT-Top1,SLA-Rule-Shield,46,5,0.6,0.6,0.6,0.6,0.6
0,2,0,1,1.0,0.0,0.76278657,0.6677499,0.875408569397236,1.0,21.0,0.0,0.0,1.0,0.0,29.0,21.0,29.0,DT-Top1,Fixed-UCB-1sigma-Shield,46,5,0.6,0.6,0.6,0.6,0.6
0,2,0,1,1.0,0.0,0.76278657,0.6677499,0.875408569397236,1.0,21.0,0.0,0.0,1.0,0.0,29.0,21.0,29.0,DT-Top1,Fixed-UCB-1.64sigma-Shield,46,5,0.6,0.6,0.6,0.6,0.6
2,2,1,1,0.0,0.0,0.6677499,0.6677499,0.9999999999985024,0.0,0.0,0.0,0.0,1.0,21.0,29.0,21.0,29.0,PF,Full-CertiTwin-q90,47,5,0.6,0.6,0.6,0.6,0.6
2,2,1,1,0.0,0.0,0.6677499,0.6677499,0.9999999999985024,0.0,0.0,0.0,0.0,1.0,21.0,29.0,21.0,29.0,PF,SLA-Rule-Shield,47,5,0.6,0.6,0.6,0.6,0.6
2,2,1,1,0.0,0.0,0.6677499,0.6677499,0.9999999999985024,0.0,0.0,0.0,0.0,1.0,21.0,29.0,21.0,29.0,PF,Fixed-UCB-1sigma-Shield,47,5,0.6,0.6,0.6,0.6,0.6
2,2,1,1,0.0,0.0,0.6677499,0.6677499,0.9999999999985024,0.0,0.0,0.0,0.0,1.0,21.0,29.0,21.0,29.0,PF,Fixed-UCB-1.64sigma-Shield,47,5,0.6,0.6,0.6,0.6,0.6
4,4,1,1,0.0,0.0,0.76313806,0.76313806,0.9999999999986896,0.0,0.0,0.0,0.0,1.0,39.0,11.0,39.0,11.0,Greedy-SLA,Full-CertiTwin-q90,47,5,0.6,0.6,0.6,0.6,0.6
4,4,1,1,0.0,0.0,0.76313806,0.76313806,0.9999999999986896,0.0,0.0,0.0,0.0,1.0,39.0,11.0,39.0,11.0,Greedy-SLA,SLA-Rule-Shield,47,5,0.6,0.6,0.6,0.6,0.6
4,4,1,1,0.0,0.0,0.76313806,0.76313806,0.9999999999986896,0.0,0.0,0.0,0.0,1.0,39.0,11.0,39.0,11.0,Greedy-SLA,Fixed-UCB-1sigma-Shield,47,5,0.6,0.6,0.6,0.6,0.6
4,4,1,1,0.0,0.0,0.76313806,0.76313806,0.9999999999986896,0.0,0.0,0.0,0.0,1.0,39.0,11.0,39.0,11.0,Greedy-SLA,Fixed-UCB-1.64sigma-Shield,47,5,0.6,0.6,0.6,0.6,0.6
4,4,1,1,0.0,0.0,0.76313806,0.76313806,0.9999999999986896,0.0,0.0,0.0,0.0,1.0,39.0,11.0,39.0,11.0,DT-Top1,Full-CertiTwin-q90,47,5,0.6,0.6,0.6,0.6,0.6
4,4,1,1,0.0,0.0,0.76313806,0.76313806,0.9999999999986896,0.0,0.0,0.0,0.0,1.0,39.0,11.0,39.0,11.0,DT-Top1,SLA-Rule-Shield,47,5,0.6,0.6,0.6,0.6,0.6
4,4,1,1,0.0,0.0,0.76313806,0.76313806,0.9999999999986896,0.0,0.0,0.0,0.0,1.0,39.0,11.0,39.0,11.0,DT-Top1,Fixed-UCB-1sigma-Shield,47,5,0.6,0.6,0.6,0.6,0.6
4,4,1,1,0.0,0.0,0.76313806,0.76313806,0.9999999999986896,0.0,0.0,0.0,0.0,1.0,39.0,11.0,39.0,11.0,DT-Top1,Fixed-UCB-1.64sigma-Shield,47,5,0.6,0.6,0.6,0.6,0.6
2,2,1,1,0.0,0.0,0.6677499,0.6677499,0.9999999999985024,0.0,0.0,0.0,0.0,1.0,21.0,29.0,21.0,29.0,PF,Full-CertiTwin-q90,48,5,0.6,0.6,0.6,0.6,0.6
2,2,1,1,0.0,0.0,0.6677499,0.6677499,0.9999999999985024,0.0,0.0,0.0,0.0,1.0,21.0,29.0,21.0,29.0,PF,SLA-Rule-Shield,48,5,0.6,0.6,0.6,0.6,0.6
2,2,1,1,0.0,0.0,0.6677499,0.6677499,0.9999999999985024,0.0,0.0,0.0,0.0,1.0,21.0,29.0,21.0,29.0,PF,Fixed-UCB-1sigma-Shield,48,5,0.6,0.6,0.6,0.6,0.6
2,2,1,1,0.0,0.0,0.6677499,0.6677499,0.9999999999985024,0.0,0.0,0.0,0.0,1.0,21.0,29.0,21.0,29.0,PF,Fixed-UCB-1.64sigma-Shield,48,5,0.6,0.6,0.6,0.6,0.6
4,4,1,1,0.0,0.0,0.76313806,0.76313806,0.9999999999986896,0.0,0.0,0.0,0.0,1.0,39.0,11.0,39.0,11.0,Greedy-SLA,Full-CertiTwin-q90,48,5,0.6,0.6,0.6,0.6,0.6
4,4,1,1,0.0,0.0,0.76313806,0.76313806,0.9999999999986896,0.0,0.0,0.0,0.0,1.0,39.0,11.0,39.0,11.0,Greedy-SLA,SLA-Rule-Shield,48,5,0.6,0.6,0.6,0.6,0.6
4,4,1,1,0.0,0.0,0.76313806,0.76313806,0.9999999999986896,0.0,0.0,0.0,0.0,1.0,39.0,11.0,39.0,11.0,Greedy-SLA,Fixed-UCB-1sigma-Shield,48,5,0.6,0.6,0.6,0.6,0.6
4,4,1,1,0.0,0.0,0.76313806,0.76313806,0.9999999999986896,0.0,0.0,0.0,0.0,1.0,39.0,11.0,39.0,11.0,Greedy-SLA,Fixed-UCB-1.64sigma-Shield,48,5,0.6,0.6,0.6,0.6,0.6
0,2,0,1,1.0,0.0,0.76278657,0.6677499,0.875408569397236,1.0,21.0,0.0,0.0,1.0,0.0,29.0,21.0,29.0,DT-Top1,Full-CertiTwin-q90,48,5,0.6,0.6,0.6,0.6,0.6
0,4,0,1,1.0,0.0,0.76278657,0.76313806,1.000460797309265,1.0,57.0,0.0,0.0,1.0,0.0,29.0,39.0,11.0,DT-Top1,SLA-Rule-Shield,48,5,0.6,0.6,0.6,0.6,0.6
0,2,0,1,1.0,0.0,0.76278657,0.6677499,0.875408569397236,1.0,21.0,0.0,0.0,1.0,0.0,29.0,21.0,29.0,DT-Top1,Fixed-UCB-1sigma-Shield,48,5,0.6,0.6,0.6,0.6,0.6
0,2,0,1,1.0,0.0,0.76278657,0.6677499,0.875408569397236,1.0,21.0,0.0,0.0,1.0,0.0,29.0,21.0,29.0,DT-Top1,Fixed-UCB-1.64sigma-Shield,48,5,0.6,0.6,0.6,0.6,0.6
2,2,1,1,0.0,0.0,0.6677499,0.6677499,0.9999999999985024,0.0,0.0,0.0,0.0,1.0,21.0,29.0,21.0,29.0,PF,Full-CertiTwin-q90,49,5,0.6,0.6,0.6,0.6,0.6
2,2,1,1,0.0,0.0,0.6677499,0.6677499,0.9999999999985024,0.0,0.0,0.0,0.0,1.0,21.0,29.0,21.0,29.0,PF,SLA-Rule-Shield,49,5,0.6,0.6,0.6,0.6,0.6
2,2,1,1,0.0,0.0,0.6677499,0.6677499,0.9999999999985024,0.0,0.0,0.0,0.0,1.0,21.0,29.0,21.0,29.0,PF,Fixed-UCB-1sigma-Shield,49,5,0.6,0.6,0.6,0.6,0.6
2,2,1,1,0.0,0.0,0.6677499,0.6677499,0.9999999999985024,0.0,0.0,0.0,0.0,1.0,21.0,29.0,21.0,29.0,PF,Fixed-UCB-1.64sigma-Shield,49,5,0.6,0.6,0.6,0.6,0.6
4,4,1,1,0.0,0.0,0.76313806,0.76313806,0.9999999999986896,0.0,0.0,0.0,0.0,1.0,39.0,11.0,39.0,11.0,Greedy-SLA,Full-CertiTwin-q90,49,5,0.6,0.6,0.6,0.6,0.6
4,4,1,1,0.0,0.0,0.76313806,0.76313806,0.9999999999986896,0.0,0.0,0.0,0.0,1.0,39.0,11.0,39.0,11.0,Greedy-SLA,SLA-Rule-Shield,49,5,0.6,0.6,0.6,0.6,0.6
4,4,1,1,0.0,0.0,0.76313806,0.76313806,0.9999999999986896,0.0,0.0,0.0,0.0,1.0,39.0,11.0,39.0,11.0,Greedy-SLA,Fixed-UCB-1sigma-Shield,49,5,0.6,0.6,0.6,0.6,0.6
4,4,1,1,0.0,0.0,0.76313806,0.76313806,0.9999999999986896,0.0,0.0,0.0,0.0,1.0,39.0,11.0,39.0,11.0,Greedy-SLA,Fixed-UCB-1.64sigma-Shield,49,5,0.6,0.6,0.6,0.6,0.6
0,2,0,1,1.0,0.0,0.76278657,0.6677499,0.875408569397236,1.0,21.0,0.0,0.0,1.0,0.0,29.0,21.0,29.0,DT-Top1,Full-CertiTwin-q90,49,5,0.6,0.6,0.6,0.6,0.6
0,4,0,1,1.0,0.0,0.76278657,0.76313806,1.000460797309265,1.0,57.0,0.0,0.0,1.0,0.0,29.0,39.0,11.0,DT-Top1,SLA-Rule-Shield,49,5,0.6,0.6,0.6,0.6,0.6
0,2,0,1,1.0,0.0,0.76278657,0.6677499,0.875408569397236,1.0,21.0,0.0,0.0,1.0,0.0,29.0,21.0,29.0,DT-Top1,Fixed-UCB-1sigma-Shield,49,5,0.6,0.6,0.6,0.6,0.6
0,2,0,1,1.0,0.0,0.76278657,0.6677499,0.875408569397236,1.0,21.0,0.0,0.0,1.0,0.0,29.0,21.0,29.0,DT-Top1,Fixed-UCB-1.64sigma-Shield,49,5,0.6,0.6,0.6,0.6,0.6
2,2,1,1,0.0,0.0,0.6677499,0.6677499,0.9999999999985024,0.0,0.0,0.0,0.0,1.0,21.0,29.0,21.0,29.0,PF,Full-CertiTwin-q90,50,5,0.6,0.6,0.6,0.6,0.6
2,2,1,1,0.0,0.0,0.6677499,0.6677499,0.9999999999985024,0.0,0.0,0.0,0.0,1.0,21.0,29.0,21.0,29.0,PF,SLA-Rule-Shield,50,5,0.6,0.6,0.6,0.6,0.6
2,2,1,1,0.0,0.0,0.6677499,0.6677499,0.9999999999985024,0.0,0.0,0.0,0.0,1.0,21.0,29.0,21.0,29.0,PF,Fixed-UCB-1sigma-Shield,50,5,0.6,0.6,0.6,0.6,0.6
2,2,1,1,0.0,0.0,0.6677499,0.6677499,0.9999999999985024,0.0,0.0,0.0,0.0,1.0,21.0,29.0,21.0,29.0,PF,Fixed-UCB-1.64sigma-Shield,50,5,0.6,0.6,0.6,0.6,0.6
0,2,0,1,1.0,0.0,0.76278657,0.6677499,0.875408569397236,1.0,21.0,0.0,0.0,1.0,0.0,29.0,21.0,29.0,Greedy-SLA,Full-CertiTwin-q90,50,5,0.6,0.6,0.6,0.6,0.6
0,4,0,1,1.0,0.0,0.76278657,0.76313806,1.000460797309265,1.0,57.0,0.0,0.0,1.0,0.0,29.0,39.0,11.0,Greedy-SLA,SLA-Rule-Shield,50,5,0.6,0.6,0.6,0.6,0.6
0,2,0,1,1.0,0.0,0.76278657,0.6677499,0.875408569397236,1.0,21.0,0.0,0.0,1.0,0.0,29.0,21.0,29.0,Greedy-SLA,Fixed-UCB-1sigma-Shield,50,5,0.6,0.6,0.6,0.6,0.6
0,2,0,1,1.0,0.0,0.76278657,0.6677499,0.875408569397236,1.0,21.0,0.0,0.0,1.0,0.0,29.0,21.0,29.0,Greedy-SLA,Fixed-UCB-1.64sigma-Shield,50,5,0.6,0.6,0.6,0.6,0.6
0,2,0,1,1.0,0.0,0.76278657,0.6677499,0.875408569397236,1.0,21.0,0.0,0.0,1.0,0.0,29.0,21.0,29.0,DT-Top1,Full-CertiTwin-q90,50,5,0.6,0.6,0.6,0.6,0.6
0,4,0,1,1.0,0.0,0.76278657,0.76313806,1.000460797309265,1.0,57.0,0.0,0.0,1.0,0.0,29.0,39.0,11.0,DT-Top1,SLA-Rule-Shield,50,5,0.6,0.6,0.6,0.6,0.6
0,2,0,1,1.0,0.0,0.76278657,0.6677499,0.875408569397236,1.0,21.0,0.0,0.0,1.0,0.0,29.0,21.0,29.0,DT-Top1,Fixed-UCB-1sigma-Shield,50,5,0.6,0.6,0.6,0.6,0.6
0,2,0,1,1.0,0.0,0.76278657,0.6677499,0.875408569397236,1.0,21.0,0.0,0.0,1.0,0.0,29.0,21.0,29.0,DT-Top1,Fixed-UCB-1.64sigma-Shield,50,5,0.6,0.6,0.6,0.6,0.6
2,2,1,1,0.0,0.0,0.6677499,0.6677499,0.9999999999985024,0.0,0.0,0.0,0.0,1.0,21.0,29.0,21.0,29.0,PF,Full-CertiTwin-q90,51,5,0.6,0.6,0.6,0.6,0.6
2,2,1,1,0.0,0.0,0.6677499,0.6677499,0.9999999999985024,0.0,0.0,0.0,0.0,1.0,21.0,29.0,21.0,29.0,PF,SLA-Rule-Shield,51,5,0.6,0.6,0.6,0.6,0.6
2,2,1,1,0.0,0.0,0.6677499,0.6677499,0.9999999999985024,0.0,0.0,0.0,0.0,1.0,21.0,29.0,21.0,29.0,PF,Fixed-UCB-1sigma-Shield,51,5,0.6,0.6,0.6,0.6,0.6
2,2,1,1,0.0,0.0,0.6677499,0.6677499,0.9999999999985024,0.0,0.0,0.0,0.0,1.0,21.0,29.0,21.0,29.0,PF,Fixed-UCB-1.64sigma-Shield,51,5,0.6,0.6,0.6,0.6,0.6
4,4,1,1,0.0,0.0,0.76313806,0.76313806,0.9999999999986896,0.0,0.0,0.0,0.0,1.0,39.0,11.0,39.0,11.0,Greedy-SLA,Full-CertiTwin-q90,51,5,0.6,0.6,0.6,0.6,0.6
4,4,1,1,0.0,0.0,0.76313806,0.76313806,0.9999999999986896,0.0,0.0,0.0,0.0,1.0,39.0,11.0,39.0,11.0,Greedy-SLA,SLA-Rule-Shield,51,5,0.6,0.6,0.6,0.6,0.6
4,4,1,1,0.0,0.0,0.76313806,0.76313806,0.9999999999986896,0.0,0.0,0.0,0.0,1.0,39.0,11.0,39.0,11.0,Greedy-SLA,Fixed-UCB-1sigma-Shield,51,5,0.6,0.6,0.6,0.6,0.6
4,4,1,1,0.0,0.0,0.76313806,0.76313806,0.9999999999986896,0.0,0.0,0.0,0.0,1.0,39.0,11.0,39.0,11.0,Greedy-SLA,Fixed-UCB-1.64sigma-Shield,51,5,0.6,0.6,0.6,0.6,0.6
4,4,1,1,0.0,0.0,0.76313806,0.76313806,0.9999999999986896,0.0,0.0,0.0,0.0,1.0,39.0,11.0,39.0,11.0,DT-Top1,Full-CertiTwin-q90,51,5,0.6,0.6,0.6,0.6,0.6
4,4,1,1,0.0,0.0,0.76313806,0.76313806,0.9999999999986896,0.0,0.0,0.0,0.0,1.0,39.0,11.0,39.0,11.0,DT-Top1,SLA-Rule-Shield,51,5,0.6,0.6,0.6,0.6,0.6
4,4,1,1,0.0,0.0,0.76313806,0.76313806,0.9999999999986896,0.0,0.0,0.0,0.0,1.0,39.0,11.0,39.0,11.0,DT-Top1,Fixed-UCB-1sigma-Shield,51,5,0.6,0.6,0.6,0.6,0.6
4,4,1,1,0.0,0.0,0.76313806,0.76313806,0.9999999999986896,0.0,0.0,0.0,0.0,1.0,39.0,11.0,39.0,11.0,DT-Top1,Fixed-UCB-1.64sigma-Shield,51,5,0.6,0.6,0.6,0.6,0.6
2,2,1,1,0.0,0.0,0.6677499,0.6677499,0.9999999999985024,0.0,0.0,0.0,0.0,1.0,21.0,29.0,21.0,29.0,PF,Full-CertiTwin-q90,52,5,0.6,0.6,0.6,0.6,0.6
2,2,1,1,0.0,0.0,0.6677499,0.6677499,0.9999999999985024,0.0,0.0,0.0,0.0,1.0,21.0,29.0,21.0,29.0,PF,SLA-Rule-Shield,52,5,0.6,0.6,0.6,0.6,0.6
2,2,1,1,0.0,0.0,0.6677499,0.6677499,0.9999999999985024,0.0,0.0,0.0,0.0,1.0,21.0,29.0,21.0,29.0,PF,Fixed-UCB-1sigma-Shield,52,5,0.6,0.6,0.6,0.6,0.6
2,2,1,1,0.0,0.0,0.6677499,0.6677499,0.9999999999985024,0.0,0.0,0.0,0.0,1.0,21.0,29.0,21.0,29.0,PF,Fixed-UCB-1.64sigma-Shield,52,5,0.6,0.6,0.6,0.6,0.6
4,4,1,1,0.0,0.0,0.76313806,0.76313806,0.9999999999986896,0.0,0.0,0.0,0.0,1.0,39.0,11.0,39.0,11.0,Greedy-SLA,Full-CertiTwin-q90,52,5,0.6,0.6,0.6,0.6,0.6
4,4,1,1,0.0,0.0,0.76313806,0.76313806,0.9999999999986896,0.0,0.0,0.0,0.0,1.0,39.0,11.0,39.0,11.0,Greedy-SLA,SLA-Rule-Shield,52,5,0.6,0.6,0.6,0.6,0.6
4,4,1,1,0.0,0.0,0.76313806,0.76313806,0.9999999999986896,0.0,0.0,0.0,0.0,1.0,39.0,11.0,39.0,11.0,Greedy-SLA,Fixed-UCB-1sigma-Shield,52,5,0.6,0.6,0.6,0.6,0.6
4,4,1,1,0.0,0.0,0.76313806,0.76313806,0.9999999999986896,0.0,0.0,0.0,0.0,1.0,39.0,11.0,39.0,11.0,Greedy-SLA,Fixed-UCB-1.64sigma-Shield,52,5,0.6,0.6,0.6,0.6,0.6
4,4,1,1,0.0,0.0,0.76313806,0.76313806,0.9999999999986896,0.0,0.0,0.0,0.0,1.0,39.0,11.0,39.0,11.0,DT-Top1,Full-CertiTwin-q90,52,5,0.6,0.6,0.6,0.6,0.6
4,4,1,1,0.0,0.0,0.76313806,0.76313806,0.9999999999986896,0.0,0.0,0.0,0.0,1.0,39.0,11.0,39.0,11.0,DT-Top1,SLA-Rule-Shield,52,5,0.6,0.6,0.6,0.6,0.6
4,4,1,1,0.0,0.0,0.76313806,0.76313806,0.9999999999986896,0.0,0.0,0.0,0.0,1.0,39.0,11.0,39.0,11.0,DT-Top1,Fixed-UCB-1sigma-Shield,52,5,0.6,0.6,0.6,0.6,0.6
4,4,1,1,0.0,0.0,0.76313806,0.76313806,0.9999999999986896,0.0,0.0,0.0,0.0,1.0,39.0,11.0,39.0,11.0,DT-Top1,Fixed-UCB-1.64sigma-Shield,52,5,0.6,0.6,0.6,0.6,0.6
2,2,1,1,0.0,0.0,0.6677499,0.6677499,0.9999999999985024,0.0,0.0,0.0,0.0,1.0,21.0,29.0,21.0,29.0,PF,Full-CertiTwin-q90,53,5,0.6,0.6,0.6,0.6,0.6
2,2,1,1,0.0,0.0,0.6677499,0.6677499,0.9999999999985024,0.0,0.0,0.0,0.0,1.0,21.0,29.0,21.0,29.0,PF,SLA-Rule-Shield,53,5,0.6,0.6,0.6,0.6,0.6
2,2,1,1,0.0,0.0,0.6677499,0.6677499,0.9999999999985024,0.0,0.0,0.0,0.0,1.0,21.0,29.0,21.0,29.0,PF,Fixed-UCB-1sigma-Shield,53,5,0.6,0.6,0.6,0.6,0.6
2,2,1,1,0.0,0.0,0.6677499,0.6677499,0.9999999999985024,0.0,0.0,0.0,0.0,1.0,21.0,29.0,21.0,29.0,PF,Fixed-UCB-1.64sigma-Shield,53,5,0.6,0.6,0.6,0.6,0.6
4,4,1,1,0.0,0.0,0.76313806,0.76313806,0.9999999999986896,0.0,0.0,0.0,0.0,1.0,39.0,11.0,39.0,11.0,Greedy-SLA,Full-CertiTwin-q90,53,5,0.6,0.6,0.6,0.6,0.6
4,4,1,1,0.0,0.0,0.76313806,0.76313806,0.9999999999986896,0.0,0.0,0.0,0.0,1.0,39.0,11.0,39.0,11.0,Greedy-SLA,SLA-Rule-Shield,53,5,0.6,0.6,0.6,0.6,0.6
4,4,1,1,0.0,0.0,0.76313806,0.76313806,0.9999999999986896,0.0,0.0,0.0,0.0,1.0,39.0,11.0,39.0,11.0,Greedy-SLA,Fixed-UCB-1sigma-Shield,53,5,0.6,0.6,0.6,0.6,0.6
4,4,1,1,0.0,0.0,0.76313806,0.76313806,0.9999999999986896,0.0,0.0,0.0,0.0,1.0,39.0,11.0,39.0,11.0,Greedy-SLA,Fixed-UCB-1.64sigma-Shield,53,5,0.6,0.6,0.6,0.6,0.6
0,2,0,1,1.0,0.0,0.76278657,0.6677499,0.875408569397236,1.0,21.0,0.0,0.0,1.0,0.0,29.0,21.0,29.0,DT-Top1,Full-CertiTwin-q90,53,5,0.6,0.6,0.6,0.6,0.6
0,4,0,1,1.0,0.0,0.76278657,0.76313806,1.000460797309265,1.0,57.0,0.0,0.0,1.0,0.0,29.0,39.0,11.0,DT-Top1,SLA-Rule-Shield,53,5,0.6,0.6,0.6,0.6,0.6
0,2,0,1,1.0,0.0,0.76278657,0.6677499,0.875408569397236,1.0,21.0,0.0,0.0,1.0,0.0,29.0,21.0,29.0,DT-Top1,Fixed-UCB-1sigma-Shield,53,5,0.6,0.6,0.6,0.6,0.6
0,2,0,1,1.0,0.0,0.76278657,0.6677499,0.875408569397236,1.0,21.0,0.0,0.0,1.0,0.0,29.0,21.0,29.0,DT-Top1,Fixed-UCB-1.64sigma-Shield,53,5,0.6,0.6,0.6,0.6,0.6
2,2,1,1,0.0,0.0,0.6677499,0.6677499,0.9999999999985024,0.0,0.0,0.0,0.0,1.0,21.0,29.0,21.0,29.0,PF,Full-CertiTwin-q90,54,5,0.6,0.6,0.6,0.6,0.6
2,2,1,1,0.0,0.0,0.6677499,0.6677499,0.9999999999985024,0.0,0.0,0.0,0.0,1.0,21.0,29.0,21.0,29.0,PF,SLA-Rule-Shield,54,5,0.6,0.6,0.6,0.6,0.6
2,2,1,1,0.0,0.0,0.6677499,0.6677499,0.9999999999985024,0.0,0.0,0.0,0.0,1.0,21.0,29.0,21.0,29.0,PF,Fixed-UCB-1sigma-Shield,54,5,0.6,0.6,0.6,0.6,0.6
2,2,1,1,0.0,0.0,0.6677499,0.6677499,0.9999999999985024,0.0,0.0,0.0,0.0,1.0,21.0,29.0,21.0,29.0,PF,Fixed-UCB-1.64sigma-Shield,54,5,0.6,0.6,0.6,0.6,0.6
4,4,1,1,0.0,0.0,0.76313806,0.76313806,0.9999999999986896,0.0,0.0,0.0,0.0,1.0,39.0,11.0,39.0,11.0,Greedy-SLA,Full-CertiTwin-q90,54,5,0.6,0.6,0.6,0.6,0.6
4,4,1,1,0.0,0.0,0.76313806,0.76313806,0.9999999999986896,0.0,0.0,0.0,0.0,1.0,39.0,11.0,39.0,11.0,Greedy-SLA,SLA-Rule-Shield,54,5,0.6,0.6,0.6,0.6,0.6
4,4,1,1,0.0,0.0,0.76313806,0.76313806,0.9999999999986896,0.0,0.0,0.0,0.0,1.0,39.0,11.0,39.0,11.0,Greedy-SLA,Fixed-UCB-1sigma-Shield,54,5,0.6,0.6,0.6,0.6,0.6
4,4,1,1,0.0,0.0,0.76313806,0.76313806,0.9999999999986896,0.0,0.0,0.0,0.0,1.0,39.0,11.0,39.0,11.0,Greedy-SLA,Fixed-UCB-1.64sigma-Shield,54,5,0.6,0.6,0.6,0.6,0.6
4,4,1,1,0.0,0.0,0.76313806,0.76313806,0.9999999999986896,0.0,0.0,0.0,0.0,1.0,39.0,11.0,39.0,11.0,DT-Top1,Full-CertiTwin-q90,54,5,0.6,0.6,0.6,0.6,0.6
4,4,1,1,0.0,0.0,0.76313806,0.76313806,0.9999999999986896,0.0,0.0,0.0,0.0,1.0,39.0,11.0,39.0,11.0,DT-Top1,SLA-Rule-Shield,54,5,0.6,0.6,0.6,0.6,0.6
4,4,1,1,0.0,0.0,0.76313806,0.76313806,0.9999999999986896,0.0,0.0,0.0,0.0,1.0,39.0,11.0,39.0,11.0,DT-Top1,Fixed-UCB-1sigma-Shield,54,5,0.6,0.6,0.6,0.6,0.6
4,4,1,1,0.0,0.0,0.76313806,0.76313806,0.9999999999986896,0.0,0.0,0.0,0.0,1.0,39.0,11.0,39.0,11.0,DT-Top1,Fixed-UCB-1.64sigma-Shield,54,5,0.6,0.6,0.6,0.6,0.6
2,2,1,1,0.0,0.0,0.6677499,0.6677499,0.9999999999985024,0.0,0.0,0.0,0.0,1.0,21.0,29.0,21.0,29.0,PF,Full-CertiTwin-q90,55,5,0.6,0.6,0.6,0.6,0.6
2,2,1,1,0.0,0.0,0.6677499,0.6677499,0.9999999999985024,0.0,0.0,0.0,0.0,1.0,21.0,29.0,21.0,29.0,PF,SLA-Rule-Shield,55,5,0.6,0.6,0.6,0.6,0.6
2,2,1,1,0.0,0.0,0.6677499,0.6677499,0.9999999999985024,0.0,0.0,0.0,0.0,1.0,21.0,29.0,21.0,29.0,PF,Fixed-UCB-1sigma-Shield,55,5,0.6,0.6,0.6,0.6,0.6
2,2,1,1,0.0,0.0,0.6677499,0.6677499,0.9999999999985024,0.0,0.0,0.0,0.0,1.0,21.0,29.0,21.0,29.0,PF,Fixed-UCB-1.64sigma-Shield,55,5,0.6,0.6,0.6,0.6,0.6
4,4,1,1,0.0,0.0,0.76313806,0.76313806,0.9999999999986896,0.0,0.0,0.0,0.0,1.0,39.0,11.0,39.0,11.0,Greedy-SLA,Full-CertiTwin-q90,55,5,0.6,0.6,0.6,0.6,0.6
4,4,1,1,0.0,0.0,0.76313806,0.76313806,0.9999999999986896,0.0,0.0,0.0,0.0,1.0,39.0,11.0,39.0,11.0,Greedy-SLA,SLA-Rule-Shield,55,5,0.6,0.6,0.6,0.6,0.6
4,4,1,1,0.0,0.0,0.76313806,0.76313806,0.9999999999986896,0.0,0.0,0.0,0.0,1.0,39.0,11.0,39.0,11.0,Greedy-SLA,Fixed-UCB-1sigma-Shield,55,5,0.6,0.6,0.6,0.6,0.6
4,4,1,1,0.0,0.0,0.76313806,0.76313806,0.9999999999986896,0.0,0.0,0.0,0.0,1.0,39.0,11.0,39.0,11.0,Greedy-SLA,Fixed-UCB-1.64sigma-Shield,55,5,0.6,0.6,0.6,0.6,0.6
4,4,1,1,0.0,0.0,0.76313806,0.76313806,0.9999999999986896,0.0,0.0,0.0,0.0,1.0,39.0,11.0,39.0,11.0,DT-Top1,Full-CertiTwin-q90,55,5,0.6,0.6,0.6,0.6,0.6
4,4,1,1,0.0,0.0,0.76313806,0.76313806,0.9999999999986896,0.0,0.0,0.0,0.0,1.0,39.0,11.0,39.0,11.0,DT-Top1,SLA-Rule-Shield,55,5,0.6,0.6,0.6,0.6,0.6
4,4,1,1,0.0,0.0,0.76313806,0.76313806,0.9999999999986896,0.0,0.0,0.0,0.0,1.0,39.0,11.0,39.0,11.0,DT-Top1,Fixed-UCB-1sigma-Shield,55,5,0.6,0.6,0.6,0.6,0.6
4,4,1,1,0.0,0.0,0.76313806,0.76313806,0.9999999999986896,0.0,0.0,0.0,0.0,1.0,39.0,11.0,39.0,11.0,DT-Top1,Fixed-UCB-1.64sigma-Shield,55,5,0.6,0.6,0.6,0.6,0.6
2,2,1,1,0.0,0.0,0.6677499,0.6677499,0.9999999999985024,0.0,0.0,0.0,0.0,1.0,21.0,29.0,21.0,29.0,PF,Full-CertiTwin-q90,56,5,0.6,0.6,0.6,0.6,0.6
2,2,1,1,0.0,0.0,0.6677499,0.6677499,0.9999999999985024,0.0,0.0,0.0,0.0,1.0,21.0,29.0,21.0,29.0,PF,SLA-Rule-Shield,56,5,0.6,0.6,0.6,0.6,0.6
2,2,1,1,0.0,0.0,0.6677499,0.6677499,0.9999999999985024,0.0,0.0,0.0,0.0,1.0,21.0,29.0,21.0,29.0,PF,Fixed-UCB-1sigma-Shield,56,5,0.6,0.6,0.6,0.6,0.6
2,2,1,1,0.0,0.0,0.6677499,0.6677499,0.9999999999985024,0.0,0.0,0.0,0.0,1.0,21.0,29.0,21.0,29.0,PF,Fixed-UCB-1.64sigma-Shield,56,5,0.6,0.6,0.6,0.6,0.6
4,4,1,1,0.0,0.0,0.76313806,0.76313806,0.9999999999986896,0.0,0.0,0.0,0.0,1.0,39.0,11.0,39.0,11.0,Greedy-SLA,Full-CertiTwin-q90,56,5,0.6,0.6,0.6,0.6,0.6
4,4,1,1,0.0,0.0,0.76313806,0.76313806,0.9999999999986896,0.0,0.0,0.0,0.0,1.0,39.0,11.0,39.0,11.0,Greedy-SLA,SLA-Rule-Shield,56,5,0.6,0.6,0.6,0.6,0.6
4,4,1,1,0.0,0.0,0.76313806,0.76313806,0.9999999999986896,0.0,0.0,0.0,0.0,1.0,39.0,11.0,39.0,11.0,Greedy-SLA,Fixed-UCB-1sigma-Shield,56,5,0.6,0.6,0.6,0.6,0.6
4,4,1,1,0.0,0.0,0.76313806,0.76313806,0.9999999999986896,0.0,0.0,0.0,0.0,1.0,39.0,11.0,39.0,11.0,Greedy-SLA,Fixed-UCB-1.64sigma-Shield,56,5,0.6,0.6,0.6,0.6,0.6
4,4,1,1,0.0,0.0,0.76313806,0.76313806,0.9999999999986896,0.0,0.0,0.0,0.0,1.0,39.0,11.0,39.0,11.0,DT-Top1,Full-CertiTwin-q90,56,5,0.6,0.6,0.6,0.6,0.6
4,4,1,1,0.0,0.0,0.76313806,0.76313806,0.9999999999986896,0.0,0.0,0.0,0.0,1.0,39.0,11.0,39.0,11.0,DT-Top1,SLA-Rule-Shield,56,5,0.6,0.6,0.6,0.6,0.6
4,4,1,1,0.0,0.0,0.76313806,0.76313806,0.9999999999986896,0.0,0.0,0.0,0.0,1.0,39.0,11.0,39.0,11.0,DT-Top1,Fixed-UCB-1sigma-Shield,56,5,0.6,0.6,0.6,0.6,0.6
4,4,1,1,0.0,0.0,0.76313806,0.76313806,0.9999999999986896,0.0,0.0,0.0,0.0,1.0,39.0,11.0,39.0,11.0,DT-Top1,Fixed-UCB-1.64sigma-Shield,56,5,0.6,0.6,0.6,0.6,0.6
2,2,1,1,0.0,0.0,0.6682329,0.6682329,0.9999999999985036,0.0,0.0,0.0,0.0,1.0,21.0,29.0,21.0,29.0,PF,Full-CertiTwin-q90,57,5,0.6,0.6,0.6,0.6,0.6
2,2,1,1,0.0,0.0,0.6682329,0.6682329,0.9999999999985036,0.0,0.0,0.0,0.0,1.0,21.0,29.0,21.0,29.0,PF,SLA-Rule-Shield,57,5,0.6,0.6,0.6,0.6,0.6
2,2,1,1,0.0,0.0,0.6682329,0.6682329,0.9999999999985036,0.0,0.0,0.0,0.0,1.0,21.0,29.0,21.0,29.0,PF,Fixed-UCB-1sigma-Shield,57,5,0.6,0.6,0.6,0.6,0.6
2,2,1,1,0.0,0.0,0.6682329,0.6682329,0.9999999999985036,0.0,0.0,0.0,0.0,1.0,21.0,29.0,21.0,29.0,PF,Fixed-UCB-1.64sigma-Shield,57,5,0.6,0.6,0.6,0.6,0.6
4,4,1,1,0.0,0.0,0.76313806,0.76313806,0.9999999999986896,0.0,0.0,0.0,0.0,1.0,39.0,11.0,39.0,11.0,Greedy-SLA,Full-CertiTwin-q90,57,5,0.6,0.6,0.6,0.6,0.6
4,4,1,1,0.0,0.0,0.76313806,0.76313806,0.9999999999986896,0.0,0.0,0.0,0.0,1.0,39.0,11.0,39.0,11.0,Greedy-SLA,SLA-Rule-Shield,57,5,0.6,0.6,0.6,0.6,0.6
4,4,1,1,0.0,0.0,0.76313806,0.76313806,0.9999999999986896,0.0,0.0,0.0,0.0,1.0,39.0,11.0,39.0,11.0,Greedy-SLA,Fixed-UCB-1sigma-Shield,57,5,0.6,0.6,0.6,0.6,0.6
4,4,1,1,0.0,0.0,0.76313806,0.76313806,0.9999999999986896,0.0,0.0,0.0,0.0,1.0,39.0,11.0,39.0,11.0,Greedy-SLA,Fixed-UCB-1.64sigma-Shield,57,5,0.6,0.6,0.6,0.6,0.6
4,4,1,1,0.0,0.0,0.76313806,0.76313806,0.9999999999986896,0.0,0.0,0.0,0.0,1.0,39.0,11.0,39.0,11.0,DT-Top1,Full-CertiTwin-q90,57,5,0.6,0.6,0.6,0.6,0.6
4,4,1,1,0.0,0.0,0.76313806,0.76313806,0.9999999999986896,0.0,0.0,0.0,0.0,1.0,39.0,11.0,39.0,11.0,DT-Top1,SLA-Rule-Shield,57,5,0.6,0.6,0.6,0.6,0.6
4,4,1,1,0.0,0.0,0.76313806,0.76313806,0.9999999999986896,0.0,0.0,0.0,0.0,1.0,39.0,11.0,39.0,11.0,DT-Top1,Fixed-UCB-1sigma-Shield,57,5,0.6,0.6,0.6,0.6,0.6
4,4,1,1,0.0,0.0,0.76313806,0.76313806,0.9999999999986896,0.0,0.0,0.0,0.0,1.0,39.0,11.0,39.0,11.0,DT-Top1,Fixed-UCB-1.64sigma-Shield,57,5,0.6,0.6,0.6,0.6,0.6
2,2,1,1,0.0,0.0,0.6677499,0.6677499,0.9999999999985024,0.0,0.0,0.0,0.0,1.0,21.0,29.0,21.0,29.0,PF,Full-CertiTwin-q90,58,5,0.6,0.6,0.6,0.6,0.6
2,2,1,1,0.0,0.0,0.6677499,0.6677499,0.9999999999985024,0.0,0.0,0.0,0.0,1.0,21.0,29.0,21.0,29.0,PF,SLA-Rule-Shield,58,5,0.6,0.6,0.6,0.6,0.6
2,2,1,1,0.0,0.0,0.6677499,0.6677499,0.9999999999985024,0.0,0.0,0.0,0.0,1.0,21.0,29.0,21.0,29.0,PF,Fixed-UCB-1sigma-Shield,58,5,0.6,0.6,0.6,0.6,0.6
2,2,1,1,0.0,0.0,0.6677499,0.6677499,0.9999999999985024,0.0,0.0,0.0,0.0,1.0,21.0,29.0,21.0,29.0,PF,Fixed-UCB-1.64sigma-Shield,58,5,0.6,0.6,0.6,0.6,0.6
0,2,0,1,1.0,0.0,0.76278657,0.6677499,0.875408569397236,1.0,21.0,0.0,0.0,1.0,0.0,29.0,21.0,29.0,Greedy-SLA,Full-CertiTwin-q90,58,5,0.6,0.6,0.6,0.6,0.6
0,4,0,1,1.0,0.0,0.76278657,0.76313806,1.000460797309265,1.0,57.0,0.0,0.0,1.0,0.0,29.0,39.0,11.0,Greedy-SLA,SLA-Rule-Shield,58,5,0.6,0.6,0.6,0.6,0.6
0,2,0,1,1.0,0.0,0.76278657,0.6677499,0.875408569397236,1.0,21.0,0.0,0.0,1.0,0.0,29.0,21.0,29.0,Greedy-SLA,Fixed-UCB-1sigma-Shield,58,5,0.6,0.6,0.6,0.6,0.6
0,2,0,1,1.0,0.0,0.76278657,0.6677499,0.875408569397236,1.0,21.0,0.0,0.0,1.0,0.0,29.0,21.0,29.0,Greedy-SLA,Fixed-UCB-1.64sigma-Shield,58,5,0.6,0.6,0.6,0.6,0.6
0,2,0,1,1.0,0.0,0.76278657,0.6677499,0.875408569397236,1.0,21.0,0.0,0.0,1.0,0.0,29.0,21.0,29.0,DT-Top1,Full-CertiTwin-q90,58,5,0.6,0.6,0.6,0.6,0.6
0,4,0,1,1.0,0.0,0.76278657,0.76313806,1.000460797309265,1.0,57.0,0.0,0.0,1.0,0.0,29.0,39.0,11.0,DT-Top1,SLA-Rule-Shield,58,5,0.6,0.6,0.6,0.6,0.6
0,2,0,1,1.0,0.0,0.76278657,0.6677499,0.875408569397236,1.0,21.0,0.0,0.0,1.0,0.0,29.0,21.0,29.0,DT-Top1,Fixed-UCB-1sigma-Shield,58,5,0.6,0.6,0.6,0.6,0.6
0,2,0,1,1.0,0.0,0.76278657,0.6677499,0.875408569397236,1.0,21.0,0.0,0.0,1.0,0.0,29.0,21.0,29.0,DT-Top1,Fixed-UCB-1.64sigma-Shield,58,5,0.6,0.6,0.6,0.6,0.6
2,2,1,1,0.0,0.0,0.6780778,0.6780778,0.9999999999985252,0.0,0.0,0.0,0.0,1.0,21.0,29.0,21.0,29.0,PF,Full-CertiTwin-q90,59,5,0.6,0.6,0.6,0.6,0.6
2,2,1,1,0.0,0.0,0.6780778,0.6780778,0.9999999999985252,0.0,0.0,0.0,0.0,1.0,21.0,29.0,21.0,29.0,PF,SLA-Rule-Shield,59,5,0.6,0.6,0.6,0.6,0.6
2,2,1,1,0.0,0.0,0.6780778,0.6780778,0.9999999999985252,0.0,0.0,0.0,0.0,1.0,21.0,29.0,21.0,29.0,PF,Fixed-UCB-1sigma-Shield,59,5,0.6,0.6,0.6,0.6,0.6
2,2,1,1,0.0,0.0,0.6780778,0.6780778,0.9999999999985252,0.0,0.0,0.0,0.0,1.0,21.0,29.0,21.0,29.0,PF,Fixed-UCB-1.64sigma-Shield,59,5,0.6,0.6,0.6,0.6,0.6
4,4,1,1,0.0,0.0,0.76313806,0.76313806,0.9999999999986896,0.0,0.0,0.0,0.0,1.0,39.0,11.0,39.0,11.0,Greedy-SLA,Full-CertiTwin-q90,59,5,0.6,0.6,0.6,0.6,0.6
4,4,1,1,0.0,0.0,0.76313806,0.76313806,0.9999999999986896,0.0,0.0,0.0,0.0,1.0,39.0,11.0,39.0,11.0,Greedy-SLA,SLA-Rule-Shield,59,5,0.6,0.6,0.6,0.6,0.6
4,4,1,1,0.0,0.0,0.76313806,0.76313806,0.9999999999986896,0.0,0.0,0.0,0.0,1.0,39.0,11.0,39.0,11.0,Greedy-SLA,Fixed-UCB-1sigma-Shield,59,5,0.6,0.6,0.6,0.6,0.6
4,4,1,1,0.0,0.0,0.76313806,0.76313806,0.9999999999986896,0.0,0.0,0.0,0.0,1.0,39.0,11.0,39.0,11.0,Greedy-SLA,Fixed-UCB-1.64sigma-Shield,59,5,0.6,0.6,0.6,0.6,0.6
4,4,1,1,0.0,0.0,0.76313806,0.76313806,0.9999999999986896,0.0,0.0,0.0,0.0,1.0,39.0,11.0,39.0,11.0,DT-Top1,Full-CertiTwin-q90,59,5,0.6,0.6,0.6,0.6,0.6
4,4,1,1,0.0,0.0,0.76313806,0.76313806,0.9999999999986896,0.0,0.0,0.0,0.0,1.0,39.0,11.0,39.0,11.0,DT-Top1,SLA-Rule-Shield,59,5,0.6,0.6,0.6,0.6,0.6
4,4,1,1,0.0,0.0,0.76313806,0.76313806,0.9999999999986896,0.0,0.0,0.0,0.0,1.0,39.0,11.0,39.0,11.0,DT-Top1,Fixed-UCB-1sigma-Shield,59,5,0.6,0.6,0.6,0.6,0.6
4,4,1,1,0.0,0.0,0.76313806,0.76313806,0.9999999999986896,0.0,0.0,0.0,0.0,1.0,39.0,11.0,39.0,11.0,DT-Top1,Fixed-UCB-1.64sigma-Shield,59,5,0.6,0.6,0.6,0.6,0.6
2,2,1,1,0.0,0.0,0.6677499,0.6677499,0.9999999999985024,0.0,0.0,0.0,0.0,1.0,21.0,29.0,21.0,29.0,PF,Full-CertiTwin-q90,60,5,0.6,0.6,0.6,0.6,0.6
2,2,1,1,0.0,0.0,0.6677499,0.6677499,0.9999999999985024,0.0,0.0,0.0,0.0,1.0,21.0,29.0,21.0,29.0,PF,SLA-Rule-Shield,60,5,0.6,0.6,0.6,0.6,0.6
2,2,1,1,0.0,0.0,0.6677499,0.6677499,0.9999999999985024,0.0,0.0,0.0,0.0,1.0,21.0,29.0,21.0,29.0,PF,Fixed-UCB-1sigma-Shield,60,5,0.6,0.6,0.6,0.6,0.6
2,2,1,1,0.0,0.0,0.6677499,0.6677499,0.9999999999985024,0.0,0.0,0.0,0.0,1.0,21.0,29.0,21.0,29.0,PF,Fixed-UCB-1.64sigma-Shield,60,5,0.6,0.6,0.6,0.6,0.6
4,4,1,1,0.0,0.0,0.76313806,0.76313806,0.9999999999986896,0.0,0.0,0.0,0.0,1.0,39.0,11.0,39.0,11.0,Greedy-SLA,Full-CertiTwin-q90,60,5,0.6,0.6,0.6,0.6,0.6
4,4,1,1,0.0,0.0,0.76313806,0.76313806,0.9999999999986896,0.0,0.0,0.0,0.0,1.0,39.0,11.0,39.0,11.0,Greedy-SLA,SLA-Rule-Shield,60,5,0.6,0.6,0.6,0.6,0.6
4,4,1,1,0.0,0.0,0.76313806,0.76313806,0.9999999999986896,0.0,0.0,0.0,0.0,1.0,39.0,11.0,39.0,11.0,Greedy-SLA,Fixed-UCB-1sigma-Shield,60,5,0.6,0.6,0.6,0.6,0.6
4,4,1,1,0.0,0.0,0.76313806,0.76313806,0.9999999999986896,0.0,0.0,0.0,0.0,1.0,39.0,11.0,39.0,11.0,Greedy-SLA,Fixed-UCB-1.64sigma-Shield,60,5,0.6,0.6,0.6,0.6,0.6
0,2,0,1,1.0,0.0,0.76278657,0.6677499,0.875408569397236,1.0,21.0,0.0,0.0,1.0,0.0,29.0,21.0,29.0,DT-Top1,Full-CertiTwin-q90,60,5,0.6,0.6,0.6,0.6,0.6
0,4,0,1,1.0,0.0,0.76278657,0.76313806,1.000460797309265,1.0,57.0,0.0,0.0,1.0,0.0,29.0,39.0,11.0,DT-Top1,SLA-Rule-Shield,60,5,0.6,0.6,0.6,0.6,0.6
0,2,0,1,1.0,0.0,0.76278657,0.6677499,0.875408569397236,1.0,21.0,0.0,0.0,1.0,0.0,29.0,21.0,29.0,DT-Top1,Fixed-UCB-1sigma-Shield,60,5,0.6,0.6,0.6,0.6,0.6
0,2,0,1,1.0,0.0,0.76278657,0.6677499,0.875408569397236,1.0,21.0,0.0,0.0,1.0,0.0,29.0,21.0,29.0,DT-Top1,Fixed-UCB-1.64sigma-Shield,60,5,0.6,0.6,0.6,0.6,0.6
2,2,1,1,0.0,0.0,0.6677499,0.6677499,0.9999999999985024,0.0,0.0,0.0,0.0,1.0,21.0,29.0,21.0,29.0,PF,Full-CertiTwin-q90,61,5,0.6,0.6,0.6,0.6,0.6
2,2,1,1,0.0,0.0,0.6677499,0.6677499,0.9999999999985024,0.0,0.0,0.0,0.0,1.0,21.0,29.0,21.0,29.0,PF,SLA-Rule-Shield,61,5,0.6,0.6,0.6,0.6,0.6
2,2,1,1,0.0,0.0,0.6677499,0.6677499,0.9999999999985024,0.0,0.0,0.0,0.0,1.0,21.0,29.0,21.0,29.0,PF,Fixed-UCB-1sigma-Shield,61,5,0.6,0.6,0.6,0.6,0.6
2,2,1,1,0.0,0.0,0.6677499,0.6677499,0.9999999999985024,0.0,0.0,0.0,0.0,1.0,21.0,29.0,21.0,29.0,PF,Fixed-UCB-1.64sigma-Shield,61,5,0.6,0.6,0.6,0.6,0.6
4,4,1,1,0.0,0.0,0.76313806,0.76313806,0.9999999999986896,0.0,0.0,0.0,0.0,1.0,39.0,11.0,39.0,11.0,Greedy-SLA,Full-CertiTwin-q90,61,5,0.6,0.6,0.6,0.6,0.6
4,4,1,1,0.0,0.0,0.76313806,0.76313806,0.9999999999986896,0.0,0.0,0.0,0.0,1.0,39.0,11.0,39.0,11.0,Greedy-SLA,SLA-Rule-Shield,61,5,0.6,0.6,0.6,0.6,0.6
4,4,1,1,0.0,0.0,0.76313806,0.76313806,0.9999999999986896,0.0,0.0,0.0,0.0,1.0,39.0,11.0,39.0,11.0,Greedy-SLA,Fixed-UCB-1sigma-Shield,61,5,0.6,0.6,0.6,0.6,0.6
4,4,1,1,0.0,0.0,0.76313806,0.76313806,0.9999999999986896,0.0,0.0,0.0,0.0,1.0,39.0,11.0,39.0,11.0,Greedy-SLA,Fixed-UCB-1.64sigma-Shield,61,5,0.6,0.6,0.6,0.6,0.6
0,2,0,1,1.0,0.0,0.76278657,0.6677499,0.875408569397236,1.0,21.0,0.0,0.0,1.0,0.0,29.0,21.0,29.0,DT-Top1,Full-CertiTwin-q90,61,5,0.6,0.6,0.6,0.6,0.6
0,4,0,1,1.0,0.0,0.76278657,0.76313806,1.000460797309265,1.0,57.0,0.0,0.0,1.0,0.0,29.0,39.0,11.0,DT-Top1,SLA-Rule-Shield,61,5,0.6,0.6,0.6,0.6,0.6
0,2,0,1,1.0,0.0,0.76278657,0.6677499,0.875408569397236,1.0,21.0,0.0,0.0,1.0,0.0,29.0,21.0,29.0,DT-Top1,Fixed-UCB-1sigma-Shield,61,5,0.6,0.6,0.6,0.6,0.6
0,2,0,1,1.0,0.0,0.76278657,0.6677499,0.875408569397236,1.0,21.0,0.0,0.0,1.0,0.0,29.0,21.0,29.0,DT-Top1,Fixed-UCB-1.64sigma-Shield,61,5,0.6,0.6,0.6,0.6,0.6
2,2,1,1,0.0,0.0,0.6677499,0.6677499,0.9999999999985024,0.0,0.0,0.0,0.0,1.0,21.0,29.0,21.0,29.0,PF,Full-CertiTwin-q90,62,5,0.6,0.6,0.6,0.6,0.6
2,2,1,1,0.0,0.0,0.6677499,0.6677499,0.9999999999985024,0.0,0.0,0.0,0.0,1.0,21.0,29.0,21.0,29.0,PF,SLA-Rule-Shield,62,5,0.6,0.6,0.6,0.6,0.6
2,2,1,1,0.0,0.0,0.6677499,0.6677499,0.9999999999985024,0.0,0.0,0.0,0.0,1.0,21.0,29.0,21.0,29.0,PF,Fixed-UCB-1sigma-Shield,62,5,0.6,0.6,0.6,0.6,0.6
2,2,1,1,0.0,0.0,0.6677499,0.6677499,0.9999999999985024,0.0,0.0,0.0,0.0,1.0,21.0,29.0,21.0,29.0,PF,Fixed-UCB-1.64sigma-Shield,62,5,0.6,0.6,0.6,0.6,0.6
4,4,1,1,0.0,0.0,0.7566483,0.7566483,0.9999999999986784,0.0,0.0,0.0,0.0,1.0,39.0,11.0,39.0,11.0,Greedy-SLA,Full-CertiTwin-q90,62,5,0.6,0.6,0.6,0.6,0.6
4,4,1,1,0.0,0.0,0.7566483,0.7566483,0.9999999999986784,0.0,0.0,0.0,0.0,1.0,39.0,11.0,39.0,11.0,Greedy-SLA,SLA-Rule-Shield,62,5,0.6,0.6,0.6,0.6,0.6
4,4,1,1,0.0,0.0,0.7566483,0.7566483,0.9999999999986784,0.0,0.0,0.0,0.0,1.0,39.0,11.0,39.0,11.0,Greedy-SLA,Fixed-UCB-1sigma-Shield,62,5,0.6,0.6,0.6,0.6,0.6
4,4,1,1,0.0,0.0,0.7566483,0.7566483,0.9999999999986784,0.0,0.0,0.0,0.0,1.0,39.0,11.0,39.0,11.0,Greedy-SLA,Fixed-UCB-1.64sigma-Shield,62,5,0.6,0.6,0.6,0.6,0.6
4,4,1,1,0.0,0.0,0.7566483,0.7566483,0.9999999999986784,0.0,0.0,0.0,0.0,1.0,39.0,11.0,39.0,11.0,DT-Top1,Full-CertiTwin-q90,62,5,0.6,0.6,0.6,0.6,0.6
4,4,1,1,0.0,0.0,0.7566483,0.7566483,0.9999999999986784,0.0,0.0,0.0,0.0,1.0,39.0,11.0,39.0,11.0,DT-Top1,SLA-Rule-Shield,62,5,0.6,0.6,0.6,0.6,0.6
4,4,1,1,0.0,0.0,0.7566483,0.7566483,0.9999999999986784,0.0,0.0,0.0,0.0,1.0,39.0,11.0,39.0,11.0,DT-Top1,Fixed-UCB-1sigma-Shield,62,5,0.6,0.6,0.6,0.6,0.6
4,4,1,1,0.0,0.0,0.7566483,0.7566483,0.9999999999986784,0.0,0.0,0.0,0.0,1.0,39.0,11.0,39.0,11.0,DT-Top1,Fixed-UCB-1.64sigma-Shield,62,5,0.6,0.6,0.6,0.6,0.6
2,2,1,1,0.0,0.0,0.6677499,0.6677499,0.9999999999985024,0.0,0.0,0.0,0.0,1.0,21.0,29.0,21.0,29.0,PF,Full-CertiTwin-q90,63,5,0.6,0.6,0.6,0.6,0.6
2,2,1,1,0.0,0.0,0.6677499,0.6677499,0.9999999999985024,0.0,0.0,0.0,0.0,1.0,21.0,29.0,21.0,29.0,PF,SLA-Rule-Shield,63,5,0.6,0.6,0.6,0.6,0.6
2,2,1,1,0.0,0.0,0.6677499,0.6677499,0.9999999999985024,0.0,0.0,0.0,0.0,1.0,21.0,29.0,21.0,29.0,PF,Fixed-UCB-1sigma-Shield,63,5,0.6,0.6,0.6,0.6,0.6
2,2,1,1,0.0,0.0,0.6677499,0.6677499,0.9999999999985024,0.0,0.0,0.0,0.0,1.0,21.0,29.0,21.0,29.0,PF,Fixed-UCB-1.64sigma-Shield,63,5,0.6,0.6,0.6,0.6,0.6
4,4,1,1,0.0,0.0,0.76313806,0.76313806,0.9999999999986896,0.0,0.0,0.0,0.0,1.0,39.0,11.0,39.0,11.0,Greedy-SLA,Full-CertiTwin-q90,63,5,0.6,0.6,0.6,0.6,0.6
4,4,1,1,0.0,0.0,0.76313806,0.76313806,0.9999999999986896,0.0,0.0,0.0,0.0,1.0,39.0,11.0,39.0,11.0,Greedy-SLA,SLA-Rule-Shield,63,5,0.6,0.6,0.6,0.6,0.6
4,4,1,1,0.0,0.0,0.76313806,0.76313806,0.9999999999986896,0.0,0.0,0.0,0.0,1.0,39.0,11.0,39.0,11.0,Greedy-SLA,Fixed-UCB-1sigma-Shield,63,5,0.6,0.6,0.6,0.6,0.6
4,4,1,1,0.0,0.0,0.76313806,0.76313806,0.9999999999986896,0.0,0.0,0.0,0.0,1.0,39.0,11.0,39.0,11.0,Greedy-SLA,Fixed-UCB-1.64sigma-Shield,63,5,0.6,0.6,0.6,0.6,0.6
0,2,0,1,1.0,0.0,0.76278657,0.6677499,0.875408569397236,1.0,21.0,0.0,0.0,1.0,0.0,29.0,21.0,29.0,DT-Top1,Full-CertiTwin-q90,63,5,0.6,0.6,0.6,0.6,0.6
0,4,0,1,1.0,0.0,0.76278657,0.76313806,1.000460797309265,1.0,57.0,0.0,0.0,1.0,0.0,29.0,39.0,11.0,DT-Top1,SLA-Rule-Shield,63,5,0.6,0.6,0.6,0.6,0.6
0,2,0,1,1.0,0.0,0.76278657,0.6677499,0.875408569397236,1.0,21.0,0.0,0.0,1.0,0.0,29.0,21.0,29.0,DT-Top1,Fixed-UCB-1sigma-Shield,63,5,0.6,0.6,0.6,0.6,0.6
0,2,0,1,1.0,0.0,0.76278657,0.6677499,0.875408569397236,1.0,21.0,0.0,0.0,1.0,0.0,29.0,21.0,29.0,DT-Top1,Fixed-UCB-1.64sigma-Shield,63,5,0.6,0.6,0.6,0.6,0.6
2,2,1,1,0.0,0.0,0.6677499,0.6677499,0.9999999999985024,0.0,0.0,0.0,0.0,1.0,21.0,29.0,21.0,29.0,PF,Full-CertiTwin-q90,64,5,0.6,0.6,0.6,0.6,0.6
2,2,1,1,0.0,0.0,0.6677499,0.6677499,0.9999999999985024,0.0,0.0,0.0,0.0,1.0,21.0,29.0,21.0,29.0,PF,SLA-Rule-Shield,64,5,0.6,0.6,0.6,0.6,0.6
2,2,1,1,0.0,0.0,0.6677499,0.6677499,0.9999999999985024,0.0,0.0,0.0,0.0,1.0,21.0,29.0,21.0,29.0,PF,Fixed-UCB-1sigma-Shield,64,5,0.6,0.6,0.6,0.6,0.6
2,2,1,1,0.0,0.0,0.6677499,0.6677499,0.9999999999985024,0.0,0.0,0.0,0.0,1.0,21.0,29.0,21.0,29.0,PF,Fixed-UCB-1.64sigma-Shield,64,5,0.6,0.6,0.6,0.6,0.6
0,2,0,1,1.0,0.0,0.76278657,0.6677499,0.875408569397236,1.0,21.0,0.0,0.0,1.0,0.0,29.0,21.0,29.0,Greedy-SLA,Full-CertiTwin-q90,64,5,0.6,0.6,0.6,0.6,0.6
0,4,0,1,1.0,0.0,0.76278657,0.7777951,1.0196759232388952,1.0,57.0,0.0,0.0,1.0,0.0,29.0,39.0,11.0,Greedy-SLA,SLA-Rule-Shield,64,5,0.6,0.6,0.6,0.6,0.6
0,2,0,1,1.0,0.0,0.76278657,0.6677499,0.875408569397236,1.0,21.0,0.0,0.0,1.0,0.0,29.0,21.0,29.0,Greedy-SLA,Fixed-UCB-1sigma-Shield,64,5,0.6,0.6,0.6,0.6,0.6
0,2,0,1,1.0,0.0,0.76278657,0.6677499,0.875408569397236,1.0,21.0,0.0,0.0,1.0,0.0,29.0,21.0,29.0,Greedy-SLA,Fixed-UCB-1.64sigma-Shield,64,5,0.6,0.6,0.6,0.6,0.6
0,2,0,1,1.0,0.0,0.76278657,0.6677499,0.875408569397236,1.0,21.0,0.0,0.0,1.0,0.0,29.0,21.0,29.0,DT-Top1,Full-CertiTwin-q90,64,5,0.6,0.6,0.6,0.6,0.6
0,4,0,1,1.0,0.0,0.76278657,0.7777951,1.0196759232388952,1.0,57.0,0.0,0.0,1.0,0.0,29.0,39.0,11.0,DT-Top1,SLA-Rule-Shield,64,5,0.6,0.6,0.6,0.6,0.6
0,2,0,1,1.0,0.0,0.76278657,0.6677499,0.875408569397236,1.0,21.0,0.0,0.0,1.0,0.0,29.0,21.0,29.0,DT-Top1,Fixed-UCB-1sigma-Shield,64,5,0.6,0.6,0.6,0.6,0.6
0,2,0,1,1.0,0.0,0.76278657,0.6677499,0.875408569397236,1.0,21.0,0.0,0.0,1.0,0.0,29.0,21.0,29.0,DT-Top1,Fixed-UCB-1.64sigma-Shield,64,5,0.6,0.6,0.6,0.6,0.6
2,2,1,1,0.0,0.0,0.65129316,0.65129316,0.9999999999984648,0.0,0.0,0.0,0.0,1.0,21.0,29.0,21.0,29.0,PF,Full-CertiTwin-q90,65,5,0.6,0.6,0.6,0.6,0.6
2,2,1,1,0.0,0.0,0.65129316,0.65129316,0.9999999999984648,0.0,0.0,0.0,0.0,1.0,21.0,29.0,21.0,29.0,PF,SLA-Rule-Shield,65,5,0.6,0.6,0.6,0.6,0.6
2,2,1,1,0.0,0.0,0.65129316,0.65129316,0.9999999999984648,0.0,0.0,0.0,0.0,1.0,21.0,29.0,21.0,29.0,PF,Fixed-UCB-1sigma-Shield,65,5,0.6,0.6,0.6,0.6,0.6
2,2,1,1,0.0,0.0,0.65129316,0.65129316,0.9999999999984648,0.0,0.0,0.0,0.0,1.0,21.0,29.0,21.0,29.0,PF,Fixed-UCB-1.64sigma-Shield,65,5,0.6,0.6,0.6,0.6,0.6
4,4,1,1,0.0,0.0,0.76313806,0.76313806,0.9999999999986896,0.0,0.0,0.0,0.0,1.0,39.0,11.0,39.0,11.0,Greedy-SLA,Full-CertiTwin-q90,65,5,0.6,0.6,0.6,0.6,0.6
4,4,1,1,0.0,0.0,0.76313806,0.76313806,0.9999999999986896,0.0,0.0,0.0,0.0,1.0,39.0,11.0,39.0,11.0,Greedy-SLA,SLA-Rule-Shield,65,5,0.6,0.6,0.6,0.6,0.6
4,4,1,1,0.0,0.0,0.76313806,0.76313806,0.9999999999986896,0.0,0.0,0.0,0.0,1.0,39.0,11.0,39.0,11.0,Greedy-SLA,Fixed-UCB-1sigma-Shield,65,5,0.6,0.6,0.6,0.6,0.6
4,4,1,1,0.0,0.0,0.76313806,0.76313806,0.9999999999986896,0.0,0.0,0.0,0.0,1.0,39.0,11.0,39.0,11.0,Greedy-SLA,Fixed-UCB-1.64sigma-Shield,65,5,0.6,0.6,0.6,0.6,0.6
0,2,0,1,1.0,0.0,0.76278657,0.65129316,0.8538340678954877,1.0,21.0,0.0,0.0,1.0,0.0,29.0,21.0,29.0,DT-Top1,Full-CertiTwin-q90,65,5,0.6,0.6,0.6,0.6,0.6
0,4,0,1,1.0,0.0,0.76278657,0.76313806,1.000460797309265,1.0,57.0,0.0,0.0,1.0,0.0,29.0,39.0,11.0,DT-Top1,SLA-Rule-Shield,65,5,0.6,0.6,0.6,0.6,0.6
0,2,0,1,1.0,0.0,0.76278657,0.65129316,0.8538340678954877,1.0,21.0,0.0,0.0,1.0,0.0,29.0,21.0,29.0,DT-Top1,Fixed-UCB-1sigma-Shield,65,5,0.6,0.6,0.6,0.6,0.6
0,2,0,1,1.0,0.0,0.76278657,0.65129316,0.8538340678954877,1.0,21.0,0.0,0.0,1.0,0.0,29.0,21.0,29.0,DT-Top1,Fixed-UCB-1.64sigma-Shield,65,5,0.6,0.6,0.6,0.6,0.6
2,2,1,1,0.0,0.0,0.6677499,0.6677499,0.9999999999985024,0.0,0.0,0.0,0.0,1.0,21.0,29.0,21.0,29.0,PF,Full-CertiTwin-q90,66,5,0.6,0.6,0.6,0.6,0.6
2,2,1,1,0.0,0.0,0.6677499,0.6677499,0.9999999999985024,0.0,0.0,0.0,0.0,1.0,21.0,29.0,21.0,29.0,PF,SLA-Rule-Shield,66,5,0.6,0.6,0.6,0.6,0.6
2,2,1,1,0.0,0.0,0.6677499,0.6677499,0.9999999999985024,0.0,0.0,0.0,0.0,1.0,21.0,29.0,21.0,29.0,PF,Fixed-UCB-1sigma-Shield,66,5,0.6,0.6,0.6,0.6,0.6
2,2,1,1,0.0,0.0,0.6677499,0.6677499,0.9999999999985024,0.0,0.0,0.0,0.0,1.0,21.0,29.0,21.0,29.0,PF,Fixed-UCB-1.64sigma-Shield,66,5,0.6,0.6,0.6,0.6,0.6
4,4,1,1,0.0,0.0,0.7566483,0.7566483,0.9999999999986784,0.0,0.0,0.0,0.0,1.0,39.0,11.0,39.0,11.0,Greedy-SLA,Full-CertiTwin-q90,66,5,0.6,0.6,0.6,0.6,0.6
4,4,1,1,0.0,0.0,0.7566483,0.7566483,0.9999999999986784,0.0,0.0,0.0,0.0,1.0,39.0,11.0,39.0,11.0,Greedy-SLA,SLA-Rule-Shield,66,5,0.6,0.6,0.6,0.6,0.6
4,4,1,1,0.0,0.0,0.7566483,0.7566483,0.9999999999986784,0.0,0.0,0.0,0.0,1.0,39.0,11.0,39.0,11.0,Greedy-SLA,Fixed-UCB-1sigma-Shield,66,5,0.6,0.6,0.6,0.6,0.6
4,4,1,1,0.0,0.0,0.7566483,0.7566483,0.9999999999986784,0.0,0.0,0.0,0.0,1.0,39.0,11.0,39.0,11.0,Greedy-SLA,Fixed-UCB-1.64sigma-Shield,66,5,0.6,0.6,0.6,0.6,0.6
0,2,0,1,1.0,0.0,0.76278657,0.6677499,0.875408569397236,1.0,21.0,0.0,0.0,1.0,0.0,29.0,21.0,29.0,DT-Top1,Full-CertiTwin-q90,66,5,0.6,0.6,0.6,0.6,0.6
0,4,0,1,1.0,0.0,0.76278657,0.7566483,0.9919528341971308,1.0,57.0,0.0,0.0,1.0,0.0,29.0,39.0,11.0,DT-Top1,SLA-Rule-Shield,66,5,0.6,0.6,0.6,0.6,0.6
0,2,0,1,1.0,0.0,0.76278657,0.6677499,0.875408569397236,1.0,21.0,0.0,0.0,1.0,0.0,29.0,21.0,29.0,DT-Top1,Fixed-UCB-1sigma-Shield,66,5,0.6,0.6,0.6,0.6,0.6
0,2,0,1,1.0,0.0,0.76278657,0.6677499,0.875408569397236,1.0,21.0,0.0,0.0,1.0,0.0,29.0,21.0,29.0,DT-Top1,Fixed-UCB-1.64sigma-Shield,66,5,0.6,0.6,0.6,0.6,0.6
2,2,1,1,0.0,0.0,0.65129316,0.65129316,0.9999999999984648,0.0,0.0,0.0,0.0,1.0,21.0,29.0,21.0,29.0,PF,Full-CertiTwin-q90,67,5,0.6,0.6,0.6,0.6,0.6
2,2,1,1,0.0,0.0,0.65129316,0.65129316,0.9999999999984648,0.0,0.0,0.0,0.0,1.0,21.0,29.0,21.0,29.0,PF,SLA-Rule-Shield,67,5,0.6,0.6,0.6,0.6,0.6
2,2,1,1,0.0,0.0,0.65129316,0.65129316,0.9999999999984648,0.0,0.0,0.0,0.0,1.0,21.0,29.0,21.0,29.0,PF,Fixed-UCB-1sigma-Shield,67,5,0.6,0.6,0.6,0.6,0.6
2,2,1,1,0.0,0.0,0.65129316,0.65129316,0.9999999999984648,0.0,0.0,0.0,0.0,1.0,21.0,29.0,21.0,29.0,PF,Fixed-UCB-1.64sigma-Shield,67,5,0.6,0.6,0.6,0.6,0.6
4,4,1,1,0.0,0.0,0.76313806,0.76313806,0.9999999999986896,0.0,0.0,0.0,0.0,1.0,39.0,11.0,39.0,11.0,Greedy-SLA,Full-CertiTwin-q90,67,5,0.6,0.6,0.6,0.6,0.6
4,4,1,1,0.0,0.0,0.76313806,0.76313806,0.9999999999986896,0.0,0.0,0.0,0.0,1.0,39.0,11.0,39.0,11.0,Greedy-SLA,SLA-Rule-Shield,67,5,0.6,0.6,0.6,0.6,0.6
4,4,1,1,0.0,0.0,0.76313806,0.76313806,0.9999999999986896,0.0,0.0,0.0,0.0,1.0,39.0,11.0,39.0,11.0,Greedy-SLA,Fixed-UCB-1sigma-Shield,67,5,0.6,0.6,0.6,0.6,0.6
4,4,1,1,0.0,0.0,0.76313806,0.76313806,0.9999999999986896,0.0,0.0,0.0,0.0,1.0,39.0,11.0,39.0,11.0,Greedy-SLA,Fixed-UCB-1.64sigma-Shield,67,5,0.6,0.6,0.6,0.6,0.6
4,4,1,1,0.0,0.0,0.76313806,0.76313806,0.9999999999986896,0.0,0.0,0.0,0.0,1.0,39.0,11.0,39.0,11.0,DT-Top1,Full-CertiTwin-q90,67,5,0.6,0.6,0.6,0.6,0.6
4,4,1,1,0.0,0.0,0.76313806,0.76313806,0.9999999999986896,0.0,0.0,0.0,0.0,1.0,39.0,11.0,39.0,11.0,DT-Top1,SLA-Rule-Shield,67,5,0.6,0.6,0.6,0.6,0.6
4,4,1,1,0.0,0.0,0.76313806,0.76313806,0.9999999999986896,0.0,0.0,0.0,0.0,1.0,39.0,11.0,39.0,11.0,DT-Top1,Fixed-UCB-1sigma-Shield,67,5,0.6,0.6,0.6,0.6,0.6
4,4,1,1,0.0,0.0,0.76313806,0.76313806,0.9999999999986896,0.0,0.0,0.0,0.0,1.0,39.0,11.0,39.0,11.0,DT-Top1,Fixed-UCB-1.64sigma-Shield,67,5,0.6,0.6,0.6,0.6,0.6
2,2,1,1,0.0,0.0,0.6677499,0.6677499,0.9999999999985024,0.0,0.0,0.0,0.0,1.0,21.0,29.0,21.0,29.0,PF,Full-CertiTwin-q90,68,5,0.6,0.6,0.6,0.6,0.6
2,2,1,1,0.0,0.0,0.6677499,0.6677499,0.9999999999985024,0.0,0.0,0.0,0.0,1.0,21.0,29.0,21.0,29.0,PF,SLA-Rule-Shield,68,5,0.6,0.6,0.6,0.6,0.6
2,2,1,1,0.0,0.0,0.6677499,0.6677499,0.9999999999985024,0.0,0.0,0.0,0.0,1.0,21.0,29.0,21.0,29.0,PF,Fixed-UCB-1sigma-Shield,68,5,0.6,0.6,0.6,0.6,0.6
2,2,1,1,0.0,0.0,0.6677499,0.6677499,0.9999999999985024,0.0,0.0,0.0,0.0,1.0,21.0,29.0,21.0,29.0,PF,Fixed-UCB-1.64sigma-Shield,68,5,0.6,0.6,0.6,0.6,0.6
4,4,1,1,0.0,0.0,0.7566483,0.7566483,0.9999999999986784,0.0,0.0,0.0,0.0,1.0,39.0,11.0,39.0,11.0,Greedy-SLA,Full-CertiTwin-q90,68,5,0.6,0.6,0.6,0.6,0.6
4,4,1,1,0.0,0.0,0.7566483,0.7566483,0.9999999999986784,0.0,0.0,0.0,0.0,1.0,39.0,11.0,39.0,11.0,Greedy-SLA,SLA-Rule-Shield,68,5,0.6,0.6,0.6,0.6,0.6
4,4,1,1,0.0,0.0,0.7566483,0.7566483,0.9999999999986784,0.0,0.0,0.0,0.0,1.0,39.0,11.0,39.0,11.0,Greedy-SLA,Fixed-UCB-1sigma-Shield,68,5,0.6,0.6,0.6,0.6,0.6
4,4,1,1,0.0,0.0,0.7566483,0.7566483,0.9999999999986784,0.0,0.0,0.0,0.0,1.0,39.0,11.0,39.0,11.0,Greedy-SLA,Fixed-UCB-1.64sigma-Shield,68,5,0.6,0.6,0.6,0.6,0.6
4,4,1,1,0.0,0.0,0.7566483,0.7566483,0.9999999999986784,0.0,0.0,0.0,0.0,1.0,39.0,11.0,39.0,11.0,DT-Top1,Full-CertiTwin-q90,68,5,0.6,0.6,0.6,0.6,0.6
4,4,1,1,0.0,0.0,0.7566483,0.7566483,0.9999999999986784,0.0,0.0,0.0,0.0,1.0,39.0,11.0,39.0,11.0,DT-Top1,SLA-Rule-Shield,68,5,0.6,0.6,0.6,0.6,0.6
4,4,1,1,0.0,0.0,0.7566483,0.7566483,0.9999999999986784,0.0,0.0,0.0,0.0,1.0,39.0,11.0,39.0,11.0,DT-Top1,Fixed-UCB-1sigma-Shield,68,5,0.6,0.6,0.6,0.6,0.6
4,4,1,1,0.0,0.0,0.7566483,0.7566483,0.9999999999986784,0.0,0.0,0.0,0.0,1.0,39.0,11.0,39.0,11.0,DT-Top1,Fixed-UCB-1.64sigma-Shield,68,5,0.6,0.6,0.6,0.6,0.6
2,2,1,1,0.0,0.0,0.6780778,0.6780778,0.9999999999985252,0.0,0.0,0.0,0.0,1.0,21.0,29.0,21.0,29.0,PF,Full-CertiTwin-q90,69,5,0.6,0.6,0.6,0.6,0.6
2,2,1,1,0.0,0.0,0.6780778,0.6780778,0.9999999999985252,0.0,0.0,0.0,0.0,1.0,21.0,29.0,21.0,29.0,PF,SLA-Rule-Shield,69,5,0.6,0.6,0.6,0.6,0.6
2,2,1,1,0.0,0.0,0.6780778,0.6780778,0.9999999999985252,0.0,0.0,0.0,0.0,1.0,21.0,29.0,21.0,29.0,PF,Fixed-UCB-1sigma-Shield,69,5,0.6,0.6,0.6,0.6,0.6
2,2,1,1,0.0,0.0,0.6780778,0.6780778,0.9999999999985252,0.0,0.0,0.0,0.0,1.0,21.0,29.0,21.0,29.0,PF,Fixed-UCB-1.64sigma-Shield,69,5,0.6,0.6,0.6,0.6,0.6
4,4,1,1,0.0,0.0,0.76313806,0.76313806,0.9999999999986896,0.0,0.0,0.0,0.0,1.0,39.0,11.0,39.0,11.0,Greedy-SLA,Full-CertiTwin-q90,69,5,0.6,0.6,0.6,0.6,0.6
4,4,1,1,0.0,0.0,0.76313806,0.76313806,0.9999999999986896,0.0,0.0,0.0,0.0,1.0,39.0,11.0,39.0,11.0,Greedy-SLA,SLA-Rule-Shield,69,5,0.6,0.6,0.6,0.6,0.6
4,4,1,1,0.0,0.0,0.76313806,0.76313806,0.9999999999986896,0.0,0.0,0.0,0.0,1.0,39.0,11.0,39.0,11.0,Greedy-SLA,Fixed-UCB-1sigma-Shield,69,5,0.6,0.6,0.6,0.6,0.6
4,4,1,1,0.0,0.0,0.76313806,0.76313806,0.9999999999986896,0.0,0.0,0.0,0.0,1.0,39.0,11.0,39.0,11.0,Greedy-SLA,Fixed-UCB-1.64sigma-Shield,69,5,0.6,0.6,0.6,0.6,0.6
4,4,1,1,0.0,0.0,0.76313806,0.76313806,0.9999999999986896,0.0,0.0,0.0,0.0,1.0,39.0,11.0,39.0,11.0,DT-Top1,Full-CertiTwin-q90,69,5,0.6,0.6,0.6,0.6,0.6
4,4,1,1,0.0,0.0,0.76313806,0.76313806,0.9999999999986896,0.0,0.0,0.0,0.0,1.0,39.0,11.0,39.0,11.0,DT-Top1,SLA-Rule-Shield,69,5,0.6,0.6,0.6,0.6,0.6
4,4,1,1,0.0,0.0,0.76313806,0.76313806,0.9999999999986896,0.0,0.0,0.0,0.0,1.0,39.0,11.0,39.0,11.0,DT-Top1,Fixed-UCB-1sigma-Shield,69,5,0.6,0.6,0.6,0.6,0.6
4,4,1,1,0.0,0.0,0.76313806,0.76313806,0.9999999999986896,0.0,0.0,0.0,0.0,1.0,39.0,11.0,39.0,11.0,DT-Top1,Fixed-UCB-1.64sigma-Shield,69,5,0.6,0.6,0.6,0.6,0.6
2,2,1,1,0.0,0.0,0.6677499,0.6677499,0.9999999999985024,0.0,0.0,0.0,0.0,1.0,21.0,29.0,21.0,29.0,PF,Full-CertiTwin-q90,70,5,0.6,0.6,0.6,0.6,0.6
2,2,1,1,0.0,0.0,0.6677499,0.6677499,0.9999999999985024,0.0,0.0,0.0,0.0,1.0,21.0,29.0,21.0,29.0,PF,SLA-Rule-Shield,70,5,0.6,0.6,0.6,0.6,0.6
2,2,1,1,0.0,0.0,0.6677499,0.6677499,0.9999999999985024,0.0,0.0,0.0,0.0,1.0,21.0,29.0,21.0,29.0,PF,Fixed-UCB-1sigma-Shield,70,5,0.6,0.6,0.6,0.6,0.6
2,2,1,1,0.0,0.0,0.6677499,0.6677499,0.9999999999985024,0.0,0.0,0.0,0.0,1.0,21.0,29.0,21.0,29.0,PF,Fixed-UCB-1.64sigma-Shield,70,5,0.6,0.6,0.6,0.6,0.6
4,4,1,1,0.0,0.0,0.76313806,0.76313806,0.9999999999986896,0.0,0.0,0.0,0.0,1.0,39.0,11.0,39.0,11.0,Greedy-SLA,Full-CertiTwin-q90,70,5,0.6,0.6,0.6,0.6,0.6
4,4,1,1,0.0,0.0,0.76313806,0.76313806,0.9999999999986896,0.0,0.0,0.0,0.0,1.0,39.0,11.0,39.0,11.0,Greedy-SLA,SLA-Rule-Shield,70,5,0.6,0.6,0.6,0.6,0.6
4,4,1,1,0.0,0.0,0.76313806,0.76313806,0.9999999999986896,0.0,0.0,0.0,0.0,1.0,39.0,11.0,39.0,11.0,Greedy-SLA,Fixed-UCB-1sigma-Shield,70,5,0.6,0.6,0.6,0.6,0.6
4,4,1,1,0.0,0.0,0.76313806,0.76313806,0.9999999999986896,0.0,0.0,0.0,0.0,1.0,39.0,11.0,39.0,11.0,Greedy-SLA,Fixed-UCB-1.64sigma-Shield,70,5,0.6,0.6,0.6,0.6,0.6
0,2,0,1,1.0,0.0,0.76278657,0.6677499,0.875408569397236,1.0,21.0,0.0,0.0,1.0,0.0,29.0,21.0,29.0,DT-Top1,Full-CertiTwin-q90,70,5,0.6,0.6,0.6,0.6,0.6
0,4,0,1,1.0,0.0,0.76278657,0.76313806,1.000460797309265,1.0,57.0,0.0,0.0,1.0,0.0,29.0,39.0,11.0,DT-Top1,SLA-Rule-Shield,70,5,0.6,0.6,0.6,0.6,0.6
0,2,0,1,1.0,0.0,0.76278657,0.6677499,0.875408569397236,1.0,21.0,0.0,0.0,1.0,0.0,29.0,21.0,29.0,DT-Top1,Fixed-UCB-1sigma-Shield,70,5,0.6,0.6,0.6,0.6,0.6
0,2,0,1,1.0,0.0,0.76278657,0.6677499,0.875408569397236,1.0,21.0,0.0,0.0,1.0,0.0,29.0,21.0,29.0,DT-Top1,Fixed-UCB-1.64sigma-Shield,70,5,0.6,0.6,0.6,0.6,0.6
2,2,1,1,0.0,0.0,0.6677499,0.6677499,0.9999999999985024,0.0,0.0,0.0,0.0,1.0,21.0,29.0,21.0,29.0,PF,Full-CertiTwin-q90,71,5,0.6,0.6,0.6,0.6,0.6
2,2,1,1,0.0,0.0,0.6677499,0.6677499,0.9999999999985024,0.0,0.0,0.0,0.0,1.0,21.0,29.0,21.0,29.0,PF,SLA-Rule-Shield,71,5,0.6,0.6,0.6,0.6,0.6
2,2,1,1,0.0,0.0,0.6677499,0.6677499,0.9999999999985024,0.0,0.0,0.0,0.0,1.0,21.0,29.0,21.0,29.0,PF,Fixed-UCB-1sigma-Shield,71,5,0.6,0.6,0.6,0.6,0.6
2,2,1,1,0.0,0.0,0.6677499,0.6677499,0.9999999999985024,0.0,0.0,0.0,0.0,1.0,21.0,29.0,21.0,29.0,PF,Fixed-UCB-1.64sigma-Shield,71,5,0.6,0.6,0.6,0.6,0.6
4,4,1,1,0.0,0.0,0.76313806,0.76313806,0.9999999999986896,0.0,0.0,0.0,0.0,1.0,39.0,11.0,39.0,11.0,Greedy-SLA,Full-CertiTwin-q90,71,5,0.6,0.6,0.6,0.6,0.6
4,4,1,1,0.0,0.0,0.76313806,0.76313806,0.9999999999986896,0.0,0.0,0.0,0.0,1.0,39.0,11.0,39.0,11.0,Greedy-SLA,SLA-Rule-Shield,71,5,0.6,0.6,0.6,0.6,0.6
4,4,1,1,0.0,0.0,0.76313806,0.76313806,0.9999999999986896,0.0,0.0,0.0,0.0,1.0,39.0,11.0,39.0,11.0,Greedy-SLA,Fixed-UCB-1sigma-Shield,71,5,0.6,0.6,0.6,0.6,0.6
4,4,1,1,0.0,0.0,0.76313806,0.76313806,0.9999999999986896,0.0,0.0,0.0,0.0,1.0,39.0,11.0,39.0,11.0,Greedy-SLA,Fixed-UCB-1.64sigma-Shield,71,5,0.6,0.6,0.6,0.6,0.6
0,2,0,1,1.0,0.0,0.77741534,0.6677499,0.8589358424534574,1.0,21.0,0.0,0.0,1.0,0.0,29.0,21.0,29.0,DT-Top1,Full-CertiTwin-q90,71,5,0.6,0.6,0.6,0.6,0.6
0,4,0,1,1.0,0.0,0.77741534,0.76313806,0.981634939180668,1.0,57.0,0.0,0.0,1.0,0.0,29.0,39.0,11.0,DT-Top1,SLA-Rule-Shield,71,5,0.6,0.6,0.6,0.6,0.6
0,2,0,1,1.0,0.0,0.77741534,0.6677499,0.8589358424534574,1.0,21.0,0.0,0.0,1.0,0.0,29.0,21.0,29.0,DT-Top1,Fixed-UCB-1sigma-Shield,71,5,0.6,0.6,0.6,0.6,0.6
0,2,0,1,1.0,0.0,0.77741534,0.6677499,0.8589358424534574,1.0,21.0,0.0,0.0,1.0,0.0,29.0,21.0,29.0,DT-Top1,Fixed-UCB-1.64sigma-Shield,71,5,0.6,0.6,0.6,0.6,0.6
2,2,1,1,0.0,0.0,0.6677499,0.6677499,0.9999999999985024,0.0,0.0,0.0,0.0,1.0,21.0,29.0,21.0,29.0,PF,Full-CertiTwin-q90,72,5,0.6,0.6,0.6,0.6,0.6
2,2,1,1,0.0,0.0,0.6677499,0.6677499,0.9999999999985024,0.0,0.0,0.0,0.0,1.0,21.0,29.0,21.0,29.0,PF,SLA-Rule-Shield,72,5,0.6,0.6,0.6,0.6,0.6
2,2,1,1,0.0,0.0,0.6677499,0.6677499,0.9999999999985024,0.0,0.0,0.0,0.0,1.0,21.0,29.0,21.0,29.0,PF,Fixed-UCB-1sigma-Shield,72,5,0.6,0.6,0.6,0.6,0.6
2,2,1,1,0.0,0.0,0.6677499,0.6677499,0.9999999999985024,0.0,0.0,0.0,0.0,1.0,21.0,29.0,21.0,29.0,PF,Fixed-UCB-1.64sigma-Shield,72,5,0.6,0.6,0.6,0.6,0.6
4,4,1,1,0.0,0.0,0.76313806,0.76313806,0.9999999999986896,0.0,0.0,0.0,0.0,1.0,39.0,11.0,39.0,11.0,Greedy-SLA,Full-CertiTwin-q90,72,5,0.6,0.6,0.6,0.6,0.6
4,4,1,1,0.0,0.0,0.76313806,0.76313806,0.9999999999986896,0.0,0.0,0.0,0.0,1.0,39.0,11.0,39.0,11.0,Greedy-SLA,SLA-Rule-Shield,72,5,0.6,0.6,0.6,0.6,0.6
4,4,1,1,0.0,0.0,0.76313806,0.76313806,0.9999999999986896,0.0,0.0,0.0,0.0,1.0,39.0,11.0,39.0,11.0,Greedy-SLA,Fixed-UCB-1sigma-Shield,72,5,0.6,0.6,0.6,0.6,0.6
4,4,1,1,0.0,0.0,0.76313806,0.76313806,0.9999999999986896,0.0,0.0,0.0,0.0,1.0,39.0,11.0,39.0,11.0,Greedy-SLA,Fixed-UCB-1.64sigma-Shield,72,5,0.6,0.6,0.6,0.6,0.6
0,2,0,1,1.0,0.0,0.76278657,0.6677499,0.875408569397236,1.0,21.0,0.0,0.0,1.0,0.0,29.0,21.0,29.0,DT-Top1,Full-CertiTwin-q90,72,5,0.6,0.6,0.6,0.6,0.6
0,4,0,1,1.0,0.0,0.76278657,0.76313806,1.000460797309265,1.0,57.0,0.0,0.0,1.0,0.0,29.0,39.0,11.0,DT-Top1,SLA-Rule-Shield,72,5,0.6,0.6,0.6,0.6,0.6
0,2,0,1,1.0,0.0,0.76278657,0.6677499,0.875408569397236,1.0,21.0,0.0,0.0,1.0,0.0,29.0,21.0,29.0,DT-Top1,Fixed-UCB-1sigma-Shield,72,5,0.6,0.6,0.6,0.6,0.6
0,2,0,1,1.0,0.0,0.76278657,0.6677499,0.875408569397236,1.0,21.0,0.0,0.0,1.0,0.0,29.0,21.0,29.0,DT-Top1,Fixed-UCB-1.64sigma-Shield,72,5,0.6,0.6,0.6,0.6,0.6
2,2,1,1,0.0,0.0,0.6677499,0.6677499,0.9999999999985024,0.0,0.0,0.0,0.0,1.0,21.0,29.0,21.0,29.0,PF,Full-CertiTwin-q90,73,5,0.6,0.6,0.6,0.6,0.6
2,2,1,1,0.0,0.0,0.6677499,0.6677499,0.9999999999985024,0.0,0.0,0.0,0.0,1.0,21.0,29.0,21.0,29.0,PF,SLA-Rule-Shield,73,5,0.6,0.6,0.6,0.6,0.6
2,2,1,1,0.0,0.0,0.6677499,0.6677499,0.9999999999985024,0.0,0.0,0.0,0.0,1.0,21.0,29.0,21.0,29.0,PF,Fixed-UCB-1sigma-Shield,73,5,0.6,0.6,0.6,0.6,0.6
2,2,1,1,0.0,0.0,0.6677499,0.6677499,0.9999999999985024,0.0,0.0,0.0,0.0,1.0,21.0,29.0,21.0,29.0,PF,Fixed-UCB-1.64sigma-Shield,73,5,0.6,0.6,0.6,0.6,0.6
4,4,1,1,0.0,0.0,0.76313806,0.76313806,0.9999999999986896,0.0,0.0,0.0,0.0,1.0,39.0,11.0,39.0,11.0,Greedy-SLA,Full-CertiTwin-q90,73,5,0.6,0.6,0.6,0.6,0.6
4,4,1,1,0.0,0.0,0.76313806,0.76313806,0.9999999999986896,0.0,0.0,0.0,0.0,1.0,39.0,11.0,39.0,11.0,Greedy-SLA,SLA-Rule-Shield,73,5,0.6,0.6,0.6,0.6,0.6
4,4,1,1,0.0,0.0,0.76313806,0.76313806,0.9999999999986896,0.0,0.0,0.0,0.0,1.0,39.0,11.0,39.0,11.0,Greedy-SLA,Fixed-UCB-1sigma-Shield,73,5,0.6,0.6,0.6,0.6,0.6
4,4,1,1,0.0,0.0,0.76313806,0.76313806,0.9999999999986896,0.0,0.0,0.0,0.0,1.0,39.0,11.0,39.0,11.0,Greedy-SLA,Fixed-UCB-1.64sigma-Shield,73,5,0.6,0.6,0.6,0.6,0.6
0,2,0,1,1.0,0.0,0.77741534,0.6677499,0.8589358424534574,1.0,21.0,0.0,0.0,1.0,0.0,29.0,21.0,29.0,DT-Top1,Full-CertiTwin-q90,73,5,0.6,0.6,0.6,0.6,0.6
0,4,0,1,1.0,0.0,0.77741534,0.76313806,0.981634939180668,1.0,57.0,0.0,0.0,1.0,0.0,29.0,39.0,11.0,DT-Top1,SLA-Rule-Shield,73,5,0.6,0.6,0.6,0.6,0.6
0,2,0,1,1.0,0.0,0.77741534,0.6677499,0.8589358424534574,1.0,21.0,0.0,0.0,1.0,0.0,29.0,21.0,29.0,DT-Top1,Fixed-UCB-1sigma-Shield,73,5,0.6,0.6,0.6,0.6,0.6
0,2,0,1,1.0,0.0,0.77741534,0.6677499,0.8589358424534574,1.0,21.0,0.0,0.0,1.0,0.0,29.0,21.0,29.0,DT-Top1,Fixed-UCB-1.64sigma-Shield,73,5,0.6,0.6,0.6,0.6,0.6
2,2,1,1,0.0,0.0,0.6677499,0.6677499,0.9999999999985024,0.0,0.0,0.0,0.0,1.0,21.0,29.0,21.0,29.0,PF,Full-CertiTwin-q90,74,5,0.6,0.6,0.6,0.6,0.6
2,2,1,1,0.0,0.0,0.6677499,0.6677499,0.9999999999985024,0.0,0.0,0.0,0.0,1.0,21.0,29.0,21.0,29.0,PF,SLA-Rule-Shield,74,5,0.6,0.6,0.6,0.6,0.6
2,2,1,1,0.0,0.0,0.6677499,0.6677499,0.9999999999985024,0.0,0.0,0.0,0.0,1.0,21.0,29.0,21.0,29.0,PF,Fixed-UCB-1sigma-Shield,74,5,0.6,0.6,0.6,0.6,0.6
2,2,1,1,0.0,0.0,0.6677499,0.6677499,0.9999999999985024,0.0,0.0,0.0,0.0,1.0,21.0,29.0,21.0,29.0,PF,Fixed-UCB-1.64sigma-Shield,74,5,0.6,0.6,0.6,0.6,0.6
4,4,1,1,0.0,0.0,0.76313806,0.76313806,0.9999999999986896,0.0,0.0,0.0,0.0,1.0,39.0,11.0,39.0,11.0,Greedy-SLA,Full-CertiTwin-q90,74,5,0.6,0.6,0.6,0.6,0.6
4,4,1,1,0.0,0.0,0.76313806,0.76313806,0.9999999999986896,0.0,0.0,0.0,0.0,1.0,39.0,11.0,39.0,11.0,Greedy-SLA,SLA-Rule-Shield,74,5,0.6,0.6,0.6,0.6,0.6
4,4,1,1,0.0,0.0,0.76313806,0.76313806,0.9999999999986896,0.0,0.0,0.0,0.0,1.0,39.0,11.0,39.0,11.0,Greedy-SLA,Fixed-UCB-1sigma-Shield,74,5,0.6,0.6,0.6,0.6,0.6
4,4,1,1,0.0,0.0,0.76313806,0.76313806,0.9999999999986896,0.0,0.0,0.0,0.0,1.0,39.0,11.0,39.0,11.0,Greedy-SLA,Fixed-UCB-1.64sigma-Shield,74,5,0.6,0.6,0.6,0.6,0.6
4,4,1,1,0.0,0.0,0.76313806,0.76313806,0.9999999999986896,0.0,0.0,0.0,0.0,1.0,39.0,11.0,39.0,11.0,DT-Top1,Full-CertiTwin-q90,74,5,0.6,0.6,0.6,0.6,0.6
4,4,1,1,0.0,0.0,0.76313806,0.76313806,0.9999999999986896,0.0,0.0,0.0,0.0,1.0,39.0,11.0,39.0,11.0,DT-Top1,SLA-Rule-Shield,74,5,0.6,0.6,0.6,0.6,0.6
4,4,1,1,0.0,0.0,0.76313806,0.76313806,0.9999999999986896,0.0,0.0,0.0,0.0,1.0,39.0,11.0,39.0,11.0,DT-Top1,Fixed-UCB-1sigma-Shield,74,5,0.6,0.6,0.6,0.6,0.6
4,4,1,1,0.0,0.0,0.76313806,0.76313806,0.9999999999986896,0.0,0.0,0.0,0.0,1.0,39.0,11.0,39.0,11.0,DT-Top1,Fixed-UCB-1.64sigma-Shield,74,5,0.6,0.6,0.6,0.6,0.6
2,2,1,1,0.0,0.0,0.6677499,0.6677499,0.9999999999985024,0.0,0.0,0.0,0.0,1.0,21.0,29.0,21.0,29.0,PF,Full-CertiTwin-q90,75,5,0.6,0.6,0.6,0.6,0.6
2,2,1,1,0.0,0.0,0.6677499,0.6677499,0.9999999999985024,0.0,0.0,0.0,0.0,1.0,21.0,29.0,21.0,29.0,PF,SLA-Rule-Shield,75,5,0.6,0.6,0.6,0.6,0.6
2,2,1,1,0.0,0.0,0.6677499,0.6677499,0.9999999999985024,0.0,0.0,0.0,0.0,1.0,21.0,29.0,21.0,29.0,PF,Fixed-UCB-1sigma-Shield,75,5,0.6,0.6,0.6,0.6,0.6
2,2,1,1,0.0,0.0,0.6677499,0.6677499,0.9999999999985024,0.0,0.0,0.0,0.0,1.0,21.0,29.0,21.0,29.0,PF,Fixed-UCB-1.64sigma-Shield,75,5,0.6,0.6,0.6,0.6,0.6
4,4,1,1,0.0,0.0,0.76313806,0.76313806,0.9999999999986896,0.0,0.0,0.0,0.0,1.0,39.0,11.0,39.0,11.0,Greedy-SLA,Full-CertiTwin-q90,75,5,0.6,0.6,0.6,0.6,0.6
4,4,1,1,0.0,0.0,0.76313806,0.76313806,0.9999999999986896,0.0,0.0,0.0,0.0,1.0,39.0,11.0,39.0,11.0,Greedy-SLA,SLA-Rule-Shield,75,5,0.6,0.6,0.6,0.6,0.6
4,4,1,1,0.0,0.0,0.76313806,0.76313806,0.9999999999986896,0.0,0.0,0.0,0.0,1.0,39.0,11.0,39.0,11.0,Greedy-SLA,Fixed-UCB-1sigma-Shield,75,5,0.6,0.6,0.6,0.6,0.6
4,4,1,1,0.0,0.0,0.76313806,0.76313806,0.9999999999986896,0.0,0.0,0.0,0.0,1.0,39.0,11.0,39.0,11.0,Greedy-SLA,Fixed-UCB-1.64sigma-Shield,75,5,0.6,0.6,0.6,0.6,0.6
4,4,1,1,0.0,0.0,0.76313806,0.76313806,0.9999999999986896,0.0,0.0,0.0,0.0,1.0,39.0,11.0,39.0,11.0,DT-Top1,Full-CertiTwin-q90,75,5,0.6,0.6,0.6,0.6,0.6
4,4,1,1,0.0,0.0,0.76313806,0.76313806,0.9999999999986896,0.0,0.0,0.0,0.0,1.0,39.0,11.0,39.0,11.0,DT-Top1,SLA-Rule-Shield,75,5,0.6,0.6,0.6,0.6,0.6
4,4,1,1,0.0,0.0,0.76313806,0.76313806,0.9999999999986896,0.0,0.0,0.0,0.0,1.0,39.0,11.0,39.0,11.0,DT-Top1,Fixed-UCB-1sigma-Shield,75,5,0.6,0.6,0.6,0.6,0.6
4,4,1,1,0.0,0.0,0.76313806,0.76313806,0.9999999999986896,0.0,0.0,0.0,0.0,1.0,39.0,11.0,39.0,11.0,DT-Top1,Fixed-UCB-1.64sigma-Shield,75,5,0.6,0.6,0.6,0.6,0.6
2,2,1,1,0.0,0.0,0.7186651,0.7186651,0.9999999999986086,0.0,0.0,0.0,0.0,1.0,21.0,29.0,21.0,29.0,PF,Full-CertiTwin-q90,76,5,0.6,0.6,0.6,0.6,0.6
2,2,1,1,0.0,0.0,0.7186651,0.7186651,0.9999999999986086,0.0,0.0,0.0,0.0,1.0,21.0,29.0,21.0,29.0,PF,SLA-Rule-Shield,76,5,0.6,0.6,0.6,0.6,0.6
2,2,1,1,0.0,0.0,0.7186651,0.7186651,0.9999999999986086,0.0,0.0,0.0,0.0,1.0,21.0,29.0,21.0,29.0,PF,Fixed-UCB-1sigma-Shield,76,5,0.6,0.6,0.6,0.6,0.6
2,2,1,1,0.0,0.0,0.7186651,0.7186651,0.9999999999986086,0.0,0.0,0.0,0.0,1.0,21.0,29.0,21.0,29.0,PF,Fixed-UCB-1.64sigma-Shield,76,5,0.6,0.6,0.6,0.6,0.6
4,4,1,1,0.0,0.0,0.76313806,0.76313806,0.9999999999986896,0.0,0.0,0.0,0.0,1.0,39.0,11.0,39.0,11.0,Greedy-SLA,Full-CertiTwin-q90,76,5,0.6,0.6,0.6,0.6,0.6
4,4,1,1,0.0,0.0,0.76313806,0.76313806,0.9999999999986896,0.0,0.0,0.0,0.0,1.0,39.0,11.0,39.0,11.0,Greedy-SLA,SLA-Rule-Shield,76,5,0.6,0.6,0.6,0.6,0.6
4,4,1,1,0.0,0.0,0.76313806,0.76313806,0.9999999999986896,0.0,0.0,0.0,0.0,1.0,39.0,11.0,39.0,11.0,Greedy-SLA,Fixed-UCB-1sigma-Shield,76,5,0.6,0.6,0.6,0.6,0.6
4,4,1,1,0.0,0.0,0.76313806,0.76313806,0.9999999999986896,0.0,0.0,0.0,0.0,1.0,39.0,11.0,39.0,11.0,Greedy-SLA,Fixed-UCB-1.64sigma-Shield,76,5,0.6,0.6,0.6,0.6,0.6
4,4,1,1,0.0,0.0,0.76313806,0.76313806,0.9999999999986896,0.0,0.0,0.0,0.0,1.0,39.0,11.0,39.0,11.0,DT-Top1,Full-CertiTwin-q90,76,5,0.6,0.6,0.6,0.6,0.6
4,4,1,1,0.0,0.0,0.76313806,0.76313806,0.9999999999986896,0.0,0.0,0.0,0.0,1.0,39.0,11.0,39.0,11.0,DT-Top1,SLA-Rule-Shield,76,5,0.6,0.6,0.6,0.6,0.6
4,4,1,1,0.0,0.0,0.76313806,0.76313806,0.9999999999986896,0.0,0.0,0.0,0.0,1.0,39.0,11.0,39.0,11.0,DT-Top1,Fixed-UCB-1sigma-Shield,76,5,0.6,0.6,0.6,0.6,0.6
4,4,1,1,0.0,0.0,0.76313806,0.76313806,0.9999999999986896,0.0,0.0,0.0,0.0,1.0,39.0,11.0,39.0,11.0,DT-Top1,Fixed-UCB-1.64sigma-Shield,76,5,0.6,0.6,0.6,0.6,0.6
2,2,1,1,0.0,0.0,0.6677499,0.6677499,0.9999999999985024,0.0,0.0,0.0,0.0,1.0,21.0,29.0,21.0,29.0,PF,Full-CertiTwin-q90,77,5,0.6,0.6,0.6,0.6,0.6
2,2,1,1,0.0,0.0,0.6677499,0.6677499,0.9999999999985024,0.0,0.0,0.0,0.0,1.0,21.0,29.0,21.0,29.0,PF,SLA-Rule-Shield,77,5,0.6,0.6,0.6,0.6,0.6
2,2,1,1,0.0,0.0,0.6677499,0.6677499,0.9999999999985024,0.0,0.0,0.0,0.0,1.0,21.0,29.0,21.0,29.0,PF,Fixed-UCB-1sigma-Shield,77,5,0.6,0.6,0.6,0.6,0.6
2,2,1,1,0.0,0.0,0.6677499,0.6677499,0.9999999999985024,0.0,0.0,0.0,0.0,1.0,21.0,29.0,21.0,29.0,PF,Fixed-UCB-1.64sigma-Shield,77,5,0.6,0.6,0.6,0.6,0.6
4,4,1,1,0.0,0.0,0.76313806,0.76313806,0.9999999999986896,0.0,0.0,0.0,0.0,1.0,39.0,11.0,39.0,11.0,Greedy-SLA,Full-CertiTwin-q90,77,5,0.6,0.6,0.6,0.6,0.6
4,4,1,1,0.0,0.0,0.76313806,0.76313806,0.9999999999986896,0.0,0.0,0.0,0.0,1.0,39.0,11.0,39.0,11.0,Greedy-SLA,SLA-Rule-Shield,77,5,0.6,0.6,0.6,0.6,0.6
4,4,1,1,0.0,0.0,0.76313806,0.76313806,0.9999999999986896,0.0,0.0,0.0,0.0,1.0,39.0,11.0,39.0,11.0,Greedy-SLA,Fixed-UCB-1sigma-Shield,77,5,0.6,0.6,0.6,0.6,0.6
4,4,1,1,0.0,0.0,0.76313806,0.76313806,0.9999999999986896,0.0,0.0,0.0,0.0,1.0,39.0,11.0,39.0,11.0,Greedy-SLA,Fixed-UCB-1.64sigma-Shield,77,5,0.6,0.6,0.6,0.6,0.6
0,2,0,1,1.0,0.0,0.7592471,0.6677499,0.8794895627512053,1.0,21.0,0.0,0.0,1.0,0.0,29.0,21.0,29.0,DT-Top1,Full-CertiTwin-q90,77,5,0.6,0.6,0.6,0.6,0.6
0,4,0,1,1.0,0.0,0.7592471,0.76313806,1.0051247610942404,1.0,57.0,0.0,0.0,1.0,0.0,29.0,39.0,11.0,DT-Top1,SLA-Rule-Shield,77,5,0.6,0.6,0.6,0.6,0.6
0,2,0,1,1.0,0.0,0.7592471,0.6677499,0.8794895627512053,1.0,21.0,0.0,0.0,1.0,0.0,29.0,21.0,29.0,DT-Top1,Fixed-UCB-1sigma-Shield,77,5,0.6,0.6,0.6,0.6,0.6
0,2,0,1,1.0,0.0,0.7592471,0.6677499,0.8794895627512053,1.0,21.0,0.0,0.0,1.0,0.0,29.0,21.0,29.0,DT-Top1,Fixed-UCB-1.64sigma-Shield,77,5,0.6,0.6,0.6,0.6,0.6
2,2,1,1,0.0,0.0,0.6677499,0.6677499,0.9999999999985024,0.0,0.0,0.0,0.0,1.0,21.0,29.0,21.0,29.0,PF,Full-CertiTwin-q90,78,5,0.6,0.6,0.6,0.6,0.6
2,2,1,1,0.0,0.0,0.6677499,0.6677499,0.9999999999985024,0.0,0.0,0.0,0.0,1.0,21.0,29.0,21.0,29.0,PF,SLA-Rule-Shield,78,5,0.6,0.6,0.6,0.6,0.6
2,2,1,1,0.0,0.0,0.6677499,0.6677499,0.9999999999985024,0.0,0.0,0.0,0.0,1.0,21.0,29.0,21.0,29.0,PF,Fixed-UCB-1sigma-Shield,78,5,0.6,0.6,0.6,0.6,0.6
2,2,1,1,0.0,0.0,0.6677499,0.6677499,0.9999999999985024,0.0,0.0,0.0,0.0,1.0,21.0,29.0,21.0,29.0,PF,Fixed-UCB-1.64sigma-Shield,78,5,0.6,0.6,0.6,0.6,0.6
4,4,1,1,0.0,0.0,0.7566483,0.7566483,0.9999999999986784,0.0,0.0,0.0,0.0,1.0,39.0,11.0,39.0,11.0,Greedy-SLA,Full-CertiTwin-q90,78,5,0.6,0.6,0.6,0.6,0.6
4,4,1,1,0.0,0.0,0.7566483,0.7566483,0.9999999999986784,0.0,0.0,0.0,0.0,1.0,39.0,11.0,39.0,11.0,Greedy-SLA,SLA-Rule-Shield,78,5,0.6,0.6,0.6,0.6,0.6
4,4,1,1,0.0,0.0,0.7566483,0.7566483,0.9999999999986784,0.0,0.0,0.0,0.0,1.0,39.0,11.0,39.0,11.0,Greedy-SLA,Fixed-UCB-1sigma-Shield,78,5,0.6,0.6,0.6,0.6,0.6
4,4,1,1,0.0,0.0,0.7566483,0.7566483,0.9999999999986784,0.0,0.0,0.0,0.0,1.0,39.0,11.0,39.0,11.0,Greedy-SLA,Fixed-UCB-1.64sigma-Shield,78,5,0.6,0.6,0.6,0.6,0.6
0,2,0,1,1.0,0.0,0.76278657,0.6677499,0.875408569397236,1.0,21.0,0.0,0.0,1.0,0.0,29.0,21.0,29.0,DT-Top1,Full-CertiTwin-q90,78,5,0.6,0.6,0.6,0.6,0.6
0,4,0,1,1.0,0.0,0.76278657,0.7566483,0.9919528341971308,1.0,57.0,0.0,0.0,1.0,0.0,29.0,39.0,11.0,DT-Top1,SLA-Rule-Shield,78,5,0.6,0.6,0.6,0.6,0.6
0,2,0,1,1.0,0.0,0.76278657,0.6677499,0.875408569397236,1.0,21.0,0.0,0.0,1.0,0.0,29.0,21.0,29.0,DT-Top1,Fixed-UCB-1sigma-Shield,78,5,0.6,0.6,0.6,0.6,0.6
0,2,0,1,1.0,0.0,0.76278657,0.6677499,0.875408569397236,1.0,21.0,0.0,0.0,1.0,0.0,29.0,21.0,29.0,DT-Top1,Fixed-UCB-1.64sigma-Shield,78,5,0.6,0.6,0.6,0.6,0.6
2,2,1,1,0.0,0.0,0.6677499,0.6677499,0.9999999999985024,0.0,0.0,0.0,0.0,1.0,21.0,29.0,21.0,29.0,PF,Full-CertiTwin-q90,79,5,0.6,0.6,0.6,0.6,0.6
2,2,1,1,0.0,0.0,0.6677499,0.6677499,0.9999999999985024,0.0,0.0,0.0,0.0,1.0,21.0,29.0,21.0,29.0,PF,SLA-Rule-Shield,79,5,0.6,0.6,0.6,0.6,0.6
2,2,1,1,0.0,0.0,0.6677499,0.6677499,0.9999999999985024,0.0,0.0,0.0,0.0,1.0,21.0,29.0,21.0,29.0,PF,Fixed-UCB-1sigma-Shield,79,5,0.6,0.6,0.6,0.6,0.6
2,2,1,1,0.0,0.0,0.6677499,0.6677499,0.9999999999985024,0.0,0.0,0.0,0.0,1.0,21.0,29.0,21.0,29.0,PF,Fixed-UCB-1.64sigma-Shield,79,5,0.6,0.6,0.6,0.6,0.6
4,4,1,1,0.0,0.0,0.7777951,0.7777951,0.9999999999987144,0.0,0.0,0.0,0.0,1.0,39.0,11.0,39.0,11.0,Greedy-SLA,Full-CertiTwin-q90,79,5,0.6,0.6,0.6,0.6,0.6
4,4,1,1,0.0,0.0,0.7777951,0.7777951,0.9999999999987144,0.0,0.0,0.0,0.0,1.0,39.0,11.0,39.0,11.0,Greedy-SLA,SLA-Rule-Shield,79,5,0.6,0.6,0.6,0.6,0.6
4,4,1,1,0.0,0.0,0.7777951,0.7777951,0.9999999999987144,0.0,0.0,0.0,0.0,1.0,39.0,11.0,39.0,11.0,Greedy-SLA,Fixed-UCB-1sigma-Shield,79,5,0.6,0.6,0.6,0.6,0.6
4,4,1,1,0.0,0.0,0.7777951,0.7777951,0.9999999999987144,0.0,0.0,0.0,0.0,1.0,39.0,11.0,39.0,11.0,Greedy-SLA,Fixed-UCB-1.64sigma-Shield,79,5,0.6,0.6,0.6,0.6,0.6
0,2,0,1,1.0,0.0,0.76278657,0.6677499,0.875408569397236,1.0,21.0,0.0,0.0,1.0,0.0,29.0,21.0,29.0,DT-Top1,Full-CertiTwin-q90,79,5,0.6,0.6,0.6,0.6,0.6
0,4,0,1,1.0,0.0,0.76278657,0.7777951,1.0196759232388952,1.0,57.0,0.0,0.0,1.0,0.0,29.0,39.0,11.0,DT-Top1,SLA-Rule-Shield,79,5,0.6,0.6,0.6,0.6,0.6
0,2,0,1,1.0,0.0,0.76278657,0.6677499,0.875408569397236,1.0,21.0,0.0,0.0,1.0,0.0,29.0,21.0,29.0,DT-Top1,Fixed-UCB-1sigma-Shield,79,5,0.6,0.6,0.6,0.6,0.6
0,2,0,1,1.0,0.0,0.76278657,0.6677499,0.875408569397236,1.0,21.0,0.0,0.0,1.0,0.0,29.0,21.0,29.0,DT-Top1,Fixed-UCB-1.64sigma-Shield,79,5,0.6,0.6,0.6,0.6,0.6
2,2,1,1,0.0,0.0,0.6677499,0.6677499,0.9999999999985024,0.0,0.0,0.0,0.0,1.0,21.0,29.0,21.0,29.0,PF,Full-CertiTwin-q90,80,5,0.6,0.6,0.6,0.6,0.6
2,2,1,1,0.0,0.0,0.6677499,0.6677499,0.9999999999985024,0.0,0.0,0.0,0.0,1.0,21.0,29.0,21.0,29.0,PF,SLA-Rule-Shield,80,5,0.6,0.6,0.6,0.6,0.6
2,2,1,1,0.0,0.0,0.6677499,0.6677499,0.9999999999985024,0.0,0.0,0.0,0.0,1.0,21.0,29.0,21.0,29.0,PF,Fixed-UCB-1sigma-Shield,80,5,0.6,0.6,0.6,0.6,0.6
2,2,1,1,0.0,0.0,0.6677499,0.6677499,0.9999999999985024,0.0,0.0,0.0,0.0,1.0,21.0,29.0,21.0,29.0,PF,Fixed-UCB-1.64sigma-Shield,80,5,0.6,0.6,0.6,0.6,0.6
4,4,1,1,0.0,0.0,0.7566483,0.7566483,0.9999999999986784,0.0,0.0,0.0,0.0,1.0,39.0,11.0,39.0,11.0,Greedy-SLA,Full-CertiTwin-q90,80,5,0.6,0.6,0.6,0.6,0.6
4,4,1,1,0.0,0.0,0.7566483,0.7566483,0.9999999999986784,0.0,0.0,0.0,0.0,1.0,39.0,11.0,39.0,11.0,Greedy-SLA,SLA-Rule-Shield,80,5,0.6,0.6,0.6,0.6,0.6
4,4,1,1,0.0,0.0,0.7566483,0.7566483,0.9999999999986784,0.0,0.0,0.0,0.0,1.0,39.0,11.0,39.0,11.0,Greedy-SLA,Fixed-UCB-1sigma-Shield,80,5,0.6,0.6,0.6,0.6,0.6
4,4,1,1,0.0,0.0,0.7566483,0.7566483,0.9999999999986784,0.0,0.0,0.0,0.0,1.0,39.0,11.0,39.0,11.0,Greedy-SLA,Fixed-UCB-1.64sigma-Shield,80,5,0.6,0.6,0.6,0.6,0.6
4,4,1,1,0.0,0.0,0.7566483,0.7566483,0.9999999999986784,0.0,0.0,0.0,0.0,1.0,39.0,11.0,39.0,11.0,DT-Top1,Full-CertiTwin-q90,80,5,0.6,0.6,0.6,0.6,0.6
4,4,1,1,0.0,0.0,0.7566483,0.7566483,0.9999999999986784,0.0,0.0,0.0,0.0,1.0,39.0,11.0,39.0,11.0,DT-Top1,SLA-Rule-Shield,80,5,0.6,0.6,0.6,0.6,0.6
4,4,1,1,0.0,0.0,0.7566483,0.7566483,0.9999999999986784,0.0,0.0,0.0,0.0,1.0,39.0,11.0,39.0,11.0,DT-Top1,Fixed-UCB-1sigma-Shield,80,5,0.6,0.6,0.6,0.6,0.6
4,4,1,1,0.0,0.0,0.7566483,0.7566483,0.9999999999986784,0.0,0.0,0.0,0.0,1.0,39.0,11.0,39.0,11.0,DT-Top1,Fixed-UCB-1.64sigma-Shield,80,5,0.6,0.6,0.6,0.6,0.6
2,2,1,1,0.0,0.0,0.6677499,0.6677499,0.9999999999985024,0.0,0.0,0.0,0.0,1.0,21.0,29.0,21.0,29.0,PF,Full-CertiTwin-q90,81,5,0.6,0.6,0.6,0.6,0.6
2,2,1,1,0.0,0.0,0.6677499,0.6677499,0.9999999999985024,0.0,0.0,0.0,0.0,1.0,21.0,29.0,21.0,29.0,PF,SLA-Rule-Shield,81,5,0.6,0.6,0.6,0.6,0.6
2,2,1,1,0.0,0.0,0.6677499,0.6677499,0.9999999999985024,0.0,0.0,0.0,0.0,1.0,21.0,29.0,21.0,29.0,PF,Fixed-UCB-1sigma-Shield,81,5,0.6,0.6,0.6,0.6,0.6
2,2,1,1,0.0,0.0,0.6677499,0.6677499,0.9999999999985024,0.0,0.0,0.0,0.0,1.0,21.0,29.0,21.0,29.0,PF,Fixed-UCB-1.64sigma-Shield,81,5,0.6,0.6,0.6,0.6,0.6
4,4,1,1,0.0,0.0,0.76313806,0.76313806,0.9999999999986896,0.0,0.0,0.0,0.0,1.0,39.0,11.0,39.0,11.0,Greedy-SLA,Full-CertiTwin-q90,81,5,0.6,0.6,0.6,0.6,0.6
4,4,1,1,0.0,0.0,0.76313806,0.76313806,0.9999999999986896,0.0,0.0,0.0,0.0,1.0,39.0,11.0,39.0,11.0,Greedy-SLA,SLA-Rule-Shield,81,5,0.6,0.6,0.6,0.6,0.6
4,4,1,1,0.0,0.0,0.76313806,0.76313806,0.9999999999986896,0.0,0.0,0.0,0.0,1.0,39.0,11.0,39.0,11.0,Greedy-SLA,Fixed-UCB-1sigma-Shield,81,5,0.6,0.6,0.6,0.6,0.6
4,4,1,1,0.0,0.0,0.76313806,0.76313806,0.9999999999986896,0.0,0.0,0.0,0.0,1.0,39.0,11.0,39.0,11.0,Greedy-SLA,Fixed-UCB-1.64sigma-Shield,81,5,0.6,0.6,0.6,0.6,0.6
4,4,1,1,0.0,0.0,0.76313806,0.76313806,0.9999999999986896,0.0,0.0,0.0,0.0,1.0,39.0,11.0,39.0,11.0,DT-Top1,Full-CertiTwin-q90,81,5,0.6,0.6,0.6,0.6,0.6
4,4,1,1,0.0,0.0,0.76313806,0.76313806,0.9999999999986896,0.0,0.0,0.0,0.0,1.0,39.0,11.0,39.0,11.0,DT-Top1,SLA-Rule-Shield,81,5,0.6,0.6,0.6,0.6,0.6
4,4,1,1,0.0,0.0,0.76313806,0.76313806,0.9999999999986896,0.0,0.0,0.0,0.0,1.0,39.0,11.0,39.0,11.0,DT-Top1,Fixed-UCB-1sigma-Shield,81,5,0.6,0.6,0.6,0.6,0.6
4,4,1,1,0.0,0.0,0.76313806,0.76313806,0.9999999999986896,0.0,0.0,0.0,0.0,1.0,39.0,11.0,39.0,11.0,DT-Top1,Fixed-UCB-1.64sigma-Shield,81,5,0.6,0.6,0.6,0.6,0.6
2,2,1,1,0.0,0.0,0.6677499,0.6677499,0.9999999999985024,0.0,0.0,0.0,0.0,1.0,21.0,29.0,21.0,29.0,PF,Full-CertiTwin-q90,82,5,0.6,0.6,0.6,0.6,0.6
2,2,1,1,0.0,0.0,0.6677499,0.6677499,0.9999999999985024,0.0,0.0,0.0,0.0,1.0,21.0,29.0,21.0,29.0,PF,SLA-Rule-Shield,82,5,0.6,0.6,0.6,0.6,0.6
2,2,1,1,0.0,0.0,0.6677499,0.6677499,0.9999999999985024,0.0,0.0,0.0,0.0,1.0,21.0,29.0,21.0,29.0,PF,Fixed-UCB-1sigma-Shield,82,5,0.6,0.6,0.6,0.6,0.6
2,2,1,1,0.0,0.0,0.6677499,0.6677499,0.9999999999985024,0.0,0.0,0.0,0.0,1.0,21.0,29.0,21.0,29.0,PF,Fixed-UCB-1.64sigma-Shield,82,5,0.6,0.6,0.6,0.6,0.6
4,4,1,1,0.0,0.0,0.76313806,0.76313806,0.9999999999986896,0.0,0.0,0.0,0.0,1.0,39.0,11.0,39.0,11.0,Greedy-SLA,Full-CertiTwin-q90,82,5,0.6,0.6,0.6,0.6,0.6
4,4,1,1,0.0,0.0,0.76313806,0.76313806,0.9999999999986896,0.0,0.0,0.0,0.0,1.0,39.0,11.0,39.0,11.0,Greedy-SLA,SLA-Rule-Shield,82,5,0.6,0.6,0.6,0.6,0.6
4,4,1,1,0.0,0.0,0.76313806,0.76313806,0.9999999999986896,0.0,0.0,0.0,0.0,1.0,39.0,11.0,39.0,11.0,Greedy-SLA,Fixed-UCB-1sigma-Shield,82,5,0.6,0.6,0.6,0.6,0.6
4,4,1,1,0.0,0.0,0.76313806,0.76313806,0.9999999999986896,0.0,0.0,0.0,0.0,1.0,39.0,11.0,39.0,11.0,Greedy-SLA,Fixed-UCB-1.64sigma-Shield,82,5,0.6,0.6,0.6,0.6,0.6
0,2,0,1,1.0,0.0,0.77741534,0.6677499,0.8589358424534574,1.0,21.0,0.0,0.0,1.0,0.0,29.0,21.0,29.0,DT-Top1,Full-CertiTwin-q90,82,5,0.6,0.6,0.6,0.6,0.6
0,4,0,1,1.0,0.0,0.77741534,0.76313806,0.981634939180668,1.0,57.0,0.0,0.0,1.0,0.0,29.0,39.0,11.0,DT-Top1,SLA-Rule-Shield,82,5,0.6,0.6,0.6,0.6,0.6
0,2,0,1,1.0,0.0,0.77741534,0.6677499,0.8589358424534574,1.0,21.0,0.0,0.0,1.0,0.0,29.0,21.0,29.0,DT-Top1,Fixed-UCB-1sigma-Shield,82,5,0.6,0.6,0.6,0.6,0.6
0,2,0,1,1.0,0.0,0.77741534,0.6677499,0.8589358424534574,1.0,21.0,0.0,0.0,1.0,0.0,29.0,21.0,29.0,DT-Top1,Fixed-UCB-1.64sigma-Shield,82,5,0.6,0.6,0.6,0.6,0.6
2,2,1,1,0.0,0.0,0.6677499,0.6677499,0.9999999999985024,0.0,0.0,0.0,0.0,1.0,21.0,29.0,21.0,29.0,PF,Full-CertiTwin-q90,83,5,0.6,0.6,0.6,0.6,0.6
2,2,1,1,0.0,0.0,0.6677499,0.6677499,0.9999999999985024,0.0,0.0,0.0,0.0,1.0,21.0,29.0,21.0,29.0,PF,SLA-Rule-Shield,83,5,0.6,0.6,0.6,0.6,0.6
2,2,1,1,0.0,0.0,0.6677499,0.6677499,0.9999999999985024,0.0,0.0,0.0,0.0,1.0,21.0,29.0,21.0,29.0,PF,Fixed-UCB-1sigma-Shield,83,5,0.6,0.6,0.6,0.6,0.6
2,2,1,1,0.0,0.0,0.6677499,0.6677499,0.9999999999985024,0.0,0.0,0.0,0.0,1.0,21.0,29.0,21.0,29.0,PF,Fixed-UCB-1.64sigma-Shield,83,5,0.6,0.6,0.6,0.6,0.6
0,2,0,1,1.0,0.0,0.76278657,0.6677499,0.875408569397236,1.0,21.0,0.0,0.0,1.0,0.0,29.0,21.0,29.0,Greedy-SLA,Full-CertiTwin-q90,83,5,0.6,0.6,0.6,0.6,0.6
0,4,0,1,1.0,0.0,0.76278657,0.76313806,1.000460797309265,1.0,57.0,0.0,0.0,1.0,0.0,29.0,39.0,11.0,Greedy-SLA,SLA-Rule-Shield,83,5,0.6,0.6,0.6,0.6,0.6
0,2,0,1,1.0,0.0,0.76278657,0.6677499,0.875408569397236,1.0,21.0,0.0,0.0,1.0,0.0,29.0,21.0,29.0,Greedy-SLA,Fixed-UCB-1sigma-Shield,83,5,0.6,0.6,0.6,0.6,0.6
0,2,0,1,1.0,0.0,0.76278657,0.6677499,0.875408569397236,1.0,21.0,0.0,0.0,1.0,0.0,29.0,21.0,29.0,Greedy-SLA,Fixed-UCB-1.64sigma-Shield,83,5,0.6,0.6,0.6,0.6,0.6
0,2,0,1,1.0,0.0,0.76278657,0.6677499,0.875408569397236,1.0,21.0,0.0,0.0,1.0,0.0,29.0,21.0,29.0,DT-Top1,Full-CertiTwin-q90,83,5,0.6,0.6,0.6,0.6,0.6
0,4,0,1,1.0,0.0,0.76278657,0.76313806,1.000460797309265,1.0,57.0,0.0,0.0,1.0,0.0,29.0,39.0,11.0,DT-Top1,SLA-Rule-Shield,83,5,0.6,0.6,0.6,0.6,0.6
0,2,0,1,1.0,0.0,0.76278657,0.6677499,0.875408569397236,1.0,21.0,0.0,0.0,1.0,0.0,29.0,21.0,29.0,DT-Top1,Fixed-UCB-1sigma-Shield,83,5,0.6,0.6,0.6,0.6,0.6
0,2,0,1,1.0,0.0,0.76278657,0.6677499,0.875408569397236,1.0,21.0,0.0,0.0,1.0,0.0,29.0,21.0,29.0,DT-Top1,Fixed-UCB-1.64sigma-Shield,83,5,0.6,0.6,0.6,0.6,0.6
2,2,1,1,0.0,0.0,0.7186651,0.7186651,0.9999999999986086,0.0,0.0,0.0,0.0,1.0,21.0,29.0,21.0,29.0,PF,Full-CertiTwin-q90,84,5,0.6,0.6,0.6,0.6,0.6
2,2,1,1,0.0,0.0,0.7186651,0.7186651,0.9999999999986086,0.0,0.0,0.0,0.0,1.0,21.0,29.0,21.0,29.0,PF,SLA-Rule-Shield,84,5,0.6,0.6,0.6,0.6,0.6
2,2,1,1,0.0,0.0,0.7186651,0.7186651,0.9999999999986086,0.0,0.0,0.0,0.0,1.0,21.0,29.0,21.0,29.0,PF,Fixed-UCB-1sigma-Shield,84,5,0.6,0.6,0.6,0.6,0.6
2,2,1,1,0.0,0.0,0.7186651,0.7186651,0.9999999999986086,0.0,0.0,0.0,0.0,1.0,21.0,29.0,21.0,29.0,PF,Fixed-UCB-1.64sigma-Shield,84,5,0.6,0.6,0.6,0.6,0.6
4,4,1,1,0.0,0.0,0.76313806,0.76313806,0.9999999999986896,0.0,0.0,0.0,0.0,1.0,39.0,11.0,39.0,11.0,Greedy-SLA,Full-CertiTwin-q90,84,5,0.6,0.6,0.6,0.6,0.6
4,4,1,1,0.0,0.0,0.76313806,0.76313806,0.9999999999986896,0.0,0.0,0.0,0.0,1.0,39.0,11.0,39.0,11.0,Greedy-SLA,SLA-Rule-Shield,84,5,0.6,0.6,0.6,0.6,0.6
4,4,1,1,0.0,0.0,0.76313806,0.76313806,0.9999999999986896,0.0,0.0,0.0,0.0,1.0,39.0,11.0,39.0,11.0,Greedy-SLA,Fixed-UCB-1sigma-Shield,84,5,0.6,0.6,0.6,0.6,0.6
4,4,1,1,0.0,0.0,0.76313806,0.76313806,0.9999999999986896,0.0,0.0,0.0,0.0,1.0,39.0,11.0,39.0,11.0,Greedy-SLA,Fixed-UCB-1.64sigma-Shield,84,5,0.6,0.6,0.6,0.6,0.6
4,4,1,1,0.0,0.0,0.76313806,0.76313806,0.9999999999986896,0.0,0.0,0.0,0.0,1.0,39.0,11.0,39.0,11.0,DT-Top1,Full-CertiTwin-q90,84,5,0.6,0.6,0.6,0.6,0.6
4,4,1,1,0.0,0.0,0.76313806,0.76313806,0.9999999999986896,0.0,0.0,0.0,0.0,1.0,39.0,11.0,39.0,11.0,DT-Top1,SLA-Rule-Shield,84,5,0.6,0.6,0.6,0.6,0.6
4,4,1,1,0.0,0.0,0.76313806,0.76313806,0.9999999999986896,0.0,0.0,0.0,0.0,1.0,39.0,11.0,39.0,11.0,DT-Top1,Fixed-UCB-1sigma-Shield,84,5,0.6,0.6,0.6,0.6,0.6
4,4,1,1,0.0,0.0,0.76313806,0.76313806,0.9999999999986896,0.0,0.0,0.0,0.0,1.0,39.0,11.0,39.0,11.0,DT-Top1,Fixed-UCB-1.64sigma-Shield,84,5,0.6,0.6,0.6,0.6,0.6
2,2,1,1,0.0,0.0,0.6682329,0.6682329,0.9999999999985036,0.0,0.0,0.0,0.0,1.0,21.0,29.0,21.0,29.0,PF,Full-CertiTwin-q90,85,5,0.6,0.6,0.6,0.6,0.6
2,2,1,1,0.0,0.0,0.6682329,0.6682329,0.9999999999985036,0.0,0.0,0.0,0.0,1.0,21.0,29.0,21.0,29.0,PF,SLA-Rule-Shield,85,5,0.6,0.6,0.6,0.6,0.6
2,2,1,1,0.0,0.0,0.6682329,0.6682329,0.9999999999985036,0.0,0.0,0.0,0.0,1.0,21.0,29.0,21.0,29.0,PF,Fixed-UCB-1sigma-Shield,85,5,0.6,0.6,0.6,0.6,0.6
2,2,1,1,0.0,0.0,0.6682329,0.6682329,0.9999999999985036,0.0,0.0,0.0,0.0,1.0,21.0,29.0,21.0,29.0,PF,Fixed-UCB-1.64sigma-Shield,85,5,0.6,0.6,0.6,0.6,0.6
4,4,1,1,0.0,0.0,0.76313806,0.76313806,0.9999999999986896,0.0,0.0,0.0,0.0,1.0,39.0,11.0,39.0,11.0,Greedy-SLA,Full-CertiTwin-q90,85,5,0.6,0.6,0.6,0.6,0.6
4,4,1,1,0.0,0.0,0.76313806,0.76313806,0.9999999999986896,0.0,0.0,0.0,0.0,1.0,39.0,11.0,39.0,11.0,Greedy-SLA,SLA-Rule-Shield,85,5,0.6,0.6,0.6,0.6,0.6
4,4,1,1,0.0,0.0,0.76313806,0.76313806,0.9999999999986896,0.0,0.0,0.0,0.0,1.0,39.0,11.0,39.0,11.0,Greedy-SLA,Fixed-UCB-1sigma-Shield,85,5,0.6,0.6,0.6,0.6,0.6
4,4,1,1,0.0,0.0,0.76313806,0.76313806,0.9999999999986896,0.0,0.0,0.0,0.0,1.0,39.0,11.0,39.0,11.0,Greedy-SLA,Fixed-UCB-1.64sigma-Shield,85,5,0.6,0.6,0.6,0.6,0.6
0,2,0,1,1.0,0.0,0.76278657,0.6682329,0.8760417740431953,1.0,21.0,0.0,0.0,1.0,0.0,29.0,21.0,29.0,DT-Top1,Full-CertiTwin-q90,85,5,0.6,0.6,0.6,0.6,0.6
0,4,0,1,1.0,0.0,0.76278657,0.76313806,1.000460797309265,1.0,57.0,0.0,0.0,1.0,0.0,29.0,39.0,11.0,DT-Top1,SLA-Rule-Shield,85,5,0.6,0.6,0.6,0.6,0.6
0,2,0,1,1.0,0.0,0.76278657,0.6682329,0.8760417740431953,1.0,21.0,0.0,0.0,1.0,0.0,29.0,21.0,29.0,DT-Top1,Fixed-UCB-1sigma-Shield,85,5,0.6,0.6,0.6,0.6,0.6
0,2,0,1,1.0,0.0,0.76278657,0.6682329,0.8760417740431953,1.0,21.0,0.0,0.0,1.0,0.0,29.0,21.0,29.0,DT-Top1,Fixed-UCB-1.64sigma-Shield,85,5,0.6,0.6,0.6,0.6,0.6
2,2,1,1,0.0,0.0,0.65129316,0.65129316,0.9999999999984648,0.0,0.0,0.0,0.0,1.0,21.0,29.0,21.0,29.0,PF,Full-CertiTwin-q90,86,5,0.6,0.6,0.6,0.6,0.6
2,2,1,1,0.0,0.0,0.65129316,0.65129316,0.9999999999984648,0.0,0.0,0.0,0.0,1.0,21.0,29.0,21.0,29.0,PF,SLA-Rule-Shield,86,5,0.6,0.6,0.6,0.6,0.6
2,2,1,1,0.0,0.0,0.65129316,0.65129316,0.9999999999984648,0.0,0.0,0.0,0.0,1.0,21.0,29.0,21.0,29.0,PF,Fixed-UCB-1sigma-Shield,86,5,0.6,0.6,0.6,0.6,0.6
2,2,1,1,0.0,0.0,0.65129316,0.65129316,0.9999999999984648,0.0,0.0,0.0,0.0,1.0,21.0,29.0,21.0,29.0,PF,Fixed-UCB-1.64sigma-Shield,86,5,0.6,0.6,0.6,0.6,0.6
4,4,1,1,0.0,0.0,0.76313806,0.76313806,0.9999999999986896,0.0,0.0,0.0,0.0,1.0,39.0,11.0,39.0,11.0,Greedy-SLA,Full-CertiTwin-q90,86,5,0.6,0.6,0.6,0.6,0.6
4,4,1,1,0.0,0.0,0.76313806,0.76313806,0.9999999999986896,0.0,0.0,0.0,0.0,1.0,39.0,11.0,39.0,11.0,Greedy-SLA,SLA-Rule-Shield,86,5,0.6,0.6,0.6,0.6,0.6
4,4,1,1,0.0,0.0,0.76313806,0.76313806,0.9999999999986896,0.0,0.0,0.0,0.0,1.0,39.0,11.0,39.0,11.0,Greedy-SLA,Fixed-UCB-1sigma-Shield,86,5,0.6,0.6,0.6,0.6,0.6
4,4,1,1,0.0,0.0,0.76313806,0.76313806,0.9999999999986896,0.0,0.0,0.0,0.0,1.0,39.0,11.0,39.0,11.0,Greedy-SLA,Fixed-UCB-1.64sigma-Shield,86,5,0.6,0.6,0.6,0.6,0.6
0,2,0,1,1.0,0.0,0.76278657,0.65129316,0.8538340678954877,1.0,21.0,0.0,0.0,1.0,0.0,29.0,21.0,29.0,DT-Top1,Full-CertiTwin-q90,86,5,0.6,0.6,0.6,0.6,0.6
0,4,0,1,1.0,0.0,0.76278657,0.76313806,1.000460797309265,1.0,57.0,0.0,0.0,1.0,0.0,29.0,39.0,11.0,DT-Top1,SLA-Rule-Shield,86,5,0.6,0.6,0.6,0.6,0.6
0,2,0,1,1.0,0.0,0.76278657,0.65129316,0.8538340678954877,1.0,21.0,0.0,0.0,1.0,0.0,29.0,21.0,29.0,DT-Top1,Fixed-UCB-1sigma-Shield,86,5,0.6,0.6,0.6,0.6,0.6
0,2,0,1,1.0,0.0,0.76278657,0.65129316,0.8538340678954877,1.0,21.0,0.0,0.0,1.0,0.0,29.0,21.0,29.0,DT-Top1,Fixed-UCB-1.64sigma-Shield,86,5,0.6,0.6,0.6,0.6,0.6
2,2,1,1,0.0,0.0,0.6677499,0.6677499,0.9999999999985024,0.0,0.0,0.0,0.0,1.0,21.0,29.0,21.0,29.0,PF,Full-CertiTwin-q90,87,5,0.6,0.6,0.6,0.6,0.6
2,2,1,1,0.0,0.0,0.6677499,0.6677499,0.9999999999985024,0.0,0.0,0.0,0.0,1.0,21.0,29.0,21.0,29.0,PF,SLA-Rule-Shield,87,5,0.6,0.6,0.6,0.6,0.6
2,2,1,1,0.0,0.0,0.6677499,0.6677499,0.9999999999985024,0.0,0.0,0.0,0.0,1.0,21.0,29.0,21.0,29.0,PF,Fixed-UCB-1sigma-Shield,87,5,0.6,0.6,0.6,0.6,0.6
2,2,1,1,0.0,0.0,0.6677499,0.6677499,0.9999999999985024,0.0,0.0,0.0,0.0,1.0,21.0,29.0,21.0,29.0,PF,Fixed-UCB-1.64sigma-Shield,87,5,0.6,0.6,0.6,0.6,0.6
4,4,1,1,0.0,0.0,0.7777951,0.7777951,0.9999999999987144,0.0,0.0,0.0,0.0,1.0,39.0,11.0,39.0,11.0,Greedy-SLA,Full-CertiTwin-q90,87,5,0.6,0.6,0.6,0.6,0.6
4,4,1,1,0.0,0.0,0.7777951,0.7777951,0.9999999999987144,0.0,0.0,0.0,0.0,1.0,39.0,11.0,39.0,11.0,Greedy-SLA,SLA-Rule-Shield,87,5,0.6,0.6,0.6,0.6,0.6
4,4,1,1,0.0,0.0,0.7777951,0.7777951,0.9999999999987144,0.0,0.0,0.0,0.0,1.0,39.0,11.0,39.0,11.0,Greedy-SLA,Fixed-UCB-1sigma-Shield,87,5,0.6,0.6,0.6,0.6,0.6
4,4,1,1,0.0,0.0,0.7777951,0.7777951,0.9999999999987144,0.0,0.0,0.0,0.0,1.0,39.0,11.0,39.0,11.0,Greedy-SLA,Fixed-UCB-1.64sigma-Shield,87,5,0.6,0.6,0.6,0.6,0.6
4,4,1,1,0.0,0.0,0.7777951,0.7777951,0.9999999999987144,0.0,0.0,0.0,0.0,1.0,39.0,11.0,39.0,11.0,DT-Top1,Full-CertiTwin-q90,87,5,0.6,0.6,0.6,0.6,0.6
4,4,1,1,0.0,0.0,0.7777951,0.7777951,0.9999999999987144,0.0,0.0,0.0,0.0,1.0,39.0,11.0,39.0,11.0,DT-Top1,SLA-Rule-Shield,87,5,0.6,0.6,0.6,0.6,0.6
4,4,1,1,0.0,0.0,0.7777951,0.7777951,0.9999999999987144,0.0,0.0,0.0,0.0,1.0,39.0,11.0,39.0,11.0,DT-Top1,Fixed-UCB-1sigma-Shield,87,5,0.6,0.6,0.6,0.6,0.6
4,4,1,1,0.0,0.0,0.7777951,0.7777951,0.9999999999987144,0.0,0.0,0.0,0.0,1.0,39.0,11.0,39.0,11.0,DT-Top1,Fixed-UCB-1.64sigma-Shield,87,5,0.6,0.6,0.6,0.6,0.6
2,2,1,1,0.0,0.0,0.65129316,0.65129316,0.9999999999984648,0.0,0.0,0.0,0.0,1.0,21.0,29.0,21.0,29.0,PF,Full-CertiTwin-q90,88,5,0.6,0.6,0.6,0.6,0.6
2,2,1,1,0.0,0.0,0.65129316,0.65129316,0.9999999999984648,0.0,0.0,0.0,0.0,1.0,21.0,29.0,21.0,29.0,PF,SLA-Rule-Shield,88,5,0.6,0.6,0.6,0.6,0.6
2,2,1,1,0.0,0.0,0.65129316,0.65129316,0.9999999999984648,0.0,0.0,0.0,0.0,1.0,21.0,29.0,21.0,29.0,PF,Fixed-UCB-1sigma-Shield,88,5,0.6,0.6,0.6,0.6,0.6
2,2,1,1,0.0,0.0,0.65129316,0.65129316,0.9999999999984648,0.0,0.0,0.0,0.0,1.0,21.0,29.0,21.0,29.0,PF,Fixed-UCB-1.64sigma-Shield,88,5,0.6,0.6,0.6,0.6,0.6
4,4,1,1,0.0,0.0,0.76313806,0.76313806,0.9999999999986896,0.0,0.0,0.0,0.0,1.0,39.0,11.0,39.0,11.0,Greedy-SLA,Full-CertiTwin-q90,88,5,0.6,0.6,0.6,0.6,0.6
4,4,1,1,0.0,0.0,0.76313806,0.76313806,0.9999999999986896,0.0,0.0,0.0,0.0,1.0,39.0,11.0,39.0,11.0,Greedy-SLA,SLA-Rule-Shield,88,5,0.6,0.6,0.6,0.6,0.6
4,4,1,1,0.0,0.0,0.76313806,0.76313806,0.9999999999986896,0.0,0.0,0.0,0.0,1.0,39.0,11.0,39.0,11.0,Greedy-SLA,Fixed-UCB-1sigma-Shield,88,5,0.6,0.6,0.6,0.6,0.6
4,4,1,1,0.0,0.0,0.76313806,0.76313806,0.9999999999986896,0.0,0.0,0.0,0.0,1.0,39.0,11.0,39.0,11.0,Greedy-SLA,Fixed-UCB-1.64sigma-Shield,88,5,0.6,0.6,0.6,0.6,0.6
4,4,1,1,0.0,0.0,0.76313806,0.76313806,0.9999999999986896,0.0,0.0,0.0,0.0,1.0,39.0,11.0,39.0,11.0,DT-Top1,Full-CertiTwin-q90,88,5,0.6,0.6,0.6,0.6,0.6
4,4,1,1,0.0,0.0,0.76313806,0.76313806,0.9999999999986896,0.0,0.0,0.0,0.0,1.0,39.0,11.0,39.0,11.0,DT-Top1,SLA-Rule-Shield,88,5,0.6,0.6,0.6,0.6,0.6
4,4,1,1,0.0,0.0,0.76313806,0.76313806,0.9999999999986896,0.0,0.0,0.0,0.0,1.0,39.0,11.0,39.0,11.0,DT-Top1,Fixed-UCB-1sigma-Shield,88,5,0.6,0.6,0.6,0.6,0.6
4,4,1,1,0.0,0.0,0.76313806,0.76313806,0.9999999999986896,0.0,0.0,0.0,0.0,1.0,39.0,11.0,39.0,11.0,DT-Top1,Fixed-UCB-1.64sigma-Shield,88,5,0.6,0.6,0.6,0.6,0.6
2,2,1,1,0.0,0.0,0.6677499,0.6677499,0.9999999999985024,0.0,0.0,0.0,0.0,1.0,21.0,29.0,21.0,29.0,PF,Full-CertiTwin-q90,89,5,0.6,0.6,0.6,0.6,0.6
2,2,1,1,0.0,0.0,0.6677499,0.6677499,0.9999999999985024,0.0,0.0,0.0,0.0,1.0,21.0,29.0,21.0,29.0,PF,SLA-Rule-Shield,89,5,0.6,0.6,0.6,0.6,0.6
2,2,1,1,0.0,0.0,0.6677499,0.6677499,0.9999999999985024,0.0,0.0,0.0,0.0,1.0,21.0,29.0,21.0,29.0,PF,Fixed-UCB-1sigma-Shield,89,5,0.6,0.6,0.6,0.6,0.6
2,2,1,1,0.0,0.0,0.6677499,0.6677499,0.9999999999985024,0.0,0.0,0.0,0.0,1.0,21.0,29.0,21.0,29.0,PF,Fixed-UCB-1.64sigma-Shield,89,5,0.6,0.6,0.6,0.6,0.6
4,4,1,1,0.0,0.0,0.75664926,0.75664926,0.9999999999986784,0.0,0.0,0.0,0.0,1.0,39.0,11.0,39.0,11.0,Greedy-SLA,Full-CertiTwin-q90,89,5,0.6,0.6,0.6,0.6,0.6
4,4,1,1,0.0,0.0,0.75664926,0.75664926,0.9999999999986784,0.0,0.0,0.0,0.0,1.0,39.0,11.0,39.0,11.0,Greedy-SLA,SLA-Rule-Shield,89,5,0.6,0.6,0.6,0.6,0.6
4,4,1,1,0.0,0.0,0.75664926,0.75664926,0.9999999999986784,0.0,0.0,0.0,0.0,1.0,39.0,11.0,39.0,11.0,Greedy-SLA,Fixed-UCB-1sigma-Shield,89,5,0.6,0.6,0.6,0.6,0.6
4,4,1,1,0.0,0.0,0.75664926,0.75664926,0.9999999999986784,0.0,0.0,0.0,0.0,1.0,39.0,11.0,39.0,11.0,Greedy-SLA,Fixed-UCB-1.64sigma-Shield,89,5,0.6,0.6,0.6,0.6,0.6
0,2,0,1,1.0,0.0,0.76278657,0.6677499,0.875408569397236,1.0,21.0,0.0,0.0,1.0,0.0,29.0,21.0,29.0,DT-Top1,Full-CertiTwin-q90,89,5,0.6,0.6,0.6,0.6,0.6
0,4,0,1,1.0,0.0,0.76278657,0.75664926,0.9919540927405264,1.0,57.0,0.0,0.0,1.0,0.0,29.0,39.0,11.0,DT-Top1,SLA-Rule-Shield,89,5,0.6,0.6,0.6,0.6,0.6
0,2,0,1,1.0,0.0,0.76278657,0.6677499,0.875408569397236,1.0,21.0,0.0,0.0,1.0,0.0,29.0,21.0,29.0,DT-Top1,Fixed-UCB-1sigma-Shield,89,5,0.6,0.6,0.6,0.6,0.6
0,2,0,1,1.0,0.0,0.76278657,0.6677499,0.875408569397236,1.0,21.0,0.0,0.0,1.0,0.0,29.0,21.0,29.0,DT-Top1,Fixed-UCB-1.64sigma-Shield,89,5,0.6,0.6,0.6,0.6,0.6
2,2,1,1,0.0,0.0,0.6677499,0.6677499,0.9999999999985024,0.0,0.0,0.0,0.0,1.0,21.0,29.0,21.0,29.0,PF,Full-CertiTwin-q90,90,5,0.6,0.6,0.6,0.6,0.6
2,2,1,1,0.0,0.0,0.6677499,0.6677499,0.9999999999985024,0.0,0.0,0.0,0.0,1.0,21.0,29.0,21.0,29.0,PF,SLA-Rule-Shield,90,5,0.6,0.6,0.6,0.6,0.6
2,2,1,1,0.0,0.0,0.6677499,0.6677499,0.9999999999985024,0.0,0.0,0.0,0.0,1.0,21.0,29.0,21.0,29.0,PF,Fixed-UCB-1sigma-Shield,90,5,0.6,0.6,0.6,0.6,0.6
2,2,1,1,0.0,0.0,0.6677499,0.6677499,0.9999999999985024,0.0,0.0,0.0,0.0,1.0,21.0,29.0,21.0,29.0,PF,Fixed-UCB-1.64sigma-Shield,90,5,0.6,0.6,0.6,0.6,0.6
0,2,0,1,1.0,0.0,0.76278657,0.6677499,0.875408569397236,1.0,21.0,0.0,0.0,1.0,0.0,29.0,21.0,29.0,Greedy-SLA,Full-CertiTwin-q90,90,5,0.6,0.6,0.6,0.6,0.6
0,4,0,1,1.0,0.0,0.76278657,0.7566483,0.9919528341971308,1.0,57.0,0.0,0.0,1.0,0.0,29.0,39.0,11.0,Greedy-SLA,SLA-Rule-Shield,90,5,0.6,0.6,0.6,0.6,0.6
0,2,0,1,1.0,0.0,0.76278657,0.6677499,0.875408569397236,1.0,21.0,0.0,0.0,1.0,0.0,29.0,21.0,29.0,Greedy-SLA,Fixed-UCB-1sigma-Shield,90,5,0.6,0.6,0.6,0.6,0.6
0,2,0,1,1.0,0.0,0.76278657,0.6677499,0.875408569397236,1.0,21.0,0.0,0.0,1.0,0.0,29.0,21.0,29.0,Greedy-SLA,Fixed-UCB-1.64sigma-Shield,90,5,0.6,0.6,0.6,0.6,0.6
0,2,0,1,1.0,0.0,0.76278657,0.6677499,0.875408569397236,1.0,21.0,0.0,0.0,1.0,0.0,29.0,21.0,29.0,DT-Top1,Full-CertiTwin-q90,90,5,0.6,0.6,0.6,0.6,0.6
0,4,0,1,1.0,0.0,0.76278657,0.7566483,0.9919528341971308,1.0,57.0,0.0,0.0,1.0,0.0,29.0,39.0,11.0,DT-Top1,SLA-Rule-Shield,90,5,0.6,0.6,0.6,0.6,0.6
0,2,0,1,1.0,0.0,0.76278657,0.6677499,0.875408569397236,1.0,21.0,0.0,0.0,1.0,0.0,29.0,21.0,29.0,DT-Top1,Fixed-UCB-1sigma-Shield,90,5,0.6,0.6,0.6,0.6,0.6
0,2,0,1,1.0,0.0,0.76278657,0.6677499,0.875408569397236,1.0,21.0,0.0,0.0,1.0,0.0,29.0,21.0,29.0,DT-Top1,Fixed-UCB-1.64sigma-Shield,90,5,0.6,0.6,0.6,0.6,0.6
2,2,1,1,0.0,0.0,0.6677499,0.6677499,0.9999999999985024,0.0,0.0,0.0,0.0,1.0,21.0,29.0,21.0,29.0,PF,Full-CertiTwin-q90,91,5,0.6,0.6,0.6,0.6,0.6
2,2,1,1,0.0,0.0,0.6677499,0.6677499,0.9999999999985024,0.0,0.0,0.0,0.0,1.0,21.0,29.0,21.0,29.0,PF,SLA-Rule-Shield,91,5,0.6,0.6,0.6,0.6,0.6
2,2,1,1,0.0,0.0,0.6677499,0.6677499,0.9999999999985024,0.0,0.0,0.0,0.0,1.0,21.0,29.0,21.0,29.0,PF,Fixed-UCB-1sigma-Shield,91,5,0.6,0.6,0.6,0.6,0.6
2,2,1,1,0.0,0.0,0.6677499,0.6677499,0.9999999999985024,0.0,0.0,0.0,0.0,1.0,21.0,29.0,21.0,29.0,PF,Fixed-UCB-1.64sigma-Shield,91,5,0.6,0.6,0.6,0.6,0.6
4,4,1,1,0.0,0.0,0.76313806,0.76313806,0.9999999999986896,0.0,0.0,0.0,0.0,1.0,39.0,11.0,39.0,11.0,Greedy-SLA,Full-CertiTwin-q90,91,5,0.6,0.6,0.6,0.6,0.6
4,4,1,1,0.0,0.0,0.76313806,0.76313806,0.9999999999986896,0.0,0.0,0.0,0.0,1.0,39.0,11.0,39.0,11.0,Greedy-SLA,SLA-Rule-Shield,91,5,0.6,0.6,0.6,0.6,0.6
4,4,1,1,0.0,0.0,0.76313806,0.76313806,0.9999999999986896,0.0,0.0,0.0,0.0,1.0,39.0,11.0,39.0,11.0,Greedy-SLA,Fixed-UCB-1sigma-Shield,91,5,0.6,0.6,0.6,0.6,0.6
4,4,1,1,0.0,0.0,0.76313806,0.76313806,0.9999999999986896,0.0,0.0,0.0,0.0,1.0,39.0,11.0,39.0,11.0,Greedy-SLA,Fixed-UCB-1.64sigma-Shield,91,5,0.6,0.6,0.6,0.6,0.6
0,2,0,1,1.0,0.0,0.7592471,0.6677499,0.8794895627512053,1.0,21.0,0.0,0.0,1.0,0.0,29.0,21.0,29.0,DT-Top1,Full-CertiTwin-q90,91,5,0.6,0.6,0.6,0.6,0.6
0,4,0,1,1.0,0.0,0.7592471,0.76313806,1.0051247610942404,1.0,57.0,0.0,0.0,1.0,0.0,29.0,39.0,11.0,DT-Top1,SLA-Rule-Shield,91,5,0.6,0.6,0.6,0.6,0.6
0,2,0,1,1.0,0.0,0.7592471,0.6677499,0.8794895627512053,1.0,21.0,0.0,0.0,1.0,0.0,29.0,21.0,29.0,DT-Top1,Fixed-UCB-1sigma-Shield,91,5,0.6,0.6,0.6,0.6,0.6
0,2,0,1,1.0,0.0,0.7592471,0.6677499,0.8794895627512053,1.0,21.0,0.0,0.0,1.0,0.0,29.0,21.0,29.0,DT-Top1,Fixed-UCB-1.64sigma-Shield,91,5,0.6,0.6,0.6,0.6,0.6
2,2,1,1,0.0,0.0,0.6677499,0.6677499,0.9999999999985024,0.0,0.0,0.0,0.0,1.0,21.0,29.0,21.0,29.0,PF,Full-CertiTwin-q90,92,5,0.6,0.6,0.6,0.6,0.6
2,2,1,1,0.0,0.0,0.6677499,0.6677499,0.9999999999985024,0.0,0.0,0.0,0.0,1.0,21.0,29.0,21.0,29.0,PF,SLA-Rule-Shield,92,5,0.6,0.6,0.6,0.6,0.6
2,2,1,1,0.0,0.0,0.6677499,0.6677499,0.9999999999985024,0.0,0.0,0.0,0.0,1.0,21.0,29.0,21.0,29.0,PF,Fixed-UCB-1sigma-Shield,92,5,0.6,0.6,0.6,0.6,0.6
2,2,1,1,0.0,0.0,0.6677499,0.6677499,0.9999999999985024,0.0,0.0,0.0,0.0,1.0,21.0,29.0,21.0,29.0,PF,Fixed-UCB-1.64sigma-Shield,92,5,0.6,0.6,0.6,0.6,0.6
0,2,0,1,1.0,0.0,0.76278657,0.6677499,0.875408569397236,1.0,21.0,0.0,0.0,1.0,0.0,29.0,21.0,29.0,Greedy-SLA,Full-CertiTwin-q90,92,5,0.6,0.6,0.6,0.6,0.6
0,4,0,1,1.0,0.0,0.76278657,0.7777951,1.0196759232388952,1.0,57.0,0.0,0.0,1.0,0.0,29.0,39.0,11.0,Greedy-SLA,SLA-Rule-Shield,92,5,0.6,0.6,0.6,0.6,0.6
0,2,0,1,1.0,0.0,0.76278657,0.6677499,0.875408569397236,1.0,21.0,0.0,0.0,1.0,0.0,29.0,21.0,29.0,Greedy-SLA,Fixed-UCB-1sigma-Shield,92,5,0.6,0.6,0.6,0.6,0.6
0,2,0,1,1.0,0.0,0.76278657,0.6677499,0.875408569397236,1.0,21.0,0.0,0.0,1.0,0.0,29.0,21.0,29.0,Greedy-SLA,Fixed-UCB-1.64sigma-Shield,92,5,0.6,0.6,0.6,0.6,0.6
0,2,0,1,1.0,0.0,0.76278657,0.6677499,0.875408569397236,1.0,21.0,0.0,0.0,1.0,0.0,29.0,21.0,29.0,DT-Top1,Full-CertiTwin-q90,92,5,0.6,0.6,0.6,0.6,0.6
0,4,0,1,1.0,0.0,0.76278657,0.7777951,1.0196759232388952,1.0,57.0,0.0,0.0,1.0,0.0,29.0,39.0,11.0,DT-Top1,SLA-Rule-Shield,92,5,0.6,0.6,0.6,0.6,0.6
0,2,0,1,1.0,0.0,0.76278657,0.6677499,0.875408569397236,1.0,21.0,0.0,0.0,1.0,0.0,29.0,21.0,29.0,DT-Top1,Fixed-UCB-1sigma-Shield,92,5,0.6,0.6,0.6,0.6,0.6
0,2,0,1,1.0,0.0,0.76278657,0.6677499,0.875408569397236,1.0,21.0,0.0,0.0,1.0,0.0,29.0,21.0,29.0,DT-Top1,Fixed-UCB-1.64sigma-Shield,92,5,0.6,0.6,0.6,0.6,0.6
2,2,1,1,0.0,0.0,0.6677499,0.6677499,0.9999999999985024,0.0,0.0,0.0,0.0,1.0,21.0,29.0,21.0,29.0,PF,Full-CertiTwin-q90,93,5,0.6,0.6,0.6,0.6,0.6
2,2,1,1,0.0,0.0,0.6677499,0.6677499,0.9999999999985024,0.0,0.0,0.0,0.0,1.0,21.0,29.0,21.0,29.0,PF,SLA-Rule-Shield,93,5,0.6,0.6,0.6,0.6,0.6
2,2,1,1,0.0,0.0,0.6677499,0.6677499,0.9999999999985024,0.0,0.0,0.0,0.0,1.0,21.0,29.0,21.0,29.0,PF,Fixed-UCB-1sigma-Shield,93,5,0.6,0.6,0.6,0.6,0.6
2,2,1,1,0.0,0.0,0.6677499,0.6677499,0.9999999999985024,0.0,0.0,0.0,0.0,1.0,21.0,29.0,21.0,29.0,PF,Fixed-UCB-1.64sigma-Shield,93,5,0.6,0.6,0.6,0.6,0.6
4,4,1,1,0.0,0.0,0.76313806,0.76313806,0.9999999999986896,0.0,0.0,0.0,0.0,1.0,39.0,11.0,39.0,11.0,Greedy-SLA,Full-CertiTwin-q90,93,5,0.6,0.6,0.6,0.6,0.6
4,4,1,1,0.0,0.0,0.76313806,0.76313806,0.9999999999986896,0.0,0.0,0.0,0.0,1.0,39.0,11.0,39.0,11.0,Greedy-SLA,SLA-Rule-Shield,93,5,0.6,0.6,0.6,0.6,0.6
4,4,1,1,0.0,0.0,0.76313806,0.76313806,0.9999999999986896,0.0,0.0,0.0,0.0,1.0,39.0,11.0,39.0,11.0,Greedy-SLA,Fixed-UCB-1sigma-Shield,93,5,0.6,0.6,0.6,0.6,0.6
4,4,1,1,0.0,0.0,0.76313806,0.76313806,0.9999999999986896,0.0,0.0,0.0,0.0,1.0,39.0,11.0,39.0,11.0,Greedy-SLA,Fixed-UCB-1.64sigma-Shield,93,5,0.6,0.6,0.6,0.6,0.6
0,2,0,1,1.0,0.0,0.77741534,0.6677499,0.8589358424534574,1.0,21.0,0.0,0.0,1.0,0.0,29.0,21.0,29.0,DT-Top1,Full-CertiTwin-q90,93,5,0.6,0.6,0.6,0.6,0.6
0,4,0,1,1.0,0.0,0.77741534,0.76313806,0.981634939180668,1.0,57.0,0.0,0.0,1.0,0.0,29.0,39.0,11.0,DT-Top1,SLA-Rule-Shield,93,5,0.6,0.6,0.6,0.6,0.6
0,2,0,1,1.0,0.0,0.77741534,0.6677499,0.8589358424534574,1.0,21.0,0.0,0.0,1.0,0.0,29.0,21.0,29.0,DT-Top1,Fixed-UCB-1sigma-Shield,93,5,0.6,0.6,0.6,0.6,0.6
0,2,0,1,1.0,0.0,0.77741534,0.6677499,0.8589358424534574,1.0,21.0,0.0,0.0,1.0,0.0,29.0,21.0,29.0,DT-Top1,Fixed-UCB-1.64sigma-Shield,93,5,0.6,0.6,0.6,0.6,0.6
2,2,1,1,0.0,0.0,0.6677499,0.6677499,0.9999999999985024,0.0,0.0,0.0,0.0,1.0,21.0,29.0,21.0,29.0,PF,Full-CertiTwin-q90,94,5,0.6,0.6,0.6,0.6,0.6
2,2,1,1,0.0,0.0,0.6677499,0.6677499,0.9999999999985024,0.0,0.0,0.0,0.0,1.0,21.0,29.0,21.0,29.0,PF,SLA-Rule-Shield,94,5,0.6,0.6,0.6,0.6,0.6
2,2,1,1,0.0,0.0,0.6677499,0.6677499,0.9999999999985024,0.0,0.0,0.0,0.0,1.0,21.0,29.0,21.0,29.0,PF,Fixed-UCB-1sigma-Shield,94,5,0.6,0.6,0.6,0.6,0.6
2,2,1,1,0.0,0.0,0.6677499,0.6677499,0.9999999999985024,0.0,0.0,0.0,0.0,1.0,21.0,29.0,21.0,29.0,PF,Fixed-UCB-1.64sigma-Shield,94,5,0.6,0.6,0.6,0.6,0.6
4,4,1,1,0.0,0.0,0.76313806,0.76313806,0.9999999999986896,0.0,0.0,0.0,0.0,1.0,39.0,11.0,39.0,11.0,Greedy-SLA,Full-CertiTwin-q90,94,5,0.6,0.6,0.6,0.6,0.6
4,4,1,1,0.0,0.0,0.76313806,0.76313806,0.9999999999986896,0.0,0.0,0.0,0.0,1.0,39.0,11.0,39.0,11.0,Greedy-SLA,SLA-Rule-Shield,94,5,0.6,0.6,0.6,0.6,0.6
4,4,1,1,0.0,0.0,0.76313806,0.76313806,0.9999999999986896,0.0,0.0,0.0,0.0,1.0,39.0,11.0,39.0,11.0,Greedy-SLA,Fixed-UCB-1sigma-Shield,94,5,0.6,0.6,0.6,0.6,0.6
4,4,1,1,0.0,0.0,0.76313806,0.76313806,0.9999999999986896,0.0,0.0,0.0,0.0,1.0,39.0,11.0,39.0,11.0,Greedy-SLA,Fixed-UCB-1.64sigma-Shield,94,5,0.6,0.6,0.6,0.6,0.6
0,2,0,1,1.0,0.0,0.76278657,0.6677499,0.875408569397236,1.0,21.0,0.0,0.0,1.0,0.0,29.0,21.0,29.0,DT-Top1,Full-CertiTwin-q90,94,5,0.6,0.6,0.6,0.6,0.6
0,4,0,1,1.0,0.0,0.76278657,0.76313806,1.000460797309265,1.0,57.0,0.0,0.0,1.0,0.0,29.0,39.0,11.0,DT-Top1,SLA-Rule-Shield,94,5,0.6,0.6,0.6,0.6,0.6
0,2,0,1,1.0,0.0,0.76278657,0.6677499,0.875408569397236,1.0,21.0,0.0,0.0,1.0,0.0,29.0,21.0,29.0,DT-Top1,Fixed-UCB-1sigma-Shield,94,5,0.6,0.6,0.6,0.6,0.6
0,2,0,1,1.0,0.0,0.76278657,0.6677499,0.875408569397236,1.0,21.0,0.0,0.0,1.0,0.0,29.0,21.0,29.0,DT-Top1,Fixed-UCB-1.64sigma-Shield,94,5,0.6,0.6,0.6,0.6,0.6
2,2,1,1,0.0,0.0,0.6677499,0.6677499,0.9999999999985024,0.0,0.0,0.0,0.0,1.0,21.0,29.0,21.0,29.0,PF,Full-CertiTwin-q90,95,5,0.6,0.6,0.6,0.6,0.6
2,2,1,1,0.0,0.0,0.6677499,0.6677499,0.9999999999985024,0.0,0.0,0.0,0.0,1.0,21.0,29.0,21.0,29.0,PF,SLA-Rule-Shield,95,5,0.6,0.6,0.6,0.6,0.6
2,2,1,1,0.0,0.0,0.6677499,0.6677499,0.9999999999985024,0.0,0.0,0.0,0.0,1.0,21.0,29.0,21.0,29.0,PF,Fixed-UCB-1sigma-Shield,95,5,0.6,0.6,0.6,0.6,0.6
2,2,1,1,0.0,0.0,0.6677499,0.6677499,0.9999999999985024,0.0,0.0,0.0,0.0,1.0,21.0,29.0,21.0,29.0,PF,Fixed-UCB-1.64sigma-Shield,95,5,0.6,0.6,0.6,0.6,0.6
0,2,0,1,1.0,0.0,0.76278657,0.6677499,0.875408569397236,1.0,21.0,0.0,0.0,1.0,0.0,29.0,21.0,29.0,Greedy-SLA,Full-CertiTwin-q90,95,5,0.6,0.6,0.6,0.6,0.6
0,4,0,1,1.0,0.0,0.76278657,0.7777951,1.0196759232388952,1.0,57.0,0.0,0.0,1.0,0.0,29.0,39.0,11.0,Greedy-SLA,SLA-Rule-Shield,95,5,0.6,0.6,0.6,0.6,0.6
0,2,0,1,1.0,0.0,0.76278657,0.6677499,0.875408569397236,1.0,21.0,0.0,0.0,1.0,0.0,29.0,21.0,29.0,Greedy-SLA,Fixed-UCB-1sigma-Shield,95,5,0.6,0.6,0.6,0.6,0.6
0,2,0,1,1.0,0.0,0.76278657,0.6677499,0.875408569397236,1.0,21.0,0.0,0.0,1.0,0.0,29.0,21.0,29.0,Greedy-SLA,Fixed-UCB-1.64sigma-Shield,95,5,0.6,0.6,0.6,0.6,0.6
0,2,0,1,1.0,0.0,0.76278657,0.6677499,0.875408569397236,1.0,21.0,0.0,0.0,1.0,0.0,29.0,21.0,29.0,DT-Top1,Full-CertiTwin-q90,95,5,0.6,0.6,0.6,0.6,0.6
0,4,0,1,1.0,0.0,0.76278657,0.7777951,1.0196759232388952,1.0,57.0,0.0,0.0,1.0,0.0,29.0,39.0,11.0,DT-Top1,SLA-Rule-Shield,95,5,0.6,0.6,0.6,0.6,0.6
0,2,0,1,1.0,0.0,0.76278657,0.6677499,0.875408569397236,1.0,21.0,0.0,0.0,1.0,0.0,29.0,21.0,29.0,DT-Top1,Fixed-UCB-1sigma-Shield,95,5,0.6,0.6,0.6,0.6,0.6
0,2,0,1,1.0,0.0,0.76278657,0.6677499,0.875408569397236,1.0,21.0,0.0,0.0,1.0,0.0,29.0,21.0,29.0,DT-Top1,Fixed-UCB-1.64sigma-Shield,95,5,0.6,0.6,0.6,0.6,0.6
2,2,1,1,0.0,0.0,0.6677499,0.6677499,0.9999999999985024,0.0,0.0,0.0,0.0,1.0,21.0,29.0,21.0,29.0,PF,Full-CertiTwin-q90,96,5,0.6,0.6,0.6,0.6,0.6
2,2,1,1,0.0,0.0,0.6677499,0.6677499,0.9999999999985024,0.0,0.0,0.0,0.0,1.0,21.0,29.0,21.0,29.0,PF,SLA-Rule-Shield,96,5,0.6,0.6,0.6,0.6,0.6
2,2,1,1,0.0,0.0,0.6677499,0.6677499,0.9999999999985024,0.0,0.0,0.0,0.0,1.0,21.0,29.0,21.0,29.0,PF,Fixed-UCB-1sigma-Shield,96,5,0.6,0.6,0.6,0.6,0.6
2,2,1,1,0.0,0.0,0.6677499,0.6677499,0.9999999999985024,0.0,0.0,0.0,0.0,1.0,21.0,29.0,21.0,29.0,PF,Fixed-UCB-1.64sigma-Shield,96,5,0.6,0.6,0.6,0.6,0.6
4,4,1,1,0.0,0.0,0.76313806,0.76313806,0.9999999999986896,0.0,0.0,0.0,0.0,1.0,39.0,11.0,39.0,11.0,Greedy-SLA,Full-CertiTwin-q90,96,5,0.6,0.6,0.6,0.6,0.6
4,4,1,1,0.0,0.0,0.76313806,0.76313806,0.9999999999986896,0.0,0.0,0.0,0.0,1.0,39.0,11.0,39.0,11.0,Greedy-SLA,SLA-Rule-Shield,96,5,0.6,0.6,0.6,0.6,0.6
4,4,1,1,0.0,0.0,0.76313806,0.76313806,0.9999999999986896,0.0,0.0,0.0,0.0,1.0,39.0,11.0,39.0,11.0,Greedy-SLA,Fixed-UCB-1sigma-Shield,96,5,0.6,0.6,0.6,0.6,0.6
4,4,1,1,0.0,0.0,0.76313806,0.76313806,0.9999999999986896,0.0,0.0,0.0,0.0,1.0,39.0,11.0,39.0,11.0,Greedy-SLA,Fixed-UCB-1.64sigma-Shield,96,5,0.6,0.6,0.6,0.6,0.6
0,2,0,1,1.0,0.0,0.76278657,0.6677499,0.875408569397236,1.0,21.0,0.0,0.0,1.0,0.0,29.0,21.0,29.0,DT-Top1,Full-CertiTwin-q90,96,5,0.6,0.6,0.6,0.6,0.6
0,4,0,1,1.0,0.0,0.76278657,0.76313806,1.000460797309265,1.0,57.0,0.0,0.0,1.0,0.0,29.0,39.0,11.0,DT-Top1,SLA-Rule-Shield,96,5,0.6,0.6,0.6,0.6,0.6
0,2,0,1,1.0,0.0,0.76278657,0.6677499,0.875408569397236,1.0,21.0,0.0,0.0,1.0,0.0,29.0,21.0,29.0,DT-Top1,Fixed-UCB-1sigma-Shield,96,5,0.6,0.6,0.6,0.6,0.6
0,2,0,1,1.0,0.0,0.76278657,0.6677499,0.875408569397236,1.0,21.0,0.0,0.0,1.0,0.0,29.0,21.0,29.0,DT-Top1,Fixed-UCB-1.64sigma-Shield,96,5,0.6,0.6,0.6,0.6,0.6
2,2,1,1,0.0,0.0,0.6677499,0.6677499,0.9999999999985024,0.0,0.0,0.0,0.0,1.0,21.0,29.0,21.0,29.0,PF,Full-CertiTwin-q90,97,5,0.6,0.6,0.6,0.6,0.6
2,2,1,1,0.0,0.0,0.6677499,0.6677499,0.9999999999985024,0.0,0.0,0.0,0.0,1.0,21.0,29.0,21.0,29.0,PF,SLA-Rule-Shield,97,5,0.6,0.6,0.6,0.6,0.6
2,2,1,1,0.0,0.0,0.6677499,0.6677499,0.9999999999985024,0.0,0.0,0.0,0.0,1.0,21.0,29.0,21.0,29.0,PF,Fixed-UCB-1sigma-Shield,97,5,0.6,0.6,0.6,0.6,0.6
2,2,1,1,0.0,0.0,0.6677499,0.6677499,0.9999999999985024,0.0,0.0,0.0,0.0,1.0,21.0,29.0,21.0,29.0,PF,Fixed-UCB-1.64sigma-Shield,97,5,0.6,0.6,0.6,0.6,0.6
4,4,1,1,0.0,0.0,0.76313806,0.76313806,0.9999999999986896,0.0,0.0,0.0,0.0,1.0,39.0,11.0,39.0,11.0,Greedy-SLA,Full-CertiTwin-q90,97,5,0.6,0.6,0.6,0.6,0.6
4,4,1,1,0.0,0.0,0.76313806,0.76313806,0.9999999999986896,0.0,0.0,0.0,0.0,1.0,39.0,11.0,39.0,11.0,Greedy-SLA,SLA-Rule-Shield,97,5,0.6,0.6,0.6,0.6,0.6
4,4,1,1,0.0,0.0,0.76313806,0.76313806,0.9999999999986896,0.0,0.0,0.0,0.0,1.0,39.0,11.0,39.0,11.0,Greedy-SLA,Fixed-UCB-1sigma-Shield,97,5,0.6,0.6,0.6,0.6,0.6
4,4,1,1,0.0,0.0,0.76313806,0.76313806,0.9999999999986896,0.0,0.0,0.0,0.0,1.0,39.0,11.0,39.0,11.0,Greedy-SLA,Fixed-UCB-1.64sigma-Shield,97,5,0.6,0.6,0.6,0.6,0.6
0,2,0,1,1.0,0.0,0.7864371,0.6677499,0.8490823995957858,1.0,21.0,0.0,0.0,1.0,0.0,29.0,21.0,29.0,DT-Top1,Full-CertiTwin-q90,97,5,0.6,0.6,0.6,0.6,0.6
0,4,0,1,1.0,0.0,0.7864371,0.76313806,0.970373930730162,1.0,57.0,0.0,0.0,1.0,0.0,29.0,39.0,11.0,DT-Top1,SLA-Rule-Shield,97,5,0.6,0.6,0.6,0.6,0.6
0,2,0,1,1.0,0.0,0.7864371,0.6677499,0.8490823995957858,1.0,21.0,0.0,0.0,1.0,0.0,29.0,21.0,29.0,DT-Top1,Fixed-UCB-1sigma-Shield,97,5,0.6,0.6,0.6,0.6,0.6
0,2,0,1,1.0,0.0,0.7864371,0.6677499,0.8490823995957858,1.0,21.0,0.0,0.0,1.0,0.0,29.0,21.0,29.0,DT-Top1,Fixed-UCB-1.64sigma-Shield,97,5,0.6,0.6,0.6,0.6,0.6
2,2,1,1,0.0,0.0,0.6682329,0.6682329,0.9999999999985036,0.0,0.0,0.0,0.0,1.0,21.0,29.0,21.0,29.0,PF,Full-CertiTwin-q90,98,5,0.6,0.6,0.6,0.6,0.6
2,2,1,1,0.0,0.0,0.6682329,0.6682329,0.9999999999985036,0.0,0.0,0.0,0.0,1.0,21.0,29.0,21.0,29.0,PF,SLA-Rule-Shield,98,5,0.6,0.6,0.6,0.6,0.6
2,2,1,1,0.0,0.0,0.6682329,0.6682329,0.9999999999985036,0.0,0.0,0.0,0.0,1.0,21.0,29.0,21.0,29.0,PF,Fixed-UCB-1sigma-Shield,98,5,0.6,0.6,0.6,0.6,0.6
2,2,1,1,0.0,0.0,0.6682329,0.6682329,0.9999999999985036,0.0,0.0,0.0,0.0,1.0,21.0,29.0,21.0,29.0,PF,Fixed-UCB-1.64sigma-Shield,98,5,0.6,0.6,0.6,0.6,0.6
4,4,1,1,0.0,0.0,0.76313806,0.76313806,0.9999999999986896,0.0,0.0,0.0,0.0,1.0,39.0,11.0,39.0,11.0,Greedy-SLA,Full-CertiTwin-q90,98,5,0.6,0.6,0.6,0.6,0.6
4,4,1,1,0.0,0.0,0.76313806,0.76313806,0.9999999999986896,0.0,0.0,0.0,0.0,1.0,39.0,11.0,39.0,11.0,Greedy-SLA,SLA-Rule-Shield,98,5,0.6,0.6,0.6,0.6,0.6
4,4,1,1,0.0,0.0,0.76313806,0.76313806,0.9999999999986896,0.0,0.0,0.0,0.0,1.0,39.0,11.0,39.0,11.0,Greedy-SLA,Fixed-UCB-1sigma-Shield,98,5,0.6,0.6,0.6,0.6,0.6
4,4,1,1,0.0,0.0,0.76313806,0.76313806,0.9999999999986896,0.0,0.0,0.0,0.0,1.0,39.0,11.0,39.0,11.0,Greedy-SLA,Fixed-UCB-1.64sigma-Shield,98,5,0.6,0.6,0.6,0.6,0.6
0,2,0,1,1.0,0.0,0.76278657,0.6682329,0.8760417740431953,1.0,21.0,0.0,0.0,1.0,0.0,29.0,21.0,29.0,DT-Top1,Full-CertiTwin-q90,98,5,0.6,0.6,0.6,0.6,0.6
0,4,0,1,1.0,0.0,0.76278657,0.76313806,1.000460797309265,1.0,57.0,0.0,0.0,1.0,0.0,29.0,39.0,11.0,DT-Top1,SLA-Rule-Shield,98,5,0.6,0.6,0.6,0.6,0.6
0,2,0,1,1.0,0.0,0.76278657,0.6682329,0.8760417740431953,1.0,21.0,0.0,0.0,1.0,0.0,29.0,21.0,29.0,DT-Top1,Fixed-UCB-1sigma-Shield,98,5,0.6,0.6,0.6,0.6,0.6
0,2,0,1,1.0,0.0,0.76278657,0.6682329,0.8760417740431953,1.0,21.0,0.0,0.0,1.0,0.0,29.0,21.0,29.0,DT-Top1,Fixed-UCB-1.64sigma-Shield,98,5,0.6,0.6,0.6,0.6,0.6
2,2,1,1,0.0,0.0,0.6677499,0.6677499,0.9999999999985024,0.0,0.0,0.0,0.0,1.0,21.0,29.0,21.0,29.0,PF,Full-CertiTwin-q90,99,5,0.6,0.6,0.6,0.6,0.6
2,2,1,1,0.0,0.0,0.6677499,0.6677499,0.9999999999985024,0.0,0.0,0.0,0.0,1.0,21.0,29.0,21.0,29.0,PF,SLA-Rule-Shield,99,5,0.6,0.6,0.6,0.6,0.6
2,2,1,1,0.0,0.0,0.6677499,0.6677499,0.9999999999985024,0.0,0.0,0.0,0.0,1.0,21.0,29.0,21.0,29.0,PF,Fixed-UCB-1sigma-Shield,99,5,0.6,0.6,0.6,0.6,0.6
2,2,1,1,0.0,0.0,0.6677499,0.6677499,0.9999999999985024,0.0,0.0,0.0,0.0,1.0,21.0,29.0,21.0,29.0,PF,Fixed-UCB-1.64sigma-Shield,99,5,0.6,0.6,0.6,0.6,0.6
4,4,1,1,0.0,0.0,0.76313806,0.76313806,0.9999999999986896,0.0,0.0,0.0,0.0,1.0,39.0,11.0,39.0,11.0,Greedy-SLA,Full-CertiTwin-q90,99,5,0.6,0.6,0.6,0.6,0.6
4,4,1,1,0.0,0.0,0.76313806,0.76313806,0.9999999999986896,0.0,0.0,0.0,0.0,1.0,39.0,11.0,39.0,11.0,Greedy-SLA,SLA-Rule-Shield,99,5,0.6,0.6,0.6,0.6,0.6
4,4,1,1,0.0,0.0,0.76313806,0.76313806,0.9999999999986896,0.0,0.0,0.0,0.0,1.0,39.0,11.0,39.0,11.0,Greedy-SLA,Fixed-UCB-1sigma-Shield,99,5,0.6,0.6,0.6,0.6,0.6
4,4,1,1,0.0,0.0,0.76313806,0.76313806,0.9999999999986896,0.0,0.0,0.0,0.0,1.0,39.0,11.0,39.0,11.0,Greedy-SLA,Fixed-UCB-1.64sigma-Shield,99,5,0.6,0.6,0.6,0.6,0.6
0,2,0,1,1.0,0.0,0.76278657,0.6677499,0.875408569397236,1.0,21.0,0.0,0.0,1.0,0.0,29.0,21.0,29.0,DT-Top1,Full-CertiTwin-q90,99,5,0.6,0.6,0.6,0.6,0.6
0,4,0,1,1.0,0.0,0.76278657,0.76313806,1.000460797309265,1.0,57.0,0.0,0.0,1.0,0.0,29.0,39.0,11.0,DT-Top1,SLA-Rule-Shield,99,5,0.6,0.6,0.6,0.6,0.6
0,2,0,1,1.0,0.0,0.76278657,0.6677499,0.875408569397236,1.0,21.0,0.0,0.0,1.0,0.0,29.0,21.0,29.0,DT-Top1,Fixed-UCB-1sigma-Shield,99,5,0.6,0.6,0.6,0.6,0.6
0,2,0,1,1.0,0.0,0.76278657,0.6677499,0.875408569397236,1.0,21.0,0.0,0.0,1.0,0.0,29.0,21.0,29.0,DT-Top1,Fixed-UCB-1.64sigma-Shield,99,5,0.6,0.6,0.6,0.6,0.6
2,2,1,1,0.0,0.0,0.6677499,0.6677499,0.9999999999985024,0.0,0.0,0.0,0.0,1.0,21.0,29.0,21.0,29.0,PF,Full-CertiTwin-q90,100,5,0.6,0.6,0.6,0.6,0.6
2,2,1,1,0.0,0.0,0.6677499,0.6677499,0.9999999999985024,0.0,0.0,0.0,0.0,1.0,21.0,29.0,21.0,29.0,PF,SLA-Rule-Shield,100,5,0.6,0.6,0.6,0.6,0.6
2,2,1,1,0.0,0.0,0.6677499,0.6677499,0.9999999999985024,0.0,0.0,0.0,0.0,1.0,21.0,29.0,21.0,29.0,PF,Fixed-UCB-1sigma-Shield,100,5,0.6,0.6,0.6,0.6,0.6
2,2,1,1,0.0,0.0,0.6677499,0.6677499,0.9999999999985024,0.0,0.0,0.0,0.0,1.0,21.0,29.0,21.0,29.0,PF,Fixed-UCB-1.64sigma-Shield,100,5,0.6,0.6,0.6,0.6,0.6
0,2,0,1,1.0,0.0,0.76278657,0.6677499,0.875408569397236,1.0,21.0,0.0,0.0,1.0,0.0,29.0,21.0,29.0,Greedy-SLA,Full-CertiTwin-q90,100,5,0.6,0.6,0.6,0.6,0.6
0,4,0,1,1.0,0.0,0.76278657,0.78614604,1.0306238611397804,1.0,57.0,0.0,0.0,1.0,0.0,29.0,39.0,11.0,Greedy-SLA,SLA-Rule-Shield,100,5,0.6,0.6,0.6,0.6,0.6
0,2,0,1,1.0,0.0,0.76278657,0.6677499,0.875408569397236,1.0,21.0,0.0,0.0,1.0,0.0,29.0,21.0,29.0,Greedy-SLA,Fixed-UCB-1sigma-Shield,100,5,0.6,0.6,0.6,0.6,0.6
0,2,0,1,1.0,0.0,0.76278657,0.6677499,0.875408569397236,1.0,21.0,0.0,0.0,1.0,0.0,29.0,21.0,29.0,Greedy-SLA,Fixed-UCB-1.64sigma-Shield,100,5,0.6,0.6,0.6,0.6,0.6
0,2,0,1,1.0,0.0,0.76278657,0.6677499,0.875408569397236,1.0,21.0,0.0,0.0,1.0,0.0,29.0,21.0,29.0,DT-Top1,Full-CertiTwin-q90,100,5,0.6,0.6,0.6,0.6,0.6
0,4,0,1,1.0,0.0,0.76278657,0.78614604,1.0306238611397804,1.0,57.0,0.0,0.0,1.0,0.0,29.0,39.0,11.0,DT-Top1,SLA-Rule-Shield,100,5,0.6,0.6,0.6,0.6,0.6
0,2,0,1,1.0,0.0,0.76278657,0.6677499,0.875408569397236,1.0,21.0,0.0,0.0,1.0,0.0,29.0,21.0,29.0,DT-Top1,Fixed-UCB-1sigma-Shield,100,5,0.6,0.6,0.6,0.6,0.6
0,2,0,1,1.0,0.0,0.76278657,0.6677499,0.875408569397236,1.0,21.0,0.0,0.0,1.0,0.0,29.0,21.0,29.0,DT-Top1,Fixed-UCB-1.64sigma-Shield,100,5,0.6,0.6,0.6,0.6,0.6
2,2,1,1,0.0,0.0,0.6677499,0.6677499,0.9999999999985024,0.0,0.0,0.0,0.0,1.0,21.0,29.0,21.0,29.0,PF,Full-CertiTwin-q90,101,5,0.6,0.6,0.6,0.6,0.6
2,2,1,1,0.0,0.0,0.6677499,0.6677499,0.9999999999985024,0.0,0.0,0.0,0.0,1.0,21.0,29.0,21.0,29.0,PF,SLA-Rule-Shield,101,5,0.6,0.6,0.6,0.6,0.6
2,2,1,1,0.0,0.0,0.6677499,0.6677499,0.9999999999985024,0.0,0.0,0.0,0.0,1.0,21.0,29.0,21.0,29.0,PF,Fixed-UCB-1sigma-Shield,101,5,0.6,0.6,0.6,0.6,0.6
2,2,1,1,0.0,0.0,0.6677499,0.6677499,0.9999999999985024,0.0,0.0,0.0,0.0,1.0,21.0,29.0,21.0,29.0,PF,Fixed-UCB-1.64sigma-Shield,101,5,0.6,0.6,0.6,0.6,0.6
4,4,1,1,0.0,0.0,0.76313806,0.76313806,0.9999999999986896,0.0,0.0,0.0,0.0,1.0,39.0,11.0,39.0,11.0,Greedy-SLA,Full-CertiTwin-q90,101,5,0.6,0.6,0.6,0.6,0.6
4,4,1,1,0.0,0.0,0.76313806,0.76313806,0.9999999999986896,0.0,0.0,0.0,0.0,1.0,39.0,11.0,39.0,11.0,Greedy-SLA,SLA-Rule-Shield,101,5,0.6,0.6,0.6,0.6,0.6
4,4,1,1,0.0,0.0,0.76313806,0.76313806,0.9999999999986896,0.0,0.0,0.0,0.0,1.0,39.0,11.0,39.0,11.0,Greedy-SLA,Fixed-UCB-1sigma-Shield,101,5,0.6,0.6,0.6,0.6,0.6
4,4,1,1,0.0,0.0,0.76313806,0.76313806,0.9999999999986896,0.0,0.0,0.0,0.0,1.0,39.0,11.0,39.0,11.0,Greedy-SLA,Fixed-UCB-1.64sigma-Shield,101,5,0.6,0.6,0.6,0.6,0.6
0,2,0,1,1.0,0.0,0.76278657,0.6677499,0.875408569397236,1.0,21.0,0.0,0.0,1.0,0.0,29.0,21.0,29.0,DT-Top1,Full-CertiTwin-q90,101,5,0.6,0.6,0.6,0.6,0.6
0,4,0,1,1.0,0.0,0.76278657,0.76313806,1.000460797309265,1.0,57.0,0.0,0.0,1.0,0.0,29.0,39.0,11.0,DT-Top1,SLA-Rule-Shield,101,5,0.6,0.6,0.6,0.6,0.6
0,2,0,1,1.0,0.0,0.76278657,0.6677499,0.875408569397236,1.0,21.0,0.0,0.0,1.0,0.0,29.0,21.0,29.0,DT-Top1,Fixed-UCB-1sigma-Shield,101,5,0.6,0.6,0.6,0.6,0.6
0,2,0,1,1.0,0.0,0.76278657,0.6677499,0.875408569397236,1.0,21.0,0.0,0.0,1.0,0.0,29.0,21.0,29.0,DT-Top1,Fixed-UCB-1.64sigma-Shield,101,5,0.6,0.6,0.6,0.6,0.6
2,2,1,1,0.0,0.0,0.6677499,0.6677499,0.9999999999985024,0.0,0.0,0.0,0.0,1.0,21.0,29.0,21.0,29.0,PF,Full-CertiTwin-q90,102,5,0.6,0.6,0.6,0.6,0.6
2,2,1,1,0.0,0.0,0.6677499,0.6677499,0.9999999999985024,0.0,0.0,0.0,0.0,1.0,21.0,29.0,21.0,29.0,PF,SLA-Rule-Shield,102,5,0.6,0.6,0.6,0.6,0.6
2,2,1,1,0.0,0.0,0.6677499,0.6677499,0.9999999999985024,0.0,0.0,0.0,0.0,1.0,21.0,29.0,21.0,29.0,PF,Fixed-UCB-1sigma-Shield,102,5,0.6,0.6,0.6,0.6,0.6
2,2,1,1,0.0,0.0,0.6677499,0.6677499,0.9999999999985024,0.0,0.0,0.0,0.0,1.0,21.0,29.0,21.0,29.0,PF,Fixed-UCB-1.64sigma-Shield,102,5,0.6,0.6,0.6,0.6,0.6
0,2,0,1,1.0,0.0,0.76278657,0.6677499,0.875408569397236,1.0,21.0,0.0,0.0,1.0,0.0,29.0,21.0,29.0,Greedy-SLA,Full-CertiTwin-q90,102,5,0.6,0.6,0.6,0.6,0.6
0,4,0,1,1.0,0.0,0.76278657,0.7566483,0.9919528341971308,1.0,57.0,0.0,0.0,1.0,0.0,29.0,39.0,11.0,Greedy-SLA,SLA-Rule-Shield,102,5,0.6,0.6,0.6,0.6,0.6
0,2,0,1,1.0,0.0,0.76278657,0.6677499,0.875408569397236,1.0,21.0,0.0,0.0,1.0,0.0,29.0,21.0,29.0,Greedy-SLA,Fixed-UCB-1sigma-Shield,102,5,0.6,0.6,0.6,0.6,0.6
0,2,0,1,1.0,0.0,0.76278657,0.6677499,0.875408569397236,1.0,21.0,0.0,0.0,1.0,0.0,29.0,21.0,29.0,Greedy-SLA,Fixed-UCB-1.64sigma-Shield,102,5,0.6,0.6,0.6,0.6,0.6
0,2,0,1,1.0,0.0,0.76278657,0.6677499,0.875408569397236,1.0,21.0,0.0,0.0,1.0,0.0,29.0,21.0,29.0,DT-Top1,Full-CertiTwin-q90,102,5,0.6,0.6,0.6,0.6,0.6
0,4,0,1,1.0,0.0,0.76278657,0.7566483,0.9919528341971308,1.0,57.0,0.0,0.0,1.0,0.0,29.0,39.0,11.0,DT-Top1,SLA-Rule-Shield,102,5,0.6,0.6,0.6,0.6,0.6
0,2,0,1,1.0,0.0,0.76278657,0.6677499,0.875408569397236,1.0,21.0,0.0,0.0,1.0,0.0,29.0,21.0,29.0,DT-Top1,Fixed-UCB-1sigma-Shield,102,5,0.6,0.6,0.6,0.6,0.6
0,2,0,1,1.0,0.0,0.76278657,0.6677499,0.875408569397236,1.0,21.0,0.0,0.0,1.0,0.0,29.0,21.0,29.0,DT-Top1,Fixed-UCB-1.64sigma-Shield,102,5,0.6,0.6,0.6,0.6,0.6
2,2,1,1,0.0,0.0,0.6677499,0.6677499,0.9999999999985024,0.0,0.0,0.0,0.0,1.0,21.0,29.0,21.0,29.0,PF,Full-CertiTwin-q90,103,5,0.6,0.6,0.6,0.6,0.6
2,2,1,1,0.0,0.0,0.6677499,0.6677499,0.9999999999985024,0.0,0.0,0.0,0.0,1.0,21.0,29.0,21.0,29.0,PF,SLA-Rule-Shield,103,5,0.6,0.6,0.6,0.6,0.6
2,2,1,1,0.0,0.0,0.6677499,0.6677499,0.9999999999985024,0.0,0.0,0.0,0.0,1.0,21.0,29.0,21.0,29.0,PF,Fixed-UCB-1sigma-Shield,103,5,0.6,0.6,0.6,0.6,0.6
2,2,1,1,0.0,0.0,0.6677499,0.6677499,0.9999999999985024,0.0,0.0,0.0,0.0,1.0,21.0,29.0,21.0,29.0,PF,Fixed-UCB-1.64sigma-Shield,103,5,0.6,0.6,0.6,0.6,0.6
4,4,1,1,0.0,0.0,0.7566483,0.7566483,0.9999999999986784,0.0,0.0,0.0,0.0,1.0,39.0,11.0,39.0,11.0,Greedy-SLA,Full-CertiTwin-q90,103,5,0.6,0.6,0.6,0.6,0.6
4,4,1,1,0.0,0.0,0.7566483,0.7566483,0.9999999999986784,0.0,0.0,0.0,0.0,1.0,39.0,11.0,39.0,11.0,Greedy-SLA,SLA-Rule-Shield,103,5,0.6,0.6,0.6,0.6,0.6
4,4,1,1,0.0,0.0,0.7566483,0.7566483,0.9999999999986784,0.0,0.0,0.0,0.0,1.0,39.0,11.0,39.0,11.0,Greedy-SLA,Fixed-UCB-1sigma-Shield,103,5,0.6,0.6,0.6,0.6,0.6
4,4,1,1,0.0,0.0,0.7566483,0.7566483,0.9999999999986784,0.0,0.0,0.0,0.0,1.0,39.0,11.0,39.0,11.0,Greedy-SLA,Fixed-UCB-1.64sigma-Shield,103,5,0.6,0.6,0.6,0.6,0.6
4,4,1,1,0.0,0.0,0.7566483,0.7566483,0.9999999999986784,0.0,0.0,0.0,0.0,1.0,39.0,11.0,39.0,11.0,DT-Top1,Full-CertiTwin-q90,103,5,0.6,0.6,0.6,0.6,0.6
4,4,1,1,0.0,0.0,0.7566483,0.7566483,0.9999999999986784,0.0,0.0,0.0,0.0,1.0,39.0,11.0,39.0,11.0,DT-Top1,SLA-Rule-Shield,103,5,0.6,0.6,0.6,0.6,0.6
4,4,1,1,0.0,0.0,0.7566483,0.7566483,0.9999999999986784,0.0,0.0,0.0,0.0,1.0,39.0,11.0,39.0,11.0,DT-Top1,Fixed-UCB-1sigma-Shield,103,5,0.6,0.6,0.6,0.6,0.6
4,4,1,1,0.0,0.0,0.7566483,0.7566483,0.9999999999986784,0.0,0.0,0.0,0.0,1.0,39.0,11.0,39.0,11.0,DT-Top1,Fixed-UCB-1.64sigma-Shield,103,5,0.6,0.6,0.6,0.6,0.6
2,2,1,1,0.0,0.0,0.6677499,0.6677499,0.9999999999985024,0.0,0.0,0.0,0.0,1.0,21.0,29.0,21.0,29.0,PF,Full-CertiTwin-q90,104,5,0.6,0.6,0.6,0.6,0.6
2,2,1,1,0.0,0.0,0.6677499,0.6677499,0.9999999999985024,0.0,0.0,0.0,0.0,1.0,21.0,29.0,21.0,29.0,PF,SLA-Rule-Shield,104,5,0.6,0.6,0.6,0.6,0.6
2,2,1,1,0.0,0.0,0.6677499,0.6677499,0.9999999999985024,0.0,0.0,0.0,0.0,1.0,21.0,29.0,21.0,29.0,PF,Fixed-UCB-1sigma-Shield,104,5,0.6,0.6,0.6,0.6,0.6
2,2,1,1,0.0,0.0,0.6677499,0.6677499,0.9999999999985024,0.0,0.0,0.0,0.0,1.0,21.0,29.0,21.0,29.0,PF,Fixed-UCB-1.64sigma-Shield,104,5,0.6,0.6,0.6,0.6,0.6
0,2,0,1,1.0,0.0,0.7864371,0.6677499,0.8490823995957858,1.0,21.0,0.0,0.0,1.0,0.0,29.0,21.0,29.0,Greedy-SLA,Full-CertiTwin-q90,104,5,0.6,0.6,0.6,0.6,0.6
0,4,0,1,1.0,0.0,0.7864371,0.76313806,0.970373930730162,1.0,57.0,0.0,0.0,1.0,0.0,29.0,39.0,11.0,Greedy-SLA,SLA-Rule-Shield,104,5,0.6,0.6,0.6,0.6,0.6
0,2,0,1,1.0,0.0,0.7864371,0.6677499,0.8490823995957858,1.0,21.0,0.0,0.0,1.0,0.0,29.0,21.0,29.0,Greedy-SLA,Fixed-UCB-1sigma-Shield,104,5,0.6,0.6,0.6,0.6,0.6
0,2,0,1,1.0,0.0,0.7864371,0.6677499,0.8490823995957858,1.0,21.0,0.0,0.0,1.0,0.0,29.0,21.0,29.0,Greedy-SLA,Fixed-UCB-1.64sigma-Shield,104,5,0.6,0.6,0.6,0.6,0.6
0,2,0,1,1.0,0.0,0.7864371,0.6677499,0.8490823995957858,1.0,21.0,0.0,0.0,1.0,0.0,29.0,21.0,29.0,DT-Top1,Full-CertiTwin-q90,104,5,0.6,0.6,0.6,0.6,0.6
0,4,0,1,1.0,0.0,0.7864371,0.76313806,0.970373930730162,1.0,57.0,0.0,0.0,1.0,0.0,29.0,39.0,11.0,DT-Top1,SLA-Rule-Shield,104,5,0.6,0.6,0.6,0.6,0.6
0,2,0,1,1.0,0.0,0.7864371,0.6677499,0.8490823995957858,1.0,21.0,0.0,0.0,1.0,0.0,29.0,21.0,29.0,DT-Top1,Fixed-UCB-1sigma-Shield,104,5,0.6,0.6,0.6,0.6,0.6
0,2,0,1,1.0,0.0,0.7864371,0.6677499,0.8490823995957858,1.0,21.0,0.0,0.0,1.0,0.0,29.0,21.0,29.0,DT-Top1,Fixed-UCB-1.64sigma-Shield,104,5,0.6,0.6,0.6,0.6,0.6
2,2,1,1,0.0,0.0,0.6677499,0.6677499,0.9999999999985024,0.0,0.0,0.0,0.0,1.0,21.0,29.0,21.0,29.0,PF,Full-CertiTwin-q90,105,5,0.6,0.6,0.6,0.6,0.6
2,2,1,1,0.0,0.0,0.6677499,0.6677499,0.9999999999985024,0.0,0.0,0.0,0.0,1.0,21.0,29.0,21.0,29.0,PF,SLA-Rule-Shield,105,5,0.6,0.6,0.6,0.6,0.6
2,2,1,1,0.0,0.0,0.6677499,0.6677499,0.9999999999985024,0.0,0.0,0.0,0.0,1.0,21.0,29.0,21.0,29.0,PF,Fixed-UCB-1sigma-Shield,105,5,0.6,0.6,0.6,0.6,0.6
2,2,1,1,0.0,0.0,0.6677499,0.6677499,0.9999999999985024,0.0,0.0,0.0,0.0,1.0,21.0,29.0,21.0,29.0,PF,Fixed-UCB-1.64sigma-Shield,105,5,0.6,0.6,0.6,0.6,0.6
4,4,1,1,0.0,0.0,0.76313806,0.76313806,0.9999999999986896,0.0,0.0,0.0,0.0,1.0,39.0,11.0,39.0,11.0,Greedy-SLA,Full-CertiTwin-q90,105,5,0.6,0.6,0.6,0.6,0.6
4,4,1,1,0.0,0.0,0.76313806,0.76313806,0.9999999999986896,0.0,0.0,0.0,0.0,1.0,39.0,11.0,39.0,11.0,Greedy-SLA,SLA-Rule-Shield,105,5,0.6,0.6,0.6,0.6,0.6
4,4,1,1,0.0,0.0,0.76313806,0.76313806,0.9999999999986896,0.0,0.0,0.0,0.0,1.0,39.0,11.0,39.0,11.0,Greedy-SLA,Fixed-UCB-1sigma-Shield,105,5,0.6,0.6,0.6,0.6,0.6
4,4,1,1,0.0,0.0,0.76313806,0.76313806,0.9999999999986896,0.0,0.0,0.0,0.0,1.0,39.0,11.0,39.0,11.0,Greedy-SLA,Fixed-UCB-1.64sigma-Shield,105,5,0.6,0.6,0.6,0.6,0.6
0,2,0,1,1.0,0.0,0.77741534,0.6677499,0.8589358424534574,1.0,21.0,0.0,0.0,1.0,0.0,29.0,21.0,29.0,DT-Top1,Full-CertiTwin-q90,105,5,0.6,0.6,0.6,0.6,0.6
0,4,0,1,1.0,0.0,0.77741534,0.76313806,0.981634939180668,1.0,57.0,0.0,0.0,1.0,0.0,29.0,39.0,11.0,DT-Top1,SLA-Rule-Shield,105,5,0.6,0.6,0.6,0.6,0.6
0,2,0,1,1.0,0.0,0.77741534,0.6677499,0.8589358424534574,1.0,21.0,0.0,0.0,1.0,0.0,29.0,21.0,29.0,DT-Top1,Fixed-UCB-1sigma-Shield,105,5,0.6,0.6,0.6,0.6,0.6
0,2,0,1,1.0,0.0,0.77741534,0.6677499,0.8589358424534574,1.0,21.0,0.0,0.0,1.0,0.0,29.0,21.0,29.0,DT-Top1,Fixed-UCB-1.64sigma-Shield,105,5,0.6,0.6,0.6,0.6,0.6
2,2,1,1,0.0,0.0,0.6677499,0.6677499,0.9999999999985024,0.0,0.0,0.0,0.0,1.0,21.0,29.0,21.0,29.0,PF,Full-CertiTwin-q90,106,5,0.6,0.6,0.6,0.6,0.6
2,2,1,1,0.0,0.0,0.6677499,0.6677499,0.9999999999985024,0.0,0.0,0.0,0.0,1.0,21.0,29.0,21.0,29.0,PF,SLA-Rule-Shield,106,5,0.6,0.6,0.6,0.6,0.6
2,2,1,1,0.0,0.0,0.6677499,0.6677499,0.9999999999985024,0.0,0.0,0.0,0.0,1.0,21.0,29.0,21.0,29.0,PF,Fixed-UCB-1sigma-Shield,106,5,0.6,0.6,0.6,0.6,0.6
2,2,1,1,0.0,0.0,0.6677499,0.6677499,0.9999999999985024,0.0,0.0,0.0,0.0,1.0,21.0,29.0,21.0,29.0,PF,Fixed-UCB-1.64sigma-Shield,106,5,0.6,0.6,0.6,0.6,0.6
0,2,0,1,1.0,0.0,0.76278657,0.6677499,0.875408569397236,1.0,21.0,0.0,0.0,1.0,0.0,29.0,21.0,29.0,Greedy-SLA,Full-CertiTwin-q90,106,5,0.6,0.6,0.6,0.6,0.6
0,4,0,1,1.0,0.0,0.76278657,0.7566483,0.9919528341971308,1.0,57.0,0.0,0.0,1.0,0.0,29.0,39.0,11.0,Greedy-SLA,SLA-Rule-Shield,106,5,0.6,0.6,0.6,0.6,0.6
0,2,0,1,1.0,0.0,0.76278657,0.6677499,0.875408569397236,1.0,21.0,0.0,0.0,1.0,0.0,29.0,21.0,29.0,Greedy-SLA,Fixed-UCB-1sigma-Shield,106,5,0.6,0.6,0.6,0.6,0.6
0,2,0,1,1.0,0.0,0.76278657,0.6677499,0.875408569397236,1.0,21.0,0.0,0.0,1.0,0.0,29.0,21.0,29.0,Greedy-SLA,Fixed-UCB-1.64sigma-Shield,106,5,0.6,0.6,0.6,0.6,0.6
0,2,0,1,1.0,0.0,0.76278657,0.6677499,0.875408569397236,1.0,21.0,0.0,0.0,1.0,0.0,29.0,21.0,29.0,DT-Top1,Full-CertiTwin-q90,106,5,0.6,0.6,0.6,0.6,0.6
0,4,0,1,1.0,0.0,0.76278657,0.7566483,0.9919528341971308,1.0,57.0,0.0,0.0,1.0,0.0,29.0,39.0,11.0,DT-Top1,SLA-Rule-Shield,106,5,0.6,0.6,0.6,0.6,0.6
0,2,0,1,1.0,0.0,0.76278657,0.6677499,0.875408569397236,1.0,21.0,0.0,0.0,1.0,0.0,29.0,21.0,29.0,DT-Top1,Fixed-UCB-1sigma-Shield,106,5,0.6,0.6,0.6,0.6,0.6
0,2,0,1,1.0,0.0,0.76278657,0.6677499,0.875408569397236,1.0,21.0,0.0,0.0,1.0,0.0,29.0,21.0,29.0,DT-Top1,Fixed-UCB-1.64sigma-Shield,106,5,0.6,0.6,0.6,0.6,0.6
2,2,1,1,0.0,0.0,0.6677499,0.6677499,0.9999999999985024,0.0,0.0,0.0,0.0,1.0,21.0,29.0,21.0,29.0,PF,Full-CertiTwin-q90,107,5,0.6,0.6,0.6,0.6,0.6
2,2,1,1,0.0,0.0,0.6677499,0.6677499,0.9999999999985024,0.0,0.0,0.0,0.0,1.0,21.0,29.0,21.0,29.0,PF,SLA-Rule-Shield,107,5,0.6,0.6,0.6,0.6,0.6
2,2,1,1,0.0,0.0,0.6677499,0.6677499,0.9999999999985024,0.0,0.0,0.0,0.0,1.0,21.0,29.0,21.0,29.0,PF,Fixed-UCB-1sigma-Shield,107,5,0.6,0.6,0.6,0.6,0.6
2,2,1,1,0.0,0.0,0.6677499,0.6677499,0.9999999999985024,0.0,0.0,0.0,0.0,1.0,21.0,29.0,21.0,29.0,PF,Fixed-UCB-1.64sigma-Shield,107,5,0.6,0.6,0.6,0.6,0.6
4,4,1,1,0.0,0.0,0.7566483,0.7566483,0.9999999999986784,0.0,0.0,0.0,0.0,1.0,39.0,11.0,39.0,11.0,Greedy-SLA,Full-CertiTwin-q90,107,5,0.6,0.6,0.6,0.6,0.6
4,4,1,1,0.0,0.0,0.7566483,0.7566483,0.9999999999986784,0.0,0.0,0.0,0.0,1.0,39.0,11.0,39.0,11.0,Greedy-SLA,SLA-Rule-Shield,107,5,0.6,0.6,0.6,0.6,0.6
4,4,1,1,0.0,0.0,0.7566483,0.7566483,0.9999999999986784,0.0,0.0,0.0,0.0,1.0,39.0,11.0,39.0,11.0,Greedy-SLA,Fixed-UCB-1sigma-Shield,107,5,0.6,0.6,0.6,0.6,0.6
4,4,1,1,0.0,0.0,0.7566483,0.7566483,0.9999999999986784,0.0,0.0,0.0,0.0,1.0,39.0,11.0,39.0,11.0,Greedy-SLA,Fixed-UCB-1.64sigma-Shield,107,5,0.6,0.6,0.6,0.6,0.6
0,2,0,1,1.0,0.0,0.76278657,0.6677499,0.875408569397236,1.0,21.0,0.0,0.0,1.0,0.0,29.0,21.0,29.0,DT-Top1,Full-CertiTwin-q90,107,5,0.6,0.6,0.6,0.6,0.6
0,4,0,1,1.0,0.0,0.76278657,0.7566483,0.9919528341971308,1.0,57.0,0.0,0.0,1.0,0.0,29.0,39.0,11.0,DT-Top1,SLA-Rule-Shield,107,5,0.6,0.6,0.6,0.6,0.6
0,2,0,1,1.0,0.0,0.76278657,0.6677499,0.875408569397236,1.0,21.0,0.0,0.0,1.0,0.0,29.0,21.0,29.0,DT-Top1,Fixed-UCB-1sigma-Shield,107,5,0.6,0.6,0.6,0.6,0.6
0,2,0,1,1.0,0.0,0.76278657,0.6677499,0.875408569397236,1.0,21.0,0.0,0.0,1.0,0.0,29.0,21.0,29.0,DT-Top1,Fixed-UCB-1.64sigma-Shield,107,5,0.6,0.6,0.6,0.6,0.6
2,2,1,1,0.0,0.0,0.6677499,0.6677499,0.9999999999985024,0.0,0.0,0.0,0.0,1.0,21.0,29.0,21.0,29.0,PF,Full-CertiTwin-q90,108,5,0.6,0.6,0.6,0.6,0.6
2,2,1,1,0.0,0.0,0.6677499,0.6677499,0.9999999999985024,0.0,0.0,0.0,0.0,1.0,21.0,29.0,21.0,29.0,PF,SLA-Rule-Shield,108,5,0.6,0.6,0.6,0.6,0.6
2,2,1,1,0.0,0.0,0.6677499,0.6677499,0.9999999999985024,0.0,0.0,0.0,0.0,1.0,21.0,29.0,21.0,29.0,PF,Fixed-UCB-1sigma-Shield,108,5,0.6,0.6,0.6,0.6,0.6
2,2,1,1,0.0,0.0,0.6677499,0.6677499,0.9999999999985024,0.0,0.0,0.0,0.0,1.0,21.0,29.0,21.0,29.0,PF,Fixed-UCB-1.64sigma-Shield,108,5,0.6,0.6,0.6,0.6,0.6
4,4,1,1,0.0,0.0,0.76313806,0.76313806,0.9999999999986896,0.0,0.0,0.0,0.0,1.0,39.0,11.0,39.0,11.0,Greedy-SLA,Full-CertiTwin-q90,108,5,0.6,0.6,0.6,0.6,0.6
4,4,1,1,0.0,0.0,0.76313806,0.76313806,0.9999999999986896,0.0,0.0,0.0,0.0,1.0,39.0,11.0,39.0,11.0,Greedy-SLA,SLA-Rule-Shield,108,5,0.6,0.6,0.6,0.6,0.6
4,4,1,1,0.0,0.0,0.76313806,0.76313806,0.9999999999986896,0.0,0.0,0.0,0.0,1.0,39.0,11.0,39.0,11.0,Greedy-SLA,Fixed-UCB-1sigma-Shield,108,5,0.6,0.6,0.6,0.6,0.6
4,4,1,1,0.0,0.0,0.76313806,0.76313806,0.9999999999986896,0.0,0.0,0.0,0.0,1.0,39.0,11.0,39.0,11.0,Greedy-SLA,Fixed-UCB-1.64sigma-Shield,108,5,0.6,0.6,0.6,0.6,0.6
0,2,0,1,1.0,0.0,0.7592471,0.6677499,0.8794895627512053,1.0,21.0,0.0,0.0,1.0,0.0,29.0,21.0,29.0,DT-Top1,Full-CertiTwin-q90,108,5,0.6,0.6,0.6,0.6,0.6
0,4,0,1,1.0,0.0,0.7592471,0.76313806,1.0051247610942404,1.0,57.0,0.0,0.0,1.0,0.0,29.0,39.0,11.0,DT-Top1,SLA-Rule-Shield,108,5,0.6,0.6,0.6,0.6,0.6
0,2,0,1,1.0,0.0,0.7592471,0.6677499,0.8794895627512053,1.0,21.0,0.0,0.0,1.0,0.0,29.0,21.0,29.0,DT-Top1,Fixed-UCB-1sigma-Shield,108,5,0.6,0.6,0.6,0.6,0.6
0,2,0,1,1.0,0.0,0.7592471,0.6677499,0.8794895627512053,1.0,21.0,0.0,0.0,1.0,0.0,29.0,21.0,29.0,DT-Top1,Fixed-UCB-1.64sigma-Shield,108,5,0.6,0.6,0.6,0.6,0.6
2,2,1,1,0.0,0.0,0.6682329,0.6682329,0.9999999999985036,0.0,0.0,0.0,0.0,1.0,21.0,29.0,21.0,29.0,PF,Full-CertiTwin-q90,109,5,0.6,0.6,0.6,0.6,0.6
2,2,1,1,0.0,0.0,0.6682329,0.6682329,0.9999999999985036,0.0,0.0,0.0,0.0,1.0,21.0,29.0,21.0,29.0,PF,SLA-Rule-Shield,109,5,0.6,0.6,0.6,0.6,0.6
2,2,1,1,0.0,0.0,0.6682329,0.6682329,0.9999999999985036,0.0,0.0,0.0,0.0,1.0,21.0,29.0,21.0,29.0,PF,Fixed-UCB-1sigma-Shield,109,5,0.6,0.6,0.6,0.6,0.6
2,2,1,1,0.0,0.0,0.6682329,0.6682329,0.9999999999985036,0.0,0.0,0.0,0.0,1.0,21.0,29.0,21.0,29.0,PF,Fixed-UCB-1.64sigma-Shield,109,5,0.6,0.6,0.6,0.6,0.6
4,4,1,1,0.0,0.0,0.76313806,0.76313806,0.9999999999986896,0.0,0.0,0.0,0.0,1.0,39.0,11.0,39.0,11.0,Greedy-SLA,Full-CertiTwin-q90,109,5,0.6,0.6,0.6,0.6,0.6
4,4,1,1,0.0,0.0,0.76313806,0.76313806,0.9999999999986896,0.0,0.0,0.0,0.0,1.0,39.0,11.0,39.0,11.0,Greedy-SLA,SLA-Rule-Shield,109,5,0.6,0.6,0.6,0.6,0.6
4,4,1,1,0.0,0.0,0.76313806,0.76313806,0.9999999999986896,0.0,0.0,0.0,0.0,1.0,39.0,11.0,39.0,11.0,Greedy-SLA,Fixed-UCB-1sigma-Shield,109,5,0.6,0.6,0.6,0.6,0.6
4,4,1,1,0.0,0.0,0.76313806,0.76313806,0.9999999999986896,0.0,0.0,0.0,0.0,1.0,39.0,11.0,39.0,11.0,Greedy-SLA,Fixed-UCB-1.64sigma-Shield,109,5,0.6,0.6,0.6,0.6,0.6
0,2,0,1,1.0,0.0,0.76278657,0.6682329,0.8760417740431953,1.0,21.0,0.0,0.0,1.0,0.0,29.0,21.0,29.0,DT-Top1,Full-CertiTwin-q90,109,5,0.6,0.6,0.6,0.6,0.6
0,4,0,1,1.0,0.0,0.76278657,0.76313806,1.000460797309265,1.0,57.0,0.0,0.0,1.0,0.0,29.0,39.0,11.0,DT-Top1,SLA-Rule-Shield,109,5,0.6,0.6,0.6,0.6,0.6
0,2,0,1,1.0,0.0,0.76278657,0.6682329,0.8760417740431953,1.0,21.0,0.0,0.0,1.0,0.0,29.0,21.0,29.0,DT-Top1,Fixed-UCB-1sigma-Shield,109,5,0.6,0.6,0.6,0.6,0.6
0,2,0,1,1.0,0.0,0.76278657,0.6682329,0.8760417740431953,1.0,21.0,0.0,0.0,1.0,0.0,29.0,21.0,29.0,DT-Top1,Fixed-UCB-1.64sigma-Shield,109,5,0.6,0.6,0.6,0.6,0.6
2,2,1,1,0.0,0.0,0.6677499,0.6677499,0.9999999999985024,0.0,0.0,0.0,0.0,1.0,21.0,29.0,21.0,29.0,PF,Full-CertiTwin-q90,110,5,0.6,0.6,0.6,0.6,0.6
2,2,1,1,0.0,0.0,0.6677499,0.6677499,0.9999999999985024,0.0,0.0,0.0,0.0,1.0,21.0,29.0,21.0,29.0,PF,SLA-Rule-Shield,110,5,0.6,0.6,0.6,0.6,0.6
2,2,1,1,0.0,0.0,0.6677499,0.6677499,0.9999999999985024,0.0,0.0,0.0,0.0,1.0,21.0,29.0,21.0,29.0,PF,Fixed-UCB-1sigma-Shield,110,5,0.6,0.6,0.6,0.6,0.6
2,2,1,1,0.0,0.0,0.6677499,0.6677499,0.9999999999985024,0.0,0.0,0.0,0.0,1.0,21.0,29.0,21.0,29.0,PF,Fixed-UCB-1.64sigma-Shield,110,5,0.6,0.6,0.6,0.6,0.6
4,4,1,1,0.0,0.0,0.76313806,0.76313806,0.9999999999986896,0.0,0.0,0.0,0.0,1.0,39.0,11.0,39.0,11.0,Greedy-SLA,Full-CertiTwin-q90,110,5,0.6,0.6,0.6,0.6,0.6
4,4,1,1,0.0,0.0,0.76313806,0.76313806,0.9999999999986896,0.0,0.0,0.0,0.0,1.0,39.0,11.0,39.0,11.0,Greedy-SLA,SLA-Rule-Shield,110,5,0.6,0.6,0.6,0.6,0.6
4,4,1,1,0.0,0.0,0.76313806,0.76313806,0.9999999999986896,0.0,0.0,0.0,0.0,1.0,39.0,11.0,39.0,11.0,Greedy-SLA,Fixed-UCB-1sigma-Shield,110,5,0.6,0.6,0.6,0.6,0.6
4,4,1,1,0.0,0.0,0.76313806,0.76313806,0.9999999999986896,0.0,0.0,0.0,0.0,1.0,39.0,11.0,39.0,11.0,Greedy-SLA,Fixed-UCB-1.64sigma-Shield,110,5,0.6,0.6,0.6,0.6,0.6
4,4,1,1,0.0,0.0,0.76313806,0.76313806,0.9999999999986896,0.0,0.0,0.0,0.0,1.0,39.0,11.0,39.0,11.0,DT-Top1,Full-CertiTwin-q90,110,5,0.6,0.6,0.6,0.6,0.6
4,4,1,1,0.0,0.0,0.76313806,0.76313806,0.9999999999986896,0.0,0.0,0.0,0.0,1.0,39.0,11.0,39.0,11.0,DT-Top1,SLA-Rule-Shield,110,5,0.6,0.6,0.6,0.6,0.6
4,4,1,1,0.0,0.0,0.76313806,0.76313806,0.9999999999986896,0.0,0.0,0.0,0.0,1.0,39.0,11.0,39.0,11.0,DT-Top1,Fixed-UCB-1sigma-Shield,110,5,0.6,0.6,0.6,0.6,0.6
4,4,1,1,0.0,0.0,0.76313806,0.76313806,0.9999999999986896,0.0,0.0,0.0,0.0,1.0,39.0,11.0,39.0,11.0,DT-Top1,Fixed-UCB-1.64sigma-Shield,110,5,0.6,0.6,0.6,0.6,0.6
2,2,1,1,0.0,0.0,0.6677499,0.6677499,0.9999999999985024,0.0,0.0,0.0,0.0,1.0,21.0,29.0,21.0,29.0,PF,Full-CertiTwin-q90,111,5,0.6,0.6,0.6,0.6,0.6
2,2,1,1,0.0,0.0,0.6677499,0.6677499,0.9999999999985024,0.0,0.0,0.0,0.0,1.0,21.0,29.0,21.0,29.0,PF,SLA-Rule-Shield,111,5,0.6,0.6,0.6,0.6,0.6
2,2,1,1,0.0,0.0,0.6677499,0.6677499,0.9999999999985024,0.0,0.0,0.0,0.0,1.0,21.0,29.0,21.0,29.0,PF,Fixed-UCB-1sigma-Shield,111,5,0.6,0.6,0.6,0.6,0.6
2,2,1,1,0.0,0.0,0.6677499,0.6677499,0.9999999999985024,0.0,0.0,0.0,0.0,1.0,21.0,29.0,21.0,29.0,PF,Fixed-UCB-1.64sigma-Shield,111,5,0.6,0.6,0.6,0.6,0.6
4,4,1,1,0.0,0.0,0.76313806,0.76313806,0.9999999999986896,0.0,0.0,0.0,0.0,1.0,39.0,11.0,39.0,11.0,Greedy-SLA,Full-CertiTwin-q90,111,5,0.6,0.6,0.6,0.6,0.6
4,4,1,1,0.0,0.0,0.76313806,0.76313806,0.9999999999986896,0.0,0.0,0.0,0.0,1.0,39.0,11.0,39.0,11.0,Greedy-SLA,SLA-Rule-Shield,111,5,0.6,0.6,0.6,0.6,0.6
4,4,1,1,0.0,0.0,0.76313806,0.76313806,0.9999999999986896,0.0,0.0,0.0,0.0,1.0,39.0,11.0,39.0,11.0,Greedy-SLA,Fixed-UCB-1sigma-Shield,111,5,0.6,0.6,0.6,0.6,0.6
4,4,1,1,0.0,0.0,0.76313806,0.76313806,0.9999999999986896,0.0,0.0,0.0,0.0,1.0,39.0,11.0,39.0,11.0,Greedy-SLA,Fixed-UCB-1.64sigma-Shield,111,5,0.6,0.6,0.6,0.6,0.6
0,2,0,1,1.0,0.0,0.77050835,0.6677499,0.8666355140721491,1.0,21.0,0.0,0.0,1.0,0.0,29.0,21.0,29.0,DT-Top1,Full-CertiTwin-q90,111,5,0.6,0.6,0.6,0.6,0.6
0,4,0,1,1.0,0.0,0.77050835,0.76313806,0.990434509890788,1.0,57.0,0.0,0.0,1.0,0.0,29.0,39.0,11.0,DT-Top1,SLA-Rule-Shield,111,5,0.6,0.6,0.6,0.6,0.6
0,2,0,1,1.0,0.0,0.77050835,0.6677499,0.8666355140721491,1.0,21.0,0.0,0.0,1.0,0.0,29.0,21.0,29.0,DT-Top1,Fixed-UCB-1sigma-Shield,111,5,0.6,0.6,0.6,0.6,0.6
0,2,0,1,1.0,0.0,0.77050835,0.6677499,0.8666355140721491,1.0,21.0,0.0,0.0,1.0,0.0,29.0,21.0,29.0,DT-Top1,Fixed-UCB-1.64sigma-Shield,111,5,0.6,0.6,0.6,0.6,0.6
2,2,1,1,0.0,0.0,0.6677499,0.6677499,0.9999999999985024,0.0,0.0,0.0,0.0,1.0,21.0,29.0,21.0,29.0,PF,Full-CertiTwin-q90,112,5,0.6,0.6,0.6,0.6,0.6
2,2,1,1,0.0,0.0,0.6677499,0.6677499,0.9999999999985024,0.0,0.0,0.0,0.0,1.0,21.0,29.0,21.0,29.0,PF,SLA-Rule-Shield,112,5,0.6,0.6,0.6,0.6,0.6
2,2,1,1,0.0,0.0,0.6677499,0.6677499,0.9999999999985024,0.0,0.0,0.0,0.0,1.0,21.0,29.0,21.0,29.0,PF,Fixed-UCB-1sigma-Shield,112,5,0.6,0.6,0.6,0.6,0.6
2,2,1,1,0.0,0.0,0.6677499,0.6677499,0.9999999999985024,0.0,0.0,0.0,0.0,1.0,21.0,29.0,21.0,29.0,PF,Fixed-UCB-1.64sigma-Shield,112,5,0.6,0.6,0.6,0.6,0.6
4,4,1,1,0.0,0.0,0.75664926,0.75664926,0.9999999999986784,0.0,0.0,0.0,0.0,1.0,39.0,11.0,39.0,11.0,Greedy-SLA,Full-CertiTwin-q90,112,5,0.6,0.6,0.6,0.6,0.6
4,4,1,1,0.0,0.0,0.75664926,0.75664926,0.9999999999986784,0.0,0.0,0.0,0.0,1.0,39.0,11.0,39.0,11.0,Greedy-SLA,SLA-Rule-Shield,112,5,0.6,0.6,0.6,0.6,0.6
4,4,1,1,0.0,0.0,0.75664926,0.75664926,0.9999999999986784,0.0,0.0,0.0,0.0,1.0,39.0,11.0,39.0,11.0,Greedy-SLA,Fixed-UCB-1sigma-Shield,112,5,0.6,0.6,0.6,0.6,0.6
4,4,1,1,0.0,0.0,0.75664926,0.75664926,0.9999999999986784,0.0,0.0,0.0,0.0,1.0,39.0,11.0,39.0,11.0,Greedy-SLA,Fixed-UCB-1.64sigma-Shield,112,5,0.6,0.6,0.6,0.6,0.6
0,2,0,1,1.0,0.0,0.76278657,0.6677499,0.875408569397236,1.0,21.0,0.0,0.0,1.0,0.0,29.0,21.0,29.0,DT-Top1,Full-CertiTwin-q90,112,5,0.6,0.6,0.6,0.6,0.6
0,4,0,1,1.0,0.0,0.76278657,0.75664926,0.9919540927405264,1.0,57.0,0.0,0.0,1.0,0.0,29.0,39.0,11.0,DT-Top1,SLA-Rule-Shield,112,5,0.6,0.6,0.6,0.6,0.6
0,2,0,1,1.0,0.0,0.76278657,0.6677499,0.875408569397236,1.0,21.0,0.0,0.0,1.0,0.0,29.0,21.0,29.0,DT-Top1,Fixed-UCB-1sigma-Shield,112,5,0.6,0.6,0.6,0.6,0.6
0,2,0,1,1.0,0.0,0.76278657,0.6677499,0.875408569397236,1.0,21.0,0.0,0.0,1.0,0.0,29.0,21.0,29.0,DT-Top1,Fixed-UCB-1.64sigma-Shield,112,5,0.6,0.6,0.6,0.6,0.6
2,2,1,1,0.0,0.0,0.6677499,0.6677499,0.9999999999985024,0.0,0.0,0.0,0.0,1.0,21.0,29.0,21.0,29.0,PF,Full-CertiTwin-q90,113,5,0.6,0.6,0.6,0.6,0.6
2,2,1,1,0.0,0.0,0.6677499,0.6677499,0.9999999999985024,0.0,0.0,0.0,0.0,1.0,21.0,29.0,21.0,29.0,PF,SLA-Rule-Shield,113,5,0.6,0.6,0.6,0.6,0.6
2,2,1,1,0.0,0.0,0.6677499,0.6677499,0.9999999999985024,0.0,0.0,0.0,0.0,1.0,21.0,29.0,21.0,29.0,PF,Fixed-UCB-1sigma-Shield,113,5,0.6,0.6,0.6,0.6,0.6
2,2,1,1,0.0,0.0,0.6677499,0.6677499,0.9999999999985024,0.0,0.0,0.0,0.0,1.0,21.0,29.0,21.0,29.0,PF,Fixed-UCB-1.64sigma-Shield,113,5,0.6,0.6,0.6,0.6,0.6
4,4,1,1,0.0,0.0,0.7566483,0.7566483,0.9999999999986784,0.0,0.0,0.0,0.0,1.0,39.0,11.0,39.0,11.0,Greedy-SLA,Full-CertiTwin-q90,113,5,0.6,0.6,0.6,0.6,0.6
4,4,1,1,0.0,0.0,0.7566483,0.7566483,0.9999999999986784,0.0,0.0,0.0,0.0,1.0,39.0,11.0,39.0,11.0,Greedy-SLA,SLA-Rule-Shield,113,5,0.6,0.6,0.6,0.6,0.6
4,4,1,1,0.0,0.0,0.7566483,0.7566483,0.9999999999986784,0.0,0.0,0.0,0.0,1.0,39.0,11.0,39.0,11.0,Greedy-SLA,Fixed-UCB-1sigma-Shield,113,5,0.6,0.6,0.6,0.6,0.6
4,4,1,1,0.0,0.0,0.7566483,0.7566483,0.9999999999986784,0.0,0.0,0.0,0.0,1.0,39.0,11.0,39.0,11.0,Greedy-SLA,Fixed-UCB-1.64sigma-Shield,113,5,0.6,0.6,0.6,0.6,0.6
0,2,0,1,1.0,0.0,0.76278657,0.6677499,0.875408569397236,1.0,21.0,0.0,0.0,1.0,0.0,29.0,21.0,29.0,DT-Top1,Full-CertiTwin-q90,113,5,0.6,0.6,0.6,0.6,0.6
0,4,0,1,1.0,0.0,0.76278657,0.7566483,0.9919528341971308,1.0,57.0,0.0,0.0,1.0,0.0,29.0,39.0,11.0,DT-Top1,SLA-Rule-Shield,113,5,0.6,0.6,0.6,0.6,0.6
0,2,0,1,1.0,0.0,0.76278657,0.6677499,0.875408569397236,1.0,21.0,0.0,0.0,1.0,0.0,29.0,21.0,29.0,DT-Top1,Fixed-UCB-1sigma-Shield,113,5,0.6,0.6,0.6,0.6,0.6
0,2,0,1,1.0,0.0,0.76278657,0.6677499,0.875408569397236,1.0,21.0,0.0,0.0,1.0,0.0,29.0,21.0,29.0,DT-Top1,Fixed-UCB-1.64sigma-Shield,113,5,0.6,0.6,0.6,0.6,0.6
2,2,1,1,0.0,0.0,0.6677499,0.6677499,0.9999999999985024,0.0,0.0,0.0,0.0,1.0,21.0,29.0,21.0,29.0,PF,Full-CertiTwin-q90,114,5,0.6,0.6,0.6,0.6,0.6
2,2,1,1,0.0,0.0,0.6677499,0.6677499,0.9999999999985024,0.0,0.0,0.0,0.0,1.0,21.0,29.0,21.0,29.0,PF,SLA-Rule-Shield,114,5,0.6,0.6,0.6,0.6,0.6
2,2,1,1,0.0,0.0,0.6677499,0.6677499,0.9999999999985024,0.0,0.0,0.0,0.0,1.0,21.0,29.0,21.0,29.0,PF,Fixed-UCB-1sigma-Shield,114,5,0.6,0.6,0.6,0.6,0.6
2,2,1,1,0.0,0.0,0.6677499,0.6677499,0.9999999999985024,0.0,0.0,0.0,0.0,1.0,21.0,29.0,21.0,29.0,PF,Fixed-UCB-1.64sigma-Shield,114,5,0.6,0.6,0.6,0.6,0.6
0,2,0,1,1.0,0.0,0.76278657,0.6677499,0.875408569397236,1.0,21.0,0.0,0.0,1.0,0.0,29.0,21.0,29.0,Greedy-SLA,Full-CertiTwin-q90,114,5,0.6,0.6,0.6,0.6,0.6
0,4,0,1,1.0,0.0,0.76278657,0.7777951,1.0196759232388952,1.0,57.0,0.0,0.0,1.0,0.0,29.0,39.0,11.0,Greedy-SLA,SLA-Rule-Shield,114,5,0.6,0.6,0.6,0.6,0.6
0,2,0,1,1.0,0.0,0.76278657,0.6677499,0.875408569397236,1.0,21.0,0.0,0.0,1.0,0.0,29.0,21.0,29.0,Greedy-SLA,Fixed-UCB-1sigma-Shield,114,5,0.6,0.6,0.6,0.6,0.6
0,2,0,1,1.0,0.0,0.76278657,0.6677499,0.875408569397236,1.0,21.0,0.0,0.0,1.0,0.0,29.0,21.0,29.0,Greedy-SLA,Fixed-UCB-1.64sigma-Shield,114,5,0.6,0.6,0.6,0.6,0.6
0,2,0,1,1.0,0.0,0.76278657,0.6677499,0.875408569397236,1.0,21.0,0.0,0.0,1.0,0.0,29.0,21.0,29.0,DT-Top1,Full-CertiTwin-q90,114,5,0.6,0.6,0.6,0.6,0.6
0,4,0,1,1.0,0.0,0.76278657,0.7777951,1.0196759232388952,1.0,57.0,0.0,0.0,1.0,0.0,29.0,39.0,11.0,DT-Top1,SLA-Rule-Shield,114,5,0.6,0.6,0.6,0.6,0.6
0,2,0,1,1.0,0.0,0.76278657,0.6677499,0.875408569397236,1.0,21.0,0.0,0.0,1.0,0.0,29.0,21.0,29.0,DT-Top1,Fixed-UCB-1sigma-Shield,114,5,0.6,0.6,0.6,0.6,0.6
0,2,0,1,1.0,0.0,0.76278657,0.6677499,0.875408569397236,1.0,21.0,0.0,0.0,1.0,0.0,29.0,21.0,29.0,DT-Top1,Fixed-UCB-1.64sigma-Shield,114,5,0.6,0.6,0.6,0.6,0.6
2,2,1,1,0.0,0.0,0.6677499,0.6677499,0.9999999999985024,0.0,0.0,0.0,0.0,1.0,21.0,29.0,21.0,29.0,PF,Full-CertiTwin-q90,115,5,0.6,0.6,0.6,0.6,0.6
2,2,1,1,0.0,0.0,0.6677499,0.6677499,0.9999999999985024,0.0,0.0,0.0,0.0,1.0,21.0,29.0,21.0,29.0,PF,SLA-Rule-Shield,115,5,0.6,0.6,0.6,0.6,0.6
2,2,1,1,0.0,0.0,0.6677499,0.6677499,0.9999999999985024,0.0,0.0,0.0,0.0,1.0,21.0,29.0,21.0,29.0,PF,Fixed-UCB-1sigma-Shield,115,5,0.6,0.6,0.6,0.6,0.6
2,2,1,1,0.0,0.0,0.6677499,0.6677499,0.9999999999985024,0.0,0.0,0.0,0.0,1.0,21.0,29.0,21.0,29.0,PF,Fixed-UCB-1.64sigma-Shield,115,5,0.6,0.6,0.6,0.6,0.6
4,4,1,1,0.0,0.0,0.76313806,0.76313806,0.9999999999986896,0.0,0.0,0.0,0.0,1.0,39.0,11.0,39.0,11.0,Greedy-SLA,Full-CertiTwin-q90,115,5,0.6,0.6,0.6,0.6,0.6
4,4,1,1,0.0,0.0,0.76313806,0.76313806,0.9999999999986896,0.0,0.0,0.0,0.0,1.0,39.0,11.0,39.0,11.0,Greedy-SLA,SLA-Rule-Shield,115,5,0.6,0.6,0.6,0.6,0.6
4,4,1,1,0.0,0.0,0.76313806,0.76313806,0.9999999999986896,0.0,0.0,0.0,0.0,1.0,39.0,11.0,39.0,11.0,Greedy-SLA,Fixed-UCB-1sigma-Shield,115,5,0.6,0.6,0.6,0.6,0.6
4,4,1,1,0.0,0.0,0.76313806,0.76313806,0.9999999999986896,0.0,0.0,0.0,0.0,1.0,39.0,11.0,39.0,11.0,Greedy-SLA,Fixed-UCB-1.64sigma-Shield,115,5,0.6,0.6,0.6,0.6,0.6
4,4,1,1,0.0,0.0,0.76313806,0.76313806,0.9999999999986896,0.0,0.0,0.0,0.0,1.0,39.0,11.0,39.0,11.0,DT-Top1,Full-CertiTwin-q90,115,5,0.6,0.6,0.6,0.6,0.6
4,4,1,1,0.0,0.0,0.76313806,0.76313806,0.9999999999986896,0.0,0.0,0.0,0.0,1.0,39.0,11.0,39.0,11.0,DT-Top1,SLA-Rule-Shield,115,5,0.6,0.6,0.6,0.6,0.6
4,4,1,1,0.0,0.0,0.76313806,0.76313806,0.9999999999986896,0.0,0.0,0.0,0.0,1.0,39.0,11.0,39.0,11.0,DT-Top1,Fixed-UCB-1sigma-Shield,115,5,0.6,0.6,0.6,0.6,0.6
4,4,1,1,0.0,0.0,0.76313806,0.76313806,0.9999999999986896,0.0,0.0,0.0,0.0,1.0,39.0,11.0,39.0,11.0,DT-Top1,Fixed-UCB-1.64sigma-Shield,115,5,0.6,0.6,0.6,0.6,0.6
2,2,1,1,0.0,0.0,0.6780778,0.6780778,0.9999999999985252,0.0,0.0,0.0,0.0,1.0,21.0,29.0,21.0,29.0,PF,Full-CertiTwin-q90,116,5,0.6,0.6,0.6,0.6,0.6
2,2,1,1,0.0,0.0,0.6780778,0.6780778,0.9999999999985252,0.0,0.0,0.0,0.0,1.0,21.0,29.0,21.0,29.0,PF,SLA-Rule-Shield,116,5,0.6,0.6,0.6,0.6,0.6
2,2,1,1,0.0,0.0,0.6780778,0.6780778,0.9999999999985252,0.0,0.0,0.0,0.0,1.0,21.0,29.0,21.0,29.0,PF,Fixed-UCB-1sigma-Shield,116,5,0.6,0.6,0.6,0.6,0.6
2,2,1,1,0.0,0.0,0.6780778,0.6780778,0.9999999999985252,0.0,0.0,0.0,0.0,1.0,21.0,29.0,21.0,29.0,PF,Fixed-UCB-1.64sigma-Shield,116,5,0.6,0.6,0.6,0.6,0.6
4,4,1,1,0.0,0.0,0.76313806,0.76313806,0.9999999999986896,0.0,0.0,0.0,0.0,1.0,39.0,11.0,39.0,11.0,Greedy-SLA,Full-CertiTwin-q90,116,5,0.6,0.6,0.6,0.6,0.6
4,4,1,1,0.0,0.0,0.76313806,0.76313806,0.9999999999986896,0.0,0.0,0.0,0.0,1.0,39.0,11.0,39.0,11.0,Greedy-SLA,SLA-Rule-Shield,116,5,0.6,0.6,0.6,0.6,0.6
4,4,1,1,0.0,0.0,0.76313806,0.76313806,0.9999999999986896,0.0,0.0,0.0,0.0,1.0,39.0,11.0,39.0,11.0,Greedy-SLA,Fixed-UCB-1sigma-Shield,116,5,0.6,0.6,0.6,0.6,0.6
4,4,1,1,0.0,0.0,0.76313806,0.76313806,0.9999999999986896,0.0,0.0,0.0,0.0,1.0,39.0,11.0,39.0,11.0,Greedy-SLA,Fixed-UCB-1.64sigma-Shield,116,5,0.6,0.6,0.6,0.6,0.6
4,4,1,1,0.0,0.0,0.76313806,0.76313806,0.9999999999986896,0.0,0.0,0.0,0.0,1.0,39.0,11.0,39.0,11.0,DT-Top1,Full-CertiTwin-q90,116,5,0.6,0.6,0.6,0.6,0.6
4,4,1,1,0.0,0.0,0.76313806,0.76313806,0.9999999999986896,0.0,0.0,0.0,0.0,1.0,39.0,11.0,39.0,11.0,DT-Top1,SLA-Rule-Shield,116,5,0.6,0.6,0.6,0.6,0.6
4,4,1,1,0.0,0.0,0.76313806,0.76313806,0.9999999999986896,0.0,0.0,0.0,0.0,1.0,39.0,11.0,39.0,11.0,DT-Top1,Fixed-UCB-1sigma-Shield,116,5,0.6,0.6,0.6,0.6,0.6
4,4,1,1,0.0,0.0,0.76313806,0.76313806,0.9999999999986896,0.0,0.0,0.0,0.0,1.0,39.0,11.0,39.0,11.0,DT-Top1,Fixed-UCB-1.64sigma-Shield,116,5,0.6,0.6,0.6,0.6,0.6
2,2,1,1,0.0,0.0,0.6677499,0.6677499,0.9999999999985024,0.0,0.0,0.0,0.0,1.0,21.0,29.0,21.0,29.0,PF,Full-CertiTwin-q90,117,5,0.6,0.6,0.6,0.6,0.6
2,2,1,1,0.0,0.0,0.6677499,0.6677499,0.9999999999985024,0.0,0.0,0.0,0.0,1.0,21.0,29.0,21.0,29.0,PF,SLA-Rule-Shield,117,5,0.6,0.6,0.6,0.6,0.6
2,2,1,1,0.0,0.0,0.6677499,0.6677499,0.9999999999985024,0.0,0.0,0.0,0.0,1.0,21.0,29.0,21.0,29.0,PF,Fixed-UCB-1sigma-Shield,117,5,0.6,0.6,0.6,0.6,0.6
2,2,1,1,0.0,0.0,0.6677499,0.6677499,0.9999999999985024,0.0,0.0,0.0,0.0,1.0,21.0,29.0,21.0,29.0,PF,Fixed-UCB-1.64sigma-Shield,117,5,0.6,0.6,0.6,0.6,0.6
4,4,1,1,0.0,0.0,0.76313806,0.76313806,0.9999999999986896,0.0,0.0,0.0,0.0,1.0,39.0,11.0,39.0,11.0,Greedy-SLA,Full-CertiTwin-q90,117,5,0.6,0.6,0.6,0.6,0.6
4,4,1,1,0.0,0.0,0.76313806,0.76313806,0.9999999999986896,0.0,0.0,0.0,0.0,1.0,39.0,11.0,39.0,11.0,Greedy-SLA,SLA-Rule-Shield,117,5,0.6,0.6,0.6,0.6,0.6
4,4,1,1,0.0,0.0,0.76313806,0.76313806,0.9999999999986896,0.0,0.0,0.0,0.0,1.0,39.0,11.0,39.0,11.0,Greedy-SLA,Fixed-UCB-1sigma-Shield,117,5,0.6,0.6,0.6,0.6,0.6
4,4,1,1,0.0,0.0,0.76313806,0.76313806,0.9999999999986896,0.0,0.0,0.0,0.0,1.0,39.0,11.0,39.0,11.0,Greedy-SLA,Fixed-UCB-1.64sigma-Shield,117,5,0.6,0.6,0.6,0.6,0.6
4,4,1,1,0.0,0.0,0.76313806,0.76313806,0.9999999999986896,0.0,0.0,0.0,0.0,1.0,39.0,11.0,39.0,11.0,DT-Top1,Full-CertiTwin-q90,117,5,0.6,0.6,0.6,0.6,0.6
4,4,1,1,0.0,0.0,0.76313806,0.76313806,0.9999999999986896,0.0,0.0,0.0,0.0,1.0,39.0,11.0,39.0,11.0,DT-Top1,SLA-Rule-Shield,117,5,0.6,0.6,0.6,0.6,0.6
4,4,1,1,0.0,0.0,0.76313806,0.76313806,0.9999999999986896,0.0,0.0,0.0,0.0,1.0,39.0,11.0,39.0,11.0,DT-Top1,Fixed-UCB-1sigma-Shield,117,5,0.6,0.6,0.6,0.6,0.6
4,4,1,1,0.0,0.0,0.76313806,0.76313806,0.9999999999986896,0.0,0.0,0.0,0.0,1.0,39.0,11.0,39.0,11.0,DT-Top1,Fixed-UCB-1.64sigma-Shield,117,5,0.6,0.6,0.6,0.6,0.6
2,2,1,1,0.0,0.0,0.7186651,0.7186651,0.9999999999986086,0.0,0.0,0.0,0.0,1.0,21.0,29.0,21.0,29.0,PF,Full-CertiTwin-q90,118,5,0.6,0.6,0.6,0.6,0.6
2,2,1,1,0.0,0.0,0.7186651,0.7186651,0.9999999999986086,0.0,0.0,0.0,0.0,1.0,21.0,29.0,21.0,29.0,PF,SLA-Rule-Shield,118,5,0.6,0.6,0.6,0.6,0.6
2,2,1,1,0.0,0.0,0.7186651,0.7186651,0.9999999999986086,0.0,0.0,0.0,0.0,1.0,21.0,29.0,21.0,29.0,PF,Fixed-UCB-1sigma-Shield,118,5,0.6,0.6,0.6,0.6,0.6
2,2,1,1,0.0,0.0,0.7186651,0.7186651,0.9999999999986086,0.0,0.0,0.0,0.0,1.0,21.0,29.0,21.0,29.0,PF,Fixed-UCB-1.64sigma-Shield,118,5,0.6,0.6,0.6,0.6,0.6
4,4,1,1,0.0,0.0,0.76313806,0.76313806,0.9999999999986896,0.0,0.0,0.0,0.0,1.0,39.0,11.0,39.0,11.0,Greedy-SLA,Full-CertiTwin-q90,118,5,0.6,0.6,0.6,0.6,0.6
4,4,1,1,0.0,0.0,0.76313806,0.76313806,0.9999999999986896,0.0,0.0,0.0,0.0,1.0,39.0,11.0,39.0,11.0,Greedy-SLA,SLA-Rule-Shield,118,5,0.6,0.6,0.6,0.6,0.6
4,4,1,1,0.0,0.0,0.76313806,0.76313806,0.9999999999986896,0.0,0.0,0.0,0.0,1.0,39.0,11.0,39.0,11.0,Greedy-SLA,Fixed-UCB-1sigma-Shield,118,5,0.6,0.6,0.6,0.6,0.6
4,4,1,1,0.0,0.0,0.76313806,0.76313806,0.9999999999986896,0.0,0.0,0.0,0.0,1.0,39.0,11.0,39.0,11.0,Greedy-SLA,Fixed-UCB-1.64sigma-Shield,118,5,0.6,0.6,0.6,0.6,0.6
4,4,1,1,0.0,0.0,0.76313806,0.76313806,0.9999999999986896,0.0,0.0,0.0,0.0,1.0,39.0,11.0,39.0,11.0,DT-Top1,Full-CertiTwin-q90,118,5,0.6,0.6,0.6,0.6,0.6
4,4,1,1,0.0,0.0,0.76313806,0.76313806,0.9999999999986896,0.0,0.0,0.0,0.0,1.0,39.0,11.0,39.0,11.0,DT-Top1,SLA-Rule-Shield,118,5,0.6,0.6,0.6,0.6,0.6
4,4,1,1,0.0,0.0,0.76313806,0.76313806,0.9999999999986896,0.0,0.0,0.0,0.0,1.0,39.0,11.0,39.0,11.0,DT-Top1,Fixed-UCB-1sigma-Shield,118,5,0.6,0.6,0.6,0.6,0.6
4,4,1,1,0.0,0.0,0.76313806,0.76313806,0.9999999999986896,0.0,0.0,0.0,0.0,1.0,39.0,11.0,39.0,11.0,DT-Top1,Fixed-UCB-1.64sigma-Shield,118,5,0.6,0.6,0.6,0.6,0.6
2,2,1,1,0.0,0.0,0.6677499,0.6677499,0.9999999999985024,0.0,0.0,0.0,0.0,1.0,21.0,29.0,21.0,29.0,PF,Full-CertiTwin-q90,119,5,0.6,0.6,0.6,0.6,0.6
2,2,1,1,0.0,0.0,0.6677499,0.6677499,0.9999999999985024,0.0,0.0,0.0,0.0,1.0,21.0,29.0,21.0,29.0,PF,SLA-Rule-Shield,119,5,0.6,0.6,0.6,0.6,0.6
2,2,1,1,0.0,0.0,0.6677499,0.6677499,0.9999999999985024,0.0,0.0,0.0,0.0,1.0,21.0,29.0,21.0,29.0,PF,Fixed-UCB-1sigma-Shield,119,5,0.6,0.6,0.6,0.6,0.6
2,2,1,1,0.0,0.0,0.6677499,0.6677499,0.9999999999985024,0.0,0.0,0.0,0.0,1.0,21.0,29.0,21.0,29.0,PF,Fixed-UCB-1.64sigma-Shield,119,5,0.6,0.6,0.6,0.6,0.6
0,2,0,1,1.0,0.0,0.76278657,0.6677499,0.875408569397236,1.0,21.0,0.0,0.0,1.0,0.0,29.0,21.0,29.0,Greedy-SLA,Full-CertiTwin-q90,119,5,0.6,0.6,0.6,0.6,0.6
0,4,0,1,1.0,0.0,0.76278657,0.76313806,1.000460797309265,1.0,57.0,0.0,0.0,1.0,0.0,29.0,39.0,11.0,Greedy-SLA,SLA-Rule-Shield,119,5,0.6,0.6,0.6,0.6,0.6
0,2,0,1,1.0,0.0,0.76278657,0.6677499,0.875408569397236,1.0,21.0,0.0,0.0,1.0,0.0,29.0,21.0,29.0,Greedy-SLA,Fixed-UCB-1sigma-Shield,119,5,0.6,0.6,0.6,0.6,0.6
0,2,0,1,1.0,0.0,0.76278657,0.6677499,0.875408569397236,1.0,21.0,0.0,0.0,1.0,0.0,29.0,21.0,29.0,Greedy-SLA,Fixed-UCB-1.64sigma-Shield,119,5,0.6,0.6,0.6,0.6,0.6
0,2,0,1,1.0,0.0,0.76278657,0.6677499,0.875408569397236,1.0,21.0,0.0,0.0,1.0,0.0,29.0,21.0,29.0,DT-Top1,Full-CertiTwin-q90,119,5,0.6,0.6,0.6,0.6,0.6
0,4,0,1,1.0,0.0,0.76278657,0.76313806,1.000460797309265,1.0,57.0,0.0,0.0,1.0,0.0,29.0,39.0,11.0,DT-Top1,SLA-Rule-Shield,119,5,0.6,0.6,0.6,0.6,0.6
0,2,0,1,1.0,0.0,0.76278657,0.6677499,0.875408569397236,1.0,21.0,0.0,0.0,1.0,0.0,29.0,21.0,29.0,DT-Top1,Fixed-UCB-1sigma-Shield,119,5,0.6,0.6,0.6,0.6,0.6
0,2,0,1,1.0,0.0,0.76278657,0.6677499,0.875408569397236,1.0,21.0,0.0,0.0,1.0,0.0,29.0,21.0,29.0,DT-Top1,Fixed-UCB-1.64sigma-Shield,119,5,0.6,0.6,0.6,0.6,0.6
2,2,1,1,0.0,0.0,0.6677499,0.6677499,0.9999999999985024,0.0,0.0,0.0,0.0,1.0,21.0,29.0,21.0,29.0,PF,Full-CertiTwin-q90,120,5,0.6,0.6,0.6,0.6,0.6
2,2,1,1,0.0,0.0,0.6677499,0.6677499,0.9999999999985024,0.0,0.0,0.0,0.0,1.0,21.0,29.0,21.0,29.0,PF,SLA-Rule-Shield,120,5,0.6,0.6,0.6,0.6,0.6
2,2,1,1,0.0,0.0,0.6677499,0.6677499,0.9999999999985024,0.0,0.0,0.0,0.0,1.0,21.0,29.0,21.0,29.0,PF,Fixed-UCB-1sigma-Shield,120,5,0.6,0.6,0.6,0.6,0.6
2,2,1,1,0.0,0.0,0.6677499,0.6677499,0.9999999999985024,0.0,0.0,0.0,0.0,1.0,21.0,29.0,21.0,29.0,PF,Fixed-UCB-1.64sigma-Shield,120,5,0.6,0.6,0.6,0.6,0.6
0,2,0,1,1.0,0.0,0.76278657,0.6677499,0.875408569397236,1.0,21.0,0.0,0.0,1.0,0.0,29.0,21.0,29.0,Greedy-SLA,Full-CertiTwin-q90,120,5,0.6,0.6,0.6,0.6,0.6
0,4,0,1,1.0,0.0,0.76278657,0.78614604,1.0306238611397804,1.0,57.0,0.0,0.0,1.0,0.0,29.0,39.0,11.0,Greedy-SLA,SLA-Rule-Shield,120,5,0.6,0.6,0.6,0.6,0.6
0,2,0,1,1.0,0.0,0.76278657,0.6677499,0.875408569397236,1.0,21.0,0.0,0.0,1.0,0.0,29.0,21.0,29.0,Greedy-SLA,Fixed-UCB-1sigma-Shield,120,5,0.6,0.6,0.6,0.6,0.6
0,2,0,1,1.0,0.0,0.76278657,0.6677499,0.875408569397236,1.0,21.0,0.0,0.0,1.0,0.0,29.0,21.0,29.0,Greedy-SLA,Fixed-UCB-1.64sigma-Shield,120,5,0.6,0.6,0.6,0.6,0.6
0,2,0,1,1.0,0.0,0.76278657,0.6677499,0.875408569397236,1.0,21.0,0.0,0.0,1.0,0.0,29.0,21.0,29.0,DT-Top1,Full-CertiTwin-q90,120,5,0.6,0.6,0.6,0.6,0.6
0,4,0,1,1.0,0.0,0.76278657,0.78614604,1.0306238611397804,1.0,57.0,0.0,0.0,1.0,0.0,29.0,39.0,11.0,DT-Top1,SLA-Rule-Shield,120,5,0.6,0.6,0.6,0.6,0.6
0,2,0,1,1.0,0.0,0.76278657,0.6677499,0.875408569397236,1.0,21.0,0.0,0.0,1.0,0.0,29.0,21.0,29.0,DT-Top1,Fixed-UCB-1sigma-Shield,120,5,0.6,0.6,0.6,0.6,0.6
0,2,0,1,1.0,0.0,0.76278657,0.6677499,0.875408569397236,1.0,21.0,0.0,0.0,1.0,0.0,29.0,21.0,29.0,DT-Top1,Fixed-UCB-1.64sigma-Shield,120,5,0.6,0.6,0.6,0.6,0.6
2,2,1,1,0.0,0.0,0.6677499,0.6677499,0.9999999999985024,0.0,0.0,0.0,0.0,1.0,21.0,29.0,21.0,29.0,PF,Full-CertiTwin-q90,121,5,0.6,0.6,0.6,0.6,0.6
2,2,1,1,0.0,0.0,0.6677499,0.6677499,0.9999999999985024,0.0,0.0,0.0,0.0,1.0,21.0,29.0,21.0,29.0,PF,SLA-Rule-Shield,121,5,0.6,0.6,0.6,0.6,0.6
2,2,1,1,0.0,0.0,0.6677499,0.6677499,0.9999999999985024,0.0,0.0,0.0,0.0,1.0,21.0,29.0,21.0,29.0,PF,Fixed-UCB-1sigma-Shield,121,5,0.6,0.6,0.6,0.6,0.6
2,2,1,1,0.0,0.0,0.6677499,0.6677499,0.9999999999985024,0.0,0.0,0.0,0.0,1.0,21.0,29.0,21.0,29.0,PF,Fixed-UCB-1.64sigma-Shield,121,5,0.6,0.6,0.6,0.6,0.6
4,4,1,1,0.0,0.0,0.76313806,0.76313806,0.9999999999986896,0.0,0.0,0.0,0.0,1.0,39.0,11.0,39.0,11.0,Greedy-SLA,Full-CertiTwin-q90,121,5,0.6,0.6,0.6,0.6,0.6
4,4,1,1,0.0,0.0,0.76313806,0.76313806,0.9999999999986896,0.0,0.0,0.0,0.0,1.0,39.0,11.0,39.0,11.0,Greedy-SLA,SLA-Rule-Shield,121,5,0.6,0.6,0.6,0.6,0.6
4,4,1,1,0.0,0.0,0.76313806,0.76313806,0.9999999999986896,0.0,0.0,0.0,0.0,1.0,39.0,11.0,39.0,11.0,Greedy-SLA,Fixed-UCB-1sigma-Shield,121,5,0.6,0.6,0.6,0.6,0.6
4,4,1,1,0.0,0.0,0.76313806,0.76313806,0.9999999999986896,0.0,0.0,0.0,0.0,1.0,39.0,11.0,39.0,11.0,Greedy-SLA,Fixed-UCB-1.64sigma-Shield,121,5,0.6,0.6,0.6,0.6,0.6
4,4,1,1,0.0,0.0,0.76313806,0.76313806,0.9999999999986896,0.0,0.0,0.0,0.0,1.0,39.0,11.0,39.0,11.0,DT-Top1,Full-CertiTwin-q90,121,5,0.6,0.6,0.6,0.6,0.6
4,4,1,1,0.0,0.0,0.76313806,0.76313806,0.9999999999986896,0.0,0.0,0.0,0.0,1.0,39.0,11.0,39.0,11.0,DT-Top1,SLA-Rule-Shield,121,5,0.6,0.6,0.6,0.6,0.6
4,4,1,1,0.0,0.0,0.76313806,0.76313806,0.9999999999986896,0.0,0.0,0.0,0.0,1.0,39.0,11.0,39.0,11.0,DT-Top1,Fixed-UCB-1sigma-Shield,121,5,0.6,0.6,0.6,0.6,0.6
4,4,1,1,0.0,0.0,0.76313806,0.76313806,0.9999999999986896,0.0,0.0,0.0,0.0,1.0,39.0,11.0,39.0,11.0,DT-Top1,Fixed-UCB-1.64sigma-Shield,121,5,0.6,0.6,0.6,0.6,0.6
2,2,1,1,0.0,0.0,0.6677499,0.6677499,0.9999999999985024,0.0,0.0,0.0,0.0,1.0,21.0,29.0,21.0,29.0,PF,Full-CertiTwin-q90,122,5,0.6,0.6,0.6,0.6,0.6
2,2,1,1,0.0,0.0,0.6677499,0.6677499,0.9999999999985024,0.0,0.0,0.0,0.0,1.0,21.0,29.0,21.0,29.0,PF,SLA-Rule-Shield,122,5,0.6,0.6,0.6,0.6,0.6
2,2,1,1,0.0,0.0,0.6677499,0.6677499,0.9999999999985024,0.0,0.0,0.0,0.0,1.0,21.0,29.0,21.0,29.0,PF,Fixed-UCB-1sigma-Shield,122,5,0.6,0.6,0.6,0.6,0.6
2,2,1,1,0.0,0.0,0.6677499,0.6677499,0.9999999999985024,0.0,0.0,0.0,0.0,1.0,21.0,29.0,21.0,29.0,PF,Fixed-UCB-1.64sigma-Shield,122,5,0.6,0.6,0.6,0.6,0.6
4,4,1,1,0.0,0.0,0.76313806,0.76313806,0.9999999999986896,0.0,0.0,0.0,0.0,1.0,39.0,11.0,39.0,11.0,Greedy-SLA,Full-CertiTwin-q90,122,5,0.6,0.6,0.6,0.6,0.6
4,4,1,1,0.0,0.0,0.76313806,0.76313806,0.9999999999986896,0.0,0.0,0.0,0.0,1.0,39.0,11.0,39.0,11.0,Greedy-SLA,SLA-Rule-Shield,122,5,0.6,0.6,0.6,0.6,0.6
4,4,1,1,0.0,0.0,0.76313806,0.76313806,0.9999999999986896,0.0,0.0,0.0,0.0,1.0,39.0,11.0,39.0,11.0,Greedy-SLA,Fixed-UCB-1sigma-Shield,122,5,0.6,0.6,0.6,0.6,0.6
4,4,1,1,0.0,0.0,0.76313806,0.76313806,0.9999999999986896,0.0,0.0,0.0,0.0,1.0,39.0,11.0,39.0,11.0,Greedy-SLA,Fixed-UCB-1.64sigma-Shield,122,5,0.6,0.6,0.6,0.6,0.6
4,4,1,1,0.0,0.0,0.76313806,0.76313806,0.9999999999986896,0.0,0.0,0.0,0.0,1.0,39.0,11.0,39.0,11.0,DT-Top1,Full-CertiTwin-q90,122,5,0.6,0.6,0.6,0.6,0.6
4,4,1,1,0.0,0.0,0.76313806,0.76313806,0.9999999999986896,0.0,0.0,0.0,0.0,1.0,39.0,11.0,39.0,11.0,DT-Top1,SLA-Rule-Shield,122,5,0.6,0.6,0.6,0.6,0.6
4,4,1,1,0.0,0.0,0.76313806,0.76313806,0.9999999999986896,0.0,0.0,0.0,0.0,1.0,39.0,11.0,39.0,11.0,DT-Top1,Fixed-UCB-1sigma-Shield,122,5,0.6,0.6,0.6,0.6,0.6
4,4,1,1,0.0,0.0,0.76313806,0.76313806,0.9999999999986896,0.0,0.0,0.0,0.0,1.0,39.0,11.0,39.0,11.0,DT-Top1,Fixed-UCB-1.64sigma-Shield,122,5,0.6,0.6,0.6,0.6,0.6
2,2,1,1,0.0,0.0,0.6677499,0.6677499,0.9999999999985024,0.0,0.0,0.0,0.0,1.0,21.0,29.0,21.0,29.0,PF,Full-CertiTwin-q90,123,5,0.6,0.6,0.6,0.6,0.6
2,2,1,1,0.0,0.0,0.6677499,0.6677499,0.9999999999985024,0.0,0.0,0.0,0.0,1.0,21.0,29.0,21.0,29.0,PF,SLA-Rule-Shield,123,5,0.6,0.6,0.6,0.6,0.6
2,2,1,1,0.0,0.0,0.6677499,0.6677499,0.9999999999985024,0.0,0.0,0.0,0.0,1.0,21.0,29.0,21.0,29.0,PF,Fixed-UCB-1sigma-Shield,123,5,0.6,0.6,0.6,0.6,0.6
2,2,1,1,0.0,0.0,0.6677499,0.6677499,0.9999999999985024,0.0,0.0,0.0,0.0,1.0,21.0,29.0,21.0,29.0,PF,Fixed-UCB-1.64sigma-Shield,123,5,0.6,0.6,0.6,0.6,0.6
4,4,1,1,0.0,0.0,0.76313806,0.76313806,0.9999999999986896,0.0,0.0,0.0,0.0,1.0,39.0,11.0,39.0,11.0,Greedy-SLA,Full-CertiTwin-q90,123,5,0.6,0.6,0.6,0.6,0.6
4,4,1,1,0.0,0.0,0.76313806,0.76313806,0.9999999999986896,0.0,0.0,0.0,0.0,1.0,39.0,11.0,39.0,11.0,Greedy-SLA,SLA-Rule-Shield,123,5,0.6,0.6,0.6,0.6,0.6
4,4,1,1,0.0,0.0,0.76313806,0.76313806,0.9999999999986896,0.0,0.0,0.0,0.0,1.0,39.0,11.0,39.0,11.0,Greedy-SLA,Fixed-UCB-1sigma-Shield,123,5,0.6,0.6,0.6,0.6,0.6
4,4,1,1,0.0,0.0,0.76313806,0.76313806,0.9999999999986896,0.0,0.0,0.0,0.0,1.0,39.0,11.0,39.0,11.0,Greedy-SLA,Fixed-UCB-1.64sigma-Shield,123,5,0.6,0.6,0.6,0.6,0.6
0,2,0,1,1.0,0.0,0.76278657,0.6677499,0.875408569397236,1.0,21.0,0.0,0.0,1.0,0.0,29.0,21.0,29.0,DT-Top1,Full-CertiTwin-q90,123,5,0.6,0.6,0.6,0.6,0.6
0,4,0,1,1.0,0.0,0.76278657,0.76313806,1.000460797309265,1.0,57.0,0.0,0.0,1.0,0.0,29.0,39.0,11.0,DT-Top1,SLA-Rule-Shield,123,5,0.6,0.6,0.6,0.6,0.6
0,2,0,1,1.0,0.0,0.76278657,0.6677499,0.875408569397236,1.0,21.0,0.0,0.0,1.0,0.0,29.0,21.0,29.0,DT-Top1,Fixed-UCB-1sigma-Shield,123,5,0.6,0.6,0.6,0.6,0.6
0,2,0,1,1.0,0.0,0.76278657,0.6677499,0.875408569397236,1.0,21.0,0.0,0.0,1.0,0.0,29.0,21.0,29.0,DT-Top1,Fixed-UCB-1.64sigma-Shield,123,5,0.6,0.6,0.6,0.6,0.6
2,2,1,1,0.0,0.0,0.6677499,0.6677499,0.9999999999985024,0.0,0.0,0.0,0.0,1.0,21.0,29.0,21.0,29.0,PF,Full-CertiTwin-q90,124,5,0.6,0.6,0.6,0.6,0.6
2,2,1,1,0.0,0.0,0.6677499,0.6677499,0.9999999999985024,0.0,0.0,0.0,0.0,1.0,21.0,29.0,21.0,29.0,PF,SLA-Rule-Shield,124,5,0.6,0.6,0.6,0.6,0.6
2,2,1,1,0.0,0.0,0.6677499,0.6677499,0.9999999999985024,0.0,0.0,0.0,0.0,1.0,21.0,29.0,21.0,29.0,PF,Fixed-UCB-1sigma-Shield,124,5,0.6,0.6,0.6,0.6,0.6
2,2,1,1,0.0,0.0,0.6677499,0.6677499,0.9999999999985024,0.0,0.0,0.0,0.0,1.0,21.0,29.0,21.0,29.0,PF,Fixed-UCB-1.64sigma-Shield,124,5,0.6,0.6,0.6,0.6,0.6
0,2,0,1,1.0,0.0,0.76278657,0.6677499,0.875408569397236,1.0,21.0,0.0,0.0,1.0,0.0,29.0,21.0,29.0,Greedy-SLA,Full-CertiTwin-q90,124,5,0.6,0.6,0.6,0.6,0.6
0,4,0,1,1.0,0.0,0.76278657,0.7566483,0.9919528341971308,1.0,57.0,0.0,0.0,1.0,0.0,29.0,39.0,11.0,Greedy-SLA,SLA-Rule-Shield,124,5,0.6,0.6,0.6,0.6,0.6
0,2,0,1,1.0,0.0,0.76278657,0.6677499,0.875408569397236,1.0,21.0,0.0,0.0,1.0,0.0,29.0,21.0,29.0,Greedy-SLA,Fixed-UCB-1sigma-Shield,124,5,0.6,0.6,0.6,0.6,0.6
0,2,0,1,1.0,0.0,0.76278657,0.6677499,0.875408569397236,1.0,21.0,0.0,0.0,1.0,0.0,29.0,21.0,29.0,Greedy-SLA,Fixed-UCB-1.64sigma-Shield,124,5,0.6,0.6,0.6,0.6,0.6
0,2,0,1,1.0,0.0,0.76278657,0.6677499,0.875408569397236,1.0,21.0,0.0,0.0,1.0,0.0,29.0,21.0,29.0,DT-Top1,Full-CertiTwin-q90,124,5,0.6,0.6,0.6,0.6,0.6
0,4,0,1,1.0,0.0,0.76278657,0.7566483,0.9919528341971308,1.0,57.0,0.0,0.0,1.0,0.0,29.0,39.0,11.0,DT-Top1,SLA-Rule-Shield,124,5,0.6,0.6,0.6,0.6,0.6
0,2,0,1,1.0,0.0,0.76278657,0.6677499,0.875408569397236,1.0,21.0,0.0,0.0,1.0,0.0,29.0,21.0,29.0,DT-Top1,Fixed-UCB-1sigma-Shield,124,5,0.6,0.6,0.6,0.6,0.6
0,2,0,1,1.0,0.0,0.76278657,0.6677499,0.875408569397236,1.0,21.0,0.0,0.0,1.0,0.0,29.0,21.0,29.0,DT-Top1,Fixed-UCB-1.64sigma-Shield,124,5,0.6,0.6,0.6,0.6,0.6
2,2,1,1,0.0,0.0,0.6780778,0.6780778,0.9999999999985252,0.0,0.0,0.0,0.0,1.0,21.0,29.0,21.0,29.0,PF,Full-CertiTwin-q90,125,5,0.6,0.6,0.6,0.6,0.6
2,2,1,1,0.0,0.0,0.6780778,0.6780778,0.9999999999985252,0.0,0.0,0.0,0.0,1.0,21.0,29.0,21.0,29.0,PF,SLA-Rule-Shield,125,5,0.6,0.6,0.6,0.6,0.6
2,2,1,1,0.0,0.0,0.6780778,0.6780778,0.9999999999985252,0.0,0.0,0.0,0.0,1.0,21.0,29.0,21.0,29.0,PF,Fixed-UCB-1sigma-Shield,125,5,0.6,0.6,0.6,0.6,0.6
2,2,1,1,0.0,0.0,0.6780778,0.6780778,0.9999999999985252,0.0,0.0,0.0,0.0,1.0,21.0,29.0,21.0,29.0,PF,Fixed-UCB-1.64sigma-Shield,125,5,0.6,0.6,0.6,0.6,0.6
4,4,1,1,0.0,0.0,0.76313806,0.76313806,0.9999999999986896,0.0,0.0,0.0,0.0,1.0,39.0,11.0,39.0,11.0,Greedy-SLA,Full-CertiTwin-q90,125,5,0.6,0.6,0.6,0.6,0.6
4,4,1,1,0.0,0.0,0.76313806,0.76313806,0.9999999999986896,0.0,0.0,0.0,0.0,1.0,39.0,11.0,39.0,11.0,Greedy-SLA,SLA-Rule-Shield,125,5,0.6,0.6,0.6,0.6,0.6
4,4,1,1,0.0,0.0,0.76313806,0.76313806,0.9999999999986896,0.0,0.0,0.0,0.0,1.0,39.0,11.0,39.0,11.0,Greedy-SLA,Fixed-UCB-1sigma-Shield,125,5,0.6,0.6,0.6,0.6,0.6
4,4,1,1,0.0,0.0,0.76313806,0.76313806,0.9999999999986896,0.0,0.0,0.0,0.0,1.0,39.0,11.0,39.0,11.0,Greedy-SLA,Fixed-UCB-1.64sigma-Shield,125,5,0.6,0.6,0.6,0.6,0.6
4,4,1,1,0.0,0.0,0.76313806,0.76313806,0.9999999999986896,0.0,0.0,0.0,0.0,1.0,39.0,11.0,39.0,11.0,DT-Top1,Full-CertiTwin-q90,125,5,0.6,0.6,0.6,0.6,0.6
4,4,1,1,0.0,0.0,0.76313806,0.76313806,0.9999999999986896,0.0,0.0,0.0,0.0,1.0,39.0,11.0,39.0,11.0,DT-Top1,SLA-Rule-Shield,125,5,0.6,0.6,0.6,0.6,0.6
4,4,1,1,0.0,0.0,0.76313806,0.76313806,0.9999999999986896,0.0,0.0,0.0,0.0,1.0,39.0,11.0,39.0,11.0,DT-Top1,Fixed-UCB-1sigma-Shield,125,5,0.6,0.6,0.6,0.6,0.6
4,4,1,1,0.0,0.0,0.76313806,0.76313806,0.9999999999986896,0.0,0.0,0.0,0.0,1.0,39.0,11.0,39.0,11.0,DT-Top1,Fixed-UCB-1.64sigma-Shield,125,5,0.6,0.6,0.6,0.6,0.6
2,2,1,1,0.0,0.0,0.6677499,0.6677499,0.9999999999985024,0.0,0.0,0.0,0.0,1.0,21.0,29.0,21.0,29.0,PF,Full-CertiTwin-q90,126,5,0.6,0.6,0.6,0.6,0.6
2,2,1,1,0.0,0.0,0.6677499,0.6677499,0.9999999999985024,0.0,0.0,0.0,0.0,1.0,21.0,29.0,21.0,29.0,PF,SLA-Rule-Shield,126,5,0.6,0.6,0.6,0.6,0.6
2,2,1,1,0.0,0.0,0.6677499,0.6677499,0.9999999999985024,0.0,0.0,0.0,0.0,1.0,21.0,29.0,21.0,29.0,PF,Fixed-UCB-1sigma-Shield,126,5,0.6,0.6,0.6,0.6,0.6
2,2,1,1,0.0,0.0,0.6677499,0.6677499,0.9999999999985024,0.0,0.0,0.0,0.0,1.0,21.0,29.0,21.0,29.0,PF,Fixed-UCB-1.64sigma-Shield,126,5,0.6,0.6,0.6,0.6,0.6
4,4,1,1,0.0,0.0,0.76313806,0.76313806,0.9999999999986896,0.0,0.0,0.0,0.0,1.0,39.0,11.0,39.0,11.0,Greedy-SLA,Full-CertiTwin-q90,126,5,0.6,0.6,0.6,0.6,0.6
4,4,1,1,0.0,0.0,0.76313806,0.76313806,0.9999999999986896,0.0,0.0,0.0,0.0,1.0,39.0,11.0,39.0,11.0,Greedy-SLA,SLA-Rule-Shield,126,5,0.6,0.6,0.6,0.6,0.6
4,4,1,1,0.0,0.0,0.76313806,0.76313806,0.9999999999986896,0.0,0.0,0.0,0.0,1.0,39.0,11.0,39.0,11.0,Greedy-SLA,Fixed-UCB-1sigma-Shield,126,5,0.6,0.6,0.6,0.6,0.6
4,4,1,1,0.0,0.0,0.76313806,0.76313806,0.9999999999986896,0.0,0.0,0.0,0.0,1.0,39.0,11.0,39.0,11.0,Greedy-SLA,Fixed-UCB-1.64sigma-Shield,126,5,0.6,0.6,0.6,0.6,0.6
0,2,0,1,1.0,0.0,0.77741534,0.6677499,0.8589358424534574,1.0,21.0,0.0,0.0,1.0,0.0,29.0,21.0,29.0,DT-Top1,Full-CertiTwin-q90,126,5,0.6,0.6,0.6,0.6,0.6
0,4,0,1,1.0,0.0,0.77741534,0.76313806,0.981634939180668,1.0,57.0,0.0,0.0,1.0,0.0,29.0,39.0,11.0,DT-Top1,SLA-Rule-Shield,126,5,0.6,0.6,0.6,0.6,0.6
0,2,0,1,1.0,0.0,0.77741534,0.6677499,0.8589358424534574,1.0,21.0,0.0,0.0,1.0,0.0,29.0,21.0,29.0,DT-Top1,Fixed-UCB-1sigma-Shield,126,5,0.6,0.6,0.6,0.6,0.6
0,2,0,1,1.0,0.0,0.77741534,0.6677499,0.8589358424534574,1.0,21.0,0.0,0.0,1.0,0.0,29.0,21.0,29.0,DT-Top1,Fixed-UCB-1.64sigma-Shield,126,5,0.6,0.6,0.6,0.6,0.6
2,2,1,1,0.0,0.0,0.6677499,0.6677499,0.9999999999985024,0.0,0.0,0.0,0.0,1.0,21.0,29.0,21.0,29.0,PF,Full-CertiTwin-q90,127,5,0.6,0.6,0.6,0.6,0.6
2,2,1,1,0.0,0.0,0.6677499,0.6677499,0.9999999999985024,0.0,0.0,0.0,0.0,1.0,21.0,29.0,21.0,29.0,PF,SLA-Rule-Shield,127,5,0.6,0.6,0.6,0.6,0.6
2,2,1,1,0.0,0.0,0.6677499,0.6677499,0.9999999999985024,0.0,0.0,0.0,0.0,1.0,21.0,29.0,21.0,29.0,PF,Fixed-UCB-1sigma-Shield,127,5,0.6,0.6,0.6,0.6,0.6
2,2,1,1,0.0,0.0,0.6677499,0.6677499,0.9999999999985024,0.0,0.0,0.0,0.0,1.0,21.0,29.0,21.0,29.0,PF,Fixed-UCB-1.64sigma-Shield,127,5,0.6,0.6,0.6,0.6,0.6
4,4,1,1,0.0,0.0,0.76313806,0.76313806,0.9999999999986896,0.0,0.0,0.0,0.0,1.0,39.0,11.0,39.0,11.0,Greedy-SLA,Full-CertiTwin-q90,127,5,0.6,0.6,0.6,0.6,0.6
4,4,1,1,0.0,0.0,0.76313806,0.76313806,0.9999999999986896,0.0,0.0,0.0,0.0,1.0,39.0,11.0,39.0,11.0,Greedy-SLA,SLA-Rule-Shield,127,5,0.6,0.6,0.6,0.6,0.6
4,4,1,1,0.0,0.0,0.76313806,0.76313806,0.9999999999986896,0.0,0.0,0.0,0.0,1.0,39.0,11.0,39.0,11.0,Greedy-SLA,Fixed-UCB-1sigma-Shield,127,5,0.6,0.6,0.6,0.6,0.6
4,4,1,1,0.0,0.0,0.76313806,0.76313806,0.9999999999986896,0.0,0.0,0.0,0.0,1.0,39.0,11.0,39.0,11.0,Greedy-SLA,Fixed-UCB-1.64sigma-Shield,127,5,0.6,0.6,0.6,0.6,0.6
4,4,1,1,0.0,0.0,0.76313806,0.76313806,0.9999999999986896,0.0,0.0,0.0,0.0,1.0,39.0,11.0,39.0,11.0,DT-Top1,Full-CertiTwin-q90,127,5,0.6,0.6,0.6,0.6,0.6
4,4,1,1,0.0,0.0,0.76313806,0.76313806,0.9999999999986896,0.0,0.0,0.0,0.0,1.0,39.0,11.0,39.0,11.0,DT-Top1,SLA-Rule-Shield,127,5,0.6,0.6,0.6,0.6,0.6
4,4,1,1,0.0,0.0,0.76313806,0.76313806,0.9999999999986896,0.0,0.0,0.0,0.0,1.0,39.0,11.0,39.0,11.0,DT-Top1,Fixed-UCB-1sigma-Shield,127,5,0.6,0.6,0.6,0.6,0.6
4,4,1,1,0.0,0.0,0.76313806,0.76313806,0.9999999999986896,0.0,0.0,0.0,0.0,1.0,39.0,11.0,39.0,11.0,DT-Top1,Fixed-UCB-1.64sigma-Shield,127,5,0.6,0.6,0.6,0.6,0.6
2,2,1,1,0.0,0.0,0.6677499,0.6677499,0.9999999999985024,0.0,0.0,0.0,0.0,1.0,21.0,29.0,21.0,29.0,PF,Full-CertiTwin-q90,128,5,0.6,0.6,0.6,0.6,0.6
2,2,1,1,0.0,0.0,0.6677499,0.6677499,0.9999999999985024,0.0,0.0,0.0,0.0,1.0,21.0,29.0,21.0,29.0,PF,SLA-Rule-Shield,128,5,0.6,0.6,0.6,0.6,0.6
2,2,1,1,0.0,0.0,0.6677499,0.6677499,0.9999999999985024,0.0,0.0,0.0,0.0,1.0,21.0,29.0,21.0,29.0,PF,Fixed-UCB-1sigma-Shield,128,5,0.6,0.6,0.6,0.6,0.6
2,2,1,1,0.0,0.0,0.6677499,0.6677499,0.9999999999985024,0.0,0.0,0.0,0.0,1.0,21.0,29.0,21.0,29.0,PF,Fixed-UCB-1.64sigma-Shield,128,5,0.6,0.6,0.6,0.6,0.6
4,4,1,1,0.0,0.0,0.76313806,0.76313806,0.9999999999986896,0.0,0.0,0.0,0.0,1.0,39.0,11.0,39.0,11.0,Greedy-SLA,Full-CertiTwin-q90,128,5,0.6,0.6,0.6,0.6,0.6
4,4,1,1,0.0,0.0,0.76313806,0.76313806,0.9999999999986896,0.0,0.0,0.0,0.0,1.0,39.0,11.0,39.0,11.0,Greedy-SLA,SLA-Rule-Shield,128,5,0.6,0.6,0.6,0.6,0.6
4,4,1,1,0.0,0.0,0.76313806,0.76313806,0.9999999999986896,0.0,0.0,0.0,0.0,1.0,39.0,11.0,39.0,11.0,Greedy-SLA,Fixed-UCB-1sigma-Shield,128,5,0.6,0.6,0.6,0.6,0.6
4,4,1,1,0.0,0.0,0.76313806,0.76313806,0.9999999999986896,0.0,0.0,0.0,0.0,1.0,39.0,11.0,39.0,11.0,Greedy-SLA,Fixed-UCB-1.64sigma-Shield,128,5,0.6,0.6,0.6,0.6,0.6
0,2,0,1,1.0,0.0,0.76278657,0.6677499,0.875408569397236,1.0,21.0,0.0,0.0,1.0,0.0,29.0,21.0,29.0,DT-Top1,Full-CertiTwin-q90,128,5,0.6,0.6,0.6,0.6,0.6
0,4,0,1,1.0,0.0,0.76278657,0.76313806,1.000460797309265,1.0,57.0,0.0,0.0,1.0,0.0,29.0,39.0,11.0,DT-Top1,SLA-Rule-Shield,128,5,0.6,0.6,0.6,0.6,0.6
0,2,0,1,1.0,0.0,0.76278657,0.6677499,0.875408569397236,1.0,21.0,0.0,0.0,1.0,0.0,29.0,21.0,29.0,DT-Top1,Fixed-UCB-1sigma-Shield,128,5,0.6,0.6,0.6,0.6,0.6
0,2,0,1,1.0,0.0,0.76278657,0.6677499,0.875408569397236,1.0,21.0,0.0,0.0,1.0,0.0,29.0,21.0,29.0,DT-Top1,Fixed-UCB-1.64sigma-Shield,128,5,0.6,0.6,0.6,0.6,0.6
2,2,1,1,0.0,0.0,0.65129316,0.65129316,0.9999999999984648,0.0,0.0,0.0,0.0,1.0,21.0,29.0,21.0,29.0,PF,Full-CertiTwin-q90,129,5,0.6,0.6,0.6,0.6,0.6
2,2,1,1,0.0,0.0,0.65129316,0.65129316,0.9999999999984648,0.0,0.0,0.0,0.0,1.0,21.0,29.0,21.0,29.0,PF,SLA-Rule-Shield,129,5,0.6,0.6,0.6,0.6,0.6
2,2,1,1,0.0,0.0,0.65129316,0.65129316,0.9999999999984648,0.0,0.0,0.0,0.0,1.0,21.0,29.0,21.0,29.0,PF,Fixed-UCB-1sigma-Shield,129,5,0.6,0.6,0.6,0.6,0.6
2,2,1,1,0.0,0.0,0.65129316,0.65129316,0.9999999999984648,0.0,0.0,0.0,0.0,1.0,21.0,29.0,21.0,29.0,PF,Fixed-UCB-1.64sigma-Shield,129,5,0.6,0.6,0.6,0.6,0.6
4,4,1,1,0.0,0.0,0.76313806,0.76313806,0.9999999999986896,0.0,0.0,0.0,0.0,1.0,39.0,11.0,39.0,11.0,Greedy-SLA,Full-CertiTwin-q90,129,5,0.6,0.6,0.6,0.6,0.6
4,4,1,1,0.0,0.0,0.76313806,0.76313806,0.9999999999986896,0.0,0.0,0.0,0.0,1.0,39.0,11.0,39.0,11.0,Greedy-SLA,SLA-Rule-Shield,129,5,0.6,0.6,0.6,0.6,0.6
4,4,1,1,0.0,0.0,0.76313806,0.76313806,0.9999999999986896,0.0,0.0,0.0,0.0,1.0,39.0,11.0,39.0,11.0,Greedy-SLA,Fixed-UCB-1sigma-Shield,129,5,0.6,0.6,0.6,0.6,0.6
4,4,1,1,0.0,0.0,0.76313806,0.76313806,0.9999999999986896,0.0,0.0,0.0,0.0,1.0,39.0,11.0,39.0,11.0,Greedy-SLA,Fixed-UCB-1.64sigma-Shield,129,5,0.6,0.6,0.6,0.6,0.6
4,4,1,1,0.0,0.0,0.76313806,0.76313806,0.9999999999986896,0.0,0.0,0.0,0.0,1.0,39.0,11.0,39.0,11.0,DT-Top1,Full-CertiTwin-q90,129,5,0.6,0.6,0.6,0.6,0.6
4,4,1,1,0.0,0.0,0.76313806,0.76313806,0.9999999999986896,0.0,0.0,0.0,0.0,1.0,39.0,11.0,39.0,11.0,DT-Top1,SLA-Rule-Shield,129,5,0.6,0.6,0.6,0.6,0.6
4,4,1,1,0.0,0.0,0.76313806,0.76313806,0.9999999999986896,0.0,0.0,0.0,0.0,1.0,39.0,11.0,39.0,11.0,DT-Top1,Fixed-UCB-1sigma-Shield,129,5,0.6,0.6,0.6,0.6,0.6
4,4,1,1,0.0,0.0,0.76313806,0.76313806,0.9999999999986896,0.0,0.0,0.0,0.0,1.0,39.0,11.0,39.0,11.0,DT-Top1,Fixed-UCB-1.64sigma-Shield,129,5,0.6,0.6,0.6,0.6,0.6
2,2,1,1,0.0,0.0,0.6677499,0.6677499,0.9999999999985024,0.0,0.0,0.0,0.0,1.0,21.0,29.0,21.0,29.0,PF,Full-CertiTwin-q90,130,5,0.6,0.6,0.6,0.6,0.6
2,2,1,1,0.0,0.0,0.6677499,0.6677499,0.9999999999985024,0.0,0.0,0.0,0.0,1.0,21.0,29.0,21.0,29.0,PF,SLA-Rule-Shield,130,5,0.6,0.6,0.6,0.6,0.6
2,2,1,1,0.0,0.0,0.6677499,0.6677499,0.9999999999985024,0.0,0.0,0.0,0.0,1.0,21.0,29.0,21.0,29.0,PF,Fixed-UCB-1sigma-Shield,130,5,0.6,0.6,0.6,0.6,0.6
2,2,1,1,0.0,0.0,0.6677499,0.6677499,0.9999999999985024,0.0,0.0,0.0,0.0,1.0,21.0,29.0,21.0,29.0,PF,Fixed-UCB-1.64sigma-Shield,130,5,0.6,0.6,0.6,0.6,0.6
4,4,1,1,0.0,0.0,0.76313806,0.76313806,0.9999999999986896,0.0,0.0,0.0,0.0,1.0,39.0,11.0,39.0,11.0,Greedy-SLA,Full-CertiTwin-q90,130,5,0.6,0.6,0.6,0.6,0.6
4,4,1,1,0.0,0.0,0.76313806,0.76313806,0.9999999999986896,0.0,0.0,0.0,0.0,1.0,39.0,11.0,39.0,11.0,Greedy-SLA,SLA-Rule-Shield,130,5,0.6,0.6,0.6,0.6,0.6
4,4,1,1,0.0,0.0,0.76313806,0.76313806,0.9999999999986896,0.0,0.0,0.0,0.0,1.0,39.0,11.0,39.0,11.0,Greedy-SLA,Fixed-UCB-1sigma-Shield,130,5,0.6,0.6,0.6,0.6,0.6
4,4,1,1,0.0,0.0,0.76313806,0.76313806,0.9999999999986896,0.0,0.0,0.0,0.0,1.0,39.0,11.0,39.0,11.0,Greedy-SLA,Fixed-UCB-1.64sigma-Shield,130,5,0.6,0.6,0.6,0.6,0.6
0,2,0,1,1.0,0.0,0.77741534,0.6677499,0.8589358424534574,1.0,21.0,0.0,0.0,1.0,0.0,29.0,21.0,29.0,DT-Top1,Full-CertiTwin-q90,130,5,0.6,0.6,0.6,0.6,0.6
0,4,0,1,1.0,0.0,0.77741534,0.76313806,0.981634939180668,1.0,57.0,0.0,0.0,1.0,0.0,29.0,39.0,11.0,DT-Top1,SLA-Rule-Shield,130,5,0.6,0.6,0.6,0.6,0.6
0,2,0,1,1.0,0.0,0.77741534,0.6677499,0.8589358424534574,1.0,21.0,0.0,0.0,1.0,0.0,29.0,21.0,29.0,DT-Top1,Fixed-UCB-1sigma-Shield,130,5,0.6,0.6,0.6,0.6,0.6
0,2,0,1,1.0,0.0,0.77741534,0.6677499,0.8589358424534574,1.0,21.0,0.0,0.0,1.0,0.0,29.0,21.0,29.0,DT-Top1,Fixed-UCB-1.64sigma-Shield,130,5,0.6,0.6,0.6,0.6,0.6
2,2,1,1,0.0,0.0,0.6677499,0.6677499,0.9999999999985024,0.0,0.0,0.0,0.0,1.0,21.0,29.0,21.0,29.0,PF,Full-CertiTwin-q90,131,5,0.6,0.6,0.6,0.6,0.6
2,2,1,1,0.0,0.0,0.6677499,0.6677499,0.9999999999985024,0.0,0.0,0.0,0.0,1.0,21.0,29.0,21.0,29.0,PF,SLA-Rule-Shield,131,5,0.6,0.6,0.6,0.6,0.6
2,2,1,1,0.0,0.0,0.6677499,0.6677499,0.9999999999985024,0.0,0.0,0.0,0.0,1.0,21.0,29.0,21.0,29.0,PF,Fixed-UCB-1sigma-Shield,131,5,0.6,0.6,0.6,0.6,0.6
2,2,1,1,0.0,0.0,0.6677499,0.6677499,0.9999999999985024,0.0,0.0,0.0,0.0,1.0,21.0,29.0,21.0,29.0,PF,Fixed-UCB-1.64sigma-Shield,131,5,0.6,0.6,0.6,0.6,0.6
4,4,1,1,0.0,0.0,0.76313806,0.76313806,0.9999999999986896,0.0,0.0,0.0,0.0,1.0,39.0,11.0,39.0,11.0,Greedy-SLA,Full-CertiTwin-q90,131,5,0.6,0.6,0.6,0.6,0.6
4,4,1,1,0.0,0.0,0.76313806,0.76313806,0.9999999999986896,0.0,0.0,0.0,0.0,1.0,39.0,11.0,39.0,11.0,Greedy-SLA,SLA-Rule-Shield,131,5,0.6,0.6,0.6,0.6,0.6
4,4,1,1,0.0,0.0,0.76313806,0.76313806,0.9999999999986896,0.0,0.0,0.0,0.0,1.0,39.0,11.0,39.0,11.0,Greedy-SLA,Fixed-UCB-1sigma-Shield,131,5,0.6,0.6,0.6,0.6,0.6
4,4,1,1,0.0,0.0,0.76313806,0.76313806,0.9999999999986896,0.0,0.0,0.0,0.0,1.0,39.0,11.0,39.0,11.0,Greedy-SLA,Fixed-UCB-1.64sigma-Shield,131,5,0.6,0.6,0.6,0.6,0.6
0,2,0,1,1.0,0.0,0.7592471,0.6677499,0.8794895627512053,1.0,21.0,0.0,0.0,1.0,0.0,29.0,21.0,29.0,DT-Top1,Full-CertiTwin-q90,131,5,0.6,0.6,0.6,0.6,0.6
0,4,0,1,1.0,0.0,0.7592471,0.76313806,1.0051247610942404,1.0,57.0,0.0,0.0,1.0,0.0,29.0,39.0,11.0,DT-Top1,SLA-Rule-Shield,131,5,0.6,0.6,0.6,0.6,0.6
0,2,0,1,1.0,0.0,0.7592471,0.6677499,0.8794895627512053,1.0,21.0,0.0,0.0,1.0,0.0,29.0,21.0,29.0,DT-Top1,Fixed-UCB-1sigma-Shield,131,5,0.6,0.6,0.6,0.6,0.6
0,2,0,1,1.0,0.0,0.7592471,0.6677499,0.8794895627512053,1.0,21.0,0.0,0.0,1.0,0.0,29.0,21.0,29.0,DT-Top1,Fixed-UCB-1.64sigma-Shield,131,5,0.6,0.6,0.6,0.6,0.6
2,2,1,1,0.0,0.0,0.6677499,0.6677499,0.9999999999985024,0.0,0.0,0.0,0.0,1.0,21.0,29.0,21.0,29.0,PF,Full-CertiTwin-q90,132,5,0.6,0.6,0.6,0.6,0.6
2,2,1,1,0.0,0.0,0.6677499,0.6677499,0.9999999999985024,0.0,0.0,0.0,0.0,1.0,21.0,29.0,21.0,29.0,PF,SLA-Rule-Shield,132,5,0.6,0.6,0.6,0.6,0.6
2,2,1,1,0.0,0.0,0.6677499,0.6677499,0.9999999999985024,0.0,0.0,0.0,0.0,1.0,21.0,29.0,21.0,29.0,PF,Fixed-UCB-1sigma-Shield,132,5,0.6,0.6,0.6,0.6,0.6
2,2,1,1,0.0,0.0,0.6677499,0.6677499,0.9999999999985024,0.0,0.0,0.0,0.0,1.0,21.0,29.0,21.0,29.0,PF,Fixed-UCB-1.64sigma-Shield,132,5,0.6,0.6,0.6,0.6,0.6
4,4,1,1,0.0,0.0,0.76313806,0.76313806,0.9999999999986896,0.0,0.0,0.0,0.0,1.0,39.0,11.0,39.0,11.0,Greedy-SLA,Full-CertiTwin-q90,132,5,0.6,0.6,0.6,0.6,0.6
4,4,1,1,0.0,0.0,0.76313806,0.76313806,0.9999999999986896,0.0,0.0,0.0,0.0,1.0,39.0,11.0,39.0,11.0,Greedy-SLA,SLA-Rule-Shield,132,5,0.6,0.6,0.6,0.6,0.6
4,4,1,1,0.0,0.0,0.76313806,0.76313806,0.9999999999986896,0.0,0.0,0.0,0.0,1.0,39.0,11.0,39.0,11.0,Greedy-SLA,Fixed-UCB-1sigma-Shield,132,5,0.6,0.6,0.6,0.6,0.6
4,4,1,1,0.0,0.0,0.76313806,0.76313806,0.9999999999986896,0.0,0.0,0.0,0.0,1.0,39.0,11.0,39.0,11.0,Greedy-SLA,Fixed-UCB-1.64sigma-Shield,132,5,0.6,0.6,0.6,0.6,0.6
0,2,0,1,1.0,0.0,0.76278657,0.6677499,0.875408569397236,1.0,21.0,0.0,0.0,1.0,0.0,29.0,21.0,29.0,DT-Top1,Full-CertiTwin-q90,132,5,0.6,0.6,0.6,0.6,0.6
0,4,0,1,1.0,0.0,0.76278657,0.76313806,1.000460797309265,1.0,57.0,0.0,0.0,1.0,0.0,29.0,39.0,11.0,DT-Top1,SLA-Rule-Shield,132,5,0.6,0.6,0.6,0.6,0.6
0,2,0,1,1.0,0.0,0.76278657,0.6677499,0.875408569397236,1.0,21.0,0.0,0.0,1.0,0.0,29.0,21.0,29.0,DT-Top1,Fixed-UCB-1sigma-Shield,132,5,0.6,0.6,0.6,0.6,0.6
0,2,0,1,1.0,0.0,0.76278657,0.6677499,0.875408569397236,1.0,21.0,0.0,0.0,1.0,0.0,29.0,21.0,29.0,DT-Top1,Fixed-UCB-1.64sigma-Shield,132,5,0.6,0.6,0.6,0.6,0.6
2,2,1,1,0.0,0.0,0.65129316,0.65129316,0.9999999999984648,0.0,0.0,0.0,0.0,1.0,21.0,29.0,21.0,29.0,PF,Full-CertiTwin-q90,133,5,0.6,0.6,0.6,0.6,0.6
2,2,1,1,0.0,0.0,0.65129316,0.65129316,0.9999999999984648,0.0,0.0,0.0,0.0,1.0,21.0,29.0,21.0,29.0,PF,SLA-Rule-Shield,133,5,0.6,0.6,0.6,0.6,0.6
2,2,1,1,0.0,0.0,0.65129316,0.65129316,0.9999999999984648,0.0,0.0,0.0,0.0,1.0,21.0,29.0,21.0,29.0,PF,Fixed-UCB-1sigma-Shield,133,5,0.6,0.6,0.6,0.6,0.6
2,2,1,1,0.0,0.0,0.65129316,0.65129316,0.9999999999984648,0.0,0.0,0.0,0.0,1.0,21.0,29.0,21.0,29.0,PF,Fixed-UCB-1.64sigma-Shield,133,5,0.6,0.6,0.6,0.6,0.6
4,4,1,1,0.0,0.0,0.76313806,0.76313806,0.9999999999986896,0.0,0.0,0.0,0.0,1.0,39.0,11.0,39.0,11.0,Greedy-SLA,Full-CertiTwin-q90,133,5,0.6,0.6,0.6,0.6,0.6
4,4,1,1,0.0,0.0,0.76313806,0.76313806,0.9999999999986896,0.0,0.0,0.0,0.0,1.0,39.0,11.0,39.0,11.0,Greedy-SLA,SLA-Rule-Shield,133,5,0.6,0.6,0.6,0.6,0.6
4,4,1,1,0.0,0.0,0.76313806,0.76313806,0.9999999999986896,0.0,0.0,0.0,0.0,1.0,39.0,11.0,39.0,11.0,Greedy-SLA,Fixed-UCB-1sigma-Shield,133,5,0.6,0.6,0.6,0.6,0.6
4,4,1,1,0.0,0.0,0.76313806,0.76313806,0.9999999999986896,0.0,0.0,0.0,0.0,1.0,39.0,11.0,39.0,11.0,Greedy-SLA,Fixed-UCB-1.64sigma-Shield,133,5,0.6,0.6,0.6,0.6,0.6
4,4,1,1,0.0,0.0,0.76313806,0.76313806,0.9999999999986896,0.0,0.0,0.0,0.0,1.0,39.0,11.0,39.0,11.0,DT-Top1,Full-CertiTwin-q90,133,5,0.6,0.6,0.6,0.6,0.6
4,4,1,1,0.0,0.0,0.76313806,0.76313806,0.9999999999986896,0.0,0.0,0.0,0.0,1.0,39.0,11.0,39.0,11.0,DT-Top1,SLA-Rule-Shield,133,5,0.6,0.6,0.6,0.6,0.6
4,4,1,1,0.0,0.0,0.76313806,0.76313806,0.9999999999986896,0.0,0.0,0.0,0.0,1.0,39.0,11.0,39.0,11.0,DT-Top1,Fixed-UCB-1sigma-Shield,133,5,0.6,0.6,0.6,0.6,0.6
4,4,1,1,0.0,0.0,0.76313806,0.76313806,0.9999999999986896,0.0,0.0,0.0,0.0,1.0,39.0,11.0,39.0,11.0,DT-Top1,Fixed-UCB-1.64sigma-Shield,133,5,0.6,0.6,0.6,0.6,0.6
2,2,1,1,0.0,0.0,0.6677499,0.6677499,0.9999999999985024,0.0,0.0,0.0,0.0,1.0,21.0,29.0,21.0,29.0,PF,Full-CertiTwin-q90,134,5,0.6,0.6,0.6,0.6,0.6
2,2,1,1,0.0,0.0,0.6677499,0.6677499,0.9999999999985024,0.0,0.0,0.0,0.0,1.0,21.0,29.0,21.0,29.0,PF,SLA-Rule-Shield,134,5,0.6,0.6,0.6,0.6,0.6
2,2,1,1,0.0,0.0,0.6677499,0.6677499,0.9999999999985024,0.0,0.0,0.0,0.0,1.0,21.0,29.0,21.0,29.0,PF,Fixed-UCB-1sigma-Shield,134,5,0.6,0.6,0.6,0.6,0.6
2,2,1,1,0.0,0.0,0.6677499,0.6677499,0.9999999999985024,0.0,0.0,0.0,0.0,1.0,21.0,29.0,21.0,29.0,PF,Fixed-UCB-1.64sigma-Shield,134,5,0.6,0.6,0.6,0.6,0.6
4,4,1,1,0.0,0.0,0.76313806,0.76313806,0.9999999999986896,0.0,0.0,0.0,0.0,1.0,39.0,11.0,39.0,11.0,Greedy-SLA,Full-CertiTwin-q90,134,5,0.6,0.6,0.6,0.6,0.6
4,4,1,1,0.0,0.0,0.76313806,0.76313806,0.9999999999986896,0.0,0.0,0.0,0.0,1.0,39.0,11.0,39.0,11.0,Greedy-SLA,SLA-Rule-Shield,134,5,0.6,0.6,0.6,0.6,0.6
4,4,1,1,0.0,0.0,0.76313806,0.76313806,0.9999999999986896,0.0,0.0,0.0,0.0,1.0,39.0,11.0,39.0,11.0,Greedy-SLA,Fixed-UCB-1sigma-Shield,134,5,0.6,0.6,0.6,0.6,0.6
4,4,1,1,0.0,0.0,0.76313806,0.76313806,0.9999999999986896,0.0,0.0,0.0,0.0,1.0,39.0,11.0,39.0,11.0,Greedy-SLA,Fixed-UCB-1.64sigma-Shield,134,5,0.6,0.6,0.6,0.6,0.6
0,2,0,1,1.0,0.0,0.77050835,0.6677499,0.8666355140721491,1.0,21.0,0.0,0.0,1.0,0.0,29.0,21.0,29.0,DT-Top1,Full-CertiTwin-q90,134,5,0.6,0.6,0.6,0.6,0.6
0,4,0,1,1.0,0.0,0.77050835,0.76313806,0.990434509890788,1.0,57.0,0.0,0.0,1.0,0.0,29.0,39.0,11.0,DT-Top1,SLA-Rule-Shield,134,5,0.6,0.6,0.6,0.6,0.6
0,2,0,1,1.0,0.0,0.77050835,0.6677499,0.8666355140721491,1.0,21.0,0.0,0.0,1.0,0.0,29.0,21.0,29.0,DT-Top1,Fixed-UCB-1sigma-Shield,134,5,0.6,0.6,0.6,0.6,0.6
0,2,0,1,1.0,0.0,0.77050835,0.6677499,0.8666355140721491,1.0,21.0,0.0,0.0,1.0,0.0,29.0,21.0,29.0,DT-Top1,Fixed-UCB-1.64sigma-Shield,134,5,0.6,0.6,0.6,0.6,0.6
2,2,1,1,0.0,0.0,0.6677499,0.6677499,0.9999999999985024,0.0,0.0,0.0,0.0,1.0,21.0,29.0,21.0,29.0,PF,Full-CertiTwin-q90,135,5,0.6,0.6,0.6,0.6,0.6
2,2,1,1,0.0,0.0,0.6677499,0.6677499,0.9999999999985024,0.0,0.0,0.0,0.0,1.0,21.0,29.0,21.0,29.0,PF,SLA-Rule-Shield,135,5,0.6,0.6,0.6,0.6,0.6
2,2,1,1,0.0,0.0,0.6677499,0.6677499,0.9999999999985024,0.0,0.0,0.0,0.0,1.0,21.0,29.0,21.0,29.0,PF,Fixed-UCB-1sigma-Shield,135,5,0.6,0.6,0.6,0.6,0.6
2,2,1,1,0.0,0.0,0.6677499,0.6677499,0.9999999999985024,0.0,0.0,0.0,0.0,1.0,21.0,29.0,21.0,29.0,PF,Fixed-UCB-1.64sigma-Shield,135,5,0.6,0.6,0.6,0.6,0.6
4,4,1,1,0.0,0.0,0.76313806,0.76313806,0.9999999999986896,0.0,0.0,0.0,0.0,1.0,39.0,11.0,39.0,11.0,Greedy-SLA,Full-CertiTwin-q90,135,5,0.6,0.6,0.6,0.6,0.6
4,4,1,1,0.0,0.0,0.76313806,0.76313806,0.9999999999986896,0.0,0.0,0.0,0.0,1.0,39.0,11.0,39.0,11.0,Greedy-SLA,SLA-Rule-Shield,135,5,0.6,0.6,0.6,0.6,0.6
4,4,1,1,0.0,0.0,0.76313806,0.76313806,0.9999999999986896,0.0,0.0,0.0,0.0,1.0,39.0,11.0,39.0,11.0,Greedy-SLA,Fixed-UCB-1sigma-Shield,135,5,0.6,0.6,0.6,0.6,0.6
4,4,1,1,0.0,0.0,0.76313806,0.76313806,0.9999999999986896,0.0,0.0,0.0,0.0,1.0,39.0,11.0,39.0,11.0,Greedy-SLA,Fixed-UCB-1.64sigma-Shield,135,5,0.6,0.6,0.6,0.6,0.6
4,4,1,1,0.0,0.0,0.76313806,0.76313806,0.9999999999986896,0.0,0.0,0.0,0.0,1.0,39.0,11.0,39.0,11.0,DT-Top1,Full-CertiTwin-q90,135,5,0.6,0.6,0.6,0.6,0.6
4,4,1,1,0.0,0.0,0.76313806,0.76313806,0.9999999999986896,0.0,0.0,0.0,0.0,1.0,39.0,11.0,39.0,11.0,DT-Top1,SLA-Rule-Shield,135,5,0.6,0.6,0.6,0.6,0.6
4,4,1,1,0.0,0.0,0.76313806,0.76313806,0.9999999999986896,0.0,0.0,0.0,0.0,1.0,39.0,11.0,39.0,11.0,DT-Top1,Fixed-UCB-1sigma-Shield,135,5,0.6,0.6,0.6,0.6,0.6
4,4,1,1,0.0,0.0,0.76313806,0.76313806,0.9999999999986896,0.0,0.0,0.0,0.0,1.0,39.0,11.0,39.0,11.0,DT-Top1,Fixed-UCB-1.64sigma-Shield,135,5,0.6,0.6,0.6,0.6,0.6
2,2,1,1,0.0,0.0,0.6677499,0.6677499,0.9999999999985024,0.0,0.0,0.0,0.0,1.0,21.0,29.0,21.0,29.0,PF,Full-CertiTwin-q90,136,5,0.6,0.6,0.6,0.6,0.6
2,2,1,1,0.0,0.0,0.6677499,0.6677499,0.9999999999985024,0.0,0.0,0.0,0.0,1.0,21.0,29.0,21.0,29.0,PF,SLA-Rule-Shield,136,5,0.6,0.6,0.6,0.6,0.6
2,2,1,1,0.0,0.0,0.6677499,0.6677499,0.9999999999985024,0.0,0.0,0.0,0.0,1.0,21.0,29.0,21.0,29.0,PF,Fixed-UCB-1sigma-Shield,136,5,0.6,0.6,0.6,0.6,0.6
2,2,1,1,0.0,0.0,0.6677499,0.6677499,0.9999999999985024,0.0,0.0,0.0,0.0,1.0,21.0,29.0,21.0,29.0,PF,Fixed-UCB-1.64sigma-Shield,136,5,0.6,0.6,0.6,0.6,0.6
4,4,1,1,0.0,0.0,0.7526786,0.7526786,0.9999999999986714,0.0,0.0,0.0,0.0,1.0,39.0,11.0,39.0,11.0,Greedy-SLA,Full-CertiTwin-q90,136,5,0.6,0.6,0.6,0.6,0.6
4,4,1,1,0.0,0.0,0.7526786,0.7526786,0.9999999999986714,0.0,0.0,0.0,0.0,1.0,39.0,11.0,39.0,11.0,Greedy-SLA,SLA-Rule-Shield,136,5,0.6,0.6,0.6,0.6,0.6
4,4,1,1,0.0,0.0,0.7526786,0.7526786,0.9999999999986714,0.0,0.0,0.0,0.0,1.0,39.0,11.0,39.0,11.0,Greedy-SLA,Fixed-UCB-1sigma-Shield,136,5,0.6,0.6,0.6,0.6,0.6
4,4,1,1,0.0,0.0,0.7526786,0.7526786,0.9999999999986714,0.0,0.0,0.0,0.0,1.0,39.0,11.0,39.0,11.0,Greedy-SLA,Fixed-UCB-1.64sigma-Shield,136,5,0.6,0.6,0.6,0.6,0.6
0,2,0,1,1.0,0.0,0.76278657,0.6677499,0.875408569397236,1.0,21.0,0.0,0.0,1.0,0.0,29.0,21.0,29.0,DT-Top1,Full-CertiTwin-q90,136,5,0.6,0.6,0.6,0.6,0.6
0,4,0,1,1.0,0.0,0.76278657,0.7526786,0.9867486261576592,1.0,57.0,0.0,0.0,1.0,0.0,29.0,39.0,11.0,DT-Top1,SLA-Rule-Shield,136,5,0.6,0.6,0.6,0.6,0.6
0,2,0,1,1.0,0.0,0.76278657,0.6677499,0.875408569397236,1.0,21.0,0.0,0.0,1.0,0.0,29.0,21.0,29.0,DT-Top1,Fixed-UCB-1sigma-Shield,136,5,0.6,0.6,0.6,0.6,0.6
0,2,0,1,1.0,0.0,0.76278657,0.6677499,0.875408569397236,1.0,21.0,0.0,0.0,1.0,0.0,29.0,21.0,29.0,DT-Top1,Fixed-UCB-1.64sigma-Shield,136,5,0.6,0.6,0.6,0.6,0.6
2,2,1,1,0.0,0.0,0.6677499,0.6677499,0.9999999999985024,0.0,0.0,0.0,0.0,1.0,21.0,29.0,21.0,29.0,PF,Full-CertiTwin-q90,137,5,0.6,0.6,0.6,0.6,0.6
2,2,1,1,0.0,0.0,0.6677499,0.6677499,0.9999999999985024,0.0,0.0,0.0,0.0,1.0,21.0,29.0,21.0,29.0,PF,SLA-Rule-Shield,137,5,0.6,0.6,0.6,0.6,0.6
2,2,1,1,0.0,0.0,0.6677499,0.6677499,0.9999999999985024,0.0,0.0,0.0,0.0,1.0,21.0,29.0,21.0,29.0,PF,Fixed-UCB-1sigma-Shield,137,5,0.6,0.6,0.6,0.6,0.6
2,2,1,1,0.0,0.0,0.6677499,0.6677499,0.9999999999985024,0.0,0.0,0.0,0.0,1.0,21.0,29.0,21.0,29.0,PF,Fixed-UCB-1.64sigma-Shield,137,5,0.6,0.6,0.6,0.6,0.6
4,4,1,1,0.0,0.0,0.74035645,0.74035645,0.9999999999986492,0.0,0.0,0.0,0.0,1.0,39.0,11.0,39.0,11.0,Greedy-SLA,Full-CertiTwin-q90,137,5,0.6,0.6,0.6,0.6,0.6
4,4,1,1,0.0,0.0,0.74035645,0.74035645,0.9999999999986492,0.0,0.0,0.0,0.0,1.0,39.0,11.0,39.0,11.0,Greedy-SLA,SLA-Rule-Shield,137,5,0.6,0.6,0.6,0.6,0.6
4,4,1,1,0.0,0.0,0.74035645,0.74035645,0.9999999999986492,0.0,0.0,0.0,0.0,1.0,39.0,11.0,39.0,11.0,Greedy-SLA,Fixed-UCB-1sigma-Shield,137,5,0.6,0.6,0.6,0.6,0.6
4,4,1,1,0.0,0.0,0.74035645,0.74035645,0.9999999999986492,0.0,0.0,0.0,0.0,1.0,39.0,11.0,39.0,11.0,Greedy-SLA,Fixed-UCB-1.64sigma-Shield,137,5,0.6,0.6,0.6,0.6,0.6
0,2,0,1,1.0,0.0,0.76278657,0.6677499,0.875408569397236,1.0,21.0,0.0,0.0,1.0,0.0,29.0,21.0,29.0,DT-Top1,Full-CertiTwin-q90,137,5,0.6,0.6,0.6,0.6,0.6
0,4,0,1,1.0,0.0,0.76278657,0.74035645,0.9705945006334202,1.0,57.0,0.0,0.0,1.0,0.0,29.0,39.0,11.0,DT-Top1,SLA-Rule-Shield,137,5,0.6,0.6,0.6,0.6,0.6
0,2,0,1,1.0,0.0,0.76278657,0.6677499,0.875408569397236,1.0,21.0,0.0,0.0,1.0,0.0,29.0,21.0,29.0,DT-Top1,Fixed-UCB-1sigma-Shield,137,5,0.6,0.6,0.6,0.6,0.6
0,2,0,1,1.0,0.0,0.76278657,0.6677499,0.875408569397236,1.0,21.0,0.0,0.0,1.0,0.0,29.0,21.0,29.0,DT-Top1,Fixed-UCB-1.64sigma-Shield,137,5,0.6,0.6,0.6,0.6,0.6
2,2,1,1,0.0,0.0,0.6677499,0.6677499,0.9999999999985024,0.0,0.0,0.0,0.0,1.0,21.0,29.0,21.0,29.0,PF,Full-CertiTwin-q90,138,5,0.6,0.6,0.6,0.6,0.6
2,2,1,1,0.0,0.0,0.6677499,0.6677499,0.9999999999985024,0.0,0.0,0.0,0.0,1.0,21.0,29.0,21.0,29.0,PF,SLA-Rule-Shield,138,5,0.6,0.6,0.6,0.6,0.6
2,2,1,1,0.0,0.0,0.6677499,0.6677499,0.9999999999985024,0.0,0.0,0.0,0.0,1.0,21.0,29.0,21.0,29.0,PF,Fixed-UCB-1sigma-Shield,138,5,0.6,0.6,0.6,0.6,0.6
2,2,1,1,0.0,0.0,0.6677499,0.6677499,0.9999999999985024,0.0,0.0,0.0,0.0,1.0,21.0,29.0,21.0,29.0,PF,Fixed-UCB-1.64sigma-Shield,138,5,0.6,0.6,0.6,0.6,0.6
4,4,1,1,0.0,0.0,0.76313806,0.76313806,0.9999999999986896,0.0,0.0,0.0,0.0,1.0,39.0,11.0,39.0,11.0,Greedy-SLA,Full-CertiTwin-q90,138,5,0.6,0.6,0.6,0.6,0.6
4,4,1,1,0.0,0.0,0.76313806,0.76313806,0.9999999999986896,0.0,0.0,0.0,0.0,1.0,39.0,11.0,39.0,11.0,Greedy-SLA,SLA-Rule-Shield,138,5,0.6,0.6,0.6,0.6,0.6
4,4,1,1,0.0,0.0,0.76313806,0.76313806,0.9999999999986896,0.0,0.0,0.0,0.0,1.0,39.0,11.0,39.0,11.0,Greedy-SLA,Fixed-UCB-1sigma-Shield,138,5,0.6,0.6,0.6,0.6,0.6
4,4,1,1,0.0,0.0,0.76313806,0.76313806,0.9999999999986896,0.0,0.0,0.0,0.0,1.0,39.0,11.0,39.0,11.0,Greedy-SLA,Fixed-UCB-1.64sigma-Shield,138,5,0.6,0.6,0.6,0.6,0.6
0,2,0,1,1.0,0.0,0.77741534,0.6677499,0.8589358424534574,1.0,21.0,0.0,0.0,1.0,0.0,29.0,21.0,29.0,DT-Top1,Full-CertiTwin-q90,138,5,0.6,0.6,0.6,0.6,0.6
0,4,0,1,1.0,0.0,0.77741534,0.76313806,0.981634939180668,1.0,57.0,0.0,0.0,1.0,0.0,29.0,39.0,11.0,DT-Top1,SLA-Rule-Shield,138,5,0.6,0.6,0.6,0.6,0.6
0,2,0,1,1.0,0.0,0.77741534,0.6677499,0.8589358424534574,1.0,21.0,0.0,0.0,1.0,0.0,29.0,21.0,29.0,DT-Top1,Fixed-UCB-1sigma-Shield,138,5,0.6,0.6,0.6,0.6,0.6
0,2,0,1,1.0,0.0,0.77741534,0.6677499,0.8589358424534574,1.0,21.0,0.0,0.0,1.0,0.0,29.0,21.0,29.0,DT-Top1,Fixed-UCB-1.64sigma-Shield,138,5,0.6,0.6,0.6,0.6,0.6
2,2,1,1,0.0,0.0,0.6677499,0.6677499,0.9999999999985024,0.0,0.0,0.0,0.0,1.0,21.0,29.0,21.0,29.0,PF,Full-CertiTwin-q90,139,5,0.6,0.6,0.6,0.6,0.6
2,2,1,1,0.0,0.0,0.6677499,0.6677499,0.9999999999985024,0.0,0.0,0.0,0.0,1.0,21.0,29.0,21.0,29.0,PF,SLA-Rule-Shield,139,5,0.6,0.6,0.6,0.6,0.6
2,2,1,1,0.0,0.0,0.6677499,0.6677499,0.9999999999985024,0.0,0.0,0.0,0.0,1.0,21.0,29.0,21.0,29.0,PF,Fixed-UCB-1sigma-Shield,139,5,0.6,0.6,0.6,0.6,0.6
2,2,1,1,0.0,0.0,0.6677499,0.6677499,0.9999999999985024,0.0,0.0,0.0,0.0,1.0,21.0,29.0,21.0,29.0,PF,Fixed-UCB-1.64sigma-Shield,139,5,0.6,0.6,0.6,0.6,0.6
4,4,1,1,0.0,0.0,0.76313806,0.76313806,0.9999999999986896,0.0,0.0,0.0,0.0,1.0,39.0,11.0,39.0,11.0,Greedy-SLA,Full-CertiTwin-q90,139,5,0.6,0.6,0.6,0.6,0.6
4,4,1,1,0.0,0.0,0.76313806,0.76313806,0.9999999999986896,0.0,0.0,0.0,0.0,1.0,39.0,11.0,39.0,11.0,Greedy-SLA,SLA-Rule-Shield,139,5,0.6,0.6,0.6,0.6,0.6
4,4,1,1,0.0,0.0,0.76313806,0.76313806,0.9999999999986896,0.0,0.0,0.0,0.0,1.0,39.0,11.0,39.0,11.0,Greedy-SLA,Fixed-UCB-1sigma-Shield,139,5,0.6,0.6,0.6,0.6,0.6
4,4,1,1,0.0,0.0,0.76313806,0.76313806,0.9999999999986896,0.0,0.0,0.0,0.0,1.0,39.0,11.0,39.0,11.0,Greedy-SLA,Fixed-UCB-1.64sigma-Shield,139,5,0.6,0.6,0.6,0.6,0.6
0,2,0,1,1.0,0.0,0.76278657,0.6677499,0.875408569397236,1.0,21.0,0.0,0.0,1.0,0.0,29.0,21.0,29.0,DT-Top1,Full-CertiTwin-q90,139,5,0.6,0.6,0.6,0.6,0.6
0,4,0,1,1.0,0.0,0.76278657,0.76313806,1.000460797309265,1.0,57.0,0.0,0.0,1.0,0.0,29.0,39.0,11.0,DT-Top1,SLA-Rule-Shield,139,5,0.6,0.6,0.6,0.6,0.6
0,2,0,1,1.0,0.0,0.76278657,0.6677499,0.875408569397236,1.0,21.0,0.0,0.0,1.0,0.0,29.0,21.0,29.0,DT-Top1,Fixed-UCB-1sigma-Shield,139,5,0.6,0.6,0.6,0.6,0.6
0,2,0,1,1.0,0.0,0.76278657,0.6677499,0.875408569397236,1.0,21.0,0.0,0.0,1.0,0.0,29.0,21.0,29.0,DT-Top1,Fixed-UCB-1.64sigma-Shield,139,5,0.6,0.6,0.6,0.6,0.6
2,2,1,1,0.0,0.0,0.6677499,0.6677499,0.9999999999985024,0.0,0.0,0.0,0.0,1.0,21.0,29.0,21.0,29.0,PF,Full-CertiTwin-q90,140,5,0.6,0.6,0.6,0.6,0.6
2,2,1,1,0.0,0.0,0.6677499,0.6677499,0.9999999999985024,0.0,0.0,0.0,0.0,1.0,21.0,29.0,21.0,29.0,PF,SLA-Rule-Shield,140,5,0.6,0.6,0.6,0.6,0.6
2,2,1,1,0.0,0.0,0.6677499,0.6677499,0.9999999999985024,0.0,0.0,0.0,0.0,1.0,21.0,29.0,21.0,29.0,PF,Fixed-UCB-1sigma-Shield,140,5,0.6,0.6,0.6,0.6,0.6
2,2,1,1,0.0,0.0,0.6677499,0.6677499,0.9999999999985024,0.0,0.0,0.0,0.0,1.0,21.0,29.0,21.0,29.0,PF,Fixed-UCB-1.64sigma-Shield,140,5,0.6,0.6,0.6,0.6,0.6
0,2,0,1,1.0,0.0,0.76278657,0.6677499,0.875408569397236,1.0,21.0,0.0,0.0,1.0,0.0,29.0,21.0,29.0,Greedy-SLA,Full-CertiTwin-q90,140,5,0.6,0.6,0.6,0.6,0.6
0,4,0,1,1.0,0.0,0.76278657,0.76313806,1.000460797309265,1.0,57.0,0.0,0.0,1.0,0.0,29.0,39.0,11.0,Greedy-SLA,SLA-Rule-Shield,140,5,0.6,0.6,0.6,0.6,0.6
0,2,0,1,1.0,0.0,0.76278657,0.6677499,0.875408569397236,1.0,21.0,0.0,0.0,1.0,0.0,29.0,21.0,29.0,Greedy-SLA,Fixed-UCB-1sigma-Shield,140,5,0.6,0.6,0.6,0.6,0.6
0,2,0,1,1.0,0.0,0.76278657,0.6677499,0.875408569397236,1.0,21.0,0.0,0.0,1.0,0.0,29.0,21.0,29.0,Greedy-SLA,Fixed-UCB-1.64sigma-Shield,140,5,0.6,0.6,0.6,0.6,0.6
0,2,0,1,1.0,0.0,0.76278657,0.6677499,0.875408569397236,1.0,21.0,0.0,0.0,1.0,0.0,29.0,21.0,29.0,DT-Top1,Full-CertiTwin-q90,140,5,0.6,0.6,0.6,0.6,0.6
0,4,0,1,1.0,0.0,0.76278657,0.76313806,1.000460797309265,1.0,57.0,0.0,0.0,1.0,0.0,29.0,39.0,11.0,DT-Top1,SLA-Rule-Shield,140,5,0.6,0.6,0.6,0.6,0.6
0,2,0,1,1.0,0.0,0.76278657,0.6677499,0.875408569397236,1.0,21.0,0.0,0.0,1.0,0.0,29.0,21.0,29.0,DT-Top1,Fixed-UCB-1sigma-Shield,140,5,0.6,0.6,0.6,0.6,0.6
0,2,0,1,1.0,0.0,0.76278657,0.6677499,0.875408569397236,1.0,21.0,0.0,0.0,1.0,0.0,29.0,21.0,29.0,DT-Top1,Fixed-UCB-1.64sigma-Shield,140,5,0.6,0.6,0.6,0.6,0.6
2,2,1,1,0.0,0.0,0.6677499,0.6677499,0.9999999999985024,0.0,0.0,0.0,0.0,1.0,21.0,29.0,21.0,29.0,PF,Full-CertiTwin-q90,141,5,0.6,0.6,0.6,0.6,0.6
2,2,1,1,0.0,0.0,0.6677499,0.6677499,0.9999999999985024,0.0,0.0,0.0,0.0,1.0,21.0,29.0,21.0,29.0,PF,SLA-Rule-Shield,141,5,0.6,0.6,0.6,0.6,0.6
2,2,1,1,0.0,0.0,0.6677499,0.6677499,0.9999999999985024,0.0,0.0,0.0,0.0,1.0,21.0,29.0,21.0,29.0,PF,Fixed-UCB-1sigma-Shield,141,5,0.6,0.6,0.6,0.6,0.6
2,2,1,1,0.0,0.0,0.6677499,0.6677499,0.9999999999985024,0.0,0.0,0.0,0.0,1.0,21.0,29.0,21.0,29.0,PF,Fixed-UCB-1.64sigma-Shield,141,5,0.6,0.6,0.6,0.6,0.6
4,4,1,1,0.0,0.0,0.76313806,0.76313806,0.9999999999986896,0.0,0.0,0.0,0.0,1.0,39.0,11.0,39.0,11.0,Greedy-SLA,Full-CertiTwin-q90,141,5,0.6,0.6,0.6,0.6,0.6
4,4,1,1,0.0,0.0,0.76313806,0.76313806,0.9999999999986896,0.0,0.0,0.0,0.0,1.0,39.0,11.0,39.0,11.0,Greedy-SLA,SLA-Rule-Shield,141,5,0.6,0.6,0.6,0.6,0.6
4,4,1,1,0.0,0.0,0.76313806,0.76313806,0.9999999999986896,0.0,0.0,0.0,0.0,1.0,39.0,11.0,39.0,11.0,Greedy-SLA,Fixed-UCB-1sigma-Shield,141,5,0.6,0.6,0.6,0.6,0.6
4,4,1,1,0.0,0.0,0.76313806,0.76313806,0.9999999999986896,0.0,0.0,0.0,0.0,1.0,39.0,11.0,39.0,11.0,Greedy-SLA,Fixed-UCB-1.64sigma-Shield,141,5,0.6,0.6,0.6,0.6,0.6
0,2,0,1,1.0,0.0,0.77741534,0.6677499,0.8589358424534574,1.0,21.0,0.0,0.0,1.0,0.0,29.0,21.0,29.0,DT-Top1,Full-CertiTwin-q90,141,5,0.6,0.6,0.6,0.6,0.6
0,4,0,1,1.0,0.0,0.77741534,0.76313806,0.981634939180668,1.0,57.0,0.0,0.0,1.0,0.0,29.0,39.0,11.0,DT-Top1,SLA-Rule-Shield,141,5,0.6,0.6,0.6,0.6,0.6
0,2,0,1,1.0,0.0,0.77741534,0.6677499,0.8589358424534574,1.0,21.0,0.0,0.0,1.0,0.0,29.0,21.0,29.0,DT-Top1,Fixed-UCB-1sigma-Shield,141,5,0.6,0.6,0.6,0.6,0.6
0,2,0,1,1.0,0.0,0.77741534,0.6677499,0.8589358424534574,1.0,21.0,0.0,0.0,1.0,0.0,29.0,21.0,29.0,DT-Top1,Fixed-UCB-1.64sigma-Shield,141,5,0.6,0.6,0.6,0.6,0.6
2,2,1,1,0.0,0.0,0.6677499,0.6677499,0.9999999999985024,0.0,0.0,0.0,0.0,1.0,21.0,29.0,21.0,29.0,PF,Full-CertiTwin-q90,142,5,0.6,0.6,0.6,0.6,0.6
2,2,1,1,0.0,0.0,0.6677499,0.6677499,0.9999999999985024,0.0,0.0,0.0,0.0,1.0,21.0,29.0,21.0,29.0,PF,SLA-Rule-Shield,142,5,0.6,0.6,0.6,0.6,0.6
2,2,1,1,0.0,0.0,0.6677499,0.6677499,0.9999999999985024,0.0,0.0,0.0,0.0,1.0,21.0,29.0,21.0,29.0,PF,Fixed-UCB-1sigma-Shield,142,5,0.6,0.6,0.6,0.6,0.6
2,2,1,1,0.0,0.0,0.6677499,0.6677499,0.9999999999985024,0.0,0.0,0.0,0.0,1.0,21.0,29.0,21.0,29.0,PF,Fixed-UCB-1.64sigma-Shield,142,5,0.6,0.6,0.6,0.6,0.6
4,4,1,1,0.0,0.0,0.76313806,0.76313806,0.9999999999986896,0.0,0.0,0.0,0.0,1.0,39.0,11.0,39.0,11.0,Greedy-SLA,Full-CertiTwin-q90,142,5,0.6,0.6,0.6,0.6,0.6
4,4,1,1,0.0,0.0,0.76313806,0.76313806,0.9999999999986896,0.0,0.0,0.0,0.0,1.0,39.0,11.0,39.0,11.0,Greedy-SLA,SLA-Rule-Shield,142,5,0.6,0.6,0.6,0.6,0.6
4,4,1,1,0.0,0.0,0.76313806,0.76313806,0.9999999999986896,0.0,0.0,0.0,0.0,1.0,39.0,11.0,39.0,11.0,Greedy-SLA,Fixed-UCB-1sigma-Shield,142,5,0.6,0.6,0.6,0.6,0.6
4,4,1,1,0.0,0.0,0.76313806,0.76313806,0.9999999999986896,0.0,0.0,0.0,0.0,1.0,39.0,11.0,39.0,11.0,Greedy-SLA,Fixed-UCB-1.64sigma-Shield,142,5,0.6,0.6,0.6,0.6,0.6
0,2,0,1,1.0,0.0,0.7592471,0.6677499,0.8794895627512053,1.0,21.0,0.0,0.0,1.0,0.0,29.0,21.0,29.0,DT-Top1,Full-CertiTwin-q90,142,5,0.6,0.6,0.6,0.6,0.6
0,4,0,1,1.0,0.0,0.7592471,0.76313806,1.0051247610942404,1.0,57.0,0.0,0.0,1.0,0.0,29.0,39.0,11.0,DT-Top1,SLA-Rule-Shield,142,5,0.6,0.6,0.6,0.6,0.6
0,2,0,1,1.0,0.0,0.7592471,0.6677499,0.8794895627512053,1.0,21.0,0.0,0.0,1.0,0.0,29.0,21.0,29.0,DT-Top1,Fixed-UCB-1sigma-Shield,142,5,0.6,0.6,0.6,0.6,0.6
0,2,0,1,1.0,0.0,0.7592471,0.6677499,0.8794895627512053,1.0,21.0,0.0,0.0,1.0,0.0,29.0,21.0,29.0,DT-Top1,Fixed-UCB-1.64sigma-Shield,142,5,0.6,0.6,0.6,0.6,0.6
2,2,1,1,0.0,0.0,0.6677499,0.6677499,0.9999999999985024,0.0,0.0,0.0,0.0,1.0,21.0,29.0,21.0,29.0,PF,Full-CertiTwin-q90,143,5,0.6,0.6,0.6,0.6,0.6
2,2,1,1,0.0,0.0,0.6677499,0.6677499,0.9999999999985024,0.0,0.0,0.0,0.0,1.0,21.0,29.0,21.0,29.0,PF,SLA-Rule-Shield,143,5,0.6,0.6,0.6,0.6,0.6
2,2,1,1,0.0,0.0,0.6677499,0.6677499,0.9999999999985024,0.0,0.0,0.0,0.0,1.0,21.0,29.0,21.0,29.0,PF,Fixed-UCB-1sigma-Shield,143,5,0.6,0.6,0.6,0.6,0.6
2,2,1,1,0.0,0.0,0.6677499,0.6677499,0.9999999999985024,0.0,0.0,0.0,0.0,1.0,21.0,29.0,21.0,29.0,PF,Fixed-UCB-1.64sigma-Shield,143,5,0.6,0.6,0.6,0.6,0.6
4,4,1,1,0.0,0.0,0.76313806,0.76313806,0.9999999999986896,0.0,0.0,0.0,0.0,1.0,39.0,11.0,39.0,11.0,Greedy-SLA,Full-CertiTwin-q90,143,5,0.6,0.6,0.6,0.6,0.6
4,4,1,1,0.0,0.0,0.76313806,0.76313806,0.9999999999986896,0.0,0.0,0.0,0.0,1.0,39.0,11.0,39.0,11.0,Greedy-SLA,SLA-Rule-Shield,143,5,0.6,0.6,0.6,0.6,0.6
4,4,1,1,0.0,0.0,0.76313806,0.76313806,0.9999999999986896,0.0,0.0,0.0,0.0,1.0,39.0,11.0,39.0,11.0,Greedy-SLA,Fixed-UCB-1sigma-Shield,143,5,0.6,0.6,0.6,0.6,0.6
4,4,1,1,0.0,0.0,0.76313806,0.76313806,0.9999999999986896,0.0,0.0,0.0,0.0,1.0,39.0,11.0,39.0,11.0,Greedy-SLA,Fixed-UCB-1.64sigma-Shield,143,5,0.6,0.6,0.6,0.6,0.6
0,2,0,1,1.0,0.0,0.77741534,0.6677499,0.8589358424534574,1.0,21.0,0.0,0.0,1.0,0.0,29.0,21.0,29.0,DT-Top1,Full-CertiTwin-q90,143,5,0.6,0.6,0.6,0.6,0.6
0,4,0,1,1.0,0.0,0.77741534,0.76313806,0.981634939180668,1.0,57.0,0.0,0.0,1.0,0.0,29.0,39.0,11.0,DT-Top1,SLA-Rule-Shield,143,5,0.6,0.6,0.6,0.6,0.6
0,2,0,1,1.0,0.0,0.77741534,0.6677499,0.8589358424534574,1.0,21.0,0.0,0.0,1.0,0.0,29.0,21.0,29.0,DT-Top1,Fixed-UCB-1sigma-Shield,143,5,0.6,0.6,0.6,0.6,0.6
0,2,0,1,1.0,0.0,0.77741534,0.6677499,0.8589358424534574,1.0,21.0,0.0,0.0,1.0,0.0,29.0,21.0,29.0,DT-Top1,Fixed-UCB-1.64sigma-Shield,143,5,0.6,0.6,0.6,0.6,0.6
2,2,1,1,0.0,0.0,0.6677499,0.6677499,0.9999999999985024,0.0,0.0,0.0,0.0,1.0,21.0,29.0,21.0,29.0,PF,Full-CertiTwin-q90,144,5,0.6,0.6,0.6,0.6,0.6
2,2,1,1,0.0,0.0,0.6677499,0.6677499,0.9999999999985024,0.0,0.0,0.0,0.0,1.0,21.0,29.0,21.0,29.0,PF,SLA-Rule-Shield,144,5,0.6,0.6,0.6,0.6,0.6
2,2,1,1,0.0,0.0,0.6677499,0.6677499,0.9999999999985024,0.0,0.0,0.0,0.0,1.0,21.0,29.0,21.0,29.0,PF,Fixed-UCB-1sigma-Shield,144,5,0.6,0.6,0.6,0.6,0.6
2,2,1,1,0.0,0.0,0.6677499,0.6677499,0.9999999999985024,0.0,0.0,0.0,0.0,1.0,21.0,29.0,21.0,29.0,PF,Fixed-UCB-1.64sigma-Shield,144,5,0.6,0.6,0.6,0.6,0.6
4,4,1,1,0.0,0.0,0.76313806,0.76313806,0.9999999999986896,0.0,0.0,0.0,0.0,1.0,39.0,11.0,39.0,11.0,Greedy-SLA,Full-CertiTwin-q90,144,5,0.6,0.6,0.6,0.6,0.6
4,4,1,1,0.0,0.0,0.76313806,0.76313806,0.9999999999986896,0.0,0.0,0.0,0.0,1.0,39.0,11.0,39.0,11.0,Greedy-SLA,SLA-Rule-Shield,144,5,0.6,0.6,0.6,0.6,0.6
4,4,1,1,0.0,0.0,0.76313806,0.76313806,0.9999999999986896,0.0,0.0,0.0,0.0,1.0,39.0,11.0,39.0,11.0,Greedy-SLA,Fixed-UCB-1sigma-Shield,144,5,0.6,0.6,0.6,0.6,0.6
4,4,1,1,0.0,0.0,0.76313806,0.76313806,0.9999999999986896,0.0,0.0,0.0,0.0,1.0,39.0,11.0,39.0,11.0,Greedy-SLA,Fixed-UCB-1.64sigma-Shield,144,5,0.6,0.6,0.6,0.6,0.6
0,2,0,1,1.0,0.0,0.76278657,0.6677499,0.875408569397236,1.0,21.0,0.0,0.0,1.0,0.0,29.0,21.0,29.0,DT-Top1,Full-CertiTwin-q90,144,5,0.6,0.6,0.6,0.6,0.6
0,4,0,1,1.0,0.0,0.76278657,0.76313806,1.000460797309265,1.0,57.0,0.0,0.0,1.0,0.0,29.0,39.0,11.0,DT-Top1,SLA-Rule-Shield,144,5,0.6,0.6,0.6,0.6,0.6
0,2,0,1,1.0,0.0,0.76278657,0.6677499,0.875408569397236,1.0,21.0,0.0,0.0,1.0,0.0,29.0,21.0,29.0,DT-Top1,Fixed-UCB-1sigma-Shield,144,5,0.6,0.6,0.6,0.6,0.6
0,2,0,1,1.0,0.0,0.76278657,0.6677499,0.875408569397236,1.0,21.0,0.0,0.0,1.0,0.0,29.0,21.0,29.0,DT-Top1,Fixed-UCB-1.64sigma-Shield,144,5,0.6,0.6,0.6,0.6,0.6
2,2,1,1,0.0,0.0,0.6677499,0.6677499,0.9999999999985024,0.0,0.0,0.0,0.0,1.0,21.0,29.0,21.0,29.0,PF,Full-CertiTwin-q90,145,5,0.6,0.6,0.6,0.6,0.6
2,2,1,1,0.0,0.0,0.6677499,0.6677499,0.9999999999985024,0.0,0.0,0.0,0.0,1.0,21.0,29.0,21.0,29.0,PF,SLA-Rule-Shield,145,5,0.6,0.6,0.6,0.6,0.6
2,2,1,1,0.0,0.0,0.6677499,0.6677499,0.9999999999985024,0.0,0.0,0.0,0.0,1.0,21.0,29.0,21.0,29.0,PF,Fixed-UCB-1sigma-Shield,145,5,0.6,0.6,0.6,0.6,0.6
2,2,1,1,0.0,0.0,0.6677499,0.6677499,0.9999999999985024,0.0,0.0,0.0,0.0,1.0,21.0,29.0,21.0,29.0,PF,Fixed-UCB-1.64sigma-Shield,145,5,0.6,0.6,0.6,0.6,0.6
4,4,1,1,0.0,0.0,0.7566483,0.7566483,0.9999999999986784,0.0,0.0,0.0,0.0,1.0,39.0,11.0,39.0,11.0,Greedy-SLA,Full-CertiTwin-q90,145,5,0.6,0.6,0.6,0.6,0.6
4,4,1,1,0.0,0.0,0.7566483,0.7566483,0.9999999999986784,0.0,0.0,0.0,0.0,1.0,39.0,11.0,39.0,11.0,Greedy-SLA,SLA-Rule-Shield,145,5,0.6,0.6,0.6,0.6,0.6
4,4,1,1,0.0,0.0,0.7566483,0.7566483,0.9999999999986784,0.0,0.0,0.0,0.0,1.0,39.0,11.0,39.0,11.0,Greedy-SLA,Fixed-UCB-1sigma-Shield,145,5,0.6,0.6,0.6,0.6,0.6
4,4,1,1,0.0,0.0,0.7566483,0.7566483,0.9999999999986784,0.0,0.0,0.0,0.0,1.0,39.0,11.0,39.0,11.0,Greedy-SLA,Fixed-UCB-1.64sigma-Shield,145,5,0.6,0.6,0.6,0.6,0.6
0,2,0,1,1.0,0.0,0.76278657,0.6677499,0.875408569397236,1.0,21.0,0.0,0.0,1.0,0.0,29.0,21.0,29.0,DT-Top1,Full-CertiTwin-q90,145,5,0.6,0.6,0.6,0.6,0.6
0,4,0,1,1.0,0.0,0.76278657,0.7566483,0.9919528341971308,1.0,57.0,0.0,0.0,1.0,0.0,29.0,39.0,11.0,DT-Top1,SLA-Rule-Shield,145,5,0.6,0.6,0.6,0.6,0.6
0,2,0,1,1.0,0.0,0.76278657,0.6677499,0.875408569397236,1.0,21.0,0.0,0.0,1.0,0.0,29.0,21.0,29.0,DT-Top1,Fixed-UCB-1sigma-Shield,145,5,0.6,0.6,0.6,0.6,0.6
0,2,0,1,1.0,0.0,0.76278657,0.6677499,0.875408569397236,1.0,21.0,0.0,0.0,1.0,0.0,29.0,21.0,29.0,DT-Top1,Fixed-UCB-1.64sigma-Shield,145,5,0.6,0.6,0.6,0.6,0.6
2,2,1,1,0.0,0.0,0.6677499,0.6677499,0.9999999999985024,0.0,0.0,0.0,0.0,1.0,21.0,29.0,21.0,29.0,PF,Full-CertiTwin-q90,146,5,0.6,0.6,0.6,0.6,0.6
2,2,1,1,0.0,0.0,0.6677499,0.6677499,0.9999999999985024,0.0,0.0,0.0,0.0,1.0,21.0,29.0,21.0,29.0,PF,SLA-Rule-Shield,146,5,0.6,0.6,0.6,0.6,0.6
2,2,1,1,0.0,0.0,0.6677499,0.6677499,0.9999999999985024,0.0,0.0,0.0,0.0,1.0,21.0,29.0,21.0,29.0,PF,Fixed-UCB-1sigma-Shield,146,5,0.6,0.6,0.6,0.6,0.6
2,2,1,1,0.0,0.0,0.6677499,0.6677499,0.9999999999985024,0.0,0.0,0.0,0.0,1.0,21.0,29.0,21.0,29.0,PF,Fixed-UCB-1.64sigma-Shield,146,5,0.6,0.6,0.6,0.6,0.6
4,4,1,1,0.0,0.0,0.7526786,0.7526786,0.9999999999986714,0.0,0.0,0.0,0.0,1.0,39.0,11.0,39.0,11.0,Greedy-SLA,Full-CertiTwin-q90,146,5,0.6,0.6,0.6,0.6,0.6
4,4,1,1,0.0,0.0,0.7526786,0.7526786,0.9999999999986714,0.0,0.0,0.0,0.0,1.0,39.0,11.0,39.0,11.0,Greedy-SLA,SLA-Rule-Shield,146,5,0.6,0.6,0.6,0.6,0.6
4,4,1,1,0.0,0.0,0.7526786,0.7526786,0.9999999999986714,0.0,0.0,0.0,0.0,1.0,39.0,11.0,39.0,11.0,Greedy-SLA,Fixed-UCB-1sigma-Shield,146,5,0.6,0.6,0.6,0.6,0.6
4,4,1,1,0.0,0.0,0.7526786,0.7526786,0.9999999999986714,0.0,0.0,0.0,0.0,1.0,39.0,11.0,39.0,11.0,Greedy-SLA,Fixed-UCB-1.64sigma-Shield,146,5,0.6,0.6,0.6,0.6,0.6
0,2,0,1,1.0,0.0,0.76278657,0.6677499,0.875408569397236,1.0,21.0,0.0,0.0,1.0,0.0,29.0,21.0,29.0,DT-Top1,Full-CertiTwin-q90,146,5,0.6,0.6,0.6,0.6,0.6
0,4,0,1,1.0,0.0,0.76278657,0.7526786,0.9867486261576592,1.0,57.0,0.0,0.0,1.0,0.0,29.0,39.0,11.0,DT-Top1,SLA-Rule-Shield,146,5,0.6,0.6,0.6,0.6,0.6
0,2,0,1,1.0,0.0,0.76278657,0.6677499,0.875408569397236,1.0,21.0,0.0,0.0,1.0,0.0,29.0,21.0,29.0,DT-Top1,Fixed-UCB-1sigma-Shield,146,5,0.6,0.6,0.6,0.6,0.6
0,2,0,1,1.0,0.0,0.76278657,0.6677499,0.875408569397236,1.0,21.0,0.0,0.0,1.0,0.0,29.0,21.0,29.0,DT-Top1,Fixed-UCB-1.64sigma-Shield,146,5,0.6,0.6,0.6,0.6,0.6
2,2,1,1,0.0,0.0,0.6677499,0.6677499,0.9999999999985024,0.0,0.0,0.0,0.0,1.0,21.0,29.0,21.0,29.0,PF,Full-CertiTwin-q90,147,5,0.6,0.6,0.6,0.6,0.6
2,2,1,1,0.0,0.0,0.6677499,0.6677499,0.9999999999985024,0.0,0.0,0.0,0.0,1.0,21.0,29.0,21.0,29.0,PF,SLA-Rule-Shield,147,5,0.6,0.6,0.6,0.6,0.6
2,2,1,1,0.0,0.0,0.6677499,0.6677499,0.9999999999985024,0.0,0.0,0.0,0.0,1.0,21.0,29.0,21.0,29.0,PF,Fixed-UCB-1sigma-Shield,147,5,0.6,0.6,0.6,0.6,0.6
2,2,1,1,0.0,0.0,0.6677499,0.6677499,0.9999999999985024,0.0,0.0,0.0,0.0,1.0,21.0,29.0,21.0,29.0,PF,Fixed-UCB-1.64sigma-Shield,147,5,0.6,0.6,0.6,0.6,0.6
4,4,1,1,0.0,0.0,0.76313806,0.76313806,0.9999999999986896,0.0,0.0,0.0,0.0,1.0,39.0,11.0,39.0,11.0,Greedy-SLA,Full-CertiTwin-q90,147,5,0.6,0.6,0.6,0.6,0.6
4,4,1,1,0.0,0.0,0.76313806,0.76313806,0.9999999999986896,0.0,0.0,0.0,0.0,1.0,39.0,11.0,39.0,11.0,Greedy-SLA,SLA-Rule-Shield,147,5,0.6,0.6,0.6,0.6,0.6
4,4,1,1,0.0,0.0,0.76313806,0.76313806,0.9999999999986896,0.0,0.0,0.0,0.0,1.0,39.0,11.0,39.0,11.0,Greedy-SLA,Fixed-UCB-1sigma-Shield,147,5,0.6,0.6,0.6,0.6,0.6
4,4,1,1,0.0,0.0,0.76313806,0.76313806,0.9999999999986896,0.0,0.0,0.0,0.0,1.0,39.0,11.0,39.0,11.0,Greedy-SLA,Fixed-UCB-1.64sigma-Shield,147,5,0.6,0.6,0.6,0.6,0.6
0,2,0,1,1.0,0.0,0.77050835,0.6677499,0.8666355140721491,1.0,21.0,0.0,0.0,1.0,0.0,29.0,21.0,29.0,DT-Top1,Full-CertiTwin-q90,147,5,0.6,0.6,0.6,0.6,0.6
0,4,0,1,1.0,0.0,0.77050835,0.76313806,0.990434509890788,1.0,57.0,0.0,0.0,1.0,0.0,29.0,39.0,11.0,DT-Top1,SLA-Rule-Shield,147,5,0.6,0.6,0.6,0.6,0.6
0,2,0,1,1.0,0.0,0.77050835,0.6677499,0.8666355140721491,1.0,21.0,0.0,0.0,1.0,0.0,29.0,21.0,29.0,DT-Top1,Fixed-UCB-1sigma-Shield,147,5,0.6,0.6,0.6,0.6,0.6
0,2,0,1,1.0,0.0,0.77050835,0.6677499,0.8666355140721491,1.0,21.0,0.0,0.0,1.0,0.0,29.0,21.0,29.0,DT-Top1,Fixed-UCB-1.64sigma-Shield,147,5,0.6,0.6,0.6,0.6,0.6
2,2,1,1,0.0,0.0,0.7186651,0.7186651,0.9999999999986086,0.0,0.0,0.0,0.0,1.0,21.0,29.0,21.0,29.0,PF,Full-CertiTwin-q90,148,5,0.6,0.6,0.6,0.6,0.6
2,2,1,1,0.0,0.0,0.7186651,0.7186651,0.9999999999986086,0.0,0.0,0.0,0.0,1.0,21.0,29.0,21.0,29.0,PF,SLA-Rule-Shield,148,5,0.6,0.6,0.6,0.6,0.6
2,2,1,1,0.0,0.0,0.7186651,0.7186651,0.9999999999986086,0.0,0.0,0.0,0.0,1.0,21.0,29.0,21.0,29.0,PF,Fixed-UCB-1sigma-Shield,148,5,0.6,0.6,0.6,0.6,0.6
2,2,1,1,0.0,0.0,0.7186651,0.7186651,0.9999999999986086,0.0,0.0,0.0,0.0,1.0,21.0,29.0,21.0,29.0,PF,Fixed-UCB-1.64sigma-Shield,148,5,0.6,0.6,0.6,0.6,0.6
0,2,0,1,1.0,0.0,0.76278657,0.7186651,0.942157515960274,1.0,21.0,0.0,0.0,1.0,0.0,29.0,21.0,29.0,Greedy-SLA,Full-CertiTwin-q90,148,5,0.6,0.6,0.6,0.6,0.6
0,4,0,1,1.0,0.0,0.76278657,0.76313806,1.000460797309265,1.0,57.0,0.0,0.0,1.0,0.0,29.0,39.0,11.0,Greedy-SLA,SLA-Rule-Shield,148,5,0.6,0.6,0.6,0.6,0.6
0,2,0,1,1.0,0.0,0.76278657,0.7186651,0.942157515960274,1.0,21.0,0.0,0.0,1.0,0.0,29.0,21.0,29.0,Greedy-SLA,Fixed-UCB-1sigma-Shield,148,5,0.6,0.6,0.6,0.6,0.6
0,2,0,1,1.0,0.0,0.76278657,0.7186651,0.942157515960274,1.0,21.0,0.0,0.0,1.0,0.0,29.0,21.0,29.0,Greedy-SLA,Fixed-UCB-1.64sigma-Shield,148,5,0.6,0.6,0.6,0.6,0.6
0,2,0,1,1.0,0.0,0.76278657,0.7186651,0.942157515960274,1.0,21.0,0.0,0.0,1.0,0.0,29.0,21.0,29.0,DT-Top1,Full-CertiTwin-q90,148,5,0.6,0.6,0.6,0.6,0.6
0,4,0,1,1.0,0.0,0.76278657,0.76313806,1.000460797309265,1.0,57.0,0.0,0.0,1.0,0.0,29.0,39.0,11.0,DT-Top1,SLA-Rule-Shield,148,5,0.6,0.6,0.6,0.6,0.6
0,2,0,1,1.0,0.0,0.76278657,0.7186651,0.942157515960274,1.0,21.0,0.0,0.0,1.0,0.0,29.0,21.0,29.0,DT-Top1,Fixed-UCB-1sigma-Shield,148,5,0.6,0.6,0.6,0.6,0.6
0,2,0,1,1.0,0.0,0.76278657,0.7186651,0.942157515960274,1.0,21.0,0.0,0.0,1.0,0.0,29.0,21.0,29.0,DT-Top1,Fixed-UCB-1.64sigma-Shield,148,5,0.6,0.6,0.6,0.6,0.6
2,2,1,1,0.0,0.0,0.6677499,0.6677499,0.9999999999985024,0.0,0.0,0.0,0.0,1.0,21.0,29.0,21.0,29.0,PF,Full-CertiTwin-q90,149,5,0.6,0.6,0.6,0.6,0.6
2,2,1,1,0.0,0.0,0.6677499,0.6677499,0.9999999999985024,0.0,0.0,0.0,0.0,1.0,21.0,29.0,21.0,29.0,PF,SLA-Rule-Shield,149,5,0.6,0.6,0.6,0.6,0.6
2,2,1,1,0.0,0.0,0.6677499,0.6677499,0.9999999999985024,0.0,0.0,0.0,0.0,1.0,21.0,29.0,21.0,29.0,PF,Fixed-UCB-1sigma-Shield,149,5,0.6,0.6,0.6,0.6,0.6
2,2,1,1,0.0,0.0,0.6677499,0.6677499,0.9999999999985024,0.0,0.0,0.0,0.0,1.0,21.0,29.0,21.0,29.0,PF,Fixed-UCB-1.64sigma-Shield,149,5,0.6,0.6,0.6,0.6,0.6
4,4,1,1,0.0,0.0,0.76313806,0.76313806,0.9999999999986896,0.0,0.0,0.0,0.0,1.0,39.0,11.0,39.0,11.0,Greedy-SLA,Full-CertiTwin-q90,149,5,0.6,0.6,0.6,0.6,0.6
4,4,1,1,0.0,0.0,0.76313806,0.76313806,0.9999999999986896,0.0,0.0,0.0,0.0,1.0,39.0,11.0,39.0,11.0,Greedy-SLA,SLA-Rule-Shield,149,5,0.6,0.6,0.6,0.6,0.6
4,4,1,1,0.0,0.0,0.76313806,0.76313806,0.9999999999986896,0.0,0.0,0.0,0.0,1.0,39.0,11.0,39.0,11.0,Greedy-SLA,Fixed-UCB-1sigma-Shield,149,5,0.6,0.6,0.6,0.6,0.6
4,4,1,1,0.0,0.0,0.76313806,0.76313806,0.9999999999986896,0.0,0.0,0.0,0.0,1.0,39.0,11.0,39.0,11.0,Greedy-SLA,Fixed-UCB-1.64sigma-Shield,149,5,0.6,0.6,0.6,0.6,0.6
0,2,0,1,1.0,0.0,0.7592471,0.6677499,0.8794895627512053,1.0,21.0,0.0,0.0,1.0,0.0,29.0,21.0,29.0,DT-Top1,Full-CertiTwin-q90,149,5,0.6,0.6,0.6,0.6,0.6
0,4,0,1,1.0,0.0,0.7592471,0.76313806,1.0051247610942404,1.0,57.0,0.0,0.0,1.0,0.0,29.0,39.0,11.0,DT-Top1,SLA-Rule-Shield,149,5,0.6,0.6,0.6,0.6,0.6
0,2,0,1,1.0,0.0,0.7592471,0.6677499,0.8794895627512053,1.0,21.0,0.0,0.0,1.0,0.0,29.0,21.0,29.0,DT-Top1,Fixed-UCB-1sigma-Shield,149,5,0.6,0.6,0.6,0.6,0.6
0,2,0,1,1.0,0.0,0.7592471,0.6677499,0.8794895627512053,1.0,21.0,0.0,0.0,1.0,0.0,29.0,21.0,29.0,DT-Top1,Fixed-UCB-1.64sigma-Shield,149,5,0.6,0.6,0.6,0.6,0.6
2,2,1,1,0.0,0.0,0.6682329,0.6682329,0.9999999999985036,0.0,0.0,0.0,0.0,1.0,21.0,29.0,21.0,29.0,PF,Full-CertiTwin-q90,150,5,0.6,0.6,0.6,0.6,0.6
2,2,1,1,0.0,0.0,0.6682329,0.6682329,0.9999999999985036,0.0,0.0,0.0,0.0,1.0,21.0,29.0,21.0,29.0,PF,SLA-Rule-Shield,150,5,0.6,0.6,0.6,0.6,0.6
2,2,1,1,0.0,0.0,0.6682329,0.6682329,0.9999999999985036,0.0,0.0,0.0,0.0,1.0,21.0,29.0,21.0,29.0,PF,Fixed-UCB-1sigma-Shield,150,5,0.6,0.6,0.6,0.6,0.6
2,2,1,1,0.0,0.0,0.6682329,0.6682329,0.9999999999985036,0.0,0.0,0.0,0.0,1.0,21.0,29.0,21.0,29.0,PF,Fixed-UCB-1.64sigma-Shield,150,5,0.6,0.6,0.6,0.6,0.6
4,4,1,1,0.0,0.0,0.76313806,0.76313806,0.9999999999986896,0.0,0.0,0.0,0.0,1.0,39.0,11.0,39.0,11.0,Greedy-SLA,Full-CertiTwin-q90,150,5,0.6,0.6,0.6,0.6,0.6
4,4,1,1,0.0,0.0,0.76313806,0.76313806,0.9999999999986896,0.0,0.0,0.0,0.0,1.0,39.0,11.0,39.0,11.0,Greedy-SLA,SLA-Rule-Shield,150,5,0.6,0.6,0.6,0.6,0.6
4,4,1,1,0.0,0.0,0.76313806,0.76313806,0.9999999999986896,0.0,0.0,0.0,0.0,1.0,39.0,11.0,39.0,11.0,Greedy-SLA,Fixed-UCB-1sigma-Shield,150,5,0.6,0.6,0.6,0.6,0.6
4,4,1,1,0.0,0.0,0.76313806,0.76313806,0.9999999999986896,0.0,0.0,0.0,0.0,1.0,39.0,11.0,39.0,11.0,Greedy-SLA,Fixed-UCB-1.64sigma-Shield,150,5,0.6,0.6,0.6,0.6,0.6
4,4,1,1,0.0,0.0,0.76313806,0.76313806,0.9999999999986896,0.0,0.0,0.0,0.0,1.0,39.0,11.0,39.0,11.0,DT-Top1,Full-CertiTwin-q90,150,5,0.6,0.6,0.6,0.6,0.6
4,4,1,1,0.0,0.0,0.76313806,0.76313806,0.9999999999986896,0.0,0.0,0.0,0.0,1.0,39.0,11.0,39.0,11.0,DT-Top1,SLA-Rule-Shield,150,5,0.6,0.6,0.6,0.6,0.6
4,4,1,1,0.0,0.0,0.76313806,0.76313806,0.9999999999986896,0.0,0.0,0.0,0.0,1.0,39.0,11.0,39.0,11.0,DT-Top1,Fixed-UCB-1sigma-Shield,150,5,0.6,0.6,0.6,0.6,0.6
4,4,1,1,0.0,0.0,0.76313806,0.76313806,0.9999999999986896,0.0,0.0,0.0,0.0,1.0,39.0,11.0,39.0,11.0,DT-Top1,Fixed-UCB-1.64sigma-Shield,150,5,0.6,0.6,0.6,0.6,0.6
2,2,1,1,0.0,0.0,0.6677499,0.6677499,0.9999999999985024,0.0,0.0,0.0,0.0,1.0,21.0,29.0,21.0,29.0,PF,Full-CertiTwin-q90,151,5,0.6,0.6,0.6,0.6,0.6
2,2,1,1,0.0,0.0,0.6677499,0.6677499,0.9999999999985024,0.0,0.0,0.0,0.0,1.0,21.0,29.0,21.0,29.0,PF,SLA-Rule-Shield,151,5,0.6,0.6,0.6,0.6,0.6
2,2,1,1,0.0,0.0,0.6677499,0.6677499,0.9999999999985024,0.0,0.0,0.0,0.0,1.0,21.0,29.0,21.0,29.0,PF,Fixed-UCB-1sigma-Shield,151,5,0.6,0.6,0.6,0.6,0.6
2,2,1,1,0.0,0.0,0.6677499,0.6677499,0.9999999999985024,0.0,0.0,0.0,0.0,1.0,21.0,29.0,21.0,29.0,PF,Fixed-UCB-1.64sigma-Shield,151,5,0.6,0.6,0.6,0.6,0.6
4,4,1,1,0.0,0.0,0.76313806,0.76313806,0.9999999999986896,0.0,0.0,0.0,0.0,1.0,39.0,11.0,39.0,11.0,Greedy-SLA,Full-CertiTwin-q90,151,5,0.6,0.6,0.6,0.6,0.6
4,4,1,1,0.0,0.0,0.76313806,0.76313806,0.9999999999986896,0.0,0.0,0.0,0.0,1.0,39.0,11.0,39.0,11.0,Greedy-SLA,SLA-Rule-Shield,151,5,0.6,0.6,0.6,0.6,0.6
4,4,1,1,0.0,0.0,0.76313806,0.76313806,0.9999999999986896,0.0,0.0,0.0,0.0,1.0,39.0,11.0,39.0,11.0,Greedy-SLA,Fixed-UCB-1sigma-Shield,151,5,0.6,0.6,0.6,0.6,0.6
4,4,1,1,0.0,0.0,0.76313806,0.76313806,0.9999999999986896,0.0,0.0,0.0,0.0,1.0,39.0,11.0,39.0,11.0,Greedy-SLA,Fixed-UCB-1.64sigma-Shield,151,5,0.6,0.6,0.6,0.6,0.6
0,2,0,1,1.0,0.0,0.77050835,0.6677499,0.8666355140721491,1.0,21.0,0.0,0.0,1.0,0.0,29.0,21.0,29.0,DT-Top1,Full-CertiTwin-q90,151,5,0.6,0.6,0.6,0.6,0.6
0,4,0,1,1.0,0.0,0.77050835,0.76313806,0.990434509890788,1.0,57.0,0.0,0.0,1.0,0.0,29.0,39.0,11.0,DT-Top1,SLA-Rule-Shield,151,5,0.6,0.6,0.6,0.6,0.6
0,2,0,1,1.0,0.0,0.77050835,0.6677499,0.8666355140721491,1.0,21.0,0.0,0.0,1.0,0.0,29.0,21.0,29.0,DT-Top1,Fixed-UCB-1sigma-Shield,151,5,0.6,0.6,0.6,0.6,0.6
0,2,0,1,1.0,0.0,0.77050835,0.6677499,0.8666355140721491,1.0,21.0,0.0,0.0,1.0,0.0,29.0,21.0,29.0,DT-Top1,Fixed-UCB-1.64sigma-Shield,151,5,0.6,0.6,0.6,0.6,0.6
2,2,1,1,0.0,0.0,0.6677499,0.6677499,0.9999999999985024,0.0,0.0,0.0,0.0,1.0,21.0,29.0,21.0,29.0,PF,Full-CertiTwin-q90,152,5,0.6,0.6,0.6,0.6,0.6
2,2,1,1,0.0,0.0,0.6677499,0.6677499,0.9999999999985024,0.0,0.0,0.0,0.0,1.0,21.0,29.0,21.0,29.0,PF,SLA-Rule-Shield,152,5,0.6,0.6,0.6,0.6,0.6
2,2,1,1,0.0,0.0,0.6677499,0.6677499,0.9999999999985024,0.0,0.0,0.0,0.0,1.0,21.0,29.0,21.0,29.0,PF,Fixed-UCB-1sigma-Shield,152,5,0.6,0.6,0.6,0.6,0.6
2,2,1,1,0.0,0.0,0.6677499,0.6677499,0.9999999999985024,0.0,0.0,0.0,0.0,1.0,21.0,29.0,21.0,29.0,PF,Fixed-UCB-1.64sigma-Shield,152,5,0.6,0.6,0.6,0.6,0.6
4,4,1,1,0.0,0.0,0.76313806,0.76313806,0.9999999999986896,0.0,0.0,0.0,0.0,1.0,39.0,11.0,39.0,11.0,Greedy-SLA,Full-CertiTwin-q90,152,5,0.6,0.6,0.6,0.6,0.6
4,4,1,1,0.0,0.0,0.76313806,0.76313806,0.9999999999986896,0.0,0.0,0.0,0.0,1.0,39.0,11.0,39.0,11.0,Greedy-SLA,SLA-Rule-Shield,152,5,0.6,0.6,0.6,0.6,0.6
4,4,1,1,0.0,0.0,0.76313806,0.76313806,0.9999999999986896,0.0,0.0,0.0,0.0,1.0,39.0,11.0,39.0,11.0,Greedy-SLA,Fixed-UCB-1sigma-Shield,152,5,0.6,0.6,0.6,0.6,0.6
4,4,1,1,0.0,0.0,0.76313806,0.76313806,0.9999999999986896,0.0,0.0,0.0,0.0,1.0,39.0,11.0,39.0,11.0,Greedy-SLA,Fixed-UCB-1.64sigma-Shield,152,5,0.6,0.6,0.6,0.6,0.6
4,4,1,1,0.0,0.0,0.76313806,0.76313806,0.9999999999986896,0.0,0.0,0.0,0.0,1.0,39.0,11.0,39.0,11.0,DT-Top1,Full-CertiTwin-q90,152,5,0.6,0.6,0.6,0.6,0.6
4,4,1,1,0.0,0.0,0.76313806,0.76313806,0.9999999999986896,0.0,0.0,0.0,0.0,1.0,39.0,11.0,39.0,11.0,DT-Top1,SLA-Rule-Shield,152,5,0.6,0.6,0.6,0.6,0.6
4,4,1,1,0.0,0.0,0.76313806,0.76313806,0.9999999999986896,0.0,0.0,0.0,0.0,1.0,39.0,11.0,39.0,11.0,DT-Top1,Fixed-UCB-1sigma-Shield,152,5,0.6,0.6,0.6,0.6,0.6
4,4,1,1,0.0,0.0,0.76313806,0.76313806,0.9999999999986896,0.0,0.0,0.0,0.0,1.0,39.0,11.0,39.0,11.0,DT-Top1,Fixed-UCB-1.64sigma-Shield,152,5,0.6,0.6,0.6,0.6,0.6
2,2,1,1,0.0,0.0,0.6677499,0.6677499,0.9999999999985024,0.0,0.0,0.0,0.0,1.0,21.0,29.0,21.0,29.0,PF,Full-CertiTwin-q90,153,5,0.6,0.6,0.6,0.6,0.6
2,2,1,1,0.0,0.0,0.6677499,0.6677499,0.9999999999985024,0.0,0.0,0.0,0.0,1.0,21.0,29.0,21.0,29.0,PF,SLA-Rule-Shield,153,5,0.6,0.6,0.6,0.6,0.6
2,2,1,1,0.0,0.0,0.6677499,0.6677499,0.9999999999985024,0.0,0.0,0.0,0.0,1.0,21.0,29.0,21.0,29.0,PF,Fixed-UCB-1sigma-Shield,153,5,0.6,0.6,0.6,0.6,0.6
2,2,1,1,0.0,0.0,0.6677499,0.6677499,0.9999999999985024,0.0,0.0,0.0,0.0,1.0,21.0,29.0,21.0,29.0,PF,Fixed-UCB-1.64sigma-Shield,153,5,0.6,0.6,0.6,0.6,0.6
4,4,1,1,0.0,0.0,0.76313806,0.76313806,0.9999999999986896,0.0,0.0,0.0,0.0,1.0,39.0,11.0,39.0,11.0,Greedy-SLA,Full-CertiTwin-q90,153,5,0.6,0.6,0.6,0.6,0.6
4,4,1,1,0.0,0.0,0.76313806,0.76313806,0.9999999999986896,0.0,0.0,0.0,0.0,1.0,39.0,11.0,39.0,11.0,Greedy-SLA,SLA-Rule-Shield,153,5,0.6,0.6,0.6,0.6,0.6
4,4,1,1,0.0,0.0,0.76313806,0.76313806,0.9999999999986896,0.0,0.0,0.0,0.0,1.0,39.0,11.0,39.0,11.0,Greedy-SLA,Fixed-UCB-1sigma-Shield,153,5,0.6,0.6,0.6,0.6,0.6
4,4,1,1,0.0,0.0,0.76313806,0.76313806,0.9999999999986896,0.0,0.0,0.0,0.0,1.0,39.0,11.0,39.0,11.0,Greedy-SLA,Fixed-UCB-1.64sigma-Shield,153,5,0.6,0.6,0.6,0.6,0.6
4,4,1,1,0.0,0.0,0.76313806,0.76313806,0.9999999999986896,0.0,0.0,0.0,0.0,1.0,39.0,11.0,39.0,11.0,DT-Top1,Full-CertiTwin-q90,153,5,0.6,0.6,0.6,0.6,0.6
4,4,1,1,0.0,0.0,0.76313806,0.76313806,0.9999999999986896,0.0,0.0,0.0,0.0,1.0,39.0,11.0,39.0,11.0,DT-Top1,SLA-Rule-Shield,153,5,0.6,0.6,0.6,0.6,0.6
4,4,1,1,0.0,0.0,0.76313806,0.76313806,0.9999999999986896,0.0,0.0,0.0,0.0,1.0,39.0,11.0,39.0,11.0,DT-Top1,Fixed-UCB-1sigma-Shield,153,5,0.6,0.6,0.6,0.6,0.6
4,4,1,1,0.0,0.0,0.76313806,0.76313806,0.9999999999986896,0.0,0.0,0.0,0.0,1.0,39.0,11.0,39.0,11.0,DT-Top1,Fixed-UCB-1.64sigma-Shield,153,5,0.6,0.6,0.6,0.6,0.6
2,2,1,1,0.0,0.0,0.6682329,0.6682329,0.9999999999985036,0.0,0.0,0.0,0.0,1.0,21.0,29.0,21.0,29.0,PF,Full-CertiTwin-q90,154,5,0.6,0.6,0.6,0.6,0.6
2,2,1,1,0.0,0.0,0.6682329,0.6682329,0.9999999999985036,0.0,0.0,0.0,0.0,1.0,21.0,29.0,21.0,29.0,PF,SLA-Rule-Shield,154,5,0.6,0.6,0.6,0.6,0.6
2,2,1,1,0.0,0.0,0.6682329,0.6682329,0.9999999999985036,0.0,0.0,0.0,0.0,1.0,21.0,29.0,21.0,29.0,PF,Fixed-UCB-1sigma-Shield,154,5,0.6,0.6,0.6,0.6,0.6
2,2,1,1,0.0,0.0,0.6682329,0.6682329,0.9999999999985036,0.0,0.0,0.0,0.0,1.0,21.0,29.0,21.0,29.0,PF,Fixed-UCB-1.64sigma-Shield,154,5,0.6,0.6,0.6,0.6,0.6
4,4,1,1,0.0,0.0,0.76313806,0.76313806,0.9999999999986896,0.0,0.0,0.0,0.0,1.0,39.0,11.0,39.0,11.0,Greedy-SLA,Full-CertiTwin-q90,154,5,0.6,0.6,0.6,0.6,0.6
4,4,1,1,0.0,0.0,0.76313806,0.76313806,0.9999999999986896,0.0,0.0,0.0,0.0,1.0,39.0,11.0,39.0,11.0,Greedy-SLA,SLA-Rule-Shield,154,5,0.6,0.6,0.6,0.6,0.6
4,4,1,1,0.0,0.0,0.76313806,0.76313806,0.9999999999986896,0.0,0.0,0.0,0.0,1.0,39.0,11.0,39.0,11.0,Greedy-SLA,Fixed-UCB-1sigma-Shield,154,5,0.6,0.6,0.6,0.6,0.6
4,4,1,1,0.0,0.0,0.76313806,0.76313806,0.9999999999986896,0.0,0.0,0.0,0.0,1.0,39.0,11.0,39.0,11.0,Greedy-SLA,Fixed-UCB-1.64sigma-Shield,154,5,0.6,0.6,0.6,0.6,0.6
4,4,1,1,0.0,0.0,0.76313806,0.76313806,0.9999999999986896,0.0,0.0,0.0,0.0,1.0,39.0,11.0,39.0,11.0,DT-Top1,Full-CertiTwin-q90,154,5,0.6,0.6,0.6,0.6,0.6
4,4,1,1,0.0,0.0,0.76313806,0.76313806,0.9999999999986896,0.0,0.0,0.0,0.0,1.0,39.0,11.0,39.0,11.0,DT-Top1,SLA-Rule-Shield,154,5,0.6,0.6,0.6,0.6,0.6
4,4,1,1,0.0,0.0,0.76313806,0.76313806,0.9999999999986896,0.0,0.0,0.0,0.0,1.0,39.0,11.0,39.0,11.0,DT-Top1,Fixed-UCB-1sigma-Shield,154,5,0.6,0.6,0.6,0.6,0.6
4,4,1,1,0.0,0.0,0.76313806,0.76313806,0.9999999999986896,0.0,0.0,0.0,0.0,1.0,39.0,11.0,39.0,11.0,DT-Top1,Fixed-UCB-1.64sigma-Shield,154,5,0.6,0.6,0.6,0.6,0.6
2,2,1,1,0.0,0.0,0.6677499,0.6677499,0.9999999999985024,0.0,0.0,0.0,0.0,1.0,21.0,29.0,21.0,29.0,PF,Full-CertiTwin-q90,155,5,0.6,0.6,0.6,0.6,0.6
2,2,1,1,0.0,0.0,0.6677499,0.6677499,0.9999999999985024,0.0,0.0,0.0,0.0,1.0,21.0,29.0,21.0,29.0,PF,SLA-Rule-Shield,155,5,0.6,0.6,0.6,0.6,0.6
2,2,1,1,0.0,0.0,0.6677499,0.6677499,0.9999999999985024,0.0,0.0,0.0,0.0,1.0,21.0,29.0,21.0,29.0,PF,Fixed-UCB-1sigma-Shield,155,5,0.6,0.6,0.6,0.6,0.6
2,2,1,1,0.0,0.0,0.6677499,0.6677499,0.9999999999985024,0.0,0.0,0.0,0.0,1.0,21.0,29.0,21.0,29.0,PF,Fixed-UCB-1.64sigma-Shield,155,5,0.6,0.6,0.6,0.6,0.6
4,4,1,1,0.0,0.0,0.76313806,0.76313806,0.9999999999986896,0.0,0.0,0.0,0.0,1.0,39.0,11.0,39.0,11.0,Greedy-SLA,Full-CertiTwin-q90,155,5,0.6,0.6,0.6,0.6,0.6
4,4,1,1,0.0,0.0,0.76313806,0.76313806,0.9999999999986896,0.0,0.0,0.0,0.0,1.0,39.0,11.0,39.0,11.0,Greedy-SLA,SLA-Rule-Shield,155,5,0.6,0.6,0.6,0.6,0.6
4,4,1,1,0.0,0.0,0.76313806,0.76313806,0.9999999999986896,0.0,0.0,0.0,0.0,1.0,39.0,11.0,39.0,11.0,Greedy-SLA,Fixed-UCB-1sigma-Shield,155,5,0.6,0.6,0.6,0.6,0.6
4,4,1,1,0.0,0.0,0.76313806,0.76313806,0.9999999999986896,0.0,0.0,0.0,0.0,1.0,39.0,11.0,39.0,11.0,Greedy-SLA,Fixed-UCB-1.64sigma-Shield,155,5,0.6,0.6,0.6,0.6,0.6
0,2,0,1,1.0,0.0,0.77741534,0.6677499,0.8589358424534574,1.0,21.0,0.0,0.0,1.0,0.0,29.0,21.0,29.0,DT-Top1,Full-CertiTwin-q90,155,5,0.6,0.6,0.6,0.6,0.6
0,4,0,1,1.0,0.0,0.77741534,0.76313806,0.981634939180668,1.0,57.0,0.0,0.0,1.0,0.0,29.0,39.0,11.0,DT-Top1,SLA-Rule-Shield,155,5,0.6,0.6,0.6,0.6,0.6
0,2,0,1,1.0,0.0,0.77741534,0.6677499,0.8589358424534574,1.0,21.0,0.0,0.0,1.0,0.0,29.0,21.0,29.0,DT-Top1,Fixed-UCB-1sigma-Shield,155,5,0.6,0.6,0.6,0.6,0.6
0,2,0,1,1.0,0.0,0.77741534,0.6677499,0.8589358424534574,1.0,21.0,0.0,0.0,1.0,0.0,29.0,21.0,29.0,DT-Top1,Fixed-UCB-1.64sigma-Shield,155,5,0.6,0.6,0.6,0.6,0.6
2,2,1,1,0.0,0.0,0.6677499,0.6677499,0.9999999999985024,0.0,0.0,0.0,0.0,1.0,21.0,29.0,21.0,29.0,PF,Full-CertiTwin-q90,156,5,0.6,0.6,0.6,0.6,0.6
2,2,1,1,0.0,0.0,0.6677499,0.6677499,0.9999999999985024,0.0,0.0,0.0,0.0,1.0,21.0,29.0,21.0,29.0,PF,SLA-Rule-Shield,156,5,0.6,0.6,0.6,0.6,0.6
2,2,1,1,0.0,0.0,0.6677499,0.6677499,0.9999999999985024,0.0,0.0,0.0,0.0,1.0,21.0,29.0,21.0,29.0,PF,Fixed-UCB-1sigma-Shield,156,5,0.6,0.6,0.6,0.6,0.6
2,2,1,1,0.0,0.0,0.6677499,0.6677499,0.9999999999985024,0.0,0.0,0.0,0.0,1.0,21.0,29.0,21.0,29.0,PF,Fixed-UCB-1.64sigma-Shield,156,5,0.6,0.6,0.6,0.6,0.6
4,4,1,1,0.0,0.0,0.76313806,0.76313806,0.9999999999986896,0.0,0.0,0.0,0.0,1.0,39.0,11.0,39.0,11.0,Greedy-SLA,Full-CertiTwin-q90,156,5,0.6,0.6,0.6,0.6,0.6
4,4,1,1,0.0,0.0,0.76313806,0.76313806,0.9999999999986896,0.0,0.0,0.0,0.0,1.0,39.0,11.0,39.0,11.0,Greedy-SLA,SLA-Rule-Shield,156,5,0.6,0.6,0.6,0.6,0.6
4,4,1,1,0.0,0.0,0.76313806,0.76313806,0.9999999999986896,0.0,0.0,0.0,0.0,1.0,39.0,11.0,39.0,11.0,Greedy-SLA,Fixed-UCB-1sigma-Shield,156,5,0.6,0.6,0.6,0.6,0.6
4,4,1,1,0.0,0.0,0.76313806,0.76313806,0.9999999999986896,0.0,0.0,0.0,0.0,1.0,39.0,11.0,39.0,11.0,Greedy-SLA,Fixed-UCB-1.64sigma-Shield,156,5,0.6,0.6,0.6,0.6,0.6
0,2,0,1,1.0,0.0,0.76278657,0.6677499,0.875408569397236,1.0,21.0,0.0,0.0,1.0,0.0,29.0,21.0,29.0,DT-Top1,Full-CertiTwin-q90,156,5,0.6,0.6,0.6,0.6,0.6
0,4,0,1,1.0,0.0,0.76278657,0.76313806,1.000460797309265,1.0,57.0,0.0,0.0,1.0,0.0,29.0,39.0,11.0,DT-Top1,SLA-Rule-Shield,156,5,0.6,0.6,0.6,0.6,0.6
0,2,0,1,1.0,0.0,0.76278657,0.6677499,0.875408569397236,1.0,21.0,0.0,0.0,1.0,0.0,29.0,21.0,29.0,DT-Top1,Fixed-UCB-1sigma-Shield,156,5,0.6,0.6,0.6,0.6,0.6
0,2,0,1,1.0,0.0,0.76278657,0.6677499,0.875408569397236,1.0,21.0,0.0,0.0,1.0,0.0,29.0,21.0,29.0,DT-Top1,Fixed-UCB-1.64sigma-Shield,156,5,0.6,0.6,0.6,0.6,0.6
2,2,1,1,0.0,0.0,0.6677499,0.6677499,0.9999999999985024,0.0,0.0,0.0,0.0,1.0,21.0,29.0,21.0,29.0,PF,Full-CertiTwin-q90,157,5,0.6,0.6,0.6,0.6,0.6
2,2,1,1,0.0,0.0,0.6677499,0.6677499,0.9999999999985024,0.0,0.0,0.0,0.0,1.0,21.0,29.0,21.0,29.0,PF,SLA-Rule-Shield,157,5,0.6,0.6,0.6,0.6,0.6
2,2,1,1,0.0,0.0,0.6677499,0.6677499,0.9999999999985024,0.0,0.0,0.0,0.0,1.0,21.0,29.0,21.0,29.0,PF,Fixed-UCB-1sigma-Shield,157,5,0.6,0.6,0.6,0.6,0.6
2,2,1,1,0.0,0.0,0.6677499,0.6677499,0.9999999999985024,0.0,0.0,0.0,0.0,1.0,21.0,29.0,21.0,29.0,PF,Fixed-UCB-1.64sigma-Shield,157,5,0.6,0.6,0.6,0.6,0.6
0,2,0,1,1.0,0.0,0.76278657,0.6677499,0.875408569397236,1.0,21.0,0.0,0.0,1.0,0.0,29.0,21.0,29.0,Greedy-SLA,Full-CertiTwin-q90,157,5,0.6,0.6,0.6,0.6,0.6
0,4,0,1,1.0,0.0,0.76278657,0.76313806,1.000460797309265,1.0,57.0,0.0,0.0,1.0,0.0,29.0,39.0,11.0,Greedy-SLA,SLA-Rule-Shield,157,5,0.6,0.6,0.6,0.6,0.6
0,2,0,1,1.0,0.0,0.76278657,0.6677499,0.875408569397236,1.0,21.0,0.0,0.0,1.0,0.0,29.0,21.0,29.0,Greedy-SLA,Fixed-UCB-1sigma-Shield,157,5,0.6,0.6,0.6,0.6,0.6
0,2,0,1,1.0,0.0,0.76278657,0.6677499,0.875408569397236,1.0,21.0,0.0,0.0,1.0,0.0,29.0,21.0,29.0,Greedy-SLA,Fixed-UCB-1.64sigma-Shield,157,5,0.6,0.6,0.6,0.6,0.6
0,2,0,1,1.0,0.0,0.76278657,0.6677499,0.875408569397236,1.0,21.0,0.0,0.0,1.0,0.0,29.0,21.0,29.0,DT-Top1,Full-CertiTwin-q90,157,5,0.6,0.6,0.6,0.6,0.6
0,4,0,1,1.0,0.0,0.76278657,0.76313806,1.000460797309265,1.0,57.0,0.0,0.0,1.0,0.0,29.0,39.0,11.0,DT-Top1,SLA-Rule-Shield,157,5,0.6,0.6,0.6,0.6,0.6
0,2,0,1,1.0,0.0,0.76278657,0.6677499,0.875408569397236,1.0,21.0,0.0,0.0,1.0,0.0,29.0,21.0,29.0,DT-Top1,Fixed-UCB-1sigma-Shield,157,5,0.6,0.6,0.6,0.6,0.6
0,2,0,1,1.0,0.0,0.76278657,0.6677499,0.875408569397236,1.0,21.0,0.0,0.0,1.0,0.0,29.0,21.0,29.0,DT-Top1,Fixed-UCB-1.64sigma-Shield,157,5,0.6,0.6,0.6,0.6,0.6
2,2,1,1,0.0,0.0,0.6677499,0.6677499,0.9999999999985024,0.0,0.0,0.0,0.0,1.0,21.0,29.0,21.0,29.0,PF,Full-CertiTwin-q90,158,5,0.6,0.6,0.6,0.6,0.6
2,2,1,1,0.0,0.0,0.6677499,0.6677499,0.9999999999985024,0.0,0.0,0.0,0.0,1.0,21.0,29.0,21.0,29.0,PF,SLA-Rule-Shield,158,5,0.6,0.6,0.6,0.6,0.6
2,2,1,1,0.0,0.0,0.6677499,0.6677499,0.9999999999985024,0.0,0.0,0.0,0.0,1.0,21.0,29.0,21.0,29.0,PF,Fixed-UCB-1sigma-Shield,158,5,0.6,0.6,0.6,0.6,0.6
2,2,1,1,0.0,0.0,0.6677499,0.6677499,0.9999999999985024,0.0,0.0,0.0,0.0,1.0,21.0,29.0,21.0,29.0,PF,Fixed-UCB-1.64sigma-Shield,158,5,0.6,0.6,0.6,0.6,0.6
4,4,1,1,0.0,0.0,0.75664926,0.75664926,0.9999999999986784,0.0,0.0,0.0,0.0,1.0,39.0,11.0,39.0,11.0,Greedy-SLA,Full-CertiTwin-q90,158,5,0.6,0.6,0.6,0.6,0.6
4,4,1,1,0.0,0.0,0.75664926,0.75664926,0.9999999999986784,0.0,0.0,0.0,0.0,1.0,39.0,11.0,39.0,11.0,Greedy-SLA,SLA-Rule-Shield,158,5,0.6,0.6,0.6,0.6,0.6
4,4,1,1,0.0,0.0,0.75664926,0.75664926,0.9999999999986784,0.0,0.0,0.0,0.0,1.0,39.0,11.0,39.0,11.0,Greedy-SLA,Fixed-UCB-1sigma-Shield,158,5,0.6,0.6,0.6,0.6,0.6
4,4,1,1,0.0,0.0,0.75664926,0.75664926,0.9999999999986784,0.0,0.0,0.0,0.0,1.0,39.0,11.0,39.0,11.0,Greedy-SLA,Fixed-UCB-1.64sigma-Shield,158,5,0.6,0.6,0.6,0.6,0.6
0,2,0,1,1.0,0.0,0.76278657,0.6677499,0.875408569397236,1.0,21.0,0.0,0.0,1.0,0.0,29.0,21.0,29.0,DT-Top1,Full-CertiTwin-q90,158,5,0.6,0.6,0.6,0.6,0.6
0,4,0,1,1.0,0.0,0.76278657,0.75664926,0.9919540927405264,1.0,57.0,0.0,0.0,1.0,0.0,29.0,39.0,11.0,DT-Top1,SLA-Rule-Shield,158,5,0.6,0.6,0.6,0.6,0.6
0,2,0,1,1.0,0.0,0.76278657,0.6677499,0.875408569397236,1.0,21.0,0.0,0.0,1.0,0.0,29.0,21.0,29.0,DT-Top1,Fixed-UCB-1sigma-Shield,158,5,0.6,0.6,0.6,0.6,0.6
0,2,0,1,1.0,0.0,0.76278657,0.6677499,0.875408569397236,1.0,21.0,0.0,0.0,1.0,0.0,29.0,21.0,29.0,DT-Top1,Fixed-UCB-1.64sigma-Shield,158,5,0.6,0.6,0.6,0.6,0.6
2,2,1,1,0.0,0.0,0.6682329,0.6682329,0.9999999999985036,0.0,0.0,0.0,0.0,1.0,21.0,29.0,21.0,29.0,PF,Full-CertiTwin-q90,159,5,0.6,0.6,0.6,0.6,0.6
2,2,1,1,0.0,0.0,0.6682329,0.6682329,0.9999999999985036,0.0,0.0,0.0,0.0,1.0,21.0,29.0,21.0,29.0,PF,SLA-Rule-Shield,159,5,0.6,0.6,0.6,0.6,0.6
2,2,1,1,0.0,0.0,0.6682329,0.6682329,0.9999999999985036,0.0,0.0,0.0,0.0,1.0,21.0,29.0,21.0,29.0,PF,Fixed-UCB-1sigma-Shield,159,5,0.6,0.6,0.6,0.6,0.6
2,2,1,1,0.0,0.0,0.6682329,0.6682329,0.9999999999985036,0.0,0.0,0.0,0.0,1.0,21.0,29.0,21.0,29.0,PF,Fixed-UCB-1.64sigma-Shield,159,5,0.6,0.6,0.6,0.6,0.6
4,4,1,1,0.0,0.0,0.76313806,0.76313806,0.9999999999986896,0.0,0.0,0.0,0.0,1.0,39.0,11.0,39.0,11.0,Greedy-SLA,Full-CertiTwin-q90,159,5,0.6,0.6,0.6,0.6,0.6
4,4,1,1,0.0,0.0,0.76313806,0.76313806,0.9999999999986896,0.0,0.0,0.0,0.0,1.0,39.0,11.0,39.0,11.0,Greedy-SLA,SLA-Rule-Shield,159,5,0.6,0.6,0.6,0.6,0.6
4,4,1,1,0.0,0.0,0.76313806,0.76313806,0.9999999999986896,0.0,0.0,0.0,0.0,1.0,39.0,11.0,39.0,11.0,Greedy-SLA,Fixed-UCB-1sigma-Shield,159,5,0.6,0.6,0.6,0.6,0.6
4,4,1,1,0.0,0.0,0.76313806,0.76313806,0.9999999999986896,0.0,0.0,0.0,0.0,1.0,39.0,11.0,39.0,11.0,Greedy-SLA,Fixed-UCB-1.64sigma-Shield,159,5,0.6,0.6,0.6,0.6,0.6
0,2,0,1,1.0,0.0,0.76278657,0.6682329,0.8760417740431953,1.0,21.0,0.0,0.0,1.0,0.0,29.0,21.0,29.0,DT-Top1,Full-CertiTwin-q90,159,5,0.6,0.6,0.6,0.6,0.6
0,4,0,1,1.0,0.0,0.76278657,0.76313806,1.000460797309265,1.0,57.0,0.0,0.0,1.0,0.0,29.0,39.0,11.0,DT-Top1,SLA-Rule-Shield,159,5,0.6,0.6,0.6,0.6,0.6
0,2,0,1,1.0,0.0,0.76278657,0.6682329,0.8760417740431953,1.0,21.0,0.0,0.0,1.0,0.0,29.0,21.0,29.0,DT-Top1,Fixed-UCB-1sigma-Shield,159,5,0.6,0.6,0.6,0.6,0.6
0,2,0,1,1.0,0.0,0.76278657,0.6682329,0.8760417740431953,1.0,21.0,0.0,0.0,1.0,0.0,29.0,21.0,29.0,DT-Top1,Fixed-UCB-1.64sigma-Shield,159,5,0.6,0.6,0.6,0.6,0.6
2,2,1,1,0.0,0.0,0.6677499,0.6677499,0.9999999999985024,0.0,0.0,0.0,0.0,1.0,21.0,29.0,21.0,29.0,PF,Full-CertiTwin-q90,160,5,0.6,0.6,0.6,0.6,0.6
2,2,1,1,0.0,0.0,0.6677499,0.6677499,0.9999999999985024,0.0,0.0,0.0,0.0,1.0,21.0,29.0,21.0,29.0,PF,SLA-Rule-Shield,160,5,0.6,0.6,0.6,0.6,0.6
2,2,1,1,0.0,0.0,0.6677499,0.6677499,0.9999999999985024,0.0,0.0,0.0,0.0,1.0,21.0,29.0,21.0,29.0,PF,Fixed-UCB-1sigma-Shield,160,5,0.6,0.6,0.6,0.6,0.6
2,2,1,1,0.0,0.0,0.6677499,0.6677499,0.9999999999985024,0.0,0.0,0.0,0.0,1.0,21.0,29.0,21.0,29.0,PF,Fixed-UCB-1.64sigma-Shield,160,5,0.6,0.6,0.6,0.6,0.6
4,4,1,1,0.0,0.0,0.76313806,0.76313806,0.9999999999986896,0.0,0.0,0.0,0.0,1.0,39.0,11.0,39.0,11.0,Greedy-SLA,Full-CertiTwin-q90,160,5,0.6,0.6,0.6,0.6,0.6
4,4,1,1,0.0,0.0,0.76313806,0.76313806,0.9999999999986896,0.0,0.0,0.0,0.0,1.0,39.0,11.0,39.0,11.0,Greedy-SLA,SLA-Rule-Shield,160,5,0.6,0.6,0.6,0.6,0.6
4,4,1,1,0.0,0.0,0.76313806,0.76313806,0.9999999999986896,0.0,0.0,0.0,0.0,1.0,39.0,11.0,39.0,11.0,Greedy-SLA,Fixed-UCB-1sigma-Shield,160,5,0.6,0.6,0.6,0.6,0.6
4,4,1,1,0.0,0.0,0.76313806,0.76313806,0.9999999999986896,0.0,0.0,0.0,0.0,1.0,39.0,11.0,39.0,11.0,Greedy-SLA,Fixed-UCB-1.64sigma-Shield,160,5,0.6,0.6,0.6,0.6,0.6
0,2,0,1,1.0,0.0,0.76278657,0.6677499,0.875408569397236,1.0,21.0,0.0,0.0,1.0,0.0,29.0,21.0,29.0,DT-Top1,Full-CertiTwin-q90,160,5,0.6,0.6,0.6,0.6,0.6
0,4,0,1,1.0,0.0,0.76278657,0.76313806,1.000460797309265,1.0,57.0,0.0,0.0,1.0,0.0,29.0,39.0,11.0,DT-Top1,SLA-Rule-Shield,160,5,0.6,0.6,0.6,0.6,0.6
0,2,0,1,1.0,0.0,0.76278657,0.6677499,0.875408569397236,1.0,21.0,0.0,0.0,1.0,0.0,29.0,21.0,29.0,DT-Top1,Fixed-UCB-1sigma-Shield,160,5,0.6,0.6,0.6,0.6,0.6
0,2,0,1,1.0,0.0,0.76278657,0.6677499,0.875408569397236,1.0,21.0,0.0,0.0,1.0,0.0,29.0,21.0,29.0,DT-Top1,Fixed-UCB-1.64sigma-Shield,160,5,0.6,0.6,0.6,0.6,0.6
2,2,1,1,0.0,0.0,0.6677499,0.6677499,0.9999999999985024,0.0,0.0,0.0,0.0,1.0,21.0,29.0,21.0,29.0,PF,Full-CertiTwin-q90,161,5,0.6,0.6,0.6,0.6,0.6
2,2,1,1,0.0,0.0,0.6677499,0.6677499,0.9999999999985024,0.0,0.0,0.0,0.0,1.0,21.0,29.0,21.0,29.0,PF,SLA-Rule-Shield,161,5,0.6,0.6,0.6,0.6,0.6
2,2,1,1,0.0,0.0,0.6677499,0.6677499,0.9999999999985024,0.0,0.0,0.0,0.0,1.0,21.0,29.0,21.0,29.0,PF,Fixed-UCB-1sigma-Shield,161,5,0.6,0.6,0.6,0.6,0.6
2,2,1,1,0.0,0.0,0.6677499,0.6677499,0.9999999999985024,0.0,0.0,0.0,0.0,1.0,21.0,29.0,21.0,29.0,PF,Fixed-UCB-1.64sigma-Shield,161,5,0.6,0.6,0.6,0.6,0.6
0,2,0,1,1.0,0.0,0.76278657,0.6677499,0.875408569397236,1.0,21.0,0.0,0.0,1.0,0.0,29.0,21.0,29.0,Greedy-SLA,Full-CertiTwin-q90,161,5,0.6,0.6,0.6,0.6,0.6
0,4,0,1,1.0,0.0,0.76278657,0.76313806,1.000460797309265,1.0,57.0,0.0,0.0,1.0,0.0,29.0,39.0,11.0,Greedy-SLA,SLA-Rule-Shield,161,5,0.6,0.6,0.6,0.6,0.6
0,2,0,1,1.0,0.0,0.76278657,0.6677499,0.875408569397236,1.0,21.0,0.0,0.0,1.0,0.0,29.0,21.0,29.0,Greedy-SLA,Fixed-UCB-1sigma-Shield,161,5,0.6,0.6,0.6,0.6,0.6
0,2,0,1,1.0,0.0,0.76278657,0.6677499,0.875408569397236,1.0,21.0,0.0,0.0,1.0,0.0,29.0,21.0,29.0,Greedy-SLA,Fixed-UCB-1.64sigma-Shield,161,5,0.6,0.6,0.6,0.6,0.6
0,2,0,1,1.0,0.0,0.76278657,0.6677499,0.875408569397236,1.0,21.0,0.0,0.0,1.0,0.0,29.0,21.0,29.0,DT-Top1,Full-CertiTwin-q90,161,5,0.6,0.6,0.6,0.6,0.6
0,4,0,1,1.0,0.0,0.76278657,0.76313806,1.000460797309265,1.0,57.0,0.0,0.0,1.0,0.0,29.0,39.0,11.0,DT-Top1,SLA-Rule-Shield,161,5,0.6,0.6,0.6,0.6,0.6
0,2,0,1,1.0,0.0,0.76278657,0.6677499,0.875408569397236,1.0,21.0,0.0,0.0,1.0,0.0,29.0,21.0,29.0,DT-Top1,Fixed-UCB-1sigma-Shield,161,5,0.6,0.6,0.6,0.6,0.6
0,2,0,1,1.0,0.0,0.76278657,0.6677499,0.875408569397236,1.0,21.0,0.0,0.0,1.0,0.0,29.0,21.0,29.0,DT-Top1,Fixed-UCB-1.64sigma-Shield,161,5,0.6,0.6,0.6,0.6,0.6
2,2,1,1,0.0,0.0,0.6374081,0.6374081,0.9999999999984313,0.0,0.0,0.0,0.0,1.0,21.0,29.0,21.0,29.0,PF,Full-CertiTwin-q90,162,5,0.6,0.6,0.6,0.6,0.6
2,2,1,1,0.0,0.0,0.6374081,0.6374081,0.9999999999984313,0.0,0.0,0.0,0.0,1.0,21.0,29.0,21.0,29.0,PF,SLA-Rule-Shield,162,5,0.6,0.6,0.6,0.6,0.6
2,2,1,1,0.0,0.0,0.6374081,0.6374081,0.9999999999984313,0.0,0.0,0.0,0.0,1.0,21.0,29.0,21.0,29.0,PF,Fixed-UCB-1sigma-Shield,162,5,0.6,0.6,0.6,0.6,0.6
2,2,1,1,0.0,0.0,0.6374081,0.6374081,0.9999999999984313,0.0,0.0,0.0,0.0,1.0,21.0,29.0,21.0,29.0,PF,Fixed-UCB-1.64sigma-Shield,162,5,0.6,0.6,0.6,0.6,0.6
4,4,1,1,0.0,0.0,0.76313806,0.76313806,0.9999999999986896,0.0,0.0,0.0,0.0,1.0,39.0,11.0,39.0,11.0,Greedy-SLA,Full-CertiTwin-q90,162,5,0.6,0.6,0.6,0.6,0.6
4,4,1,1,0.0,0.0,0.76313806,0.76313806,0.9999999999986896,0.0,0.0,0.0,0.0,1.0,39.0,11.0,39.0,11.0,Greedy-SLA,SLA-Rule-Shield,162,5,0.6,0.6,0.6,0.6,0.6
4,4,1,1,0.0,0.0,0.76313806,0.76313806,0.9999999999986896,0.0,0.0,0.0,0.0,1.0,39.0,11.0,39.0,11.0,Greedy-SLA,Fixed-UCB-1sigma-Shield,162,5,0.6,0.6,0.6,0.6,0.6
4,4,1,1,0.0,0.0,0.76313806,0.76313806,0.9999999999986896,0.0,0.0,0.0,0.0,1.0,39.0,11.0,39.0,11.0,Greedy-SLA,Fixed-UCB-1.64sigma-Shield,162,5,0.6,0.6,0.6,0.6,0.6
0,2,0,1,1.0,0.0,0.76278657,0.6374081,0.8356309943935751,1.0,21.0,0.0,0.0,1.0,0.0,29.0,21.0,29.0,DT-Top1,Full-CertiTwin-q90,162,5,0.6,0.6,0.6,0.6,0.6
0,4,0,1,1.0,0.0,0.76278657,0.76313806,1.000460797309265,1.0,57.0,0.0,0.0,1.0,0.0,29.0,39.0,11.0,DT-Top1,SLA-Rule-Shield,162,5,0.6,0.6,0.6,0.6,0.6
0,2,0,1,1.0,0.0,0.76278657,0.6374081,0.8356309943935751,1.0,21.0,0.0,0.0,1.0,0.0,29.0,21.0,29.0,DT-Top1,Fixed-UCB-1sigma-Shield,162,5,0.6,0.6,0.6,0.6,0.6
0,2,0,1,1.0,0.0,0.76278657,0.6374081,0.8356309943935751,1.0,21.0,0.0,0.0,1.0,0.0,29.0,21.0,29.0,DT-Top1,Fixed-UCB-1.64sigma-Shield,162,5,0.6,0.6,0.6,0.6,0.6
2,2,1,1,0.0,0.0,0.6677499,0.6677499,0.9999999999985024,0.0,0.0,0.0,0.0,1.0,21.0,29.0,21.0,29.0,PF,Full-CertiTwin-q90,163,5,0.6,0.6,0.6,0.6,0.6
2,2,1,1,0.0,0.0,0.6677499,0.6677499,0.9999999999985024,0.0,0.0,0.0,0.0,1.0,21.0,29.0,21.0,29.0,PF,SLA-Rule-Shield,163,5,0.6,0.6,0.6,0.6,0.6
2,2,1,1,0.0,0.0,0.6677499,0.6677499,0.9999999999985024,0.0,0.0,0.0,0.0,1.0,21.0,29.0,21.0,29.0,PF,Fixed-UCB-1sigma-Shield,163,5,0.6,0.6,0.6,0.6,0.6
2,2,1,1,0.0,0.0,0.6677499,0.6677499,0.9999999999985024,0.0,0.0,0.0,0.0,1.0,21.0,29.0,21.0,29.0,PF,Fixed-UCB-1.64sigma-Shield,163,5,0.6,0.6,0.6,0.6,0.6
4,4,1,1,0.0,0.0,0.76313806,0.76313806,0.9999999999986896,0.0,0.0,0.0,0.0,1.0,39.0,11.0,39.0,11.0,Greedy-SLA,Full-CertiTwin-q90,163,5,0.6,0.6,0.6,0.6,0.6
4,4,1,1,0.0,0.0,0.76313806,0.76313806,0.9999999999986896,0.0,0.0,0.0,0.0,1.0,39.0,11.0,39.0,11.0,Greedy-SLA,SLA-Rule-Shield,163,5,0.6,0.6,0.6,0.6,0.6
4,4,1,1,0.0,0.0,0.76313806,0.76313806,0.9999999999986896,0.0,0.0,0.0,0.0,1.0,39.0,11.0,39.0,11.0,Greedy-SLA,Fixed-UCB-1sigma-Shield,163,5,0.6,0.6,0.6,0.6,0.6
4,4,1,1,0.0,0.0,0.76313806,0.76313806,0.9999999999986896,0.0,0.0,0.0,0.0,1.0,39.0,11.0,39.0,11.0,Greedy-SLA,Fixed-UCB-1.64sigma-Shield,163,5,0.6,0.6,0.6,0.6,0.6
4,4,1,1,0.0,0.0,0.76313806,0.76313806,0.9999999999986896,0.0,0.0,0.0,0.0,1.0,39.0,11.0,39.0,11.0,DT-Top1,Full-CertiTwin-q90,163,5,0.6,0.6,0.6,0.6,0.6
4,4,1,1,0.0,0.0,0.76313806,0.76313806,0.9999999999986896,0.0,0.0,0.0,0.0,1.0,39.0,11.0,39.0,11.0,DT-Top1,SLA-Rule-Shield,163,5,0.6,0.6,0.6,0.6,0.6
4,4,1,1,0.0,0.0,0.76313806,0.76313806,0.9999999999986896,0.0,0.0,0.0,0.0,1.0,39.0,11.0,39.0,11.0,DT-Top1,Fixed-UCB-1sigma-Shield,163,5,0.6,0.6,0.6,0.6,0.6
4,4,1,1,0.0,0.0,0.76313806,0.76313806,0.9999999999986896,0.0,0.0,0.0,0.0,1.0,39.0,11.0,39.0,11.0,DT-Top1,Fixed-UCB-1.64sigma-Shield,163,5,0.6,0.6,0.6,0.6,0.6
2,2,1,1,0.0,0.0,0.6677499,0.6677499,0.9999999999985024,0.0,0.0,0.0,0.0,1.0,21.0,29.0,21.0,29.0,PF,Full-CertiTwin-q90,164,5,0.6,0.6,0.6,0.6,0.6
2,2,1,1,0.0,0.0,0.6677499,0.6677499,0.9999999999985024,0.0,0.0,0.0,0.0,1.0,21.0,29.0,21.0,29.0,PF,SLA-Rule-Shield,164,5,0.6,0.6,0.6,0.6,0.6
2,2,1,1,0.0,0.0,0.6677499,0.6677499,0.9999999999985024,0.0,0.0,0.0,0.0,1.0,21.0,29.0,21.0,29.0,PF,Fixed-UCB-1sigma-Shield,164,5,0.6,0.6,0.6,0.6,0.6
2,2,1,1,0.0,0.0,0.6677499,0.6677499,0.9999999999985024,0.0,0.0,0.0,0.0,1.0,21.0,29.0,21.0,29.0,PF,Fixed-UCB-1.64sigma-Shield,164,5,0.6,0.6,0.6,0.6,0.6
4,4,1,1,0.0,0.0,0.7777951,0.7777951,0.9999999999987144,0.0,0.0,0.0,0.0,1.0,39.0,11.0,39.0,11.0,Greedy-SLA,Full-CertiTwin-q90,164,5,0.6,0.6,0.6,0.6,0.6
4,4,1,1,0.0,0.0,0.7777951,0.7777951,0.9999999999987144,0.0,0.0,0.0,0.0,1.0,39.0,11.0,39.0,11.0,Greedy-SLA,SLA-Rule-Shield,164,5,0.6,0.6,0.6,0.6,0.6
4,4,1,1,0.0,0.0,0.7777951,0.7777951,0.9999999999987144,0.0,0.0,0.0,0.0,1.0,39.0,11.0,39.0,11.0,Greedy-SLA,Fixed-UCB-1sigma-Shield,164,5,0.6,0.6,0.6,0.6,0.6
4,4,1,1,0.0,0.0,0.7777951,0.7777951,0.9999999999987144,0.0,0.0,0.0,0.0,1.0,39.0,11.0,39.0,11.0,Greedy-SLA,Fixed-UCB-1.64sigma-Shield,164,5,0.6,0.6,0.6,0.6,0.6
0,2,0,1,1.0,0.0,0.76278657,0.6677499,0.875408569397236,1.0,21.0,0.0,0.0,1.0,0.0,29.0,21.0,29.0,DT-Top1,Full-CertiTwin-q90,164,5,0.6,0.6,0.6,0.6,0.6
0,4,0,1,1.0,0.0,0.76278657,0.7777951,1.0196759232388952,1.0,57.0,0.0,0.0,1.0,0.0,29.0,39.0,11.0,DT-Top1,SLA-Rule-Shield,164,5,0.6,0.6,0.6,0.6,0.6
0,2,0,1,1.0,0.0,0.76278657,0.6677499,0.875408569397236,1.0,21.0,0.0,0.0,1.0,0.0,29.0,21.0,29.0,DT-Top1,Fixed-UCB-1sigma-Shield,164,5,0.6,0.6,0.6,0.6,0.6
0,2,0,1,1.0,0.0,0.76278657,0.6677499,0.875408569397236,1.0,21.0,0.0,0.0,1.0,0.0,29.0,21.0,29.0,DT-Top1,Fixed-UCB-1.64sigma-Shield,164,5,0.6,0.6,0.6,0.6,0.6
2,2,1,1,0.0,0.0,0.6677499,0.6677499,0.9999999999985024,0.0,0.0,0.0,0.0,1.0,21.0,29.0,21.0,29.0,PF,Full-CertiTwin-q90,165,5,0.6,0.6,0.6,0.6,0.6
2,2,1,1,0.0,0.0,0.6677499,0.6677499,0.9999999999985024,0.0,0.0,0.0,0.0,1.0,21.0,29.0,21.0,29.0,PF,SLA-Rule-Shield,165,5,0.6,0.6,0.6,0.6,0.6
2,2,1,1,0.0,0.0,0.6677499,0.6677499,0.9999999999985024,0.0,0.0,0.0,0.0,1.0,21.0,29.0,21.0,29.0,PF,Fixed-UCB-1sigma-Shield,165,5,0.6,0.6,0.6,0.6,0.6
2,2,1,1,0.0,0.0,0.6677499,0.6677499,0.9999999999985024,0.0,0.0,0.0,0.0,1.0,21.0,29.0,21.0,29.0,PF,Fixed-UCB-1.64sigma-Shield,165,5,0.6,0.6,0.6,0.6,0.6
4,4,1,1,0.0,0.0,0.78614604,0.78614604,0.999999999998728,0.0,0.0,0.0,0.0,1.0,39.0,11.0,39.0,11.0,Greedy-SLA,Full-CertiTwin-q90,165,5,0.6,0.6,0.6,0.6,0.6
4,4,1,1,0.0,0.0,0.78614604,0.78614604,0.999999999998728,0.0,0.0,0.0,0.0,1.0,39.0,11.0,39.0,11.0,Greedy-SLA,SLA-Rule-Shield,165,5,0.6,0.6,0.6,0.6,0.6
4,4,1,1,0.0,0.0,0.78614604,0.78614604,0.999999999998728,0.0,0.0,0.0,0.0,1.0,39.0,11.0,39.0,11.0,Greedy-SLA,Fixed-UCB-1sigma-Shield,165,5,0.6,0.6,0.6,0.6,0.6
4,4,1,1,0.0,0.0,0.78614604,0.78614604,0.999999999998728,0.0,0.0,0.0,0.0,1.0,39.0,11.0,39.0,11.0,Greedy-SLA,Fixed-UCB-1.64sigma-Shield,165,5,0.6,0.6,0.6,0.6,0.6
0,2,0,1,1.0,0.0,0.76278657,0.6677499,0.875408569397236,1.0,21.0,0.0,0.0,1.0,0.0,29.0,21.0,29.0,DT-Top1,Full-CertiTwin-q90,165,5,0.6,0.6,0.6,0.6,0.6
0,4,0,1,1.0,0.0,0.76278657,0.78614604,1.0306238611397804,1.0,57.0,0.0,0.0,1.0,0.0,29.0,39.0,11.0,DT-Top1,SLA-Rule-Shield,165,5,0.6,0.6,0.6,0.6,0.6
0,2,0,1,1.0,0.0,0.76278657,0.6677499,0.875408569397236,1.0,21.0,0.0,0.0,1.0,0.0,29.0,21.0,29.0,DT-Top1,Fixed-UCB-1sigma-Shield,165,5,0.6,0.6,0.6,0.6,0.6
0,2,0,1,1.0,0.0,0.76278657,0.6677499,0.875408569397236,1.0,21.0,0.0,0.0,1.0,0.0,29.0,21.0,29.0,DT-Top1,Fixed-UCB-1.64sigma-Shield,165,5,0.6,0.6,0.6,0.6,0.6
2,2,1,1,0.0,0.0,0.6677499,0.6677499,0.9999999999985024,0.0,0.0,0.0,0.0,1.0,21.0,29.0,21.0,29.0,PF,Full-CertiTwin-q90,166,5,0.6,0.6,0.6,0.6,0.6
2,2,1,1,0.0,0.0,0.6677499,0.6677499,0.9999999999985024,0.0,0.0,0.0,0.0,1.0,21.0,29.0,21.0,29.0,PF,SLA-Rule-Shield,166,5,0.6,0.6,0.6,0.6,0.6
2,2,1,1,0.0,0.0,0.6677499,0.6677499,0.9999999999985024,0.0,0.0,0.0,0.0,1.0,21.0,29.0,21.0,29.0,PF,Fixed-UCB-1sigma-Shield,166,5,0.6,0.6,0.6,0.6,0.6
2,2,1,1,0.0,0.0,0.6677499,0.6677499,0.9999999999985024,0.0,0.0,0.0,0.0,1.0,21.0,29.0,21.0,29.0,PF,Fixed-UCB-1.64sigma-Shield,166,5,0.6,0.6,0.6,0.6,0.6
4,4,1,1,0.0,0.0,0.76313806,0.76313806,0.9999999999986896,0.0,0.0,0.0,0.0,1.0,39.0,11.0,39.0,11.0,Greedy-SLA,Full-CertiTwin-q90,166,5,0.6,0.6,0.6,0.6,0.6
4,4,1,1,0.0,0.0,0.76313806,0.76313806,0.9999999999986896,0.0,0.0,0.0,0.0,1.0,39.0,11.0,39.0,11.0,Greedy-SLA,SLA-Rule-Shield,166,5,0.6,0.6,0.6,0.6,0.6
4,4,1,1,0.0,0.0,0.76313806,0.76313806,0.9999999999986896,0.0,0.0,0.0,0.0,1.0,39.0,11.0,39.0,11.0,Greedy-SLA,Fixed-UCB-1sigma-Shield,166,5,0.6,0.6,0.6,0.6,0.6
4,4,1,1,0.0,0.0,0.76313806,0.76313806,0.9999999999986896,0.0,0.0,0.0,0.0,1.0,39.0,11.0,39.0,11.0,Greedy-SLA,Fixed-UCB-1.64sigma-Shield,166,5,0.6,0.6,0.6,0.6,0.6
0,2,0,1,1.0,0.0,0.76278657,0.6677499,0.875408569397236,1.0,21.0,0.0,0.0,1.0,0.0,29.0,21.0,29.0,DT-Top1,Full-CertiTwin-q90,166,5,0.6,0.6,0.6,0.6,0.6
0,4,0,1,1.0,0.0,0.76278657,0.76313806,1.000460797309265,1.0,57.0,0.0,0.0,1.0,0.0,29.0,39.0,11.0,DT-Top1,SLA-Rule-Shield,166,5,0.6,0.6,0.6,0.6,0.6
0,2,0,1,1.0,0.0,0.76278657,0.6677499,0.875408569397236,1.0,21.0,0.0,0.0,1.0,0.0,29.0,21.0,29.0,DT-Top1,Fixed-UCB-1sigma-Shield,166,5,0.6,0.6,0.6,0.6,0.6
0,2,0,1,1.0,0.0,0.76278657,0.6677499,0.875408569397236,1.0,21.0,0.0,0.0,1.0,0.0,29.0,21.0,29.0,DT-Top1,Fixed-UCB-1.64sigma-Shield,166,5,0.6,0.6,0.6,0.6,0.6
2,2,1,1,0.0,0.0,0.6677499,0.6677499,0.9999999999985024,0.0,0.0,0.0,0.0,1.0,21.0,29.0,21.0,29.0,PF,Full-CertiTwin-q90,167,5,0.6,0.6,0.6,0.6,0.6
2,2,1,1,0.0,0.0,0.6677499,0.6677499,0.9999999999985024,0.0,0.0,0.0,0.0,1.0,21.0,29.0,21.0,29.0,PF,SLA-Rule-Shield,167,5,0.6,0.6,0.6,0.6,0.6
2,2,1,1,0.0,0.0,0.6677499,0.6677499,0.9999999999985024,0.0,0.0,0.0,0.0,1.0,21.0,29.0,21.0,29.0,PF,Fixed-UCB-1sigma-Shield,167,5,0.6,0.6,0.6,0.6,0.6
2,2,1,1,0.0,0.0,0.6677499,0.6677499,0.9999999999985024,0.0,0.0,0.0,0.0,1.0,21.0,29.0,21.0,29.0,PF,Fixed-UCB-1.64sigma-Shield,167,5,0.6,0.6,0.6,0.6,0.6
4,4,1,1,0.0,0.0,0.76313806,0.76313806,0.9999999999986896,0.0,0.0,0.0,0.0,1.0,39.0,11.0,39.0,11.0,Greedy-SLA,Full-CertiTwin-q90,167,5,0.6,0.6,0.6,0.6,0.6
4,4,1,1,0.0,0.0,0.76313806,0.76313806,0.9999999999986896,0.0,0.0,0.0,0.0,1.0,39.0,11.0,39.0,11.0,Greedy-SLA,SLA-Rule-Shield,167,5,0.6,0.6,0.6,0.6,0.6
4,4,1,1,0.0,0.0,0.76313806,0.76313806,0.9999999999986896,0.0,0.0,0.0,0.0,1.0,39.0,11.0,39.0,11.0,Greedy-SLA,Fixed-UCB-1sigma-Shield,167,5,0.6,0.6,0.6,0.6,0.6
4,4,1,1,0.0,0.0,0.76313806,0.76313806,0.9999999999986896,0.0,0.0,0.0,0.0,1.0,39.0,11.0,39.0,11.0,Greedy-SLA,Fixed-UCB-1.64sigma-Shield,167,5,0.6,0.6,0.6,0.6,0.6
0,2,0,1,1.0,0.0,0.76278657,0.6677499,0.875408569397236,1.0,21.0,0.0,0.0,1.0,0.0,29.0,21.0,29.0,DT-Top1,Full-CertiTwin-q90,167,5,0.6,0.6,0.6,0.6,0.6
0,4,0,1,1.0,0.0,0.76278657,0.76313806,1.000460797309265,1.0,57.0,0.0,0.0,1.0,0.0,29.0,39.0,11.0,DT-Top1,SLA-Rule-Shield,167,5,0.6,0.6,0.6,0.6,0.6
0,2,0,1,1.0,0.0,0.76278657,0.6677499,0.875408569397236,1.0,21.0,0.0,0.0,1.0,0.0,29.0,21.0,29.0,DT-Top1,Fixed-UCB-1sigma-Shield,167,5,0.6,0.6,0.6,0.6,0.6
0,2,0,1,1.0,0.0,0.76278657,0.6677499,0.875408569397236,1.0,21.0,0.0,0.0,1.0,0.0,29.0,21.0,29.0,DT-Top1,Fixed-UCB-1.64sigma-Shield,167,5,0.6,0.6,0.6,0.6,0.6
2,2,1,1,0.0,0.0,0.6677499,0.6677499,0.9999999999985024,0.0,0.0,0.0,0.0,1.0,21.0,29.0,21.0,29.0,PF,Full-CertiTwin-q90,168,5,0.6,0.6,0.6,0.6,0.6
2,2,1,1,0.0,0.0,0.6677499,0.6677499,0.9999999999985024,0.0,0.0,0.0,0.0,1.0,21.0,29.0,21.0,29.0,PF,SLA-Rule-Shield,168,5,0.6,0.6,0.6,0.6,0.6
2,2,1,1,0.0,0.0,0.6677499,0.6677499,0.9999999999985024,0.0,0.0,0.0,0.0,1.0,21.0,29.0,21.0,29.0,PF,Fixed-UCB-1sigma-Shield,168,5,0.6,0.6,0.6,0.6,0.6
2,2,1,1,0.0,0.0,0.6677499,0.6677499,0.9999999999985024,0.0,0.0,0.0,0.0,1.0,21.0,29.0,21.0,29.0,PF,Fixed-UCB-1.64sigma-Shield,168,5,0.6,0.6,0.6,0.6,0.6
4,4,1,1,0.0,0.0,0.76313806,0.76313806,0.9999999999986896,0.0,0.0,0.0,0.0,1.0,39.0,11.0,39.0,11.0,Greedy-SLA,Full-CertiTwin-q90,168,5,0.6,0.6,0.6,0.6,0.6
4,4,1,1,0.0,0.0,0.76313806,0.76313806,0.9999999999986896,0.0,0.0,0.0,0.0,1.0,39.0,11.0,39.0,11.0,Greedy-SLA,SLA-Rule-Shield,168,5,0.6,0.6,0.6,0.6,0.6
4,4,1,1,0.0,0.0,0.76313806,0.76313806,0.9999999999986896,0.0,0.0,0.0,0.0,1.0,39.0,11.0,39.0,11.0,Greedy-SLA,Fixed-UCB-1sigma-Shield,168,5,0.6,0.6,0.6,0.6,0.6
4,4,1,1,0.0,0.0,0.76313806,0.76313806,0.9999999999986896,0.0,0.0,0.0,0.0,1.0,39.0,11.0,39.0,11.0,Greedy-SLA,Fixed-UCB-1.64sigma-Shield,168,5,0.6,0.6,0.6,0.6,0.6
0,2,0,1,1.0,0.0,0.7592471,0.6677499,0.8794895627512053,1.0,21.0,0.0,0.0,1.0,0.0,29.0,21.0,29.0,DT-Top1,Full-CertiTwin-q90,168,5,0.6,0.6,0.6,0.6,0.6
0,4,0,1,1.0,0.0,0.7592471,0.76313806,1.0051247610942404,1.0,57.0,0.0,0.0,1.0,0.0,29.0,39.0,11.0,DT-Top1,SLA-Rule-Shield,168,5,0.6,0.6,0.6,0.6,0.6
0,2,0,1,1.0,0.0,0.7592471,0.6677499,0.8794895627512053,1.0,21.0,0.0,0.0,1.0,0.0,29.0,21.0,29.0,DT-Top1,Fixed-UCB-1sigma-Shield,168,5,0.6,0.6,0.6,0.6,0.6
0,2,0,1,1.0,0.0,0.7592471,0.6677499,0.8794895627512053,1.0,21.0,0.0,0.0,1.0,0.0,29.0,21.0,29.0,DT-Top1,Fixed-UCB-1.64sigma-Shield,168,5,0.6,0.6,0.6,0.6,0.6
2,2,1,1,0.0,0.0,0.7186651,0.7186651,0.9999999999986086,0.0,0.0,0.0,0.0,1.0,21.0,29.0,21.0,29.0,PF,Full-CertiTwin-q90,169,5,0.6,0.6,0.6,0.6,0.6
2,2,1,1,0.0,0.0,0.7186651,0.7186651,0.9999999999986086,0.0,0.0,0.0,0.0,1.0,21.0,29.0,21.0,29.0,PF,SLA-Rule-Shield,169,5,0.6,0.6,0.6,0.6,0.6
2,2,1,1,0.0,0.0,0.7186651,0.7186651,0.9999999999986086,0.0,0.0,0.0,0.0,1.0,21.0,29.0,21.0,29.0,PF,Fixed-UCB-1sigma-Shield,169,5,0.6,0.6,0.6,0.6,0.6
2,2,1,1,0.0,0.0,0.7186651,0.7186651,0.9999999999986086,0.0,0.0,0.0,0.0,1.0,21.0,29.0,21.0,29.0,PF,Fixed-UCB-1.64sigma-Shield,169,5,0.6,0.6,0.6,0.6,0.6
4,4,1,1,0.0,0.0,0.76313806,0.76313806,0.9999999999986896,0.0,0.0,0.0,0.0,1.0,39.0,11.0,39.0,11.0,Greedy-SLA,Full-CertiTwin-q90,169,5,0.6,0.6,0.6,0.6,0.6
4,4,1,1,0.0,0.0,0.76313806,0.76313806,0.9999999999986896,0.0,0.0,0.0,0.0,1.0,39.0,11.0,39.0,11.0,Greedy-SLA,SLA-Rule-Shield,169,5,0.6,0.6,0.6,0.6,0.6
4,4,1,1,0.0,0.0,0.76313806,0.76313806,0.9999999999986896,0.0,0.0,0.0,0.0,1.0,39.0,11.0,39.0,11.0,Greedy-SLA,Fixed-UCB-1sigma-Shield,169,5,0.6,0.6,0.6,0.6,0.6
4,4,1,1,0.0,0.0,0.76313806,0.76313806,0.9999999999986896,0.0,0.0,0.0,0.0,1.0,39.0,11.0,39.0,11.0,Greedy-SLA,Fixed-UCB-1.64sigma-Shield,169,5,0.6,0.6,0.6,0.6,0.6
4,4,1,1,0.0,0.0,0.76313806,0.76313806,0.9999999999986896,0.0,0.0,0.0,0.0,1.0,39.0,11.0,39.0,11.0,DT-Top1,Full-CertiTwin-q90,169,5,0.6,0.6,0.6,0.6,0.6
4,4,1,1,0.0,0.0,0.76313806,0.76313806,0.9999999999986896,0.0,0.0,0.0,0.0,1.0,39.0,11.0,39.0,11.0,DT-Top1,SLA-Rule-Shield,169,5,0.6,0.6,0.6,0.6,0.6
4,4,1,1,0.0,0.0,0.76313806,0.76313806,0.9999999999986896,0.0,0.0,0.0,0.0,1.0,39.0,11.0,39.0,11.0,DT-Top1,Fixed-UCB-1sigma-Shield,169,5,0.6,0.6,0.6,0.6,0.6
4,4,1,1,0.0,0.0,0.76313806,0.76313806,0.9999999999986896,0.0,0.0,0.0,0.0,1.0,39.0,11.0,39.0,11.0,DT-Top1,Fixed-UCB-1.64sigma-Shield,169,5,0.6,0.6,0.6,0.6,0.6
2,2,1,1,0.0,0.0,0.6677499,0.6677499,0.9999999999985024,0.0,0.0,0.0,0.0,1.0,21.0,29.0,21.0,29.0,PF,Full-CertiTwin-q90,170,5,0.6,0.6,0.6,0.6,0.6
2,2,1,1,0.0,0.0,0.6677499,0.6677499,0.9999999999985024,0.0,0.0,0.0,0.0,1.0,21.0,29.0,21.0,29.0,PF,SLA-Rule-Shield,170,5,0.6,0.6,0.6,0.6,0.6
2,2,1,1,0.0,0.0,0.6677499,0.6677499,0.9999999999985024,0.0,0.0,0.0,0.0,1.0,21.0,29.0,21.0,29.0,PF,Fixed-UCB-1sigma-Shield,170,5,0.6,0.6,0.6,0.6,0.6
2,2,1,1,0.0,0.0,0.6677499,0.6677499,0.9999999999985024,0.0,0.0,0.0,0.0,1.0,21.0,29.0,21.0,29.0,PF,Fixed-UCB-1.64sigma-Shield,170,5,0.6,0.6,0.6,0.6,0.6
4,4,1,1,0.0,0.0,0.76313806,0.76313806,0.9999999999986896,0.0,0.0,0.0,0.0,1.0,39.0,11.0,39.0,11.0,Greedy-SLA,Full-CertiTwin-q90,170,5,0.6,0.6,0.6,0.6,0.6
4,4,1,1,0.0,0.0,0.76313806,0.76313806,0.9999999999986896,0.0,0.0,0.0,0.0,1.0,39.0,11.0,39.0,11.0,Greedy-SLA,SLA-Rule-Shield,170,5,0.6,0.6,0.6,0.6,0.6
4,4,1,1,0.0,0.0,0.76313806,0.76313806,0.9999999999986896,0.0,0.0,0.0,0.0,1.0,39.0,11.0,39.0,11.0,Greedy-SLA,Fixed-UCB-1sigma-Shield,170,5,0.6,0.6,0.6,0.6,0.6
4,4,1,1,0.0,0.0,0.76313806,0.76313806,0.9999999999986896,0.0,0.0,0.0,0.0,1.0,39.0,11.0,39.0,11.0,Greedy-SLA,Fixed-UCB-1.64sigma-Shield,170,5,0.6,0.6,0.6,0.6,0.6
0,2,0,1,1.0,0.0,0.77050835,0.6677499,0.8666355140721491,1.0,21.0,0.0,0.0,1.0,0.0,29.0,21.0,29.0,DT-Top1,Full-CertiTwin-q90,170,5,0.6,0.6,0.6,0.6,0.6
0,4,0,1,1.0,0.0,0.77050835,0.76313806,0.990434509890788,1.0,57.0,0.0,0.0,1.0,0.0,29.0,39.0,11.0,DT-Top1,SLA-Rule-Shield,170,5,0.6,0.6,0.6,0.6,0.6
0,2,0,1,1.0,0.0,0.77050835,0.6677499,0.8666355140721491,1.0,21.0,0.0,0.0,1.0,0.0,29.0,21.0,29.0,DT-Top1,Fixed-UCB-1sigma-Shield,170,5,0.6,0.6,0.6,0.6,0.6
0,2,0,1,1.0,0.0,0.77050835,0.6677499,0.8666355140721491,1.0,21.0,0.0,0.0,1.0,0.0,29.0,21.0,29.0,DT-Top1,Fixed-UCB-1.64sigma-Shield,170,5,0.6,0.6,0.6,0.6,0.6
2,2,1,1,0.0,0.0,0.6677499,0.6677499,0.9999999999985024,0.0,0.0,0.0,0.0,1.0,21.0,29.0,21.0,29.0,PF,Full-CertiTwin-q90,171,5,0.6,0.6,0.6,0.6,0.6
2,2,1,1,0.0,0.0,0.6677499,0.6677499,0.9999999999985024,0.0,0.0,0.0,0.0,1.0,21.0,29.0,21.0,29.0,PF,SLA-Rule-Shield,171,5,0.6,0.6,0.6,0.6,0.6
2,2,1,1,0.0,0.0,0.6677499,0.6677499,0.9999999999985024,0.0,0.0,0.0,0.0,1.0,21.0,29.0,21.0,29.0,PF,Fixed-UCB-1sigma-Shield,171,5,0.6,0.6,0.6,0.6,0.6
2,2,1,1,0.0,0.0,0.6677499,0.6677499,0.9999999999985024,0.0,0.0,0.0,0.0,1.0,21.0,29.0,21.0,29.0,PF,Fixed-UCB-1.64sigma-Shield,171,5,0.6,0.6,0.6,0.6,0.6
0,2,0,1,1.0,0.0,0.7864371,0.6677499,0.8490823995957858,1.0,21.0,0.0,0.0,1.0,0.0,29.0,21.0,29.0,Greedy-SLA,Full-CertiTwin-q90,171,5,0.6,0.6,0.6,0.6,0.6
0,4,0,1,1.0,0.0,0.7864371,0.76313806,0.970373930730162,1.0,57.0,0.0,0.0,1.0,0.0,29.0,39.0,11.0,Greedy-SLA,SLA-Rule-Shield,171,5,0.6,0.6,0.6,0.6,0.6
0,2,0,1,1.0,0.0,0.7864371,0.6677499,0.8490823995957858,1.0,21.0,0.0,0.0,1.0,0.0,29.0,21.0,29.0,Greedy-SLA,Fixed-UCB-1sigma-Shield,171,5,0.6,0.6,0.6,0.6,0.6
0,2,0,1,1.0,0.0,0.7864371,0.6677499,0.8490823995957858,1.0,21.0,0.0,0.0,1.0,0.0,29.0,21.0,29.0,Greedy-SLA,Fixed-UCB-1.64sigma-Shield,171,5,0.6,0.6,0.6,0.6,0.6
0,2,0,1,1.0,0.0,0.7864371,0.6677499,0.8490823995957858,1.0,21.0,0.0,0.0,1.0,0.0,29.0,21.0,29.0,DT-Top1,Full-CertiTwin-q90,171,5,0.6,0.6,0.6,0.6,0.6
0,4,0,1,1.0,0.0,0.7864371,0.76313806,0.970373930730162,1.0,57.0,0.0,0.0,1.0,0.0,29.0,39.0,11.0,DT-Top1,SLA-Rule-Shield,171,5,0.6,0.6,0.6,0.6,0.6
0,2,0,1,1.0,0.0,0.7864371,0.6677499,0.8490823995957858,1.0,21.0,0.0,0.0,1.0,0.0,29.0,21.0,29.0,DT-Top1,Fixed-UCB-1sigma-Shield,171,5,0.6,0.6,0.6,0.6,0.6
0,2,0,1,1.0,0.0,0.7864371,0.6677499,0.8490823995957858,1.0,21.0,0.0,0.0,1.0,0.0,29.0,21.0,29.0,DT-Top1,Fixed-UCB-1.64sigma-Shield,171,5,0.6,0.6,0.6,0.6,0.6
2,2,1,1,0.0,0.0,0.6374081,0.6374081,0.9999999999984313,0.0,0.0,0.0,0.0,1.0,21.0,29.0,21.0,29.0,PF,Full-CertiTwin-q90,172,5,0.6,0.6,0.6,0.6,0.6
2,2,1,1,0.0,0.0,0.6374081,0.6374081,0.9999999999984313,0.0,0.0,0.0,0.0,1.0,21.0,29.0,21.0,29.0,PF,SLA-Rule-Shield,172,5,0.6,0.6,0.6,0.6,0.6
2,2,1,1,0.0,0.0,0.6374081,0.6374081,0.9999999999984313,0.0,0.0,0.0,0.0,1.0,21.0,29.0,21.0,29.0,PF,Fixed-UCB-1sigma-Shield,172,5,0.6,0.6,0.6,0.6,0.6
2,2,1,1,0.0,0.0,0.6374081,0.6374081,0.9999999999984313,0.0,0.0,0.0,0.0,1.0,21.0,29.0,21.0,29.0,PF,Fixed-UCB-1.64sigma-Shield,172,5,0.6,0.6,0.6,0.6,0.6
4,4,1,1,0.0,0.0,0.76313806,0.76313806,0.9999999999986896,0.0,0.0,0.0,0.0,1.0,39.0,11.0,39.0,11.0,Greedy-SLA,Full-CertiTwin-q90,172,5,0.6,0.6,0.6,0.6,0.6
4,4,1,1,0.0,0.0,0.76313806,0.76313806,0.9999999999986896,0.0,0.0,0.0,0.0,1.0,39.0,11.0,39.0,11.0,Greedy-SLA,SLA-Rule-Shield,172,5,0.6,0.6,0.6,0.6,0.6
4,4,1,1,0.0,0.0,0.76313806,0.76313806,0.9999999999986896,0.0,0.0,0.0,0.0,1.0,39.0,11.0,39.0,11.0,Greedy-SLA,Fixed-UCB-1sigma-Shield,172,5,0.6,0.6,0.6,0.6,0.6
4,4,1,1,0.0,0.0,0.76313806,0.76313806,0.9999999999986896,0.0,0.0,0.0,0.0,1.0,39.0,11.0,39.0,11.0,Greedy-SLA,Fixed-UCB-1.64sigma-Shield,172,5,0.6,0.6,0.6,0.6,0.6
0,2,0,1,1.0,0.0,0.76278657,0.6374081,0.8356309943935751,1.0,21.0,0.0,0.0,1.0,0.0,29.0,21.0,29.0,DT-Top1,Full-CertiTwin-q90,172,5,0.6,0.6,0.6,0.6,0.6
0,4,0,1,1.0,0.0,0.76278657,0.76313806,1.000460797309265,1.0,57.0,0.0,0.0,1.0,0.0,29.0,39.0,11.0,DT-Top1,SLA-Rule-Shield,172,5,0.6,0.6,0.6,0.6,0.6
0,2,0,1,1.0,0.0,0.76278657,0.6374081,0.8356309943935751,1.0,21.0,0.0,0.0,1.0,0.0,29.0,21.0,29.0,DT-Top1,Fixed-UCB-1sigma-Shield,172,5,0.6,0.6,0.6,0.6,0.6
0,2,0,1,1.0,0.0,0.76278657,0.6374081,0.8356309943935751,1.0,21.0,0.0,0.0,1.0,0.0,29.0,21.0,29.0,DT-Top1,Fixed-UCB-1.64sigma-Shield,172,5,0.6,0.6,0.6,0.6,0.6
2,2,1,1,0.0,0.0,0.6677499,0.6677499,0.9999999999985024,0.0,0.0,0.0,0.0,1.0,21.0,29.0,21.0,29.0,PF,Full-CertiTwin-q90,173,5,0.6,0.6,0.6,0.6,0.6
2,2,1,1,0.0,0.0,0.6677499,0.6677499,0.9999999999985024,0.0,0.0,0.0,0.0,1.0,21.0,29.0,21.0,29.0,PF,SLA-Rule-Shield,173,5,0.6,0.6,0.6,0.6,0.6
2,2,1,1,0.0,0.0,0.6677499,0.6677499,0.9999999999985024,0.0,0.0,0.0,0.0,1.0,21.0,29.0,21.0,29.0,PF,Fixed-UCB-1sigma-Shield,173,5,0.6,0.6,0.6,0.6,0.6
2,2,1,1,0.0,0.0,0.6677499,0.6677499,0.9999999999985024,0.0,0.0,0.0,0.0,1.0,21.0,29.0,21.0,29.0,PF,Fixed-UCB-1.64sigma-Shield,173,5,0.6,0.6,0.6,0.6,0.6
0,2,0,1,1.0,0.0,0.76278657,0.6677499,0.875408569397236,1.0,21.0,0.0,0.0,1.0,0.0,29.0,21.0,29.0,Greedy-SLA,Full-CertiTwin-q90,173,5,0.6,0.6,0.6,0.6,0.6
0,4,0,1,1.0,0.0,0.76278657,0.76313806,1.000460797309265,1.0,57.0,0.0,0.0,1.0,0.0,29.0,39.0,11.0,Greedy-SLA,SLA-Rule-Shield,173,5,0.6,0.6,0.6,0.6,0.6
0,2,0,1,1.0,0.0,0.76278657,0.6677499,0.875408569397236,1.0,21.0,0.0,0.0,1.0,0.0,29.0,21.0,29.0,Greedy-SLA,Fixed-UCB-1sigma-Shield,173,5,0.6,0.6,0.6,0.6,0.6
0,2,0,1,1.0,0.0,0.76278657,0.6677499,0.875408569397236,1.0,21.0,0.0,0.0,1.0,0.0,29.0,21.0,29.0,Greedy-SLA,Fixed-UCB-1.64sigma-Shield,173,5,0.6,0.6,0.6,0.6,0.6
0,2,0,1,1.0,0.0,0.76278657,0.6677499,0.875408569397236,1.0,21.0,0.0,0.0,1.0,0.0,29.0,21.0,29.0,DT-Top1,Full-CertiTwin-q90,173,5,0.6,0.6,0.6,0.6,0.6
0,4,0,1,1.0,0.0,0.76278657,0.76313806,1.000460797309265,1.0,57.0,0.0,0.0,1.0,0.0,29.0,39.0,11.0,DT-Top1,SLA-Rule-Shield,173,5,0.6,0.6,0.6,0.6,0.6
0,2,0,1,1.0,0.0,0.76278657,0.6677499,0.875408569397236,1.0,21.0,0.0,0.0,1.0,0.0,29.0,21.0,29.0,DT-Top1,Fixed-UCB-1sigma-Shield,173,5,0.6,0.6,0.6,0.6,0.6
0,2,0,1,1.0,0.0,0.76278657,0.6677499,0.875408569397236,1.0,21.0,0.0,0.0,1.0,0.0,29.0,21.0,29.0,DT-Top1,Fixed-UCB-1.64sigma-Shield,173,5,0.6,0.6,0.6,0.6,0.6
2,2,1,1,0.0,0.0,0.6677499,0.6677499,0.9999999999985024,0.0,0.0,0.0,0.0,1.0,21.0,29.0,21.0,29.0,PF,Full-CertiTwin-q90,174,5,0.6,0.6,0.6,0.6,0.6
2,2,1,1,0.0,0.0,0.6677499,0.6677499,0.9999999999985024,0.0,0.0,0.0,0.0,1.0,21.0,29.0,21.0,29.0,PF,SLA-Rule-Shield,174,5,0.6,0.6,0.6,0.6,0.6
2,2,1,1,0.0,0.0,0.6677499,0.6677499,0.9999999999985024,0.0,0.0,0.0,0.0,1.0,21.0,29.0,21.0,29.0,PF,Fixed-UCB-1sigma-Shield,174,5,0.6,0.6,0.6,0.6,0.6
2,2,1,1,0.0,0.0,0.6677499,0.6677499,0.9999999999985024,0.0,0.0,0.0,0.0,1.0,21.0,29.0,21.0,29.0,PF,Fixed-UCB-1.64sigma-Shield,174,5,0.6,0.6,0.6,0.6,0.6
4,4,1,1,0.0,0.0,0.76313806,0.76313806,0.9999999999986896,0.0,0.0,0.0,0.0,1.0,39.0,11.0,39.0,11.0,Greedy-SLA,Full-CertiTwin-q90,174,5,0.6,0.6,0.6,0.6,0.6
4,4,1,1,0.0,0.0,0.76313806,0.76313806,0.9999999999986896,0.0,0.0,0.0,0.0,1.0,39.0,11.0,39.0,11.0,Greedy-SLA,SLA-Rule-Shield,174,5,0.6,0.6,0.6,0.6,0.6
4,4,1,1,0.0,0.0,0.76313806,0.76313806,0.9999999999986896,0.0,0.0,0.0,0.0,1.0,39.0,11.0,39.0,11.0,Greedy-SLA,Fixed-UCB-1sigma-Shield,174,5,0.6,0.6,0.6,0.6,0.6
4,4,1,1,0.0,0.0,0.76313806,0.76313806,0.9999999999986896,0.0,0.0,0.0,0.0,1.0,39.0,11.0,39.0,11.0,Greedy-SLA,Fixed-UCB-1.64sigma-Shield,174,5,0.6,0.6,0.6,0.6,0.6
0,2,0,1,1.0,0.0,0.77741534,0.6677499,0.8589358424534574,1.0,21.0,0.0,0.0,1.0,0.0,29.0,21.0,29.0,DT-Top1,Full-CertiTwin-q90,174,5,0.6,0.6,0.6,0.6,0.6
0,4,0,1,1.0,0.0,0.77741534,0.76313806,0.981634939180668,1.0,57.0,0.0,0.0,1.0,0.0,29.0,39.0,11.0,DT-Top1,SLA-Rule-Shield,174,5,0.6,0.6,0.6,0.6,0.6
0,2,0,1,1.0,0.0,0.77741534,0.6677499,0.8589358424534574,1.0,21.0,0.0,0.0,1.0,0.0,29.0,21.0,29.0,DT-Top1,Fixed-UCB-1sigma-Shield,174,5,0.6,0.6,0.6,0.6,0.6
0,2,0,1,1.0,0.0,0.77741534,0.6677499,0.8589358424534574,1.0,21.0,0.0,0.0,1.0,0.0,29.0,21.0,29.0,DT-Top1,Fixed-UCB-1.64sigma-Shield,174,5,0.6,0.6,0.6,0.6,0.6
2,2,1,1,0.0,0.0,0.6677499,0.6677499,0.9999999999985024,0.0,0.0,0.0,0.0,1.0,21.0,29.0,21.0,29.0,PF,Full-CertiTwin-q90,175,5,0.6,0.6,0.6,0.6,0.6
2,2,1,1,0.0,0.0,0.6677499,0.6677499,0.9999999999985024,0.0,0.0,0.0,0.0,1.0,21.0,29.0,21.0,29.0,PF,SLA-Rule-Shield,175,5,0.6,0.6,0.6,0.6,0.6
2,2,1,1,0.0,0.0,0.6677499,0.6677499,0.9999999999985024,0.0,0.0,0.0,0.0,1.0,21.0,29.0,21.0,29.0,PF,Fixed-UCB-1sigma-Shield,175,5,0.6,0.6,0.6,0.6,0.6
2,2,1,1,0.0,0.0,0.6677499,0.6677499,0.9999999999985024,0.0,0.0,0.0,0.0,1.0,21.0,29.0,21.0,29.0,PF,Fixed-UCB-1.64sigma-Shield,175,5,0.6,0.6,0.6,0.6,0.6
4,4,1,1,0.0,0.0,0.7777951,0.7777951,0.9999999999987144,0.0,0.0,0.0,0.0,1.0,39.0,11.0,39.0,11.0,Greedy-SLA,Full-CertiTwin-q90,175,5,0.6,0.6,0.6,0.6,0.6
4,4,1,1,0.0,0.0,0.7777951,0.7777951,0.9999999999987144,0.0,0.0,0.0,0.0,1.0,39.0,11.0,39.0,11.0,Greedy-SLA,SLA-Rule-Shield,175,5,0.6,0.6,0.6,0.6,0.6
4,4,1,1,0.0,0.0,0.7777951,0.7777951,0.9999999999987144,0.0,0.0,0.0,0.0,1.0,39.0,11.0,39.0,11.0,Greedy-SLA,Fixed-UCB-1sigma-Shield,175,5,0.6,0.6,0.6,0.6,0.6
4,4,1,1,0.0,0.0,0.7777951,0.7777951,0.9999999999987144,0.0,0.0,0.0,0.0,1.0,39.0,11.0,39.0,11.0,Greedy-SLA,Fixed-UCB-1.64sigma-Shield,175,5,0.6,0.6,0.6,0.6,0.6
4,4,1,1,0.0,0.0,0.7777951,0.7777951,0.9999999999987144,0.0,0.0,0.0,0.0,1.0,39.0,11.0,39.0,11.0,DT-Top1,Full-CertiTwin-q90,175,5,0.6,0.6,0.6,0.6,0.6
4,4,1,1,0.0,0.0,0.7777951,0.7777951,0.9999999999987144,0.0,0.0,0.0,0.0,1.0,39.0,11.0,39.0,11.0,DT-Top1,SLA-Rule-Shield,175,5,0.6,0.6,0.6,0.6,0.6
4,4,1,1,0.0,0.0,0.7777951,0.7777951,0.9999999999987144,0.0,0.0,0.0,0.0,1.0,39.0,11.0,39.0,11.0,DT-Top1,Fixed-UCB-1sigma-Shield,175,5,0.6,0.6,0.6,0.6,0.6
4,4,1,1,0.0,0.0,0.7777951,0.7777951,0.9999999999987144,0.0,0.0,0.0,0.0,1.0,39.0,11.0,39.0,11.0,DT-Top1,Fixed-UCB-1.64sigma-Shield,175,5,0.6,0.6,0.6,0.6,0.6
2,2,1,1,0.0,0.0,0.6677499,0.6677499,0.9999999999985024,0.0,0.0,0.0,0.0,1.0,21.0,29.0,21.0,29.0,PF,Full-CertiTwin-q90,176,5,0.6,0.6,0.6,0.6,0.6
2,2,1,1,0.0,0.0,0.6677499,0.6677499,0.9999999999985024,0.0,0.0,0.0,0.0,1.0,21.0,29.0,21.0,29.0,PF,SLA-Rule-Shield,176,5,0.6,0.6,0.6,0.6,0.6
2,2,1,1,0.0,0.0,0.6677499,0.6677499,0.9999999999985024,0.0,0.0,0.0,0.0,1.0,21.0,29.0,21.0,29.0,PF,Fixed-UCB-1sigma-Shield,176,5,0.6,0.6,0.6,0.6,0.6
2,2,1,1,0.0,0.0,0.6677499,0.6677499,0.9999999999985024,0.0,0.0,0.0,0.0,1.0,21.0,29.0,21.0,29.0,PF,Fixed-UCB-1.64sigma-Shield,176,5,0.6,0.6,0.6,0.6,0.6
4,4,1,1,0.0,0.0,0.76313806,0.76313806,0.9999999999986896,0.0,0.0,0.0,0.0,1.0,39.0,11.0,39.0,11.0,Greedy-SLA,Full-CertiTwin-q90,176,5,0.6,0.6,0.6,0.6,0.6
4,4,1,1,0.0,0.0,0.76313806,0.76313806,0.9999999999986896,0.0,0.0,0.0,0.0,1.0,39.0,11.0,39.0,11.0,Greedy-SLA,SLA-Rule-Shield,176,5,0.6,0.6,0.6,0.6,0.6
4,4,1,1,0.0,0.0,0.76313806,0.76313806,0.9999999999986896,0.0,0.0,0.0,0.0,1.0,39.0,11.0,39.0,11.0,Greedy-SLA,Fixed-UCB-1sigma-Shield,176,5,0.6,0.6,0.6,0.6,0.6
4,4,1,1,0.0,0.0,0.76313806,0.76313806,0.9999999999986896,0.0,0.0,0.0,0.0,1.0,39.0,11.0,39.0,11.0,Greedy-SLA,Fixed-UCB-1.64sigma-Shield,176,5,0.6,0.6,0.6,0.6,0.6
4,4,1,1,0.0,0.0,0.76313806,0.76313806,0.9999999999986896,0.0,0.0,0.0,0.0,1.0,39.0,11.0,39.0,11.0,DT-Top1,Full-CertiTwin-q90,176,5,0.6,0.6,0.6,0.6,0.6
4,4,1,1,0.0,0.0,0.76313806,0.76313806,0.9999999999986896,0.0,0.0,0.0,0.0,1.0,39.0,11.0,39.0,11.0,DT-Top1,SLA-Rule-Shield,176,5,0.6,0.6,0.6,0.6,0.6
4,4,1,1,0.0,0.0,0.76313806,0.76313806,0.9999999999986896,0.0,0.0,0.0,0.0,1.0,39.0,11.0,39.0,11.0,DT-Top1,Fixed-UCB-1sigma-Shield,176,5,0.6,0.6,0.6,0.6,0.6
4,4,1,1,0.0,0.0,0.76313806,0.76313806,0.9999999999986896,0.0,0.0,0.0,0.0,1.0,39.0,11.0,39.0,11.0,DT-Top1,Fixed-UCB-1.64sigma-Shield,176,5,0.6,0.6,0.6,0.6,0.6
2,2,1,1,0.0,0.0,0.6677499,0.6677499,0.9999999999985024,0.0,0.0,0.0,0.0,1.0,21.0,29.0,21.0,29.0,PF,Full-CertiTwin-q90,177,5,0.6,0.6,0.6,0.6,0.6
2,2,1,1,0.0,0.0,0.6677499,0.6677499,0.9999999999985024,0.0,0.0,0.0,0.0,1.0,21.0,29.0,21.0,29.0,PF,SLA-Rule-Shield,177,5,0.6,0.6,0.6,0.6,0.6
2,2,1,1,0.0,0.0,0.6677499,0.6677499,0.9999999999985024,0.0,0.0,0.0,0.0,1.0,21.0,29.0,21.0,29.0,PF,Fixed-UCB-1sigma-Shield,177,5,0.6,0.6,0.6,0.6,0.6
2,2,1,1,0.0,0.0,0.6677499,0.6677499,0.9999999999985024,0.0,0.0,0.0,0.0,1.0,21.0,29.0,21.0,29.0,PF,Fixed-UCB-1.64sigma-Shield,177,5,0.6,0.6,0.6,0.6,0.6
4,4,1,1,0.0,0.0,0.76313806,0.76313806,0.9999999999986896,0.0,0.0,0.0,0.0,1.0,39.0,11.0,39.0,11.0,Greedy-SLA,Full-CertiTwin-q90,177,5,0.6,0.6,0.6,0.6,0.6
4,4,1,1,0.0,0.0,0.76313806,0.76313806,0.9999999999986896,0.0,0.0,0.0,0.0,1.0,39.0,11.0,39.0,11.0,Greedy-SLA,SLA-Rule-Shield,177,5,0.6,0.6,0.6,0.6,0.6
4,4,1,1,0.0,0.0,0.76313806,0.76313806,0.9999999999986896,0.0,0.0,0.0,0.0,1.0,39.0,11.0,39.0,11.0,Greedy-SLA,Fixed-UCB-1sigma-Shield,177,5,0.6,0.6,0.6,0.6,0.6
4,4,1,1,0.0,0.0,0.76313806,0.76313806,0.9999999999986896,0.0,0.0,0.0,0.0,1.0,39.0,11.0,39.0,11.0,Greedy-SLA,Fixed-UCB-1.64sigma-Shield,177,5,0.6,0.6,0.6,0.6,0.6
0,2,0,1,1.0,0.0,0.7864371,0.6677499,0.8490823995957858,1.0,21.0,0.0,0.0,1.0,0.0,29.0,21.0,29.0,DT-Top1,Full-CertiTwin-q90,177,5,0.6,0.6,0.6,0.6,0.6
0,4,0,1,1.0,0.0,0.7864371,0.76313806,0.970373930730162,1.0,57.0,0.0,0.0,1.0,0.0,29.0,39.0,11.0,DT-Top1,SLA-Rule-Shield,177,5,0.6,0.6,0.6,0.6,0.6
0,2,0,1,1.0,0.0,0.7864371,0.6677499,0.8490823995957858,1.0,21.0,0.0,0.0,1.0,0.0,29.0,21.0,29.0,DT-Top1,Fixed-UCB-1sigma-Shield,177,5,0.6,0.6,0.6,0.6,0.6
0,2,0,1,1.0,0.0,0.7864371,0.6677499,0.8490823995957858,1.0,21.0,0.0,0.0,1.0,0.0,29.0,21.0,29.0,DT-Top1,Fixed-UCB-1.64sigma-Shield,177,5,0.6,0.6,0.6,0.6,0.6
2,2,1,1,0.0,0.0,0.6677499,0.6677499,0.9999999999985024,0.0,0.0,0.0,0.0,1.0,21.0,29.0,21.0,29.0,PF,Full-CertiTwin-q90,178,5,0.6,0.6,0.6,0.6,0.6
2,2,1,1,0.0,0.0,0.6677499,0.6677499,0.9999999999985024,0.0,0.0,0.0,0.0,1.0,21.0,29.0,21.0,29.0,PF,SLA-Rule-Shield,178,5,0.6,0.6,0.6,0.6,0.6
2,2,1,1,0.0,0.0,0.6677499,0.6677499,0.9999999999985024,0.0,0.0,0.0,0.0,1.0,21.0,29.0,21.0,29.0,PF,Fixed-UCB-1sigma-Shield,178,5,0.6,0.6,0.6,0.6,0.6
2,2,1,1,0.0,0.0,0.6677499,0.6677499,0.9999999999985024,0.0,0.0,0.0,0.0,1.0,21.0,29.0,21.0,29.0,PF,Fixed-UCB-1.64sigma-Shield,178,5,0.6,0.6,0.6,0.6,0.6
4,4,1,1,0.0,0.0,0.76313806,0.76313806,0.9999999999986896,0.0,0.0,0.0,0.0,1.0,39.0,11.0,39.0,11.0,Greedy-SLA,Full-CertiTwin-q90,178,5,0.6,0.6,0.6,0.6,0.6
4,4,1,1,0.0,0.0,0.76313806,0.76313806,0.9999999999986896,0.0,0.0,0.0,0.0,1.0,39.0,11.0,39.0,11.0,Greedy-SLA,SLA-Rule-Shield,178,5,0.6,0.6,0.6,0.6,0.6
4,4,1,1,0.0,0.0,0.76313806,0.76313806,0.9999999999986896,0.0,0.0,0.0,0.0,1.0,39.0,11.0,39.0,11.0,Greedy-SLA,Fixed-UCB-1sigma-Shield,178,5,0.6,0.6,0.6,0.6,0.6
4,4,1,1,0.0,0.0,0.76313806,0.76313806,0.9999999999986896,0.0,0.0,0.0,0.0,1.0,39.0,11.0,39.0,11.0,Greedy-SLA,Fixed-UCB-1.64sigma-Shield,178,5,0.6,0.6,0.6,0.6,0.6
0,2,0,1,1.0,0.0,0.76278657,0.6677499,0.875408569397236,1.0,21.0,0.0,0.0,1.0,0.0,29.0,21.0,29.0,DT-Top1,Full-CertiTwin-q90,178,5,0.6,0.6,0.6,0.6,0.6
0,4,0,1,1.0,0.0,0.76278657,0.76313806,1.000460797309265,1.0,57.0,0.0,0.0,1.0,0.0,29.0,39.0,11.0,DT-Top1,SLA-Rule-Shield,178,5,0.6,0.6,0.6,0.6,0.6
0,2,0,1,1.0,0.0,0.76278657,0.6677499,0.875408569397236,1.0,21.0,0.0,0.0,1.0,0.0,29.0,21.0,29.0,DT-Top1,Fixed-UCB-1sigma-Shield,178,5,0.6,0.6,0.6,0.6,0.6
0,2,0,1,1.0,0.0,0.76278657,0.6677499,0.875408569397236,1.0,21.0,0.0,0.0,1.0,0.0,29.0,21.0,29.0,DT-Top1,Fixed-UCB-1.64sigma-Shield,178,5,0.6,0.6,0.6,0.6,0.6
2,2,1,1,0.0,0.0,0.6677499,0.6677499,0.9999999999985024,0.0,0.0,0.0,0.0,1.0,21.0,29.0,21.0,29.0,PF,Full-CertiTwin-q90,179,5,0.6,0.6,0.6,0.6,0.6
2,2,1,1,0.0,0.0,0.6677499,0.6677499,0.9999999999985024,0.0,0.0,0.0,0.0,1.0,21.0,29.0,21.0,29.0,PF,SLA-Rule-Shield,179,5,0.6,0.6,0.6,0.6,0.6
2,2,1,1,0.0,0.0,0.6677499,0.6677499,0.9999999999985024,0.0,0.0,0.0,0.0,1.0,21.0,29.0,21.0,29.0,PF,Fixed-UCB-1sigma-Shield,179,5,0.6,0.6,0.6,0.6,0.6
2,2,1,1,0.0,0.0,0.6677499,0.6677499,0.9999999999985024,0.0,0.0,0.0,0.0,1.0,21.0,29.0,21.0,29.0,PF,Fixed-UCB-1.64sigma-Shield,179,5,0.6,0.6,0.6,0.6,0.6
4,4,1,1,0.0,0.0,0.76313806,0.76313806,0.9999999999986896,0.0,0.0,0.0,0.0,1.0,39.0,11.0,39.0,11.0,Greedy-SLA,Full-CertiTwin-q90,179,5,0.6,0.6,0.6,0.6,0.6
4,4,1,1,0.0,0.0,0.76313806,0.76313806,0.9999999999986896,0.0,0.0,0.0,0.0,1.0,39.0,11.0,39.0,11.0,Greedy-SLA,SLA-Rule-Shield,179,5,0.6,0.6,0.6,0.6,0.6
4,4,1,1,0.0,0.0,0.76313806,0.76313806,0.9999999999986896,0.0,0.0,0.0,0.0,1.0,39.0,11.0,39.0,11.0,Greedy-SLA,Fixed-UCB-1sigma-Shield,179,5,0.6,0.6,0.6,0.6,0.6
4,4,1,1,0.0,0.0,0.76313806,0.76313806,0.9999999999986896,0.0,0.0,0.0,0.0,1.0,39.0,11.0,39.0,11.0,Greedy-SLA,Fixed-UCB-1.64sigma-Shield,179,5,0.6,0.6,0.6,0.6,0.6
0,2,0,1,1.0,0.0,0.76278657,0.6677499,0.875408569397236,1.0,21.0,0.0,0.0,1.0,0.0,29.0,21.0,29.0,DT-Top1,Full-CertiTwin-q90,179,5,0.6,0.6,0.6,0.6,0.6
0,4,0,1,1.0,0.0,0.76278657,0.76313806,1.000460797309265,1.0,57.0,0.0,0.0,1.0,0.0,29.0,39.0,11.0,DT-Top1,SLA-Rule-Shield,179,5,0.6,0.6,0.6,0.6,0.6
0,2,0,1,1.0,0.0,0.76278657,0.6677499,0.875408569397236,1.0,21.0,0.0,0.0,1.0,0.0,29.0,21.0,29.0,DT-Top1,Fixed-UCB-1sigma-Shield,179,5,0.6,0.6,0.6,0.6,0.6
0,2,0,1,1.0,0.0,0.76278657,0.6677499,0.875408569397236,1.0,21.0,0.0,0.0,1.0,0.0,29.0,21.0,29.0,DT-Top1,Fixed-UCB-1.64sigma-Shield,179,5,0.6,0.6,0.6,0.6,0.6
2,2,1,1,0.0,0.0,0.6677499,0.6677499,0.9999999999985024,0.0,0.0,0.0,0.0,1.0,21.0,29.0,21.0,29.0,PF,Full-CertiTwin-q90,180,5,0.6,0.6,0.6,0.6,0.6
2,2,1,1,0.0,0.0,0.6677499,0.6677499,0.9999999999985024,0.0,0.0,0.0,0.0,1.0,21.0,29.0,21.0,29.0,PF,SLA-Rule-Shield,180,5,0.6,0.6,0.6,0.6,0.6
2,2,1,1,0.0,0.0,0.6677499,0.6677499,0.9999999999985024,0.0,0.0,0.0,0.0,1.0,21.0,29.0,21.0,29.0,PF,Fixed-UCB-1sigma-Shield,180,5,0.6,0.6,0.6,0.6,0.6
2,2,1,1,0.0,0.0,0.6677499,0.6677499,0.9999999999985024,0.0,0.0,0.0,0.0,1.0,21.0,29.0,21.0,29.0,PF,Fixed-UCB-1.64sigma-Shield,180,5,0.6,0.6,0.6,0.6,0.6
4,4,1,1,0.0,0.0,0.76313806,0.76313806,0.9999999999986896,0.0,0.0,0.0,0.0,1.0,39.0,11.0,39.0,11.0,Greedy-SLA,Full-CertiTwin-q90,180,5,0.6,0.6,0.6,0.6,0.6
4,4,1,1,0.0,0.0,0.76313806,0.76313806,0.9999999999986896,0.0,0.0,0.0,0.0,1.0,39.0,11.0,39.0,11.0,Greedy-SLA,SLA-Rule-Shield,180,5,0.6,0.6,0.6,0.6,0.6
4,4,1,1,0.0,0.0,0.76313806,0.76313806,0.9999999999986896,0.0,0.0,0.0,0.0,1.0,39.0,11.0,39.0,11.0,Greedy-SLA,Fixed-UCB-1sigma-Shield,180,5,0.6,0.6,0.6,0.6,0.6
4,4,1,1,0.0,0.0,0.76313806,0.76313806,0.9999999999986896,0.0,0.0,0.0,0.0,1.0,39.0,11.0,39.0,11.0,Greedy-SLA,Fixed-UCB-1.64sigma-Shield,180,5,0.6,0.6,0.6,0.6,0.6
0,2,0,1,1.0,0.0,0.77741534,0.6677499,0.8589358424534574,1.0,21.0,0.0,0.0,1.0,0.0,29.0,21.0,29.0,DT-Top1,Full-CertiTwin-q90,180,5,0.6,0.6,0.6,0.6,0.6
0,4,0,1,1.0,0.0,0.77741534,0.76313806,0.981634939180668,1.0,57.0,0.0,0.0,1.0,0.0,29.0,39.0,11.0,DT-Top1,SLA-Rule-Shield,180,5,0.6,0.6,0.6,0.6,0.6
0,2,0,1,1.0,0.0,0.77741534,0.6677499,0.8589358424534574,1.0,21.0,0.0,0.0,1.0,0.0,29.0,21.0,29.0,DT-Top1,Fixed-UCB-1sigma-Shield,180,5,0.6,0.6,0.6,0.6,0.6
0,2,0,1,1.0,0.0,0.77741534,0.6677499,0.8589358424534574,1.0,21.0,0.0,0.0,1.0,0.0,29.0,21.0,29.0,DT-Top1,Fixed-UCB-1.64sigma-Shield,180,5,0.6,0.6,0.6,0.6,0.6
2,2,1,1,0.0,0.0,0.6677499,0.6677499,0.9999999999985024,0.0,0.0,0.0,0.0,1.0,21.0,29.0,21.0,29.0,PF,Full-CertiTwin-q90,181,5,0.6,0.6,0.6,0.6,0.6
2,2,1,1,0.0,0.0,0.6677499,0.6677499,0.9999999999985024,0.0,0.0,0.0,0.0,1.0,21.0,29.0,21.0,29.0,PF,SLA-Rule-Shield,181,5,0.6,0.6,0.6,0.6,0.6
2,2,1,1,0.0,0.0,0.6677499,0.6677499,0.9999999999985024,0.0,0.0,0.0,0.0,1.0,21.0,29.0,21.0,29.0,PF,Fixed-UCB-1sigma-Shield,181,5,0.6,0.6,0.6,0.6,0.6
2,2,1,1,0.0,0.0,0.6677499,0.6677499,0.9999999999985024,0.0,0.0,0.0,0.0,1.0,21.0,29.0,21.0,29.0,PF,Fixed-UCB-1.64sigma-Shield,181,5,0.6,0.6,0.6,0.6,0.6
4,4,1,1,0.0,0.0,0.76313806,0.76313806,0.9999999999986896,0.0,0.0,0.0,0.0,1.0,39.0,11.0,39.0,11.0,Greedy-SLA,Full-CertiTwin-q90,181,5,0.6,0.6,0.6,0.6,0.6
4,4,1,1,0.0,0.0,0.76313806,0.76313806,0.9999999999986896,0.0,0.0,0.0,0.0,1.0,39.0,11.0,39.0,11.0,Greedy-SLA,SLA-Rule-Shield,181,5,0.6,0.6,0.6,0.6,0.6
4,4,1,1,0.0,0.0,0.76313806,0.76313806,0.9999999999986896,0.0,0.0,0.0,0.0,1.0,39.0,11.0,39.0,11.0,Greedy-SLA,Fixed-UCB-1sigma-Shield,181,5,0.6,0.6,0.6,0.6,0.6
4,4,1,1,0.0,0.0,0.76313806,0.76313806,0.9999999999986896,0.0,0.0,0.0,0.0,1.0,39.0,11.0,39.0,11.0,Greedy-SLA,Fixed-UCB-1.64sigma-Shield,181,5,0.6,0.6,0.6,0.6,0.6
4,4,1,1,0.0,0.0,0.76313806,0.76313806,0.9999999999986896,0.0,0.0,0.0,0.0,1.0,39.0,11.0,39.0,11.0,DT-Top1,Full-CertiTwin-q90,181,5,0.6,0.6,0.6,0.6,0.6
4,4,1,1,0.0,0.0,0.76313806,0.76313806,0.9999999999986896,0.0,0.0,0.0,0.0,1.0,39.0,11.0,39.0,11.0,DT-Top1,SLA-Rule-Shield,181,5,0.6,0.6,0.6,0.6,0.6
4,4,1,1,0.0,0.0,0.76313806,0.76313806,0.9999999999986896,0.0,0.0,0.0,0.0,1.0,39.0,11.0,39.0,11.0,DT-Top1,Fixed-UCB-1sigma-Shield,181,5,0.6,0.6,0.6,0.6,0.6
4,4,1,1,0.0,0.0,0.76313806,0.76313806,0.9999999999986896,0.0,0.0,0.0,0.0,1.0,39.0,11.0,39.0,11.0,DT-Top1,Fixed-UCB-1.64sigma-Shield,181,5,0.6,0.6,0.6,0.6,0.6
2,2,1,1,0.0,0.0,0.6677499,0.6677499,0.9999999999985024,0.0,0.0,0.0,0.0,1.0,21.0,29.0,21.0,29.0,PF,Full-CertiTwin-q90,182,5,0.6,0.6,0.6,0.6,0.6
2,2,1,1,0.0,0.0,0.6677499,0.6677499,0.9999999999985024,0.0,0.0,0.0,0.0,1.0,21.0,29.0,21.0,29.0,PF,SLA-Rule-Shield,182,5,0.6,0.6,0.6,0.6,0.6
2,2,1,1,0.0,0.0,0.6677499,0.6677499,0.9999999999985024,0.0,0.0,0.0,0.0,1.0,21.0,29.0,21.0,29.0,PF,Fixed-UCB-1sigma-Shield,182,5,0.6,0.6,0.6,0.6,0.6
2,2,1,1,0.0,0.0,0.6677499,0.6677499,0.9999999999985024,0.0,0.0,0.0,0.0,1.0,21.0,29.0,21.0,29.0,PF,Fixed-UCB-1.64sigma-Shield,182,5,0.6,0.6,0.6,0.6,0.6
0,2,0,1,1.0,0.0,0.76278657,0.6677499,0.875408569397236,1.0,21.0,0.0,0.0,1.0,0.0,29.0,21.0,29.0,Greedy-SLA,Full-CertiTwin-q90,182,5,0.6,0.6,0.6,0.6,0.6
0,4,0,1,1.0,0.0,0.76278657,0.76313806,1.000460797309265,1.0,57.0,0.0,0.0,1.0,0.0,29.0,39.0,11.0,Greedy-SLA,SLA-Rule-Shield,182,5,0.6,0.6,0.6,0.6,0.6
0,2,0,1,1.0,0.0,0.76278657,0.6677499,0.875408569397236,1.0,21.0,0.0,0.0,1.0,0.0,29.0,21.0,29.0,Greedy-SLA,Fixed-UCB-1sigma-Shield,182,5,0.6,0.6,0.6,0.6,0.6
0,2,0,1,1.0,0.0,0.76278657,0.6677499,0.875408569397236,1.0,21.0,0.0,0.0,1.0,0.0,29.0,21.0,29.0,Greedy-SLA,Fixed-UCB-1.64sigma-Shield,182,5,0.6,0.6,0.6,0.6,0.6
0,2,0,1,1.0,0.0,0.76278657,0.6677499,0.875408569397236,1.0,21.0,0.0,0.0,1.0,0.0,29.0,21.0,29.0,DT-Top1,Full-CertiTwin-q90,182,5,0.6,0.6,0.6,0.6,0.6
0,4,0,1,1.0,0.0,0.76278657,0.76313806,1.000460797309265,1.0,57.0,0.0,0.0,1.0,0.0,29.0,39.0,11.0,DT-Top1,SLA-Rule-Shield,182,5,0.6,0.6,0.6,0.6,0.6
0,2,0,1,1.0,0.0,0.76278657,0.6677499,0.875408569397236,1.0,21.0,0.0,0.0,1.0,0.0,29.0,21.0,29.0,DT-Top1,Fixed-UCB-1sigma-Shield,182,5,0.6,0.6,0.6,0.6,0.6
0,2,0,1,1.0,0.0,0.76278657,0.6677499,0.875408569397236,1.0,21.0,0.0,0.0,1.0,0.0,29.0,21.0,29.0,DT-Top1,Fixed-UCB-1.64sigma-Shield,182,5,0.6,0.6,0.6,0.6,0.6
2,2,1,1,0.0,0.0,0.6677499,0.6677499,0.9999999999985024,0.0,0.0,0.0,0.0,1.0,21.0,29.0,21.0,29.0,PF,Full-CertiTwin-q90,183,5,0.6,0.6,0.6,0.6,0.6
2,2,1,1,0.0,0.0,0.6677499,0.6677499,0.9999999999985024,0.0,0.0,0.0,0.0,1.0,21.0,29.0,21.0,29.0,PF,SLA-Rule-Shield,183,5,0.6,0.6,0.6,0.6,0.6
2,2,1,1,0.0,0.0,0.6677499,0.6677499,0.9999999999985024,0.0,0.0,0.0,0.0,1.0,21.0,29.0,21.0,29.0,PF,Fixed-UCB-1sigma-Shield,183,5,0.6,0.6,0.6,0.6,0.6
2,2,1,1,0.0,0.0,0.6677499,0.6677499,0.9999999999985024,0.0,0.0,0.0,0.0,1.0,21.0,29.0,21.0,29.0,PF,Fixed-UCB-1.64sigma-Shield,183,5,0.6,0.6,0.6,0.6,0.6
4,4,1,1,0.0,0.0,0.76313806,0.76313806,0.9999999999986896,0.0,0.0,0.0,0.0,1.0,39.0,11.0,39.0,11.0,Greedy-SLA,Full-CertiTwin-q90,183,5,0.6,0.6,0.6,0.6,0.6
4,4,1,1,0.0,0.0,0.76313806,0.76313806,0.9999999999986896,0.0,0.0,0.0,0.0,1.0,39.0,11.0,39.0,11.0,Greedy-SLA,SLA-Rule-Shield,183,5,0.6,0.6,0.6,0.6,0.6
4,4,1,1,0.0,0.0,0.76313806,0.76313806,0.9999999999986896,0.0,0.0,0.0,0.0,1.0,39.0,11.0,39.0,11.0,Greedy-SLA,Fixed-UCB-1sigma-Shield,183,5,0.6,0.6,0.6,0.6,0.6
4,4,1,1,0.0,0.0,0.76313806,0.76313806,0.9999999999986896,0.0,0.0,0.0,0.0,1.0,39.0,11.0,39.0,11.0,Greedy-SLA,Fixed-UCB-1.64sigma-Shield,183,5,0.6,0.6,0.6,0.6,0.6
4,4,1,1,0.0,0.0,0.76313806,0.76313806,0.9999999999986896,0.0,0.0,0.0,0.0,1.0,39.0,11.0,39.0,11.0,DT-Top1,Full-CertiTwin-q90,183,5,0.6,0.6,0.6,0.6,0.6
4,4,1,1,0.0,0.0,0.76313806,0.76313806,0.9999999999986896,0.0,0.0,0.0,0.0,1.0,39.0,11.0,39.0,11.0,DT-Top1,SLA-Rule-Shield,183,5,0.6,0.6,0.6,0.6,0.6
4,4,1,1,0.0,0.0,0.76313806,0.76313806,0.9999999999986896,0.0,0.0,0.0,0.0,1.0,39.0,11.0,39.0,11.0,DT-Top1,Fixed-UCB-1sigma-Shield,183,5,0.6,0.6,0.6,0.6,0.6
4,4,1,1,0.0,0.0,0.76313806,0.76313806,0.9999999999986896,0.0,0.0,0.0,0.0,1.0,39.0,11.0,39.0,11.0,DT-Top1,Fixed-UCB-1.64sigma-Shield,183,5,0.6,0.6,0.6,0.6,0.6
2,2,1,1,0.0,0.0,0.6677499,0.6677499,0.9999999999985024,0.0,0.0,0.0,0.0,1.0,21.0,29.0,21.0,29.0,PF,Full-CertiTwin-q90,184,5,0.6,0.6,0.6,0.6,0.6
2,2,1,1,0.0,0.0,0.6677499,0.6677499,0.9999999999985024,0.0,0.0,0.0,0.0,1.0,21.0,29.0,21.0,29.0,PF,SLA-Rule-Shield,184,5,0.6,0.6,0.6,0.6,0.6
2,2,1,1,0.0,0.0,0.6677499,0.6677499,0.9999999999985024,0.0,0.0,0.0,0.0,1.0,21.0,29.0,21.0,29.0,PF,Fixed-UCB-1sigma-Shield,184,5,0.6,0.6,0.6,0.6,0.6
2,2,1,1,0.0,0.0,0.6677499,0.6677499,0.9999999999985024,0.0,0.0,0.0,0.0,1.0,21.0,29.0,21.0,29.0,PF,Fixed-UCB-1.64sigma-Shield,184,5,0.6,0.6,0.6,0.6,0.6
0,2,0,1,1.0,0.0,0.76278657,0.6677499,0.875408569397236,1.0,21.0,0.0,0.0,1.0,0.0,29.0,21.0,29.0,Greedy-SLA,Full-CertiTwin-q90,184,5,0.6,0.6,0.6,0.6,0.6
0,4,0,1,1.0,0.0,0.76278657,0.76313806,1.000460797309265,1.0,57.0,0.0,0.0,1.0,0.0,29.0,39.0,11.0,Greedy-SLA,SLA-Rule-Shield,184,5,0.6,0.6,0.6,0.6,0.6
0,2,0,1,1.0,0.0,0.76278657,0.6677499,0.875408569397236,1.0,21.0,0.0,0.0,1.0,0.0,29.0,21.0,29.0,Greedy-SLA,Fixed-UCB-1sigma-Shield,184,5,0.6,0.6,0.6,0.6,0.6
0,2,0,1,1.0,0.0,0.76278657,0.6677499,0.875408569397236,1.0,21.0,0.0,0.0,1.0,0.0,29.0,21.0,29.0,Greedy-SLA,Fixed-UCB-1.64sigma-Shield,184,5,0.6,0.6,0.6,0.6,0.6
0,2,0,1,1.0,0.0,0.76278657,0.6677499,0.875408569397236,1.0,21.0,0.0,0.0,1.0,0.0,29.0,21.0,29.0,DT-Top1,Full-CertiTwin-q90,184,5,0.6,0.6,0.6,0.6,0.6
0,4,0,1,1.0,0.0,0.76278657,0.76313806,1.000460797309265,1.0,57.0,0.0,0.0,1.0,0.0,29.0,39.0,11.0,DT-Top1,SLA-Rule-Shield,184,5,0.6,0.6,0.6,0.6,0.6
0,2,0,1,1.0,0.0,0.76278657,0.6677499,0.875408569397236,1.0,21.0,0.0,0.0,1.0,0.0,29.0,21.0,29.0,DT-Top1,Fixed-UCB-1sigma-Shield,184,5,0.6,0.6,0.6,0.6,0.6
0,2,0,1,1.0,0.0,0.76278657,0.6677499,0.875408569397236,1.0,21.0,0.0,0.0,1.0,0.0,29.0,21.0,29.0,DT-Top1,Fixed-UCB-1.64sigma-Shield,184,5,0.6,0.6,0.6,0.6,0.6
2,2,1,1,0.0,0.0,0.65129316,0.65129316,0.9999999999984648,0.0,0.0,0.0,0.0,1.0,21.0,29.0,21.0,29.0,PF,Full-CertiTwin-q90,185,5,0.6,0.6,0.6,0.6,0.6
2,2,1,1,0.0,0.0,0.65129316,0.65129316,0.9999999999984648,0.0,0.0,0.0,0.0,1.0,21.0,29.0,21.0,29.0,PF,SLA-Rule-Shield,185,5,0.6,0.6,0.6,0.6,0.6
2,2,1,1,0.0,0.0,0.65129316,0.65129316,0.9999999999984648,0.0,0.0,0.0,0.0,1.0,21.0,29.0,21.0,29.0,PF,Fixed-UCB-1sigma-Shield,185,5,0.6,0.6,0.6,0.6,0.6
2,2,1,1,0.0,0.0,0.65129316,0.65129316,0.9999999999984648,0.0,0.0,0.0,0.0,1.0,21.0,29.0,21.0,29.0,PF,Fixed-UCB-1.64sigma-Shield,185,5,0.6,0.6,0.6,0.6,0.6
4,4,1,1,0.0,0.0,0.76313806,0.76313806,0.9999999999986896,0.0,0.0,0.0,0.0,1.0,39.0,11.0,39.0,11.0,Greedy-SLA,Full-CertiTwin-q90,185,5,0.6,0.6,0.6,0.6,0.6
4,4,1,1,0.0,0.0,0.76313806,0.76313806,0.9999999999986896,0.0,0.0,0.0,0.0,1.0,39.0,11.0,39.0,11.0,Greedy-SLA,SLA-Rule-Shield,185,5,0.6,0.6,0.6,0.6,0.6
4,4,1,1,0.0,0.0,0.76313806,0.76313806,0.9999999999986896,0.0,0.0,0.0,0.0,1.0,39.0,11.0,39.0,11.0,Greedy-SLA,Fixed-UCB-1sigma-Shield,185,5,0.6,0.6,0.6,0.6,0.6
4,4,1,1,0.0,0.0,0.76313806,0.76313806,0.9999999999986896,0.0,0.0,0.0,0.0,1.0,39.0,11.0,39.0,11.0,Greedy-SLA,Fixed-UCB-1.64sigma-Shield,185,5,0.6,0.6,0.6,0.6,0.6
4,4,1,1,0.0,0.0,0.76313806,0.76313806,0.9999999999986896,0.0,0.0,0.0,0.0,1.0,39.0,11.0,39.0,11.0,DT-Top1,Full-CertiTwin-q90,185,5,0.6,0.6,0.6,0.6,0.6
4,4,1,1,0.0,0.0,0.76313806,0.76313806,0.9999999999986896,0.0,0.0,0.0,0.0,1.0,39.0,11.0,39.0,11.0,DT-Top1,SLA-Rule-Shield,185,5,0.6,0.6,0.6,0.6,0.6
4,4,1,1,0.0,0.0,0.76313806,0.76313806,0.9999999999986896,0.0,0.0,0.0,0.0,1.0,39.0,11.0,39.0,11.0,DT-Top1,Fixed-UCB-1sigma-Shield,185,5,0.6,0.6,0.6,0.6,0.6
4,4,1,1,0.0,0.0,0.76313806,0.76313806,0.9999999999986896,0.0,0.0,0.0,0.0,1.0,39.0,11.0,39.0,11.0,DT-Top1,Fixed-UCB-1.64sigma-Shield,185,5,0.6,0.6,0.6,0.6,0.6
2,2,1,1,0.0,0.0,0.7186651,0.7186651,0.9999999999986086,0.0,0.0,0.0,0.0,1.0,21.0,29.0,21.0,29.0,PF,Full-CertiTwin-q90,186,5,0.6,0.6,0.6,0.6,0.6
2,2,1,1,0.0,0.0,0.7186651,0.7186651,0.9999999999986086,0.0,0.0,0.0,0.0,1.0,21.0,29.0,21.0,29.0,PF,SLA-Rule-Shield,186,5,0.6,0.6,0.6,0.6,0.6
2,2,1,1,0.0,0.0,0.7186651,0.7186651,0.9999999999986086,0.0,0.0,0.0,0.0,1.0,21.0,29.0,21.0,29.0,PF,Fixed-UCB-1sigma-Shield,186,5,0.6,0.6,0.6,0.6,0.6
2,2,1,1,0.0,0.0,0.7186651,0.7186651,0.9999999999986086,0.0,0.0,0.0,0.0,1.0,21.0,29.0,21.0,29.0,PF,Fixed-UCB-1.64sigma-Shield,186,5,0.6,0.6,0.6,0.6,0.6
4,4,1,1,0.0,0.0,0.76313806,0.76313806,0.9999999999986896,0.0,0.0,0.0,0.0,1.0,39.0,11.0,39.0,11.0,Greedy-SLA,Full-CertiTwin-q90,186,5,0.6,0.6,0.6,0.6,0.6
4,4,1,1,0.0,0.0,0.76313806,0.76313806,0.9999999999986896,0.0,0.0,0.0,0.0,1.0,39.0,11.0,39.0,11.0,Greedy-SLA,SLA-Rule-Shield,186,5,0.6,0.6,0.6,0.6,0.6
4,4,1,1,0.0,0.0,0.76313806,0.76313806,0.9999999999986896,0.0,0.0,0.0,0.0,1.0,39.0,11.0,39.0,11.0,Greedy-SLA,Fixed-UCB-1sigma-Shield,186,5,0.6,0.6,0.6,0.6,0.6
4,4,1,1,0.0,0.0,0.76313806,0.76313806,0.9999999999986896,0.0,0.0,0.0,0.0,1.0,39.0,11.0,39.0,11.0,Greedy-SLA,Fixed-UCB-1.64sigma-Shield,186,5,0.6,0.6,0.6,0.6,0.6
4,4,1,1,0.0,0.0,0.76313806,0.76313806,0.9999999999986896,0.0,0.0,0.0,0.0,1.0,39.0,11.0,39.0,11.0,DT-Top1,Full-CertiTwin-q90,186,5,0.6,0.6,0.6,0.6,0.6
4,4,1,1,0.0,0.0,0.76313806,0.76313806,0.9999999999986896,0.0,0.0,0.0,0.0,1.0,39.0,11.0,39.0,11.0,DT-Top1,SLA-Rule-Shield,186,5,0.6,0.6,0.6,0.6,0.6
4,4,1,1,0.0,0.0,0.76313806,0.76313806,0.9999999999986896,0.0,0.0,0.0,0.0,1.0,39.0,11.0,39.0,11.0,DT-Top1,Fixed-UCB-1sigma-Shield,186,5,0.6,0.6,0.6,0.6,0.6
4,4,1,1,0.0,0.0,0.76313806,0.76313806,0.9999999999986896,0.0,0.0,0.0,0.0,1.0,39.0,11.0,39.0,11.0,DT-Top1,Fixed-UCB-1.64sigma-Shield,186,5,0.6,0.6,0.6,0.6,0.6
2,2,1,1,0.0,0.0,0.6677499,0.6677499,0.9999999999985024,0.0,0.0,0.0,0.0,1.0,21.0,29.0,21.0,29.0,PF,Full-CertiTwin-q90,187,5,0.6,0.6,0.6,0.6,0.6
2,2,1,1,0.0,0.0,0.6677499,0.6677499,0.9999999999985024,0.0,0.0,0.0,0.0,1.0,21.0,29.0,21.0,29.0,PF,SLA-Rule-Shield,187,5,0.6,0.6,0.6,0.6,0.6
2,2,1,1,0.0,0.0,0.6677499,0.6677499,0.9999999999985024,0.0,0.0,0.0,0.0,1.0,21.0,29.0,21.0,29.0,PF,Fixed-UCB-1sigma-Shield,187,5,0.6,0.6,0.6,0.6,0.6
2,2,1,1,0.0,0.0,0.6677499,0.6677499,0.9999999999985024,0.0,0.0,0.0,0.0,1.0,21.0,29.0,21.0,29.0,PF,Fixed-UCB-1.64sigma-Shield,187,5,0.6,0.6,0.6,0.6,0.6
4,4,1,1,0.0,0.0,0.7566483,0.7566483,0.9999999999986784,0.0,0.0,0.0,0.0,1.0,39.0,11.0,39.0,11.0,Greedy-SLA,Full-CertiTwin-q90,187,5,0.6,0.6,0.6,0.6,0.6
4,4,1,1,0.0,0.0,0.7566483,0.7566483,0.9999999999986784,0.0,0.0,0.0,0.0,1.0,39.0,11.0,39.0,11.0,Greedy-SLA,SLA-Rule-Shield,187,5,0.6,0.6,0.6,0.6,0.6
4,4,1,1,0.0,0.0,0.7566483,0.7566483,0.9999999999986784,0.0,0.0,0.0,0.0,1.0,39.0,11.0,39.0,11.0,Greedy-SLA,Fixed-UCB-1sigma-Shield,187,5,0.6,0.6,0.6,0.6,0.6
4,4,1,1,0.0,0.0,0.7566483,0.7566483,0.9999999999986784,0.0,0.0,0.0,0.0,1.0,39.0,11.0,39.0,11.0,Greedy-SLA,Fixed-UCB-1.64sigma-Shield,187,5,0.6,0.6,0.6,0.6,0.6
0,2,0,1,1.0,0.0,0.76278657,0.6677499,0.875408569397236,1.0,21.0,0.0,0.0,1.0,0.0,29.0,21.0,29.0,DT-Top1,Full-CertiTwin-q90,187,5,0.6,0.6,0.6,0.6,0.6
0,4,0,1,1.0,0.0,0.76278657,0.7566483,0.9919528341971308,1.0,57.0,0.0,0.0,1.0,0.0,29.0,39.0,11.0,DT-Top1,SLA-Rule-Shield,187,5,0.6,0.6,0.6,0.6,0.6
0,2,0,1,1.0,0.0,0.76278657,0.6677499,0.875408569397236,1.0,21.0,0.0,0.0,1.0,0.0,29.0,21.0,29.0,DT-Top1,Fixed-UCB-1sigma-Shield,187,5,0.6,0.6,0.6,0.6,0.6
0,2,0,1,1.0,0.0,0.76278657,0.6677499,0.875408569397236,1.0,21.0,0.0,0.0,1.0,0.0,29.0,21.0,29.0,DT-Top1,Fixed-UCB-1.64sigma-Shield,187,5,0.6,0.6,0.6,0.6,0.6
2,2,1,1,0.0,0.0,0.6677499,0.6677499,0.9999999999985024,0.0,0.0,0.0,0.0,1.0,21.0,29.0,21.0,29.0,PF,Full-CertiTwin-q90,188,5,0.6,0.6,0.6,0.6,0.6
2,2,1,1,0.0,0.0,0.6677499,0.6677499,0.9999999999985024,0.0,0.0,0.0,0.0,1.0,21.0,29.0,21.0,29.0,PF,SLA-Rule-Shield,188,5,0.6,0.6,0.6,0.6,0.6
2,2,1,1,0.0,0.0,0.6677499,0.6677499,0.9999999999985024,0.0,0.0,0.0,0.0,1.0,21.0,29.0,21.0,29.0,PF,Fixed-UCB-1sigma-Shield,188,5,0.6,0.6,0.6,0.6,0.6
2,2,1,1,0.0,0.0,0.6677499,0.6677499,0.9999999999985024,0.0,0.0,0.0,0.0,1.0,21.0,29.0,21.0,29.0,PF,Fixed-UCB-1.64sigma-Shield,188,5,0.6,0.6,0.6,0.6,0.6
4,4,1,1,0.0,0.0,0.76313806,0.76313806,0.9999999999986896,0.0,0.0,0.0,0.0,1.0,39.0,11.0,39.0,11.0,Greedy-SLA,Full-CertiTwin-q90,188,5,0.6,0.6,0.6,0.6,0.6
4,4,1,1,0.0,0.0,0.76313806,0.76313806,0.9999999999986896,0.0,0.0,0.0,0.0,1.0,39.0,11.0,39.0,11.0,Greedy-SLA,SLA-Rule-Shield,188,5,0.6,0.6,0.6,0.6,0.6
4,4,1,1,0.0,0.0,0.76313806,0.76313806,0.9999999999986896,0.0,0.0,0.0,0.0,1.0,39.0,11.0,39.0,11.0,Greedy-SLA,Fixed-UCB-1sigma-Shield,188,5,0.6,0.6,0.6,0.6,0.6
4,4,1,1,0.0,0.0,0.76313806,0.76313806,0.9999999999986896,0.0,0.0,0.0,0.0,1.0,39.0,11.0,39.0,11.0,Greedy-SLA,Fixed-UCB-1.64sigma-Shield,188,5,0.6,0.6,0.6,0.6,0.6
0,2,0,1,1.0,0.0,0.76278657,0.6677499,0.875408569397236,1.0,21.0,0.0,0.0,1.0,0.0,29.0,21.0,29.0,DT-Top1,Full-CertiTwin-q90,188,5,0.6,0.6,0.6,0.6,0.6
0,4,0,1,1.0,0.0,0.76278657,0.76313806,1.000460797309265,1.0,57.0,0.0,0.0,1.0,0.0,29.0,39.0,11.0,DT-Top1,SLA-Rule-Shield,188,5,0.6,0.6,0.6,0.6,0.6
0,2,0,1,1.0,0.0,0.76278657,0.6677499,0.875408569397236,1.0,21.0,0.0,0.0,1.0,0.0,29.0,21.0,29.0,DT-Top1,Fixed-UCB-1sigma-Shield,188,5,0.6,0.6,0.6,0.6,0.6
0,2,0,1,1.0,0.0,0.76278657,0.6677499,0.875408569397236,1.0,21.0,0.0,0.0,1.0,0.0,29.0,21.0,29.0,DT-Top1,Fixed-UCB-1.64sigma-Shield,188,5,0.6,0.6,0.6,0.6,0.6
2,2,1,1,0.0,0.0,0.6682329,0.6682329,0.9999999999985036,0.0,0.0,0.0,0.0,1.0,21.0,29.0,21.0,29.0,PF,Full-CertiTwin-q90,189,5,0.6,0.6,0.6,0.6,0.6
2,2,1,1,0.0,0.0,0.6682329,0.6682329,0.9999999999985036,0.0,0.0,0.0,0.0,1.0,21.0,29.0,21.0,29.0,PF,SLA-Rule-Shield,189,5,0.6,0.6,0.6,0.6,0.6
2,2,1,1,0.0,0.0,0.6682329,0.6682329,0.9999999999985036,0.0,0.0,0.0,0.0,1.0,21.0,29.0,21.0,29.0,PF,Fixed-UCB-1sigma-Shield,189,5,0.6,0.6,0.6,0.6,0.6
2,2,1,1,0.0,0.0,0.6682329,0.6682329,0.9999999999985036,0.0,0.0,0.0,0.0,1.0,21.0,29.0,21.0,29.0,PF,Fixed-UCB-1.64sigma-Shield,189,5,0.6,0.6,0.6,0.6,0.6
4,4,1,1,0.0,0.0,0.76313806,0.76313806,0.9999999999986896,0.0,0.0,0.0,0.0,1.0,39.0,11.0,39.0,11.0,Greedy-SLA,Full-CertiTwin-q90,189,5,0.6,0.6,0.6,0.6,0.6
4,4,1,1,0.0,0.0,0.76313806,0.76313806,0.9999999999986896,0.0,0.0,0.0,0.0,1.0,39.0,11.0,39.0,11.0,Greedy-SLA,SLA-Rule-Shield,189,5,0.6,0.6,0.6,0.6,0.6
4,4,1,1,0.0,0.0,0.76313806,0.76313806,0.9999999999986896,0.0,0.0,0.0,0.0,1.0,39.0,11.0,39.0,11.0,Greedy-SLA,Fixed-UCB-1sigma-Shield,189,5,0.6,0.6,0.6,0.6,0.6
4,4,1,1,0.0,0.0,0.76313806,0.76313806,0.9999999999986896,0.0,0.0,0.0,0.0,1.0,39.0,11.0,39.0,11.0,Greedy-SLA,Fixed-UCB-1.64sigma-Shield,189,5,0.6,0.6,0.6,0.6,0.6
0,2,0,1,1.0,0.0,0.76278657,0.6682329,0.8760417740431953,1.0,21.0,0.0,0.0,1.0,0.0,29.0,21.0,29.0,DT-Top1,Full-CertiTwin-q90,189,5,0.6,0.6,0.6,0.6,0.6
0,4,0,1,1.0,0.0,0.76278657,0.76313806,1.000460797309265,1.0,57.0,0.0,0.0,1.0,0.0,29.0,39.0,11.0,DT-Top1,SLA-Rule-Shield,189,5,0.6,0.6,0.6,0.6,0.6
0,2,0,1,1.0,0.0,0.76278657,0.6682329,0.8760417740431953,1.0,21.0,0.0,0.0,1.0,0.0,29.0,21.0,29.0,DT-Top1,Fixed-UCB-1sigma-Shield,189,5,0.6,0.6,0.6,0.6,0.6
0,2,0,1,1.0,0.0,0.76278657,0.6682329,0.8760417740431953,1.0,21.0,0.0,0.0,1.0,0.0,29.0,21.0,29.0,DT-Top1,Fixed-UCB-1.64sigma-Shield,189,5,0.6,0.6,0.6,0.6,0.6
2,2,1,1,0.0,0.0,0.6374081,0.6374081,0.9999999999984313,0.0,0.0,0.0,0.0,1.0,21.0,29.0,21.0,29.0,PF,Full-CertiTwin-q90,190,5,0.6,0.6,0.6,0.6,0.6
2,2,1,1,0.0,0.0,0.6374081,0.6374081,0.9999999999984313,0.0,0.0,0.0,0.0,1.0,21.0,29.0,21.0,29.0,PF,SLA-Rule-Shield,190,5,0.6,0.6,0.6,0.6,0.6
2,2,1,1,0.0,0.0,0.6374081,0.6374081,0.9999999999984313,0.0,0.0,0.0,0.0,1.0,21.0,29.0,21.0,29.0,PF,Fixed-UCB-1sigma-Shield,190,5,0.6,0.6,0.6,0.6,0.6
2,2,1,1,0.0,0.0,0.6374081,0.6374081,0.9999999999984313,0.0,0.0,0.0,0.0,1.0,21.0,29.0,21.0,29.0,PF,Fixed-UCB-1.64sigma-Shield,190,5,0.6,0.6,0.6,0.6,0.6
4,4,1,1,0.0,0.0,0.76313806,0.76313806,0.9999999999986896,0.0,0.0,0.0,0.0,1.0,39.0,11.0,39.0,11.0,Greedy-SLA,Full-CertiTwin-q90,190,5,0.6,0.6,0.6,0.6,0.6
4,4,1,1,0.0,0.0,0.76313806,0.76313806,0.9999999999986896,0.0,0.0,0.0,0.0,1.0,39.0,11.0,39.0,11.0,Greedy-SLA,SLA-Rule-Shield,190,5,0.6,0.6,0.6,0.6,0.6
4,4,1,1,0.0,0.0,0.76313806,0.76313806,0.9999999999986896,0.0,0.0,0.0,0.0,1.0,39.0,11.0,39.0,11.0,Greedy-SLA,Fixed-UCB-1sigma-Shield,190,5,0.6,0.6,0.6,0.6,0.6
4,4,1,1,0.0,0.0,0.76313806,0.76313806,0.9999999999986896,0.0,0.0,0.0,0.0,1.0,39.0,11.0,39.0,11.0,Greedy-SLA,Fixed-UCB-1.64sigma-Shield,190,5,0.6,0.6,0.6,0.6,0.6
0,2,0,1,1.0,0.0,0.76278657,0.6374081,0.8356309943935751,1.0,21.0,0.0,0.0,1.0,0.0,29.0,21.0,29.0,DT-Top1,Full-CertiTwin-q90,190,5,0.6,0.6,0.6,0.6,0.6
0,4,0,1,1.0,0.0,0.76278657,0.76313806,1.000460797309265,1.0,57.0,0.0,0.0,1.0,0.0,29.0,39.0,11.0,DT-Top1,SLA-Rule-Shield,190,5,0.6,0.6,0.6,0.6,0.6
0,2,0,1,1.0,0.0,0.76278657,0.6374081,0.8356309943935751,1.0,21.0,0.0,0.0,1.0,0.0,29.0,21.0,29.0,DT-Top1,Fixed-UCB-1sigma-Shield,190,5,0.6,0.6,0.6,0.6,0.6
0,2,0,1,1.0,0.0,0.76278657,0.6374081,0.8356309943935751,1.0,21.0,0.0,0.0,1.0,0.0,29.0,21.0,29.0,DT-Top1,Fixed-UCB-1.64sigma-Shield,190,5,0.6,0.6,0.6,0.6,0.6
2,2,1,1,0.0,0.0,0.6677499,0.6677499,0.9999999999985024,0.0,0.0,0.0,0.0,1.0,21.0,29.0,21.0,29.0,PF,Full-CertiTwin-q90,191,5,0.6,0.6,0.6,0.6,0.6
2,2,1,1,0.0,0.0,0.6677499,0.6677499,0.9999999999985024,0.0,0.0,0.0,0.0,1.0,21.0,29.0,21.0,29.0,PF,SLA-Rule-Shield,191,5,0.6,0.6,0.6,0.6,0.6
2,2,1,1,0.0,0.0,0.6677499,0.6677499,0.9999999999985024,0.0,0.0,0.0,0.0,1.0,21.0,29.0,21.0,29.0,PF,Fixed-UCB-1sigma-Shield,191,5,0.6,0.6,0.6,0.6,0.6
2,2,1,1,0.0,0.0,0.6677499,0.6677499,0.9999999999985024,0.0,0.0,0.0,0.0,1.0,21.0,29.0,21.0,29.0,PF,Fixed-UCB-1.64sigma-Shield,191,5,0.6,0.6,0.6,0.6,0.6
4,4,1,1,0.0,0.0,0.76313806,0.76313806,0.9999999999986896,0.0,0.0,0.0,0.0,1.0,39.0,11.0,39.0,11.0,Greedy-SLA,Full-CertiTwin-q90,191,5,0.6,0.6,0.6,0.6,0.6
4,4,1,1,0.0,0.0,0.76313806,0.76313806,0.9999999999986896,0.0,0.0,0.0,0.0,1.0,39.0,11.0,39.0,11.0,Greedy-SLA,SLA-Rule-Shield,191,5,0.6,0.6,0.6,0.6,0.6
4,4,1,1,0.0,0.0,0.76313806,0.76313806,0.9999999999986896,0.0,0.0,0.0,0.0,1.0,39.0,11.0,39.0,11.0,Greedy-SLA,Fixed-UCB-1sigma-Shield,191,5,0.6,0.6,0.6,0.6,0.6
4,4,1,1,0.0,0.0,0.76313806,0.76313806,0.9999999999986896,0.0,0.0,0.0,0.0,1.0,39.0,11.0,39.0,11.0,Greedy-SLA,Fixed-UCB-1.64sigma-Shield,191,5,0.6,0.6,0.6,0.6,0.6
0,2,0,1,1.0,0.0,0.77050835,0.6677499,0.8666355140721491,1.0,21.0,0.0,0.0,1.0,0.0,29.0,21.0,29.0,DT-Top1,Full-CertiTwin-q90,191,5,0.6,0.6,0.6,0.6,0.6
0,4,0,1,1.0,0.0,0.77050835,0.76313806,0.990434509890788,1.0,57.0,0.0,0.0,1.0,0.0,29.0,39.0,11.0,DT-Top1,SLA-Rule-Shield,191,5,0.6,0.6,0.6,0.6,0.6
0,2,0,1,1.0,0.0,0.77050835,0.6677499,0.8666355140721491,1.0,21.0,0.0,0.0,1.0,0.0,29.0,21.0,29.0,DT-Top1,Fixed-UCB-1sigma-Shield,191,5,0.6,0.6,0.6,0.6,0.6
0,2,0,1,1.0,0.0,0.77050835,0.6677499,0.8666355140721491,1.0,21.0,0.0,0.0,1.0,0.0,29.0,21.0,29.0,DT-Top1,Fixed-UCB-1.64sigma-Shield,191,5,0.6,0.6,0.6,0.6,0.6
2,2,1,1,0.0,0.0,0.6677499,0.6677499,0.9999999999985024,0.0,0.0,0.0,0.0,1.0,21.0,29.0,21.0,29.0,PF,Full-CertiTwin-q90,192,5,0.6,0.6,0.6,0.6,0.6
2,2,1,1,0.0,0.0,0.6677499,0.6677499,0.9999999999985024,0.0,0.0,0.0,0.0,1.0,21.0,29.0,21.0,29.0,PF,SLA-Rule-Shield,192,5,0.6,0.6,0.6,0.6,0.6
2,2,1,1,0.0,0.0,0.6677499,0.6677499,0.9999999999985024,0.0,0.0,0.0,0.0,1.0,21.0,29.0,21.0,29.0,PF,Fixed-UCB-1sigma-Shield,192,5,0.6,0.6,0.6,0.6,0.6
2,2,1,1,0.0,0.0,0.6677499,0.6677499,0.9999999999985024,0.0,0.0,0.0,0.0,1.0,21.0,29.0,21.0,29.0,PF,Fixed-UCB-1.64sigma-Shield,192,5,0.6,0.6,0.6,0.6,0.6
0,2,0,1,1.0,0.0,0.7864371,0.6677499,0.8490823995957858,1.0,21.0,0.0,0.0,1.0,0.0,29.0,21.0,29.0,Greedy-SLA,Full-CertiTwin-q90,192,5,0.6,0.6,0.6,0.6,0.6
0,4,0,1,1.0,0.0,0.7864371,0.76313806,0.970373930730162,1.0,57.0,0.0,0.0,1.0,0.0,29.0,39.0,11.0,Greedy-SLA,SLA-Rule-Shield,192,5,0.6,0.6,0.6,0.6,0.6
0,2,0,1,1.0,0.0,0.7864371,0.6677499,0.8490823995957858,1.0,21.0,0.0,0.0,1.0,0.0,29.0,21.0,29.0,Greedy-SLA,Fixed-UCB-1sigma-Shield,192,5,0.6,0.6,0.6,0.6,0.6
0,2,0,1,1.0,0.0,0.7864371,0.6677499,0.8490823995957858,1.0,21.0,0.0,0.0,1.0,0.0,29.0,21.0,29.0,Greedy-SLA,Fixed-UCB-1.64sigma-Shield,192,5,0.6,0.6,0.6,0.6,0.6
0,2,0,1,1.0,0.0,0.7864371,0.6677499,0.8490823995957858,1.0,21.0,0.0,0.0,1.0,0.0,29.0,21.0,29.0,DT-Top1,Full-CertiTwin-q90,192,5,0.6,0.6,0.6,0.6,0.6
0,4,0,1,1.0,0.0,0.7864371,0.76313806,0.970373930730162,1.0,57.0,0.0,0.0,1.0,0.0,29.0,39.0,11.0,DT-Top1,SLA-Rule-Shield,192,5,0.6,0.6,0.6,0.6,0.6
0,2,0,1,1.0,0.0,0.7864371,0.6677499,0.8490823995957858,1.0,21.0,0.0,0.0,1.0,0.0,29.0,21.0,29.0,DT-Top1,Fixed-UCB-1sigma-Shield,192,5,0.6,0.6,0.6,0.6,0.6
0,2,0,1,1.0,0.0,0.7864371,0.6677499,0.8490823995957858,1.0,21.0,0.0,0.0,1.0,0.0,29.0,21.0,29.0,DT-Top1,Fixed-UCB-1.64sigma-Shield,192,5,0.6,0.6,0.6,0.6,0.6
2,2,1,1,0.0,0.0,0.65129316,0.65129316,0.9999999999984648,0.0,0.0,0.0,0.0,1.0,21.0,29.0,21.0,29.0,PF,Full-CertiTwin-q90,193,5,0.6,0.6,0.6,0.6,0.6
2,2,1,1,0.0,0.0,0.65129316,0.65129316,0.9999999999984648,0.0,0.0,0.0,0.0,1.0,21.0,29.0,21.0,29.0,PF,SLA-Rule-Shield,193,5,0.6,0.6,0.6,0.6,0.6
2,2,1,1,0.0,0.0,0.65129316,0.65129316,0.9999999999984648,0.0,0.0,0.0,0.0,1.0,21.0,29.0,21.0,29.0,PF,Fixed-UCB-1sigma-Shield,193,5,0.6,0.6,0.6,0.6,0.6
2,2,1,1,0.0,0.0,0.65129316,0.65129316,0.9999999999984648,0.0,0.0,0.0,0.0,1.0,21.0,29.0,21.0,29.0,PF,Fixed-UCB-1.64sigma-Shield,193,5,0.6,0.6,0.6,0.6,0.6
4,4,1,1,0.0,0.0,0.76313806,0.76313806,0.9999999999986896,0.0,0.0,0.0,0.0,1.0,39.0,11.0,39.0,11.0,Greedy-SLA,Full-CertiTwin-q90,193,5,0.6,0.6,0.6,0.6,0.6
4,4,1,1,0.0,0.0,0.76313806,0.76313806,0.9999999999986896,0.0,0.0,0.0,0.0,1.0,39.0,11.0,39.0,11.0,Greedy-SLA,SLA-Rule-Shield,193,5,0.6,0.6,0.6,0.6,0.6
4,4,1,1,0.0,0.0,0.76313806,0.76313806,0.9999999999986896,0.0,0.0,0.0,0.0,1.0,39.0,11.0,39.0,11.0,Greedy-SLA,Fixed-UCB-1sigma-Shield,193,5,0.6,0.6,0.6,0.6,0.6
4,4,1,1,0.0,0.0,0.76313806,0.76313806,0.9999999999986896,0.0,0.0,0.0,0.0,1.0,39.0,11.0,39.0,11.0,Greedy-SLA,Fixed-UCB-1.64sigma-Shield,193,5,0.6,0.6,0.6,0.6,0.6
0,2,0,1,1.0,0.0,0.76278657,0.65129316,0.8538340678954877,1.0,21.0,0.0,0.0,1.0,0.0,29.0,21.0,29.0,DT-Top1,Full-CertiTwin-q90,193,5,0.6,0.6,0.6,0.6,0.6
0,4,0,1,1.0,0.0,0.76278657,0.76313806,1.000460797309265,1.0,57.0,0.0,0.0,1.0,0.0,29.0,39.0,11.0,DT-Top1,SLA-Rule-Shield,193,5,0.6,0.6,0.6,0.6,0.6
0,2,0,1,1.0,0.0,0.76278657,0.65129316,0.8538340678954877,1.0,21.0,0.0,0.0,1.0,0.0,29.0,21.0,29.0,DT-Top1,Fixed-UCB-1sigma-Shield,193,5,0.6,0.6,0.6,0.6,0.6
0,2,0,1,1.0,0.0,0.76278657,0.65129316,0.8538340678954877,1.0,21.0,0.0,0.0,1.0,0.0,29.0,21.0,29.0,DT-Top1,Fixed-UCB-1.64sigma-Shield,193,5,0.6,0.6,0.6,0.6,0.6
2,2,1,1,0.0,0.0,0.6677499,0.6677499,0.9999999999985024,0.0,0.0,0.0,0.0,1.0,21.0,29.0,21.0,29.0,PF,Full-CertiTwin-q90,194,5,0.6,0.6,0.6,0.6,0.6
2,2,1,1,0.0,0.0,0.6677499,0.6677499,0.9999999999985024,0.0,0.0,0.0,0.0,1.0,21.0,29.0,21.0,29.0,PF,SLA-Rule-Shield,194,5,0.6,0.6,0.6,0.6,0.6
2,2,1,1,0.0,0.0,0.6677499,0.6677499,0.9999999999985024,0.0,0.0,0.0,0.0,1.0,21.0,29.0,21.0,29.0,PF,Fixed-UCB-1sigma-Shield,194,5,0.6,0.6,0.6,0.6,0.6
2,2,1,1,0.0,0.0,0.6677499,0.6677499,0.9999999999985024,0.0,0.0,0.0,0.0,1.0,21.0,29.0,21.0,29.0,PF,Fixed-UCB-1.64sigma-Shield,194,5,0.6,0.6,0.6,0.6,0.6
4,4,1,1,0.0,0.0,0.76313806,0.76313806,0.9999999999986896,0.0,0.0,0.0,0.0,1.0,39.0,11.0,39.0,11.0,Greedy-SLA,Full-CertiTwin-q90,194,5,0.6,0.6,0.6,0.6,0.6
4,4,1,1,0.0,0.0,0.76313806,0.76313806,0.9999999999986896,0.0,0.0,0.0,0.0,1.0,39.0,11.0,39.0,11.0,Greedy-SLA,SLA-Rule-Shield,194,5,0.6,0.6,0.6,0.6,0.6
4,4,1,1,0.0,0.0,0.76313806,0.76313806,0.9999999999986896,0.0,0.0,0.0,0.0,1.0,39.0,11.0,39.0,11.0,Greedy-SLA,Fixed-UCB-1sigma-Shield,194,5,0.6,0.6,0.6,0.6,0.6
4,4,1,1,0.0,0.0,0.76313806,0.76313806,0.9999999999986896,0.0,0.0,0.0,0.0,1.0,39.0,11.0,39.0,11.0,Greedy-SLA,Fixed-UCB-1.64sigma-Shield,194,5,0.6,0.6,0.6,0.6,0.6
4,4,1,1,0.0,0.0,0.76313806,0.76313806,0.9999999999986896,0.0,0.0,0.0,0.0,1.0,39.0,11.0,39.0,11.0,DT-Top1,Full-CertiTwin-q90,194,5,0.6,0.6,0.6,0.6,0.6
4,4,1,1,0.0,0.0,0.76313806,0.76313806,0.9999999999986896,0.0,0.0,0.0,0.0,1.0,39.0,11.0,39.0,11.0,DT-Top1,SLA-Rule-Shield,194,5,0.6,0.6,0.6,0.6,0.6
4,4,1,1,0.0,0.0,0.76313806,0.76313806,0.9999999999986896,0.0,0.0,0.0,0.0,1.0,39.0,11.0,39.0,11.0,DT-Top1,Fixed-UCB-1sigma-Shield,194,5,0.6,0.6,0.6,0.6,0.6
4,4,1,1,0.0,0.0,0.76313806,0.76313806,0.9999999999986896,0.0,0.0,0.0,0.0,1.0,39.0,11.0,39.0,11.0,DT-Top1,Fixed-UCB-1.64sigma-Shield,194,5,0.6,0.6,0.6,0.6,0.6
2,2,1,1,0.0,0.0,0.6506768,0.6506768,0.9999999999984632,0.0,0.0,0.0,0.0,1.0,21.0,29.0,21.0,29.0,PF,Full-CertiTwin-q90,195,5,0.6,0.6,0.6,0.6,0.6
2,2,1,1,0.0,0.0,0.6506768,0.6506768,0.9999999999984632,0.0,0.0,0.0,0.0,1.0,21.0,29.0,21.0,29.0,PF,SLA-Rule-Shield,195,5,0.6,0.6,0.6,0.6,0.6
2,2,1,1,0.0,0.0,0.6506768,0.6506768,0.9999999999984632,0.0,0.0,0.0,0.0,1.0,21.0,29.0,21.0,29.0,PF,Fixed-UCB-1sigma-Shield,195,5,0.6,0.6,0.6,0.6,0.6
2,2,1,1,0.0,0.0,0.6506768,0.6506768,0.9999999999984632,0.0,0.0,0.0,0.0,1.0,21.0,29.0,21.0,29.0,PF,Fixed-UCB-1.64sigma-Shield,195,5,0.6,0.6,0.6,0.6,0.6
4,4,1,1,0.0,0.0,0.76313806,0.76313806,0.9999999999986896,0.0,0.0,0.0,0.0,1.0,39.0,11.0,39.0,11.0,Greedy-SLA,Full-CertiTwin-q90,195,5,0.6,0.6,0.6,0.6,0.6
4,4,1,1,0.0,0.0,0.76313806,0.76313806,0.9999999999986896,0.0,0.0,0.0,0.0,1.0,39.0,11.0,39.0,11.0,Greedy-SLA,SLA-Rule-Shield,195,5,0.6,0.6,0.6,0.6,0.6
4,4,1,1,0.0,0.0,0.76313806,0.76313806,0.9999999999986896,0.0,0.0,0.0,0.0,1.0,39.0,11.0,39.0,11.0,Greedy-SLA,Fixed-UCB-1sigma-Shield,195,5,0.6,0.6,0.6,0.6,0.6
4,4,1,1,0.0,0.0,0.76313806,0.76313806,0.9999999999986896,0.0,0.0,0.0,0.0,1.0,39.0,11.0,39.0,11.0,Greedy-SLA,Fixed-UCB-1.64sigma-Shield,195,5,0.6,0.6,0.6,0.6,0.6
0,2,0,1,1.0,0.0,0.76278657,0.6506768,0.853026030596143,1.0,21.0,0.0,0.0,1.0,0.0,29.0,21.0,29.0,DT-Top1,Full-CertiTwin-q90,195,5,0.6,0.6,0.6,0.6,0.6
0,4,0,1,1.0,0.0,0.76278657,0.76313806,1.000460797309265,1.0,57.0,0.0,0.0,1.0,0.0,29.0,39.0,11.0,DT-Top1,SLA-Rule-Shield,195,5,0.6,0.6,0.6,0.6,0.6
0,2,0,1,1.0,0.0,0.76278657,0.6506768,0.853026030596143,1.0,21.0,0.0,0.0,1.0,0.0,29.0,21.0,29.0,DT-Top1,Fixed-UCB-1sigma-Shield,195,5,0.6,0.6,0.6,0.6,0.6
0,2,0,1,1.0,0.0,0.76278657,0.6506768,0.853026030596143,1.0,21.0,0.0,0.0,1.0,0.0,29.0,21.0,29.0,DT-Top1,Fixed-UCB-1.64sigma-Shield,195,5,0.6,0.6,0.6,0.6,0.6
2,2,1,1,0.0,0.0,0.7186651,0.7186651,0.9999999999986086,0.0,0.0,0.0,0.0,1.0,21.0,29.0,21.0,29.0,PF,Full-CertiTwin-q90,196,5,0.6,0.6,0.6,0.6,0.6
2,2,1,1,0.0,0.0,0.7186651,0.7186651,0.9999999999986086,0.0,0.0,0.0,0.0,1.0,21.0,29.0,21.0,29.0,PF,SLA-Rule-Shield,196,5,0.6,0.6,0.6,0.6,0.6
2,2,1,1,0.0,0.0,0.7186651,0.7186651,0.9999999999986086,0.0,0.0,0.0,0.0,1.0,21.0,29.0,21.0,29.0,PF,Fixed-UCB-1sigma-Shield,196,5,0.6,0.6,0.6,0.6,0.6
2,2,1,1,0.0,0.0,0.7186651,0.7186651,0.9999999999986086,0.0,0.0,0.0,0.0,1.0,21.0,29.0,21.0,29.0,PF,Fixed-UCB-1.64sigma-Shield,196,5,0.6,0.6,0.6,0.6,0.6
4,4,1,1,0.0,0.0,0.76313806,0.76313806,0.9999999999986896,0.0,0.0,0.0,0.0,1.0,39.0,11.0,39.0,11.0,Greedy-SLA,Full-CertiTwin-q90,196,5,0.6,0.6,0.6,0.6,0.6
4,4,1,1,0.0,0.0,0.76313806,0.76313806,0.9999999999986896,0.0,0.0,0.0,0.0,1.0,39.0,11.0,39.0,11.0,Greedy-SLA,SLA-Rule-Shield,196,5,0.6,0.6,0.6,0.6,0.6
4,4,1,1,0.0,0.0,0.76313806,0.76313806,0.9999999999986896,0.0,0.0,0.0,0.0,1.0,39.0,11.0,39.0,11.0,Greedy-SLA,Fixed-UCB-1sigma-Shield,196,5,0.6,0.6,0.6,0.6,0.6
4,4,1,1,0.0,0.0,0.76313806,0.76313806,0.9999999999986896,0.0,0.0,0.0,0.0,1.0,39.0,11.0,39.0,11.0,Greedy-SLA,Fixed-UCB-1.64sigma-Shield,196,5,0.6,0.6,0.6,0.6,0.6
4,4,1,1,0.0,0.0,0.76313806,0.76313806,0.9999999999986896,0.0,0.0,0.0,0.0,1.0,39.0,11.0,39.0,11.0,DT-Top1,Full-CertiTwin-q90,196,5,0.6,0.6,0.6,0.6,0.6
4,4,1,1,0.0,0.0,0.76313806,0.76313806,0.9999999999986896,0.0,0.0,0.0,0.0,1.0,39.0,11.0,39.0,11.0,DT-Top1,SLA-Rule-Shield,196,5,0.6,0.6,0.6,0.6,0.6
4,4,1,1,0.0,0.0,0.76313806,0.76313806,0.9999999999986896,0.0,0.0,0.0,0.0,1.0,39.0,11.0,39.0,11.0,DT-Top1,Fixed-UCB-1sigma-Shield,196,5,0.6,0.6,0.6,0.6,0.6
4,4,1,1,0.0,0.0,0.76313806,0.76313806,0.9999999999986896,0.0,0.0,0.0,0.0,1.0,39.0,11.0,39.0,11.0,DT-Top1,Fixed-UCB-1.64sigma-Shield,196,5,0.6,0.6,0.6,0.6,0.6
2,2,1,1,0.0,0.0,0.6677499,0.6677499,0.9999999999985024,0.0,0.0,0.0,0.0,1.0,21.0,29.0,21.0,29.0,PF,Full-CertiTwin-q90,197,5,0.6,0.6,0.6,0.6,0.6
2,2,1,1,0.0,0.0,0.6677499,0.6677499,0.9999999999985024,0.0,0.0,0.0,0.0,1.0,21.0,29.0,21.0,29.0,PF,SLA-Rule-Shield,197,5,0.6,0.6,0.6,0.6,0.6
2,2,1,1,0.0,0.0,0.6677499,0.6677499,0.9999999999985024,0.0,0.0,0.0,0.0,1.0,21.0,29.0,21.0,29.0,PF,Fixed-UCB-1sigma-Shield,197,5,0.6,0.6,0.6,0.6,0.6
2,2,1,1,0.0,0.0,0.6677499,0.6677499,0.9999999999985024,0.0,0.0,0.0,0.0,1.0,21.0,29.0,21.0,29.0,PF,Fixed-UCB-1.64sigma-Shield,197,5,0.6,0.6,0.6,0.6,0.6
0,2,0,1,1.0,0.0,0.76278657,0.6677499,0.875408569397236,1.0,21.0,0.0,0.0,1.0,0.0,29.0,21.0,29.0,Greedy-SLA,Full-CertiTwin-q90,197,5,0.6,0.6,0.6,0.6,0.6
0,4,0,1,1.0,0.0,0.76278657,0.7566483,0.9919528341971308,1.0,57.0,0.0,0.0,1.0,0.0,29.0,39.0,11.0,Greedy-SLA,SLA-Rule-Shield,197,5,0.6,0.6,0.6,0.6,0.6
0,2,0,1,1.0,0.0,0.76278657,0.6677499,0.875408569397236,1.0,21.0,0.0,0.0,1.0,0.0,29.0,21.0,29.0,Greedy-SLA,Fixed-UCB-1sigma-Shield,197,5,0.6,0.6,0.6,0.6,0.6
0,2,0,1,1.0,0.0,0.76278657,0.6677499,0.875408569397236,1.0,21.0,0.0,0.0,1.0,0.0,29.0,21.0,29.0,Greedy-SLA,Fixed-UCB-1.64sigma-Shield,197,5,0.6,0.6,0.6,0.6,0.6
0,2,0,1,1.0,0.0,0.76278657,0.6677499,0.875408569397236,1.0,21.0,0.0,0.0,1.0,0.0,29.0,21.0,29.0,DT-Top1,Full-CertiTwin-q90,197,5,0.6,0.6,0.6,0.6,0.6
0,4,0,1,1.0,0.0,0.76278657,0.7566483,0.9919528341971308,1.0,57.0,0.0,0.0,1.0,0.0,29.0,39.0,11.0,DT-Top1,SLA-Rule-Shield,197,5,0.6,0.6,0.6,0.6,0.6
0,2,0,1,1.0,0.0,0.76278657,0.6677499,0.875408569397236,1.0,21.0,0.0,0.0,1.0,0.0,29.0,21.0,29.0,DT-Top1,Fixed-UCB-1sigma-Shield,197,5,0.6,0.6,0.6,0.6,0.6
0,2,0,1,1.0,0.0,0.76278657,0.6677499,0.875408569397236,1.0,21.0,0.0,0.0,1.0,0.0,29.0,21.0,29.0,DT-Top1,Fixed-UCB-1.64sigma-Shield,197,5,0.6,0.6,0.6,0.6,0.6
2,2,1,1,0.0,0.0,0.6677499,0.6677499,0.9999999999985024,0.0,0.0,0.0,0.0,1.0,21.0,29.0,21.0,29.0,PF,Full-CertiTwin-q90,198,5,0.6,0.6,0.6,0.6,0.6
2,2,1,1,0.0,0.0,0.6677499,0.6677499,0.9999999999985024,0.0,0.0,0.0,0.0,1.0,21.0,29.0,21.0,29.0,PF,SLA-Rule-Shield,198,5,0.6,0.6,0.6,0.6,0.6
2,2,1,1,0.0,0.0,0.6677499,0.6677499,0.9999999999985024,0.0,0.0,0.0,0.0,1.0,21.0,29.0,21.0,29.0,PF,Fixed-UCB-1sigma-Shield,198,5,0.6,0.6,0.6,0.6,0.6
2,2,1,1,0.0,0.0,0.6677499,0.6677499,0.9999999999985024,0.0,0.0,0.0,0.0,1.0,21.0,29.0,21.0,29.0,PF,Fixed-UCB-1.64sigma-Shield,198,5,0.6,0.6,0.6,0.6,0.6
4,4,1,1,0.0,0.0,0.76313806,0.76313806,0.9999999999986896,0.0,0.0,0.0,0.0,1.0,39.0,11.0,39.0,11.0,Greedy-SLA,Full-CertiTwin-q90,198,5,0.6,0.6,0.6,0.6,0.6
4,4,1,1,0.0,0.0,0.76313806,0.76313806,0.9999999999986896,0.0,0.0,0.0,0.0,1.0,39.0,11.0,39.0,11.0,Greedy-SLA,SLA-Rule-Shield,198,5,0.6,0.6,0.6,0.6,0.6
4,4,1,1,0.0,0.0,0.76313806,0.76313806,0.9999999999986896,0.0,0.0,0.0,0.0,1.0,39.0,11.0,39.0,11.0,Greedy-SLA,Fixed-UCB-1sigma-Shield,198,5,0.6,0.6,0.6,0.6,0.6
4,4,1,1,0.0,0.0,0.76313806,0.76313806,0.9999999999986896,0.0,0.0,0.0,0.0,1.0,39.0,11.0,39.0,11.0,Greedy-SLA,Fixed-UCB-1.64sigma-Shield,198,5,0.6,0.6,0.6,0.6,0.6
0,2,0,1,1.0,0.0,0.76278657,0.6677499,0.875408569397236,1.0,21.0,0.0,0.0,1.0,0.0,29.0,21.0,29.0,DT-Top1,Full-CertiTwin-q90,198,5,0.6,0.6,0.6,0.6,0.6
0,4,0,1,1.0,0.0,0.76278657,0.76313806,1.000460797309265,1.0,57.0,0.0,0.0,1.0,0.0,29.0,39.0,11.0,DT-Top1,SLA-Rule-Shield,198,5,0.6,0.6,0.6,0.6,0.6
0,2,0,1,1.0,0.0,0.76278657,0.6677499,0.875408569397236,1.0,21.0,0.0,0.0,1.0,0.0,29.0,21.0,29.0,DT-Top1,Fixed-UCB-1sigma-Shield,198,5,0.6,0.6,0.6,0.6,0.6
0,2,0,1,1.0,0.0,0.76278657,0.6677499,0.875408569397236,1.0,21.0,0.0,0.0,1.0,0.0,29.0,21.0,29.0,DT-Top1,Fixed-UCB-1.64sigma-Shield,198,5,0.6,0.6,0.6,0.6,0.6
2,2,1,1,0.0,0.0,0.6677499,0.6677499,0.9999999999985024,0.0,0.0,0.0,0.0,1.0,21.0,29.0,21.0,29.0,PF,Full-CertiTwin-q90,199,5,0.6,0.6,0.6,0.6,0.6
2,2,1,1,0.0,0.0,0.6677499,0.6677499,0.9999999999985024,0.0,0.0,0.0,0.0,1.0,21.0,29.0,21.0,29.0,PF,SLA-Rule-Shield,199,5,0.6,0.6,0.6,0.6,0.6
2,2,1,1,0.0,0.0,0.6677499,0.6677499,0.9999999999985024,0.0,0.0,0.0,0.0,1.0,21.0,29.0,21.0,29.0,PF,Fixed-UCB-1sigma-Shield,199,5,0.6,0.6,0.6,0.6,0.6
2,2,1,1,0.0,0.0,0.6677499,0.6677499,0.9999999999985024,0.0,0.0,0.0,0.0,1.0,21.0,29.0,21.0,29.0,PF,Fixed-UCB-1.64sigma-Shield,199,5,0.6,0.6,0.6,0.6,0.6
4,4,1,1,0.0,0.0,0.76313806,0.76313806,0.9999999999986896,0.0,0.0,0.0,0.0,1.0,39.0,11.0,39.0,11.0,Greedy-SLA,Full-CertiTwin-q90,199,5,0.6,0.6,0.6,0.6,0.6
4,4,1,1,0.0,0.0,0.76313806,0.76313806,0.9999999999986896,0.0,0.0,0.0,0.0,1.0,39.0,11.0,39.0,11.0,Greedy-SLA,SLA-Rule-Shield,199,5,0.6,0.6,0.6,0.6,0.6
4,4,1,1,0.0,0.0,0.76313806,0.76313806,0.9999999999986896,0.0,0.0,0.0,0.0,1.0,39.0,11.0,39.0,11.0,Greedy-SLA,Fixed-UCB-1sigma-Shield,199,5,0.6,0.6,0.6,0.6,0.6
4,4,1,1,0.0,0.0,0.76313806,0.76313806,0.9999999999986896,0.0,0.0,0.0,0.0,1.0,39.0,11.0,39.0,11.0,Greedy-SLA,Fixed-UCB-1.64sigma-Shield,199,5,0.6,0.6,0.6,0.6,0.6
0,2,0,1,1.0,0.0,0.77741534,0.6677499,0.8589358424534574,1.0,21.0,0.0,0.0,1.0,0.0,29.0,21.0,29.0,DT-Top1,Full-CertiTwin-q90,199,5,0.6,0.6,0.6,0.6,0.6
0,4,0,1,1.0,0.0,0.77741534,0.76313806,0.981634939180668,1.0,57.0,0.0,0.0,1.0,0.0,29.0,39.0,11.0,DT-Top1,SLA-Rule-Shield,199,5,0.6,0.6,0.6,0.6,0.6
0,2,0,1,1.0,0.0,0.77741534,0.6677499,0.8589358424534574,1.0,21.0,0.0,0.0,1.0,0.0,29.0,21.0,29.0,DT-Top1,Fixed-UCB-1sigma-Shield,199,5,0.6,0.6,0.6,0.6,0.6
0,2,0,1,1.0,0.0,0.77741534,0.6677499,0.8589358424534574,1.0,21.0,0.0,0.0,1.0,0.0,29.0,21.0,29.0,DT-Top1,Fixed-UCB-1.64sigma-Shield,199,5,0.6,0.6,0.6,0.6,0.6
2,2,1,1,0.0,0.0,0.6677499,0.6677499,0.9999999999985024,0.0,0.0,0.0,0.0,1.0,21.0,29.0,21.0,29.0,PF,Full-CertiTwin-q90,200,5,0.6,0.6,0.6,0.6,0.6
2,2,1,1,0.0,0.0,0.6677499,0.6677499,0.9999999999985024,0.0,0.0,0.0,0.0,1.0,21.0,29.0,21.0,29.0,PF,SLA-Rule-Shield,200,5,0.6,0.6,0.6,0.6,0.6
2,2,1,1,0.0,0.0,0.6677499,0.6677499,0.9999999999985024,0.0,0.0,0.0,0.0,1.0,21.0,29.0,21.0,29.0,PF,Fixed-UCB-1sigma-Shield,200,5,0.6,0.6,0.6,0.6,0.6
2,2,1,1,0.0,0.0,0.6677499,0.6677499,0.9999999999985024,0.0,0.0,0.0,0.0,1.0,21.0,29.0,21.0,29.0,PF,Fixed-UCB-1.64sigma-Shield,200,5,0.6,0.6,0.6,0.6,0.6
4,4,1,1,0.0,0.0,0.76313806,0.76313806,0.9999999999986896,0.0,0.0,0.0,0.0,1.0,39.0,11.0,39.0,11.0,Greedy-SLA,Full-CertiTwin-q90,200,5,0.6,0.6,0.6,0.6,0.6
4,4,1,1,0.0,0.0,0.76313806,0.76313806,0.9999999999986896,0.0,0.0,0.0,0.0,1.0,39.0,11.0,39.0,11.0,Greedy-SLA,SLA-Rule-Shield,200,5,0.6,0.6,0.6,0.6,0.6
4,4,1,1,0.0,0.0,0.76313806,0.76313806,0.9999999999986896,0.0,0.0,0.0,0.0,1.0,39.0,11.0,39.0,11.0,Greedy-SLA,Fixed-UCB-1sigma-Shield,200,5,0.6,0.6,0.6,0.6,0.6
4,4,1,1,0.0,0.0,0.76313806,0.76313806,0.9999999999986896,0.0,0.0,0.0,0.0,1.0,39.0,11.0,39.0,11.0,Greedy-SLA,Fixed-UCB-1.64sigma-Shield,200,5,0.6,0.6,0.6,0.6,0.6
4,4,1,1,0.0,0.0,0.76313806,0.76313806,0.9999999999986896,0.0,0.0,0.0,0.0,1.0,39.0,11.0,39.0,11.0,DT-Top1,Full-CertiTwin-q90,200,5,0.6,0.6,0.6,0.6,0.6
4,4,1,1,0.0,0.0,0.76313806,0.76313806,0.9999999999986896,0.0,0.0,0.0,0.0,1.0,39.0,11.0,39.0,11.0,DT-Top1,SLA-Rule-Shield,200,5,0.6,0.6,0.6,0.6,0.6
4,4,1,1,0.0,0.0,0.76313806,0.76313806,0.9999999999986896,0.0,0.0,0.0,0.0,1.0,39.0,11.0,39.0,11.0,DT-Top1,Fixed-UCB-1sigma-Shield,200,5,0.6,0.6,0.6,0.6,0.6
4,4,1,1,0.0,0.0,0.76313806,0.76313806,0.9999999999986896,0.0,0.0,0.0,0.0,1.0,39.0,11.0,39.0,11.0,DT-Top1,Fixed-UCB-1.64sigma-Shield,200,5,0.6,0.6,0.6,0.6,0.6
2,2,1,1,0.0,0.0,0.6677499,0.6677499,0.9999999999985024,0.0,0.0,0.0,0.0,1.0,21.0,29.0,21.0,29.0,PF,Full-CertiTwin-q90,201,5,0.6,0.6,0.6,0.6,0.6
2,2,1,1,0.0,0.0,0.6677499,0.6677499,0.9999999999985024,0.0,0.0,0.0,0.0,1.0,21.0,29.0,21.0,29.0,PF,SLA-Rule-Shield,201,5,0.6,0.6,0.6,0.6,0.6
2,2,1,1,0.0,0.0,0.6677499,0.6677499,0.9999999999985024,0.0,0.0,0.0,0.0,1.0,21.0,29.0,21.0,29.0,PF,Fixed-UCB-1sigma-Shield,201,5,0.6,0.6,0.6,0.6,0.6
2,2,1,1,0.0,0.0,0.6677499,0.6677499,0.9999999999985024,0.0,0.0,0.0,0.0,1.0,21.0,29.0,21.0,29.0,PF,Fixed-UCB-1.64sigma-Shield,201,5,0.6,0.6,0.6,0.6,0.6
4,4,1,1,0.0,0.0,0.74035645,0.74035645,0.9999999999986492,0.0,0.0,0.0,0.0,1.0,39.0,11.0,39.0,11.0,Greedy-SLA,Full-CertiTwin-q90,201,5,0.6,0.6,0.6,0.6,0.6
4,4,1,1,0.0,0.0,0.74035645,0.74035645,0.9999999999986492,0.0,0.0,0.0,0.0,1.0,39.0,11.0,39.0,11.0,Greedy-SLA,SLA-Rule-Shield,201,5,0.6,0.6,0.6,0.6,0.6
4,4,1,1,0.0,0.0,0.74035645,0.74035645,0.9999999999986492,0.0,0.0,0.0,0.0,1.0,39.0,11.0,39.0,11.0,Greedy-SLA,Fixed-UCB-1sigma-Shield,201,5,0.6,0.6,0.6,0.6,0.6
4,4,1,1,0.0,0.0,0.74035645,0.74035645,0.9999999999986492,0.0,0.0,0.0,0.0,1.0,39.0,11.0,39.0,11.0,Greedy-SLA,Fixed-UCB-1.64sigma-Shield,201,5,0.6,0.6,0.6,0.6,0.6
0,2,0,1,1.0,0.0,0.76278657,0.6677499,0.875408569397236,1.0,21.0,0.0,0.0,1.0,0.0,29.0,21.0,29.0,DT-Top1,Full-CertiTwin-q90,201,5,0.6,0.6,0.6,0.6,0.6
0,4,0,1,1.0,0.0,0.76278657,0.74035645,0.9705945006334202,1.0,57.0,0.0,0.0,1.0,0.0,29.0,39.0,11.0,DT-Top1,SLA-Rule-Shield,201,5,0.6,0.6,0.6,0.6,0.6
0,2,0,1,1.0,0.0,0.76278657,0.6677499,0.875408569397236,1.0,21.0,0.0,0.0,1.0,0.0,29.0,21.0,29.0,DT-Top1,Fixed-UCB-1sigma-Shield,201,5,0.6,0.6,0.6,0.6,0.6
0,2,0,1,1.0,0.0,0.76278657,0.6677499,0.875408569397236,1.0,21.0,0.0,0.0,1.0,0.0,29.0,21.0,29.0,DT-Top1,Fixed-UCB-1.64sigma-Shield,201,5,0.6,0.6,0.6,0.6,0.6
2,2,1,1,0.0,0.0,0.6677499,0.6677499,0.9999999999985024,0.0,0.0,0.0,0.0,1.0,21.0,29.0,21.0,29.0,PF,Full-CertiTwin-q90,202,5,0.6,0.6,0.6,0.6,0.6
2,2,1,1,0.0,0.0,0.6677499,0.6677499,0.9999999999985024,0.0,0.0,0.0,0.0,1.0,21.0,29.0,21.0,29.0,PF,SLA-Rule-Shield,202,5,0.6,0.6,0.6,0.6,0.6
2,2,1,1,0.0,0.0,0.6677499,0.6677499,0.9999999999985024,0.0,0.0,0.0,0.0,1.0,21.0,29.0,21.0,29.0,PF,Fixed-UCB-1sigma-Shield,202,5,0.6,0.6,0.6,0.6,0.6
2,2,1,1,0.0,0.0,0.6677499,0.6677499,0.9999999999985024,0.0,0.0,0.0,0.0,1.0,21.0,29.0,21.0,29.0,PF,Fixed-UCB-1.64sigma-Shield,202,5,0.6,0.6,0.6,0.6,0.6
4,4,1,1,0.0,0.0,0.76313806,0.76313806,0.9999999999986896,0.0,0.0,0.0,0.0,1.0,39.0,11.0,39.0,11.0,Greedy-SLA,Full-CertiTwin-q90,202,5,0.6,0.6,0.6,0.6,0.6
4,4,1,1,0.0,0.0,0.76313806,0.76313806,0.9999999999986896,0.0,0.0,0.0,0.0,1.0,39.0,11.0,39.0,11.0,Greedy-SLA,SLA-Rule-Shield,202,5,0.6,0.6,0.6,0.6,0.6
4,4,1,1,0.0,0.0,0.76313806,0.76313806,0.9999999999986896,0.0,0.0,0.0,0.0,1.0,39.0,11.0,39.0,11.0,Greedy-SLA,Fixed-UCB-1sigma-Shield,202,5,0.6,0.6,0.6,0.6,0.6
4,4,1,1,0.0,0.0,0.76313806,0.76313806,0.9999999999986896,0.0,0.0,0.0,0.0,1.0,39.0,11.0,39.0,11.0,Greedy-SLA,Fixed-UCB-1.64sigma-Shield,202,5,0.6,0.6,0.6,0.6,0.6
0,2,0,1,1.0,0.0,0.77050835,0.6677499,0.8666355140721491,1.0,21.0,0.0,0.0,1.0,0.0,29.0,21.0,29.0,DT-Top1,Full-CertiTwin-q90,202,5,0.6,0.6,0.6,0.6,0.6
0,4,0,1,1.0,0.0,0.77050835,0.76313806,0.990434509890788,1.0,57.0,0.0,0.0,1.0,0.0,29.0,39.0,11.0,DT-Top1,SLA-Rule-Shield,202,5,0.6,0.6,0.6,0.6,0.6
0,2,0,1,1.0,0.0,0.77050835,0.6677499,0.8666355140721491,1.0,21.0,0.0,0.0,1.0,0.0,29.0,21.0,29.0,DT-Top1,Fixed-UCB-1sigma-Shield,202,5,0.6,0.6,0.6,0.6,0.6
0,2,0,1,1.0,0.0,0.77050835,0.6677499,0.8666355140721491,1.0,21.0,0.0,0.0,1.0,0.0,29.0,21.0,29.0,DT-Top1,Fixed-UCB-1.64sigma-Shield,202,5,0.6,0.6,0.6,0.6,0.6
2,2,1,1,0.0,0.0,0.6677499,0.6677499,0.9999999999985024,0.0,0.0,0.0,0.0,1.0,21.0,29.0,21.0,29.0,PF,Full-CertiTwin-q90,203,5,0.6,0.6,0.6,0.6,0.6
2,2,1,1,0.0,0.0,0.6677499,0.6677499,0.9999999999985024,0.0,0.0,0.0,0.0,1.0,21.0,29.0,21.0,29.0,PF,SLA-Rule-Shield,203,5,0.6,0.6,0.6,0.6,0.6
2,2,1,1,0.0,0.0,0.6677499,0.6677499,0.9999999999985024,0.0,0.0,0.0,0.0,1.0,21.0,29.0,21.0,29.0,PF,Fixed-UCB-1sigma-Shield,203,5,0.6,0.6,0.6,0.6,0.6
2,2,1,1,0.0,0.0,0.6677499,0.6677499,0.9999999999985024,0.0,0.0,0.0,0.0,1.0,21.0,29.0,21.0,29.0,PF,Fixed-UCB-1.64sigma-Shield,203,5,0.6,0.6,0.6,0.6,0.6
4,4,1,1,0.0,0.0,0.7566483,0.7566483,0.9999999999986784,0.0,0.0,0.0,0.0,1.0,39.0,11.0,39.0,11.0,Greedy-SLA,Full-CertiTwin-q90,203,5,0.6,0.6,0.6,0.6,0.6
4,4,1,1,0.0,0.0,0.7566483,0.7566483,0.9999999999986784,0.0,0.0,0.0,0.0,1.0,39.0,11.0,39.0,11.0,Greedy-SLA,SLA-Rule-Shield,203,5,0.6,0.6,0.6,0.6,0.6
4,4,1,1,0.0,0.0,0.7566483,0.7566483,0.9999999999986784,0.0,0.0,0.0,0.0,1.0,39.0,11.0,39.0,11.0,Greedy-SLA,Fixed-UCB-1sigma-Shield,203,5,0.6,0.6,0.6,0.6,0.6
4,4,1,1,0.0,0.0,0.7566483,0.7566483,0.9999999999986784,0.0,0.0,0.0,0.0,1.0,39.0,11.0,39.0,11.0,Greedy-SLA,Fixed-UCB-1.64sigma-Shield,203,5,0.6,0.6,0.6,0.6,0.6
4,4,1,1,0.0,0.0,0.7566483,0.7566483,0.9999999999986784,0.0,0.0,0.0,0.0,1.0,39.0,11.0,39.0,11.0,DT-Top1,Full-CertiTwin-q90,203,5,0.6,0.6,0.6,0.6,0.6
4,4,1,1,0.0,0.0,0.7566483,0.7566483,0.9999999999986784,0.0,0.0,0.0,0.0,1.0,39.0,11.0,39.0,11.0,DT-Top1,SLA-Rule-Shield,203,5,0.6,0.6,0.6,0.6,0.6
4,4,1,1,0.0,0.0,0.7566483,0.7566483,0.9999999999986784,0.0,0.0,0.0,0.0,1.0,39.0,11.0,39.0,11.0,DT-Top1,Fixed-UCB-1sigma-Shield,203,5,0.6,0.6,0.6,0.6,0.6
4,4,1,1,0.0,0.0,0.7566483,0.7566483,0.9999999999986784,0.0,0.0,0.0,0.0,1.0,39.0,11.0,39.0,11.0,DT-Top1,Fixed-UCB-1.64sigma-Shield,203,5,0.6,0.6,0.6,0.6,0.6
2,2,1,1,0.0,0.0,0.6677499,0.6677499,0.9999999999985024,0.0,0.0,0.0,0.0,1.0,21.0,29.0,21.0,29.0,PF,Full-CertiTwin-q90,204,5,0.6,0.6,0.6,0.6,0.6
2,2,1,1,0.0,0.0,0.6677499,0.6677499,0.9999999999985024,0.0,0.0,0.0,0.0,1.0,21.0,29.0,21.0,29.0,PF,SLA-Rule-Shield,204,5,0.6,0.6,0.6,0.6,0.6
2,2,1,1,0.0,0.0,0.6677499,0.6677499,0.9999999999985024,0.0,0.0,0.0,0.0,1.0,21.0,29.0,21.0,29.0,PF,Fixed-UCB-1sigma-Shield,204,5,0.6,0.6,0.6,0.6,0.6
2,2,1,1,0.0,0.0,0.6677499,0.6677499,0.9999999999985024,0.0,0.0,0.0,0.0,1.0,21.0,29.0,21.0,29.0,PF,Fixed-UCB-1.64sigma-Shield,204,5,0.6,0.6,0.6,0.6,0.6
4,4,1,1,0.0,0.0,0.76313806,0.76313806,0.9999999999986896,0.0,0.0,0.0,0.0,1.0,39.0,11.0,39.0,11.0,Greedy-SLA,Full-CertiTwin-q90,204,5,0.6,0.6,0.6,0.6,0.6
4,4,1,1,0.0,0.0,0.76313806,0.76313806,0.9999999999986896,0.0,0.0,0.0,0.0,1.0,39.0,11.0,39.0,11.0,Greedy-SLA,SLA-Rule-Shield,204,5,0.6,0.6,0.6,0.6,0.6
4,4,1,1,0.0,0.0,0.76313806,0.76313806,0.9999999999986896,0.0,0.0,0.0,0.0,1.0,39.0,11.0,39.0,11.0,Greedy-SLA,Fixed-UCB-1sigma-Shield,204,5,0.6,0.6,0.6,0.6,0.6
4,4,1,1,0.0,0.0,0.76313806,0.76313806,0.9999999999986896,0.0,0.0,0.0,0.0,1.0,39.0,11.0,39.0,11.0,Greedy-SLA,Fixed-UCB-1.64sigma-Shield,204,5,0.6,0.6,0.6,0.6,0.6
4,4,1,1,0.0,0.0,0.76313806,0.76313806,0.9999999999986896,0.0,0.0,0.0,0.0,1.0,39.0,11.0,39.0,11.0,DT-Top1,Full-CertiTwin-q90,204,5,0.6,0.6,0.6,0.6,0.6
4,4,1,1,0.0,0.0,0.76313806,0.76313806,0.9999999999986896,0.0,0.0,0.0,0.0,1.0,39.0,11.0,39.0,11.0,DT-Top1,SLA-Rule-Shield,204,5,0.6,0.6,0.6,0.6,0.6
4,4,1,1,0.0,0.0,0.76313806,0.76313806,0.9999999999986896,0.0,0.0,0.0,0.0,1.0,39.0,11.0,39.0,11.0,DT-Top1,Fixed-UCB-1sigma-Shield,204,5,0.6,0.6,0.6,0.6,0.6
4,4,1,1,0.0,0.0,0.76313806,0.76313806,0.9999999999986896,0.0,0.0,0.0,0.0,1.0,39.0,11.0,39.0,11.0,DT-Top1,Fixed-UCB-1.64sigma-Shield,204,5,0.6,0.6,0.6,0.6,0.6
2,2,1,1,0.0,0.0,0.6682329,0.6682329,0.9999999999985036,0.0,0.0,0.0,0.0,1.0,21.0,29.0,21.0,29.0,PF,Full-CertiTwin-q90,205,5,0.6,0.6,0.6,0.6,0.6
2,2,1,1,0.0,0.0,0.6682329,0.6682329,0.9999999999985036,0.0,0.0,0.0,0.0,1.0,21.0,29.0,21.0,29.0,PF,SLA-Rule-Shield,205,5,0.6,0.6,0.6,0.6,0.6
2,2,1,1,0.0,0.0,0.6682329,0.6682329,0.9999999999985036,0.0,0.0,0.0,0.0,1.0,21.0,29.0,21.0,29.0,PF,Fixed-UCB-1sigma-Shield,205,5,0.6,0.6,0.6,0.6,0.6
2,2,1,1,0.0,0.0,0.6682329,0.6682329,0.9999999999985036,0.0,0.0,0.0,0.0,1.0,21.0,29.0,21.0,29.0,PF,Fixed-UCB-1.64sigma-Shield,205,5,0.6,0.6,0.6,0.6,0.6
4,4,1,1,0.0,0.0,0.76313806,0.76313806,0.9999999999986896,0.0,0.0,0.0,0.0,1.0,39.0,11.0,39.0,11.0,Greedy-SLA,Full-CertiTwin-q90,205,5,0.6,0.6,0.6,0.6,0.6
4,4,1,1,0.0,0.0,0.76313806,0.76313806,0.9999999999986896,0.0,0.0,0.0,0.0,1.0,39.0,11.0,39.0,11.0,Greedy-SLA,SLA-Rule-Shield,205,5,0.6,0.6,0.6,0.6,0.6
4,4,1,1,0.0,0.0,0.76313806,0.76313806,0.9999999999986896,0.0,0.0,0.0,0.0,1.0,39.0,11.0,39.0,11.0,Greedy-SLA,Fixed-UCB-1sigma-Shield,205,5,0.6,0.6,0.6,0.6,0.6
4,4,1,1,0.0,0.0,0.76313806,0.76313806,0.9999999999986896,0.0,0.0,0.0,0.0,1.0,39.0,11.0,39.0,11.0,Greedy-SLA,Fixed-UCB-1.64sigma-Shield,205,5,0.6,0.6,0.6,0.6,0.6
0,2,0,1,1.0,0.0,0.76278657,0.6682329,0.8760417740431953,1.0,21.0,0.0,0.0,1.0,0.0,29.0,21.0,29.0,DT-Top1,Full-CertiTwin-q90,205,5,0.6,0.6,0.6,0.6,0.6
0,4,0,1,1.0,0.0,0.76278657,0.76313806,1.000460797309265,1.0,57.0,0.0,0.0,1.0,0.0,29.0,39.0,11.0,DT-Top1,SLA-Rule-Shield,205,5,0.6,0.6,0.6,0.6,0.6
0,2,0,1,1.0,0.0,0.76278657,0.6682329,0.8760417740431953,1.0,21.0,0.0,0.0,1.0,0.0,29.0,21.0,29.0,DT-Top1,Fixed-UCB-1sigma-Shield,205,5,0.6,0.6,0.6,0.6,0.6
0,2,0,1,1.0,0.0,0.76278657,0.6682329,0.8760417740431953,1.0,21.0,0.0,0.0,1.0,0.0,29.0,21.0,29.0,DT-Top1,Fixed-UCB-1.64sigma-Shield,205,5,0.6,0.6,0.6,0.6,0.6
2,2,1,1,0.0,0.0,0.6677499,0.6677499,0.9999999999985024,0.0,0.0,0.0,0.0,1.0,21.0,29.0,21.0,29.0,PF,Full-CertiTwin-q90,206,5,0.6,0.6,0.6,0.6,0.6
2,2,1,1,0.0,0.0,0.6677499,0.6677499,0.9999999999985024,0.0,0.0,0.0,0.0,1.0,21.0,29.0,21.0,29.0,PF,SLA-Rule-Shield,206,5,0.6,0.6,0.6,0.6,0.6
2,2,1,1,0.0,0.0,0.6677499,0.6677499,0.9999999999985024,0.0,0.0,0.0,0.0,1.0,21.0,29.0,21.0,29.0,PF,Fixed-UCB-1sigma-Shield,206,5,0.6,0.6,0.6,0.6,0.6
2,2,1,1,0.0,0.0,0.6677499,0.6677499,0.9999999999985024,0.0,0.0,0.0,0.0,1.0,21.0,29.0,21.0,29.0,PF,Fixed-UCB-1.64sigma-Shield,206,5,0.6,0.6,0.6,0.6,0.6
4,4,1,1,0.0,0.0,0.74035645,0.74035645,0.9999999999986492,0.0,0.0,0.0,0.0,1.0,39.0,11.0,39.0,11.0,Greedy-SLA,Full-CertiTwin-q90,206,5,0.6,0.6,0.6,0.6,0.6
4,4,1,1,0.0,0.0,0.74035645,0.74035645,0.9999999999986492,0.0,0.0,0.0,0.0,1.0,39.0,11.0,39.0,11.0,Greedy-SLA,SLA-Rule-Shield,206,5,0.6,0.6,0.6,0.6,0.6
4,4,1,1,0.0,0.0,0.74035645,0.74035645,0.9999999999986492,0.0,0.0,0.0,0.0,1.0,39.0,11.0,39.0,11.0,Greedy-SLA,Fixed-UCB-1sigma-Shield,206,5,0.6,0.6,0.6,0.6,0.6
4,4,1,1,0.0,0.0,0.74035645,0.74035645,0.9999999999986492,0.0,0.0,0.0,0.0,1.0,39.0,11.0,39.0,11.0,Greedy-SLA,Fixed-UCB-1.64sigma-Shield,206,5,0.6,0.6,0.6,0.6,0.6
0,2,0,1,1.0,0.0,0.76278657,0.6677499,0.875408569397236,1.0,21.0,0.0,0.0,1.0,0.0,29.0,21.0,29.0,DT-Top1,Full-CertiTwin-q90,206,5,0.6,0.6,0.6,0.6,0.6
0,4,0,1,1.0,0.0,0.76278657,0.74035645,0.9705945006334202,1.0,57.0,0.0,0.0,1.0,0.0,29.0,39.0,11.0,DT-Top1,SLA-Rule-Shield,206,5,0.6,0.6,0.6,0.6,0.6
0,2,0,1,1.0,0.0,0.76278657,0.6677499,0.875408569397236,1.0,21.0,0.0,0.0,1.0,0.0,29.0,21.0,29.0,DT-Top1,Fixed-UCB-1sigma-Shield,206,5,0.6,0.6,0.6,0.6,0.6
0,2,0,1,1.0,0.0,0.76278657,0.6677499,0.875408569397236,1.0,21.0,0.0,0.0,1.0,0.0,29.0,21.0,29.0,DT-Top1,Fixed-UCB-1.64sigma-Shield,206,5,0.6,0.6,0.6,0.6,0.6
2,2,1,1,0.0,0.0,0.6506768,0.6506768,0.9999999999984632,0.0,0.0,0.0,0.0,1.0,21.0,29.0,21.0,29.0,PF,Full-CertiTwin-q90,207,5,0.6,0.6,0.6,0.6,0.6
2,2,1,1,0.0,0.0,0.6506768,0.6506768,0.9999999999984632,0.0,0.0,0.0,0.0,1.0,21.0,29.0,21.0,29.0,PF,SLA-Rule-Shield,207,5,0.6,0.6,0.6,0.6,0.6
2,2,1,1,0.0,0.0,0.6506768,0.6506768,0.9999999999984632,0.0,0.0,0.0,0.0,1.0,21.0,29.0,21.0,29.0,PF,Fixed-UCB-1sigma-Shield,207,5,0.6,0.6,0.6,0.6,0.6
2,2,1,1,0.0,0.0,0.6506768,0.6506768,0.9999999999984632,0.0,0.0,0.0,0.0,1.0,21.0,29.0,21.0,29.0,PF,Fixed-UCB-1.64sigma-Shield,207,5,0.6,0.6,0.6,0.6,0.6
4,4,1,1,0.0,0.0,0.76313806,0.76313806,0.9999999999986896,0.0,0.0,0.0,0.0,1.0,39.0,11.0,39.0,11.0,Greedy-SLA,Full-CertiTwin-q90,207,5,0.6,0.6,0.6,0.6,0.6
4,4,1,1,0.0,0.0,0.76313806,0.76313806,0.9999999999986896,0.0,0.0,0.0,0.0,1.0,39.0,11.0,39.0,11.0,Greedy-SLA,SLA-Rule-Shield,207,5,0.6,0.6,0.6,0.6,0.6
4,4,1,1,0.0,0.0,0.76313806,0.76313806,0.9999999999986896,0.0,0.0,0.0,0.0,1.0,39.0,11.0,39.0,11.0,Greedy-SLA,Fixed-UCB-1sigma-Shield,207,5,0.6,0.6,0.6,0.6,0.6
4,4,1,1,0.0,0.0,0.76313806,0.76313806,0.9999999999986896,0.0,0.0,0.0,0.0,1.0,39.0,11.0,39.0,11.0,Greedy-SLA,Fixed-UCB-1.64sigma-Shield,207,5,0.6,0.6,0.6,0.6,0.6
0,2,0,1,1.0,0.0,0.76278657,0.6506768,0.853026030596143,1.0,21.0,0.0,0.0,1.0,0.0,29.0,21.0,29.0,DT-Top1,Full-CertiTwin-q90,207,5,0.6,0.6,0.6,0.6,0.6
0,4,0,1,1.0,0.0,0.76278657,0.76313806,1.000460797309265,1.0,57.0,0.0,0.0,1.0,0.0,29.0,39.0,11.0,DT-Top1,SLA-Rule-Shield,207,5,0.6,0.6,0.6,0.6,0.6
0,2,0,1,1.0,0.0,0.76278657,0.6506768,0.853026030596143,1.0,21.0,0.0,0.0,1.0,0.0,29.0,21.0,29.0,DT-Top1,Fixed-UCB-1sigma-Shield,207,5,0.6,0.6,0.6,0.6,0.6
0,2,0,1,1.0,0.0,0.76278657,0.6506768,0.853026030596143,1.0,21.0,0.0,0.0,1.0,0.0,29.0,21.0,29.0,DT-Top1,Fixed-UCB-1.64sigma-Shield,207,5,0.6,0.6,0.6,0.6,0.6
2,2,1,1,0.0,0.0,0.65129316,0.65129316,0.9999999999984648,0.0,0.0,0.0,0.0,1.0,21.0,29.0,21.0,29.0,PF,Full-CertiTwin-q90,208,5,0.6,0.6,0.6,0.6,0.6
2,2,1,1,0.0,0.0,0.65129316,0.65129316,0.9999999999984648,0.0,0.0,0.0,0.0,1.0,21.0,29.0,21.0,29.0,PF,SLA-Rule-Shield,208,5,0.6,0.6,0.6,0.6,0.6
2,2,1,1,0.0,0.0,0.65129316,0.65129316,0.9999999999984648,0.0,0.0,0.0,0.0,1.0,21.0,29.0,21.0,29.0,PF,Fixed-UCB-1sigma-Shield,208,5,0.6,0.6,0.6,0.6,0.6
2,2,1,1,0.0,0.0,0.65129316,0.65129316,0.9999999999984648,0.0,0.0,0.0,0.0,1.0,21.0,29.0,21.0,29.0,PF,Fixed-UCB-1.64sigma-Shield,208,5,0.6,0.6,0.6,0.6,0.6
4,4,1,1,0.0,0.0,0.76313806,0.76313806,0.9999999999986896,0.0,0.0,0.0,0.0,1.0,39.0,11.0,39.0,11.0,Greedy-SLA,Full-CertiTwin-q90,208,5,0.6,0.6,0.6,0.6,0.6
4,4,1,1,0.0,0.0,0.76313806,0.76313806,0.9999999999986896,0.0,0.0,0.0,0.0,1.0,39.0,11.0,39.0,11.0,Greedy-SLA,SLA-Rule-Shield,208,5,0.6,0.6,0.6,0.6,0.6
4,4,1,1,0.0,0.0,0.76313806,0.76313806,0.9999999999986896,0.0,0.0,0.0,0.0,1.0,39.0,11.0,39.0,11.0,Greedy-SLA,Fixed-UCB-1sigma-Shield,208,5,0.6,0.6,0.6,0.6,0.6
4,4,1,1,0.0,0.0,0.76313806,0.76313806,0.9999999999986896,0.0,0.0,0.0,0.0,1.0,39.0,11.0,39.0,11.0,Greedy-SLA,Fixed-UCB-1.64sigma-Shield,208,5,0.6,0.6,0.6,0.6,0.6
4,4,1,1,0.0,0.0,0.76313806,0.76313806,0.9999999999986896,0.0,0.0,0.0,0.0,1.0,39.0,11.0,39.0,11.0,DT-Top1,Full-CertiTwin-q90,208,5,0.6,0.6,0.6,0.6,0.6
4,4,1,1,0.0,0.0,0.76313806,0.76313806,0.9999999999986896,0.0,0.0,0.0,0.0,1.0,39.0,11.0,39.0,11.0,DT-Top1,SLA-Rule-Shield,208,5,0.6,0.6,0.6,0.6,0.6
4,4,1,1,0.0,0.0,0.76313806,0.76313806,0.9999999999986896,0.0,0.0,0.0,0.0,1.0,39.0,11.0,39.0,11.0,DT-Top1,Fixed-UCB-1sigma-Shield,208,5,0.6,0.6,0.6,0.6,0.6
4,4,1,1,0.0,0.0,0.76313806,0.76313806,0.9999999999986896,0.0,0.0,0.0,0.0,1.0,39.0,11.0,39.0,11.0,DT-Top1,Fixed-UCB-1.64sigma-Shield,208,5,0.6,0.6,0.6,0.6,0.6
2,2,1,1,0.0,0.0,0.6677499,0.6677499,0.9999999999985024,0.0,0.0,0.0,0.0,1.0,21.0,29.0,21.0,29.0,PF,Full-CertiTwin-q90,209,5,0.6,0.6,0.6,0.6,0.6
2,2,1,1,0.0,0.0,0.6677499,0.6677499,0.9999999999985024,0.0,0.0,0.0,0.0,1.0,21.0,29.0,21.0,29.0,PF,SLA-Rule-Shield,209,5,0.6,0.6,0.6,0.6,0.6
2,2,1,1,0.0,0.0,0.6677499,0.6677499,0.9999999999985024,0.0,0.0,0.0,0.0,1.0,21.0,29.0,21.0,29.0,PF,Fixed-UCB-1sigma-Shield,209,5,0.6,0.6,0.6,0.6,0.6
2,2,1,1,0.0,0.0,0.6677499,0.6677499,0.9999999999985024,0.0,0.0,0.0,0.0,1.0,21.0,29.0,21.0,29.0,PF,Fixed-UCB-1.64sigma-Shield,209,5,0.6,0.6,0.6,0.6,0.6
4,4,1,1,0.0,0.0,0.76313806,0.76313806,0.9999999999986896,0.0,0.0,0.0,0.0,1.0,39.0,11.0,39.0,11.0,Greedy-SLA,Full-CertiTwin-q90,209,5,0.6,0.6,0.6,0.6,0.6
4,4,1,1,0.0,0.0,0.76313806,0.76313806,0.9999999999986896,0.0,0.0,0.0,0.0,1.0,39.0,11.0,39.0,11.0,Greedy-SLA,SLA-Rule-Shield,209,5,0.6,0.6,0.6,0.6,0.6
4,4,1,1,0.0,0.0,0.76313806,0.76313806,0.9999999999986896,0.0,0.0,0.0,0.0,1.0,39.0,11.0,39.0,11.0,Greedy-SLA,Fixed-UCB-1sigma-Shield,209,5,0.6,0.6,0.6,0.6,0.6
4,4,1,1,0.0,0.0,0.76313806,0.76313806,0.9999999999986896,0.0,0.0,0.0,0.0,1.0,39.0,11.0,39.0,11.0,Greedy-SLA,Fixed-UCB-1.64sigma-Shield,209,5,0.6,0.6,0.6,0.6,0.6
0,2,0,1,1.0,0.0,0.76278657,0.6677499,0.875408569397236,1.0,21.0,0.0,0.0,1.0,0.0,29.0,21.0,29.0,DT-Top1,Full-CertiTwin-q90,209,5,0.6,0.6,0.6,0.6,0.6
0,4,0,1,1.0,0.0,0.76278657,0.76313806,1.000460797309265,1.0,57.0,0.0,0.0,1.0,0.0,29.0,39.0,11.0,DT-Top1,SLA-Rule-Shield,209,5,0.6,0.6,0.6,0.6,0.6
0,2,0,1,1.0,0.0,0.76278657,0.6677499,0.875408569397236,1.0,21.0,0.0,0.0,1.0,0.0,29.0,21.0,29.0,DT-Top1,Fixed-UCB-1sigma-Shield,209,5,0.6,0.6,0.6,0.6,0.6
0,2,0,1,1.0,0.0,0.76278657,0.6677499,0.875408569397236,1.0,21.0,0.0,0.0,1.0,0.0,29.0,21.0,29.0,DT-Top1,Fixed-UCB-1.64sigma-Shield,209,5,0.6,0.6,0.6,0.6,0.6
2,2,1,1,0.0,0.0,0.6682329,0.6682329,0.9999999999985036,0.0,0.0,0.0,0.0,1.0,21.0,29.0,21.0,29.0,PF,Full-CertiTwin-q90,210,5,0.6,0.6,0.6,0.6,0.6
2,2,1,1,0.0,0.0,0.6682329,0.6682329,0.9999999999985036,0.0,0.0,0.0,0.0,1.0,21.0,29.0,21.0,29.0,PF,SLA-Rule-Shield,210,5,0.6,0.6,0.6,0.6,0.6
2,2,1,1,0.0,0.0,0.6682329,0.6682329,0.9999999999985036,0.0,0.0,0.0,0.0,1.0,21.0,29.0,21.0,29.0,PF,Fixed-UCB-1sigma-Shield,210,5,0.6,0.6,0.6,0.6,0.6
2,2,1,1,0.0,0.0,0.6682329,0.6682329,0.9999999999985036,0.0,0.0,0.0,0.0,1.0,21.0,29.0,21.0,29.0,PF,Fixed-UCB-1.64sigma-Shield,210,5,0.6,0.6,0.6,0.6,0.6
4,4,1,1,0.0,0.0,0.76313806,0.76313806,0.9999999999986896,0.0,0.0,0.0,0.0,1.0,39.0,11.0,39.0,11.0,Greedy-SLA,Full-CertiTwin-q90,210,5,0.6,0.6,0.6,0.6,0.6
4,4,1,1,0.0,0.0,0.76313806,0.76313806,0.9999999999986896,0.0,0.0,0.0,0.0,1.0,39.0,11.0,39.0,11.0,Greedy-SLA,SLA-Rule-Shield,210,5,0.6,0.6,0.6,0.6,0.6
4,4,1,1,0.0,0.0,0.76313806,0.76313806,0.9999999999986896,0.0,0.0,0.0,0.0,1.0,39.0,11.0,39.0,11.0,Greedy-SLA,Fixed-UCB-1sigma-Shield,210,5,0.6,0.6,0.6,0.6,0.6
4,4,1,1,0.0,0.0,0.76313806,0.76313806,0.9999999999986896,0.0,0.0,0.0,0.0,1.0,39.0,11.0,39.0,11.0,Greedy-SLA,Fixed-UCB-1.64sigma-Shield,210,5,0.6,0.6,0.6,0.6,0.6
4,4,1,1,0.0,0.0,0.76313806,0.76313806,0.9999999999986896,0.0,0.0,0.0,0.0,1.0,39.0,11.0,39.0,11.0,DT-Top1,Full-CertiTwin-q90,210,5,0.6,0.6,0.6,0.6,0.6
4,4,1,1,0.0,0.0,0.76313806,0.76313806,0.9999999999986896,0.0,0.0,0.0,0.0,1.0,39.0,11.0,39.0,11.0,DT-Top1,SLA-Rule-Shield,210,5,0.6,0.6,0.6,0.6,0.6
4,4,1,1,0.0,0.0,0.76313806,0.76313806,0.9999999999986896,0.0,0.0,0.0,0.0,1.0,39.0,11.0,39.0,11.0,DT-Top1,Fixed-UCB-1sigma-Shield,210,5,0.6,0.6,0.6,0.6,0.6
4,4,1,1,0.0,0.0,0.76313806,0.76313806,0.9999999999986896,0.0,0.0,0.0,0.0,1.0,39.0,11.0,39.0,11.0,DT-Top1,Fixed-UCB-1.64sigma-Shield,210,5,0.6,0.6,0.6,0.6,0.6
2,2,1,1,0.0,0.0,0.6677499,0.6677499,0.9999999999985024,0.0,0.0,0.0,0.0,1.0,21.0,29.0,21.0,29.0,PF,Full-CertiTwin-q90,211,5,0.6,0.6,0.6,0.6,0.6
2,2,1,1,0.0,0.0,0.6677499,0.6677499,0.9999999999985024,0.0,0.0,0.0,0.0,1.0,21.0,29.0,21.0,29.0,PF,SLA-Rule-Shield,211,5,0.6,0.6,0.6,0.6,0.6
2,2,1,1,0.0,0.0,0.6677499,0.6677499,0.9999999999985024,0.0,0.0,0.0,0.0,1.0,21.0,29.0,21.0,29.0,PF,Fixed-UCB-1sigma-Shield,211,5,0.6,0.6,0.6,0.6,0.6
2,2,1,1,0.0,0.0,0.6677499,0.6677499,0.9999999999985024,0.0,0.0,0.0,0.0,1.0,21.0,29.0,21.0,29.0,PF,Fixed-UCB-1.64sigma-Shield,211,5,0.6,0.6,0.6,0.6,0.6
4,4,1,1,0.0,0.0,0.76313806,0.76313806,0.9999999999986896,0.0,0.0,0.0,0.0,1.0,39.0,11.0,39.0,11.0,Greedy-SLA,Full-CertiTwin-q90,211,5,0.6,0.6,0.6,0.6,0.6
4,4,1,1,0.0,0.0,0.76313806,0.76313806,0.9999999999986896,0.0,0.0,0.0,0.0,1.0,39.0,11.0,39.0,11.0,Greedy-SLA,SLA-Rule-Shield,211,5,0.6,0.6,0.6,0.6,0.6
4,4,1,1,0.0,0.0,0.76313806,0.76313806,0.9999999999986896,0.0,0.0,0.0,0.0,1.0,39.0,11.0,39.0,11.0,Greedy-SLA,Fixed-UCB-1sigma-Shield,211,5,0.6,0.6,0.6,0.6,0.6
4,4,1,1,0.0,0.0,0.76313806,0.76313806,0.9999999999986896,0.0,0.0,0.0,0.0,1.0,39.0,11.0,39.0,11.0,Greedy-SLA,Fixed-UCB-1.64sigma-Shield,211,5,0.6,0.6,0.6,0.6,0.6
4,4,1,1,0.0,0.0,0.76313806,0.76313806,0.9999999999986896,0.0,0.0,0.0,0.0,1.0,39.0,11.0,39.0,11.0,DT-Top1,Full-CertiTwin-q90,211,5,0.6,0.6,0.6,0.6,0.6
4,4,1,1,0.0,0.0,0.76313806,0.76313806,0.9999999999986896,0.0,0.0,0.0,0.0,1.0,39.0,11.0,39.0,11.0,DT-Top1,SLA-Rule-Shield,211,5,0.6,0.6,0.6,0.6,0.6
4,4,1,1,0.0,0.0,0.76313806,0.76313806,0.9999999999986896,0.0,0.0,0.0,0.0,1.0,39.0,11.0,39.0,11.0,DT-Top1,Fixed-UCB-1sigma-Shield,211,5,0.6,0.6,0.6,0.6,0.6
4,4,1,1,0.0,0.0,0.76313806,0.76313806,0.9999999999986896,0.0,0.0,0.0,0.0,1.0,39.0,11.0,39.0,11.0,DT-Top1,Fixed-UCB-1.64sigma-Shield,211,5,0.6,0.6,0.6,0.6,0.6
2,2,1,1,0.0,0.0,0.6677499,0.6677499,0.9999999999985024,0.0,0.0,0.0,0.0,1.0,21.0,29.0,21.0,29.0,PF,Full-CertiTwin-q90,212,5,0.6,0.6,0.6,0.6,0.6
2,2,1,1,0.0,0.0,0.6677499,0.6677499,0.9999999999985024,0.0,0.0,0.0,0.0,1.0,21.0,29.0,21.0,29.0,PF,SLA-Rule-Shield,212,5,0.6,0.6,0.6,0.6,0.6
2,2,1,1,0.0,0.0,0.6677499,0.6677499,0.9999999999985024,0.0,0.0,0.0,0.0,1.0,21.0,29.0,21.0,29.0,PF,Fixed-UCB-1sigma-Shield,212,5,0.6,0.6,0.6,0.6,0.6
2,2,1,1,0.0,0.0,0.6677499,0.6677499,0.9999999999985024,0.0,0.0,0.0,0.0,1.0,21.0,29.0,21.0,29.0,PF,Fixed-UCB-1.64sigma-Shield,212,5,0.6,0.6,0.6,0.6,0.6
4,4,1,1,0.0,0.0,0.7566483,0.7566483,0.9999999999986784,0.0,0.0,0.0,0.0,1.0,39.0,11.0,39.0,11.0,Greedy-SLA,Full-CertiTwin-q90,212,5,0.6,0.6,0.6,0.6,0.6
4,4,1,1,0.0,0.0,0.7566483,0.7566483,0.9999999999986784,0.0,0.0,0.0,0.0,1.0,39.0,11.0,39.0,11.0,Greedy-SLA,SLA-Rule-Shield,212,5,0.6,0.6,0.6,0.6,0.6
4,4,1,1,0.0,0.0,0.7566483,0.7566483,0.9999999999986784,0.0,0.0,0.0,0.0,1.0,39.0,11.0,39.0,11.0,Greedy-SLA,Fixed-UCB-1sigma-Shield,212,5,0.6,0.6,0.6,0.6,0.6
4,4,1,1,0.0,0.0,0.7566483,0.7566483,0.9999999999986784,0.0,0.0,0.0,0.0,1.0,39.0,11.0,39.0,11.0,Greedy-SLA,Fixed-UCB-1.64sigma-Shield,212,5,0.6,0.6,0.6,0.6,0.6
0,2,0,1,1.0,0.0,0.76278657,0.6677499,0.875408569397236,1.0,21.0,0.0,0.0,1.0,0.0,29.0,21.0,29.0,DT-Top1,Full-CertiTwin-q90,212,5,0.6,0.6,0.6,0.6,0.6
0,4,0,1,1.0,0.0,0.76278657,0.7566483,0.9919528341971308,1.0,57.0,0.0,0.0,1.0,0.0,29.0,39.0,11.0,DT-Top1,SLA-Rule-Shield,212,5,0.6,0.6,0.6,0.6,0.6
0,2,0,1,1.0,0.0,0.76278657,0.6677499,0.875408569397236,1.0,21.0,0.0,0.0,1.0,0.0,29.0,21.0,29.0,DT-Top1,Fixed-UCB-1sigma-Shield,212,5,0.6,0.6,0.6,0.6,0.6
0,2,0,1,1.0,0.0,0.76278657,0.6677499,0.875408569397236,1.0,21.0,0.0,0.0,1.0,0.0,29.0,21.0,29.0,DT-Top1,Fixed-UCB-1.64sigma-Shield,212,5,0.6,0.6,0.6,0.6,0.6
2,2,1,1,0.0,0.0,0.65129316,0.65129316,0.9999999999984648,0.0,0.0,0.0,0.0,1.0,21.0,29.0,21.0,29.0,PF,Full-CertiTwin-q90,213,5,0.6,0.6,0.6,0.6,0.6
2,2,1,1,0.0,0.0,0.65129316,0.65129316,0.9999999999984648,0.0,0.0,0.0,0.0,1.0,21.0,29.0,21.0,29.0,PF,SLA-Rule-Shield,213,5,0.6,0.6,0.6,0.6,0.6
2,2,1,1,0.0,0.0,0.65129316,0.65129316,0.9999999999984648,0.0,0.0,0.0,0.0,1.0,21.0,29.0,21.0,29.0,PF,Fixed-UCB-1sigma-Shield,213,5,0.6,0.6,0.6,0.6,0.6
2,2,1,1,0.0,0.0,0.65129316,0.65129316,0.9999999999984648,0.0,0.0,0.0,0.0,1.0,21.0,29.0,21.0,29.0,PF,Fixed-UCB-1.64sigma-Shield,213,5,0.6,0.6,0.6,0.6,0.6
4,4,1,1,0.0,0.0,0.76313806,0.76313806,0.9999999999986896,0.0,0.0,0.0,0.0,1.0,39.0,11.0,39.0,11.0,Greedy-SLA,Full-CertiTwin-q90,213,5,0.6,0.6,0.6,0.6,0.6
4,4,1,1,0.0,0.0,0.76313806,0.76313806,0.9999999999986896,0.0,0.0,0.0,0.0,1.0,39.0,11.0,39.0,11.0,Greedy-SLA,SLA-Rule-Shield,213,5,0.6,0.6,0.6,0.6,0.6
4,4,1,1,0.0,0.0,0.76313806,0.76313806,0.9999999999986896,0.0,0.0,0.0,0.0,1.0,39.0,11.0,39.0,11.0,Greedy-SLA,Fixed-UCB-1sigma-Shield,213,5,0.6,0.6,0.6,0.6,0.6
4,4,1,1,0.0,0.0,0.76313806,0.76313806,0.9999999999986896,0.0,0.0,0.0,0.0,1.0,39.0,11.0,39.0,11.0,Greedy-SLA,Fixed-UCB-1.64sigma-Shield,213,5,0.6,0.6,0.6,0.6,0.6
0,2,0,1,1.0,0.0,0.76278657,0.65129316,0.8538340678954877,1.0,21.0,0.0,0.0,1.0,0.0,29.0,21.0,29.0,DT-Top1,Full-CertiTwin-q90,213,5,0.6,0.6,0.6,0.6,0.6
0,4,0,1,1.0,0.0,0.76278657,0.76313806,1.000460797309265,1.0,57.0,0.0,0.0,1.0,0.0,29.0,39.0,11.0,DT-Top1,SLA-Rule-Shield,213,5,0.6,0.6,0.6,0.6,0.6
0,2,0,1,1.0,0.0,0.76278657,0.65129316,0.8538340678954877,1.0,21.0,0.0,0.0,1.0,0.0,29.0,21.0,29.0,DT-Top1,Fixed-UCB-1sigma-Shield,213,5,0.6,0.6,0.6,0.6,0.6
0,2,0,1,1.0,0.0,0.76278657,0.65129316,0.8538340678954877,1.0,21.0,0.0,0.0,1.0,0.0,29.0,21.0,29.0,DT-Top1,Fixed-UCB-1.64sigma-Shield,213,5,0.6,0.6,0.6,0.6,0.6
2,2,1,1,0.0,0.0,0.6677499,0.6677499,0.9999999999985024,0.0,0.0,0.0,0.0,1.0,21.0,29.0,21.0,29.0,PF,Full-CertiTwin-q90,214,5,0.6,0.6,0.6,0.6,0.6
2,2,1,1,0.0,0.0,0.6677499,0.6677499,0.9999999999985024,0.0,0.0,0.0,0.0,1.0,21.0,29.0,21.0,29.0,PF,SLA-Rule-Shield,214,5,0.6,0.6,0.6,0.6,0.6
2,2,1,1,0.0,0.0,0.6677499,0.6677499,0.9999999999985024,0.0,0.0,0.0,0.0,1.0,21.0,29.0,21.0,29.0,PF,Fixed-UCB-1sigma-Shield,214,5,0.6,0.6,0.6,0.6,0.6
2,2,1,1,0.0,0.0,0.6677499,0.6677499,0.9999999999985024,0.0,0.0,0.0,0.0,1.0,21.0,29.0,21.0,29.0,PF,Fixed-UCB-1.64sigma-Shield,214,5,0.6,0.6,0.6,0.6,0.6
4,4,1,1,0.0,0.0,0.76313806,0.76313806,0.9999999999986896,0.0,0.0,0.0,0.0,1.0,39.0,11.0,39.0,11.0,Greedy-SLA,Full-CertiTwin-q90,214,5,0.6,0.6,0.6,0.6,0.6
4,4,1,1,0.0,0.0,0.76313806,0.76313806,0.9999999999986896,0.0,0.0,0.0,0.0,1.0,39.0,11.0,39.0,11.0,Greedy-SLA,SLA-Rule-Shield,214,5,0.6,0.6,0.6,0.6,0.6
4,4,1,1,0.0,0.0,0.76313806,0.76313806,0.9999999999986896,0.0,0.0,0.0,0.0,1.0,39.0,11.0,39.0,11.0,Greedy-SLA,Fixed-UCB-1sigma-Shield,214,5,0.6,0.6,0.6,0.6,0.6
4,4,1,1,0.0,0.0,0.76313806,0.76313806,0.9999999999986896,0.0,0.0,0.0,0.0,1.0,39.0,11.0,39.0,11.0,Greedy-SLA,Fixed-UCB-1.64sigma-Shield,214,5,0.6,0.6,0.6,0.6,0.6
0,2,0,1,1.0,0.0,0.76278657,0.6677499,0.875408569397236,1.0,21.0,0.0,0.0,1.0,0.0,29.0,21.0,29.0,DT-Top1,Full-CertiTwin-q90,214,5,0.6,0.6,0.6,0.6,0.6
0,4,0,1,1.0,0.0,0.76278657,0.76313806,1.000460797309265,1.0,57.0,0.0,0.0,1.0,0.0,29.0,39.0,11.0,DT-Top1,SLA-Rule-Shield,214,5,0.6,0.6,0.6,0.6,0.6
0,2,0,1,1.0,0.0,0.76278657,0.6677499,0.875408569397236,1.0,21.0,0.0,0.0,1.0,0.0,29.0,21.0,29.0,DT-Top1,Fixed-UCB-1sigma-Shield,214,5,0.6,0.6,0.6,0.6,0.6
0,2,0,1,1.0,0.0,0.76278657,0.6677499,0.875408569397236,1.0,21.0,0.0,0.0,1.0,0.0,29.0,21.0,29.0,DT-Top1,Fixed-UCB-1.64sigma-Shield,214,5,0.6,0.6,0.6,0.6,0.6
2,2,1,1,0.0,0.0,0.6780778,0.6780778,0.9999999999985252,0.0,0.0,0.0,0.0,1.0,21.0,29.0,21.0,29.0,PF,Full-CertiTwin-q90,215,5,0.6,0.6,0.6,0.6,0.6
2,2,1,1,0.0,0.0,0.6780778,0.6780778,0.9999999999985252,0.0,0.0,0.0,0.0,1.0,21.0,29.0,21.0,29.0,PF,SLA-Rule-Shield,215,5,0.6,0.6,0.6,0.6,0.6
2,2,1,1,0.0,0.0,0.6780778,0.6780778,0.9999999999985252,0.0,0.0,0.0,0.0,1.0,21.0,29.0,21.0,29.0,PF,Fixed-UCB-1sigma-Shield,215,5,0.6,0.6,0.6,0.6,0.6
2,2,1,1,0.0,0.0,0.6780778,0.6780778,0.9999999999985252,0.0,0.0,0.0,0.0,1.0,21.0,29.0,21.0,29.0,PF,Fixed-UCB-1.64sigma-Shield,215,5,0.6,0.6,0.6,0.6,0.6
4,4,1,1,0.0,0.0,0.76313806,0.76313806,0.9999999999986896,0.0,0.0,0.0,0.0,1.0,39.0,11.0,39.0,11.0,Greedy-SLA,Full-CertiTwin-q90,215,5,0.6,0.6,0.6,0.6,0.6
4,4,1,1,0.0,0.0,0.76313806,0.76313806,0.9999999999986896,0.0,0.0,0.0,0.0,1.0,39.0,11.0,39.0,11.0,Greedy-SLA,SLA-Rule-Shield,215,5,0.6,0.6,0.6,0.6,0.6
4,4,1,1,0.0,0.0,0.76313806,0.76313806,0.9999999999986896,0.0,0.0,0.0,0.0,1.0,39.0,11.0,39.0,11.0,Greedy-SLA,Fixed-UCB-1sigma-Shield,215,5,0.6,0.6,0.6,0.6,0.6
4,4,1,1,0.0,0.0,0.76313806,0.76313806,0.9999999999986896,0.0,0.0,0.0,0.0,1.0,39.0,11.0,39.0,11.0,Greedy-SLA,Fixed-UCB-1.64sigma-Shield,215,5,0.6,0.6,0.6,0.6,0.6
0,2,0,1,1.0,0.0,0.76278657,0.6780778,0.8889482676643231,1.0,21.0,0.0,0.0,1.0,0.0,29.0,21.0,29.0,DT-Top1,Full-CertiTwin-q90,215,5,0.6,0.6,0.6,0.6,0.6
0,4,0,1,1.0,0.0,0.76278657,0.76313806,1.000460797309265,1.0,57.0,0.0,0.0,1.0,0.0,29.0,39.0,11.0,DT-Top1,SLA-Rule-Shield,215,5,0.6,0.6,0.6,0.6,0.6
0,2,0,1,1.0,0.0,0.76278657,0.6780778,0.8889482676643231,1.0,21.0,0.0,0.0,1.0,0.0,29.0,21.0,29.0,DT-Top1,Fixed-UCB-1sigma-Shield,215,5,0.6,0.6,0.6,0.6,0.6
0,2,0,1,1.0,0.0,0.76278657,0.6780778,0.8889482676643231,1.0,21.0,0.0,0.0,1.0,0.0,29.0,21.0,29.0,DT-Top1,Fixed-UCB-1.64sigma-Shield,215,5,0.6,0.6,0.6,0.6,0.6
2,2,1,1,0.0,0.0,0.6677499,0.6677499,0.9999999999985024,0.0,0.0,0.0,0.0,1.0,21.0,29.0,21.0,29.0,PF,Full-CertiTwin-q90,216,5,0.6,0.6,0.6,0.6,0.6
2,2,1,1,0.0,0.0,0.6677499,0.6677499,0.9999999999985024,0.0,0.0,0.0,0.0,1.0,21.0,29.0,21.0,29.0,PF,SLA-Rule-Shield,216,5,0.6,0.6,0.6,0.6,0.6
2,2,1,1,0.0,0.0,0.6677499,0.6677499,0.9999999999985024,0.0,0.0,0.0,0.0,1.0,21.0,29.0,21.0,29.0,PF,Fixed-UCB-1sigma-Shield,216,5,0.6,0.6,0.6,0.6,0.6
2,2,1,1,0.0,0.0,0.6677499,0.6677499,0.9999999999985024,0.0,0.0,0.0,0.0,1.0,21.0,29.0,21.0,29.0,PF,Fixed-UCB-1.64sigma-Shield,216,5,0.6,0.6,0.6,0.6,0.6
4,4,1,1,0.0,0.0,0.76313806,0.76313806,0.9999999999986896,0.0,0.0,0.0,0.0,1.0,39.0,11.0,39.0,11.0,Greedy-SLA,Full-CertiTwin-q90,216,5,0.6,0.6,0.6,0.6,0.6
4,4,1,1,0.0,0.0,0.76313806,0.76313806,0.9999999999986896,0.0,0.0,0.0,0.0,1.0,39.0,11.0,39.0,11.0,Greedy-SLA,SLA-Rule-Shield,216,5,0.6,0.6,0.6,0.6,0.6
4,4,1,1,0.0,0.0,0.76313806,0.76313806,0.9999999999986896,0.0,0.0,0.0,0.0,1.0,39.0,11.0,39.0,11.0,Greedy-SLA,Fixed-UCB-1sigma-Shield,216,5,0.6,0.6,0.6,0.6,0.6
4,4,1,1,0.0,0.0,0.76313806,0.76313806,0.9999999999986896,0.0,0.0,0.0,0.0,1.0,39.0,11.0,39.0,11.0,Greedy-SLA,Fixed-UCB-1.64sigma-Shield,216,5,0.6,0.6,0.6,0.6,0.6
0,2,0,1,1.0,0.0,0.76278657,0.6677499,0.875408569397236,1.0,21.0,0.0,0.0,1.0,0.0,29.0,21.0,29.0,DT-Top1,Full-CertiTwin-q90,216,5,0.6,0.6,0.6,0.6,0.6
0,4,0,1,1.0,0.0,0.76278657,0.76313806,1.000460797309265,1.0,57.0,0.0,0.0,1.0,0.0,29.0,39.0,11.0,DT-Top1,SLA-Rule-Shield,216,5,0.6,0.6,0.6,0.6,0.6
0,2,0,1,1.0,0.0,0.76278657,0.6677499,0.875408569397236,1.0,21.0,0.0,0.0,1.0,0.0,29.0,21.0,29.0,DT-Top1,Fixed-UCB-1sigma-Shield,216,5,0.6,0.6,0.6,0.6,0.6
0,2,0,1,1.0,0.0,0.76278657,0.6677499,0.875408569397236,1.0,21.0,0.0,0.0,1.0,0.0,29.0,21.0,29.0,DT-Top1,Fixed-UCB-1.64sigma-Shield,216,5,0.6,0.6,0.6,0.6,0.6
2,2,1,1,0.0,0.0,0.6677499,0.6677499,0.9999999999985024,0.0,0.0,0.0,0.0,1.0,21.0,29.0,21.0,29.0,PF,Full-CertiTwin-q90,217,5,0.6,0.6,0.6,0.6,0.6
2,2,1,1,0.0,0.0,0.6677499,0.6677499,0.9999999999985024,0.0,0.0,0.0,0.0,1.0,21.0,29.0,21.0,29.0,PF,SLA-Rule-Shield,217,5,0.6,0.6,0.6,0.6,0.6
2,2,1,1,0.0,0.0,0.6677499,0.6677499,0.9999999999985024,0.0,0.0,0.0,0.0,1.0,21.0,29.0,21.0,29.0,PF,Fixed-UCB-1sigma-Shield,217,5,0.6,0.6,0.6,0.6,0.6
2,2,1,1,0.0,0.0,0.6677499,0.6677499,0.9999999999985024,0.0,0.0,0.0,0.0,1.0,21.0,29.0,21.0,29.0,PF,Fixed-UCB-1.64sigma-Shield,217,5,0.6,0.6,0.6,0.6,0.6
4,4,1,1,0.0,0.0,0.76313806,0.76313806,0.9999999999986896,0.0,0.0,0.0,0.0,1.0,39.0,11.0,39.0,11.0,Greedy-SLA,Full-CertiTwin-q90,217,5,0.6,0.6,0.6,0.6,0.6
4,4,1,1,0.0,0.0,0.76313806,0.76313806,0.9999999999986896,0.0,0.0,0.0,0.0,1.0,39.0,11.0,39.0,11.0,Greedy-SLA,SLA-Rule-Shield,217,5,0.6,0.6,0.6,0.6,0.6
4,4,1,1,0.0,0.0,0.76313806,0.76313806,0.9999999999986896,0.0,0.0,0.0,0.0,1.0,39.0,11.0,39.0,11.0,Greedy-SLA,Fixed-UCB-1sigma-Shield,217,5,0.6,0.6,0.6,0.6,0.6
4,4,1,1,0.0,0.0,0.76313806,0.76313806,0.9999999999986896,0.0,0.0,0.0,0.0,1.0,39.0,11.0,39.0,11.0,Greedy-SLA,Fixed-UCB-1.64sigma-Shield,217,5,0.6,0.6,0.6,0.6,0.6
4,4,1,1,0.0,0.0,0.76313806,0.76313806,0.9999999999986896,0.0,0.0,0.0,0.0,1.0,39.0,11.0,39.0,11.0,DT-Top1,Full-CertiTwin-q90,217,5,0.6,0.6,0.6,0.6,0.6
4,4,1,1,0.0,0.0,0.76313806,0.76313806,0.9999999999986896,0.0,0.0,0.0,0.0,1.0,39.0,11.0,39.0,11.0,DT-Top1,SLA-Rule-Shield,217,5,0.6,0.6,0.6,0.6,0.6
4,4,1,1,0.0,0.0,0.76313806,0.76313806,0.9999999999986896,0.0,0.0,0.0,0.0,1.0,39.0,11.0,39.0,11.0,DT-Top1,Fixed-UCB-1sigma-Shield,217,5,0.6,0.6,0.6,0.6,0.6
4,4,1,1,0.0,0.0,0.76313806,0.76313806,0.9999999999986896,0.0,0.0,0.0,0.0,1.0,39.0,11.0,39.0,11.0,DT-Top1,Fixed-UCB-1.64sigma-Shield,217,5,0.6,0.6,0.6,0.6,0.6
2,2,1,1,0.0,0.0,0.6677499,0.6677499,0.9999999999985024,0.0,0.0,0.0,0.0,1.0,21.0,29.0,21.0,29.0,PF,Full-CertiTwin-q90,218,5,0.6,0.6,0.6,0.6,0.6
2,2,1,1,0.0,0.0,0.6677499,0.6677499,0.9999999999985024,0.0,0.0,0.0,0.0,1.0,21.0,29.0,21.0,29.0,PF,SLA-Rule-Shield,218,5,0.6,0.6,0.6,0.6,0.6
2,2,1,1,0.0,0.0,0.6677499,0.6677499,0.9999999999985024,0.0,0.0,0.0,0.0,1.0,21.0,29.0,21.0,29.0,PF,Fixed-UCB-1sigma-Shield,218,5,0.6,0.6,0.6,0.6,0.6
2,2,1,1,0.0,0.0,0.6677499,0.6677499,0.9999999999985024,0.0,0.0,0.0,0.0,1.0,21.0,29.0,21.0,29.0,PF,Fixed-UCB-1.64sigma-Shield,218,5,0.6,0.6,0.6,0.6,0.6
4,4,1,1,0.0,0.0,0.76313806,0.76313806,0.9999999999986896,0.0,0.0,0.0,0.0,1.0,39.0,11.0,39.0,11.0,Greedy-SLA,Full-CertiTwin-q90,218,5,0.6,0.6,0.6,0.6,0.6
4,4,1,1,0.0,0.0,0.76313806,0.76313806,0.9999999999986896,0.0,0.0,0.0,0.0,1.0,39.0,11.0,39.0,11.0,Greedy-SLA,SLA-Rule-Shield,218,5,0.6,0.6,0.6,0.6,0.6
4,4,1,1,0.0,0.0,0.76313806,0.76313806,0.9999999999986896,0.0,0.0,0.0,0.0,1.0,39.0,11.0,39.0,11.0,Greedy-SLA,Fixed-UCB-1sigma-Shield,218,5,0.6,0.6,0.6,0.6,0.6
4,4,1,1,0.0,0.0,0.76313806,0.76313806,0.9999999999986896,0.0,0.0,0.0,0.0,1.0,39.0,11.0,39.0,11.0,Greedy-SLA,Fixed-UCB-1.64sigma-Shield,218,5,0.6,0.6,0.6,0.6,0.6
4,4,1,1,0.0,0.0,0.76313806,0.76313806,0.9999999999986896,0.0,0.0,0.0,0.0,1.0,39.0,11.0,39.0,11.0,DT-Top1,Full-CertiTwin-q90,218,5,0.6,0.6,0.6,0.6,0.6
4,4,1,1,0.0,0.0,0.76313806,0.76313806,0.9999999999986896,0.0,0.0,0.0,0.0,1.0,39.0,11.0,39.0,11.0,DT-Top1,SLA-Rule-Shield,218,5,0.6,0.6,0.6,0.6,0.6
4,4,1,1,0.0,0.0,0.76313806,0.76313806,0.9999999999986896,0.0,0.0,0.0,0.0,1.0,39.0,11.0,39.0,11.0,DT-Top1,Fixed-UCB-1sigma-Shield,218,5,0.6,0.6,0.6,0.6,0.6
4,4,1,1,0.0,0.0,0.76313806,0.76313806,0.9999999999986896,0.0,0.0,0.0,0.0,1.0,39.0,11.0,39.0,11.0,DT-Top1,Fixed-UCB-1.64sigma-Shield,218,5,0.6,0.6,0.6,0.6,0.6
2,2,1,1,0.0,0.0,0.6677499,0.6677499,0.9999999999985024,0.0,0.0,0.0,0.0,1.0,21.0,29.0,21.0,29.0,PF,Full-CertiTwin-q90,219,5,0.6,0.6,0.6,0.6,0.6
2,2,1,1,0.0,0.0,0.6677499,0.6677499,0.9999999999985024,0.0,0.0,0.0,0.0,1.0,21.0,29.0,21.0,29.0,PF,SLA-Rule-Shield,219,5,0.6,0.6,0.6,0.6,0.6
2,2,1,1,0.0,0.0,0.6677499,0.6677499,0.9999999999985024,0.0,0.0,0.0,0.0,1.0,21.0,29.0,21.0,29.0,PF,Fixed-UCB-1sigma-Shield,219,5,0.6,0.6,0.6,0.6,0.6
2,2,1,1,0.0,0.0,0.6677499,0.6677499,0.9999999999985024,0.0,0.0,0.0,0.0,1.0,21.0,29.0,21.0,29.0,PF,Fixed-UCB-1.64sigma-Shield,219,5,0.6,0.6,0.6,0.6,0.6
4,4,1,1,0.0,0.0,0.76313806,0.76313806,0.9999999999986896,0.0,0.0,0.0,0.0,1.0,39.0,11.0,39.0,11.0,Greedy-SLA,Full-CertiTwin-q90,219,5,0.6,0.6,0.6,0.6,0.6
4,4,1,1,0.0,0.0,0.76313806,0.76313806,0.9999999999986896,0.0,0.0,0.0,0.0,1.0,39.0,11.0,39.0,11.0,Greedy-SLA,SLA-Rule-Shield,219,5,0.6,0.6,0.6,0.6,0.6
4,4,1,1,0.0,0.0,0.76313806,0.76313806,0.9999999999986896,0.0,0.0,0.0,0.0,1.0,39.0,11.0,39.0,11.0,Greedy-SLA,Fixed-UCB-1sigma-Shield,219,5,0.6,0.6,0.6,0.6,0.6
4,4,1,1,0.0,0.0,0.76313806,0.76313806,0.9999999999986896,0.0,0.0,0.0,0.0,1.0,39.0,11.0,39.0,11.0,Greedy-SLA,Fixed-UCB-1.64sigma-Shield,219,5,0.6,0.6,0.6,0.6,0.6
0,2,0,1,1.0,0.0,0.7592471,0.6677499,0.8794895627512053,1.0,21.0,0.0,0.0,1.0,0.0,29.0,21.0,29.0,DT-Top1,Full-CertiTwin-q90,219,5,0.6,0.6,0.6,0.6,0.6
0,4,0,1,1.0,0.0,0.7592471,0.76313806,1.0051247610942404,1.0,57.0,0.0,0.0,1.0,0.0,29.0,39.0,11.0,DT-Top1,SLA-Rule-Shield,219,5,0.6,0.6,0.6,0.6,0.6
0,2,0,1,1.0,0.0,0.7592471,0.6677499,0.8794895627512053,1.0,21.0,0.0,0.0,1.0,0.0,29.0,21.0,29.0,DT-Top1,Fixed-UCB-1sigma-Shield,219,5,0.6,0.6,0.6,0.6,0.6
0,2,0,1,1.0,0.0,0.7592471,0.6677499,0.8794895627512053,1.0,21.0,0.0,0.0,1.0,0.0,29.0,21.0,29.0,DT-Top1,Fixed-UCB-1.64sigma-Shield,219,5,0.6,0.6,0.6,0.6,0.6
2,2,1,1,0.0,0.0,0.6682329,0.6682329,0.9999999999985036,0.0,0.0,0.0,0.0,1.0,21.0,29.0,21.0,29.0,PF,Full-CertiTwin-q90,220,5,0.6,0.6,0.6,0.6,0.6
2,2,1,1,0.0,0.0,0.6682329,0.6682329,0.9999999999985036,0.0,0.0,0.0,0.0,1.0,21.0,29.0,21.0,29.0,PF,SLA-Rule-Shield,220,5,0.6,0.6,0.6,0.6,0.6
2,2,1,1,0.0,0.0,0.6682329,0.6682329,0.9999999999985036,0.0,0.0,0.0,0.0,1.0,21.0,29.0,21.0,29.0,PF,Fixed-UCB-1sigma-Shield,220,5,0.6,0.6,0.6,0.6,0.6
2,2,1,1,0.0,0.0,0.6682329,0.6682329,0.9999999999985036,0.0,0.0,0.0,0.0,1.0,21.0,29.0,21.0,29.0,PF,Fixed-UCB-1.64sigma-Shield,220,5,0.6,0.6,0.6,0.6,0.6
4,4,1,1,0.0,0.0,0.76313806,0.76313806,0.9999999999986896,0.0,0.0,0.0,0.0,1.0,39.0,11.0,39.0,11.0,Greedy-SLA,Full-CertiTwin-q90,220,5,0.6,0.6,0.6,0.6,0.6
4,4,1,1,0.0,0.0,0.76313806,0.76313806,0.9999999999986896,0.0,0.0,0.0,0.0,1.0,39.0,11.0,39.0,11.0,Greedy-SLA,SLA-Rule-Shield,220,5,0.6,0.6,0.6,0.6,0.6
4,4,1,1,0.0,0.0,0.76313806,0.76313806,0.9999999999986896,0.0,0.0,0.0,0.0,1.0,39.0,11.0,39.0,11.0,Greedy-SLA,Fixed-UCB-1sigma-Shield,220,5,0.6,0.6,0.6,0.6,0.6
4,4,1,1,0.0,0.0,0.76313806,0.76313806,0.9999999999986896,0.0,0.0,0.0,0.0,1.0,39.0,11.0,39.0,11.0,Greedy-SLA,Fixed-UCB-1.64sigma-Shield,220,5,0.6,0.6,0.6,0.6,0.6
0,2,0,1,1.0,0.0,0.76278657,0.6682329,0.8760417740431953,1.0,21.0,0.0,0.0,1.0,0.0,29.0,21.0,29.0,DT-Top1,Full-CertiTwin-q90,220,5,0.6,0.6,0.6,0.6,0.6
0,4,0,1,1.0,0.0,0.76278657,0.76313806,1.000460797309265,1.0,57.0,0.0,0.0,1.0,0.0,29.0,39.0,11.0,DT-Top1,SLA-Rule-Shield,220,5,0.6,0.6,0.6,0.6,0.6
0,2,0,1,1.0,0.0,0.76278657,0.6682329,0.8760417740431953,1.0,21.0,0.0,0.0,1.0,0.0,29.0,21.0,29.0,DT-Top1,Fixed-UCB-1sigma-Shield,220,5,0.6,0.6,0.6,0.6,0.6
0,2,0,1,1.0,0.0,0.76278657,0.6682329,0.8760417740431953,1.0,21.0,0.0,0.0,1.0,0.0,29.0,21.0,29.0,DT-Top1,Fixed-UCB-1.64sigma-Shield,220,5,0.6,0.6,0.6,0.6,0.6
2,2,1,1,0.0,0.0,0.6677499,0.6677499,0.9999999999985024,0.0,0.0,0.0,0.0,1.0,21.0,29.0,21.0,29.0,PF,Full-CertiTwin-q90,221,5,0.6,0.6,0.6,0.6,0.6
2,2,1,1,0.0,0.0,0.6677499,0.6677499,0.9999999999985024,0.0,0.0,0.0,0.0,1.0,21.0,29.0,21.0,29.0,PF,SLA-Rule-Shield,221,5,0.6,0.6,0.6,0.6,0.6
2,2,1,1,0.0,0.0,0.6677499,0.6677499,0.9999999999985024,0.0,0.0,0.0,0.0,1.0,21.0,29.0,21.0,29.0,PF,Fixed-UCB-1sigma-Shield,221,5,0.6,0.6,0.6,0.6,0.6
2,2,1,1,0.0,0.0,0.6677499,0.6677499,0.9999999999985024,0.0,0.0,0.0,0.0,1.0,21.0,29.0,21.0,29.0,PF,Fixed-UCB-1.64sigma-Shield,221,5,0.6,0.6,0.6,0.6,0.6
4,4,1,1,0.0,0.0,0.75664926,0.75664926,0.9999999999986784,0.0,0.0,0.0,0.0,1.0,39.0,11.0,39.0,11.0,Greedy-SLA,Full-CertiTwin-q90,221,5,0.6,0.6,0.6,0.6,0.6
4,4,1,1,0.0,0.0,0.75664926,0.75664926,0.9999999999986784,0.0,0.0,0.0,0.0,1.0,39.0,11.0,39.0,11.0,Greedy-SLA,SLA-Rule-Shield,221,5,0.6,0.6,0.6,0.6,0.6
4,4,1,1,0.0,0.0,0.75664926,0.75664926,0.9999999999986784,0.0,0.0,0.0,0.0,1.0,39.0,11.0,39.0,11.0,Greedy-SLA,Fixed-UCB-1sigma-Shield,221,5,0.6,0.6,0.6,0.6,0.6
4,4,1,1,0.0,0.0,0.75664926,0.75664926,0.9999999999986784,0.0,0.0,0.0,0.0,1.0,39.0,11.0,39.0,11.0,Greedy-SLA,Fixed-UCB-1.64sigma-Shield,221,5,0.6,0.6,0.6,0.6,0.6
0,2,0,1,1.0,0.0,0.76278657,0.6677499,0.875408569397236,1.0,21.0,0.0,0.0,1.0,0.0,29.0,21.0,29.0,DT-Top1,Full-CertiTwin-q90,221,5,0.6,0.6,0.6,0.6,0.6
0,4,0,1,1.0,0.0,0.76278657,0.75664926,0.9919540927405264,1.0,57.0,0.0,0.0,1.0,0.0,29.0,39.0,11.0,DT-Top1,SLA-Rule-Shield,221,5,0.6,0.6,0.6,0.6,0.6
0,2,0,1,1.0,0.0,0.76278657,0.6677499,0.875408569397236,1.0,21.0,0.0,0.0,1.0,0.0,29.0,21.0,29.0,DT-Top1,Fixed-UCB-1sigma-Shield,221,5,0.6,0.6,0.6,0.6,0.6
0,2,0,1,1.0,0.0,0.76278657,0.6677499,0.875408569397236,1.0,21.0,0.0,0.0,1.0,0.0,29.0,21.0,29.0,DT-Top1,Fixed-UCB-1.64sigma-Shield,221,5,0.6,0.6,0.6,0.6,0.6
2,2,1,1,0.0,0.0,0.6677499,0.6677499,0.9999999999985024,0.0,0.0,0.0,0.0,1.0,21.0,29.0,21.0,29.0,PF,Full-CertiTwin-q90,222,5,0.6,0.6,0.6,0.6,0.6
2,2,1,1,0.0,0.0,0.6677499,0.6677499,0.9999999999985024,0.0,0.0,0.0,0.0,1.0,21.0,29.0,21.0,29.0,PF,SLA-Rule-Shield,222,5,0.6,0.6,0.6,0.6,0.6
2,2,1,1,0.0,0.0,0.6677499,0.6677499,0.9999999999985024,0.0,0.0,0.0,0.0,1.0,21.0,29.0,21.0,29.0,PF,Fixed-UCB-1sigma-Shield,222,5,0.6,0.6,0.6,0.6,0.6
2,2,1,1,0.0,0.0,0.6677499,0.6677499,0.9999999999985024,0.0,0.0,0.0,0.0,1.0,21.0,29.0,21.0,29.0,PF,Fixed-UCB-1.64sigma-Shield,222,5,0.6,0.6,0.6,0.6,0.6
4,4,1,1,0.0,0.0,0.76313806,0.76313806,0.9999999999986896,0.0,0.0,0.0,0.0,1.0,39.0,11.0,39.0,11.0,Greedy-SLA,Full-CertiTwin-q90,222,5,0.6,0.6,0.6,0.6,0.6
4,4,1,1,0.0,0.0,0.76313806,0.76313806,0.9999999999986896,0.0,0.0,0.0,0.0,1.0,39.0,11.0,39.0,11.0,Greedy-SLA,SLA-Rule-Shield,222,5,0.6,0.6,0.6,0.6,0.6
4,4,1,1,0.0,0.0,0.76313806,0.76313806,0.9999999999986896,0.0,0.0,0.0,0.0,1.0,39.0,11.0,39.0,11.0,Greedy-SLA,Fixed-UCB-1sigma-Shield,222,5,0.6,0.6,0.6,0.6,0.6
4,4,1,1,0.0,0.0,0.76313806,0.76313806,0.9999999999986896,0.0,0.0,0.0,0.0,1.0,39.0,11.0,39.0,11.0,Greedy-SLA,Fixed-UCB-1.64sigma-Shield,222,5,0.6,0.6,0.6,0.6,0.6
0,2,0,1,1.0,0.0,0.77741534,0.6677499,0.8589358424534574,1.0,21.0,0.0,0.0,1.0,0.0,29.0,21.0,29.0,DT-Top1,Full-CertiTwin-q90,222,5,0.6,0.6,0.6,0.6,0.6
0,4,0,1,1.0,0.0,0.77741534,0.76313806,0.981634939180668,1.0,57.0,0.0,0.0,1.0,0.0,29.0,39.0,11.0,DT-Top1,SLA-Rule-Shield,222,5,0.6,0.6,0.6,0.6,0.6
0,2,0,1,1.0,0.0,0.77741534,0.6677499,0.8589358424534574,1.0,21.0,0.0,0.0,1.0,0.0,29.0,21.0,29.0,DT-Top1,Fixed-UCB-1sigma-Shield,222,5,0.6,0.6,0.6,0.6,0.6
0,2,0,1,1.0,0.0,0.77741534,0.6677499,0.8589358424534574,1.0,21.0,0.0,0.0,1.0,0.0,29.0,21.0,29.0,DT-Top1,Fixed-UCB-1.64sigma-Shield,222,5,0.6,0.6,0.6,0.6,0.6
2,2,1,1,0.0,0.0,0.6677499,0.6677499,0.9999999999985024,0.0,0.0,0.0,0.0,1.0,21.0,29.0,21.0,29.0,PF,Full-CertiTwin-q90,223,5,0.6,0.6,0.6,0.6,0.6
2,2,1,1,0.0,0.0,0.6677499,0.6677499,0.9999999999985024,0.0,0.0,0.0,0.0,1.0,21.0,29.0,21.0,29.0,PF,SLA-Rule-Shield,223,5,0.6,0.6,0.6,0.6,0.6
2,2,1,1,0.0,0.0,0.6677499,0.6677499,0.9999999999985024,0.0,0.0,0.0,0.0,1.0,21.0,29.0,21.0,29.0,PF,Fixed-UCB-1sigma-Shield,223,5,0.6,0.6,0.6,0.6,0.6
2,2,1,1,0.0,0.0,0.6677499,0.6677499,0.9999999999985024,0.0,0.0,0.0,0.0,1.0,21.0,29.0,21.0,29.0,PF,Fixed-UCB-1.64sigma-Shield,223,5,0.6,0.6,0.6,0.6,0.6
4,4,1,1,0.0,0.0,0.76313806,0.76313806,0.9999999999986896,0.0,0.0,0.0,0.0,1.0,39.0,11.0,39.0,11.0,Greedy-SLA,Full-CertiTwin-q90,223,5,0.6,0.6,0.6,0.6,0.6
4,4,1,1,0.0,0.0,0.76313806,0.76313806,0.9999999999986896,0.0,0.0,0.0,0.0,1.0,39.0,11.0,39.0,11.0,Greedy-SLA,SLA-Rule-Shield,223,5,0.6,0.6,0.6,0.6,0.6
4,4,1,1,0.0,0.0,0.76313806,0.76313806,0.9999999999986896,0.0,0.0,0.0,0.0,1.0,39.0,11.0,39.0,11.0,Greedy-SLA,Fixed-UCB-1sigma-Shield,223,5,0.6,0.6,0.6,0.6,0.6
4,4,1,1,0.0,0.0,0.76313806,0.76313806,0.9999999999986896,0.0,0.0,0.0,0.0,1.0,39.0,11.0,39.0,11.0,Greedy-SLA,Fixed-UCB-1.64sigma-Shield,223,5,0.6,0.6,0.6,0.6,0.6
4,4,1,1,0.0,0.0,0.76313806,0.76313806,0.9999999999986896,0.0,0.0,0.0,0.0,1.0,39.0,11.0,39.0,11.0,DT-Top1,Full-CertiTwin-q90,223,5,0.6,0.6,0.6,0.6,0.6
4,4,1,1,0.0,0.0,0.76313806,0.76313806,0.9999999999986896,0.0,0.0,0.0,0.0,1.0,39.0,11.0,39.0,11.0,DT-Top1,SLA-Rule-Shield,223,5,0.6,0.6,0.6,0.6,0.6
4,4,1,1,0.0,0.0,0.76313806,0.76313806,0.9999999999986896,0.0,0.0,0.0,0.0,1.0,39.0,11.0,39.0,11.0,DT-Top1,Fixed-UCB-1sigma-Shield,223,5,0.6,0.6,0.6,0.6,0.6
4,4,1,1,0.0,0.0,0.76313806,0.76313806,0.9999999999986896,0.0,0.0,0.0,0.0,1.0,39.0,11.0,39.0,11.0,DT-Top1,Fixed-UCB-1.64sigma-Shield,223,5,0.6,0.6,0.6,0.6,0.6
2,2,1,1,0.0,0.0,0.6677499,0.6677499,0.9999999999985024,0.0,0.0,0.0,0.0,1.0,21.0,29.0,21.0,29.0,PF,Full-CertiTwin-q90,224,5,0.6,0.6,0.6,0.6,0.6
2,2,1,1,0.0,0.0,0.6677499,0.6677499,0.9999999999985024,0.0,0.0,0.0,0.0,1.0,21.0,29.0,21.0,29.0,PF,SLA-Rule-Shield,224,5,0.6,0.6,0.6,0.6,0.6
2,2,1,1,0.0,0.0,0.6677499,0.6677499,0.9999999999985024,0.0,0.0,0.0,0.0,1.0,21.0,29.0,21.0,29.0,PF,Fixed-UCB-1sigma-Shield,224,5,0.6,0.6,0.6,0.6,0.6
2,2,1,1,0.0,0.0,0.6677499,0.6677499,0.9999999999985024,0.0,0.0,0.0,0.0,1.0,21.0,29.0,21.0,29.0,PF,Fixed-UCB-1.64sigma-Shield,224,5,0.6,0.6,0.6,0.6,0.6
4,4,1,1,0.0,0.0,0.76313806,0.76313806,0.9999999999986896,0.0,0.0,0.0,0.0,1.0,39.0,11.0,39.0,11.0,Greedy-SLA,Full-CertiTwin-q90,224,5,0.6,0.6,0.6,0.6,0.6
4,4,1,1,0.0,0.0,0.76313806,0.76313806,0.9999999999986896,0.0,0.0,0.0,0.0,1.0,39.0,11.0,39.0,11.0,Greedy-SLA,SLA-Rule-Shield,224,5,0.6,0.6,0.6,0.6,0.6
4,4,1,1,0.0,0.0,0.76313806,0.76313806,0.9999999999986896,0.0,0.0,0.0,0.0,1.0,39.0,11.0,39.0,11.0,Greedy-SLA,Fixed-UCB-1sigma-Shield,224,5,0.6,0.6,0.6,0.6,0.6
4,4,1,1,0.0,0.0,0.76313806,0.76313806,0.9999999999986896,0.0,0.0,0.0,0.0,1.0,39.0,11.0,39.0,11.0,Greedy-SLA,Fixed-UCB-1.64sigma-Shield,224,5,0.6,0.6,0.6,0.6,0.6
4,4,1,1,0.0,0.0,0.76313806,0.76313806,0.9999999999986896,0.0,0.0,0.0,0.0,1.0,39.0,11.0,39.0,11.0,DT-Top1,Full-CertiTwin-q90,224,5,0.6,0.6,0.6,0.6,0.6
4,4,1,1,0.0,0.0,0.76313806,0.76313806,0.9999999999986896,0.0,0.0,0.0,0.0,1.0,39.0,11.0,39.0,11.0,DT-Top1,SLA-Rule-Shield,224,5,0.6,0.6,0.6,0.6,0.6
4,4,1,1,0.0,0.0,0.76313806,0.76313806,0.9999999999986896,0.0,0.0,0.0,0.0,1.0,39.0,11.0,39.0,11.0,DT-Top1,Fixed-UCB-1sigma-Shield,224,5,0.6,0.6,0.6,0.6,0.6
4,4,1,1,0.0,0.0,0.76313806,0.76313806,0.9999999999986896,0.0,0.0,0.0,0.0,1.0,39.0,11.0,39.0,11.0,DT-Top1,Fixed-UCB-1.64sigma-Shield,224,5,0.6,0.6,0.6,0.6,0.6
2,2,1,1,0.0,0.0,0.6677499,0.6677499,0.9999999999985024,0.0,0.0,0.0,0.0,1.0,21.0,29.0,21.0,29.0,PF,Full-CertiTwin-q90,225,5,0.6,0.6,0.6,0.6,0.6
2,2,1,1,0.0,0.0,0.6677499,0.6677499,0.9999999999985024,0.0,0.0,0.0,0.0,1.0,21.0,29.0,21.0,29.0,PF,SLA-Rule-Shield,225,5,0.6,0.6,0.6,0.6,0.6
2,2,1,1,0.0,0.0,0.6677499,0.6677499,0.9999999999985024,0.0,0.0,0.0,0.0,1.0,21.0,29.0,21.0,29.0,PF,Fixed-UCB-1sigma-Shield,225,5,0.6,0.6,0.6,0.6,0.6
2,2,1,1,0.0,0.0,0.6677499,0.6677499,0.9999999999985024,0.0,0.0,0.0,0.0,1.0,21.0,29.0,21.0,29.0,PF,Fixed-UCB-1.64sigma-Shield,225,5,0.6,0.6,0.6,0.6,0.6
4,4,1,1,0.0,0.0,0.76313806,0.76313806,0.9999999999986896,0.0,0.0,0.0,0.0,1.0,39.0,11.0,39.0,11.0,Greedy-SLA,Full-CertiTwin-q90,225,5,0.6,0.6,0.6,0.6,0.6
4,4,1,1,0.0,0.0,0.76313806,0.76313806,0.9999999999986896,0.0,0.0,0.0,0.0,1.0,39.0,11.0,39.0,11.0,Greedy-SLA,SLA-Rule-Shield,225,5,0.6,0.6,0.6,0.6,0.6
4,4,1,1,0.0,0.0,0.76313806,0.76313806,0.9999999999986896,0.0,0.0,0.0,0.0,1.0,39.0,11.0,39.0,11.0,Greedy-SLA,Fixed-UCB-1sigma-Shield,225,5,0.6,0.6,0.6,0.6,0.6
4,4,1,1,0.0,0.0,0.76313806,0.76313806,0.9999999999986896,0.0,0.0,0.0,0.0,1.0,39.0,11.0,39.0,11.0,Greedy-SLA,Fixed-UCB-1.64sigma-Shield,225,5,0.6,0.6,0.6,0.6,0.6
0,2,0,1,1.0,0.0,0.7864371,0.6677499,0.8490823995957858,1.0,21.0,0.0,0.0,1.0,0.0,29.0,21.0,29.0,DT-Top1,Full-CertiTwin-q90,225,5,0.6,0.6,0.6,0.6,0.6
0,4,0,1,1.0,0.0,0.7864371,0.76313806,0.970373930730162,1.0,57.0,0.0,0.0,1.0,0.0,29.0,39.0,11.0,DT-Top1,SLA-Rule-Shield,225,5,0.6,0.6,0.6,0.6,0.6
0,2,0,1,1.0,0.0,0.7864371,0.6677499,0.8490823995957858,1.0,21.0,0.0,0.0,1.0,0.0,29.0,21.0,29.0,DT-Top1,Fixed-UCB-1sigma-Shield,225,5,0.6,0.6,0.6,0.6,0.6
0,2,0,1,1.0,0.0,0.7864371,0.6677499,0.8490823995957858,1.0,21.0,0.0,0.0,1.0,0.0,29.0,21.0,29.0,DT-Top1,Fixed-UCB-1.64sigma-Shield,225,5,0.6,0.6,0.6,0.6,0.6
2,2,1,1,0.0,0.0,0.6677499,0.6677499,0.9999999999985024,0.0,0.0,0.0,0.0,1.0,21.0,29.0,21.0,29.0,PF,Full-CertiTwin-q90,226,5,0.6,0.6,0.6,0.6,0.6
2,2,1,1,0.0,0.0,0.6677499,0.6677499,0.9999999999985024,0.0,0.0,0.0,0.0,1.0,21.0,29.0,21.0,29.0,PF,SLA-Rule-Shield,226,5,0.6,0.6,0.6,0.6,0.6
2,2,1,1,0.0,0.0,0.6677499,0.6677499,0.9999999999985024,0.0,0.0,0.0,0.0,1.0,21.0,29.0,21.0,29.0,PF,Fixed-UCB-1sigma-Shield,226,5,0.6,0.6,0.6,0.6,0.6
2,2,1,1,0.0,0.0,0.6677499,0.6677499,0.9999999999985024,0.0,0.0,0.0,0.0,1.0,21.0,29.0,21.0,29.0,PF,Fixed-UCB-1.64sigma-Shield,226,5,0.6,0.6,0.6,0.6,0.6
0,2,0,1,1.0,0.0,0.76278657,0.6677499,0.875408569397236,1.0,21.0,0.0,0.0,1.0,0.0,29.0,21.0,29.0,Greedy-SLA,Full-CertiTwin-q90,226,5,0.6,0.6,0.6,0.6,0.6
0,4,0,1,1.0,0.0,0.76278657,0.76313806,1.000460797309265,1.0,57.0,0.0,0.0,1.0,0.0,29.0,39.0,11.0,Greedy-SLA,SLA-Rule-Shield,226,5,0.6,0.6,0.6,0.6,0.6
0,2,0,1,1.0,0.0,0.76278657,0.6677499,0.875408569397236,1.0,21.0,0.0,0.0,1.0,0.0,29.0,21.0,29.0,Greedy-SLA,Fixed-UCB-1sigma-Shield,226,5,0.6,0.6,0.6,0.6,0.6
0,2,0,1,1.0,0.0,0.76278657,0.6677499,0.875408569397236,1.0,21.0,0.0,0.0,1.0,0.0,29.0,21.0,29.0,Greedy-SLA,Fixed-UCB-1.64sigma-Shield,226,5,0.6,0.6,0.6,0.6,0.6
0,2,0,1,1.0,0.0,0.76278657,0.6677499,0.875408569397236,1.0,21.0,0.0,0.0,1.0,0.0,29.0,21.0,29.0,DT-Top1,Full-CertiTwin-q90,226,5,0.6,0.6,0.6,0.6,0.6
0,4,0,1,1.0,0.0,0.76278657,0.76313806,1.000460797309265,1.0,57.0,0.0,0.0,1.0,0.0,29.0,39.0,11.0,DT-Top1,SLA-Rule-Shield,226,5,0.6,0.6,0.6,0.6,0.6
0,2,0,1,1.0,0.0,0.76278657,0.6677499,0.875408569397236,1.0,21.0,0.0,0.0,1.0,0.0,29.0,21.0,29.0,DT-Top1,Fixed-UCB-1sigma-Shield,226,5,0.6,0.6,0.6,0.6,0.6
0,2,0,1,1.0,0.0,0.76278657,0.6677499,0.875408569397236,1.0,21.0,0.0,0.0,1.0,0.0,29.0,21.0,29.0,DT-Top1,Fixed-UCB-1.64sigma-Shield,226,5,0.6,0.6,0.6,0.6,0.6
2,2,1,1,0.0,0.0,0.6677499,0.6677499,0.9999999999985024,0.0,0.0,0.0,0.0,1.0,21.0,29.0,21.0,29.0,PF,Full-CertiTwin-q90,227,5,0.6,0.6,0.6,0.6,0.6
2,2,1,1,0.0,0.0,0.6677499,0.6677499,0.9999999999985024,0.0,0.0,0.0,0.0,1.0,21.0,29.0,21.0,29.0,PF,SLA-Rule-Shield,227,5,0.6,0.6,0.6,0.6,0.6
2,2,1,1,0.0,0.0,0.6677499,0.6677499,0.9999999999985024,0.0,0.0,0.0,0.0,1.0,21.0,29.0,21.0,29.0,PF,Fixed-UCB-1sigma-Shield,227,5,0.6,0.6,0.6,0.6,0.6
2,2,1,1,0.0,0.0,0.6677499,0.6677499,0.9999999999985024,0.0,0.0,0.0,0.0,1.0,21.0,29.0,21.0,29.0,PF,Fixed-UCB-1.64sigma-Shield,227,5,0.6,0.6,0.6,0.6,0.6
4,4,1,1,0.0,0.0,0.7526786,0.7526786,0.9999999999986714,0.0,0.0,0.0,0.0,1.0,39.0,11.0,39.0,11.0,Greedy-SLA,Full-CertiTwin-q90,227,5,0.6,0.6,0.6,0.6,0.6
4,4,1,1,0.0,0.0,0.7526786,0.7526786,0.9999999999986714,0.0,0.0,0.0,0.0,1.0,39.0,11.0,39.0,11.0,Greedy-SLA,SLA-Rule-Shield,227,5,0.6,0.6,0.6,0.6,0.6
4,4,1,1,0.0,0.0,0.7526786,0.7526786,0.9999999999986714,0.0,0.0,0.0,0.0,1.0,39.0,11.0,39.0,11.0,Greedy-SLA,Fixed-UCB-1sigma-Shield,227,5,0.6,0.6,0.6,0.6,0.6
4,4,1,1,0.0,0.0,0.7526786,0.7526786,0.9999999999986714,0.0,0.0,0.0,0.0,1.0,39.0,11.0,39.0,11.0,Greedy-SLA,Fixed-UCB-1.64sigma-Shield,227,5,0.6,0.6,0.6,0.6,0.6
0,2,0,1,1.0,0.0,0.76278657,0.6677499,0.875408569397236,1.0,21.0,0.0,0.0,1.0,0.0,29.0,21.0,29.0,DT-Top1,Full-CertiTwin-q90,227,5,0.6,0.6,0.6,0.6,0.6
0,4,0,1,1.0,0.0,0.76278657,0.7526786,0.9867486261576592,1.0,57.0,0.0,0.0,1.0,0.0,29.0,39.0,11.0,DT-Top1,SLA-Rule-Shield,227,5,0.6,0.6,0.6,0.6,0.6
0,2,0,1,1.0,0.0,0.76278657,0.6677499,0.875408569397236,1.0,21.0,0.0,0.0,1.0,0.0,29.0,21.0,29.0,DT-Top1,Fixed-UCB-1sigma-Shield,227,5,0.6,0.6,0.6,0.6,0.6
0,2,0,1,1.0,0.0,0.76278657,0.6677499,0.875408569397236,1.0,21.0,0.0,0.0,1.0,0.0,29.0,21.0,29.0,DT-Top1,Fixed-UCB-1.64sigma-Shield,227,5,0.6,0.6,0.6,0.6,0.6
2,2,1,1,0.0,0.0,0.65129316,0.65129316,0.9999999999984648,0.0,0.0,0.0,0.0,1.0,21.0,29.0,21.0,29.0,PF,Full-CertiTwin-q90,228,5,0.6,0.6,0.6,0.6,0.6
2,2,1,1,0.0,0.0,0.65129316,0.65129316,0.9999999999984648,0.0,0.0,0.0,0.0,1.0,21.0,29.0,21.0,29.0,PF,SLA-Rule-Shield,228,5,0.6,0.6,0.6,0.6,0.6
2,2,1,1,0.0,0.0,0.65129316,0.65129316,0.9999999999984648,0.0,0.0,0.0,0.0,1.0,21.0,29.0,21.0,29.0,PF,Fixed-UCB-1sigma-Shield,228,5,0.6,0.6,0.6,0.6,0.6
2,2,1,1,0.0,0.0,0.65129316,0.65129316,0.9999999999984648,0.0,0.0,0.0,0.0,1.0,21.0,29.0,21.0,29.0,PF,Fixed-UCB-1.64sigma-Shield,228,5,0.6,0.6,0.6,0.6,0.6
4,4,1,1,0.0,0.0,0.76313806,0.76313806,0.9999999999986896,0.0,0.0,0.0,0.0,1.0,39.0,11.0,39.0,11.0,Greedy-SLA,Full-CertiTwin-q90,228,5,0.6,0.6,0.6,0.6,0.6
4,4,1,1,0.0,0.0,0.76313806,0.76313806,0.9999999999986896,0.0,0.0,0.0,0.0,1.0,39.0,11.0,39.0,11.0,Greedy-SLA,SLA-Rule-Shield,228,5,0.6,0.6,0.6,0.6,0.6
4,4,1,1,0.0,0.0,0.76313806,0.76313806,0.9999999999986896,0.0,0.0,0.0,0.0,1.0,39.0,11.0,39.0,11.0,Greedy-SLA,Fixed-UCB-1sigma-Shield,228,5,0.6,0.6,0.6,0.6,0.6
4,4,1,1,0.0,0.0,0.76313806,0.76313806,0.9999999999986896,0.0,0.0,0.0,0.0,1.0,39.0,11.0,39.0,11.0,Greedy-SLA,Fixed-UCB-1.64sigma-Shield,228,5,0.6,0.6,0.6,0.6,0.6
0,2,0,1,1.0,0.0,0.76278657,0.65129316,0.8538340678954877,1.0,21.0,0.0,0.0,1.0,0.0,29.0,21.0,29.0,DT-Top1,Full-CertiTwin-q90,228,5,0.6,0.6,0.6,0.6,0.6
0,4,0,1,1.0,0.0,0.76278657,0.76313806,1.000460797309265,1.0,57.0,0.0,0.0,1.0,0.0,29.0,39.0,11.0,DT-Top1,SLA-Rule-Shield,228,5,0.6,0.6,0.6,0.6,0.6
0,2,0,1,1.0,0.0,0.76278657,0.65129316,0.8538340678954877,1.0,21.0,0.0,0.0,1.0,0.0,29.0,21.0,29.0,DT-Top1,Fixed-UCB-1sigma-Shield,228,5,0.6,0.6,0.6,0.6,0.6
0,2,0,1,1.0,0.0,0.76278657,0.65129316,0.8538340678954877,1.0,21.0,0.0,0.0,1.0,0.0,29.0,21.0,29.0,DT-Top1,Fixed-UCB-1.64sigma-Shield,228,5,0.6,0.6,0.6,0.6,0.6
2,2,1,1,0.0,0.0,0.6677499,0.6677499,0.9999999999985024,0.0,0.0,0.0,0.0,1.0,21.0,29.0,21.0,29.0,PF,Full-CertiTwin-q90,229,5,0.6,0.6,0.6,0.6,0.6
2,2,1,1,0.0,0.0,0.6677499,0.6677499,0.9999999999985024,0.0,0.0,0.0,0.0,1.0,21.0,29.0,21.0,29.0,PF,SLA-Rule-Shield,229,5,0.6,0.6,0.6,0.6,0.6
2,2,1,1,0.0,0.0,0.6677499,0.6677499,0.9999999999985024,0.0,0.0,0.0,0.0,1.0,21.0,29.0,21.0,29.0,PF,Fixed-UCB-1sigma-Shield,229,5,0.6,0.6,0.6,0.6,0.6
2,2,1,1,0.0,0.0,0.6677499,0.6677499,0.9999999999985024,0.0,0.0,0.0,0.0,1.0,21.0,29.0,21.0,29.0,PF,Fixed-UCB-1.64sigma-Shield,229,5,0.6,0.6,0.6,0.6,0.6
4,4,1,1,0.0,0.0,0.7566483,0.7566483,0.9999999999986784,0.0,0.0,0.0,0.0,1.0,39.0,11.0,39.0,11.0,Greedy-SLA,Full-CertiTwin-q90,229,5,0.6,0.6,0.6,0.6,0.6
4,4,1,1,0.0,0.0,0.7566483,0.7566483,0.9999999999986784,0.0,0.0,0.0,0.0,1.0,39.0,11.0,39.0,11.0,Greedy-SLA,SLA-Rule-Shield,229,5,0.6,0.6,0.6,0.6,0.6
4,4,1,1,0.0,0.0,0.7566483,0.7566483,0.9999999999986784,0.0,0.0,0.0,0.0,1.0,39.0,11.0,39.0,11.0,Greedy-SLA,Fixed-UCB-1sigma-Shield,229,5,0.6,0.6,0.6,0.6,0.6
4,4,1,1,0.0,0.0,0.7566483,0.7566483,0.9999999999986784,0.0,0.0,0.0,0.0,1.0,39.0,11.0,39.0,11.0,Greedy-SLA,Fixed-UCB-1.64sigma-Shield,229,5,0.6,0.6,0.6,0.6,0.6
4,4,1,1,0.0,0.0,0.7566483,0.7566483,0.9999999999986784,0.0,0.0,0.0,0.0,1.0,39.0,11.0,39.0,11.0,DT-Top1,Full-CertiTwin-q90,229,5,0.6,0.6,0.6,0.6,0.6
4,4,1,1,0.0,0.0,0.7566483,0.7566483,0.9999999999986784,0.0,0.0,0.0,0.0,1.0,39.0,11.0,39.0,11.0,DT-Top1,SLA-Rule-Shield,229,5,0.6,0.6,0.6,0.6,0.6
4,4,1,1,0.0,0.0,0.7566483,0.7566483,0.9999999999986784,0.0,0.0,0.0,0.0,1.0,39.0,11.0,39.0,11.0,DT-Top1,Fixed-UCB-1sigma-Shield,229,5,0.6,0.6,0.6,0.6,0.6
4,4,1,1,0.0,0.0,0.7566483,0.7566483,0.9999999999986784,0.0,0.0,0.0,0.0,1.0,39.0,11.0,39.0,11.0,DT-Top1,Fixed-UCB-1.64sigma-Shield,229,5,0.6,0.6,0.6,0.6,0.6
2,2,1,1,0.0,0.0,0.6677499,0.6677499,0.9999999999985024,0.0,0.0,0.0,0.0,1.0,21.0,29.0,21.0,29.0,PF,Full-CertiTwin-q90,230,5,0.6,0.6,0.6,0.6,0.6
2,2,1,1,0.0,0.0,0.6677499,0.6677499,0.9999999999985024,0.0,0.0,0.0,0.0,1.0,21.0,29.0,21.0,29.0,PF,SLA-Rule-Shield,230,5,0.6,0.6,0.6,0.6,0.6
2,2,1,1,0.0,0.0,0.6677499,0.6677499,0.9999999999985024,0.0,0.0,0.0,0.0,1.0,21.0,29.0,21.0,29.0,PF,Fixed-UCB-1sigma-Shield,230,5,0.6,0.6,0.6,0.6,0.6
2,2,1,1,0.0,0.0,0.6677499,0.6677499,0.9999999999985024,0.0,0.0,0.0,0.0,1.0,21.0,29.0,21.0,29.0,PF,Fixed-UCB-1.64sigma-Shield,230,5,0.6,0.6,0.6,0.6,0.6
4,4,1,1,0.0,0.0,0.7526786,0.7526786,0.9999999999986714,0.0,0.0,0.0,0.0,1.0,39.0,11.0,39.0,11.0,Greedy-SLA,Full-CertiTwin-q90,230,5,0.6,0.6,0.6,0.6,0.6
4,4,1,1,0.0,0.0,0.7526786,0.7526786,0.9999999999986714,0.0,0.0,0.0,0.0,1.0,39.0,11.0,39.0,11.0,Greedy-SLA,SLA-Rule-Shield,230,5,0.6,0.6,0.6,0.6,0.6
4,4,1,1,0.0,0.0,0.7526786,0.7526786,0.9999999999986714,0.0,0.0,0.0,0.0,1.0,39.0,11.0,39.0,11.0,Greedy-SLA,Fixed-UCB-1sigma-Shield,230,5,0.6,0.6,0.6,0.6,0.6
4,4,1,1,0.0,0.0,0.7526786,0.7526786,0.9999999999986714,0.0,0.0,0.0,0.0,1.0,39.0,11.0,39.0,11.0,Greedy-SLA,Fixed-UCB-1.64sigma-Shield,230,5,0.6,0.6,0.6,0.6,0.6
0,2,0,1,1.0,0.0,0.76278657,0.6677499,0.875408569397236,1.0,21.0,0.0,0.0,1.0,0.0,29.0,21.0,29.0,DT-Top1,Full-CertiTwin-q90,230,5,0.6,0.6,0.6,0.6,0.6
0,4,0,1,1.0,0.0,0.76278657,0.7526786,0.9867486261576592,1.0,57.0,0.0,0.0,1.0,0.0,29.0,39.0,11.0,DT-Top1,SLA-Rule-Shield,230,5,0.6,0.6,0.6,0.6,0.6
0,2,0,1,1.0,0.0,0.76278657,0.6677499,0.875408569397236,1.0,21.0,0.0,0.0,1.0,0.0,29.0,21.0,29.0,DT-Top1,Fixed-UCB-1sigma-Shield,230,5,0.6,0.6,0.6,0.6,0.6
0,2,0,1,1.0,0.0,0.76278657,0.6677499,0.875408569397236,1.0,21.0,0.0,0.0,1.0,0.0,29.0,21.0,29.0,DT-Top1,Fixed-UCB-1.64sigma-Shield,230,5,0.6,0.6,0.6,0.6,0.6
2,2,1,1,0.0,0.0,0.6677499,0.6677499,0.9999999999985024,0.0,0.0,0.0,0.0,1.0,21.0,29.0,21.0,29.0,PF,Full-CertiTwin-q90,231,5,0.6,0.6,0.6,0.6,0.6
2,2,1,1,0.0,0.0,0.6677499,0.6677499,0.9999999999985024,0.0,0.0,0.0,0.0,1.0,21.0,29.0,21.0,29.0,PF,SLA-Rule-Shield,231,5,0.6,0.6,0.6,0.6,0.6
2,2,1,1,0.0,0.0,0.6677499,0.6677499,0.9999999999985024,0.0,0.0,0.0,0.0,1.0,21.0,29.0,21.0,29.0,PF,Fixed-UCB-1sigma-Shield,231,5,0.6,0.6,0.6,0.6,0.6
2,2,1,1,0.0,0.0,0.6677499,0.6677499,0.9999999999985024,0.0,0.0,0.0,0.0,1.0,21.0,29.0,21.0,29.0,PF,Fixed-UCB-1.64sigma-Shield,231,5,0.6,0.6,0.6,0.6,0.6
4,4,1,1,0.0,0.0,0.76313806,0.76313806,0.9999999999986896,0.0,0.0,0.0,0.0,1.0,39.0,11.0,39.0,11.0,Greedy-SLA,Full-CertiTwin-q90,231,5,0.6,0.6,0.6,0.6,0.6
4,4,1,1,0.0,0.0,0.76313806,0.76313806,0.9999999999986896,0.0,0.0,0.0,0.0,1.0,39.0,11.0,39.0,11.0,Greedy-SLA,SLA-Rule-Shield,231,5,0.6,0.6,0.6,0.6,0.6
4,4,1,1,0.0,0.0,0.76313806,0.76313806,0.9999999999986896,0.0,0.0,0.0,0.0,1.0,39.0,11.0,39.0,11.0,Greedy-SLA,Fixed-UCB-1sigma-Shield,231,5,0.6,0.6,0.6,0.6,0.6
4,4,1,1,0.0,0.0,0.76313806,0.76313806,0.9999999999986896,0.0,0.0,0.0,0.0,1.0,39.0,11.0,39.0,11.0,Greedy-SLA,Fixed-UCB-1.64sigma-Shield,231,5,0.6,0.6,0.6,0.6,0.6
0,2,0,1,1.0,0.0,0.77741534,0.6677499,0.8589358424534574,1.0,21.0,0.0,0.0,1.0,0.0,29.0,21.0,29.0,DT-Top1,Full-CertiTwin-q90,231,5,0.6,0.6,0.6,0.6,0.6
0,4,0,1,1.0,0.0,0.77741534,0.76313806,0.981634939180668,1.0,57.0,0.0,0.0,1.0,0.0,29.0,39.0,11.0,DT-Top1,SLA-Rule-Shield,231,5,0.6,0.6,0.6,0.6,0.6
0,2,0,1,1.0,0.0,0.77741534,0.6677499,0.8589358424534574,1.0,21.0,0.0,0.0,1.0,0.0,29.0,21.0,29.0,DT-Top1,Fixed-UCB-1sigma-Shield,231,5,0.6,0.6,0.6,0.6,0.6
0,2,0,1,1.0,0.0,0.77741534,0.6677499,0.8589358424534574,1.0,21.0,0.0,0.0,1.0,0.0,29.0,21.0,29.0,DT-Top1,Fixed-UCB-1.64sigma-Shield,231,5,0.6,0.6,0.6,0.6,0.6
2,2,1,1,0.0,0.0,0.6677499,0.6677499,0.9999999999985024,0.0,0.0,0.0,0.0,1.0,21.0,29.0,21.0,29.0,PF,Full-CertiTwin-q90,232,5,0.6,0.6,0.6,0.6,0.6
2,2,1,1,0.0,0.0,0.6677499,0.6677499,0.9999999999985024,0.0,0.0,0.0,0.0,1.0,21.0,29.0,21.0,29.0,PF,SLA-Rule-Shield,232,5,0.6,0.6,0.6,0.6,0.6
2,2,1,1,0.0,0.0,0.6677499,0.6677499,0.9999999999985024,0.0,0.0,0.0,0.0,1.0,21.0,29.0,21.0,29.0,PF,Fixed-UCB-1sigma-Shield,232,5,0.6,0.6,0.6,0.6,0.6
2,2,1,1,0.0,0.0,0.6677499,0.6677499,0.9999999999985024,0.0,0.0,0.0,0.0,1.0,21.0,29.0,21.0,29.0,PF,Fixed-UCB-1.64sigma-Shield,232,5,0.6,0.6,0.6,0.6,0.6
4,4,1,1,0.0,0.0,0.7777951,0.7777951,0.9999999999987144,0.0,0.0,0.0,0.0,1.0,39.0,11.0,39.0,11.0,Greedy-SLA,Full-CertiTwin-q90,232,5,0.6,0.6,0.6,0.6,0.6
4,4,1,1,0.0,0.0,0.7777951,0.7777951,0.9999999999987144,0.0,0.0,0.0,0.0,1.0,39.0,11.0,39.0,11.0,Greedy-SLA,SLA-Rule-Shield,232,5,0.6,0.6,0.6,0.6,0.6
4,4,1,1,0.0,0.0,0.7777951,0.7777951,0.9999999999987144,0.0,0.0,0.0,0.0,1.0,39.0,11.0,39.0,11.0,Greedy-SLA,Fixed-UCB-1sigma-Shield,232,5,0.6,0.6,0.6,0.6,0.6
4,4,1,1,0.0,0.0,0.7777951,0.7777951,0.9999999999987144,0.0,0.0,0.0,0.0,1.0,39.0,11.0,39.0,11.0,Greedy-SLA,Fixed-UCB-1.64sigma-Shield,232,5,0.6,0.6,0.6,0.6,0.6
4,4,1,1,0.0,0.0,0.7777951,0.7777951,0.9999999999987144,0.0,0.0,0.0,0.0,1.0,39.0,11.0,39.0,11.0,DT-Top1,Full-CertiTwin-q90,232,5,0.6,0.6,0.6,0.6,0.6
4,4,1,1,0.0,0.0,0.7777951,0.7777951,0.9999999999987144,0.0,0.0,0.0,0.0,1.0,39.0,11.0,39.0,11.0,DT-Top1,SLA-Rule-Shield,232,5,0.6,0.6,0.6,0.6,0.6
4,4,1,1,0.0,0.0,0.7777951,0.7777951,0.9999999999987144,0.0,0.0,0.0,0.0,1.0,39.0,11.0,39.0,11.0,DT-Top1,Fixed-UCB-1sigma-Shield,232,5,0.6,0.6,0.6,0.6,0.6
4,4,1,1,0.0,0.0,0.7777951,0.7777951,0.9999999999987144,0.0,0.0,0.0,0.0,1.0,39.0,11.0,39.0,11.0,DT-Top1,Fixed-UCB-1.64sigma-Shield,232,5,0.6,0.6,0.6,0.6,0.6
2,2,1,1,0.0,0.0,0.6677499,0.6677499,0.9999999999985024,0.0,0.0,0.0,0.0,1.0,21.0,29.0,21.0,29.0,PF,Full-CertiTwin-q90,233,5,0.6,0.6,0.6,0.6,0.6
2,2,1,1,0.0,0.0,0.6677499,0.6677499,0.9999999999985024,0.0,0.0,0.0,0.0,1.0,21.0,29.0,21.0,29.0,PF,SLA-Rule-Shield,233,5,0.6,0.6,0.6,0.6,0.6
2,2,1,1,0.0,0.0,0.6677499,0.6677499,0.9999999999985024,0.0,0.0,0.0,0.0,1.0,21.0,29.0,21.0,29.0,PF,Fixed-UCB-1sigma-Shield,233,5,0.6,0.6,0.6,0.6,0.6
2,2,1,1,0.0,0.0,0.6677499,0.6677499,0.9999999999985024,0.0,0.0,0.0,0.0,1.0,21.0,29.0,21.0,29.0,PF,Fixed-UCB-1.64sigma-Shield,233,5,0.6,0.6,0.6,0.6,0.6
4,4,1,1,0.0,0.0,0.76313806,0.76313806,0.9999999999986896,0.0,0.0,0.0,0.0,1.0,39.0,11.0,39.0,11.0,Greedy-SLA,Full-CertiTwin-q90,233,5,0.6,0.6,0.6,0.6,0.6
4,4,1,1,0.0,0.0,0.76313806,0.76313806,0.9999999999986896,0.0,0.0,0.0,0.0,1.0,39.0,11.0,39.0,11.0,Greedy-SLA,SLA-Rule-Shield,233,5,0.6,0.6,0.6,0.6,0.6
4,4,1,1,0.0,0.0,0.76313806,0.76313806,0.9999999999986896,0.0,0.0,0.0,0.0,1.0,39.0,11.0,39.0,11.0,Greedy-SLA,Fixed-UCB-1sigma-Shield,233,5,0.6,0.6,0.6,0.6,0.6
4,4,1,1,0.0,0.0,0.76313806,0.76313806,0.9999999999986896,0.0,0.0,0.0,0.0,1.0,39.0,11.0,39.0,11.0,Greedy-SLA,Fixed-UCB-1.64sigma-Shield,233,5,0.6,0.6,0.6,0.6,0.6
0,2,0,1,1.0,0.0,0.76278657,0.6677499,0.875408569397236,1.0,21.0,0.0,0.0,1.0,0.0,29.0,21.0,29.0,DT-Top1,Full-CertiTwin-q90,233,5,0.6,0.6,0.6,0.6,0.6
0,4,0,1,1.0,0.0,0.76278657,0.76313806,1.000460797309265,1.0,57.0,0.0,0.0,1.0,0.0,29.0,39.0,11.0,DT-Top1,SLA-Rule-Shield,233,5,0.6,0.6,0.6,0.6,0.6
0,2,0,1,1.0,0.0,0.76278657,0.6677499,0.875408569397236,1.0,21.0,0.0,0.0,1.0,0.0,29.0,21.0,29.0,DT-Top1,Fixed-UCB-1sigma-Shield,233,5,0.6,0.6,0.6,0.6,0.6
0,2,0,1,1.0,0.0,0.76278657,0.6677499,0.875408569397236,1.0,21.0,0.0,0.0,1.0,0.0,29.0,21.0,29.0,DT-Top1,Fixed-UCB-1.64sigma-Shield,233,5,0.6,0.6,0.6,0.6,0.6
2,2,1,1,0.0,0.0,0.6677499,0.6677499,0.9999999999985024,0.0,0.0,0.0,0.0,1.0,21.0,29.0,21.0,29.0,PF,Full-CertiTwin-q90,234,5,0.6,0.6,0.6,0.6,0.6
2,2,1,1,0.0,0.0,0.6677499,0.6677499,0.9999999999985024,0.0,0.0,0.0,0.0,1.0,21.0,29.0,21.0,29.0,PF,SLA-Rule-Shield,234,5,0.6,0.6,0.6,0.6,0.6
2,2,1,1,0.0,0.0,0.6677499,0.6677499,0.9999999999985024,0.0,0.0,0.0,0.0,1.0,21.0,29.0,21.0,29.0,PF,Fixed-UCB-1sigma-Shield,234,5,0.6,0.6,0.6,0.6,0.6
2,2,1,1,0.0,0.0,0.6677499,0.6677499,0.9999999999985024,0.0,0.0,0.0,0.0,1.0,21.0,29.0,21.0,29.0,PF,Fixed-UCB-1.64sigma-Shield,234,5,0.6,0.6,0.6,0.6,0.6
4,4,1,1,0.0,0.0,0.75664926,0.75664926,0.9999999999986784,0.0,0.0,0.0,0.0,1.0,39.0,11.0,39.0,11.0,Greedy-SLA,Full-CertiTwin-q90,234,5,0.6,0.6,0.6,0.6,0.6
4,4,1,1,0.0,0.0,0.75664926,0.75664926,0.9999999999986784,0.0,0.0,0.0,0.0,1.0,39.0,11.0,39.0,11.0,Greedy-SLA,SLA-Rule-Shield,234,5,0.6,0.6,0.6,0.6,0.6
4,4,1,1,0.0,0.0,0.75664926,0.75664926,0.9999999999986784,0.0,0.0,0.0,0.0,1.0,39.0,11.0,39.0,11.0,Greedy-SLA,Fixed-UCB-1sigma-Shield,234,5,0.6,0.6,0.6,0.6,0.6
4,4,1,1,0.0,0.0,0.75664926,0.75664926,0.9999999999986784,0.0,0.0,0.0,0.0,1.0,39.0,11.0,39.0,11.0,Greedy-SLA,Fixed-UCB-1.64sigma-Shield,234,5,0.6,0.6,0.6,0.6,0.6
0,2,0,1,1.0,0.0,0.76278657,0.6677499,0.875408569397236,1.0,21.0,0.0,0.0,1.0,0.0,29.0,21.0,29.0,DT-Top1,Full-CertiTwin-q90,234,5,0.6,0.6,0.6,0.6,0.6
0,4,0,1,1.0,0.0,0.76278657,0.75664926,0.9919540927405264,1.0,57.0,0.0,0.0,1.0,0.0,29.0,39.0,11.0,DT-Top1,SLA-Rule-Shield,234,5,0.6,0.6,0.6,0.6,0.6
0,2,0,1,1.0,0.0,0.76278657,0.6677499,0.875408569397236,1.0,21.0,0.0,0.0,1.0,0.0,29.0,21.0,29.0,DT-Top1,Fixed-UCB-1sigma-Shield,234,5,0.6,0.6,0.6,0.6,0.6
0,2,0,1,1.0,0.0,0.76278657,0.6677499,0.875408569397236,1.0,21.0,0.0,0.0,1.0,0.0,29.0,21.0,29.0,DT-Top1,Fixed-UCB-1.64sigma-Shield,234,5,0.6,0.6,0.6,0.6,0.6
2,2,1,1,0.0,0.0,0.6682329,0.6682329,0.9999999999985036,0.0,0.0,0.0,0.0,1.0,21.0,29.0,21.0,29.0,PF,Full-CertiTwin-q90,235,5,0.6,0.6,0.6,0.6,0.6
2,2,1,1,0.0,0.0,0.6682329,0.6682329,0.9999999999985036,0.0,0.0,0.0,0.0,1.0,21.0,29.0,21.0,29.0,PF,SLA-Rule-Shield,235,5,0.6,0.6,0.6,0.6,0.6
2,2,1,1,0.0,0.0,0.6682329,0.6682329,0.9999999999985036,0.0,0.0,0.0,0.0,1.0,21.0,29.0,21.0,29.0,PF,Fixed-UCB-1sigma-Shield,235,5,0.6,0.6,0.6,0.6,0.6
2,2,1,1,0.0,0.0,0.6682329,0.6682329,0.9999999999985036,0.0,0.0,0.0,0.0,1.0,21.0,29.0,21.0,29.0,PF,Fixed-UCB-1.64sigma-Shield,235,5,0.6,0.6,0.6,0.6,0.6
4,4,1,1,0.0,0.0,0.76313806,0.76313806,0.9999999999986896,0.0,0.0,0.0,0.0,1.0,39.0,11.0,39.0,11.0,Greedy-SLA,Full-CertiTwin-q90,235,5,0.6,0.6,0.6,0.6,0.6
4,4,1,1,0.0,0.0,0.76313806,0.76313806,0.9999999999986896,0.0,0.0,0.0,0.0,1.0,39.0,11.0,39.0,11.0,Greedy-SLA,SLA-Rule-Shield,235,5,0.6,0.6,0.6,0.6,0.6
4,4,1,1,0.0,0.0,0.76313806,0.76313806,0.9999999999986896,0.0,0.0,0.0,0.0,1.0,39.0,11.0,39.0,11.0,Greedy-SLA,Fixed-UCB-1sigma-Shield,235,5,0.6,0.6,0.6,0.6,0.6
4,4,1,1,0.0,0.0,0.76313806,0.76313806,0.9999999999986896,0.0,0.0,0.0,0.0,1.0,39.0,11.0,39.0,11.0,Greedy-SLA,Fixed-UCB-1.64sigma-Shield,235,5,0.6,0.6,0.6,0.6,0.6
0,2,0,1,1.0,0.0,0.76278657,0.6682329,0.8760417740431953,1.0,21.0,0.0,0.0,1.0,0.0,29.0,21.0,29.0,DT-Top1,Full-CertiTwin-q90,235,5,0.6,0.6,0.6,0.6,0.6
0,4,0,1,1.0,0.0,0.76278657,0.76313806,1.000460797309265,1.0,57.0,0.0,0.0,1.0,0.0,29.0,39.0,11.0,DT-Top1,SLA-Rule-Shield,235,5,0.6,0.6,0.6,0.6,0.6
0,2,0,1,1.0,0.0,0.76278657,0.6682329,0.8760417740431953,1.0,21.0,0.0,0.0,1.0,0.0,29.0,21.0,29.0,DT-Top1,Fixed-UCB-1sigma-Shield,235,5,0.6,0.6,0.6,0.6,0.6
0,2,0,1,1.0,0.0,0.76278657,0.6682329,0.8760417740431953,1.0,21.0,0.0,0.0,1.0,0.0,29.0,21.0,29.0,DT-Top1,Fixed-UCB-1.64sigma-Shield,235,5,0.6,0.6,0.6,0.6,0.6
2,2,1,1,0.0,0.0,0.65129316,0.65129316,0.9999999999984648,0.0,0.0,0.0,0.0,1.0,21.0,29.0,21.0,29.0,PF,Full-CertiTwin-q90,236,5,0.6,0.6,0.6,0.6,0.6
2,2,1,1,0.0,0.0,0.65129316,0.65129316,0.9999999999984648,0.0,0.0,0.0,0.0,1.0,21.0,29.0,21.0,29.0,PF,SLA-Rule-Shield,236,5,0.6,0.6,0.6,0.6,0.6
2,2,1,1,0.0,0.0,0.65129316,0.65129316,0.9999999999984648,0.0,0.0,0.0,0.0,1.0,21.0,29.0,21.0,29.0,PF,Fixed-UCB-1sigma-Shield,236,5,0.6,0.6,0.6,0.6,0.6
2,2,1,1,0.0,0.0,0.65129316,0.65129316,0.9999999999984648,0.0,0.0,0.0,0.0,1.0,21.0,29.0,21.0,29.0,PF,Fixed-UCB-1.64sigma-Shield,236,5,0.6,0.6,0.6,0.6,0.6
4,4,1,1,0.0,0.0,0.76313806,0.76313806,0.9999999999986896,0.0,0.0,0.0,0.0,1.0,39.0,11.0,39.0,11.0,Greedy-SLA,Full-CertiTwin-q90,236,5,0.6,0.6,0.6,0.6,0.6
4,4,1,1,0.0,0.0,0.76313806,0.76313806,0.9999999999986896,0.0,0.0,0.0,0.0,1.0,39.0,11.0,39.0,11.0,Greedy-SLA,SLA-Rule-Shield,236,5,0.6,0.6,0.6,0.6,0.6
4,4,1,1,0.0,0.0,0.76313806,0.76313806,0.9999999999986896,0.0,0.0,0.0,0.0,1.0,39.0,11.0,39.0,11.0,Greedy-SLA,Fixed-UCB-1sigma-Shield,236,5,0.6,0.6,0.6,0.6,0.6
4,4,1,1,0.0,0.0,0.76313806,0.76313806,0.9999999999986896,0.0,0.0,0.0,0.0,1.0,39.0,11.0,39.0,11.0,Greedy-SLA,Fixed-UCB-1.64sigma-Shield,236,5,0.6,0.6,0.6,0.6,0.6
4,4,1,1,0.0,0.0,0.76313806,0.76313806,0.9999999999986896,0.0,0.0,0.0,0.0,1.0,39.0,11.0,39.0,11.0,DT-Top1,Full-CertiTwin-q90,236,5,0.6,0.6,0.6,0.6,0.6
4,4,1,1,0.0,0.0,0.76313806,0.76313806,0.9999999999986896,0.0,0.0,0.0,0.0,1.0,39.0,11.0,39.0,11.0,DT-Top1,SLA-Rule-Shield,236,5,0.6,0.6,0.6,0.6,0.6
4,4,1,1,0.0,0.0,0.76313806,0.76313806,0.9999999999986896,0.0,0.0,0.0,0.0,1.0,39.0,11.0,39.0,11.0,DT-Top1,Fixed-UCB-1sigma-Shield,236,5,0.6,0.6,0.6,0.6,0.6
4,4,1,1,0.0,0.0,0.76313806,0.76313806,0.9999999999986896,0.0,0.0,0.0,0.0,1.0,39.0,11.0,39.0,11.0,DT-Top1,Fixed-UCB-1.64sigma-Shield,236,5,0.6,0.6,0.6,0.6,0.6
2,2,1,1,0.0,0.0,0.6677499,0.6677499,0.9999999999985024,0.0,0.0,0.0,0.0,1.0,21.0,29.0,21.0,29.0,PF,Full-CertiTwin-q90,237,5,0.6,0.6,0.6,0.6,0.6
2,2,1,1,0.0,0.0,0.6677499,0.6677499,0.9999999999985024,0.0,0.0,0.0,0.0,1.0,21.0,29.0,21.0,29.0,PF,SLA-Rule-Shield,237,5,0.6,0.6,0.6,0.6,0.6
2,2,1,1,0.0,0.0,0.6677499,0.6677499,0.9999999999985024,0.0,0.0,0.0,0.0,1.0,21.0,29.0,21.0,29.0,PF,Fixed-UCB-1sigma-Shield,237,5,0.6,0.6,0.6,0.6,0.6
2,2,1,1,0.0,0.0,0.6677499,0.6677499,0.9999999999985024,0.0,0.0,0.0,0.0,1.0,21.0,29.0,21.0,29.0,PF,Fixed-UCB-1.64sigma-Shield,237,5,0.6,0.6,0.6,0.6,0.6
4,4,1,1,0.0,0.0,0.76313806,0.76313806,0.9999999999986896,0.0,0.0,0.0,0.0,1.0,39.0,11.0,39.0,11.0,Greedy-SLA,Full-CertiTwin-q90,237,5,0.6,0.6,0.6,0.6,0.6
4,4,1,1,0.0,0.0,0.76313806,0.76313806,0.9999999999986896,0.0,0.0,0.0,0.0,1.0,39.0,11.0,39.0,11.0,Greedy-SLA,SLA-Rule-Shield,237,5,0.6,0.6,0.6,0.6,0.6
4,4,1,1,0.0,0.0,0.76313806,0.76313806,0.9999999999986896,0.0,0.0,0.0,0.0,1.0,39.0,11.0,39.0,11.0,Greedy-SLA,Fixed-UCB-1sigma-Shield,237,5,0.6,0.6,0.6,0.6,0.6
4,4,1,1,0.0,0.0,0.76313806,0.76313806,0.9999999999986896,0.0,0.0,0.0,0.0,1.0,39.0,11.0,39.0,11.0,Greedy-SLA,Fixed-UCB-1.64sigma-Shield,237,5,0.6,0.6,0.6,0.6,0.6
4,4,1,1,0.0,0.0,0.76313806,0.76313806,0.9999999999986896,0.0,0.0,0.0,0.0,1.0,39.0,11.0,39.0,11.0,DT-Top1,Full-CertiTwin-q90,237,5,0.6,0.6,0.6,0.6,0.6
4,4,1,1,0.0,0.0,0.76313806,0.76313806,0.9999999999986896,0.0,0.0,0.0,0.0,1.0,39.0,11.0,39.0,11.0,DT-Top1,SLA-Rule-Shield,237,5,0.6,0.6,0.6,0.6,0.6
4,4,1,1,0.0,0.0,0.76313806,0.76313806,0.9999999999986896,0.0,0.0,0.0,0.0,1.0,39.0,11.0,39.0,11.0,DT-Top1,Fixed-UCB-1sigma-Shield,237,5,0.6,0.6,0.6,0.6,0.6
4,4,1,1,0.0,0.0,0.76313806,0.76313806,0.9999999999986896,0.0,0.0,0.0,0.0,1.0,39.0,11.0,39.0,11.0,DT-Top1,Fixed-UCB-1.64sigma-Shield,237,5,0.6,0.6,0.6,0.6,0.6
2,2,1,1,0.0,0.0,0.6677499,0.6677499,0.9999999999985024,0.0,0.0,0.0,0.0,1.0,21.0,29.0,21.0,29.0,PF,Full-CertiTwin-q90,238,5,0.6,0.6,0.6,0.6,0.6
2,2,1,1,0.0,0.0,0.6677499,0.6677499,0.9999999999985024,0.0,0.0,0.0,0.0,1.0,21.0,29.0,21.0,29.0,PF,SLA-Rule-Shield,238,5,0.6,0.6,0.6,0.6,0.6
2,2,1,1,0.0,0.0,0.6677499,0.6677499,0.9999999999985024,0.0,0.0,0.0,0.0,1.0,21.0,29.0,21.0,29.0,PF,Fixed-UCB-1sigma-Shield,238,5,0.6,0.6,0.6,0.6,0.6
2,2,1,1,0.0,0.0,0.6677499,0.6677499,0.9999999999985024,0.0,0.0,0.0,0.0,1.0,21.0,29.0,21.0,29.0,PF,Fixed-UCB-1.64sigma-Shield,238,5,0.6,0.6,0.6,0.6,0.6
4,4,1,1,0.0,0.0,0.76313806,0.76313806,0.9999999999986896,0.0,0.0,0.0,0.0,1.0,39.0,11.0,39.0,11.0,Greedy-SLA,Full-CertiTwin-q90,238,5,0.6,0.6,0.6,0.6,0.6
4,4,1,1,0.0,0.0,0.76313806,0.76313806,0.9999999999986896,0.0,0.0,0.0,0.0,1.0,39.0,11.0,39.0,11.0,Greedy-SLA,SLA-Rule-Shield,238,5,0.6,0.6,0.6,0.6,0.6
4,4,1,1,0.0,0.0,0.76313806,0.76313806,0.9999999999986896,0.0,0.0,0.0,0.0,1.0,39.0,11.0,39.0,11.0,Greedy-SLA,Fixed-UCB-1sigma-Shield,238,5,0.6,0.6,0.6,0.6,0.6
4,4,1,1,0.0,0.0,0.76313806,0.76313806,0.9999999999986896,0.0,0.0,0.0,0.0,1.0,39.0,11.0,39.0,11.0,Greedy-SLA,Fixed-UCB-1.64sigma-Shield,238,5,0.6,0.6,0.6,0.6,0.6
0,2,0,1,1.0,0.0,0.77050835,0.6677499,0.8666355140721491,1.0,21.0,0.0,0.0,1.0,0.0,29.0,21.0,29.0,DT-Top1,Full-CertiTwin-q90,238,5,0.6,0.6,0.6,0.6,0.6
0,4,0,1,1.0,0.0,0.77050835,0.76313806,0.990434509890788,1.0,57.0,0.0,0.0,1.0,0.0,29.0,39.0,11.0,DT-Top1,SLA-Rule-Shield,238,5,0.6,0.6,0.6,0.6,0.6
0,2,0,1,1.0,0.0,0.77050835,0.6677499,0.8666355140721491,1.0,21.0,0.0,0.0,1.0,0.0,29.0,21.0,29.0,DT-Top1,Fixed-UCB-1sigma-Shield,238,5,0.6,0.6,0.6,0.6,0.6
0,2,0,1,1.0,0.0,0.77050835,0.6677499,0.8666355140721491,1.0,21.0,0.0,0.0,1.0,0.0,29.0,21.0,29.0,DT-Top1,Fixed-UCB-1.64sigma-Shield,238,5,0.6,0.6,0.6,0.6,0.6
2,2,1,1,0.0,0.0,0.6374081,0.6374081,0.9999999999984313,0.0,0.0,0.0,0.0,1.0,21.0,29.0,21.0,29.0,PF,Full-CertiTwin-q90,239,5,0.6,0.6,0.6,0.6,0.6
2,2,1,1,0.0,0.0,0.6374081,0.6374081,0.9999999999984313,0.0,0.0,0.0,0.0,1.0,21.0,29.0,21.0,29.0,PF,SLA-Rule-Shield,239,5,0.6,0.6,0.6,0.6,0.6
2,2,1,1,0.0,0.0,0.6374081,0.6374081,0.9999999999984313,0.0,0.0,0.0,0.0,1.0,21.0,29.0,21.0,29.0,PF,Fixed-UCB-1sigma-Shield,239,5,0.6,0.6,0.6,0.6,0.6
2,2,1,1,0.0,0.0,0.6374081,0.6374081,0.9999999999984313,0.0,0.0,0.0,0.0,1.0,21.0,29.0,21.0,29.0,PF,Fixed-UCB-1.64sigma-Shield,239,5,0.6,0.6,0.6,0.6,0.6
4,4,1,1,0.0,0.0,0.76313806,0.76313806,0.9999999999986896,0.0,0.0,0.0,0.0,1.0,39.0,11.0,39.0,11.0,Greedy-SLA,Full-CertiTwin-q90,239,5,0.6,0.6,0.6,0.6,0.6
4,4,1,1,0.0,0.0,0.76313806,0.76313806,0.9999999999986896,0.0,0.0,0.0,0.0,1.0,39.0,11.0,39.0,11.0,Greedy-SLA,SLA-Rule-Shield,239,5,0.6,0.6,0.6,0.6,0.6
4,4,1,1,0.0,0.0,0.76313806,0.76313806,0.9999999999986896,0.0,0.0,0.0,0.0,1.0,39.0,11.0,39.0,11.0,Greedy-SLA,Fixed-UCB-1sigma-Shield,239,5,0.6,0.6,0.6,0.6,0.6
4,4,1,1,0.0,0.0,0.76313806,0.76313806,0.9999999999986896,0.0,0.0,0.0,0.0,1.0,39.0,11.0,39.0,11.0,Greedy-SLA,Fixed-UCB-1.64sigma-Shield,239,5,0.6,0.6,0.6,0.6,0.6
0,2,0,1,1.0,0.0,0.76278657,0.6374081,0.8356309943935751,1.0,21.0,0.0,0.0,1.0,0.0,29.0,21.0,29.0,DT-Top1,Full-CertiTwin-q90,239,5,0.6,0.6,0.6,0.6,0.6
0,4,0,1,1.0,0.0,0.76278657,0.76313806,1.000460797309265,1.0,57.0,0.0,0.0,1.0,0.0,29.0,39.0,11.0,DT-Top1,SLA-Rule-Shield,239,5,0.6,0.6,0.6,0.6,0.6
0,2,0,1,1.0,0.0,0.76278657,0.6374081,0.8356309943935751,1.0,21.0,0.0,0.0,1.0,0.0,29.0,21.0,29.0,DT-Top1,Fixed-UCB-1sigma-Shield,239,5,0.6,0.6,0.6,0.6,0.6
0,2,0,1,1.0,0.0,0.76278657,0.6374081,0.8356309943935751,1.0,21.0,0.0,0.0,1.0,0.0,29.0,21.0,29.0,DT-Top1,Fixed-UCB-1.64sigma-Shield,239,5,0.6,0.6,0.6,0.6,0.6
2,2,1,1,0.0,0.0,0.6677499,0.6677499,0.9999999999985024,0.0,0.0,0.0,0.0,1.0,21.0,29.0,21.0,29.0,PF,Full-CertiTwin-q90,240,5,0.6,0.6,0.6,0.6,0.6
2,2,1,1,0.0,0.0,0.6677499,0.6677499,0.9999999999985024,0.0,0.0,0.0,0.0,1.0,21.0,29.0,21.0,29.0,PF,SLA-Rule-Shield,240,5,0.6,0.6,0.6,0.6,0.6
2,2,1,1,0.0,0.0,0.6677499,0.6677499,0.9999999999985024,0.0,0.0,0.0,0.0,1.0,21.0,29.0,21.0,29.0,PF,Fixed-UCB-1sigma-Shield,240,5,0.6,0.6,0.6,0.6,0.6
2,2,1,1,0.0,0.0,0.6677499,0.6677499,0.9999999999985024,0.0,0.0,0.0,0.0,1.0,21.0,29.0,21.0,29.0,PF,Fixed-UCB-1.64sigma-Shield,240,5,0.6,0.6,0.6,0.6,0.6
4,4,1,1,0.0,0.0,0.76313806,0.76313806,0.9999999999986896,0.0,0.0,0.0,0.0,1.0,39.0,11.0,39.0,11.0,Greedy-SLA,Full-CertiTwin-q90,240,5,0.6,0.6,0.6,0.6,0.6
4,4,1,1,0.0,0.0,0.76313806,0.76313806,0.9999999999986896,0.0,0.0,0.0,0.0,1.0,39.0,11.0,39.0,11.0,Greedy-SLA,SLA-Rule-Shield,240,5,0.6,0.6,0.6,0.6,0.6
4,4,1,1,0.0,0.0,0.76313806,0.76313806,0.9999999999986896,0.0,0.0,0.0,0.0,1.0,39.0,11.0,39.0,11.0,Greedy-SLA,Fixed-UCB-1sigma-Shield,240,5,0.6,0.6,0.6,0.6,0.6
4,4,1,1,0.0,0.0,0.76313806,0.76313806,0.9999999999986896,0.0,0.0,0.0,0.0,1.0,39.0,11.0,39.0,11.0,Greedy-SLA,Fixed-UCB-1.64sigma-Shield,240,5,0.6,0.6,0.6,0.6,0.6
0,2,0,1,1.0,0.0,0.76278657,0.6677499,0.875408569397236,1.0,21.0,0.0,0.0,1.0,0.0,29.0,21.0,29.0,DT-Top1,Full-CertiTwin-q90,240,5,0.6,0.6,0.6,0.6,0.6
0,4,0,1,1.0,0.0,0.76278657,0.76313806,1.000460797309265,1.0,57.0,0.0,0.0,1.0,0.0,29.0,39.0,11.0,DT-Top1,SLA-Rule-Shield,240,5,0.6,0.6,0.6,0.6,0.6
0,2,0,1,1.0,0.0,0.76278657,0.6677499,0.875408569397236,1.0,21.0,0.0,0.0,1.0,0.0,29.0,21.0,29.0,DT-Top1,Fixed-UCB-1sigma-Shield,240,5,0.6,0.6,0.6,0.6,0.6
0,2,0,1,1.0,0.0,0.76278657,0.6677499,0.875408569397236,1.0,21.0,0.0,0.0,1.0,0.0,29.0,21.0,29.0,DT-Top1,Fixed-UCB-1.64sigma-Shield,240,5,0.6,0.6,0.6,0.6,0.6
2,2,1,1,0.0,0.0,0.6677499,0.6677499,0.9999999999985024,0.0,0.0,0.0,0.0,1.0,21.0,29.0,21.0,29.0,PF,Full-CertiTwin-q90,241,5,0.6,0.6,0.6,0.6,0.6
2,2,1,1,0.0,0.0,0.6677499,0.6677499,0.9999999999985024,0.0,0.0,0.0,0.0,1.0,21.0,29.0,21.0,29.0,PF,SLA-Rule-Shield,241,5,0.6,0.6,0.6,0.6,0.6
2,2,1,1,0.0,0.0,0.6677499,0.6677499,0.9999999999985024,0.0,0.0,0.0,0.0,1.0,21.0,29.0,21.0,29.0,PF,Fixed-UCB-1sigma-Shield,241,5,0.6,0.6,0.6,0.6,0.6
2,2,1,1,0.0,0.0,0.6677499,0.6677499,0.9999999999985024,0.0,0.0,0.0,0.0,1.0,21.0,29.0,21.0,29.0,PF,Fixed-UCB-1.64sigma-Shield,241,5,0.6,0.6,0.6,0.6,0.6
4,4,1,1,0.0,0.0,0.76313806,0.76313806,0.9999999999986896,0.0,0.0,0.0,0.0,1.0,39.0,11.0,39.0,11.0,Greedy-SLA,Full-CertiTwin-q90,241,5,0.6,0.6,0.6,0.6,0.6
4,4,1,1,0.0,0.0,0.76313806,0.76313806,0.9999999999986896,0.0,0.0,0.0,0.0,1.0,39.0,11.0,39.0,11.0,Greedy-SLA,SLA-Rule-Shield,241,5,0.6,0.6,0.6,0.6,0.6
4,4,1,1,0.0,0.0,0.76313806,0.76313806,0.9999999999986896,0.0,0.0,0.0,0.0,1.0,39.0,11.0,39.0,11.0,Greedy-SLA,Fixed-UCB-1sigma-Shield,241,5,0.6,0.6,0.6,0.6,0.6
4,4,1,1,0.0,0.0,0.76313806,0.76313806,0.9999999999986896,0.0,0.0,0.0,0.0,1.0,39.0,11.0,39.0,11.0,Greedy-SLA,Fixed-UCB-1.64sigma-Shield,241,5,0.6,0.6,0.6,0.6,0.6
0,2,0,1,1.0,0.0,0.77741534,0.6677499,0.8589358424534574,1.0,21.0,0.0,0.0,1.0,0.0,29.0,21.0,29.0,DT-Top1,Full-CertiTwin-q90,241,5,0.6,0.6,0.6,0.6,0.6
0,4,0,1,1.0,0.0,0.77741534,0.76313806,0.981634939180668,1.0,57.0,0.0,0.0,1.0,0.0,29.0,39.0,11.0,DT-Top1,SLA-Rule-Shield,241,5,0.6,0.6,0.6,0.6,0.6
0,2,0,1,1.0,0.0,0.77741534,0.6677499,0.8589358424534574,1.0,21.0,0.0,0.0,1.0,0.0,29.0,21.0,29.0,DT-Top1,Fixed-UCB-1sigma-Shield,241,5,0.6,0.6,0.6,0.6,0.6
0,2,0,1,1.0,0.0,0.77741534,0.6677499,0.8589358424534574,1.0,21.0,0.0,0.0,1.0,0.0,29.0,21.0,29.0,DT-Top1,Fixed-UCB-1.64sigma-Shield,241,5,0.6,0.6,0.6,0.6,0.6
2,2,1,1,0.0,0.0,0.6677499,0.6677499,0.9999999999985024,0.0,0.0,0.0,0.0,1.0,21.0,29.0,21.0,29.0,PF,Full-CertiTwin-q90,242,5,0.6,0.6,0.6,0.6,0.6
2,2,1,1,0.0,0.0,0.6677499,0.6677499,0.9999999999985024,0.0,0.0,0.0,0.0,1.0,21.0,29.0,21.0,29.0,PF,SLA-Rule-Shield,242,5,0.6,0.6,0.6,0.6,0.6
2,2,1,1,0.0,0.0,0.6677499,0.6677499,0.9999999999985024,0.0,0.0,0.0,0.0,1.0,21.0,29.0,21.0,29.0,PF,Fixed-UCB-1sigma-Shield,242,5,0.6,0.6,0.6,0.6,0.6
2,2,1,1,0.0,0.0,0.6677499,0.6677499,0.9999999999985024,0.0,0.0,0.0,0.0,1.0,21.0,29.0,21.0,29.0,PF,Fixed-UCB-1.64sigma-Shield,242,5,0.6,0.6,0.6,0.6,0.6
4,4,1,1,0.0,0.0,0.76313806,0.76313806,0.9999999999986896,0.0,0.0,0.0,0.0,1.0,39.0,11.0,39.0,11.0,Greedy-SLA,Full-CertiTwin-q90,242,5,0.6,0.6,0.6,0.6,0.6
4,4,1,1,0.0,0.0,0.76313806,0.76313806,0.9999999999986896,0.0,0.0,0.0,0.0,1.0,39.0,11.0,39.0,11.0,Greedy-SLA,SLA-Rule-Shield,242,5,0.6,0.6,0.6,0.6,0.6
4,4,1,1,0.0,0.0,0.76313806,0.76313806,0.9999999999986896,0.0,0.0,0.0,0.0,1.0,39.0,11.0,39.0,11.0,Greedy-SLA,Fixed-UCB-1sigma-Shield,242,5,0.6,0.6,0.6,0.6,0.6
4,4,1,1,0.0,0.0,0.76313806,0.76313806,0.9999999999986896,0.0,0.0,0.0,0.0,1.0,39.0,11.0,39.0,11.0,Greedy-SLA,Fixed-UCB-1.64sigma-Shield,242,5,0.6,0.6,0.6,0.6,0.6
4,4,1,1,0.0,0.0,0.76313806,0.76313806,0.9999999999986896,0.0,0.0,0.0,0.0,1.0,39.0,11.0,39.0,11.0,DT-Top1,Full-CertiTwin-q90,242,5,0.6,0.6,0.6,0.6,0.6
4,4,1,1,0.0,0.0,0.76313806,0.76313806,0.9999999999986896,0.0,0.0,0.0,0.0,1.0,39.0,11.0,39.0,11.0,DT-Top1,SLA-Rule-Shield,242,5,0.6,0.6,0.6,0.6,0.6
4,4,1,1,0.0,0.0,0.76313806,0.76313806,0.9999999999986896,0.0,0.0,0.0,0.0,1.0,39.0,11.0,39.0,11.0,DT-Top1,Fixed-UCB-1sigma-Shield,242,5,0.6,0.6,0.6,0.6,0.6
4,4,1,1,0.0,0.0,0.76313806,0.76313806,0.9999999999986896,0.0,0.0,0.0,0.0,1.0,39.0,11.0,39.0,11.0,DT-Top1,Fixed-UCB-1.64sigma-Shield,242,5,0.6,0.6,0.6,0.6,0.6
2,2,1,1,0.0,0.0,0.6677499,0.6677499,0.9999999999985024,0.0,0.0,0.0,0.0,1.0,21.0,29.0,21.0,29.0,PF,Full-CertiTwin-q90,243,5,0.6,0.6,0.6,0.6,0.6
2,2,1,1,0.0,0.0,0.6677499,0.6677499,0.9999999999985024,0.0,0.0,0.0,0.0,1.0,21.0,29.0,21.0,29.0,PF,SLA-Rule-Shield,243,5,0.6,0.6,0.6,0.6,0.6
2,2,1,1,0.0,0.0,0.6677499,0.6677499,0.9999999999985024,0.0,0.0,0.0,0.0,1.0,21.0,29.0,21.0,29.0,PF,Fixed-UCB-1sigma-Shield,243,5,0.6,0.6,0.6,0.6,0.6
2,2,1,1,0.0,0.0,0.6677499,0.6677499,0.9999999999985024,0.0,0.0,0.0,0.0,1.0,21.0,29.0,21.0,29.0,PF,Fixed-UCB-1.64sigma-Shield,243,5,0.6,0.6,0.6,0.6,0.6
4,4,1,1,0.0,0.0,0.76313806,0.76313806,0.9999999999986896,0.0,0.0,0.0,0.0,1.0,39.0,11.0,39.0,11.0,Greedy-SLA,Full-CertiTwin-q90,243,5,0.6,0.6,0.6,0.6,0.6
4,4,1,1,0.0,0.0,0.76313806,0.76313806,0.9999999999986896,0.0,0.0,0.0,0.0,1.0,39.0,11.0,39.0,11.0,Greedy-SLA,SLA-Rule-Shield,243,5,0.6,0.6,0.6,0.6,0.6
4,4,1,1,0.0,0.0,0.76313806,0.76313806,0.9999999999986896,0.0,0.0,0.0,0.0,1.0,39.0,11.0,39.0,11.0,Greedy-SLA,Fixed-UCB-1sigma-Shield,243,5,0.6,0.6,0.6,0.6,0.6
4,4,1,1,0.0,0.0,0.76313806,0.76313806,0.9999999999986896,0.0,0.0,0.0,0.0,1.0,39.0,11.0,39.0,11.0,Greedy-SLA,Fixed-UCB-1.64sigma-Shield,243,5,0.6,0.6,0.6,0.6,0.6
0,2,0,1,1.0,0.0,0.76278657,0.6677499,0.875408569397236,1.0,21.0,0.0,0.0,1.0,0.0,29.0,21.0,29.0,DT-Top1,Full-CertiTwin-q90,243,5,0.6,0.6,0.6,0.6,0.6
0,4,0,1,1.0,0.0,0.76278657,0.76313806,1.000460797309265,1.0,57.0,0.0,0.0,1.0,0.0,29.0,39.0,11.0,DT-Top1,SLA-Rule-Shield,243,5,0.6,0.6,0.6,0.6,0.6
0,2,0,1,1.0,0.0,0.76278657,0.6677499,0.875408569397236,1.0,21.0,0.0,0.0,1.0,0.0,29.0,21.0,29.0,DT-Top1,Fixed-UCB-1sigma-Shield,243,5,0.6,0.6,0.6,0.6,0.6
0,2,0,1,1.0,0.0,0.76278657,0.6677499,0.875408569397236,1.0,21.0,0.0,0.0,1.0,0.0,29.0,21.0,29.0,DT-Top1,Fixed-UCB-1.64sigma-Shield,243,5,0.6,0.6,0.6,0.6,0.6
2,2,1,1,0.0,0.0,0.6677499,0.6677499,0.9999999999985024,0.0,0.0,0.0,0.0,1.0,21.0,29.0,21.0,29.0,PF,Full-CertiTwin-q90,244,5,0.6,0.6,0.6,0.6,0.6
2,2,1,1,0.0,0.0,0.6677499,0.6677499,0.9999999999985024,0.0,0.0,0.0,0.0,1.0,21.0,29.0,21.0,29.0,PF,SLA-Rule-Shield,244,5,0.6,0.6,0.6,0.6,0.6
2,2,1,1,0.0,0.0,0.6677499,0.6677499,0.9999999999985024,0.0,0.0,0.0,0.0,1.0,21.0,29.0,21.0,29.0,PF,Fixed-UCB-1sigma-Shield,244,5,0.6,0.6,0.6,0.6,0.6
2,2,1,1,0.0,0.0,0.6677499,0.6677499,0.9999999999985024,0.0,0.0,0.0,0.0,1.0,21.0,29.0,21.0,29.0,PF,Fixed-UCB-1.64sigma-Shield,244,5,0.6,0.6,0.6,0.6,0.6
4,4,1,1,0.0,0.0,0.76313806,0.76313806,0.9999999999986896,0.0,0.0,0.0,0.0,1.0,39.0,11.0,39.0,11.0,Greedy-SLA,Full-CertiTwin-q90,244,5,0.6,0.6,0.6,0.6,0.6
4,4,1,1,0.0,0.0,0.76313806,0.76313806,0.9999999999986896,0.0,0.0,0.0,0.0,1.0,39.0,11.0,39.0,11.0,Greedy-SLA,SLA-Rule-Shield,244,5,0.6,0.6,0.6,0.6,0.6
4,4,1,1,0.0,0.0,0.76313806,0.76313806,0.9999999999986896,0.0,0.0,0.0,0.0,1.0,39.0,11.0,39.0,11.0,Greedy-SLA,Fixed-UCB-1sigma-Shield,244,5,0.6,0.6,0.6,0.6,0.6
4,4,1,1,0.0,0.0,0.76313806,0.76313806,0.9999999999986896,0.0,0.0,0.0,0.0,1.0,39.0,11.0,39.0,11.0,Greedy-SLA,Fixed-UCB-1.64sigma-Shield,244,5,0.6,0.6,0.6,0.6,0.6
4,4,1,1,0.0,0.0,0.76313806,0.76313806,0.9999999999986896,0.0,0.0,0.0,0.0,1.0,39.0,11.0,39.0,11.0,DT-Top1,Full-CertiTwin-q90,244,5,0.6,0.6,0.6,0.6,0.6
4,4,1,1,0.0,0.0,0.76313806,0.76313806,0.9999999999986896,0.0,0.0,0.0,0.0,1.0,39.0,11.0,39.0,11.0,DT-Top1,SLA-Rule-Shield,244,5,0.6,0.6,0.6,0.6,0.6
4,4,1,1,0.0,0.0,0.76313806,0.76313806,0.9999999999986896,0.0,0.0,0.0,0.0,1.0,39.0,11.0,39.0,11.0,DT-Top1,Fixed-UCB-1sigma-Shield,244,5,0.6,0.6,0.6,0.6,0.6
4,4,1,1,0.0,0.0,0.76313806,0.76313806,0.9999999999986896,0.0,0.0,0.0,0.0,1.0,39.0,11.0,39.0,11.0,DT-Top1,Fixed-UCB-1.64sigma-Shield,244,5,0.6,0.6,0.6,0.6,0.6
2,2,1,1,0.0,0.0,0.6677499,0.6677499,0.9999999999985024,0.0,0.0,0.0,0.0,1.0,21.0,29.0,21.0,29.0,PF,Full-CertiTwin-q90,245,5,0.6,0.6,0.6,0.6,0.6
2,2,1,1,0.0,0.0,0.6677499,0.6677499,0.9999999999985024,0.0,0.0,0.0,0.0,1.0,21.0,29.0,21.0,29.0,PF,SLA-Rule-Shield,245,5,0.6,0.6,0.6,0.6,0.6
2,2,1,1,0.0,0.0,0.6677499,0.6677499,0.9999999999985024,0.0,0.0,0.0,0.0,1.0,21.0,29.0,21.0,29.0,PF,Fixed-UCB-1sigma-Shield,245,5,0.6,0.6,0.6,0.6,0.6
2,2,1,1,0.0,0.0,0.6677499,0.6677499,0.9999999999985024,0.0,0.0,0.0,0.0,1.0,21.0,29.0,21.0,29.0,PF,Fixed-UCB-1.64sigma-Shield,245,5,0.6,0.6,0.6,0.6,0.6
4,4,1,1,0.0,0.0,0.76313806,0.76313806,0.9999999999986896,0.0,0.0,0.0,0.0,1.0,39.0,11.0,39.0,11.0,Greedy-SLA,Full-CertiTwin-q90,245,5,0.6,0.6,0.6,0.6,0.6
4,4,1,1,0.0,0.0,0.76313806,0.76313806,0.9999999999986896,0.0,0.0,0.0,0.0,1.0,39.0,11.0,39.0,11.0,Greedy-SLA,SLA-Rule-Shield,245,5,0.6,0.6,0.6,0.6,0.6
4,4,1,1,0.0,0.0,0.76313806,0.76313806,0.9999999999986896,0.0,0.0,0.0,0.0,1.0,39.0,11.0,39.0,11.0,Greedy-SLA,Fixed-UCB-1sigma-Shield,245,5,0.6,0.6,0.6,0.6,0.6
4,4,1,1,0.0,0.0,0.76313806,0.76313806,0.9999999999986896,0.0,0.0,0.0,0.0,1.0,39.0,11.0,39.0,11.0,Greedy-SLA,Fixed-UCB-1.64sigma-Shield,245,5,0.6,0.6,0.6,0.6,0.6
4,4,1,1,0.0,0.0,0.76313806,0.76313806,0.9999999999986896,0.0,0.0,0.0,0.0,1.0,39.0,11.0,39.0,11.0,DT-Top1,Full-CertiTwin-q90,245,5,0.6,0.6,0.6,0.6,0.6
4,4,1,1,0.0,0.0,0.76313806,0.76313806,0.9999999999986896,0.0,0.0,0.0,0.0,1.0,39.0,11.0,39.0,11.0,DT-Top1,SLA-Rule-Shield,245,5,0.6,0.6,0.6,0.6,0.6
4,4,1,1,0.0,0.0,0.76313806,0.76313806,0.9999999999986896,0.0,0.0,0.0,0.0,1.0,39.0,11.0,39.0,11.0,DT-Top1,Fixed-UCB-1sigma-Shield,245,5,0.6,0.6,0.6,0.6,0.6
4,4,1,1,0.0,0.0,0.76313806,0.76313806,0.9999999999986896,0.0,0.0,0.0,0.0,1.0,39.0,11.0,39.0,11.0,DT-Top1,Fixed-UCB-1.64sigma-Shield,245,5,0.6,0.6,0.6,0.6,0.6
2,2,1,1,0.0,0.0,0.6677499,0.6677499,0.9999999999985024,0.0,0.0,0.0,0.0,1.0,21.0,29.0,21.0,29.0,PF,Full-CertiTwin-q90,246,5,0.6,0.6,0.6,0.6,0.6
2,2,1,1,0.0,0.0,0.6677499,0.6677499,0.9999999999985024,0.0,0.0,0.0,0.0,1.0,21.0,29.0,21.0,29.0,PF,SLA-Rule-Shield,246,5,0.6,0.6,0.6,0.6,0.6
2,2,1,1,0.0,0.0,0.6677499,0.6677499,0.9999999999985024,0.0,0.0,0.0,0.0,1.0,21.0,29.0,21.0,29.0,PF,Fixed-UCB-1sigma-Shield,246,5,0.6,0.6,0.6,0.6,0.6
2,2,1,1,0.0,0.0,0.6677499,0.6677499,0.9999999999985024,0.0,0.0,0.0,0.0,1.0,21.0,29.0,21.0,29.0,PF,Fixed-UCB-1.64sigma-Shield,246,5,0.6,0.6,0.6,0.6,0.6
0,2,0,1,1.0,0.0,0.76278657,0.6677499,0.875408569397236,1.0,21.0,0.0,0.0,1.0,0.0,29.0,21.0,29.0,Greedy-SLA,Full-CertiTwin-q90,246,5,0.6,0.6,0.6,0.6,0.6
0,4,0,1,1.0,0.0,0.76278657,0.76313806,1.000460797309265,1.0,57.0,0.0,0.0,1.0,0.0,29.0,39.0,11.0,Greedy-SLA,SLA-Rule-Shield,246,5,0.6,0.6,0.6,0.6,0.6
0,2,0,1,1.0,0.0,0.76278657,0.6677499,0.875408569397236,1.0,21.0,0.0,0.0,1.0,0.0,29.0,21.0,29.0,Greedy-SLA,Fixed-UCB-1sigma-Shield,246,5,0.6,0.6,0.6,0.6,0.6
0,2,0,1,1.0,0.0,0.76278657,0.6677499,0.875408569397236,1.0,21.0,0.0,0.0,1.0,0.0,29.0,21.0,29.0,Greedy-SLA,Fixed-UCB-1.64sigma-Shield,246,5,0.6,0.6,0.6,0.6,0.6
0,2,0,1,1.0,0.0,0.76278657,0.6677499,0.875408569397236,1.0,21.0,0.0,0.0,1.0,0.0,29.0,21.0,29.0,DT-Top1,Full-CertiTwin-q90,246,5,0.6,0.6,0.6,0.6,0.6
0,4,0,1,1.0,0.0,0.76278657,0.76313806,1.000460797309265,1.0,57.0,0.0,0.0,1.0,0.0,29.0,39.0,11.0,DT-Top1,SLA-Rule-Shield,246,5,0.6,0.6,0.6,0.6,0.6
0,2,0,1,1.0,0.0,0.76278657,0.6677499,0.875408569397236,1.0,21.0,0.0,0.0,1.0,0.0,29.0,21.0,29.0,DT-Top1,Fixed-UCB-1sigma-Shield,246,5,0.6,0.6,0.6,0.6,0.6
0,2,0,1,1.0,0.0,0.76278657,0.6677499,0.875408569397236,1.0,21.0,0.0,0.0,1.0,0.0,29.0,21.0,29.0,DT-Top1,Fixed-UCB-1.64sigma-Shield,246,5,0.6,0.6,0.6,0.6,0.6
2,2,1,1,0.0,0.0,0.6677499,0.6677499,0.9999999999985024,0.0,0.0,0.0,0.0,1.0,21.0,29.0,21.0,29.0,PF,Full-CertiTwin-q90,247,5,0.6,0.6,0.6,0.6,0.6
2,2,1,1,0.0,0.0,0.6677499,0.6677499,0.9999999999985024,0.0,0.0,0.0,0.0,1.0,21.0,29.0,21.0,29.0,PF,SLA-Rule-Shield,247,5,0.6,0.6,0.6,0.6,0.6
2,2,1,1,0.0,0.0,0.6677499,0.6677499,0.9999999999985024,0.0,0.0,0.0,0.0,1.0,21.0,29.0,21.0,29.0,PF,Fixed-UCB-1sigma-Shield,247,5,0.6,0.6,0.6,0.6,0.6
2,2,1,1,0.0,0.0,0.6677499,0.6677499,0.9999999999985024,0.0,0.0,0.0,0.0,1.0,21.0,29.0,21.0,29.0,PF,Fixed-UCB-1.64sigma-Shield,247,5,0.6,0.6,0.6,0.6,0.6
4,4,1,1,0.0,0.0,0.75664926,0.75664926,0.9999999999986784,0.0,0.0,0.0,0.0,1.0,39.0,11.0,39.0,11.0,Greedy-SLA,Full-CertiTwin-q90,247,5,0.6,0.6,0.6,0.6,0.6
4,4,1,1,0.0,0.0,0.75664926,0.75664926,0.9999999999986784,0.0,0.0,0.0,0.0,1.0,39.0,11.0,39.0,11.0,Greedy-SLA,SLA-Rule-Shield,247,5,0.6,0.6,0.6,0.6,0.6
4,4,1,1,0.0,0.0,0.75664926,0.75664926,0.9999999999986784,0.0,0.0,0.0,0.0,1.0,39.0,11.0,39.0,11.0,Greedy-SLA,Fixed-UCB-1sigma-Shield,247,5,0.6,0.6,0.6,0.6,0.6
4,4,1,1,0.0,0.0,0.75664926,0.75664926,0.9999999999986784,0.0,0.0,0.0,0.0,1.0,39.0,11.0,39.0,11.0,Greedy-SLA,Fixed-UCB-1.64sigma-Shield,247,5,0.6,0.6,0.6,0.6,0.6
0,2,0,1,1.0,0.0,0.76278657,0.6677499,0.875408569397236,1.0,21.0,0.0,0.0,1.0,0.0,29.0,21.0,29.0,DT-Top1,Full-CertiTwin-q90,247,5,0.6,0.6,0.6,0.6,0.6
0,4,0,1,1.0,0.0,0.76278657,0.75664926,0.9919540927405264,1.0,57.0,0.0,0.0,1.0,0.0,29.0,39.0,11.0,DT-Top1,SLA-Rule-Shield,247,5,0.6,0.6,0.6,0.6,0.6
0,2,0,1,1.0,0.0,0.76278657,0.6677499,0.875408569397236,1.0,21.0,0.0,0.0,1.0,0.0,29.0,21.0,29.0,DT-Top1,Fixed-UCB-1sigma-Shield,247,5,0.6,0.6,0.6,0.6,0.6
0,2,0,1,1.0,0.0,0.76278657,0.6677499,0.875408569397236,1.0,21.0,0.0,0.0,1.0,0.0,29.0,21.0,29.0,DT-Top1,Fixed-UCB-1.64sigma-Shield,247,5,0.6,0.6,0.6,0.6,0.6
2,2,1,1,0.0,0.0,0.6677499,0.6677499,0.9999999999985024,0.0,0.0,0.0,0.0,1.0,21.0,29.0,21.0,29.0,PF,Full-CertiTwin-q90,248,5,0.6,0.6,0.6,0.6,0.6
2,2,1,1,0.0,0.0,0.6677499,0.6677499,0.9999999999985024,0.0,0.0,0.0,0.0,1.0,21.0,29.0,21.0,29.0,PF,SLA-Rule-Shield,248,5,0.6,0.6,0.6,0.6,0.6
2,2,1,1,0.0,0.0,0.6677499,0.6677499,0.9999999999985024,0.0,0.0,0.0,0.0,1.0,21.0,29.0,21.0,29.0,PF,Fixed-UCB-1sigma-Shield,248,5,0.6,0.6,0.6,0.6,0.6
2,2,1,1,0.0,0.0,0.6677499,0.6677499,0.9999999999985024,0.0,0.0,0.0,0.0,1.0,21.0,29.0,21.0,29.0,PF,Fixed-UCB-1.64sigma-Shield,248,5,0.6,0.6,0.6,0.6,0.6
4,4,1,1,0.0,0.0,0.76313806,0.76313806,0.9999999999986896,0.0,0.0,0.0,0.0,1.0,39.0,11.0,39.0,11.0,Greedy-SLA,Full-CertiTwin-q90,248,5,0.6,0.6,0.6,0.6,0.6
4,4,1,1,0.0,0.0,0.76313806,0.76313806,0.9999999999986896,0.0,0.0,0.0,0.0,1.0,39.0,11.0,39.0,11.0,Greedy-SLA,SLA-Rule-Shield,248,5,0.6,0.6,0.6,0.6,0.6
4,4,1,1,0.0,0.0,0.76313806,0.76313806,0.9999999999986896,0.0,0.0,0.0,0.0,1.0,39.0,11.0,39.0,11.0,Greedy-SLA,Fixed-UCB-1sigma-Shield,248,5,0.6,0.6,0.6,0.6,0.6
4,4,1,1,0.0,0.0,0.76313806,0.76313806,0.9999999999986896,0.0,0.0,0.0,0.0,1.0,39.0,11.0,39.0,11.0,Greedy-SLA,Fixed-UCB-1.64sigma-Shield,248,5,0.6,0.6,0.6,0.6,0.6
0,2,0,1,1.0,0.0,0.7864371,0.6677499,0.8490823995957858,1.0,21.0,0.0,0.0,1.0,0.0,29.0,21.0,29.0,DT-Top1,Full-CertiTwin-q90,248,5,0.6,0.6,0.6,0.6,0.6
0,4,0,1,1.0,0.0,0.7864371,0.76313806,0.970373930730162,1.0,57.0,0.0,0.0,1.0,0.0,29.0,39.0,11.0,DT-Top1,SLA-Rule-Shield,248,5,0.6,0.6,0.6,0.6,0.6
0,2,0,1,1.0,0.0,0.7864371,0.6677499,0.8490823995957858,1.0,21.0,0.0,0.0,1.0,0.0,29.0,21.0,29.0,DT-Top1,Fixed-UCB-1sigma-Shield,248,5,0.6,0.6,0.6,0.6,0.6
0,2,0,1,1.0,0.0,0.7864371,0.6677499,0.8490823995957858,1.0,21.0,0.0,0.0,1.0,0.0,29.0,21.0,29.0,DT-Top1,Fixed-UCB-1.64sigma-Shield,248,5,0.6,0.6,0.6,0.6,0.6
2,2,1,1,0.0,0.0,0.6677499,0.6677499,0.9999999999985024,0.0,0.0,0.0,0.0,1.0,21.0,29.0,21.0,29.0,PF,Full-CertiTwin-q90,249,5,0.6,0.6,0.6,0.6,0.6
2,2,1,1,0.0,0.0,0.6677499,0.6677499,0.9999999999985024,0.0,0.0,0.0,0.0,1.0,21.0,29.0,21.0,29.0,PF,SLA-Rule-Shield,249,5,0.6,0.6,0.6,0.6,0.6
2,2,1,1,0.0,0.0,0.6677499,0.6677499,0.9999999999985024,0.0,0.0,0.0,0.0,1.0,21.0,29.0,21.0,29.0,PF,Fixed-UCB-1sigma-Shield,249,5,0.6,0.6,0.6,0.6,0.6
2,2,1,1,0.0,0.0,0.6677499,0.6677499,0.9999999999985024,0.0,0.0,0.0,0.0,1.0,21.0,29.0,21.0,29.0,PF,Fixed-UCB-1.64sigma-Shield,249,5,0.6,0.6,0.6,0.6,0.6
4,4,1,1,0.0,0.0,0.76313806,0.76313806,0.9999999999986896,0.0,0.0,0.0,0.0,1.0,39.0,11.0,39.0,11.0,Greedy-SLA,Full-CertiTwin-q90,249,5,0.6,0.6,0.6,0.6,0.6
4,4,1,1,0.0,0.0,0.76313806,0.76313806,0.9999999999986896,0.0,0.0,0.0,0.0,1.0,39.0,11.0,39.0,11.0,Greedy-SLA,SLA-Rule-Shield,249,5,0.6,0.6,0.6,0.6,0.6
4,4,1,1,0.0,0.0,0.76313806,0.76313806,0.9999999999986896,0.0,0.0,0.0,0.0,1.0,39.0,11.0,39.0,11.0,Greedy-SLA,Fixed-UCB-1sigma-Shield,249,5,0.6,0.6,0.6,0.6,0.6
4,4,1,1,0.0,0.0,0.76313806,0.76313806,0.9999999999986896,0.0,0.0,0.0,0.0,1.0,39.0,11.0,39.0,11.0,Greedy-SLA,Fixed-UCB-1.64sigma-Shield,249,5,0.6,0.6,0.6,0.6,0.6
0,2,0,1,1.0,0.0,0.77050835,0.6677499,0.8666355140721491,1.0,21.0,0.0,0.0,1.0,0.0,29.0,21.0,29.0,DT-Top1,Full-CertiTwin-q90,249,5,0.6,0.6,0.6,0.6,0.6
0,4,0,1,1.0,0.0,0.77050835,0.76313806,0.990434509890788,1.0,57.0,0.0,0.0,1.0,0.0,29.0,39.0,11.0,DT-Top1,SLA-Rule-Shield,249,5,0.6,0.6,0.6,0.6,0.6
0,2,0,1,1.0,0.0,0.77050835,0.6677499,0.8666355140721491,1.0,21.0,0.0,0.0,1.0,0.0,29.0,21.0,29.0,DT-Top1,Fixed-UCB-1sigma-Shield,249,5,0.6,0.6,0.6,0.6,0.6
0,2,0,1,1.0,0.0,0.77050835,0.6677499,0.8666355140721491,1.0,21.0,0.0,0.0,1.0,0.0,29.0,21.0,29.0,DT-Top1,Fixed-UCB-1.64sigma-Shield,249,5,0.6,0.6,0.6,0.6,0.6
2,2,1,1,0.0,0.0,0.6677499,0.6677499,0.9999999999985024,0.0,0.0,0.0,0.0,1.0,21.0,29.0,21.0,29.0,PF,Full-CertiTwin-q90,250,5,0.6,0.6,0.6,0.6,0.6
2,2,1,1,0.0,0.0,0.6677499,0.6677499,0.9999999999985024,0.0,0.0,0.0,0.0,1.0,21.0,29.0,21.0,29.0,PF,SLA-Rule-Shield,250,5,0.6,0.6,0.6,0.6,0.6
2,2,1,1,0.0,0.0,0.6677499,0.6677499,0.9999999999985024,0.0,0.0,0.0,0.0,1.0,21.0,29.0,21.0,29.0,PF,Fixed-UCB-1sigma-Shield,250,5,0.6,0.6,0.6,0.6,0.6
2,2,1,1,0.0,0.0,0.6677499,0.6677499,0.9999999999985024,0.0,0.0,0.0,0.0,1.0,21.0,29.0,21.0,29.0,PF,Fixed-UCB-1.64sigma-Shield,250,5,0.6,0.6,0.6,0.6,0.6
4,4,1,1,0.0,0.0,0.7777951,0.7777951,0.9999999999987144,0.0,0.0,0.0,0.0,1.0,39.0,11.0,39.0,11.0,Greedy-SLA,Full-CertiTwin-q90,250,5,0.6,0.6,0.6,0.6,0.6
4,4,1,1,0.0,0.0,0.7777951,0.7777951,0.9999999999987144,0.0,0.0,0.0,0.0,1.0,39.0,11.0,39.0,11.0,Greedy-SLA,SLA-Rule-Shield,250,5,0.6,0.6,0.6,0.6,0.6
4,4,1,1,0.0,0.0,0.7777951,0.7777951,0.9999999999987144,0.0,0.0,0.0,0.0,1.0,39.0,11.0,39.0,11.0,Greedy-SLA,Fixed-UCB-1sigma-Shield,250,5,0.6,0.6,0.6,0.6,0.6
4,4,1,1,0.0,0.0,0.7777951,0.7777951,0.9999999999987144,0.0,0.0,0.0,0.0,1.0,39.0,11.0,39.0,11.0,Greedy-SLA,Fixed-UCB-1.64sigma-Shield,250,5,0.6,0.6,0.6,0.6,0.6
0,2,0,1,1.0,0.0,0.76278657,0.6677499,0.875408569397236,1.0,21.0,0.0,0.0,1.0,0.0,29.0,21.0,29.0,DT-Top1,Full-CertiTwin-q90,250,5,0.6,0.6,0.6,0.6,0.6
0,4,0,1,1.0,0.0,0.76278657,0.7777951,1.0196759232388952,1.0,57.0,0.0,0.0,1.0,0.0,29.0,39.0,11.0,DT-Top1,SLA-Rule-Shield,250,5,0.6,0.6,0.6,0.6,0.6
0,2,0,1,1.0,0.0,0.76278657,0.6677499,0.875408569397236,1.0,21.0,0.0,0.0,1.0,0.0,29.0,21.0,29.0,DT-Top1,Fixed-UCB-1sigma-Shield,250,5,0.6,0.6,0.6,0.6,0.6
0,2,0,1,1.0,0.0,0.76278657,0.6677499,0.875408569397236,1.0,21.0,0.0,0.0,1.0,0.0,29.0,21.0,29.0,DT-Top1,Fixed-UCB-1.64sigma-Shield,250,5,0.6,0.6,0.6,0.6,0.6
2,2,1,1,0.0,0.0,0.6677499,0.6677499,0.9999999999985024,0.0,0.0,0.0,0.0,1.0,21.0,29.0,21.0,29.0,PF,Full-CertiTwin-q90,251,5,0.6,0.6,0.6,0.6,0.6
2,2,1,1,0.0,0.0,0.6677499,0.6677499,0.9999999999985024,0.0,0.0,0.0,0.0,1.0,21.0,29.0,21.0,29.0,PF,SLA-Rule-Shield,251,5,0.6,0.6,0.6,0.6,0.6
2,2,1,1,0.0,0.0,0.6677499,0.6677499,0.9999999999985024,0.0,0.0,0.0,0.0,1.0,21.0,29.0,21.0,29.0,PF,Fixed-UCB-1sigma-Shield,251,5,0.6,0.6,0.6,0.6,0.6
2,2,1,1,0.0,0.0,0.6677499,0.6677499,0.9999999999985024,0.0,0.0,0.0,0.0,1.0,21.0,29.0,21.0,29.0,PF,Fixed-UCB-1.64sigma-Shield,251,5,0.6,0.6,0.6,0.6,0.6
4,4,1,1,0.0,0.0,0.76313806,0.76313806,0.9999999999986896,0.0,0.0,0.0,0.0,1.0,39.0,11.0,39.0,11.0,Greedy-SLA,Full-CertiTwin-q90,251,5,0.6,0.6,0.6,0.6,0.6
4,4,1,1,0.0,0.0,0.76313806,0.76313806,0.9999999999986896,0.0,0.0,0.0,0.0,1.0,39.0,11.0,39.0,11.0,Greedy-SLA,SLA-Rule-Shield,251,5,0.6,0.6,0.6,0.6,0.6
4,4,1,1,0.0,0.0,0.76313806,0.76313806,0.9999999999986896,0.0,0.0,0.0,0.0,1.0,39.0,11.0,39.0,11.0,Greedy-SLA,Fixed-UCB-1sigma-Shield,251,5,0.6,0.6,0.6,0.6,0.6
4,4,1,1,0.0,0.0,0.76313806,0.76313806,0.9999999999986896,0.0,0.0,0.0,0.0,1.0,39.0,11.0,39.0,11.0,Greedy-SLA,Fixed-UCB-1.64sigma-Shield,251,5,0.6,0.6,0.6,0.6,0.6
0,2,0,1,1.0,0.0,0.77741534,0.6677499,0.8589358424534574,1.0,21.0,0.0,0.0,1.0,0.0,29.0,21.0,29.0,DT-Top1,Full-CertiTwin-q90,251,5,0.6,0.6,0.6,0.6,0.6
0,4,0,1,1.0,0.0,0.77741534,0.76313806,0.981634939180668,1.0,57.0,0.0,0.0,1.0,0.0,29.0,39.0,11.0,DT-Top1,SLA-Rule-Shield,251,5,0.6,0.6,0.6,0.6,0.6
0,2,0,1,1.0,0.0,0.77741534,0.6677499,0.8589358424534574,1.0,21.0,0.0,0.0,1.0,0.0,29.0,21.0,29.0,DT-Top1,Fixed-UCB-1sigma-Shield,251,5,0.6,0.6,0.6,0.6,0.6
0,2,0,1,1.0,0.0,0.77741534,0.6677499,0.8589358424534574,1.0,21.0,0.0,0.0,1.0,0.0,29.0,21.0,29.0,DT-Top1,Fixed-UCB-1.64sigma-Shield,251,5,0.6,0.6,0.6,0.6,0.6
2,2,1,1,0.0,0.0,0.6677499,0.6677499,0.9999999999985024,0.0,0.0,0.0,0.0,1.0,21.0,29.0,21.0,29.0,PF,Full-CertiTwin-q90,252,5,0.6,0.6,0.6,0.6,0.6
2,2,1,1,0.0,0.0,0.6677499,0.6677499,0.9999999999985024,0.0,0.0,0.0,0.0,1.0,21.0,29.0,21.0,29.0,PF,SLA-Rule-Shield,252,5,0.6,0.6,0.6,0.6,0.6
2,2,1,1,0.0,0.0,0.6677499,0.6677499,0.9999999999985024,0.0,0.0,0.0,0.0,1.0,21.0,29.0,21.0,29.0,PF,Fixed-UCB-1sigma-Shield,252,5,0.6,0.6,0.6,0.6,0.6
2,2,1,1,0.0,0.0,0.6677499,0.6677499,0.9999999999985024,0.0,0.0,0.0,0.0,1.0,21.0,29.0,21.0,29.0,PF,Fixed-UCB-1.64sigma-Shield,252,5,0.6,0.6,0.6,0.6,0.6
0,2,0,1,1.0,0.0,0.7864371,0.6677499,0.8490823995957858,1.0,21.0,0.0,0.0,1.0,0.0,29.0,21.0,29.0,Greedy-SLA,Full-CertiTwin-q90,252,5,0.6,0.6,0.6,0.6,0.6
0,4,0,1,1.0,0.0,0.7864371,0.76313806,0.970373930730162,1.0,57.0,0.0,0.0,1.0,0.0,29.0,39.0,11.0,Greedy-SLA,SLA-Rule-Shield,252,5,0.6,0.6,0.6,0.6,0.6
0,2,0,1,1.0,0.0,0.7864371,0.6677499,0.8490823995957858,1.0,21.0,0.0,0.0,1.0,0.0,29.0,21.0,29.0,Greedy-SLA,Fixed-UCB-1sigma-Shield,252,5,0.6,0.6,0.6,0.6,0.6
0,2,0,1,1.0,0.0,0.7864371,0.6677499,0.8490823995957858,1.0,21.0,0.0,0.0,1.0,0.0,29.0,21.0,29.0,Greedy-SLA,Fixed-UCB-1.64sigma-Shield,252,5,0.6,0.6,0.6,0.6,0.6
0,2,0,1,1.0,0.0,0.7864371,0.6677499,0.8490823995957858,1.0,21.0,0.0,0.0,1.0,0.0,29.0,21.0,29.0,DT-Top1,Full-CertiTwin-q90,252,5,0.6,0.6,0.6,0.6,0.6
0,4,0,1,1.0,0.0,0.7864371,0.76313806,0.970373930730162,1.0,57.0,0.0,0.0,1.0,0.0,29.0,39.0,11.0,DT-Top1,SLA-Rule-Shield,252,5,0.6,0.6,0.6,0.6,0.6
0,2,0,1,1.0,0.0,0.7864371,0.6677499,0.8490823995957858,1.0,21.0,0.0,0.0,1.0,0.0,29.0,21.0,29.0,DT-Top1,Fixed-UCB-1sigma-Shield,252,5,0.6,0.6,0.6,0.6,0.6
0,2,0,1,1.0,0.0,0.7864371,0.6677499,0.8490823995957858,1.0,21.0,0.0,0.0,1.0,0.0,29.0,21.0,29.0,DT-Top1,Fixed-UCB-1.64sigma-Shield,252,5,0.6,0.6,0.6,0.6,0.6
2,2,1,1,0.0,0.0,0.6682329,0.6682329,0.9999999999985036,0.0,0.0,0.0,0.0,1.0,21.0,29.0,21.0,29.0,PF,Full-CertiTwin-q90,253,5,0.6,0.6,0.6,0.6,0.6
2,2,1,1,0.0,0.0,0.6682329,0.6682329,0.9999999999985036,0.0,0.0,0.0,0.0,1.0,21.0,29.0,21.0,29.0,PF,SLA-Rule-Shield,253,5,0.6,0.6,0.6,0.6,0.6
2,2,1,1,0.0,0.0,0.6682329,0.6682329,0.9999999999985036,0.0,0.0,0.0,0.0,1.0,21.0,29.0,21.0,29.0,PF,Fixed-UCB-1sigma-Shield,253,5,0.6,0.6,0.6,0.6,0.6
2,2,1,1,0.0,0.0,0.6682329,0.6682329,0.9999999999985036,0.0,0.0,0.0,0.0,1.0,21.0,29.0,21.0,29.0,PF,Fixed-UCB-1.64sigma-Shield,253,5,0.6,0.6,0.6,0.6,0.6
4,4,1,1,0.0,0.0,0.76313806,0.76313806,0.9999999999986896,0.0,0.0,0.0,0.0,1.0,39.0,11.0,39.0,11.0,Greedy-SLA,Full-CertiTwin-q90,253,5,0.6,0.6,0.6,0.6,0.6
4,4,1,1,0.0,0.0,0.76313806,0.76313806,0.9999999999986896,0.0,0.0,0.0,0.0,1.0,39.0,11.0,39.0,11.0,Greedy-SLA,SLA-Rule-Shield,253,5,0.6,0.6,0.6,0.6,0.6
4,4,1,1,0.0,0.0,0.76313806,0.76313806,0.9999999999986896,0.0,0.0,0.0,0.0,1.0,39.0,11.0,39.0,11.0,Greedy-SLA,Fixed-UCB-1sigma-Shield,253,5,0.6,0.6,0.6,0.6,0.6
4,4,1,1,0.0,0.0,0.76313806,0.76313806,0.9999999999986896,0.0,0.0,0.0,0.0,1.0,39.0,11.0,39.0,11.0,Greedy-SLA,Fixed-UCB-1.64sigma-Shield,253,5,0.6,0.6,0.6,0.6,0.6
0,2,0,1,1.0,0.0,0.76278657,0.6682329,0.8760417740431953,1.0,21.0,0.0,0.0,1.0,0.0,29.0,21.0,29.0,DT-Top1,Full-CertiTwin-q90,253,5,0.6,0.6,0.6,0.6,0.6
0,4,0,1,1.0,0.0,0.76278657,0.76313806,1.000460797309265,1.0,57.0,0.0,0.0,1.0,0.0,29.0,39.0,11.0,DT-Top1,SLA-Rule-Shield,253,5,0.6,0.6,0.6,0.6,0.6
0,2,0,1,1.0,0.0,0.76278657,0.6682329,0.8760417740431953,1.0,21.0,0.0,0.0,1.0,0.0,29.0,21.0,29.0,DT-Top1,Fixed-UCB-1sigma-Shield,253,5,0.6,0.6,0.6,0.6,0.6
0,2,0,1,1.0,0.0,0.76278657,0.6682329,0.8760417740431953,1.0,21.0,0.0,0.0,1.0,0.0,29.0,21.0,29.0,DT-Top1,Fixed-UCB-1.64sigma-Shield,253,5,0.6,0.6,0.6,0.6,0.6
2,2,1,1,0.0,0.0,0.65129316,0.65129316,0.9999999999984648,0.0,0.0,0.0,0.0,1.0,21.0,29.0,21.0,29.0,PF,Full-CertiTwin-q90,254,5,0.6,0.6,0.6,0.6,0.6
2,2,1,1,0.0,0.0,0.65129316,0.65129316,0.9999999999984648,0.0,0.0,0.0,0.0,1.0,21.0,29.0,21.0,29.0,PF,SLA-Rule-Shield,254,5,0.6,0.6,0.6,0.6,0.6
2,2,1,1,0.0,0.0,0.65129316,0.65129316,0.9999999999984648,0.0,0.0,0.0,0.0,1.0,21.0,29.0,21.0,29.0,PF,Fixed-UCB-1sigma-Shield,254,5,0.6,0.6,0.6,0.6,0.6
2,2,1,1,0.0,0.0,0.65129316,0.65129316,0.9999999999984648,0.0,0.0,0.0,0.0,1.0,21.0,29.0,21.0,29.0,PF,Fixed-UCB-1.64sigma-Shield,254,5,0.6,0.6,0.6,0.6,0.6
4,4,1,1,0.0,0.0,0.76313806,0.76313806,0.9999999999986896,0.0,0.0,0.0,0.0,1.0,39.0,11.0,39.0,11.0,Greedy-SLA,Full-CertiTwin-q90,254,5,0.6,0.6,0.6,0.6,0.6
4,4,1,1,0.0,0.0,0.76313806,0.76313806,0.9999999999986896,0.0,0.0,0.0,0.0,1.0,39.0,11.0,39.0,11.0,Greedy-SLA,SLA-Rule-Shield,254,5,0.6,0.6,0.6,0.6,0.6
4,4,1,1,0.0,0.0,0.76313806,0.76313806,0.9999999999986896,0.0,0.0,0.0,0.0,1.0,39.0,11.0,39.0,11.0,Greedy-SLA,Fixed-UCB-1sigma-Shield,254,5,0.6,0.6,0.6,0.6,0.6
4,4,1,1,0.0,0.0,0.76313806,0.76313806,0.9999999999986896,0.0,0.0,0.0,0.0,1.0,39.0,11.0,39.0,11.0,Greedy-SLA,Fixed-UCB-1.64sigma-Shield,254,5,0.6,0.6,0.6,0.6,0.6
4,4,1,1,0.0,0.0,0.76313806,0.76313806,0.9999999999986896,0.0,0.0,0.0,0.0,1.0,39.0,11.0,39.0,11.0,DT-Top1,Full-CertiTwin-q90,254,5,0.6,0.6,0.6,0.6,0.6
4,4,1,1,0.0,0.0,0.76313806,0.76313806,0.9999999999986896,0.0,0.0,0.0,0.0,1.0,39.0,11.0,39.0,11.0,DT-Top1,SLA-Rule-Shield,254,5,0.6,0.6,0.6,0.6,0.6
4,4,1,1,0.0,0.0,0.76313806,0.76313806,0.9999999999986896,0.0,0.0,0.0,0.0,1.0,39.0,11.0,39.0,11.0,DT-Top1,Fixed-UCB-1sigma-Shield,254,5,0.6,0.6,0.6,0.6,0.6
4,4,1,1,0.0,0.0,0.76313806,0.76313806,0.9999999999986896,0.0,0.0,0.0,0.0,1.0,39.0,11.0,39.0,11.0,DT-Top1,Fixed-UCB-1.64sigma-Shield,254,5,0.6,0.6,0.6,0.6,0.6
2,2,1,1,0.0,0.0,0.6677499,0.6677499,0.9999999999985024,0.0,0.0,0.0,0.0,1.0,21.0,29.0,21.0,29.0,PF,Full-CertiTwin-q90,255,5,0.6,0.6,0.6,0.6,0.6
2,2,1,1,0.0,0.0,0.6677499,0.6677499,0.9999999999985024,0.0,0.0,0.0,0.0,1.0,21.0,29.0,21.0,29.0,PF,SLA-Rule-Shield,255,5,0.6,0.6,0.6,0.6,0.6
2,2,1,1,0.0,0.0,0.6677499,0.6677499,0.9999999999985024,0.0,0.0,0.0,0.0,1.0,21.0,29.0,21.0,29.0,PF,Fixed-UCB-1sigma-Shield,255,5,0.6,0.6,0.6,0.6,0.6
2,2,1,1,0.0,0.0,0.6677499,0.6677499,0.9999999999985024,0.0,0.0,0.0,0.0,1.0,21.0,29.0,21.0,29.0,PF,Fixed-UCB-1.64sigma-Shield,255,5,0.6,0.6,0.6,0.6,0.6
4,4,1,1,0.0,0.0,0.76313806,0.76313806,0.9999999999986896,0.0,0.0,0.0,0.0,1.0,39.0,11.0,39.0,11.0,Greedy-SLA,Full-CertiTwin-q90,255,5,0.6,0.6,0.6,0.6,0.6
4,4,1,1,0.0,0.0,0.76313806,0.76313806,0.9999999999986896,0.0,0.0,0.0,0.0,1.0,39.0,11.0,39.0,11.0,Greedy-SLA,SLA-Rule-Shield,255,5,0.6,0.6,0.6,0.6,0.6
4,4,1,1,0.0,0.0,0.76313806,0.76313806,0.9999999999986896,0.0,0.0,0.0,0.0,1.0,39.0,11.0,39.0,11.0,Greedy-SLA,Fixed-UCB-1sigma-Shield,255,5,0.6,0.6,0.6,0.6,0.6
4,4,1,1,0.0,0.0,0.76313806,0.76313806,0.9999999999986896,0.0,0.0,0.0,0.0,1.0,39.0,11.0,39.0,11.0,Greedy-SLA,Fixed-UCB-1.64sigma-Shield,255,5,0.6,0.6,0.6,0.6,0.6
0,2,0,1,1.0,0.0,0.7592471,0.6677499,0.8794895627512053,1.0,21.0,0.0,0.0,1.0,0.0,29.0,21.0,29.0,DT-Top1,Full-CertiTwin-q90,255,5,0.6,0.6,0.6,0.6,0.6
0,4,0,1,1.0,0.0,0.7592471,0.76313806,1.0051247610942404,1.0,57.0,0.0,0.0,1.0,0.0,29.0,39.0,11.0,DT-Top1,SLA-Rule-Shield,255,5,0.6,0.6,0.6,0.6,0.6
0,2,0,1,1.0,0.0,0.7592471,0.6677499,0.8794895627512053,1.0,21.0,0.0,0.0,1.0,0.0,29.0,21.0,29.0,DT-Top1,Fixed-UCB-1sigma-Shield,255,5,0.6,0.6,0.6,0.6,0.6
0,2,0,1,1.0,0.0,0.7592471,0.6677499,0.8794895627512053,1.0,21.0,0.0,0.0,1.0,0.0,29.0,21.0,29.0,DT-Top1,Fixed-UCB-1.64sigma-Shield,255,5,0.6,0.6,0.6,0.6,0.6
2,2,1,1,0.0,0.0,0.6677499,0.6677499,0.9999999999985024,0.0,0.0,0.0,0.0,1.0,21.0,29.0,21.0,29.0,PF,Full-CertiTwin-q90,256,5,0.6,0.6,0.6,0.6,0.6
2,2,1,1,0.0,0.0,0.6677499,0.6677499,0.9999999999985024,0.0,0.0,0.0,0.0,1.0,21.0,29.0,21.0,29.0,PF,SLA-Rule-Shield,256,5,0.6,0.6,0.6,0.6,0.6
2,2,1,1,0.0,0.0,0.6677499,0.6677499,0.9999999999985024,0.0,0.0,0.0,0.0,1.0,21.0,29.0,21.0,29.0,PF,Fixed-UCB-1sigma-Shield,256,5,0.6,0.6,0.6,0.6,0.6
2,2,1,1,0.0,0.0,0.6677499,0.6677499,0.9999999999985024,0.0,0.0,0.0,0.0,1.0,21.0,29.0,21.0,29.0,PF,Fixed-UCB-1.64sigma-Shield,256,5,0.6,0.6,0.6,0.6,0.6
4,4,1,1,0.0,0.0,0.76313806,0.76313806,0.9999999999986896,0.0,0.0,0.0,0.0,1.0,39.0,11.0,39.0,11.0,Greedy-SLA,Full-CertiTwin-q90,256,5,0.6,0.6,0.6,0.6,0.6
4,4,1,1,0.0,0.0,0.76313806,0.76313806,0.9999999999986896,0.0,0.0,0.0,0.0,1.0,39.0,11.0,39.0,11.0,Greedy-SLA,SLA-Rule-Shield,256,5,0.6,0.6,0.6,0.6,0.6
4,4,1,1,0.0,0.0,0.76313806,0.76313806,0.9999999999986896,0.0,0.0,0.0,0.0,1.0,39.0,11.0,39.0,11.0,Greedy-SLA,Fixed-UCB-1sigma-Shield,256,5,0.6,0.6,0.6,0.6,0.6
4,4,1,1,0.0,0.0,0.76313806,0.76313806,0.9999999999986896,0.0,0.0,0.0,0.0,1.0,39.0,11.0,39.0,11.0,Greedy-SLA,Fixed-UCB-1.64sigma-Shield,256,5,0.6,0.6,0.6,0.6,0.6
0,2,0,1,1.0,0.0,0.77050835,0.6677499,0.8666355140721491,1.0,21.0,0.0,0.0,1.0,0.0,29.0,21.0,29.0,DT-Top1,Full-CertiTwin-q90,256,5,0.6,0.6,0.6,0.6,0.6
0,4,0,1,1.0,0.0,0.77050835,0.76313806,0.990434509890788,1.0,57.0,0.0,0.0,1.0,0.0,29.0,39.0,11.0,DT-Top1,SLA-Rule-Shield,256,5,0.6,0.6,0.6,0.6,0.6
0,2,0,1,1.0,0.0,0.77050835,0.6677499,0.8666355140721491,1.0,21.0,0.0,0.0,1.0,0.0,29.0,21.0,29.0,DT-Top1,Fixed-UCB-1sigma-Shield,256,5,0.6,0.6,0.6,0.6,0.6
0,2,0,1,1.0,0.0,0.77050835,0.6677499,0.8666355140721491,1.0,21.0,0.0,0.0,1.0,0.0,29.0,21.0,29.0,DT-Top1,Fixed-UCB-1.64sigma-Shield,256,5,0.6,0.6,0.6,0.6,0.6
2,2,1,1,0.0,0.0,0.6677499,0.6677499,0.9999999999985024,0.0,0.0,0.0,0.0,1.0,21.0,29.0,21.0,29.0,PF,Full-CertiTwin-q90,257,5,0.6,0.6,0.6,0.6,0.6
2,2,1,1,0.0,0.0,0.6677499,0.6677499,0.9999999999985024,0.0,0.0,0.0,0.0,1.0,21.0,29.0,21.0,29.0,PF,SLA-Rule-Shield,257,5,0.6,0.6,0.6,0.6,0.6
2,2,1,1,0.0,0.0,0.6677499,0.6677499,0.9999999999985024,0.0,0.0,0.0,0.0,1.0,21.0,29.0,21.0,29.0,PF,Fixed-UCB-1sigma-Shield,257,5,0.6,0.6,0.6,0.6,0.6
2,2,1,1,0.0,0.0,0.6677499,0.6677499,0.9999999999985024,0.0,0.0,0.0,0.0,1.0,21.0,29.0,21.0,29.0,PF,Fixed-UCB-1.64sigma-Shield,257,5,0.6,0.6,0.6,0.6,0.6
4,4,1,1,0.0,0.0,0.7526786,0.7526786,0.9999999999986714,0.0,0.0,0.0,0.0,1.0,39.0,11.0,39.0,11.0,Greedy-SLA,Full-CertiTwin-q90,257,5,0.6,0.6,0.6,0.6,0.6
4,4,1,1,0.0,0.0,0.7526786,0.7526786,0.9999999999986714,0.0,0.0,0.0,0.0,1.0,39.0,11.0,39.0,11.0,Greedy-SLA,SLA-Rule-Shield,257,5,0.6,0.6,0.6,0.6,0.6
4,4,1,1,0.0,0.0,0.7526786,0.7526786,0.9999999999986714,0.0,0.0,0.0,0.0,1.0,39.0,11.0,39.0,11.0,Greedy-SLA,Fixed-UCB-1sigma-Shield,257,5,0.6,0.6,0.6,0.6,0.6
4,4,1,1,0.0,0.0,0.7526786,0.7526786,0.9999999999986714,0.0,0.0,0.0,0.0,1.0,39.0,11.0,39.0,11.0,Greedy-SLA,Fixed-UCB-1.64sigma-Shield,257,5,0.6,0.6,0.6,0.6,0.6
0,2,0,1,1.0,0.0,0.76278657,0.6677499,0.875408569397236,1.0,21.0,0.0,0.0,1.0,0.0,29.0,21.0,29.0,DT-Top1,Full-CertiTwin-q90,257,5,0.6,0.6,0.6,0.6,0.6
0,4,0,1,1.0,0.0,0.76278657,0.7526786,0.9867486261576592,1.0,57.0,0.0,0.0,1.0,0.0,29.0,39.0,11.0,DT-Top1,SLA-Rule-Shield,257,5,0.6,0.6,0.6,0.6,0.6
0,2,0,1,1.0,0.0,0.76278657,0.6677499,0.875408569397236,1.0,21.0,0.0,0.0,1.0,0.0,29.0,21.0,29.0,DT-Top1,Fixed-UCB-1sigma-Shield,257,5,0.6,0.6,0.6,0.6,0.6
0,2,0,1,1.0,0.0,0.76278657,0.6677499,0.875408569397236,1.0,21.0,0.0,0.0,1.0,0.0,29.0,21.0,29.0,DT-Top1,Fixed-UCB-1.64sigma-Shield,257,5,0.6,0.6,0.6,0.6,0.6
2,2,1,1,0.0,0.0,0.6677499,0.6677499,0.9999999999985024,0.0,0.0,0.0,0.0,1.0,21.0,29.0,21.0,29.0,PF,Full-CertiTwin-q90,258,5,0.6,0.6,0.6,0.6,0.6
2,2,1,1,0.0,0.0,0.6677499,0.6677499,0.9999999999985024,0.0,0.0,0.0,0.0,1.0,21.0,29.0,21.0,29.0,PF,SLA-Rule-Shield,258,5,0.6,0.6,0.6,0.6,0.6
2,2,1,1,0.0,0.0,0.6677499,0.6677499,0.9999999999985024,0.0,0.0,0.0,0.0,1.0,21.0,29.0,21.0,29.0,PF,Fixed-UCB-1sigma-Shield,258,5,0.6,0.6,0.6,0.6,0.6
2,2,1,1,0.0,0.0,0.6677499,0.6677499,0.9999999999985024,0.0,0.0,0.0,0.0,1.0,21.0,29.0,21.0,29.0,PF,Fixed-UCB-1.64sigma-Shield,258,5,0.6,0.6,0.6,0.6,0.6
4,4,1,1,0.0,0.0,0.76313806,0.76313806,0.9999999999986896,0.0,0.0,0.0,0.0,1.0,39.0,11.0,39.0,11.0,Greedy-SLA,Full-CertiTwin-q90,258,5,0.6,0.6,0.6,0.6,0.6
4,4,1,1,0.0,0.0,0.76313806,0.76313806,0.9999999999986896,0.0,0.0,0.0,0.0,1.0,39.0,11.0,39.0,11.0,Greedy-SLA,SLA-Rule-Shield,258,5,0.6,0.6,0.6,0.6,0.6
4,4,1,1,0.0,0.0,0.76313806,0.76313806,0.9999999999986896,0.0,0.0,0.0,0.0,1.0,39.0,11.0,39.0,11.0,Greedy-SLA,Fixed-UCB-1sigma-Shield,258,5,0.6,0.6,0.6,0.6,0.6
4,4,1,1,0.0,0.0,0.76313806,0.76313806,0.9999999999986896,0.0,0.0,0.0,0.0,1.0,39.0,11.0,39.0,11.0,Greedy-SLA,Fixed-UCB-1.64sigma-Shield,258,5,0.6,0.6,0.6,0.6,0.6
0,2,0,1,1.0,0.0,0.77741534,0.6677499,0.8589358424534574,1.0,21.0,0.0,0.0,1.0,0.0,29.0,21.0,29.0,DT-Top1,Full-CertiTwin-q90,258,5,0.6,0.6,0.6,0.6,0.6
0,4,0,1,1.0,0.0,0.77741534,0.76313806,0.981634939180668,1.0,57.0,0.0,0.0,1.0,0.0,29.0,39.0,11.0,DT-Top1,SLA-Rule-Shield,258,5,0.6,0.6,0.6,0.6,0.6
0,2,0,1,1.0,0.0,0.77741534,0.6677499,0.8589358424534574,1.0,21.0,0.0,0.0,1.0,0.0,29.0,21.0,29.0,DT-Top1,Fixed-UCB-1sigma-Shield,258,5,0.6,0.6,0.6,0.6,0.6
0,2,0,1,1.0,0.0,0.77741534,0.6677499,0.8589358424534574,1.0,21.0,0.0,0.0,1.0,0.0,29.0,21.0,29.0,DT-Top1,Fixed-UCB-1.64sigma-Shield,258,5,0.6,0.6,0.6,0.6,0.6
2,2,1,1,0.0,0.0,0.6677499,0.6677499,0.9999999999985024,0.0,0.0,0.0,0.0,1.0,21.0,29.0,21.0,29.0,PF,Full-CertiTwin-q90,259,5,0.6,0.6,0.6,0.6,0.6
2,2,1,1,0.0,0.0,0.6677499,0.6677499,0.9999999999985024,0.0,0.0,0.0,0.0,1.0,21.0,29.0,21.0,29.0,PF,SLA-Rule-Shield,259,5,0.6,0.6,0.6,0.6,0.6
2,2,1,1,0.0,0.0,0.6677499,0.6677499,0.9999999999985024,0.0,0.0,0.0,0.0,1.0,21.0,29.0,21.0,29.0,PF,Fixed-UCB-1sigma-Shield,259,5,0.6,0.6,0.6,0.6,0.6
2,2,1,1,0.0,0.0,0.6677499,0.6677499,0.9999999999985024,0.0,0.0,0.0,0.0,1.0,21.0,29.0,21.0,29.0,PF,Fixed-UCB-1.64sigma-Shield,259,5,0.6,0.6,0.6,0.6,0.6
4,4,1,1,0.0,0.0,0.76313806,0.76313806,0.9999999999986896,0.0,0.0,0.0,0.0,1.0,39.0,11.0,39.0,11.0,Greedy-SLA,Full-CertiTwin-q90,259,5,0.6,0.6,0.6,0.6,0.6
4,4,1,1,0.0,0.0,0.76313806,0.76313806,0.9999999999986896,0.0,0.0,0.0,0.0,1.0,39.0,11.0,39.0,11.0,Greedy-SLA,SLA-Rule-Shield,259,5,0.6,0.6,0.6,0.6,0.6
4,4,1,1,0.0,0.0,0.76313806,0.76313806,0.9999999999986896,0.0,0.0,0.0,0.0,1.0,39.0,11.0,39.0,11.0,Greedy-SLA,Fixed-UCB-1sigma-Shield,259,5,0.6,0.6,0.6,0.6,0.6
4,4,1,1,0.0,0.0,0.76313806,0.76313806,0.9999999999986896,0.0,0.0,0.0,0.0,1.0,39.0,11.0,39.0,11.0,Greedy-SLA,Fixed-UCB-1.64sigma-Shield,259,5,0.6,0.6,0.6,0.6,0.6
0,2,0,1,1.0,0.0,0.77741534,0.6677499,0.8589358424534574,1.0,21.0,0.0,0.0,1.0,0.0,29.0,21.0,29.0,DT-Top1,Full-CertiTwin-q90,259,5,0.6,0.6,0.6,0.6,0.6
0,4,0,1,1.0,0.0,0.77741534,0.76313806,0.981634939180668,1.0,57.0,0.0,0.0,1.0,0.0,29.0,39.0,11.0,DT-Top1,SLA-Rule-Shield,259,5,0.6,0.6,0.6,0.6,0.6
0,2,0,1,1.0,0.0,0.77741534,0.6677499,0.8589358424534574,1.0,21.0,0.0,0.0,1.0,0.0,29.0,21.0,29.0,DT-Top1,Fixed-UCB-1sigma-Shield,259,5,0.6,0.6,0.6,0.6,0.6
0,2,0,1,1.0,0.0,0.77741534,0.6677499,0.8589358424534574,1.0,21.0,0.0,0.0,1.0,0.0,29.0,21.0,29.0,DT-Top1,Fixed-UCB-1.64sigma-Shield,259,5,0.6,0.6,0.6,0.6,0.6
2,2,1,1,0.0,0.0,0.6682329,0.6682329,0.9999999999985036,0.0,0.0,0.0,0.0,1.0,21.0,29.0,21.0,29.0,PF,Full-CertiTwin-q90,260,5,0.6,0.6,0.6,0.6,0.6
2,2,1,1,0.0,0.0,0.6682329,0.6682329,0.9999999999985036,0.0,0.0,0.0,0.0,1.0,21.0,29.0,21.0,29.0,PF,SLA-Rule-Shield,260,5,0.6,0.6,0.6,0.6,0.6
2,2,1,1,0.0,0.0,0.6682329,0.6682329,0.9999999999985036,0.0,0.0,0.0,0.0,1.0,21.0,29.0,21.0,29.0,PF,Fixed-UCB-1sigma-Shield,260,5,0.6,0.6,0.6,0.6,0.6
2,2,1,1,0.0,0.0,0.6682329,0.6682329,0.9999999999985036,0.0,0.0,0.0,0.0,1.0,21.0,29.0,21.0,29.0,PF,Fixed-UCB-1.64sigma-Shield,260,5,0.6,0.6,0.6,0.6,0.6
4,4,1,1,0.0,0.0,0.76313806,0.76313806,0.9999999999986896,0.0,0.0,0.0,0.0,1.0,39.0,11.0,39.0,11.0,Greedy-SLA,Full-CertiTwin-q90,260,5,0.6,0.6,0.6,0.6,0.6
4,4,1,1,0.0,0.0,0.76313806,0.76313806,0.9999999999986896,0.0,0.0,0.0,0.0,1.0,39.0,11.0,39.0,11.0,Greedy-SLA,SLA-Rule-Shield,260,5,0.6,0.6,0.6,0.6,0.6
4,4,1,1,0.0,0.0,0.76313806,0.76313806,0.9999999999986896,0.0,0.0,0.0,0.0,1.0,39.0,11.0,39.0,11.0,Greedy-SLA,Fixed-UCB-1sigma-Shield,260,5,0.6,0.6,0.6,0.6,0.6
4,4,1,1,0.0,0.0,0.76313806,0.76313806,0.9999999999986896,0.0,0.0,0.0,0.0,1.0,39.0,11.0,39.0,11.0,Greedy-SLA,Fixed-UCB-1.64sigma-Shield,260,5,0.6,0.6,0.6,0.6,0.6
0,2,0,1,1.0,0.0,0.76278657,0.6682329,0.8760417740431953,1.0,21.0,0.0,0.0,1.0,0.0,29.0,21.0,29.0,DT-Top1,Full-CertiTwin-q90,260,5,0.6,0.6,0.6,0.6,0.6
0,4,0,1,1.0,0.0,0.76278657,0.76313806,1.000460797309265,1.0,57.0,0.0,0.0,1.0,0.0,29.0,39.0,11.0,DT-Top1,SLA-Rule-Shield,260,5,0.6,0.6,0.6,0.6,0.6
0,2,0,1,1.0,0.0,0.76278657,0.6682329,0.8760417740431953,1.0,21.0,0.0,0.0,1.0,0.0,29.0,21.0,29.0,DT-Top1,Fixed-UCB-1sigma-Shield,260,5,0.6,0.6,0.6,0.6,0.6
0,2,0,1,1.0,0.0,0.76278657,0.6682329,0.8760417740431953,1.0,21.0,0.0,0.0,1.0,0.0,29.0,21.0,29.0,DT-Top1,Fixed-UCB-1.64sigma-Shield,260,5,0.6,0.6,0.6,0.6,0.6
2,2,1,1,0.0,0.0,0.6677499,0.6677499,0.9999999999985024,0.0,0.0,0.0,0.0,1.0,21.0,29.0,21.0,29.0,PF,Full-CertiTwin-q90,261,5,0.6,0.6,0.6,0.6,0.6
2,2,1,1,0.0,0.0,0.6677499,0.6677499,0.9999999999985024,0.0,0.0,0.0,0.0,1.0,21.0,29.0,21.0,29.0,PF,SLA-Rule-Shield,261,5,0.6,0.6,0.6,0.6,0.6
2,2,1,1,0.0,0.0,0.6677499,0.6677499,0.9999999999985024,0.0,0.0,0.0,0.0,1.0,21.0,29.0,21.0,29.0,PF,Fixed-UCB-1sigma-Shield,261,5,0.6,0.6,0.6,0.6,0.6
2,2,1,1,0.0,0.0,0.6677499,0.6677499,0.9999999999985024,0.0,0.0,0.0,0.0,1.0,21.0,29.0,21.0,29.0,PF,Fixed-UCB-1.64sigma-Shield,261,5,0.6,0.6,0.6,0.6,0.6
4,4,1,1,0.0,0.0,0.76313806,0.76313806,0.9999999999986896,0.0,0.0,0.0,0.0,1.0,39.0,11.0,39.0,11.0,Greedy-SLA,Full-CertiTwin-q90,261,5,0.6,0.6,0.6,0.6,0.6
4,4,1,1,0.0,0.0,0.76313806,0.76313806,0.9999999999986896,0.0,0.0,0.0,0.0,1.0,39.0,11.0,39.0,11.0,Greedy-SLA,SLA-Rule-Shield,261,5,0.6,0.6,0.6,0.6,0.6
4,4,1,1,0.0,0.0,0.76313806,0.76313806,0.9999999999986896,0.0,0.0,0.0,0.0,1.0,39.0,11.0,39.0,11.0,Greedy-SLA,Fixed-UCB-1sigma-Shield,261,5,0.6,0.6,0.6,0.6,0.6
4,4,1,1,0.0,0.0,0.76313806,0.76313806,0.9999999999986896,0.0,0.0,0.0,0.0,1.0,39.0,11.0,39.0,11.0,Greedy-SLA,Fixed-UCB-1.64sigma-Shield,261,5,0.6,0.6,0.6,0.6,0.6
0,2,0,1,1.0,0.0,0.77050835,0.6677499,0.8666355140721491,1.0,21.0,0.0,0.0,1.0,0.0,29.0,21.0,29.0,DT-Top1,Full-CertiTwin-q90,261,5,0.6,0.6,0.6,0.6,0.6
0,4,0,1,1.0,0.0,0.77050835,0.76313806,0.990434509890788,1.0,57.0,0.0,0.0,1.0,0.0,29.0,39.0,11.0,DT-Top1,SLA-Rule-Shield,261,5,0.6,0.6,0.6,0.6,0.6
0,2,0,1,1.0,0.0,0.77050835,0.6677499,0.8666355140721491,1.0,21.0,0.0,0.0,1.0,0.0,29.0,21.0,29.0,DT-Top1,Fixed-UCB-1sigma-Shield,261,5,0.6,0.6,0.6,0.6,0.6
0,2,0,1,1.0,0.0,0.77050835,0.6677499,0.8666355140721491,1.0,21.0,0.0,0.0,1.0,0.0,29.0,21.0,29.0,DT-Top1,Fixed-UCB-1.64sigma-Shield,261,5,0.6,0.6,0.6,0.6,0.6
2,2,1,1,0.0,0.0,0.6677499,0.6677499,0.9999999999985024,0.0,0.0,0.0,0.0,1.0,21.0,29.0,21.0,29.0,PF,Full-CertiTwin-q90,262,5,0.6,0.6,0.6,0.6,0.6
2,2,1,1,0.0,0.0,0.6677499,0.6677499,0.9999999999985024,0.0,0.0,0.0,0.0,1.0,21.0,29.0,21.0,29.0,PF,SLA-Rule-Shield,262,5,0.6,0.6,0.6,0.6,0.6
2,2,1,1,0.0,0.0,0.6677499,0.6677499,0.9999999999985024,0.0,0.0,0.0,0.0,1.0,21.0,29.0,21.0,29.0,PF,Fixed-UCB-1sigma-Shield,262,5,0.6,0.6,0.6,0.6,0.6
2,2,1,1,0.0,0.0,0.6677499,0.6677499,0.9999999999985024,0.0,0.0,0.0,0.0,1.0,21.0,29.0,21.0,29.0,PF,Fixed-UCB-1.64sigma-Shield,262,5,0.6,0.6,0.6,0.6,0.6
4,4,1,1,0.0,0.0,0.76313806,0.76313806,0.9999999999986896,0.0,0.0,0.0,0.0,1.0,39.0,11.0,39.0,11.0,Greedy-SLA,Full-CertiTwin-q90,262,5,0.6,0.6,0.6,0.6,0.6
4,4,1,1,0.0,0.0,0.76313806,0.76313806,0.9999999999986896,0.0,0.0,0.0,0.0,1.0,39.0,11.0,39.0,11.0,Greedy-SLA,SLA-Rule-Shield,262,5,0.6,0.6,0.6,0.6,0.6
4,4,1,1,0.0,0.0,0.76313806,0.76313806,0.9999999999986896,0.0,0.0,0.0,0.0,1.0,39.0,11.0,39.0,11.0,Greedy-SLA,Fixed-UCB-1sigma-Shield,262,5,0.6,0.6,0.6,0.6,0.6
4,4,1,1,0.0,0.0,0.76313806,0.76313806,0.9999999999986896,0.0,0.0,0.0,0.0,1.0,39.0,11.0,39.0,11.0,Greedy-SLA,Fixed-UCB-1.64sigma-Shield,262,5,0.6,0.6,0.6,0.6,0.6
0,2,0,1,1.0,0.0,0.77741534,0.6677499,0.8589358424534574,1.0,21.0,0.0,0.0,1.0,0.0,29.0,21.0,29.0,DT-Top1,Full-CertiTwin-q90,262,5,0.6,0.6,0.6,0.6,0.6
0,4,0,1,1.0,0.0,0.77741534,0.76313806,0.981634939180668,1.0,57.0,0.0,0.0,1.0,0.0,29.0,39.0,11.0,DT-Top1,SLA-Rule-Shield,262,5,0.6,0.6,0.6,0.6,0.6
0,2,0,1,1.0,0.0,0.77741534,0.6677499,0.8589358424534574,1.0,21.0,0.0,0.0,1.0,0.0,29.0,21.0,29.0,DT-Top1,Fixed-UCB-1sigma-Shield,262,5,0.6,0.6,0.6,0.6,0.6
0,2,0,1,1.0,0.0,0.77741534,0.6677499,0.8589358424534574,1.0,21.0,0.0,0.0,1.0,0.0,29.0,21.0,29.0,DT-Top1,Fixed-UCB-1.64sigma-Shield,262,5,0.6,0.6,0.6,0.6,0.6
2,2,1,1,0.0,0.0,0.6677499,0.6677499,0.9999999999985024,0.0,0.0,0.0,0.0,1.0,21.0,29.0,21.0,29.0,PF,Full-CertiTwin-q90,263,5,0.6,0.6,0.6,0.6,0.6
2,2,1,1,0.0,0.0,0.6677499,0.6677499,0.9999999999985024,0.0,0.0,0.0,0.0,1.0,21.0,29.0,21.0,29.0,PF,SLA-Rule-Shield,263,5,0.6,0.6,0.6,0.6,0.6
2,2,1,1,0.0,0.0,0.6677499,0.6677499,0.9999999999985024,0.0,0.0,0.0,0.0,1.0,21.0,29.0,21.0,29.0,PF,Fixed-UCB-1sigma-Shield,263,5,0.6,0.6,0.6,0.6,0.6
2,2,1,1,0.0,0.0,0.6677499,0.6677499,0.9999999999985024,0.0,0.0,0.0,0.0,1.0,21.0,29.0,21.0,29.0,PF,Fixed-UCB-1.64sigma-Shield,263,5,0.6,0.6,0.6,0.6,0.6
4,4,1,1,0.0,0.0,0.76313806,0.76313806,0.9999999999986896,0.0,0.0,0.0,0.0,1.0,39.0,11.0,39.0,11.0,Greedy-SLA,Full-CertiTwin-q90,263,5,0.6,0.6,0.6,0.6,0.6
4,4,1,1,0.0,0.0,0.76313806,0.76313806,0.9999999999986896,0.0,0.0,0.0,0.0,1.0,39.0,11.0,39.0,11.0,Greedy-SLA,SLA-Rule-Shield,263,5,0.6,0.6,0.6,0.6,0.6
4,4,1,1,0.0,0.0,0.76313806,0.76313806,0.9999999999986896,0.0,0.0,0.0,0.0,1.0,39.0,11.0,39.0,11.0,Greedy-SLA,Fixed-UCB-1sigma-Shield,263,5,0.6,0.6,0.6,0.6,0.6
4,4,1,1,0.0,0.0,0.76313806,0.76313806,0.9999999999986896,0.0,0.0,0.0,0.0,1.0,39.0,11.0,39.0,11.0,Greedy-SLA,Fixed-UCB-1.64sigma-Shield,263,5,0.6,0.6,0.6,0.6,0.6
0,2,0,1,1.0,0.0,0.7864371,0.6677499,0.8490823995957858,1.0,21.0,0.0,0.0,1.0,0.0,29.0,21.0,29.0,DT-Top1,Full-CertiTwin-q90,263,5,0.6,0.6,0.6,0.6,0.6
0,4,0,1,1.0,0.0,0.7864371,0.76313806,0.970373930730162,1.0,57.0,0.0,0.0,1.0,0.0,29.0,39.0,11.0,DT-Top1,SLA-Rule-Shield,263,5,0.6,0.6,0.6,0.6,0.6
0,2,0,1,1.0,0.0,0.7864371,0.6677499,0.8490823995957858,1.0,21.0,0.0,0.0,1.0,0.0,29.0,21.0,29.0,DT-Top1,Fixed-UCB-1sigma-Shield,263,5,0.6,0.6,0.6,0.6,0.6
0,2,0,1,1.0,0.0,0.7864371,0.6677499,0.8490823995957858,1.0,21.0,0.0,0.0,1.0,0.0,29.0,21.0,29.0,DT-Top1,Fixed-UCB-1.64sigma-Shield,263,5,0.6,0.6,0.6,0.6,0.6
2,2,1,1,0.0,0.0,0.6677499,0.6677499,0.9999999999985024,0.0,0.0,0.0,0.0,1.0,21.0,29.0,21.0,29.0,PF,Full-CertiTwin-q90,264,5,0.6,0.6,0.6,0.6,0.6
2,2,1,1,0.0,0.0,0.6677499,0.6677499,0.9999999999985024,0.0,0.0,0.0,0.0,1.0,21.0,29.0,21.0,29.0,PF,SLA-Rule-Shield,264,5,0.6,0.6,0.6,0.6,0.6
2,2,1,1,0.0,0.0,0.6677499,0.6677499,0.9999999999985024,0.0,0.0,0.0,0.0,1.0,21.0,29.0,21.0,29.0,PF,Fixed-UCB-1sigma-Shield,264,5,0.6,0.6,0.6,0.6,0.6
2,2,1,1,0.0,0.0,0.6677499,0.6677499,0.9999999999985024,0.0,0.0,0.0,0.0,1.0,21.0,29.0,21.0,29.0,PF,Fixed-UCB-1.64sigma-Shield,264,5,0.6,0.6,0.6,0.6,0.6
0,2,0,1,1.0,0.0,0.76278657,0.6677499,0.875408569397236,1.0,21.0,0.0,0.0,1.0,0.0,29.0,21.0,29.0,Greedy-SLA,Full-CertiTwin-q90,264,5,0.6,0.6,0.6,0.6,0.6
0,4,0,1,1.0,0.0,0.76278657,0.76313806,1.000460797309265,1.0,57.0,0.0,0.0,1.0,0.0,29.0,39.0,11.0,Greedy-SLA,SLA-Rule-Shield,264,5,0.6,0.6,0.6,0.6,0.6
0,2,0,1,1.0,0.0,0.76278657,0.6677499,0.875408569397236,1.0,21.0,0.0,0.0,1.0,0.0,29.0,21.0,29.0,Greedy-SLA,Fixed-UCB-1sigma-Shield,264,5,0.6,0.6,0.6,0.6,0.6
0,2,0,1,1.0,0.0,0.76278657,0.6677499,0.875408569397236,1.0,21.0,0.0,0.0,1.0,0.0,29.0,21.0,29.0,Greedy-SLA,Fixed-UCB-1.64sigma-Shield,264,5,0.6,0.6,0.6,0.6,0.6
0,2,0,1,1.0,0.0,0.76278657,0.6677499,0.875408569397236,1.0,21.0,0.0,0.0,1.0,0.0,29.0,21.0,29.0,DT-Top1,Full-CertiTwin-q90,264,5,0.6,0.6,0.6,0.6,0.6
0,4,0,1,1.0,0.0,0.76278657,0.76313806,1.000460797309265,1.0,57.0,0.0,0.0,1.0,0.0,29.0,39.0,11.0,DT-Top1,SLA-Rule-Shield,264,5,0.6,0.6,0.6,0.6,0.6
0,2,0,1,1.0,0.0,0.76278657,0.6677499,0.875408569397236,1.0,21.0,0.0,0.0,1.0,0.0,29.0,21.0,29.0,DT-Top1,Fixed-UCB-1sigma-Shield,264,5,0.6,0.6,0.6,0.6,0.6
0,2,0,1,1.0,0.0,0.76278657,0.6677499,0.875408569397236,1.0,21.0,0.0,0.0,1.0,0.0,29.0,21.0,29.0,DT-Top1,Fixed-UCB-1.64sigma-Shield,264,5,0.6,0.6,0.6,0.6,0.6
2,2,1,1,0.0,0.0,0.6677499,0.6677499,0.9999999999985024,0.0,0.0,0.0,0.0,1.0,21.0,29.0,21.0,29.0,PF,Full-CertiTwin-q90,265,5,0.6,0.6,0.6,0.6,0.6
2,2,1,1,0.0,0.0,0.6677499,0.6677499,0.9999999999985024,0.0,0.0,0.0,0.0,1.0,21.0,29.0,21.0,29.0,PF,SLA-Rule-Shield,265,5,0.6,0.6,0.6,0.6,0.6
2,2,1,1,0.0,0.0,0.6677499,0.6677499,0.9999999999985024,0.0,0.0,0.0,0.0,1.0,21.0,29.0,21.0,29.0,PF,Fixed-UCB-1sigma-Shield,265,5,0.6,0.6,0.6,0.6,0.6
2,2,1,1,0.0,0.0,0.6677499,0.6677499,0.9999999999985024,0.0,0.0,0.0,0.0,1.0,21.0,29.0,21.0,29.0,PF,Fixed-UCB-1.64sigma-Shield,265,5,0.6,0.6,0.6,0.6,0.6
4,4,1,1,0.0,0.0,0.7566483,0.7566483,0.9999999999986784,0.0,0.0,0.0,0.0,1.0,39.0,11.0,39.0,11.0,Greedy-SLA,Full-CertiTwin-q90,265,5,0.6,0.6,0.6,0.6,0.6
4,4,1,1,0.0,0.0,0.7566483,0.7566483,0.9999999999986784,0.0,0.0,0.0,0.0,1.0,39.0,11.0,39.0,11.0,Greedy-SLA,SLA-Rule-Shield,265,5,0.6,0.6,0.6,0.6,0.6
4,4,1,1,0.0,0.0,0.7566483,0.7566483,0.9999999999986784,0.0,0.0,0.0,0.0,1.0,39.0,11.0,39.0,11.0,Greedy-SLA,Fixed-UCB-1sigma-Shield,265,5,0.6,0.6,0.6,0.6,0.6
4,4,1,1,0.0,0.0,0.7566483,0.7566483,0.9999999999986784,0.0,0.0,0.0,0.0,1.0,39.0,11.0,39.0,11.0,Greedy-SLA,Fixed-UCB-1.64sigma-Shield,265,5,0.6,0.6,0.6,0.6,0.6
0,2,0,1,1.0,0.0,0.76278657,0.6677499,0.875408569397236,1.0,21.0,0.0,0.0,1.0,0.0,29.0,21.0,29.0,DT-Top1,Full-CertiTwin-q90,265,5,0.6,0.6,0.6,0.6,0.6
0,4,0,1,1.0,0.0,0.76278657,0.7566483,0.9919528341971308,1.0,57.0,0.0,0.0,1.0,0.0,29.0,39.0,11.0,DT-Top1,SLA-Rule-Shield,265,5,0.6,0.6,0.6,0.6,0.6
0,2,0,1,1.0,0.0,0.76278657,0.6677499,0.875408569397236,1.0,21.0,0.0,0.0,1.0,0.0,29.0,21.0,29.0,DT-Top1,Fixed-UCB-1sigma-Shield,265,5,0.6,0.6,0.6,0.6,0.6
0,2,0,1,1.0,0.0,0.76278657,0.6677499,0.875408569397236,1.0,21.0,0.0,0.0,1.0,0.0,29.0,21.0,29.0,DT-Top1,Fixed-UCB-1.64sigma-Shield,265,5,0.6,0.6,0.6,0.6,0.6
2,2,1,1,0.0,0.0,0.6506768,0.6506768,0.9999999999984632,0.0,0.0,0.0,0.0,1.0,21.0,29.0,21.0,29.0,PF,Full-CertiTwin-q90,266,5,0.6,0.6,0.6,0.6,0.6
2,2,1,1,0.0,0.0,0.6506768,0.6506768,0.9999999999984632,0.0,0.0,0.0,0.0,1.0,21.0,29.0,21.0,29.0,PF,SLA-Rule-Shield,266,5,0.6,0.6,0.6,0.6,0.6
2,2,1,1,0.0,0.0,0.6506768,0.6506768,0.9999999999984632,0.0,0.0,0.0,0.0,1.0,21.0,29.0,21.0,29.0,PF,Fixed-UCB-1sigma-Shield,266,5,0.6,0.6,0.6,0.6,0.6
2,2,1,1,0.0,0.0,0.6506768,0.6506768,0.9999999999984632,0.0,0.0,0.0,0.0,1.0,21.0,29.0,21.0,29.0,PF,Fixed-UCB-1.64sigma-Shield,266,5,0.6,0.6,0.6,0.6,0.6
4,4,1,1,0.0,0.0,0.76313806,0.76313806,0.9999999999986896,0.0,0.0,0.0,0.0,1.0,39.0,11.0,39.0,11.0,Greedy-SLA,Full-CertiTwin-q90,266,5,0.6,0.6,0.6,0.6,0.6
4,4,1,1,0.0,0.0,0.76313806,0.76313806,0.9999999999986896,0.0,0.0,0.0,0.0,1.0,39.0,11.0,39.0,11.0,Greedy-SLA,SLA-Rule-Shield,266,5,0.6,0.6,0.6,0.6,0.6
4,4,1,1,0.0,0.0,0.76313806,0.76313806,0.9999999999986896,0.0,0.0,0.0,0.0,1.0,39.0,11.0,39.0,11.0,Greedy-SLA,Fixed-UCB-1sigma-Shield,266,5,0.6,0.6,0.6,0.6,0.6
4,4,1,1,0.0,0.0,0.76313806,0.76313806,0.9999999999986896,0.0,0.0,0.0,0.0,1.0,39.0,11.0,39.0,11.0,Greedy-SLA,Fixed-UCB-1.64sigma-Shield,266,5,0.6,0.6,0.6,0.6,0.6
0,2,0,1,1.0,0.0,0.76278657,0.6506768,0.853026030596143,1.0,21.0,0.0,0.0,1.0,0.0,29.0,21.0,29.0,DT-Top1,Full-CertiTwin-q90,266,5,0.6,0.6,0.6,0.6,0.6
0,4,0,1,1.0,0.0,0.76278657,0.76313806,1.000460797309265,1.0,57.0,0.0,0.0,1.0,0.0,29.0,39.0,11.0,DT-Top1,SLA-Rule-Shield,266,5,0.6,0.6,0.6,0.6,0.6
0,2,0,1,1.0,0.0,0.76278657,0.6506768,0.853026030596143,1.0,21.0,0.0,0.0,1.0,0.0,29.0,21.0,29.0,DT-Top1,Fixed-UCB-1sigma-Shield,266,5,0.6,0.6,0.6,0.6,0.6
0,2,0,1,1.0,0.0,0.76278657,0.6506768,0.853026030596143,1.0,21.0,0.0,0.0,1.0,0.0,29.0,21.0,29.0,DT-Top1,Fixed-UCB-1.64sigma-Shield,266,5,0.6,0.6,0.6,0.6,0.6
2,2,1,1,0.0,0.0,0.6677499,0.6677499,0.9999999999985024,0.0,0.0,0.0,0.0,1.0,21.0,29.0,21.0,29.0,PF,Full-CertiTwin-q90,267,5,0.6,0.6,0.6,0.6,0.6
2,2,1,1,0.0,0.0,0.6677499,0.6677499,0.9999999999985024,0.0,0.0,0.0,0.0,1.0,21.0,29.0,21.0,29.0,PF,SLA-Rule-Shield,267,5,0.6,0.6,0.6,0.6,0.6
2,2,1,1,0.0,0.0,0.6677499,0.6677499,0.9999999999985024,0.0,0.0,0.0,0.0,1.0,21.0,29.0,21.0,29.0,PF,Fixed-UCB-1sigma-Shield,267,5,0.6,0.6,0.6,0.6,0.6
2,2,1,1,0.0,0.0,0.6677499,0.6677499,0.9999999999985024,0.0,0.0,0.0,0.0,1.0,21.0,29.0,21.0,29.0,PF,Fixed-UCB-1.64sigma-Shield,267,5,0.6,0.6,0.6,0.6,0.6
4,4,1,1,0.0,0.0,0.75664926,0.75664926,0.9999999999986784,0.0,0.0,0.0,0.0,1.0,39.0,11.0,39.0,11.0,Greedy-SLA,Full-CertiTwin-q90,267,5,0.6,0.6,0.6,0.6,0.6
4,4,1,1,0.0,0.0,0.75664926,0.75664926,0.9999999999986784,0.0,0.0,0.0,0.0,1.0,39.0,11.0,39.0,11.0,Greedy-SLA,SLA-Rule-Shield,267,5,0.6,0.6,0.6,0.6,0.6
4,4,1,1,0.0,0.0,0.75664926,0.75664926,0.9999999999986784,0.0,0.0,0.0,0.0,1.0,39.0,11.0,39.0,11.0,Greedy-SLA,Fixed-UCB-1sigma-Shield,267,5,0.6,0.6,0.6,0.6,0.6
4,4,1,1,0.0,0.0,0.75664926,0.75664926,0.9999999999986784,0.0,0.0,0.0,0.0,1.0,39.0,11.0,39.0,11.0,Greedy-SLA,Fixed-UCB-1.64sigma-Shield,267,5,0.6,0.6,0.6,0.6,0.6
0,2,0,1,1.0,0.0,0.76278657,0.6677499,0.875408569397236,1.0,21.0,0.0,0.0,1.0,0.0,29.0,21.0,29.0,DT-Top1,Full-CertiTwin-q90,267,5,0.6,0.6,0.6,0.6,0.6
0,4,0,1,1.0,0.0,0.76278657,0.75664926,0.9919540927405264,1.0,57.0,0.0,0.0,1.0,0.0,29.0,39.0,11.0,DT-Top1,SLA-Rule-Shield,267,5,0.6,0.6,0.6,0.6,0.6
0,2,0,1,1.0,0.0,0.76278657,0.6677499,0.875408569397236,1.0,21.0,0.0,0.0,1.0,0.0,29.0,21.0,29.0,DT-Top1,Fixed-UCB-1sigma-Shield,267,5,0.6,0.6,0.6,0.6,0.6
0,2,0,1,1.0,0.0,0.76278657,0.6677499,0.875408569397236,1.0,21.0,0.0,0.0,1.0,0.0,29.0,21.0,29.0,DT-Top1,Fixed-UCB-1.64sigma-Shield,267,5,0.6,0.6,0.6,0.6,0.6
2,2,1,1,0.0,0.0,0.6677499,0.6677499,0.9999999999985024,0.0,0.0,0.0,0.0,1.0,21.0,29.0,21.0,29.0,PF,Full-CertiTwin-q90,268,5,0.6,0.6,0.6,0.6,0.6
2,2,1,1,0.0,0.0,0.6677499,0.6677499,0.9999999999985024,0.0,0.0,0.0,0.0,1.0,21.0,29.0,21.0,29.0,PF,SLA-Rule-Shield,268,5,0.6,0.6,0.6,0.6,0.6
2,2,1,1,0.0,0.0,0.6677499,0.6677499,0.9999999999985024,0.0,0.0,0.0,0.0,1.0,21.0,29.0,21.0,29.0,PF,Fixed-UCB-1sigma-Shield,268,5,0.6,0.6,0.6,0.6,0.6
2,2,1,1,0.0,0.0,0.6677499,0.6677499,0.9999999999985024,0.0,0.0,0.0,0.0,1.0,21.0,29.0,21.0,29.0,PF,Fixed-UCB-1.64sigma-Shield,268,5,0.6,0.6,0.6,0.6,0.6
4,4,1,1,0.0,0.0,0.76313806,0.76313806,0.9999999999986896,0.0,0.0,0.0,0.0,1.0,39.0,11.0,39.0,11.0,Greedy-SLA,Full-CertiTwin-q90,268,5,0.6,0.6,0.6,0.6,0.6
4,4,1,1,0.0,0.0,0.76313806,0.76313806,0.9999999999986896,0.0,0.0,0.0,0.0,1.0,39.0,11.0,39.0,11.0,Greedy-SLA,SLA-Rule-Shield,268,5,0.6,0.6,0.6,0.6,0.6
4,4,1,1,0.0,0.0,0.76313806,0.76313806,0.9999999999986896,0.0,0.0,0.0,0.0,1.0,39.0,11.0,39.0,11.0,Greedy-SLA,Fixed-UCB-1sigma-Shield,268,5,0.6,0.6,0.6,0.6,0.6
4,4,1,1,0.0,0.0,0.76313806,0.76313806,0.9999999999986896,0.0,0.0,0.0,0.0,1.0,39.0,11.0,39.0,11.0,Greedy-SLA,Fixed-UCB-1.64sigma-Shield,268,5,0.6,0.6,0.6,0.6,0.6
0,2,0,1,1.0,0.0,0.77741534,0.6677499,0.8589358424534574,1.0,21.0,0.0,0.0,1.0,0.0,29.0,21.0,29.0,DT-Top1,Full-CertiTwin-q90,268,5,0.6,0.6,0.6,0.6,0.6
0,4,0,1,1.0,0.0,0.77741534,0.76313806,0.981634939180668,1.0,57.0,0.0,0.0,1.0,0.0,29.0,39.0,11.0,DT-Top1,SLA-Rule-Shield,268,5,0.6,0.6,0.6,0.6,0.6
0,2,0,1,1.0,0.0,0.77741534,0.6677499,0.8589358424534574,1.0,21.0,0.0,0.0,1.0,0.0,29.0,21.0,29.0,DT-Top1,Fixed-UCB-1sigma-Shield,268,5,0.6,0.6,0.6,0.6,0.6
0,2,0,1,1.0,0.0,0.77741534,0.6677499,0.8589358424534574,1.0,21.0,0.0,0.0,1.0,0.0,29.0,21.0,29.0,DT-Top1,Fixed-UCB-1.64sigma-Shield,268,5,0.6,0.6,0.6,0.6,0.6
2,2,1,1,0.0,0.0,0.65129316,0.65129316,0.9999999999984648,0.0,0.0,0.0,0.0,1.0,21.0,29.0,21.0,29.0,PF,Full-CertiTwin-q90,269,5,0.6,0.6,0.6,0.6,0.6
2,2,1,1,0.0,0.0,0.65129316,0.65129316,0.9999999999984648,0.0,0.0,0.0,0.0,1.0,21.0,29.0,21.0,29.0,PF,SLA-Rule-Shield,269,5,0.6,0.6,0.6,0.6,0.6
2,2,1,1,0.0,0.0,0.65129316,0.65129316,0.9999999999984648,0.0,0.0,0.0,0.0,1.0,21.0,29.0,21.0,29.0,PF,Fixed-UCB-1sigma-Shield,269,5,0.6,0.6,0.6,0.6,0.6
2,2,1,1,0.0,0.0,0.65129316,0.65129316,0.9999999999984648,0.0,0.0,0.0,0.0,1.0,21.0,29.0,21.0,29.0,PF,Fixed-UCB-1.64sigma-Shield,269,5,0.6,0.6,0.6,0.6,0.6
4,4,1,1,0.0,0.0,0.76313806,0.76313806,0.9999999999986896,0.0,0.0,0.0,0.0,1.0,39.0,11.0,39.0,11.0,Greedy-SLA,Full-CertiTwin-q90,269,5,0.6,0.6,0.6,0.6,0.6
4,4,1,1,0.0,0.0,0.76313806,0.76313806,0.9999999999986896,0.0,0.0,0.0,0.0,1.0,39.0,11.0,39.0,11.0,Greedy-SLA,SLA-Rule-Shield,269,5,0.6,0.6,0.6,0.6,0.6
4,4,1,1,0.0,0.0,0.76313806,0.76313806,0.9999999999986896,0.0,0.0,0.0,0.0,1.0,39.0,11.0,39.0,11.0,Greedy-SLA,Fixed-UCB-1sigma-Shield,269,5,0.6,0.6,0.6,0.6,0.6
4,4,1,1,0.0,0.0,0.76313806,0.76313806,0.9999999999986896,0.0,0.0,0.0,0.0,1.0,39.0,11.0,39.0,11.0,Greedy-SLA,Fixed-UCB-1.64sigma-Shield,269,5,0.6,0.6,0.6,0.6,0.6
4,4,1,1,0.0,0.0,0.76313806,0.76313806,0.9999999999986896,0.0,0.0,0.0,0.0,1.0,39.0,11.0,39.0,11.0,DT-Top1,Full-CertiTwin-q90,269,5,0.6,0.6,0.6,0.6,0.6
4,4,1,1,0.0,0.0,0.76313806,0.76313806,0.9999999999986896,0.0,0.0,0.0,0.0,1.0,39.0,11.0,39.0,11.0,DT-Top1,SLA-Rule-Shield,269,5,0.6,0.6,0.6,0.6,0.6
4,4,1,1,0.0,0.0,0.76313806,0.76313806,0.9999999999986896,0.0,0.0,0.0,0.0,1.0,39.0,11.0,39.0,11.0,DT-Top1,Fixed-UCB-1sigma-Shield,269,5,0.6,0.6,0.6,0.6,0.6
4,4,1,1,0.0,0.0,0.76313806,0.76313806,0.9999999999986896,0.0,0.0,0.0,0.0,1.0,39.0,11.0,39.0,11.0,DT-Top1,Fixed-UCB-1.64sigma-Shield,269,5,0.6,0.6,0.6,0.6,0.6
2,2,1,1,0.0,0.0,0.6677499,0.6677499,0.9999999999985024,0.0,0.0,0.0,0.0,1.0,21.0,29.0,21.0,29.0,PF,Full-CertiTwin-q90,270,5,0.6,0.6,0.6,0.6,0.6
2,2,1,1,0.0,0.0,0.6677499,0.6677499,0.9999999999985024,0.0,0.0,0.0,0.0,1.0,21.0,29.0,21.0,29.0,PF,SLA-Rule-Shield,270,5,0.6,0.6,0.6,0.6,0.6
2,2,1,1,0.0,0.0,0.6677499,0.6677499,0.9999999999985024,0.0,0.0,0.0,0.0,1.0,21.0,29.0,21.0,29.0,PF,Fixed-UCB-1sigma-Shield,270,5,0.6,0.6,0.6,0.6,0.6
2,2,1,1,0.0,0.0,0.6677499,0.6677499,0.9999999999985024,0.0,0.0,0.0,0.0,1.0,21.0,29.0,21.0,29.0,PF,Fixed-UCB-1.64sigma-Shield,270,5,0.6,0.6,0.6,0.6,0.6
0,2,0,1,1.0,0.0,0.76278657,0.6677499,0.875408569397236,1.0,21.0,0.0,0.0,1.0,0.0,29.0,21.0,29.0,Greedy-SLA,Full-CertiTwin-q90,270,5,0.6,0.6,0.6,0.6,0.6
0,4,0,1,1.0,0.0,0.76278657,0.76313806,1.000460797309265,1.0,57.0,0.0,0.0,1.0,0.0,29.0,39.0,11.0,Greedy-SLA,SLA-Rule-Shield,270,5,0.6,0.6,0.6,0.6,0.6
0,2,0,1,1.0,0.0,0.76278657,0.6677499,0.875408569397236,1.0,21.0,0.0,0.0,1.0,0.0,29.0,21.0,29.0,Greedy-SLA,Fixed-UCB-1sigma-Shield,270,5,0.6,0.6,0.6,0.6,0.6
0,2,0,1,1.0,0.0,0.76278657,0.6677499,0.875408569397236,1.0,21.0,0.0,0.0,1.0,0.0,29.0,21.0,29.0,Greedy-SLA,Fixed-UCB-1.64sigma-Shield,270,5,0.6,0.6,0.6,0.6,0.6
0,2,0,1,1.0,0.0,0.76278657,0.6677499,0.875408569397236,1.0,21.0,0.0,0.0,1.0,0.0,29.0,21.0,29.0,DT-Top1,Full-CertiTwin-q90,270,5,0.6,0.6,0.6,0.6,0.6
0,4,0,1,1.0,0.0,0.76278657,0.76313806,1.000460797309265,1.0,57.0,0.0,0.0,1.0,0.0,29.0,39.0,11.0,DT-Top1,SLA-Rule-Shield,270,5,0.6,0.6,0.6,0.6,0.6
0,2,0,1,1.0,0.0,0.76278657,0.6677499,0.875408569397236,1.0,21.0,0.0,0.0,1.0,0.0,29.0,21.0,29.0,DT-Top1,Fixed-UCB-1sigma-Shield,270,5,0.6,0.6,0.6,0.6,0.6
0,2,0,1,1.0,0.0,0.76278657,0.6677499,0.875408569397236,1.0,21.0,0.0,0.0,1.0,0.0,29.0,21.0,29.0,DT-Top1,Fixed-UCB-1.64sigma-Shield,270,5,0.6,0.6,0.6,0.6,0.6
2,2,1,1,0.0,0.0,0.6677499,0.6677499,0.9999999999985024,0.0,0.0,0.0,0.0,1.0,21.0,29.0,21.0,29.0,PF,Full-CertiTwin-q90,271,5,0.6,0.6,0.6,0.6,0.6
2,2,1,1,0.0,0.0,0.6677499,0.6677499,0.9999999999985024,0.0,0.0,0.0,0.0,1.0,21.0,29.0,21.0,29.0,PF,SLA-Rule-Shield,271,5,0.6,0.6,0.6,0.6,0.6
2,2,1,1,0.0,0.0,0.6677499,0.6677499,0.9999999999985024,0.0,0.0,0.0,0.0,1.0,21.0,29.0,21.0,29.0,PF,Fixed-UCB-1sigma-Shield,271,5,0.6,0.6,0.6,0.6,0.6
2,2,1,1,0.0,0.0,0.6677499,0.6677499,0.9999999999985024,0.0,0.0,0.0,0.0,1.0,21.0,29.0,21.0,29.0,PF,Fixed-UCB-1.64sigma-Shield,271,5,0.6,0.6,0.6,0.6,0.6
4,4,1,1,0.0,0.0,0.7526786,0.7526786,0.9999999999986714,0.0,0.0,0.0,0.0,1.0,39.0,11.0,39.0,11.0,Greedy-SLA,Full-CertiTwin-q90,271,5,0.6,0.6,0.6,0.6,0.6
4,4,1,1,0.0,0.0,0.7526786,0.7526786,0.9999999999986714,0.0,0.0,0.0,0.0,1.0,39.0,11.0,39.0,11.0,Greedy-SLA,SLA-Rule-Shield,271,5,0.6,0.6,0.6,0.6,0.6
4,4,1,1,0.0,0.0,0.7526786,0.7526786,0.9999999999986714,0.0,0.0,0.0,0.0,1.0,39.0,11.0,39.0,11.0,Greedy-SLA,Fixed-UCB-1sigma-Shield,271,5,0.6,0.6,0.6,0.6,0.6
4,4,1,1,0.0,0.0,0.7526786,0.7526786,0.9999999999986714,0.0,0.0,0.0,0.0,1.0,39.0,11.0,39.0,11.0,Greedy-SLA,Fixed-UCB-1.64sigma-Shield,271,5,0.6,0.6,0.6,0.6,0.6
0,2,0,1,1.0,0.0,0.76278657,0.6677499,0.875408569397236,1.0,21.0,0.0,0.0,1.0,0.0,29.0,21.0,29.0,DT-Top1,Full-CertiTwin-q90,271,5,0.6,0.6,0.6,0.6,0.6
0,4,0,1,1.0,0.0,0.76278657,0.7526786,0.9867486261576592,1.0,57.0,0.0,0.0,1.0,0.0,29.0,39.0,11.0,DT-Top1,SLA-Rule-Shield,271,5,0.6,0.6,0.6,0.6,0.6
0,2,0,1,1.0,0.0,0.76278657,0.6677499,0.875408569397236,1.0,21.0,0.0,0.0,1.0,0.0,29.0,21.0,29.0,DT-Top1,Fixed-UCB-1sigma-Shield,271,5,0.6,0.6,0.6,0.6,0.6
0,2,0,1,1.0,0.0,0.76278657,0.6677499,0.875408569397236,1.0,21.0,0.0,0.0,1.0,0.0,29.0,21.0,29.0,DT-Top1,Fixed-UCB-1.64sigma-Shield,271,5,0.6,0.6,0.6,0.6,0.6
2,2,1,1,0.0,0.0,0.6677499,0.6677499,0.9999999999985024,0.0,0.0,0.0,0.0,1.0,21.0,29.0,21.0,29.0,PF,Full-CertiTwin-q90,272,5,0.6,0.6,0.6,0.6,0.6
2,2,1,1,0.0,0.0,0.6677499,0.6677499,0.9999999999985024,0.0,0.0,0.0,0.0,1.0,21.0,29.0,21.0,29.0,PF,SLA-Rule-Shield,272,5,0.6,0.6,0.6,0.6,0.6
2,2,1,1,0.0,0.0,0.6677499,0.6677499,0.9999999999985024,0.0,0.0,0.0,0.0,1.0,21.0,29.0,21.0,29.0,PF,Fixed-UCB-1sigma-Shield,272,5,0.6,0.6,0.6,0.6,0.6
2,2,1,1,0.0,0.0,0.6677499,0.6677499,0.9999999999985024,0.0,0.0,0.0,0.0,1.0,21.0,29.0,21.0,29.0,PF,Fixed-UCB-1.64sigma-Shield,272,5,0.6,0.6,0.6,0.6,0.6
4,4,1,1,0.0,0.0,0.76313806,0.76313806,0.9999999999986896,0.0,0.0,0.0,0.0,1.0,39.0,11.0,39.0,11.0,Greedy-SLA,Full-CertiTwin-q90,272,5,0.6,0.6,0.6,0.6,0.6
4,4,1,1,0.0,0.0,0.76313806,0.76313806,0.9999999999986896,0.0,0.0,0.0,0.0,1.0,39.0,11.0,39.0,11.0,Greedy-SLA,SLA-Rule-Shield,272,5,0.6,0.6,0.6,0.6,0.6
4,4,1,1,0.0,0.0,0.76313806,0.76313806,0.9999999999986896,0.0,0.0,0.0,0.0,1.0,39.0,11.0,39.0,11.0,Greedy-SLA,Fixed-UCB-1sigma-Shield,272,5,0.6,0.6,0.6,0.6,0.6
4,4,1,1,0.0,0.0,0.76313806,0.76313806,0.9999999999986896,0.0,0.0,0.0,0.0,1.0,39.0,11.0,39.0,11.0,Greedy-SLA,Fixed-UCB-1.64sigma-Shield,272,5,0.6,0.6,0.6,0.6,0.6
0,2,0,1,1.0,0.0,0.7864371,0.6677499,0.8490823995957858,1.0,21.0,0.0,0.0,1.0,0.0,29.0,21.0,29.0,DT-Top1,Full-CertiTwin-q90,272,5,0.6,0.6,0.6,0.6,0.6
0,4,0,1,1.0,0.0,0.7864371,0.76313806,0.970373930730162,1.0,57.0,0.0,0.0,1.0,0.0,29.0,39.0,11.0,DT-Top1,SLA-Rule-Shield,272,5,0.6,0.6,0.6,0.6,0.6
0,2,0,1,1.0,0.0,0.7864371,0.6677499,0.8490823995957858,1.0,21.0,0.0,0.0,1.0,0.0,29.0,21.0,29.0,DT-Top1,Fixed-UCB-1sigma-Shield,272,5,0.6,0.6,0.6,0.6,0.6
0,2,0,1,1.0,0.0,0.7864371,0.6677499,0.8490823995957858,1.0,21.0,0.0,0.0,1.0,0.0,29.0,21.0,29.0,DT-Top1,Fixed-UCB-1.64sigma-Shield,272,5,0.6,0.6,0.6,0.6,0.6
2,2,1,1,0.0,0.0,0.6780778,0.6780778,0.9999999999985252,0.0,0.0,0.0,0.0,1.0,21.0,29.0,21.0,29.0,PF,Full-CertiTwin-q90,273,5,0.6,0.6,0.6,0.6,0.6
2,2,1,1,0.0,0.0,0.6780778,0.6780778,0.9999999999985252,0.0,0.0,0.0,0.0,1.0,21.0,29.0,21.0,29.0,PF,SLA-Rule-Shield,273,5,0.6,0.6,0.6,0.6,0.6
2,2,1,1,0.0,0.0,0.6780778,0.6780778,0.9999999999985252,0.0,0.0,0.0,0.0,1.0,21.0,29.0,21.0,29.0,PF,Fixed-UCB-1sigma-Shield,273,5,0.6,0.6,0.6,0.6,0.6
2,2,1,1,0.0,0.0,0.6780778,0.6780778,0.9999999999985252,0.0,0.0,0.0,0.0,1.0,21.0,29.0,21.0,29.0,PF,Fixed-UCB-1.64sigma-Shield,273,5,0.6,0.6,0.6,0.6,0.6
4,4,1,1,0.0,0.0,0.76313806,0.76313806,0.9999999999986896,0.0,0.0,0.0,0.0,1.0,39.0,11.0,39.0,11.0,Greedy-SLA,Full-CertiTwin-q90,273,5,0.6,0.6,0.6,0.6,0.6
4,4,1,1,0.0,0.0,0.76313806,0.76313806,0.9999999999986896,0.0,0.0,0.0,0.0,1.0,39.0,11.0,39.0,11.0,Greedy-SLA,SLA-Rule-Shield,273,5,0.6,0.6,0.6,0.6,0.6
4,4,1,1,0.0,0.0,0.76313806,0.76313806,0.9999999999986896,0.0,0.0,0.0,0.0,1.0,39.0,11.0,39.0,11.0,Greedy-SLA,Fixed-UCB-1sigma-Shield,273,5,0.6,0.6,0.6,0.6,0.6
4,4,1,1,0.0,0.0,0.76313806,0.76313806,0.9999999999986896,0.0,0.0,0.0,0.0,1.0,39.0,11.0,39.0,11.0,Greedy-SLA,Fixed-UCB-1.64sigma-Shield,273,5,0.6,0.6,0.6,0.6,0.6
4,4,1,1,0.0,0.0,0.76313806,0.76313806,0.9999999999986896,0.0,0.0,0.0,0.0,1.0,39.0,11.0,39.0,11.0,DT-Top1,Full-CertiTwin-q90,273,5,0.6,0.6,0.6,0.6,0.6
4,4,1,1,0.0,0.0,0.76313806,0.76313806,0.9999999999986896,0.0,0.0,0.0,0.0,1.0,39.0,11.0,39.0,11.0,DT-Top1,SLA-Rule-Shield,273,5,0.6,0.6,0.6,0.6,0.6
4,4,1,1,0.0,0.0,0.76313806,0.76313806,0.9999999999986896,0.0,0.0,0.0,0.0,1.0,39.0,11.0,39.0,11.0,DT-Top1,Fixed-UCB-1sigma-Shield,273,5,0.6,0.6,0.6,0.6,0.6
4,4,1,1,0.0,0.0,0.76313806,0.76313806,0.9999999999986896,0.0,0.0,0.0,0.0,1.0,39.0,11.0,39.0,11.0,DT-Top1,Fixed-UCB-1.64sigma-Shield,273,5,0.6,0.6,0.6,0.6,0.6
2,2,1,1,0.0,0.0,0.6677499,0.6677499,0.9999999999985024,0.0,0.0,0.0,0.0,1.0,21.0,29.0,21.0,29.0,PF,Full-CertiTwin-q90,274,5,0.6,0.6,0.6,0.6,0.6
2,2,1,1,0.0,0.0,0.6677499,0.6677499,0.9999999999985024,0.0,0.0,0.0,0.0,1.0,21.0,29.0,21.0,29.0,PF,SLA-Rule-Shield,274,5,0.6,0.6,0.6,0.6,0.6
2,2,1,1,0.0,0.0,0.6677499,0.6677499,0.9999999999985024,0.0,0.0,0.0,0.0,1.0,21.0,29.0,21.0,29.0,PF,Fixed-UCB-1sigma-Shield,274,5,0.6,0.6,0.6,0.6,0.6
2,2,1,1,0.0,0.0,0.6677499,0.6677499,0.9999999999985024,0.0,0.0,0.0,0.0,1.0,21.0,29.0,21.0,29.0,PF,Fixed-UCB-1.64sigma-Shield,274,5,0.6,0.6,0.6,0.6,0.6
4,4,1,1,0.0,0.0,0.7566483,0.7566483,0.9999999999986784,0.0,0.0,0.0,0.0,1.0,39.0,11.0,39.0,11.0,Greedy-SLA,Full-CertiTwin-q90,274,5,0.6,0.6,0.6,0.6,0.6
4,4,1,1,0.0,0.0,0.7566483,0.7566483,0.9999999999986784,0.0,0.0,0.0,0.0,1.0,39.0,11.0,39.0,11.0,Greedy-SLA,SLA-Rule-Shield,274,5,0.6,0.6,0.6,0.6,0.6
4,4,1,1,0.0,0.0,0.7566483,0.7566483,0.9999999999986784,0.0,0.0,0.0,0.0,1.0,39.0,11.0,39.0,11.0,Greedy-SLA,Fixed-UCB-1sigma-Shield,274,5,0.6,0.6,0.6,0.6,0.6
4,4,1,1,0.0,0.0,0.7566483,0.7566483,0.9999999999986784,0.0,0.0,0.0,0.0,1.0,39.0,11.0,39.0,11.0,Greedy-SLA,Fixed-UCB-1.64sigma-Shield,274,5,0.6,0.6,0.6,0.6,0.6
0,2,0,1,1.0,0.0,0.76278657,0.6677499,0.875408569397236,1.0,21.0,0.0,0.0,1.0,0.0,29.0,21.0,29.0,DT-Top1,Full-CertiTwin-q90,274,5,0.6,0.6,0.6,0.6,0.6
0,4,0,1,1.0,0.0,0.76278657,0.7566483,0.9919528341971308,1.0,57.0,0.0,0.0,1.0,0.0,29.0,39.0,11.0,DT-Top1,SLA-Rule-Shield,274,5,0.6,0.6,0.6,0.6,0.6
0,2,0,1,1.0,0.0,0.76278657,0.6677499,0.875408569397236,1.0,21.0,0.0,0.0,1.0,0.0,29.0,21.0,29.0,DT-Top1,Fixed-UCB-1sigma-Shield,274,5,0.6,0.6,0.6,0.6,0.6
0,2,0,1,1.0,0.0,0.76278657,0.6677499,0.875408569397236,1.0,21.0,0.0,0.0,1.0,0.0,29.0,21.0,29.0,DT-Top1,Fixed-UCB-1.64sigma-Shield,274,5,0.6,0.6,0.6,0.6,0.6
2,2,1,1,0.0,0.0,0.6677499,0.6677499,0.9999999999985024,0.0,0.0,0.0,0.0,1.0,21.0,29.0,21.0,29.0,PF,Full-CertiTwin-q90,275,5,0.6,0.6,0.6,0.6,0.6
2,2,1,1,0.0,0.0,0.6677499,0.6677499,0.9999999999985024,0.0,0.0,0.0,0.0,1.0,21.0,29.0,21.0,29.0,PF,SLA-Rule-Shield,275,5,0.6,0.6,0.6,0.6,0.6
2,2,1,1,0.0,0.0,0.6677499,0.6677499,0.9999999999985024,0.0,0.0,0.0,0.0,1.0,21.0,29.0,21.0,29.0,PF,Fixed-UCB-1sigma-Shield,275,5,0.6,0.6,0.6,0.6,0.6
2,2,1,1,0.0,0.0,0.6677499,0.6677499,0.9999999999985024,0.0,0.0,0.0,0.0,1.0,21.0,29.0,21.0,29.0,PF,Fixed-UCB-1.64sigma-Shield,275,5,0.6,0.6,0.6,0.6,0.6
4,4,1,1,0.0,0.0,0.76313806,0.76313806,0.9999999999986896,0.0,0.0,0.0,0.0,1.0,39.0,11.0,39.0,11.0,Greedy-SLA,Full-CertiTwin-q90,275,5,0.6,0.6,0.6,0.6,0.6
4,4,1,1,0.0,0.0,0.76313806,0.76313806,0.9999999999986896,0.0,0.0,0.0,0.0,1.0,39.0,11.0,39.0,11.0,Greedy-SLA,SLA-Rule-Shield,275,5,0.6,0.6,0.6,0.6,0.6
4,4,1,1,0.0,0.0,0.76313806,0.76313806,0.9999999999986896,0.0,0.0,0.0,0.0,1.0,39.0,11.0,39.0,11.0,Greedy-SLA,Fixed-UCB-1sigma-Shield,275,5,0.6,0.6,0.6,0.6,0.6
4,4,1,1,0.0,0.0,0.76313806,0.76313806,0.9999999999986896,0.0,0.0,0.0,0.0,1.0,39.0,11.0,39.0,11.0,Greedy-SLA,Fixed-UCB-1.64sigma-Shield,275,5,0.6,0.6,0.6,0.6,0.6
0,2,0,1,1.0,0.0,0.76278657,0.6677499,0.875408569397236,1.0,21.0,0.0,0.0,1.0,0.0,29.0,21.0,29.0,DT-Top1,Full-CertiTwin-q90,275,5,0.6,0.6,0.6,0.6,0.6
0,4,0,1,1.0,0.0,0.76278657,0.76313806,1.000460797309265,1.0,57.0,0.0,0.0,1.0,0.0,29.0,39.0,11.0,DT-Top1,SLA-Rule-Shield,275,5,0.6,0.6,0.6,0.6,0.6
0,2,0,1,1.0,0.0,0.76278657,0.6677499,0.875408569397236,1.0,21.0,0.0,0.0,1.0,0.0,29.0,21.0,29.0,DT-Top1,Fixed-UCB-1sigma-Shield,275,5,0.6,0.6,0.6,0.6,0.6
0,2,0,1,1.0,0.0,0.76278657,0.6677499,0.875408569397236,1.0,21.0,0.0,0.0,1.0,0.0,29.0,21.0,29.0,DT-Top1,Fixed-UCB-1.64sigma-Shield,275,5,0.6,0.6,0.6,0.6,0.6
2,2,1,1,0.0,0.0,0.6677499,0.6677499,0.9999999999985024,0.0,0.0,0.0,0.0,1.0,21.0,29.0,21.0,29.0,PF,Full-CertiTwin-q90,276,5,0.6,0.6,0.6,0.6,0.6
2,2,1,1,0.0,0.0,0.6677499,0.6677499,0.9999999999985024,0.0,0.0,0.0,0.0,1.0,21.0,29.0,21.0,29.0,PF,SLA-Rule-Shield,276,5,0.6,0.6,0.6,0.6,0.6
2,2,1,1,0.0,0.0,0.6677499,0.6677499,0.9999999999985024,0.0,0.0,0.0,0.0,1.0,21.0,29.0,21.0,29.0,PF,Fixed-UCB-1sigma-Shield,276,5,0.6,0.6,0.6,0.6,0.6
2,2,1,1,0.0,0.0,0.6677499,0.6677499,0.9999999999985024,0.0,0.0,0.0,0.0,1.0,21.0,29.0,21.0,29.0,PF,Fixed-UCB-1.64sigma-Shield,276,5,0.6,0.6,0.6,0.6,0.6
4,4,1,1,0.0,0.0,0.76313806,0.76313806,0.9999999999986896,0.0,0.0,0.0,0.0,1.0,39.0,11.0,39.0,11.0,Greedy-SLA,Full-CertiTwin-q90,276,5,0.6,0.6,0.6,0.6,0.6
4,4,1,1,0.0,0.0,0.76313806,0.76313806,0.9999999999986896,0.0,0.0,0.0,0.0,1.0,39.0,11.0,39.0,11.0,Greedy-SLA,SLA-Rule-Shield,276,5,0.6,0.6,0.6,0.6,0.6
4,4,1,1,0.0,0.0,0.76313806,0.76313806,0.9999999999986896,0.0,0.0,0.0,0.0,1.0,39.0,11.0,39.0,11.0,Greedy-SLA,Fixed-UCB-1sigma-Shield,276,5,0.6,0.6,0.6,0.6,0.6
4,4,1,1,0.0,0.0,0.76313806,0.76313806,0.9999999999986896,0.0,0.0,0.0,0.0,1.0,39.0,11.0,39.0,11.0,Greedy-SLA,Fixed-UCB-1.64sigma-Shield,276,5,0.6,0.6,0.6,0.6,0.6
4,4,1,1,0.0,0.0,0.76313806,0.76313806,0.9999999999986896,0.0,0.0,0.0,0.0,1.0,39.0,11.0,39.0,11.0,DT-Top1,Full-CertiTwin-q90,276,5,0.6,0.6,0.6,0.6,0.6
4,4,1,1,0.0,0.0,0.76313806,0.76313806,0.9999999999986896,0.0,0.0,0.0,0.0,1.0,39.0,11.0,39.0,11.0,DT-Top1,SLA-Rule-Shield,276,5,0.6,0.6,0.6,0.6,0.6
4,4,1,1,0.0,0.0,0.76313806,0.76313806,0.9999999999986896,0.0,0.0,0.0,0.0,1.0,39.0,11.0,39.0,11.0,DT-Top1,Fixed-UCB-1sigma-Shield,276,5,0.6,0.6,0.6,0.6,0.6
4,4,1,1,0.0,0.0,0.76313806,0.76313806,0.9999999999986896,0.0,0.0,0.0,0.0,1.0,39.0,11.0,39.0,11.0,DT-Top1,Fixed-UCB-1.64sigma-Shield,276,5,0.6,0.6,0.6,0.6,0.6
2,2,1,1,0.0,0.0,0.6677499,0.6677499,0.9999999999985024,0.0,0.0,0.0,0.0,1.0,21.0,29.0,21.0,29.0,PF,Full-CertiTwin-q90,277,5,0.6,0.6,0.6,0.6,0.6
2,2,1,1,0.0,0.0,0.6677499,0.6677499,0.9999999999985024,0.0,0.0,0.0,0.0,1.0,21.0,29.0,21.0,29.0,PF,SLA-Rule-Shield,277,5,0.6,0.6,0.6,0.6,0.6
2,2,1,1,0.0,0.0,0.6677499,0.6677499,0.9999999999985024,0.0,0.0,0.0,0.0,1.0,21.0,29.0,21.0,29.0,PF,Fixed-UCB-1sigma-Shield,277,5,0.6,0.6,0.6,0.6,0.6
2,2,1,1,0.0,0.0,0.6677499,0.6677499,0.9999999999985024,0.0,0.0,0.0,0.0,1.0,21.0,29.0,21.0,29.0,PF,Fixed-UCB-1.64sigma-Shield,277,5,0.6,0.6,0.6,0.6,0.6
4,4,1,1,0.0,0.0,0.76313806,0.76313806,0.9999999999986896,0.0,0.0,0.0,0.0,1.0,39.0,11.0,39.0,11.0,Greedy-SLA,Full-CertiTwin-q90,277,5,0.6,0.6,0.6,0.6,0.6
4,4,1,1,0.0,0.0,0.76313806,0.76313806,0.9999999999986896,0.0,0.0,0.0,0.0,1.0,39.0,11.0,39.0,11.0,Greedy-SLA,SLA-Rule-Shield,277,5,0.6,0.6,0.6,0.6,0.6
4,4,1,1,0.0,0.0,0.76313806,0.76313806,0.9999999999986896,0.0,0.0,0.0,0.0,1.0,39.0,11.0,39.0,11.0,Greedy-SLA,Fixed-UCB-1sigma-Shield,277,5,0.6,0.6,0.6,0.6,0.6
4,4,1,1,0.0,0.0,0.76313806,0.76313806,0.9999999999986896,0.0,0.0,0.0,0.0,1.0,39.0,11.0,39.0,11.0,Greedy-SLA,Fixed-UCB-1.64sigma-Shield,277,5,0.6,0.6,0.6,0.6,0.6
0,2,0,1,1.0,0.0,0.76278657,0.6677499,0.875408569397236,1.0,21.0,0.0,0.0,1.0,0.0,29.0,21.0,29.0,DT-Top1,Full-CertiTwin-q90,277,5,0.6,0.6,0.6,0.6,0.6
0,4,0,1,1.0,0.0,0.76278657,0.76313806,1.000460797309265,1.0,57.0,0.0,0.0,1.0,0.0,29.0,39.0,11.0,DT-Top1,SLA-Rule-Shield,277,5,0.6,0.6,0.6,0.6,0.6
0,2,0,1,1.0,0.0,0.76278657,0.6677499,0.875408569397236,1.0,21.0,0.0,0.0,1.0,0.0,29.0,21.0,29.0,DT-Top1,Fixed-UCB-1sigma-Shield,277,5,0.6,0.6,0.6,0.6,0.6
0,2,0,1,1.0,0.0,0.76278657,0.6677499,0.875408569397236,1.0,21.0,0.0,0.0,1.0,0.0,29.0,21.0,29.0,DT-Top1,Fixed-UCB-1.64sigma-Shield,277,5,0.6,0.6,0.6,0.6,0.6
2,2,1,1,0.0,0.0,0.6677499,0.6677499,0.9999999999985024,0.0,0.0,0.0,0.0,1.0,21.0,29.0,21.0,29.0,PF,Full-CertiTwin-q90,278,5,0.6,0.6,0.6,0.6,0.6
2,2,1,1,0.0,0.0,0.6677499,0.6677499,0.9999999999985024,0.0,0.0,0.0,0.0,1.0,21.0,29.0,21.0,29.0,PF,SLA-Rule-Shield,278,5,0.6,0.6,0.6,0.6,0.6
2,2,1,1,0.0,0.0,0.6677499,0.6677499,0.9999999999985024,0.0,0.0,0.0,0.0,1.0,21.0,29.0,21.0,29.0,PF,Fixed-UCB-1sigma-Shield,278,5,0.6,0.6,0.6,0.6,0.6
2,2,1,1,0.0,0.0,0.6677499,0.6677499,0.9999999999985024,0.0,0.0,0.0,0.0,1.0,21.0,29.0,21.0,29.0,PF,Fixed-UCB-1.64sigma-Shield,278,5,0.6,0.6,0.6,0.6,0.6
0,2,0,1,1.0,0.0,0.76278657,0.6677499,0.875408569397236,1.0,21.0,0.0,0.0,1.0,0.0,29.0,21.0,29.0,Greedy-SLA,Full-CertiTwin-q90,278,5,0.6,0.6,0.6,0.6,0.6
0,4,0,1,1.0,0.0,0.76278657,0.76313806,1.000460797309265,1.0,57.0,0.0,0.0,1.0,0.0,29.0,39.0,11.0,Greedy-SLA,SLA-Rule-Shield,278,5,0.6,0.6,0.6,0.6,0.6
0,2,0,1,1.0,0.0,0.76278657,0.6677499,0.875408569397236,1.0,21.0,0.0,0.0,1.0,0.0,29.0,21.0,29.0,Greedy-SLA,Fixed-UCB-1sigma-Shield,278,5,0.6,0.6,0.6,0.6,0.6
0,2,0,1,1.0,0.0,0.76278657,0.6677499,0.875408569397236,1.0,21.0,0.0,0.0,1.0,0.0,29.0,21.0,29.0,Greedy-SLA,Fixed-UCB-1.64sigma-Shield,278,5,0.6,0.6,0.6,0.6,0.6
0,2,0,1,1.0,0.0,0.76278657,0.6677499,0.875408569397236,1.0,21.0,0.0,0.0,1.0,0.0,29.0,21.0,29.0,DT-Top1,Full-CertiTwin-q90,278,5,0.6,0.6,0.6,0.6,0.6
0,4,0,1,1.0,0.0,0.76278657,0.76313806,1.000460797309265,1.0,57.0,0.0,0.0,1.0,0.0,29.0,39.0,11.0,DT-Top1,SLA-Rule-Shield,278,5,0.6,0.6,0.6,0.6,0.6
0,2,0,1,1.0,0.0,0.76278657,0.6677499,0.875408569397236,1.0,21.0,0.0,0.0,1.0,0.0,29.0,21.0,29.0,DT-Top1,Fixed-UCB-1sigma-Shield,278,5,0.6,0.6,0.6,0.6,0.6
0,2,0,1,1.0,0.0,0.76278657,0.6677499,0.875408569397236,1.0,21.0,0.0,0.0,1.0,0.0,29.0,21.0,29.0,DT-Top1,Fixed-UCB-1.64sigma-Shield,278,5,0.6,0.6,0.6,0.6,0.6
2,2,1,1,0.0,0.0,0.6677499,0.6677499,0.9999999999985024,0.0,0.0,0.0,0.0,1.0,21.0,29.0,21.0,29.0,PF,Full-CertiTwin-q90,279,5,0.6,0.6,0.6,0.6,0.6
2,2,1,1,0.0,0.0,0.6677499,0.6677499,0.9999999999985024,0.0,0.0,0.0,0.0,1.0,21.0,29.0,21.0,29.0,PF,SLA-Rule-Shield,279,5,0.6,0.6,0.6,0.6,0.6
2,2,1,1,0.0,0.0,0.6677499,0.6677499,0.9999999999985024,0.0,0.0,0.0,0.0,1.0,21.0,29.0,21.0,29.0,PF,Fixed-UCB-1sigma-Shield,279,5,0.6,0.6,0.6,0.6,0.6
2,2,1,1,0.0,0.0,0.6677499,0.6677499,0.9999999999985024,0.0,0.0,0.0,0.0,1.0,21.0,29.0,21.0,29.0,PF,Fixed-UCB-1.64sigma-Shield,279,5,0.6,0.6,0.6,0.6,0.6
4,4,1,1,0.0,0.0,0.76313806,0.76313806,0.9999999999986896,0.0,0.0,0.0,0.0,1.0,39.0,11.0,39.0,11.0,Greedy-SLA,Full-CertiTwin-q90,279,5,0.6,0.6,0.6,0.6,0.6
4,4,1,1,0.0,0.0,0.76313806,0.76313806,0.9999999999986896,0.0,0.0,0.0,0.0,1.0,39.0,11.0,39.0,11.0,Greedy-SLA,SLA-Rule-Shield,279,5,0.6,0.6,0.6,0.6,0.6
4,4,1,1,0.0,0.0,0.76313806,0.76313806,0.9999999999986896,0.0,0.0,0.0,0.0,1.0,39.0,11.0,39.0,11.0,Greedy-SLA,Fixed-UCB-1sigma-Shield,279,5,0.6,0.6,0.6,0.6,0.6
4,4,1,1,0.0,0.0,0.76313806,0.76313806,0.9999999999986896,0.0,0.0,0.0,0.0,1.0,39.0,11.0,39.0,11.0,Greedy-SLA,Fixed-UCB-1.64sigma-Shield,279,5,0.6,0.6,0.6,0.6,0.6
0,2,0,1,1.0,0.0,0.76278657,0.6677499,0.875408569397236,1.0,21.0,0.0,0.0,1.0,0.0,29.0,21.0,29.0,DT-Top1,Full-CertiTwin-q90,279,5,0.6,0.6,0.6,0.6,0.6
0,4,0,1,1.0,0.0,0.76278657,0.76313806,1.000460797309265,1.0,57.0,0.0,0.0,1.0,0.0,29.0,39.0,11.0,DT-Top1,SLA-Rule-Shield,279,5,0.6,0.6,0.6,0.6,0.6
0,2,0,1,1.0,0.0,0.76278657,0.6677499,0.875408569397236,1.0,21.0,0.0,0.0,1.0,0.0,29.0,21.0,29.0,DT-Top1,Fixed-UCB-1sigma-Shield,279,5,0.6,0.6,0.6,0.6,0.6
0,2,0,1,1.0,0.0,0.76278657,0.6677499,0.875408569397236,1.0,21.0,0.0,0.0,1.0,0.0,29.0,21.0,29.0,DT-Top1,Fixed-UCB-1.64sigma-Shield,279,5,0.6,0.6,0.6,0.6,0.6
2,2,1,1,0.0,0.0,0.6677499,0.6677499,0.9999999999985024,0.0,0.0,0.0,0.0,1.0,21.0,29.0,21.0,29.0,PF,Full-CertiTwin-q90,280,5,0.6,0.6,0.6,0.6,0.6
2,2,1,1,0.0,0.0,0.6677499,0.6677499,0.9999999999985024,0.0,0.0,0.0,0.0,1.0,21.0,29.0,21.0,29.0,PF,SLA-Rule-Shield,280,5,0.6,0.6,0.6,0.6,0.6
2,2,1,1,0.0,0.0,0.6677499,0.6677499,0.9999999999985024,0.0,0.0,0.0,0.0,1.0,21.0,29.0,21.0,29.0,PF,Fixed-UCB-1sigma-Shield,280,5,0.6,0.6,0.6,0.6,0.6
2,2,1,1,0.0,0.0,0.6677499,0.6677499,0.9999999999985024,0.0,0.0,0.0,0.0,1.0,21.0,29.0,21.0,29.0,PF,Fixed-UCB-1.64sigma-Shield,280,5,0.6,0.6,0.6,0.6,0.6
4,4,1,1,0.0,0.0,0.76313806,0.76313806,0.9999999999986896,0.0,0.0,0.0,0.0,1.0,39.0,11.0,39.0,11.0,Greedy-SLA,Full-CertiTwin-q90,280,5,0.6,0.6,0.6,0.6,0.6
4,4,1,1,0.0,0.0,0.76313806,0.76313806,0.9999999999986896,0.0,0.0,0.0,0.0,1.0,39.0,11.0,39.0,11.0,Greedy-SLA,SLA-Rule-Shield,280,5,0.6,0.6,0.6,0.6,0.6
4,4,1,1,0.0,0.0,0.76313806,0.76313806,0.9999999999986896,0.0,0.0,0.0,0.0,1.0,39.0,11.0,39.0,11.0,Greedy-SLA,Fixed-UCB-1sigma-Shield,280,5,0.6,0.6,0.6,0.6,0.6
4,4,1,1,0.0,0.0,0.76313806,0.76313806,0.9999999999986896,0.0,0.0,0.0,0.0,1.0,39.0,11.0,39.0,11.0,Greedy-SLA,Fixed-UCB-1.64sigma-Shield,280,5,0.6,0.6,0.6,0.6,0.6
4,4,1,1,0.0,0.0,0.76313806,0.76313806,0.9999999999986896,0.0,0.0,0.0,0.0,1.0,39.0,11.0,39.0,11.0,DT-Top1,Full-CertiTwin-q90,280,5,0.6,0.6,0.6,0.6,0.6
4,4,1,1,0.0,0.0,0.76313806,0.76313806,0.9999999999986896,0.0,0.0,0.0,0.0,1.0,39.0,11.0,39.0,11.0,DT-Top1,SLA-Rule-Shield,280,5,0.6,0.6,0.6,0.6,0.6
4,4,1,1,0.0,0.0,0.76313806,0.76313806,0.9999999999986896,0.0,0.0,0.0,0.0,1.0,39.0,11.0,39.0,11.0,DT-Top1,Fixed-UCB-1sigma-Shield,280,5,0.6,0.6,0.6,0.6,0.6
4,4,1,1,0.0,0.0,0.76313806,0.76313806,0.9999999999986896,0.0,0.0,0.0,0.0,1.0,39.0,11.0,39.0,11.0,DT-Top1,Fixed-UCB-1.64sigma-Shield,280,5,0.6,0.6,0.6,0.6,0.6
2,2,1,1,0.0,0.0,0.6677499,0.6677499,0.9999999999985024,0.0,0.0,0.0,0.0,1.0,21.0,29.0,21.0,29.0,PF,Full-CertiTwin-q90,281,5,0.6,0.6,0.6,0.6,0.6
2,2,1,1,0.0,0.0,0.6677499,0.6677499,0.9999999999985024,0.0,0.0,0.0,0.0,1.0,21.0,29.0,21.0,29.0,PF,SLA-Rule-Shield,281,5,0.6,0.6,0.6,0.6,0.6
2,2,1,1,0.0,0.0,0.6677499,0.6677499,0.9999999999985024,0.0,0.0,0.0,0.0,1.0,21.0,29.0,21.0,29.0,PF,Fixed-UCB-1sigma-Shield,281,5,0.6,0.6,0.6,0.6,0.6
2,2,1,1,0.0,0.0,0.6677499,0.6677499,0.9999999999985024,0.0,0.0,0.0,0.0,1.0,21.0,29.0,21.0,29.0,PF,Fixed-UCB-1.64sigma-Shield,281,5,0.6,0.6,0.6,0.6,0.6
4,4,1,1,0.0,0.0,0.7777951,0.7777951,0.9999999999987144,0.0,0.0,0.0,0.0,1.0,39.0,11.0,39.0,11.0,Greedy-SLA,Full-CertiTwin-q90,281,5,0.6,0.6,0.6,0.6,0.6
4,4,1,1,0.0,0.0,0.7777951,0.7777951,0.9999999999987144,0.0,0.0,0.0,0.0,1.0,39.0,11.0,39.0,11.0,Greedy-SLA,SLA-Rule-Shield,281,5,0.6,0.6,0.6,0.6,0.6
4,4,1,1,0.0,0.0,0.7777951,0.7777951,0.9999999999987144,0.0,0.0,0.0,0.0,1.0,39.0,11.0,39.0,11.0,Greedy-SLA,Fixed-UCB-1sigma-Shield,281,5,0.6,0.6,0.6,0.6,0.6
4,4,1,1,0.0,0.0,0.7777951,0.7777951,0.9999999999987144,0.0,0.0,0.0,0.0,1.0,39.0,11.0,39.0,11.0,Greedy-SLA,Fixed-UCB-1.64sigma-Shield,281,5,0.6,0.6,0.6,0.6,0.6
0,2,0,1,1.0,0.0,0.76278657,0.6677499,0.875408569397236,1.0,21.0,0.0,0.0,1.0,0.0,29.0,21.0,29.0,DT-Top1,Full-CertiTwin-q90,281,5,0.6,0.6,0.6,0.6,0.6
0,4,0,1,1.0,0.0,0.76278657,0.7777951,1.0196759232388952,1.0,57.0,0.0,0.0,1.0,0.0,29.0,39.0,11.0,DT-Top1,SLA-Rule-Shield,281,5,0.6,0.6,0.6,0.6,0.6
0,2,0,1,1.0,0.0,0.76278657,0.6677499,0.875408569397236,1.0,21.0,0.0,0.0,1.0,0.0,29.0,21.0,29.0,DT-Top1,Fixed-UCB-1sigma-Shield,281,5,0.6,0.6,0.6,0.6,0.6
0,2,0,1,1.0,0.0,0.76278657,0.6677499,0.875408569397236,1.0,21.0,0.0,0.0,1.0,0.0,29.0,21.0,29.0,DT-Top1,Fixed-UCB-1.64sigma-Shield,281,5,0.6,0.6,0.6,0.6,0.6
2,2,1,1,0.0,0.0,0.6677499,0.6677499,0.9999999999985024,0.0,0.0,0.0,0.0,1.0,21.0,29.0,21.0,29.0,PF,Full-CertiTwin-q90,282,5,0.6,0.6,0.6,0.6,0.6
2,2,1,1,0.0,0.0,0.6677499,0.6677499,0.9999999999985024,0.0,0.0,0.0,0.0,1.0,21.0,29.0,21.0,29.0,PF,SLA-Rule-Shield,282,5,0.6,0.6,0.6,0.6,0.6
2,2,1,1,0.0,0.0,0.6677499,0.6677499,0.9999999999985024,0.0,0.0,0.0,0.0,1.0,21.0,29.0,21.0,29.0,PF,Fixed-UCB-1sigma-Shield,282,5,0.6,0.6,0.6,0.6,0.6
2,2,1,1,0.0,0.0,0.6677499,0.6677499,0.9999999999985024,0.0,0.0,0.0,0.0,1.0,21.0,29.0,21.0,29.0,PF,Fixed-UCB-1.64sigma-Shield,282,5,0.6,0.6,0.6,0.6,0.6
4,4,1,1,0.0,0.0,0.76313806,0.76313806,0.9999999999986896,0.0,0.0,0.0,0.0,1.0,39.0,11.0,39.0,11.0,Greedy-SLA,Full-CertiTwin-q90,282,5,0.6,0.6,0.6,0.6,0.6
4,4,1,1,0.0,0.0,0.76313806,0.76313806,0.9999999999986896,0.0,0.0,0.0,0.0,1.0,39.0,11.0,39.0,11.0,Greedy-SLA,SLA-Rule-Shield,282,5,0.6,0.6,0.6,0.6,0.6
4,4,1,1,0.0,0.0,0.76313806,0.76313806,0.9999999999986896,0.0,0.0,0.0,0.0,1.0,39.0,11.0,39.0,11.0,Greedy-SLA,Fixed-UCB-1sigma-Shield,282,5,0.6,0.6,0.6,0.6,0.6
4,4,1,1,0.0,0.0,0.76313806,0.76313806,0.9999999999986896,0.0,0.0,0.0,0.0,1.0,39.0,11.0,39.0,11.0,Greedy-SLA,Fixed-UCB-1.64sigma-Shield,282,5,0.6,0.6,0.6,0.6,0.6
0,2,0,1,1.0,0.0,0.77741534,0.6677499,0.8589358424534574,1.0,21.0,0.0,0.0,1.0,0.0,29.0,21.0,29.0,DT-Top1,Full-CertiTwin-q90,282,5,0.6,0.6,0.6,0.6,0.6
0,4,0,1,1.0,0.0,0.77741534,0.76313806,0.981634939180668,1.0,57.0,0.0,0.0,1.0,0.0,29.0,39.0,11.0,DT-Top1,SLA-Rule-Shield,282,5,0.6,0.6,0.6,0.6,0.6
0,2,0,1,1.0,0.0,0.77741534,0.6677499,0.8589358424534574,1.0,21.0,0.0,0.0,1.0,0.0,29.0,21.0,29.0,DT-Top1,Fixed-UCB-1sigma-Shield,282,5,0.6,0.6,0.6,0.6,0.6
0,2,0,1,1.0,0.0,0.77741534,0.6677499,0.8589358424534574,1.0,21.0,0.0,0.0,1.0,0.0,29.0,21.0,29.0,DT-Top1,Fixed-UCB-1.64sigma-Shield,282,5,0.6,0.6,0.6,0.6,0.6
2,2,1,1,0.0,0.0,0.65129316,0.65129316,0.9999999999984648,0.0,0.0,0.0,0.0,1.0,21.0,29.0,21.0,29.0,PF,Full-CertiTwin-q90,283,5,0.6,0.6,0.6,0.6,0.6
2,2,1,1,0.0,0.0,0.65129316,0.65129316,0.9999999999984648,0.0,0.0,0.0,0.0,1.0,21.0,29.0,21.0,29.0,PF,SLA-Rule-Shield,283,5,0.6,0.6,0.6,0.6,0.6
2,2,1,1,0.0,0.0,0.65129316,0.65129316,0.9999999999984648,0.0,0.0,0.0,0.0,1.0,21.0,29.0,21.0,29.0,PF,Fixed-UCB-1sigma-Shield,283,5,0.6,0.6,0.6,0.6,0.6
2,2,1,1,0.0,0.0,0.65129316,0.65129316,0.9999999999984648,0.0,0.0,0.0,0.0,1.0,21.0,29.0,21.0,29.0,PF,Fixed-UCB-1.64sigma-Shield,283,5,0.6,0.6,0.6,0.6,0.6
4,4,1,1,0.0,0.0,0.76313806,0.76313806,0.9999999999986896,0.0,0.0,0.0,0.0,1.0,39.0,11.0,39.0,11.0,Greedy-SLA,Full-CertiTwin-q90,283,5,0.6,0.6,0.6,0.6,0.6
4,4,1,1,0.0,0.0,0.76313806,0.76313806,0.9999999999986896,0.0,0.0,0.0,0.0,1.0,39.0,11.0,39.0,11.0,Greedy-SLA,SLA-Rule-Shield,283,5,0.6,0.6,0.6,0.6,0.6
4,4,1,1,0.0,0.0,0.76313806,0.76313806,0.9999999999986896,0.0,0.0,0.0,0.0,1.0,39.0,11.0,39.0,11.0,Greedy-SLA,Fixed-UCB-1sigma-Shield,283,5,0.6,0.6,0.6,0.6,0.6
4,4,1,1,0.0,0.0,0.76313806,0.76313806,0.9999999999986896,0.0,0.0,0.0,0.0,1.0,39.0,11.0,39.0,11.0,Greedy-SLA,Fixed-UCB-1.64sigma-Shield,283,5,0.6,0.6,0.6,0.6,0.6
4,4,1,1,0.0,0.0,0.76313806,0.76313806,0.9999999999986896,0.0,0.0,0.0,0.0,1.0,39.0,11.0,39.0,11.0,DT-Top1,Full-CertiTwin-q90,283,5,0.6,0.6,0.6,0.6,0.6
4,4,1,1,0.0,0.0,0.76313806,0.76313806,0.9999999999986896,0.0,0.0,0.0,0.0,1.0,39.0,11.0,39.0,11.0,DT-Top1,SLA-Rule-Shield,283,5,0.6,0.6,0.6,0.6,0.6
4,4,1,1,0.0,0.0,0.76313806,0.76313806,0.9999999999986896,0.0,0.0,0.0,0.0,1.0,39.0,11.0,39.0,11.0,DT-Top1,Fixed-UCB-1sigma-Shield,283,5,0.6,0.6,0.6,0.6,0.6
4,4,1,1,0.0,0.0,0.76313806,0.76313806,0.9999999999986896,0.0,0.0,0.0,0.0,1.0,39.0,11.0,39.0,11.0,DT-Top1,Fixed-UCB-1.64sigma-Shield,283,5,0.6,0.6,0.6,0.6,0.6
2,2,1,1,0.0,0.0,0.65129316,0.65129316,0.9999999999984648,0.0,0.0,0.0,0.0,1.0,21.0,29.0,21.0,29.0,PF,Full-CertiTwin-q90,284,5,0.6,0.6,0.6,0.6,0.6
2,2,1,1,0.0,0.0,0.65129316,0.65129316,0.9999999999984648,0.0,0.0,0.0,0.0,1.0,21.0,29.0,21.0,29.0,PF,SLA-Rule-Shield,284,5,0.6,0.6,0.6,0.6,0.6
2,2,1,1,0.0,0.0,0.65129316,0.65129316,0.9999999999984648,0.0,0.0,0.0,0.0,1.0,21.0,29.0,21.0,29.0,PF,Fixed-UCB-1sigma-Shield,284,5,0.6,0.6,0.6,0.6,0.6
2,2,1,1,0.0,0.0,0.65129316,0.65129316,0.9999999999984648,0.0,0.0,0.0,0.0,1.0,21.0,29.0,21.0,29.0,PF,Fixed-UCB-1.64sigma-Shield,284,5,0.6,0.6,0.6,0.6,0.6
4,4,1,1,0.0,0.0,0.76313806,0.76313806,0.9999999999986896,0.0,0.0,0.0,0.0,1.0,39.0,11.0,39.0,11.0,Greedy-SLA,Full-CertiTwin-q90,284,5,0.6,0.6,0.6,0.6,0.6
4,4,1,1,0.0,0.0,0.76313806,0.76313806,0.9999999999986896,0.0,0.0,0.0,0.0,1.0,39.0,11.0,39.0,11.0,Greedy-SLA,SLA-Rule-Shield,284,5,0.6,0.6,0.6,0.6,0.6
4,4,1,1,0.0,0.0,0.76313806,0.76313806,0.9999999999986896,0.0,0.0,0.0,0.0,1.0,39.0,11.0,39.0,11.0,Greedy-SLA,Fixed-UCB-1sigma-Shield,284,5,0.6,0.6,0.6,0.6,0.6
4,4,1,1,0.0,0.0,0.76313806,0.76313806,0.9999999999986896,0.0,0.0,0.0,0.0,1.0,39.0,11.0,39.0,11.0,Greedy-SLA,Fixed-UCB-1.64sigma-Shield,284,5,0.6,0.6,0.6,0.6,0.6
4,4,1,1,0.0,0.0,0.76313806,0.76313806,0.9999999999986896,0.0,0.0,0.0,0.0,1.0,39.0,11.0,39.0,11.0,DT-Top1,Full-CertiTwin-q90,284,5,0.6,0.6,0.6,0.6,0.6
4,4,1,1,0.0,0.0,0.76313806,0.76313806,0.9999999999986896,0.0,0.0,0.0,0.0,1.0,39.0,11.0,39.0,11.0,DT-Top1,SLA-Rule-Shield,284,5,0.6,0.6,0.6,0.6,0.6
4,4,1,1,0.0,0.0,0.76313806,0.76313806,0.9999999999986896,0.0,0.0,0.0,0.0,1.0,39.0,11.0,39.0,11.0,DT-Top1,Fixed-UCB-1sigma-Shield,284,5,0.6,0.6,0.6,0.6,0.6
4,4,1,1,0.0,0.0,0.76313806,0.76313806,0.9999999999986896,0.0,0.0,0.0,0.0,1.0,39.0,11.0,39.0,11.0,DT-Top1,Fixed-UCB-1.64sigma-Shield,284,5,0.6,0.6,0.6,0.6,0.6
2,2,1,1,0.0,0.0,0.6677499,0.6677499,0.9999999999985024,0.0,0.0,0.0,0.0,1.0,21.0,29.0,21.0,29.0,PF,Full-CertiTwin-q90,285,5,0.6,0.6,0.6,0.6,0.6
2,2,1,1,0.0,0.0,0.6677499,0.6677499,0.9999999999985024,0.0,0.0,0.0,0.0,1.0,21.0,29.0,21.0,29.0,PF,SLA-Rule-Shield,285,5,0.6,0.6,0.6,0.6,0.6
2,2,1,1,0.0,0.0,0.6677499,0.6677499,0.9999999999985024,0.0,0.0,0.0,0.0,1.0,21.0,29.0,21.0,29.0,PF,Fixed-UCB-1sigma-Shield,285,5,0.6,0.6,0.6,0.6,0.6
2,2,1,1,0.0,0.0,0.6677499,0.6677499,0.9999999999985024,0.0,0.0,0.0,0.0,1.0,21.0,29.0,21.0,29.0,PF,Fixed-UCB-1.64sigma-Shield,285,5,0.6,0.6,0.6,0.6,0.6
4,4,1,1,0.0,0.0,0.7566483,0.7566483,0.9999999999986784,0.0,0.0,0.0,0.0,1.0,39.0,11.0,39.0,11.0,Greedy-SLA,Full-CertiTwin-q90,285,5,0.6,0.6,0.6,0.6,0.6
4,4,1,1,0.0,0.0,0.7566483,0.7566483,0.9999999999986784,0.0,0.0,0.0,0.0,1.0,39.0,11.0,39.0,11.0,Greedy-SLA,SLA-Rule-Shield,285,5,0.6,0.6,0.6,0.6,0.6
4,4,1,1,0.0,0.0,0.7566483,0.7566483,0.9999999999986784,0.0,0.0,0.0,0.0,1.0,39.0,11.0,39.0,11.0,Greedy-SLA,Fixed-UCB-1sigma-Shield,285,5,0.6,0.6,0.6,0.6,0.6
4,4,1,1,0.0,0.0,0.7566483,0.7566483,0.9999999999986784,0.0,0.0,0.0,0.0,1.0,39.0,11.0,39.0,11.0,Greedy-SLA,Fixed-UCB-1.64sigma-Shield,285,5,0.6,0.6,0.6,0.6,0.6
0,2,0,1,1.0,0.0,0.76278657,0.6677499,0.875408569397236,1.0,21.0,0.0,0.0,1.0,0.0,29.0,21.0,29.0,DT-Top1,Full-CertiTwin-q90,285,5,0.6,0.6,0.6,0.6,0.6
0,4,0,1,1.0,0.0,0.76278657,0.7566483,0.9919528341971308,1.0,57.0,0.0,0.0,1.0,0.0,29.0,39.0,11.0,DT-Top1,SLA-Rule-Shield,285,5,0.6,0.6,0.6,0.6,0.6
0,2,0,1,1.0,0.0,0.76278657,0.6677499,0.875408569397236,1.0,21.0,0.0,0.0,1.0,0.0,29.0,21.0,29.0,DT-Top1,Fixed-UCB-1sigma-Shield,285,5,0.6,0.6,0.6,0.6,0.6
0,2,0,1,1.0,0.0,0.76278657,0.6677499,0.875408569397236,1.0,21.0,0.0,0.0,1.0,0.0,29.0,21.0,29.0,DT-Top1,Fixed-UCB-1.64sigma-Shield,285,5,0.6,0.6,0.6,0.6,0.6
2,2,1,1,0.0,0.0,0.6677499,0.6677499,0.9999999999985024,0.0,0.0,0.0,0.0,1.0,21.0,29.0,21.0,29.0,PF,Full-CertiTwin-q90,286,5,0.6,0.6,0.6,0.6,0.6
2,2,1,1,0.0,0.0,0.6677499,0.6677499,0.9999999999985024,0.0,0.0,0.0,0.0,1.0,21.0,29.0,21.0,29.0,PF,SLA-Rule-Shield,286,5,0.6,0.6,0.6,0.6,0.6
2,2,1,1,0.0,0.0,0.6677499,0.6677499,0.9999999999985024,0.0,0.0,0.0,0.0,1.0,21.0,29.0,21.0,29.0,PF,Fixed-UCB-1sigma-Shield,286,5,0.6,0.6,0.6,0.6,0.6
2,2,1,1,0.0,0.0,0.6677499,0.6677499,0.9999999999985024,0.0,0.0,0.0,0.0,1.0,21.0,29.0,21.0,29.0,PF,Fixed-UCB-1.64sigma-Shield,286,5,0.6,0.6,0.6,0.6,0.6
0,2,0,1,1.0,0.0,0.76278657,0.6677499,0.875408569397236,1.0,21.0,0.0,0.0,1.0,0.0,29.0,21.0,29.0,Greedy-SLA,Full-CertiTwin-q90,286,5,0.6,0.6,0.6,0.6,0.6
0,4,0,1,1.0,0.0,0.76278657,0.76313806,1.000460797309265,1.0,57.0,0.0,0.0,1.0,0.0,29.0,39.0,11.0,Greedy-SLA,SLA-Rule-Shield,286,5,0.6,0.6,0.6,0.6,0.6
0,2,0,1,1.0,0.0,0.76278657,0.6677499,0.875408569397236,1.0,21.0,0.0,0.0,1.0,0.0,29.0,21.0,29.0,Greedy-SLA,Fixed-UCB-1sigma-Shield,286,5,0.6,0.6,0.6,0.6,0.6
0,2,0,1,1.0,0.0,0.76278657,0.6677499,0.875408569397236,1.0,21.0,0.0,0.0,1.0,0.0,29.0,21.0,29.0,Greedy-SLA,Fixed-UCB-1.64sigma-Shield,286,5,0.6,0.6,0.6,0.6,0.6
0,2,0,1,1.0,0.0,0.76278657,0.6677499,0.875408569397236,1.0,21.0,0.0,0.0,1.0,0.0,29.0,21.0,29.0,DT-Top1,Full-CertiTwin-q90,286,5,0.6,0.6,0.6,0.6,0.6
0,4,0,1,1.0,0.0,0.76278657,0.76313806,1.000460797309265,1.0,57.0,0.0,0.0,1.0,0.0,29.0,39.0,11.0,DT-Top1,SLA-Rule-Shield,286,5,0.6,0.6,0.6,0.6,0.6
0,2,0,1,1.0,0.0,0.76278657,0.6677499,0.875408569397236,1.0,21.0,0.0,0.0,1.0,0.0,29.0,21.0,29.0,DT-Top1,Fixed-UCB-1sigma-Shield,286,5,0.6,0.6,0.6,0.6,0.6
0,2,0,1,1.0,0.0,0.76278657,0.6677499,0.875408569397236,1.0,21.0,0.0,0.0,1.0,0.0,29.0,21.0,29.0,DT-Top1,Fixed-UCB-1.64sigma-Shield,286,5,0.6,0.6,0.6,0.6,0.6
2,2,1,1,0.0,0.0,0.6677499,0.6677499,0.9999999999985024,0.0,0.0,0.0,0.0,1.0,21.0,29.0,21.0,29.0,PF,Full-CertiTwin-q90,287,5,0.6,0.6,0.6,0.6,0.6
2,2,1,1,0.0,0.0,0.6677499,0.6677499,0.9999999999985024,0.0,0.0,0.0,0.0,1.0,21.0,29.0,21.0,29.0,PF,SLA-Rule-Shield,287,5,0.6,0.6,0.6,0.6,0.6
2,2,1,1,0.0,0.0,0.6677499,0.6677499,0.9999999999985024,0.0,0.0,0.0,0.0,1.0,21.0,29.0,21.0,29.0,PF,Fixed-UCB-1sigma-Shield,287,5,0.6,0.6,0.6,0.6,0.6
2,2,1,1,0.0,0.0,0.6677499,0.6677499,0.9999999999985024,0.0,0.0,0.0,0.0,1.0,21.0,29.0,21.0,29.0,PF,Fixed-UCB-1.64sigma-Shield,287,5,0.6,0.6,0.6,0.6,0.6
0,2,0,1,1.0,0.0,0.76278657,0.6677499,0.875408569397236,1.0,21.0,0.0,0.0,1.0,0.0,29.0,21.0,29.0,Greedy-SLA,Full-CertiTwin-q90,287,5,0.6,0.6,0.6,0.6,0.6
0,4,0,1,1.0,0.0,0.76278657,0.76313806,1.000460797309265,1.0,57.0,0.0,0.0,1.0,0.0,29.0,39.0,11.0,Greedy-SLA,SLA-Rule-Shield,287,5,0.6,0.6,0.6,0.6,0.6
0,2,0,1,1.0,0.0,0.76278657,0.6677499,0.875408569397236,1.0,21.0,0.0,0.0,1.0,0.0,29.0,21.0,29.0,Greedy-SLA,Fixed-UCB-1sigma-Shield,287,5,0.6,0.6,0.6,0.6,0.6
0,2,0,1,1.0,0.0,0.76278657,0.6677499,0.875408569397236,1.0,21.0,0.0,0.0,1.0,0.0,29.0,21.0,29.0,Greedy-SLA,Fixed-UCB-1.64sigma-Shield,287,5,0.6,0.6,0.6,0.6,0.6
0,2,0,1,1.0,0.0,0.76278657,0.6677499,0.875408569397236,1.0,21.0,0.0,0.0,1.0,0.0,29.0,21.0,29.0,DT-Top1,Full-CertiTwin-q90,287,5,0.6,0.6,0.6,0.6,0.6
0,4,0,1,1.0,0.0,0.76278657,0.76313806,1.000460797309265,1.0,57.0,0.0,0.0,1.0,0.0,29.0,39.0,11.0,DT-Top1,SLA-Rule-Shield,287,5,0.6,0.6,0.6,0.6,0.6
0,2,0,1,1.0,0.0,0.76278657,0.6677499,0.875408569397236,1.0,21.0,0.0,0.0,1.0,0.0,29.0,21.0,29.0,DT-Top1,Fixed-UCB-1sigma-Shield,287,5,0.6,0.6,0.6,0.6,0.6
0,2,0,1,1.0,0.0,0.76278657,0.6677499,0.875408569397236,1.0,21.0,0.0,0.0,1.0,0.0,29.0,21.0,29.0,DT-Top1,Fixed-UCB-1.64sigma-Shield,287,5,0.6,0.6,0.6,0.6,0.6
2,2,1,1,0.0,0.0,0.6677499,0.6677499,0.9999999999985024,0.0,0.0,0.0,0.0,1.0,21.0,29.0,21.0,29.0,PF,Full-CertiTwin-q90,288,5,0.6,0.6,0.6,0.6,0.6
2,2,1,1,0.0,0.0,0.6677499,0.6677499,0.9999999999985024,0.0,0.0,0.0,0.0,1.0,21.0,29.0,21.0,29.0,PF,SLA-Rule-Shield,288,5,0.6,0.6,0.6,0.6,0.6
2,2,1,1,0.0,0.0,0.6677499,0.6677499,0.9999999999985024,0.0,0.0,0.0,0.0,1.0,21.0,29.0,21.0,29.0,PF,Fixed-UCB-1sigma-Shield,288,5,0.6,0.6,0.6,0.6,0.6
2,2,1,1,0.0,0.0,0.6677499,0.6677499,0.9999999999985024,0.0,0.0,0.0,0.0,1.0,21.0,29.0,21.0,29.0,PF,Fixed-UCB-1.64sigma-Shield,288,5,0.6,0.6,0.6,0.6,0.6
4,4,1,1,0.0,0.0,0.76313806,0.76313806,0.9999999999986896,0.0,0.0,0.0,0.0,1.0,39.0,11.0,39.0,11.0,Greedy-SLA,Full-CertiTwin-q90,288,5,0.6,0.6,0.6,0.6,0.6
4,4,1,1,0.0,0.0,0.76313806,0.76313806,0.9999999999986896,0.0,0.0,0.0,0.0,1.0,39.0,11.0,39.0,11.0,Greedy-SLA,SLA-Rule-Shield,288,5,0.6,0.6,0.6,0.6,0.6
4,4,1,1,0.0,0.0,0.76313806,0.76313806,0.9999999999986896,0.0,0.0,0.0,0.0,1.0,39.0,11.0,39.0,11.0,Greedy-SLA,Fixed-UCB-1sigma-Shield,288,5,0.6,0.6,0.6,0.6,0.6
4,4,1,1,0.0,0.0,0.76313806,0.76313806,0.9999999999986896,0.0,0.0,0.0,0.0,1.0,39.0,11.0,39.0,11.0,Greedy-SLA,Fixed-UCB-1.64sigma-Shield,288,5,0.6,0.6,0.6,0.6,0.6
0,2,0,1,1.0,0.0,0.77741534,0.6677499,0.8589358424534574,1.0,21.0,0.0,0.0,1.0,0.0,29.0,21.0,29.0,DT-Top1,Full-CertiTwin-q90,288,5,0.6,0.6,0.6,0.6,0.6
0,4,0,1,1.0,0.0,0.77741534,0.76313806,0.981634939180668,1.0,57.0,0.0,0.0,1.0,0.0,29.0,39.0,11.0,DT-Top1,SLA-Rule-Shield,288,5,0.6,0.6,0.6,0.6,0.6
0,2,0,1,1.0,0.0,0.77741534,0.6677499,0.8589358424534574,1.0,21.0,0.0,0.0,1.0,0.0,29.0,21.0,29.0,DT-Top1,Fixed-UCB-1sigma-Shield,288,5,0.6,0.6,0.6,0.6,0.6
0,2,0,1,1.0,0.0,0.77741534,0.6677499,0.8589358424534574,1.0,21.0,0.0,0.0,1.0,0.0,29.0,21.0,29.0,DT-Top1,Fixed-UCB-1.64sigma-Shield,288,5,0.6,0.6,0.6,0.6,0.6
2,2,1,1,0.0,0.0,0.65129316,0.65129316,0.9999999999984648,0.0,0.0,0.0,0.0,1.0,21.0,29.0,21.0,29.0,PF,Full-CertiTwin-q90,289,5,0.6,0.6,0.6,0.6,0.6
2,2,1,1,0.0,0.0,0.65129316,0.65129316,0.9999999999984648,0.0,0.0,0.0,0.0,1.0,21.0,29.0,21.0,29.0,PF,SLA-Rule-Shield,289,5,0.6,0.6,0.6,0.6,0.6
2,2,1,1,0.0,0.0,0.65129316,0.65129316,0.9999999999984648,0.0,0.0,0.0,0.0,1.0,21.0,29.0,21.0,29.0,PF,Fixed-UCB-1sigma-Shield,289,5,0.6,0.6,0.6,0.6,0.6
2,2,1,1,0.0,0.0,0.65129316,0.65129316,0.9999999999984648,0.0,0.0,0.0,0.0,1.0,21.0,29.0,21.0,29.0,PF,Fixed-UCB-1.64sigma-Shield,289,5,0.6,0.6,0.6,0.6,0.6
4,4,1,1,0.0,0.0,0.76313806,0.76313806,0.9999999999986896,0.0,0.0,0.0,0.0,1.0,39.0,11.0,39.0,11.0,Greedy-SLA,Full-CertiTwin-q90,289,5,0.6,0.6,0.6,0.6,0.6
4,4,1,1,0.0,0.0,0.76313806,0.76313806,0.9999999999986896,0.0,0.0,0.0,0.0,1.0,39.0,11.0,39.0,11.0,Greedy-SLA,SLA-Rule-Shield,289,5,0.6,0.6,0.6,0.6,0.6
4,4,1,1,0.0,0.0,0.76313806,0.76313806,0.9999999999986896,0.0,0.0,0.0,0.0,1.0,39.0,11.0,39.0,11.0,Greedy-SLA,Fixed-UCB-1sigma-Shield,289,5,0.6,0.6,0.6,0.6,0.6
4,4,1,1,0.0,0.0,0.76313806,0.76313806,0.9999999999986896,0.0,0.0,0.0,0.0,1.0,39.0,11.0,39.0,11.0,Greedy-SLA,Fixed-UCB-1.64sigma-Shield,289,5,0.6,0.6,0.6,0.6,0.6
0,2,0,1,1.0,0.0,0.76278657,0.65129316,0.8538340678954877,1.0,21.0,0.0,0.0,1.0,0.0,29.0,21.0,29.0,DT-Top1,Full-CertiTwin-q90,289,5,0.6,0.6,0.6,0.6,0.6
0,4,0,1,1.0,0.0,0.76278657,0.76313806,1.000460797309265,1.0,57.0,0.0,0.0,1.0,0.0,29.0,39.0,11.0,DT-Top1,SLA-Rule-Shield,289,5,0.6,0.6,0.6,0.6,0.6
0,2,0,1,1.0,0.0,0.76278657,0.65129316,0.8538340678954877,1.0,21.0,0.0,0.0,1.0,0.0,29.0,21.0,29.0,DT-Top1,Fixed-UCB-1sigma-Shield,289,5,0.6,0.6,0.6,0.6,0.6
0,2,0,1,1.0,0.0,0.76278657,0.65129316,0.8538340678954877,1.0,21.0,0.0,0.0,1.0,0.0,29.0,21.0,29.0,DT-Top1,Fixed-UCB-1.64sigma-Shield,289,5,0.6,0.6,0.6,0.6,0.6
2,2,1,1,0.0,0.0,0.6677499,0.6677499,0.9999999999985024,0.0,0.0,0.0,0.0,1.0,21.0,29.0,21.0,29.0,PF,Full-CertiTwin-q90,290,5,0.6,0.6,0.6,0.6,0.6
2,2,1,1,0.0,0.0,0.6677499,0.6677499,0.9999999999985024,0.0,0.0,0.0,0.0,1.0,21.0,29.0,21.0,29.0,PF,SLA-Rule-Shield,290,5,0.6,0.6,0.6,0.6,0.6
2,2,1,1,0.0,0.0,0.6677499,0.6677499,0.9999999999985024,0.0,0.0,0.0,0.0,1.0,21.0,29.0,21.0,29.0,PF,Fixed-UCB-1sigma-Shield,290,5,0.6,0.6,0.6,0.6,0.6
2,2,1,1,0.0,0.0,0.6677499,0.6677499,0.9999999999985024,0.0,0.0,0.0,0.0,1.0,21.0,29.0,21.0,29.0,PF,Fixed-UCB-1.64sigma-Shield,290,5,0.6,0.6,0.6,0.6,0.6
4,4,1,1,0.0,0.0,0.76313806,0.76313806,0.9999999999986896,0.0,0.0,0.0,0.0,1.0,39.0,11.0,39.0,11.0,Greedy-SLA,Full-CertiTwin-q90,290,5,0.6,0.6,0.6,0.6,0.6
4,4,1,1,0.0,0.0,0.76313806,0.76313806,0.9999999999986896,0.0,0.0,0.0,0.0,1.0,39.0,11.0,39.0,11.0,Greedy-SLA,SLA-Rule-Shield,290,5,0.6,0.6,0.6,0.6,0.6
4,4,1,1,0.0,0.0,0.76313806,0.76313806,0.9999999999986896,0.0,0.0,0.0,0.0,1.0,39.0,11.0,39.0,11.0,Greedy-SLA,Fixed-UCB-1sigma-Shield,290,5,0.6,0.6,0.6,0.6,0.6
4,4,1,1,0.0,0.0,0.76313806,0.76313806,0.9999999999986896,0.0,0.0,0.0,0.0,1.0,39.0,11.0,39.0,11.0,Greedy-SLA,Fixed-UCB-1.64sigma-Shield,290,5,0.6,0.6,0.6,0.6,0.6
4,4,1,1,0.0,0.0,0.76313806,0.76313806,0.9999999999986896,0.0,0.0,0.0,0.0,1.0,39.0,11.0,39.0,11.0,DT-Top1,Full-CertiTwin-q90,290,5,0.6,0.6,0.6,0.6,0.6
4,4,1,1,0.0,0.0,0.76313806,0.76313806,0.9999999999986896,0.0,0.0,0.0,0.0,1.0,39.0,11.0,39.0,11.0,DT-Top1,SLA-Rule-Shield,290,5,0.6,0.6,0.6,0.6,0.6
4,4,1,1,0.0,0.0,0.76313806,0.76313806,0.9999999999986896,0.0,0.0,0.0,0.0,1.0,39.0,11.0,39.0,11.0,DT-Top1,Fixed-UCB-1sigma-Shield,290,5,0.6,0.6,0.6,0.6,0.6
4,4,1,1,0.0,0.0,0.76313806,0.76313806,0.9999999999986896,0.0,0.0,0.0,0.0,1.0,39.0,11.0,39.0,11.0,DT-Top1,Fixed-UCB-1.64sigma-Shield,290,5,0.6,0.6,0.6,0.6,0.6
2,2,1,1,0.0,0.0,0.6677499,0.6677499,0.9999999999985024,0.0,0.0,0.0,0.0,1.0,21.0,29.0,21.0,29.0,PF,Full-CertiTwin-q90,291,5,0.6,0.6,0.6,0.6,0.6
2,2,1,1,0.0,0.0,0.6677499,0.6677499,0.9999999999985024,0.0,0.0,0.0,0.0,1.0,21.0,29.0,21.0,29.0,PF,SLA-Rule-Shield,291,5,0.6,0.6,0.6,0.6,0.6
2,2,1,1,0.0,0.0,0.6677499,0.6677499,0.9999999999985024,0.0,0.0,0.0,0.0,1.0,21.0,29.0,21.0,29.0,PF,Fixed-UCB-1sigma-Shield,291,5,0.6,0.6,0.6,0.6,0.6
2,2,1,1,0.0,0.0,0.6677499,0.6677499,0.9999999999985024,0.0,0.0,0.0,0.0,1.0,21.0,29.0,21.0,29.0,PF,Fixed-UCB-1.64sigma-Shield,291,5,0.6,0.6,0.6,0.6,0.6
4,4,1,1,0.0,0.0,0.76313806,0.76313806,0.9999999999986896,0.0,0.0,0.0,0.0,1.0,39.0,11.0,39.0,11.0,Greedy-SLA,Full-CertiTwin-q90,291,5,0.6,0.6,0.6,0.6,0.6
4,4,1,1,0.0,0.0,0.76313806,0.76313806,0.9999999999986896,0.0,0.0,0.0,0.0,1.0,39.0,11.0,39.0,11.0,Greedy-SLA,SLA-Rule-Shield,291,5,0.6,0.6,0.6,0.6,0.6
4,4,1,1,0.0,0.0,0.76313806,0.76313806,0.9999999999986896,0.0,0.0,0.0,0.0,1.0,39.0,11.0,39.0,11.0,Greedy-SLA,Fixed-UCB-1sigma-Shield,291,5,0.6,0.6,0.6,0.6,0.6
4,4,1,1,0.0,0.0,0.76313806,0.76313806,0.9999999999986896,0.0,0.0,0.0,0.0,1.0,39.0,11.0,39.0,11.0,Greedy-SLA,Fixed-UCB-1.64sigma-Shield,291,5,0.6,0.6,0.6,0.6,0.6
0,2,0,1,1.0,0.0,0.76278657,0.6677499,0.875408569397236,1.0,21.0,0.0,0.0,1.0,0.0,29.0,21.0,29.0,DT-Top1,Full-CertiTwin-q90,291,5,0.6,0.6,0.6,0.6,0.6
0,4,0,1,1.0,0.0,0.76278657,0.76313806,1.000460797309265,1.0,57.0,0.0,0.0,1.0,0.0,29.0,39.0,11.0,DT-Top1,SLA-Rule-Shield,291,5,0.6,0.6,0.6,0.6,0.6
0,2,0,1,1.0,0.0,0.76278657,0.6677499,0.875408569397236,1.0,21.0,0.0,0.0,1.0,0.0,29.0,21.0,29.0,DT-Top1,Fixed-UCB-1sigma-Shield,291,5,0.6,0.6,0.6,0.6,0.6
0,2,0,1,1.0,0.0,0.76278657,0.6677499,0.875408569397236,1.0,21.0,0.0,0.0,1.0,0.0,29.0,21.0,29.0,DT-Top1,Fixed-UCB-1.64sigma-Shield,291,5,0.6,0.6,0.6,0.6,0.6
2,2,1,1,0.0,0.0,0.6677499,0.6677499,0.9999999999985024,0.0,0.0,0.0,0.0,1.0,21.0,29.0,21.0,29.0,PF,Full-CertiTwin-q90,292,5,0.6,0.6,0.6,0.6,0.6
2,2,1,1,0.0,0.0,0.6677499,0.6677499,0.9999999999985024,0.0,0.0,0.0,0.0,1.0,21.0,29.0,21.0,29.0,PF,SLA-Rule-Shield,292,5,0.6,0.6,0.6,0.6,0.6
2,2,1,1,0.0,0.0,0.6677499,0.6677499,0.9999999999985024,0.0,0.0,0.0,0.0,1.0,21.0,29.0,21.0,29.0,PF,Fixed-UCB-1sigma-Shield,292,5,0.6,0.6,0.6,0.6,0.6
2,2,1,1,0.0,0.0,0.6677499,0.6677499,0.9999999999985024,0.0,0.0,0.0,0.0,1.0,21.0,29.0,21.0,29.0,PF,Fixed-UCB-1.64sigma-Shield,292,5,0.6,0.6,0.6,0.6,0.6
4,4,1,1,0.0,0.0,0.76313806,0.76313806,0.9999999999986896,0.0,0.0,0.0,0.0,1.0,39.0,11.0,39.0,11.0,Greedy-SLA,Full-CertiTwin-q90,292,5,0.6,0.6,0.6,0.6,0.6
4,4,1,1,0.0,0.0,0.76313806,0.76313806,0.9999999999986896,0.0,0.0,0.0,0.0,1.0,39.0,11.0,39.0,11.0,Greedy-SLA,SLA-Rule-Shield,292,5,0.6,0.6,0.6,0.6,0.6
4,4,1,1,0.0,0.0,0.76313806,0.76313806,0.9999999999986896,0.0,0.0,0.0,0.0,1.0,39.0,11.0,39.0,11.0,Greedy-SLA,Fixed-UCB-1sigma-Shield,292,5,0.6,0.6,0.6,0.6,0.6
4,4,1,1,0.0,0.0,0.76313806,0.76313806,0.9999999999986896,0.0,0.0,0.0,0.0,1.0,39.0,11.0,39.0,11.0,Greedy-SLA,Fixed-UCB-1.64sigma-Shield,292,5,0.6,0.6,0.6,0.6,0.6
4,4,1,1,0.0,0.0,0.76313806,0.76313806,0.9999999999986896,0.0,0.0,0.0,0.0,1.0,39.0,11.0,39.0,11.0,DT-Top1,Full-CertiTwin-q90,292,5,0.6,0.6,0.6,0.6,0.6
4,4,1,1,0.0,0.0,0.76313806,0.76313806,0.9999999999986896,0.0,0.0,0.0,0.0,1.0,39.0,11.0,39.0,11.0,DT-Top1,SLA-Rule-Shield,292,5,0.6,0.6,0.6,0.6,0.6
4,4,1,1,0.0,0.0,0.76313806,0.76313806,0.9999999999986896,0.0,0.0,0.0,0.0,1.0,39.0,11.0,39.0,11.0,DT-Top1,Fixed-UCB-1sigma-Shield,292,5,0.6,0.6,0.6,0.6,0.6
4,4,1,1,0.0,0.0,0.76313806,0.76313806,0.9999999999986896,0.0,0.0,0.0,0.0,1.0,39.0,11.0,39.0,11.0,DT-Top1,Fixed-UCB-1.64sigma-Shield,292,5,0.6,0.6,0.6,0.6,0.6
2,2,1,1,0.0,0.0,0.6677499,0.6677499,0.9999999999985024,0.0,0.0,0.0,0.0,1.0,21.0,29.0,21.0,29.0,PF,Full-CertiTwin-q90,293,5,0.6,0.6,0.6,0.6,0.6
2,2,1,1,0.0,0.0,0.6677499,0.6677499,0.9999999999985024,0.0,0.0,0.0,0.0,1.0,21.0,29.0,21.0,29.0,PF,SLA-Rule-Shield,293,5,0.6,0.6,0.6,0.6,0.6
2,2,1,1,0.0,0.0,0.6677499,0.6677499,0.9999999999985024,0.0,0.0,0.0,0.0,1.0,21.0,29.0,21.0,29.0,PF,Fixed-UCB-1sigma-Shield,293,5,0.6,0.6,0.6,0.6,0.6
2,2,1,1,0.0,0.0,0.6677499,0.6677499,0.9999999999985024,0.0,0.0,0.0,0.0,1.0,21.0,29.0,21.0,29.0,PF,Fixed-UCB-1.64sigma-Shield,293,5,0.6,0.6,0.6,0.6,0.6
4,4,1,1,0.0,0.0,0.76313806,0.76313806,0.9999999999986896,0.0,0.0,0.0,0.0,1.0,39.0,11.0,39.0,11.0,Greedy-SLA,Full-CertiTwin-q90,293,5,0.6,0.6,0.6,0.6,0.6
4,4,1,1,0.0,0.0,0.76313806,0.76313806,0.9999999999986896,0.0,0.0,0.0,0.0,1.0,39.0,11.0,39.0,11.0,Greedy-SLA,SLA-Rule-Shield,293,5,0.6,0.6,0.6,0.6,0.6
4,4,1,1,0.0,0.0,0.76313806,0.76313806,0.9999999999986896,0.0,0.0,0.0,0.0,1.0,39.0,11.0,39.0,11.0,Greedy-SLA,Fixed-UCB-1sigma-Shield,293,5,0.6,0.6,0.6,0.6,0.6
4,4,1,1,0.0,0.0,0.76313806,0.76313806,0.9999999999986896,0.0,0.0,0.0,0.0,1.0,39.0,11.0,39.0,11.0,Greedy-SLA,Fixed-UCB-1.64sigma-Shield,293,5,0.6,0.6,0.6,0.6,0.6
0,2,0,1,1.0,0.0,0.77741534,0.6677499,0.8589358424534574,1.0,21.0,0.0,0.0,1.0,0.0,29.0,21.0,29.0,DT-Top1,Full-CertiTwin-q90,293,5,0.6,0.6,0.6,0.6,0.6
0,4,0,1,1.0,0.0,0.77741534,0.76313806,0.981634939180668,1.0,57.0,0.0,0.0,1.0,0.0,29.0,39.0,11.0,DT-Top1,SLA-Rule-Shield,293,5,0.6,0.6,0.6,0.6,0.6
0,2,0,1,1.0,0.0,0.77741534,0.6677499,0.8589358424534574,1.0,21.0,0.0,0.0,1.0,0.0,29.0,21.0,29.0,DT-Top1,Fixed-UCB-1sigma-Shield,293,5,0.6,0.6,0.6,0.6,0.6
0,2,0,1,1.0,0.0,0.77741534,0.6677499,0.8589358424534574,1.0,21.0,0.0,0.0,1.0,0.0,29.0,21.0,29.0,DT-Top1,Fixed-UCB-1.64sigma-Shield,293,5,0.6,0.6,0.6,0.6,0.6
2,2,1,1,0.0,0.0,0.6677499,0.6677499,0.9999999999985024,0.0,0.0,0.0,0.0,1.0,21.0,29.0,21.0,29.0,PF,Full-CertiTwin-q90,294,5,0.6,0.6,0.6,0.6,0.6
2,2,1,1,0.0,0.0,0.6677499,0.6677499,0.9999999999985024,0.0,0.0,0.0,0.0,1.0,21.0,29.0,21.0,29.0,PF,SLA-Rule-Shield,294,5,0.6,0.6,0.6,0.6,0.6
2,2,1,1,0.0,0.0,0.6677499,0.6677499,0.9999999999985024,0.0,0.0,0.0,0.0,1.0,21.0,29.0,21.0,29.0,PF,Fixed-UCB-1sigma-Shield,294,5,0.6,0.6,0.6,0.6,0.6
2,2,1,1,0.0,0.0,0.6677499,0.6677499,0.9999999999985024,0.0,0.0,0.0,0.0,1.0,21.0,29.0,21.0,29.0,PF,Fixed-UCB-1.64sigma-Shield,294,5,0.6,0.6,0.6,0.6,0.6
4,4,1,1,0.0,0.0,0.76313806,0.76313806,0.9999999999986896,0.0,0.0,0.0,0.0,1.0,39.0,11.0,39.0,11.0,Greedy-SLA,Full-CertiTwin-q90,294,5,0.6,0.6,0.6,0.6,0.6
4,4,1,1,0.0,0.0,0.76313806,0.76313806,0.9999999999986896,0.0,0.0,0.0,0.0,1.0,39.0,11.0,39.0,11.0,Greedy-SLA,SLA-Rule-Shield,294,5,0.6,0.6,0.6,0.6,0.6
4,4,1,1,0.0,0.0,0.76313806,0.76313806,0.9999999999986896,0.0,0.0,0.0,0.0,1.0,39.0,11.0,39.0,11.0,Greedy-SLA,Fixed-UCB-1sigma-Shield,294,5,0.6,0.6,0.6,0.6,0.6
4,4,1,1,0.0,0.0,0.76313806,0.76313806,0.9999999999986896,0.0,0.0,0.0,0.0,1.0,39.0,11.0,39.0,11.0,Greedy-SLA,Fixed-UCB-1.64sigma-Shield,294,5,0.6,0.6,0.6,0.6,0.6
4,4,1,1,0.0,0.0,0.76313806,0.76313806,0.9999999999986896,0.0,0.0,0.0,0.0,1.0,39.0,11.0,39.0,11.0,DT-Top1,Full-CertiTwin-q90,294,5,0.6,0.6,0.6,0.6,0.6
4,4,1,1,0.0,0.0,0.76313806,0.76313806,0.9999999999986896,0.0,0.0,0.0,0.0,1.0,39.0,11.0,39.0,11.0,DT-Top1,SLA-Rule-Shield,294,5,0.6,0.6,0.6,0.6,0.6
4,4,1,1,0.0,0.0,0.76313806,0.76313806,0.9999999999986896,0.0,0.0,0.0,0.0,1.0,39.0,11.0,39.0,11.0,DT-Top1,Fixed-UCB-1sigma-Shield,294,5,0.6,0.6,0.6,0.6,0.6
4,4,1,1,0.0,0.0,0.76313806,0.76313806,0.9999999999986896,0.0,0.0,0.0,0.0,1.0,39.0,11.0,39.0,11.0,DT-Top1,Fixed-UCB-1.64sigma-Shield,294,5,0.6,0.6,0.6,0.6,0.6
2,2,1,1,0.0,0.0,0.6677499,0.6677499,0.9999999999985024,0.0,0.0,0.0,0.0,1.0,21.0,29.0,21.0,29.0,PF,Full-CertiTwin-q90,295,5,0.6,0.6,0.6,0.6,0.6
2,2,1,1,0.0,0.0,0.6677499,0.6677499,0.9999999999985024,0.0,0.0,0.0,0.0,1.0,21.0,29.0,21.0,29.0,PF,SLA-Rule-Shield,295,5,0.6,0.6,0.6,0.6,0.6
2,2,1,1,0.0,0.0,0.6677499,0.6677499,0.9999999999985024,0.0,0.0,0.0,0.0,1.0,21.0,29.0,21.0,29.0,PF,Fixed-UCB-1sigma-Shield,295,5,0.6,0.6,0.6,0.6,0.6
2,2,1,1,0.0,0.0,0.6677499,0.6677499,0.9999999999985024,0.0,0.0,0.0,0.0,1.0,21.0,29.0,21.0,29.0,PF,Fixed-UCB-1.64sigma-Shield,295,5,0.6,0.6,0.6,0.6,0.6
4,4,1,1,0.0,0.0,0.76313806,0.76313806,0.9999999999986896,0.0,0.0,0.0,0.0,1.0,39.0,11.0,39.0,11.0,Greedy-SLA,Full-CertiTwin-q90,295,5,0.6,0.6,0.6,0.6,0.6
4,4,1,1,0.0,0.0,0.76313806,0.76313806,0.9999999999986896,0.0,0.0,0.0,0.0,1.0,39.0,11.0,39.0,11.0,Greedy-SLA,SLA-Rule-Shield,295,5,0.6,0.6,0.6,0.6,0.6
4,4,1,1,0.0,0.0,0.76313806,0.76313806,0.9999999999986896,0.0,0.0,0.0,0.0,1.0,39.0,11.0,39.0,11.0,Greedy-SLA,Fixed-UCB-1sigma-Shield,295,5,0.6,0.6,0.6,0.6,0.6
4,4,1,1,0.0,0.0,0.76313806,0.76313806,0.9999999999986896,0.0,0.0,0.0,0.0,1.0,39.0,11.0,39.0,11.0,Greedy-SLA,Fixed-UCB-1.64sigma-Shield,295,5,0.6,0.6,0.6,0.6,0.6
4,4,1,1,0.0,0.0,0.76313806,0.76313806,0.9999999999986896,0.0,0.0,0.0,0.0,1.0,39.0,11.0,39.0,11.0,DT-Top1,Full-CertiTwin-q90,295,5,0.6,0.6,0.6,0.6,0.6
4,4,1,1,0.0,0.0,0.76313806,0.76313806,0.9999999999986896,0.0,0.0,0.0,0.0,1.0,39.0,11.0,39.0,11.0,DT-Top1,SLA-Rule-Shield,295,5,0.6,0.6,0.6,0.6,0.6
4,4,1,1,0.0,0.0,0.76313806,0.76313806,0.9999999999986896,0.0,0.0,0.0,0.0,1.0,39.0,11.0,39.0,11.0,DT-Top1,Fixed-UCB-1sigma-Shield,295,5,0.6,0.6,0.6,0.6,0.6
4,4,1,1,0.0,0.0,0.76313806,0.76313806,0.9999999999986896,0.0,0.0,0.0,0.0,1.0,39.0,11.0,39.0,11.0,DT-Top1,Fixed-UCB-1.64sigma-Shield,295,5,0.6,0.6,0.6,0.6,0.6
2,2,1,1,0.0,0.0,0.65129316,0.65129316,0.9999999999984648,0.0,0.0,0.0,0.0,1.0,21.0,29.0,21.0,29.0,PF,Full-CertiTwin-q90,296,5,0.6,0.6,0.6,0.6,0.6
2,2,1,1,0.0,0.0,0.65129316,0.65129316,0.9999999999984648,0.0,0.0,0.0,0.0,1.0,21.0,29.0,21.0,29.0,PF,SLA-Rule-Shield,296,5,0.6,0.6,0.6,0.6,0.6
2,2,1,1,0.0,0.0,0.65129316,0.65129316,0.9999999999984648,0.0,0.0,0.0,0.0,1.0,21.0,29.0,21.0,29.0,PF,Fixed-UCB-1sigma-Shield,296,5,0.6,0.6,0.6,0.6,0.6
2,2,1,1,0.0,0.0,0.65129316,0.65129316,0.9999999999984648,0.0,0.0,0.0,0.0,1.0,21.0,29.0,21.0,29.0,PF,Fixed-UCB-1.64sigma-Shield,296,5,0.6,0.6,0.6,0.6,0.6
4,4,1,1,0.0,0.0,0.76313806,0.76313806,0.9999999999986896,0.0,0.0,0.0,0.0,1.0,39.0,11.0,39.0,11.0,Greedy-SLA,Full-CertiTwin-q90,296,5,0.6,0.6,0.6,0.6,0.6
4,4,1,1,0.0,0.0,0.76313806,0.76313806,0.9999999999986896,0.0,0.0,0.0,0.0,1.0,39.0,11.0,39.0,11.0,Greedy-SLA,SLA-Rule-Shield,296,5,0.6,0.6,0.6,0.6,0.6
4,4,1,1,0.0,0.0,0.76313806,0.76313806,0.9999999999986896,0.0,0.0,0.0,0.0,1.0,39.0,11.0,39.0,11.0,Greedy-SLA,Fixed-UCB-1sigma-Shield,296,5,0.6,0.6,0.6,0.6,0.6
4,4,1,1,0.0,0.0,0.76313806,0.76313806,0.9999999999986896,0.0,0.0,0.0,0.0,1.0,39.0,11.0,39.0,11.0,Greedy-SLA,Fixed-UCB-1.64sigma-Shield,296,5,0.6,0.6,0.6,0.6,0.6
0,2,0,1,1.0,0.0,0.76278657,0.65129316,0.8538340678954877,1.0,21.0,0.0,0.0,1.0,0.0,29.0,21.0,29.0,DT-Top1,Full-CertiTwin-q90,296,5,0.6,0.6,0.6,0.6,0.6
0,4,0,1,1.0,0.0,0.76278657,0.76313806,1.000460797309265,1.0,57.0,0.0,0.0,1.0,0.0,29.0,39.0,11.0,DT-Top1,SLA-Rule-Shield,296,5,0.6,0.6,0.6,0.6,0.6
0,2,0,1,1.0,0.0,0.76278657,0.65129316,0.8538340678954877,1.0,21.0,0.0,0.0,1.0,0.0,29.0,21.0,29.0,DT-Top1,Fixed-UCB-1sigma-Shield,296,5,0.6,0.6,0.6,0.6,0.6
0,2,0,1,1.0,0.0,0.76278657,0.65129316,0.8538340678954877,1.0,21.0,0.0,0.0,1.0,0.0,29.0,21.0,29.0,DT-Top1,Fixed-UCB-1.64sigma-Shield,296,5,0.6,0.6,0.6,0.6,0.6
2,2,1,1,0.0,0.0,0.6677499,0.6677499,0.9999999999985024,0.0,0.0,0.0,0.0,1.0,21.0,29.0,21.0,29.0,PF,Full-CertiTwin-q90,297,5,0.6,0.6,0.6,0.6,0.6
2,2,1,1,0.0,0.0,0.6677499,0.6677499,0.9999999999985024,0.0,0.0,0.0,0.0,1.0,21.0,29.0,21.0,29.0,PF,SLA-Rule-Shield,297,5,0.6,0.6,0.6,0.6,0.6
2,2,1,1,0.0,0.0,0.6677499,0.6677499,0.9999999999985024,0.0,0.0,0.0,0.0,1.0,21.0,29.0,21.0,29.0,PF,Fixed-UCB-1sigma-Shield,297,5,0.6,0.6,0.6,0.6,0.6
2,2,1,1,0.0,0.0,0.6677499,0.6677499,0.9999999999985024,0.0,0.0,0.0,0.0,1.0,21.0,29.0,21.0,29.0,PF,Fixed-UCB-1.64sigma-Shield,297,5,0.6,0.6,0.6,0.6,0.6
0,2,0,1,1.0,0.0,0.76278657,0.6677499,0.875408569397236,1.0,21.0,0.0,0.0,1.0,0.0,29.0,21.0,29.0,Greedy-SLA,Full-CertiTwin-q90,297,5,0.6,0.6,0.6,0.6,0.6
0,4,0,1,1.0,0.0,0.76278657,0.76313806,1.000460797309265,1.0,57.0,0.0,0.0,1.0,0.0,29.0,39.0,11.0,Greedy-SLA,SLA-Rule-Shield,297,5,0.6,0.6,0.6,0.6,0.6
0,2,0,1,1.0,0.0,0.76278657,0.6677499,0.875408569397236,1.0,21.0,0.0,0.0,1.0,0.0,29.0,21.0,29.0,Greedy-SLA,Fixed-UCB-1sigma-Shield,297,5,0.6,0.6,0.6,0.6,0.6
0,2,0,1,1.0,0.0,0.76278657,0.6677499,0.875408569397236,1.0,21.0,0.0,0.0,1.0,0.0,29.0,21.0,29.0,Greedy-SLA,Fixed-UCB-1.64sigma-Shield,297,5,0.6,0.6,0.6,0.6,0.6
0,2,0,1,1.0,0.0,0.76278657,0.6677499,0.875408569397236,1.0,21.0,0.0,0.0,1.0,0.0,29.0,21.0,29.0,DT-Top1,Full-CertiTwin-q90,297,5,0.6,0.6,0.6,0.6,0.6
0,4,0,1,1.0,0.0,0.76278657,0.76313806,1.000460797309265,1.0,57.0,0.0,0.0,1.0,0.0,29.0,39.0,11.0,DT-Top1,SLA-Rule-Shield,297,5,0.6,0.6,0.6,0.6,0.6
0,2,0,1,1.0,0.0,0.76278657,0.6677499,0.875408569397236,1.0,21.0,0.0,0.0,1.0,0.0,29.0,21.0,29.0,DT-Top1,Fixed-UCB-1sigma-Shield,297,5,0.6,0.6,0.6,0.6,0.6
0,2,0,1,1.0,0.0,0.76278657,0.6677499,0.875408569397236,1.0,21.0,0.0,0.0,1.0,0.0,29.0,21.0,29.0,DT-Top1,Fixed-UCB-1.64sigma-Shield,297,5,0.6,0.6,0.6,0.6,0.6
2,2,1,1,0.0,0.0,0.6677499,0.6677499,0.9999999999985024,0.0,0.0,0.0,0.0,1.0,21.0,29.0,21.0,29.0,PF,Full-CertiTwin-q90,298,5,0.6,0.6,0.6,0.6,0.6
2,2,1,1,0.0,0.0,0.6677499,0.6677499,0.9999999999985024,0.0,0.0,0.0,0.0,1.0,21.0,29.0,21.0,29.0,PF,SLA-Rule-Shield,298,5,0.6,0.6,0.6,0.6,0.6
2,2,1,1,0.0,0.0,0.6677499,0.6677499,0.9999999999985024,0.0,0.0,0.0,0.0,1.0,21.0,29.0,21.0,29.0,PF,Fixed-UCB-1sigma-Shield,298,5,0.6,0.6,0.6,0.6,0.6
2,2,1,1,0.0,0.0,0.6677499,0.6677499,0.9999999999985024,0.0,0.0,0.0,0.0,1.0,21.0,29.0,21.0,29.0,PF,Fixed-UCB-1.64sigma-Shield,298,5,0.6,0.6,0.6,0.6,0.6
4,4,1,1,0.0,0.0,0.76313806,0.76313806,0.9999999999986896,0.0,0.0,0.0,0.0,1.0,39.0,11.0,39.0,11.0,Greedy-SLA,Full-CertiTwin-q90,298,5,0.6,0.6,0.6,0.6,0.6
4,4,1,1,0.0,0.0,0.76313806,0.76313806,0.9999999999986896,0.0,0.0,0.0,0.0,1.0,39.0,11.0,39.0,11.0,Greedy-SLA,SLA-Rule-Shield,298,5,0.6,0.6,0.6,0.6,0.6
4,4,1,1,0.0,0.0,0.76313806,0.76313806,0.9999999999986896,0.0,0.0,0.0,0.0,1.0,39.0,11.0,39.0,11.0,Greedy-SLA,Fixed-UCB-1sigma-Shield,298,5,0.6,0.6,0.6,0.6,0.6
4,4,1,1,0.0,0.0,0.76313806,0.76313806,0.9999999999986896,0.0,0.0,0.0,0.0,1.0,39.0,11.0,39.0,11.0,Greedy-SLA,Fixed-UCB-1.64sigma-Shield,298,5,0.6,0.6,0.6,0.6,0.6
0,2,0,1,1.0,0.0,0.77741534,0.6677499,0.8589358424534574,1.0,21.0,0.0,0.0,1.0,0.0,29.0,21.0,29.0,DT-Top1,Full-CertiTwin-q90,298,5,0.6,0.6,0.6,0.6,0.6
0,4,0,1,1.0,0.0,0.77741534,0.76313806,0.981634939180668,1.0,57.0,0.0,0.0,1.0,0.0,29.0,39.0,11.0,DT-Top1,SLA-Rule-Shield,298,5,0.6,0.6,0.6,0.6,0.6
0,2,0,1,1.0,0.0,0.77741534,0.6677499,0.8589358424534574,1.0,21.0,0.0,0.0,1.0,0.0,29.0,21.0,29.0,DT-Top1,Fixed-UCB-1sigma-Shield,298,5,0.6,0.6,0.6,0.6,0.6
0,2,0,1,1.0,0.0,0.77741534,0.6677499,0.8589358424534574,1.0,21.0,0.0,0.0,1.0,0.0,29.0,21.0,29.0,DT-Top1,Fixed-UCB-1.64sigma-Shield,298,5,0.6,0.6,0.6,0.6,0.6
2,2,1,1,0.0,0.0,0.6677499,0.6677499,0.9999999999985024,0.0,0.0,0.0,0.0,1.0,21.0,29.0,21.0,29.0,PF,Full-CertiTwin-q90,299,5,0.6,0.6,0.6,0.6,0.6
2,2,1,1,0.0,0.0,0.6677499,0.6677499,0.9999999999985024,0.0,0.0,0.0,0.0,1.0,21.0,29.0,21.0,29.0,PF,SLA-Rule-Shield,299,5,0.6,0.6,0.6,0.6,0.6
2,2,1,1,0.0,0.0,0.6677499,0.6677499,0.9999999999985024,0.0,0.0,0.0,0.0,1.0,21.0,29.0,21.0,29.0,PF,Fixed-UCB-1sigma-Shield,299,5,0.6,0.6,0.6,0.6,0.6
2,2,1,1,0.0,0.0,0.6677499,0.6677499,0.9999999999985024,0.0,0.0,0.0,0.0,1.0,21.0,29.0,21.0,29.0,PF,Fixed-UCB-1.64sigma-Shield,299,5,0.6,0.6,0.6,0.6,0.6
0,2,0,1,1.0,0.0,0.76278657,0.6677499,0.875408569397236,1.0,21.0,0.0,0.0,1.0,0.0,29.0,21.0,29.0,Greedy-SLA,Full-CertiTwin-q90,299,5,0.6,0.6,0.6,0.6,0.6
0,4,0,1,1.0,0.0,0.76278657,0.76313806,1.000460797309265,1.0,57.0,0.0,0.0,1.0,0.0,29.0,39.0,11.0,Greedy-SLA,SLA-Rule-Shield,299,5,0.6,0.6,0.6,0.6,0.6
0,2,0,1,1.0,0.0,0.76278657,0.6677499,0.875408569397236,1.0,21.0,0.0,0.0,1.0,0.0,29.0,21.0,29.0,Greedy-SLA,Fixed-UCB-1sigma-Shield,299,5,0.6,0.6,0.6,0.6,0.6
0,2,0,1,1.0,0.0,0.76278657,0.6677499,0.875408569397236,1.0,21.0,0.0,0.0,1.0,0.0,29.0,21.0,29.0,Greedy-SLA,Fixed-UCB-1.64sigma-Shield,299,5,0.6,0.6,0.6,0.6,0.6
0,2,0,1,1.0,0.0,0.76278657,0.6677499,0.875408569397236,1.0,21.0,0.0,0.0,1.0,0.0,29.0,21.0,29.0,DT-Top1,Full-CertiTwin-q90,299,5,0.6,0.6,0.6,0.6,0.6
0,4,0,1,1.0,0.0,0.76278657,0.76313806,1.000460797309265,1.0,57.0,0.0,0.0,1.0,0.0,29.0,39.0,11.0,DT-Top1,SLA-Rule-Shield,299,5,0.6,0.6,0.6,0.6,0.6
0,2,0,1,1.0,0.0,0.76278657,0.6677499,0.875408569397236,1.0,21.0,0.0,0.0,1.0,0.0,29.0,21.0,29.0,DT-Top1,Fixed-UCB-1sigma-Shield,299,5,0.6,0.6,0.6,0.6,0.6
0,2,0,1,1.0,0.0,0.76278657,0.6677499,0.875408569397236,1.0,21.0,0.0,0.0,1.0,0.0,29.0,21.0,29.0,DT-Top1,Fixed-UCB-1.64sigma-Shield,299,5,0.6,0.6,0.6,0.6,0.6
2,2,1,1,0.0,0.0,0.6677499,0.6677499,0.9999999999985024,0.0,0.0,0.0,0.0,1.0,21.0,29.0,21.0,29.0,PF,Full-CertiTwin-q90,300,5,0.6,0.6,0.6,0.6,0.6
2,2,1,1,0.0,0.0,0.6677499,0.6677499,0.9999999999985024,0.0,0.0,0.0,0.0,1.0,21.0,29.0,21.0,29.0,PF,SLA-Rule-Shield,300,5,0.6,0.6,0.6,0.6,0.6
2,2,1,1,0.0,0.0,0.6677499,0.6677499,0.9999999999985024,0.0,0.0,0.0,0.0,1.0,21.0,29.0,21.0,29.0,PF,Fixed-UCB-1sigma-Shield,300,5,0.6,0.6,0.6,0.6,0.6
2,2,1,1,0.0,0.0,0.6677499,0.6677499,0.9999999999985024,0.0,0.0,0.0,0.0,1.0,21.0,29.0,21.0,29.0,PF,Fixed-UCB-1.64sigma-Shield,300,5,0.6,0.6,0.6,0.6,0.6
4,4,1,1,0.0,0.0,0.74035645,0.74035645,0.9999999999986492,0.0,0.0,0.0,0.0,1.0,39.0,11.0,39.0,11.0,Greedy-SLA,Full-CertiTwin-q90,300,5,0.6,0.6,0.6,0.6,0.6
4,4,1,1,0.0,0.0,0.74035645,0.74035645,0.9999999999986492,0.0,0.0,0.0,0.0,1.0,39.0,11.0,39.0,11.0,Greedy-SLA,SLA-Rule-Shield,300,5,0.6,0.6,0.6,0.6,0.6
4,4,1,1,0.0,0.0,0.74035645,0.74035645,0.9999999999986492,0.0,0.0,0.0,0.0,1.0,39.0,11.0,39.0,11.0,Greedy-SLA,Fixed-UCB-1sigma-Shield,300,5,0.6,0.6,0.6,0.6,0.6
4,4,1,1,0.0,0.0,0.74035645,0.74035645,0.9999999999986492,0.0,0.0,0.0,0.0,1.0,39.0,11.0,39.0,11.0,Greedy-SLA,Fixed-UCB-1.64sigma-Shield,300,5,0.6,0.6,0.6,0.6,0.6
0,2,0,1,1.0,0.0,0.76278657,0.6677499,0.875408569397236,1.0,21.0,0.0,0.0,1.0,0.0,29.0,21.0,29.0,DT-Top1,Full-CertiTwin-q90,300,5,0.6,0.6,0.6,0.6,0.6
0,4,0,1,1.0,0.0,0.76278657,0.74035645,0.9705945006334202,1.0,57.0,0.0,0.0,1.0,0.0,29.0,39.0,11.0,DT-Top1,SLA-Rule-Shield,300,5,0.6,0.6,0.6,0.6,0.6
0,2,0,1,1.0,0.0,0.76278657,0.6677499,0.875408569397236,1.0,21.0,0.0,0.0,1.0,0.0,29.0,21.0,29.0,DT-Top1,Fixed-UCB-1sigma-Shield,300,5,0.6,0.6,0.6,0.6,0.6
0,2,0,1,1.0,0.0,0.76278657,0.6677499,0.875408569397236,1.0,21.0,0.0,0.0,1.0,0.0,29.0,21.0,29.0,DT-Top1,Fixed-UCB-1.64sigma-Shield,300,5,0.6,0.6,0.6,0.6,0.6
2,2,1,1,0.0,0.0,0.7186651,0.7186651,0.9999999999986086,0.0,0.0,0.0,0.0,1.0,21.0,29.0,21.0,29.0,PF,Full-CertiTwin-q90,301,5,0.6,0.6,0.6,0.6,0.6
2,2,1,1,0.0,0.0,0.7186651,0.7186651,0.9999999999986086,0.0,0.0,0.0,0.0,1.0,21.0,29.0,21.0,29.0,PF,SLA-Rule-Shield,301,5,0.6,0.6,0.6,0.6,0.6
2,2,1,1,0.0,0.0,0.7186651,0.7186651,0.9999999999986086,0.0,0.0,0.0,0.0,1.0,21.0,29.0,21.0,29.0,PF,Fixed-UCB-1sigma-Shield,301,5,0.6,0.6,0.6,0.6,0.6
2,2,1,1,0.0,0.0,0.7186651,0.7186651,0.9999999999986086,0.0,0.0,0.0,0.0,1.0,21.0,29.0,21.0,29.0,PF,Fixed-UCB-1.64sigma-Shield,301,5,0.6,0.6,0.6,0.6,0.6
4,4,1,1,0.0,0.0,0.76313806,0.76313806,0.9999999999986896,0.0,0.0,0.0,0.0,1.0,39.0,11.0,39.0,11.0,Greedy-SLA,Full-CertiTwin-q90,301,5,0.6,0.6,0.6,0.6,0.6
4,4,1,1,0.0,0.0,0.76313806,0.76313806,0.9999999999986896,0.0,0.0,0.0,0.0,1.0,39.0,11.0,39.0,11.0,Greedy-SLA,SLA-Rule-Shield,301,5,0.6,0.6,0.6,0.6,0.6
4,4,1,1,0.0,0.0,0.76313806,0.76313806,0.9999999999986896,0.0,0.0,0.0,0.0,1.0,39.0,11.0,39.0,11.0,Greedy-SLA,Fixed-UCB-1sigma-Shield,301,5,0.6,0.6,0.6,0.6,0.6
4,4,1,1,0.0,0.0,0.76313806,0.76313806,0.9999999999986896,0.0,0.0,0.0,0.0,1.0,39.0,11.0,39.0,11.0,Greedy-SLA,Fixed-UCB-1.64sigma-Shield,301,5,0.6,0.6,0.6,0.6,0.6
0,2,0,1,1.0,0.0,0.76278657,0.7186651,0.942157515960274,1.0,21.0,0.0,0.0,1.0,0.0,29.0,21.0,29.0,DT-Top1,Full-CertiTwin-q90,301,5,0.6,0.6,0.6,0.6,0.6
0,4,0,1,1.0,0.0,0.76278657,0.76313806,1.000460797309265,1.0,57.0,0.0,0.0,1.0,0.0,29.0,39.0,11.0,DT-Top1,SLA-Rule-Shield,301,5,0.6,0.6,0.6,0.6,0.6
0,2,0,1,1.0,0.0,0.76278657,0.7186651,0.942157515960274,1.0,21.0,0.0,0.0,1.0,0.0,29.0,21.0,29.0,DT-Top1,Fixed-UCB-1sigma-Shield,301,5,0.6,0.6,0.6,0.6,0.6
0,2,0,1,1.0,0.0,0.76278657,0.7186651,0.942157515960274,1.0,21.0,0.0,0.0,1.0,0.0,29.0,21.0,29.0,DT-Top1,Fixed-UCB-1.64sigma-Shield,301,5,0.6,0.6,0.6,0.6,0.6
2,2,1,1,0.0,0.0,0.6677499,0.6677499,0.9999999999985024,0.0,0.0,0.0,0.0,1.0,21.0,29.0,21.0,29.0,PF,Full-CertiTwin-q90,302,5,0.6,0.6,0.6,0.6,0.6
2,2,1,1,0.0,0.0,0.6677499,0.6677499,0.9999999999985024,0.0,0.0,0.0,0.0,1.0,21.0,29.0,21.0,29.0,PF,SLA-Rule-Shield,302,5,0.6,0.6,0.6,0.6,0.6
2,2,1,1,0.0,0.0,0.6677499,0.6677499,0.9999999999985024,0.0,0.0,0.0,0.0,1.0,21.0,29.0,21.0,29.0,PF,Fixed-UCB-1sigma-Shield,302,5,0.6,0.6,0.6,0.6,0.6
2,2,1,1,0.0,0.0,0.6677499,0.6677499,0.9999999999985024,0.0,0.0,0.0,0.0,1.0,21.0,29.0,21.0,29.0,PF,Fixed-UCB-1.64sigma-Shield,302,5,0.6,0.6,0.6,0.6,0.6
4,4,1,1,0.0,0.0,0.76313806,0.76313806,0.9999999999986896,0.0,0.0,0.0,0.0,1.0,39.0,11.0,39.0,11.0,Greedy-SLA,Full-CertiTwin-q90,302,5,0.6,0.6,0.6,0.6,0.6
4,4,1,1,0.0,0.0,0.76313806,0.76313806,0.9999999999986896,0.0,0.0,0.0,0.0,1.0,39.0,11.0,39.0,11.0,Greedy-SLA,SLA-Rule-Shield,302,5,0.6,0.6,0.6,0.6,0.6
4,4,1,1,0.0,0.0,0.76313806,0.76313806,0.9999999999986896,0.0,0.0,0.0,0.0,1.0,39.0,11.0,39.0,11.0,Greedy-SLA,Fixed-UCB-1sigma-Shield,302,5,0.6,0.6,0.6,0.6,0.6
4,4,1,1,0.0,0.0,0.76313806,0.76313806,0.9999999999986896,0.0,0.0,0.0,0.0,1.0,39.0,11.0,39.0,11.0,Greedy-SLA,Fixed-UCB-1.64sigma-Shield,302,5,0.6,0.6,0.6,0.6,0.6
4,4,1,1,0.0,0.0,0.76313806,0.76313806,0.9999999999986896,0.0,0.0,0.0,0.0,1.0,39.0,11.0,39.0,11.0,DT-Top1,Full-CertiTwin-q90,302,5,0.6,0.6,0.6,0.6,0.6
4,4,1,1,0.0,0.0,0.76313806,0.76313806,0.9999999999986896,0.0,0.0,0.0,0.0,1.0,39.0,11.0,39.0,11.0,DT-Top1,SLA-Rule-Shield,302,5,0.6,0.6,0.6,0.6,0.6
4,4,1,1,0.0,0.0,0.76313806,0.76313806,0.9999999999986896,0.0,0.0,0.0,0.0,1.0,39.0,11.0,39.0,11.0,DT-Top1,Fixed-UCB-1sigma-Shield,302,5,0.6,0.6,0.6,0.6,0.6
4,4,1,1,0.0,0.0,0.76313806,0.76313806,0.9999999999986896,0.0,0.0,0.0,0.0,1.0,39.0,11.0,39.0,11.0,DT-Top1,Fixed-UCB-1.64sigma-Shield,302,5,0.6,0.6,0.6,0.6,0.6
2,2,1,1,0.0,0.0,0.6677499,0.6677499,0.9999999999985024,0.0,0.0,0.0,0.0,1.0,21.0,29.0,21.0,29.0,PF,Full-CertiTwin-q90,303,5,0.6,0.6,0.6,0.6,0.6
2,2,1,1,0.0,0.0,0.6677499,0.6677499,0.9999999999985024,0.0,0.0,0.0,0.0,1.0,21.0,29.0,21.0,29.0,PF,SLA-Rule-Shield,303,5,0.6,0.6,0.6,0.6,0.6
2,2,1,1,0.0,0.0,0.6677499,0.6677499,0.9999999999985024,0.0,0.0,0.0,0.0,1.0,21.0,29.0,21.0,29.0,PF,Fixed-UCB-1sigma-Shield,303,5,0.6,0.6,0.6,0.6,0.6
2,2,1,1,0.0,0.0,0.6677499,0.6677499,0.9999999999985024,0.0,0.0,0.0,0.0,1.0,21.0,29.0,21.0,29.0,PF,Fixed-UCB-1.64sigma-Shield,303,5,0.6,0.6,0.6,0.6,0.6
4,4,1,1,0.0,0.0,0.76313806,0.76313806,0.9999999999986896,0.0,0.0,0.0,0.0,1.0,39.0,11.0,39.0,11.0,Greedy-SLA,Full-CertiTwin-q90,303,5,0.6,0.6,0.6,0.6,0.6
4,4,1,1,0.0,0.0,0.76313806,0.76313806,0.9999999999986896,0.0,0.0,0.0,0.0,1.0,39.0,11.0,39.0,11.0,Greedy-SLA,SLA-Rule-Shield,303,5,0.6,0.6,0.6,0.6,0.6
4,4,1,1,0.0,0.0,0.76313806,0.76313806,0.9999999999986896,0.0,0.0,0.0,0.0,1.0,39.0,11.0,39.0,11.0,Greedy-SLA,Fixed-UCB-1sigma-Shield,303,5,0.6,0.6,0.6,0.6,0.6
4,4,1,1,0.0,0.0,0.76313806,0.76313806,0.9999999999986896,0.0,0.0,0.0,0.0,1.0,39.0,11.0,39.0,11.0,Greedy-SLA,Fixed-UCB-1.64sigma-Shield,303,5,0.6,0.6,0.6,0.6,0.6
4,4,1,1,0.0,0.0,0.76313806,0.76313806,0.9999999999986896,0.0,0.0,0.0,0.0,1.0,39.0,11.0,39.0,11.0,DT-Top1,Full-CertiTwin-q90,303,5,0.6,0.6,0.6,0.6,0.6
4,4,1,1,0.0,0.0,0.76313806,0.76313806,0.9999999999986896,0.0,0.0,0.0,0.0,1.0,39.0,11.0,39.0,11.0,DT-Top1,SLA-Rule-Shield,303,5,0.6,0.6,0.6,0.6,0.6
4,4,1,1,0.0,0.0,0.76313806,0.76313806,0.9999999999986896,0.0,0.0,0.0,0.0,1.0,39.0,11.0,39.0,11.0,DT-Top1,Fixed-UCB-1sigma-Shield,303,5,0.6,0.6,0.6,0.6,0.6
4,4,1,1,0.0,0.0,0.76313806,0.76313806,0.9999999999986896,0.0,0.0,0.0,0.0,1.0,39.0,11.0,39.0,11.0,DT-Top1,Fixed-UCB-1.64sigma-Shield,303,5,0.6,0.6,0.6,0.6,0.6
2,2,1,1,0.0,0.0,0.6677499,0.6677499,0.9999999999985024,0.0,0.0,0.0,0.0,1.0,21.0,29.0,21.0,29.0,PF,Full-CertiTwin-q90,304,5,0.6,0.6,0.6,0.6,0.6
2,2,1,1,0.0,0.0,0.6677499,0.6677499,0.9999999999985024,0.0,0.0,0.0,0.0,1.0,21.0,29.0,21.0,29.0,PF,SLA-Rule-Shield,304,5,0.6,0.6,0.6,0.6,0.6
2,2,1,1,0.0,0.0,0.6677499,0.6677499,0.9999999999985024,0.0,0.0,0.0,0.0,1.0,21.0,29.0,21.0,29.0,PF,Fixed-UCB-1sigma-Shield,304,5,0.6,0.6,0.6,0.6,0.6
2,2,1,1,0.0,0.0,0.6677499,0.6677499,0.9999999999985024,0.0,0.0,0.0,0.0,1.0,21.0,29.0,21.0,29.0,PF,Fixed-UCB-1.64sigma-Shield,304,5,0.6,0.6,0.6,0.6,0.6
4,4,1,1,0.0,0.0,0.76313806,0.76313806,0.9999999999986896,0.0,0.0,0.0,0.0,1.0,39.0,11.0,39.0,11.0,Greedy-SLA,Full-CertiTwin-q90,304,5,0.6,0.6,0.6,0.6,0.6
4,4,1,1,0.0,0.0,0.76313806,0.76313806,0.9999999999986896,0.0,0.0,0.0,0.0,1.0,39.0,11.0,39.0,11.0,Greedy-SLA,SLA-Rule-Shield,304,5,0.6,0.6,0.6,0.6,0.6
4,4,1,1,0.0,0.0,0.76313806,0.76313806,0.9999999999986896,0.0,0.0,0.0,0.0,1.0,39.0,11.0,39.0,11.0,Greedy-SLA,Fixed-UCB-1sigma-Shield,304,5,0.6,0.6,0.6,0.6,0.6
4,4,1,1,0.0,0.0,0.76313806,0.76313806,0.9999999999986896,0.0,0.0,0.0,0.0,1.0,39.0,11.0,39.0,11.0,Greedy-SLA,Fixed-UCB-1.64sigma-Shield,304,5,0.6,0.6,0.6,0.6,0.6
0,2,0,1,1.0,0.0,0.76278657,0.6677499,0.875408569397236,1.0,21.0,0.0,0.0,1.0,0.0,29.0,21.0,29.0,DT-Top1,Full-CertiTwin-q90,304,5,0.6,0.6,0.6,0.6,0.6
0,4,0,1,1.0,0.0,0.76278657,0.76313806,1.000460797309265,1.0,57.0,0.0,0.0,1.0,0.0,29.0,39.0,11.0,DT-Top1,SLA-Rule-Shield,304,5,0.6,0.6,0.6,0.6,0.6
0,2,0,1,1.0,0.0,0.76278657,0.6677499,0.875408569397236,1.0,21.0,0.0,0.0,1.0,0.0,29.0,21.0,29.0,DT-Top1,Fixed-UCB-1sigma-Shield,304,5,0.6,0.6,0.6,0.6,0.6
0,2,0,1,1.0,0.0,0.76278657,0.6677499,0.875408569397236,1.0,21.0,0.0,0.0,1.0,0.0,29.0,21.0,29.0,DT-Top1,Fixed-UCB-1.64sigma-Shield,304,5,0.6,0.6,0.6,0.6,0.6
2,2,1,1,0.0,0.0,0.6677499,0.6677499,0.9999999999985024,0.0,0.0,0.0,0.0,1.0,21.0,29.0,21.0,29.0,PF,Full-CertiTwin-q90,305,5,0.6,0.6,0.6,0.6,0.6
2,2,1,1,0.0,0.0,0.6677499,0.6677499,0.9999999999985024,0.0,0.0,0.0,0.0,1.0,21.0,29.0,21.0,29.0,PF,SLA-Rule-Shield,305,5,0.6,0.6,0.6,0.6,0.6
2,2,1,1,0.0,0.0,0.6677499,0.6677499,0.9999999999985024,0.0,0.0,0.0,0.0,1.0,21.0,29.0,21.0,29.0,PF,Fixed-UCB-1sigma-Shield,305,5,0.6,0.6,0.6,0.6,0.6
2,2,1,1,0.0,0.0,0.6677499,0.6677499,0.9999999999985024,0.0,0.0,0.0,0.0,1.0,21.0,29.0,21.0,29.0,PF,Fixed-UCB-1.64sigma-Shield,305,5,0.6,0.6,0.6,0.6,0.6
4,4,1,1,0.0,0.0,0.76313806,0.76313806,0.9999999999986896,0.0,0.0,0.0,0.0,1.0,39.0,11.0,39.0,11.0,Greedy-SLA,Full-CertiTwin-q90,305,5,0.6,0.6,0.6,0.6,0.6
4,4,1,1,0.0,0.0,0.76313806,0.76313806,0.9999999999986896,0.0,0.0,0.0,0.0,1.0,39.0,11.0,39.0,11.0,Greedy-SLA,SLA-Rule-Shield,305,5,0.6,0.6,0.6,0.6,0.6
4,4,1,1,0.0,0.0,0.76313806,0.76313806,0.9999999999986896,0.0,0.0,0.0,0.0,1.0,39.0,11.0,39.0,11.0,Greedy-SLA,Fixed-UCB-1sigma-Shield,305,5,0.6,0.6,0.6,0.6,0.6
4,4,1,1,0.0,0.0,0.76313806,0.76313806,0.9999999999986896,0.0,0.0,0.0,0.0,1.0,39.0,11.0,39.0,11.0,Greedy-SLA,Fixed-UCB-1.64sigma-Shield,305,5,0.6,0.6,0.6,0.6,0.6
0,2,0,1,1.0,0.0,0.76278657,0.6677499,0.875408569397236,1.0,21.0,0.0,0.0,1.0,0.0,29.0,21.0,29.0,DT-Top1,Full-CertiTwin-q90,305,5,0.6,0.6,0.6,0.6,0.6
0,4,0,1,1.0,0.0,0.76278657,0.76313806,1.000460797309265,1.0,57.0,0.0,0.0,1.0,0.0,29.0,39.0,11.0,DT-Top1,SLA-Rule-Shield,305,5,0.6,0.6,0.6,0.6,0.6
0,2,0,1,1.0,0.0,0.76278657,0.6677499,0.875408569397236,1.0,21.0,0.0,0.0,1.0,0.0,29.0,21.0,29.0,DT-Top1,Fixed-UCB-1sigma-Shield,305,5,0.6,0.6,0.6,0.6,0.6
0,2,0,1,1.0,0.0,0.76278657,0.6677499,0.875408569397236,1.0,21.0,0.0,0.0,1.0,0.0,29.0,21.0,29.0,DT-Top1,Fixed-UCB-1.64sigma-Shield,305,5,0.6,0.6,0.6,0.6,0.6
2,2,1,1,0.0,0.0,0.6677499,0.6677499,0.9999999999985024,0.0,0.0,0.0,0.0,1.0,21.0,29.0,21.0,29.0,PF,Full-CertiTwin-q90,306,5,0.6,0.6,0.6,0.6,0.6
2,2,1,1,0.0,0.0,0.6677499,0.6677499,0.9999999999985024,0.0,0.0,0.0,0.0,1.0,21.0,29.0,21.0,29.0,PF,SLA-Rule-Shield,306,5,0.6,0.6,0.6,0.6,0.6
2,2,1,1,0.0,0.0,0.6677499,0.6677499,0.9999999999985024,0.0,0.0,0.0,0.0,1.0,21.0,29.0,21.0,29.0,PF,Fixed-UCB-1sigma-Shield,306,5,0.6,0.6,0.6,0.6,0.6
2,2,1,1,0.0,0.0,0.6677499,0.6677499,0.9999999999985024,0.0,0.0,0.0,0.0,1.0,21.0,29.0,21.0,29.0,PF,Fixed-UCB-1.64sigma-Shield,306,5,0.6,0.6,0.6,0.6,0.6
0,2,0,1,1.0,0.0,0.76278657,0.6677499,0.875408569397236,1.0,21.0,0.0,0.0,1.0,0.0,29.0,21.0,29.0,Greedy-SLA,Full-CertiTwin-q90,306,5,0.6,0.6,0.6,0.6,0.6
0,4,0,1,1.0,0.0,0.76278657,0.76313806,1.000460797309265,1.0,57.0,0.0,0.0,1.0,0.0,29.0,39.0,11.0,Greedy-SLA,SLA-Rule-Shield,306,5,0.6,0.6,0.6,0.6,0.6
0,2,0,1,1.0,0.0,0.76278657,0.6677499,0.875408569397236,1.0,21.0,0.0,0.0,1.0,0.0,29.0,21.0,29.0,Greedy-SLA,Fixed-UCB-1sigma-Shield,306,5,0.6,0.6,0.6,0.6,0.6
0,2,0,1,1.0,0.0,0.76278657,0.6677499,0.875408569397236,1.0,21.0,0.0,0.0,1.0,0.0,29.0,21.0,29.0,Greedy-SLA,Fixed-UCB-1.64sigma-Shield,306,5,0.6,0.6,0.6,0.6,0.6
0,2,0,1,1.0,0.0,0.76278657,0.6677499,0.875408569397236,1.0,21.0,0.0,0.0,1.0,0.0,29.0,21.0,29.0,DT-Top1,Full-CertiTwin-q90,306,5,0.6,0.6,0.6,0.6,0.6
0,4,0,1,1.0,0.0,0.76278657,0.76313806,1.000460797309265,1.0,57.0,0.0,0.0,1.0,0.0,29.0,39.0,11.0,DT-Top1,SLA-Rule-Shield,306,5,0.6,0.6,0.6,0.6,0.6
0,2,0,1,1.0,0.0,0.76278657,0.6677499,0.875408569397236,1.0,21.0,0.0,0.0,1.0,0.0,29.0,21.0,29.0,DT-Top1,Fixed-UCB-1sigma-Shield,306,5,0.6,0.6,0.6,0.6,0.6
0,2,0,1,1.0,0.0,0.76278657,0.6677499,0.875408569397236,1.0,21.0,0.0,0.0,1.0,0.0,29.0,21.0,29.0,DT-Top1,Fixed-UCB-1.64sigma-Shield,306,5,0.6,0.6,0.6,0.6,0.6
2,2,1,1,0.0,0.0,0.6677499,0.6677499,0.9999999999985024,0.0,0.0,0.0,0.0,1.0,21.0,29.0,21.0,29.0,PF,Full-CertiTwin-q90,307,5,0.6,0.6,0.6,0.6,0.6
2,2,1,1,0.0,0.0,0.6677499,0.6677499,0.9999999999985024,0.0,0.0,0.0,0.0,1.0,21.0,29.0,21.0,29.0,PF,SLA-Rule-Shield,307,5,0.6,0.6,0.6,0.6,0.6
2,2,1,1,0.0,0.0,0.6677499,0.6677499,0.9999999999985024,0.0,0.0,0.0,0.0,1.0,21.0,29.0,21.0,29.0,PF,Fixed-UCB-1sigma-Shield,307,5,0.6,0.6,0.6,0.6,0.6
2,2,1,1,0.0,0.0,0.6677499,0.6677499,0.9999999999985024,0.0,0.0,0.0,0.0,1.0,21.0,29.0,21.0,29.0,PF,Fixed-UCB-1.64sigma-Shield,307,5,0.6,0.6,0.6,0.6,0.6
4,4,1,1,0.0,0.0,0.7777951,0.7777951,0.9999999999987144,0.0,0.0,0.0,0.0,1.0,39.0,11.0,39.0,11.0,Greedy-SLA,Full-CertiTwin-q90,307,5,0.6,0.6,0.6,0.6,0.6
4,4,1,1,0.0,0.0,0.7777951,0.7777951,0.9999999999987144,0.0,0.0,0.0,0.0,1.0,39.0,11.0,39.0,11.0,Greedy-SLA,SLA-Rule-Shield,307,5,0.6,0.6,0.6,0.6,0.6
4,4,1,1,0.0,0.0,0.7777951,0.7777951,0.9999999999987144,0.0,0.0,0.0,0.0,1.0,39.0,11.0,39.0,11.0,Greedy-SLA,Fixed-UCB-1sigma-Shield,307,5,0.6,0.6,0.6,0.6,0.6
4,4,1,1,0.0,0.0,0.7777951,0.7777951,0.9999999999987144,0.0,0.0,0.0,0.0,1.0,39.0,11.0,39.0,11.0,Greedy-SLA,Fixed-UCB-1.64sigma-Shield,307,5,0.6,0.6,0.6,0.6,0.6
0,2,0,1,1.0,0.0,0.76278657,0.6677499,0.875408569397236,1.0,21.0,0.0,0.0,1.0,0.0,29.0,21.0,29.0,DT-Top1,Full-CertiTwin-q90,307,5,0.6,0.6,0.6,0.6,0.6
0,4,0,1,1.0,0.0,0.76278657,0.7777951,1.0196759232388952,1.0,57.0,0.0,0.0,1.0,0.0,29.0,39.0,11.0,DT-Top1,SLA-Rule-Shield,307,5,0.6,0.6,0.6,0.6,0.6
0,2,0,1,1.0,0.0,0.76278657,0.6677499,0.875408569397236,1.0,21.0,0.0,0.0,1.0,0.0,29.0,21.0,29.0,DT-Top1,Fixed-UCB-1sigma-Shield,307,5,0.6,0.6,0.6,0.6,0.6
0,2,0,1,1.0,0.0,0.76278657,0.6677499,0.875408569397236,1.0,21.0,0.0,0.0,1.0,0.0,29.0,21.0,29.0,DT-Top1,Fixed-UCB-1.64sigma-Shield,307,5,0.6,0.6,0.6,0.6,0.6
2,2,1,1,0.0,0.0,0.6677499,0.6677499,0.9999999999985024,0.0,0.0,0.0,0.0,1.0,21.0,29.0,21.0,29.0,PF,Full-CertiTwin-q90,308,5,0.6,0.6,0.6,0.6,0.6
2,2,1,1,0.0,0.0,0.6677499,0.6677499,0.9999999999985024,0.0,0.0,0.0,0.0,1.0,21.0,29.0,21.0,29.0,PF,SLA-Rule-Shield,308,5,0.6,0.6,0.6,0.6,0.6
2,2,1,1,0.0,0.0,0.6677499,0.6677499,0.9999999999985024,0.0,0.0,0.0,0.0,1.0,21.0,29.0,21.0,29.0,PF,Fixed-UCB-1sigma-Shield,308,5,0.6,0.6,0.6,0.6,0.6
2,2,1,1,0.0,0.0,0.6677499,0.6677499,0.9999999999985024,0.0,0.0,0.0,0.0,1.0,21.0,29.0,21.0,29.0,PF,Fixed-UCB-1.64sigma-Shield,308,5,0.6,0.6,0.6,0.6,0.6
4,4,1,1,0.0,0.0,0.76313806,0.76313806,0.9999999999986896,0.0,0.0,0.0,0.0,1.0,39.0,11.0,39.0,11.0,Greedy-SLA,Full-CertiTwin-q90,308,5,0.6,0.6,0.6,0.6,0.6
4,4,1,1,0.0,0.0,0.76313806,0.76313806,0.9999999999986896,0.0,0.0,0.0,0.0,1.0,39.0,11.0,39.0,11.0,Greedy-SLA,SLA-Rule-Shield,308,5,0.6,0.6,0.6,0.6,0.6
4,4,1,1,0.0,0.0,0.76313806,0.76313806,0.9999999999986896,0.0,0.0,0.0,0.0,1.0,39.0,11.0,39.0,11.0,Greedy-SLA,Fixed-UCB-1sigma-Shield,308,5,0.6,0.6,0.6,0.6,0.6
4,4,1,1,0.0,0.0,0.76313806,0.76313806,0.9999999999986896,0.0,0.0,0.0,0.0,1.0,39.0,11.0,39.0,11.0,Greedy-SLA,Fixed-UCB-1.64sigma-Shield,308,5,0.6,0.6,0.6,0.6,0.6
0,2,0,1,1.0,0.0,0.76278657,0.6677499,0.875408569397236,1.0,21.0,0.0,0.0,1.0,0.0,29.0,21.0,29.0,DT-Top1,Full-CertiTwin-q90,308,5,0.6,0.6,0.6,0.6,0.6
0,4,0,1,1.0,0.0,0.76278657,0.76313806,1.000460797309265,1.0,57.0,0.0,0.0,1.0,0.0,29.0,39.0,11.0,DT-Top1,SLA-Rule-Shield,308,5,0.6,0.6,0.6,0.6,0.6
0,2,0,1,1.0,0.0,0.76278657,0.6677499,0.875408569397236,1.0,21.0,0.0,0.0,1.0,0.0,29.0,21.0,29.0,DT-Top1,Fixed-UCB-1sigma-Shield,308,5,0.6,0.6,0.6,0.6,0.6
0,2,0,1,1.0,0.0,0.76278657,0.6677499,0.875408569397236,1.0,21.0,0.0,0.0,1.0,0.0,29.0,21.0,29.0,DT-Top1,Fixed-UCB-1.64sigma-Shield,308,5,0.6,0.6,0.6,0.6,0.6
2,2,1,1,0.0,0.0,0.6677499,0.6677499,0.9999999999985024,0.0,0.0,0.0,0.0,1.0,21.0,29.0,21.0,29.0,PF,Full-CertiTwin-q90,309,5,0.6,0.6,0.6,0.6,0.6
2,2,1,1,0.0,0.0,0.6677499,0.6677499,0.9999999999985024,0.0,0.0,0.0,0.0,1.0,21.0,29.0,21.0,29.0,PF,SLA-Rule-Shield,309,5,0.6,0.6,0.6,0.6,0.6
2,2,1,1,0.0,0.0,0.6677499,0.6677499,0.9999999999985024,0.0,0.0,0.0,0.0,1.0,21.0,29.0,21.0,29.0,PF,Fixed-UCB-1sigma-Shield,309,5,0.6,0.6,0.6,0.6,0.6
2,2,1,1,0.0,0.0,0.6677499,0.6677499,0.9999999999985024,0.0,0.0,0.0,0.0,1.0,21.0,29.0,21.0,29.0,PF,Fixed-UCB-1.64sigma-Shield,309,5,0.6,0.6,0.6,0.6,0.6
4,4,1,1,0.0,0.0,0.76313806,0.76313806,0.9999999999986896,0.0,0.0,0.0,0.0,1.0,39.0,11.0,39.0,11.0,Greedy-SLA,Full-CertiTwin-q90,309,5,0.6,0.6,0.6,0.6,0.6
4,4,1,1,0.0,0.0,0.76313806,0.76313806,0.9999999999986896,0.0,0.0,0.0,0.0,1.0,39.0,11.0,39.0,11.0,Greedy-SLA,SLA-Rule-Shield,309,5,0.6,0.6,0.6,0.6,0.6
4,4,1,1,0.0,0.0,0.76313806,0.76313806,0.9999999999986896,0.0,0.0,0.0,0.0,1.0,39.0,11.0,39.0,11.0,Greedy-SLA,Fixed-UCB-1sigma-Shield,309,5,0.6,0.6,0.6,0.6,0.6
4,4,1,1,0.0,0.0,0.76313806,0.76313806,0.9999999999986896,0.0,0.0,0.0,0.0,1.0,39.0,11.0,39.0,11.0,Greedy-SLA,Fixed-UCB-1.64sigma-Shield,309,5,0.6,0.6,0.6,0.6,0.6
4,4,1,1,0.0,0.0,0.76313806,0.76313806,0.9999999999986896,0.0,0.0,0.0,0.0,1.0,39.0,11.0,39.0,11.0,DT-Top1,Full-CertiTwin-q90,309,5,0.6,0.6,0.6,0.6,0.6
4,4,1,1,0.0,0.0,0.76313806,0.76313806,0.9999999999986896,0.0,0.0,0.0,0.0,1.0,39.0,11.0,39.0,11.0,DT-Top1,SLA-Rule-Shield,309,5,0.6,0.6,0.6,0.6,0.6
4,4,1,1,0.0,0.0,0.76313806,0.76313806,0.9999999999986896,0.0,0.0,0.0,0.0,1.0,39.0,11.0,39.0,11.0,DT-Top1,Fixed-UCB-1sigma-Shield,309,5,0.6,0.6,0.6,0.6,0.6
4,4,1,1,0.0,0.0,0.76313806,0.76313806,0.9999999999986896,0.0,0.0,0.0,0.0,1.0,39.0,11.0,39.0,11.0,DT-Top1,Fixed-UCB-1.64sigma-Shield,309,5,0.6,0.6,0.6,0.6,0.6
2,2,1,1,0.0,0.0,0.6677499,0.6677499,0.9999999999985024,0.0,0.0,0.0,0.0,1.0,21.0,29.0,21.0,29.0,PF,Full-CertiTwin-q90,310,5,0.6,0.6,0.6,0.6,0.6
2,2,1,1,0.0,0.0,0.6677499,0.6677499,0.9999999999985024,0.0,0.0,0.0,0.0,1.0,21.0,29.0,21.0,29.0,PF,SLA-Rule-Shield,310,5,0.6,0.6,0.6,0.6,0.6
2,2,1,1,0.0,0.0,0.6677499,0.6677499,0.9999999999985024,0.0,0.0,0.0,0.0,1.0,21.0,29.0,21.0,29.0,PF,Fixed-UCB-1sigma-Shield,310,5,0.6,0.6,0.6,0.6,0.6
2,2,1,1,0.0,0.0,0.6677499,0.6677499,0.9999999999985024,0.0,0.0,0.0,0.0,1.0,21.0,29.0,21.0,29.0,PF,Fixed-UCB-1.64sigma-Shield,310,5,0.6,0.6,0.6,0.6,0.6
4,4,1,1,0.0,0.0,0.76313806,0.76313806,0.9999999999986896,0.0,0.0,0.0,0.0,1.0,39.0,11.0,39.0,11.0,Greedy-SLA,Full-CertiTwin-q90,310,5,0.6,0.6,0.6,0.6,0.6
4,4,1,1,0.0,0.0,0.76313806,0.76313806,0.9999999999986896,0.0,0.0,0.0,0.0,1.0,39.0,11.0,39.0,11.0,Greedy-SLA,SLA-Rule-Shield,310,5,0.6,0.6,0.6,0.6,0.6
4,4,1,1,0.0,0.0,0.76313806,0.76313806,0.9999999999986896,0.0,0.0,0.0,0.0,1.0,39.0,11.0,39.0,11.0,Greedy-SLA,Fixed-UCB-1sigma-Shield,310,5,0.6,0.6,0.6,0.6,0.6
4,4,1,1,0.0,0.0,0.76313806,0.76313806,0.9999999999986896,0.0,0.0,0.0,0.0,1.0,39.0,11.0,39.0,11.0,Greedy-SLA,Fixed-UCB-1.64sigma-Shield,310,5,0.6,0.6,0.6,0.6,0.6
4,4,1,1,0.0,0.0,0.76313806,0.76313806,0.9999999999986896,0.0,0.0,0.0,0.0,1.0,39.0,11.0,39.0,11.0,DT-Top1,Full-CertiTwin-q90,310,5,0.6,0.6,0.6,0.6,0.6
4,4,1,1,0.0,0.0,0.76313806,0.76313806,0.9999999999986896,0.0,0.0,0.0,0.0,1.0,39.0,11.0,39.0,11.0,DT-Top1,SLA-Rule-Shield,310,5,0.6,0.6,0.6,0.6,0.6
4,4,1,1,0.0,0.0,0.76313806,0.76313806,0.9999999999986896,0.0,0.0,0.0,0.0,1.0,39.0,11.0,39.0,11.0,DT-Top1,Fixed-UCB-1sigma-Shield,310,5,0.6,0.6,0.6,0.6,0.6
4,4,1,1,0.0,0.0,0.76313806,0.76313806,0.9999999999986896,0.0,0.0,0.0,0.0,1.0,39.0,11.0,39.0,11.0,DT-Top1,Fixed-UCB-1.64sigma-Shield,310,5,0.6,0.6,0.6,0.6,0.6
2,2,1,1,0.0,0.0,0.6677499,0.6677499,0.9999999999985024,0.0,0.0,0.0,0.0,1.0,21.0,29.0,21.0,29.0,PF,Full-CertiTwin-q90,311,5,0.6,0.6,0.6,0.6,0.6
2,2,1,1,0.0,0.0,0.6677499,0.6677499,0.9999999999985024,0.0,0.0,0.0,0.0,1.0,21.0,29.0,21.0,29.0,PF,SLA-Rule-Shield,311,5,0.6,0.6,0.6,0.6,0.6
2,2,1,1,0.0,0.0,0.6677499,0.6677499,0.9999999999985024,0.0,0.0,0.0,0.0,1.0,21.0,29.0,21.0,29.0,PF,Fixed-UCB-1sigma-Shield,311,5,0.6,0.6,0.6,0.6,0.6
2,2,1,1,0.0,0.0,0.6677499,0.6677499,0.9999999999985024,0.0,0.0,0.0,0.0,1.0,21.0,29.0,21.0,29.0,PF,Fixed-UCB-1.64sigma-Shield,311,5,0.6,0.6,0.6,0.6,0.6
4,4,1,1,0.0,0.0,0.76313806,0.76313806,0.9999999999986896,0.0,0.0,0.0,0.0,1.0,39.0,11.0,39.0,11.0,Greedy-SLA,Full-CertiTwin-q90,311,5,0.6,0.6,0.6,0.6,0.6
4,4,1,1,0.0,0.0,0.76313806,0.76313806,0.9999999999986896,0.0,0.0,0.0,0.0,1.0,39.0,11.0,39.0,11.0,Greedy-SLA,SLA-Rule-Shield,311,5,0.6,0.6,0.6,0.6,0.6
4,4,1,1,0.0,0.0,0.76313806,0.76313806,0.9999999999986896,0.0,0.0,0.0,0.0,1.0,39.0,11.0,39.0,11.0,Greedy-SLA,Fixed-UCB-1sigma-Shield,311,5,0.6,0.6,0.6,0.6,0.6
4,4,1,1,0.0,0.0,0.76313806,0.76313806,0.9999999999986896,0.0,0.0,0.0,0.0,1.0,39.0,11.0,39.0,11.0,Greedy-SLA,Fixed-UCB-1.64sigma-Shield,311,5,0.6,0.6,0.6,0.6,0.6
4,4,1,1,0.0,0.0,0.76313806,0.76313806,0.9999999999986896,0.0,0.0,0.0,0.0,1.0,39.0,11.0,39.0,11.0,DT-Top1,Full-CertiTwin-q90,311,5,0.6,0.6,0.6,0.6,0.6
4,4,1,1,0.0,0.0,0.76313806,0.76313806,0.9999999999986896,0.0,0.0,0.0,0.0,1.0,39.0,11.0,39.0,11.0,DT-Top1,SLA-Rule-Shield,311,5,0.6,0.6,0.6,0.6,0.6
4,4,1,1,0.0,0.0,0.76313806,0.76313806,0.9999999999986896,0.0,0.0,0.0,0.0,1.0,39.0,11.0,39.0,11.0,DT-Top1,Fixed-UCB-1sigma-Shield,311,5,0.6,0.6,0.6,0.6,0.6
4,4,1,1,0.0,0.0,0.76313806,0.76313806,0.9999999999986896,0.0,0.0,0.0,0.0,1.0,39.0,11.0,39.0,11.0,DT-Top1,Fixed-UCB-1.64sigma-Shield,311,5,0.6,0.6,0.6,0.6,0.6
2,2,1,1,0.0,0.0,0.6677499,0.6677499,0.9999999999985024,0.0,0.0,0.0,0.0,1.0,21.0,29.0,21.0,29.0,PF,Full-CertiTwin-q90,312,5,0.6,0.6,0.6,0.6,0.6
2,2,1,1,0.0,0.0,0.6677499,0.6677499,0.9999999999985024,0.0,0.0,0.0,0.0,1.0,21.0,29.0,21.0,29.0,PF,SLA-Rule-Shield,312,5,0.6,0.6,0.6,0.6,0.6
2,2,1,1,0.0,0.0,0.6677499,0.6677499,0.9999999999985024,0.0,0.0,0.0,0.0,1.0,21.0,29.0,21.0,29.0,PF,Fixed-UCB-1sigma-Shield,312,5,0.6,0.6,0.6,0.6,0.6
2,2,1,1,0.0,0.0,0.6677499,0.6677499,0.9999999999985024,0.0,0.0,0.0,0.0,1.0,21.0,29.0,21.0,29.0,PF,Fixed-UCB-1.64sigma-Shield,312,5,0.6,0.6,0.6,0.6,0.6
4,4,1,1,0.0,0.0,0.7777951,0.7777951,0.9999999999987144,0.0,0.0,0.0,0.0,1.0,39.0,11.0,39.0,11.0,Greedy-SLA,Full-CertiTwin-q90,312,5,0.6,0.6,0.6,0.6,0.6
4,4,1,1,0.0,0.0,0.7777951,0.7777951,0.9999999999987144,0.0,0.0,0.0,0.0,1.0,39.0,11.0,39.0,11.0,Greedy-SLA,SLA-Rule-Shield,312,5,0.6,0.6,0.6,0.6,0.6
4,4,1,1,0.0,0.0,0.7777951,0.7777951,0.9999999999987144,0.0,0.0,0.0,0.0,1.0,39.0,11.0,39.0,11.0,Greedy-SLA,Fixed-UCB-1sigma-Shield,312,5,0.6,0.6,0.6,0.6,0.6
4,4,1,1,0.0,0.0,0.7777951,0.7777951,0.9999999999987144,0.0,0.0,0.0,0.0,1.0,39.0,11.0,39.0,11.0,Greedy-SLA,Fixed-UCB-1.64sigma-Shield,312,5,0.6,0.6,0.6,0.6,0.6
4,4,1,1,0.0,0.0,0.7777951,0.7777951,0.9999999999987144,0.0,0.0,0.0,0.0,1.0,39.0,11.0,39.0,11.0,DT-Top1,Full-CertiTwin-q90,312,5,0.6,0.6,0.6,0.6,0.6
4,4,1,1,0.0,0.0,0.7777951,0.7777951,0.9999999999987144,0.0,0.0,0.0,0.0,1.0,39.0,11.0,39.0,11.0,DT-Top1,SLA-Rule-Shield,312,5,0.6,0.6,0.6,0.6,0.6
4,4,1,1,0.0,0.0,0.7777951,0.7777951,0.9999999999987144,0.0,0.0,0.0,0.0,1.0,39.0,11.0,39.0,11.0,DT-Top1,Fixed-UCB-1sigma-Shield,312,5,0.6,0.6,0.6,0.6,0.6
4,4,1,1,0.0,0.0,0.7777951,0.7777951,0.9999999999987144,0.0,0.0,0.0,0.0,1.0,39.0,11.0,39.0,11.0,DT-Top1,Fixed-UCB-1.64sigma-Shield,312,5,0.6,0.6,0.6,0.6,0.6
2,2,1,1,0.0,0.0,0.6677499,0.6677499,0.9999999999985024,0.0,0.0,0.0,0.0,1.0,21.0,29.0,21.0,29.0,PF,Full-CertiTwin-q90,313,5,0.6,0.6,0.6,0.6,0.6
2,2,1,1,0.0,0.0,0.6677499,0.6677499,0.9999999999985024,0.0,0.0,0.0,0.0,1.0,21.0,29.0,21.0,29.0,PF,SLA-Rule-Shield,313,5,0.6,0.6,0.6,0.6,0.6
2,2,1,1,0.0,0.0,0.6677499,0.6677499,0.9999999999985024,0.0,0.0,0.0,0.0,1.0,21.0,29.0,21.0,29.0,PF,Fixed-UCB-1sigma-Shield,313,5,0.6,0.6,0.6,0.6,0.6
2,2,1,1,0.0,0.0,0.6677499,0.6677499,0.9999999999985024,0.0,0.0,0.0,0.0,1.0,21.0,29.0,21.0,29.0,PF,Fixed-UCB-1.64sigma-Shield,313,5,0.6,0.6,0.6,0.6,0.6
4,4,1,1,0.0,0.0,0.7526786,0.7526786,0.9999999999986714,0.0,0.0,0.0,0.0,1.0,39.0,11.0,39.0,11.0,Greedy-SLA,Full-CertiTwin-q90,313,5,0.6,0.6,0.6,0.6,0.6
4,4,1,1,0.0,0.0,0.7526786,0.7526786,0.9999999999986714,0.0,0.0,0.0,0.0,1.0,39.0,11.0,39.0,11.0,Greedy-SLA,SLA-Rule-Shield,313,5,0.6,0.6,0.6,0.6,0.6
4,4,1,1,0.0,0.0,0.7526786,0.7526786,0.9999999999986714,0.0,0.0,0.0,0.0,1.0,39.0,11.0,39.0,11.0,Greedy-SLA,Fixed-UCB-1sigma-Shield,313,5,0.6,0.6,0.6,0.6,0.6
4,4,1,1,0.0,0.0,0.7526786,0.7526786,0.9999999999986714,0.0,0.0,0.0,0.0,1.0,39.0,11.0,39.0,11.0,Greedy-SLA,Fixed-UCB-1.64sigma-Shield,313,5,0.6,0.6,0.6,0.6,0.6
0,2,0,1,1.0,0.0,0.76278657,0.6677499,0.875408569397236,1.0,21.0,0.0,0.0,1.0,0.0,29.0,21.0,29.0,DT-Top1,Full-CertiTwin-q90,313,5,0.6,0.6,0.6,0.6,0.6
0,4,0,1,1.0,0.0,0.76278657,0.7526786,0.9867486261576592,1.0,57.0,0.0,0.0,1.0,0.0,29.0,39.0,11.0,DT-Top1,SLA-Rule-Shield,313,5,0.6,0.6,0.6,0.6,0.6
0,2,0,1,1.0,0.0,0.76278657,0.6677499,0.875408569397236,1.0,21.0,0.0,0.0,1.0,0.0,29.0,21.0,29.0,DT-Top1,Fixed-UCB-1sigma-Shield,313,5,0.6,0.6,0.6,0.6,0.6
0,2,0,1,1.0,0.0,0.76278657,0.6677499,0.875408569397236,1.0,21.0,0.0,0.0,1.0,0.0,29.0,21.0,29.0,DT-Top1,Fixed-UCB-1.64sigma-Shield,313,5,0.6,0.6,0.6,0.6,0.6
2,2,1,1,0.0,0.0,0.6677499,0.6677499,0.9999999999985024,0.0,0.0,0.0,0.0,1.0,21.0,29.0,21.0,29.0,PF,Full-CertiTwin-q90,314,5,0.6,0.6,0.6,0.6,0.6
2,2,1,1,0.0,0.0,0.6677499,0.6677499,0.9999999999985024,0.0,0.0,0.0,0.0,1.0,21.0,29.0,21.0,29.0,PF,SLA-Rule-Shield,314,5,0.6,0.6,0.6,0.6,0.6
2,2,1,1,0.0,0.0,0.6677499,0.6677499,0.9999999999985024,0.0,0.0,0.0,0.0,1.0,21.0,29.0,21.0,29.0,PF,Fixed-UCB-1sigma-Shield,314,5,0.6,0.6,0.6,0.6,0.6
2,2,1,1,0.0,0.0,0.6677499,0.6677499,0.9999999999985024,0.0,0.0,0.0,0.0,1.0,21.0,29.0,21.0,29.0,PF,Fixed-UCB-1.64sigma-Shield,314,5,0.6,0.6,0.6,0.6,0.6
0,2,0,1,1.0,0.0,0.76278657,0.6677499,0.875408569397236,1.0,21.0,0.0,0.0,1.0,0.0,29.0,21.0,29.0,Greedy-SLA,Full-CertiTwin-q90,314,5,0.6,0.6,0.6,0.6,0.6
0,4,0,1,1.0,0.0,0.76278657,0.76313806,1.000460797309265,1.0,57.0,0.0,0.0,1.0,0.0,29.0,39.0,11.0,Greedy-SLA,SLA-Rule-Shield,314,5,0.6,0.6,0.6,0.6,0.6
0,2,0,1,1.0,0.0,0.76278657,0.6677499,0.875408569397236,1.0,21.0,0.0,0.0,1.0,0.0,29.0,21.0,29.0,Greedy-SLA,Fixed-UCB-1sigma-Shield,314,5,0.6,0.6,0.6,0.6,0.6
0,2,0,1,1.0,0.0,0.76278657,0.6677499,0.875408569397236,1.0,21.0,0.0,0.0,1.0,0.0,29.0,21.0,29.0,Greedy-SLA,Fixed-UCB-1.64sigma-Shield,314,5,0.6,0.6,0.6,0.6,0.6
0,2,0,1,1.0,0.0,0.76278657,0.6677499,0.875408569397236,1.0,21.0,0.0,0.0,1.0,0.0,29.0,21.0,29.0,DT-Top1,Full-CertiTwin-q90,314,5,0.6,0.6,0.6,0.6,0.6
0,4,0,1,1.0,0.0,0.76278657,0.76313806,1.000460797309265,1.0,57.0,0.0,0.0,1.0,0.0,29.0,39.0,11.0,DT-Top1,SLA-Rule-Shield,314,5,0.6,0.6,0.6,0.6,0.6
0,2,0,1,1.0,0.0,0.76278657,0.6677499,0.875408569397236,1.0,21.0,0.0,0.0,1.0,0.0,29.0,21.0,29.0,DT-Top1,Fixed-UCB-1sigma-Shield,314,5,0.6,0.6,0.6,0.6,0.6
0,2,0,1,1.0,0.0,0.76278657,0.6677499,0.875408569397236,1.0,21.0,0.0,0.0,1.0,0.0,29.0,21.0,29.0,DT-Top1,Fixed-UCB-1.64sigma-Shield,314,5,0.6,0.6,0.6,0.6,0.6
2,2,1,1,0.0,0.0,0.6677499,0.6677499,0.9999999999985024,0.0,0.0,0.0,0.0,1.0,21.0,29.0,21.0,29.0,PF,Full-CertiTwin-q90,315,5,0.6,0.6,0.6,0.6,0.6
2,2,1,1,0.0,0.0,0.6677499,0.6677499,0.9999999999985024,0.0,0.0,0.0,0.0,1.0,21.0,29.0,21.0,29.0,PF,SLA-Rule-Shield,315,5,0.6,0.6,0.6,0.6,0.6
2,2,1,1,0.0,0.0,0.6677499,0.6677499,0.9999999999985024,0.0,0.0,0.0,0.0,1.0,21.0,29.0,21.0,29.0,PF,Fixed-UCB-1sigma-Shield,315,5,0.6,0.6,0.6,0.6,0.6
2,2,1,1,0.0,0.0,0.6677499,0.6677499,0.9999999999985024,0.0,0.0,0.0,0.0,1.0,21.0,29.0,21.0,29.0,PF,Fixed-UCB-1.64sigma-Shield,315,5,0.6,0.6,0.6,0.6,0.6
0,2,0,1,1.0,0.0,0.76278657,0.6677499,0.875408569397236,1.0,21.0,0.0,0.0,1.0,0.0,29.0,21.0,29.0,Greedy-SLA,Full-CertiTwin-q90,315,5,0.6,0.6,0.6,0.6,0.6
0,4,0,1,1.0,0.0,0.76278657,0.76313806,1.000460797309265,1.0,57.0,0.0,0.0,1.0,0.0,29.0,39.0,11.0,Greedy-SLA,SLA-Rule-Shield,315,5,0.6,0.6,0.6,0.6,0.6
0,2,0,1,1.0,0.0,0.76278657,0.6677499,0.875408569397236,1.0,21.0,0.0,0.0,1.0,0.0,29.0,21.0,29.0,Greedy-SLA,Fixed-UCB-1sigma-Shield,315,5,0.6,0.6,0.6,0.6,0.6
0,2,0,1,1.0,0.0,0.76278657,0.6677499,0.875408569397236,1.0,21.0,0.0,0.0,1.0,0.0,29.0,21.0,29.0,Greedy-SLA,Fixed-UCB-1.64sigma-Shield,315,5,0.6,0.6,0.6,0.6,0.6
0,2,0,1,1.0,0.0,0.76278657,0.6677499,0.875408569397236,1.0,21.0,0.0,0.0,1.0,0.0,29.0,21.0,29.0,DT-Top1,Full-CertiTwin-q90,315,5,0.6,0.6,0.6,0.6,0.6
0,4,0,1,1.0,0.0,0.76278657,0.76313806,1.000460797309265,1.0,57.0,0.0,0.0,1.0,0.0,29.0,39.0,11.0,DT-Top1,SLA-Rule-Shield,315,5,0.6,0.6,0.6,0.6,0.6
0,2,0,1,1.0,0.0,0.76278657,0.6677499,0.875408569397236,1.0,21.0,0.0,0.0,1.0,0.0,29.0,21.0,29.0,DT-Top1,Fixed-UCB-1sigma-Shield,315,5,0.6,0.6,0.6,0.6,0.6
0,2,0,1,1.0,0.0,0.76278657,0.6677499,0.875408569397236,1.0,21.0,0.0,0.0,1.0,0.0,29.0,21.0,29.0,DT-Top1,Fixed-UCB-1.64sigma-Shield,315,5,0.6,0.6,0.6,0.6,0.6
2,2,1,1,0.0,0.0,0.6677499,0.6677499,0.9999999999985024,0.0,0.0,0.0,0.0,1.0,21.0,29.0,21.0,29.0,PF,Full-CertiTwin-q90,316,5,0.6,0.6,0.6,0.6,0.6
2,2,1,1,0.0,0.0,0.6677499,0.6677499,0.9999999999985024,0.0,0.0,0.0,0.0,1.0,21.0,29.0,21.0,29.0,PF,SLA-Rule-Shield,316,5,0.6,0.6,0.6,0.6,0.6
2,2,1,1,0.0,0.0,0.6677499,0.6677499,0.9999999999985024,0.0,0.0,0.0,0.0,1.0,21.0,29.0,21.0,29.0,PF,Fixed-UCB-1sigma-Shield,316,5,0.6,0.6,0.6,0.6,0.6
2,2,1,1,0.0,0.0,0.6677499,0.6677499,0.9999999999985024,0.0,0.0,0.0,0.0,1.0,21.0,29.0,21.0,29.0,PF,Fixed-UCB-1.64sigma-Shield,316,5,0.6,0.6,0.6,0.6,0.6
4,4,1,1,0.0,0.0,0.76313806,0.76313806,0.9999999999986896,0.0,0.0,0.0,0.0,1.0,39.0,11.0,39.0,11.0,Greedy-SLA,Full-CertiTwin-q90,316,5,0.6,0.6,0.6,0.6,0.6
4,4,1,1,0.0,0.0,0.76313806,0.76313806,0.9999999999986896,0.0,0.0,0.0,0.0,1.0,39.0,11.0,39.0,11.0,Greedy-SLA,SLA-Rule-Shield,316,5,0.6,0.6,0.6,0.6,0.6
4,4,1,1,0.0,0.0,0.76313806,0.76313806,0.9999999999986896,0.0,0.0,0.0,0.0,1.0,39.0,11.0,39.0,11.0,Greedy-SLA,Fixed-UCB-1sigma-Shield,316,5,0.6,0.6,0.6,0.6,0.6
4,4,1,1,0.0,0.0,0.76313806,0.76313806,0.9999999999986896,0.0,0.0,0.0,0.0,1.0,39.0,11.0,39.0,11.0,Greedy-SLA,Fixed-UCB-1.64sigma-Shield,316,5,0.6,0.6,0.6,0.6,0.6
4,4,1,1,0.0,0.0,0.76313806,0.76313806,0.9999999999986896,0.0,0.0,0.0,0.0,1.0,39.0,11.0,39.0,11.0,DT-Top1,Full-CertiTwin-q90,316,5,0.6,0.6,0.6,0.6,0.6
4,4,1,1,0.0,0.0,0.76313806,0.76313806,0.9999999999986896,0.0,0.0,0.0,0.0,1.0,39.0,11.0,39.0,11.0,DT-Top1,SLA-Rule-Shield,316,5,0.6,0.6,0.6,0.6,0.6
4,4,1,1,0.0,0.0,0.76313806,0.76313806,0.9999999999986896,0.0,0.0,0.0,0.0,1.0,39.0,11.0,39.0,11.0,DT-Top1,Fixed-UCB-1sigma-Shield,316,5,0.6,0.6,0.6,0.6,0.6
4,4,1,1,0.0,0.0,0.76313806,0.76313806,0.9999999999986896,0.0,0.0,0.0,0.0,1.0,39.0,11.0,39.0,11.0,DT-Top1,Fixed-UCB-1.64sigma-Shield,316,5,0.6,0.6,0.6,0.6,0.6
2,2,1,1,0.0,0.0,0.6677499,0.6677499,0.9999999999985024,0.0,0.0,0.0,0.0,1.0,21.0,29.0,21.0,29.0,PF,Full-CertiTwin-q90,317,5,0.6,0.6,0.6,0.6,0.6
2,2,1,1,0.0,0.0,0.6677499,0.6677499,0.9999999999985024,0.0,0.0,0.0,0.0,1.0,21.0,29.0,21.0,29.0,PF,SLA-Rule-Shield,317,5,0.6,0.6,0.6,0.6,0.6
2,2,1,1,0.0,0.0,0.6677499,0.6677499,0.9999999999985024,0.0,0.0,0.0,0.0,1.0,21.0,29.0,21.0,29.0,PF,Fixed-UCB-1sigma-Shield,317,5,0.6,0.6,0.6,0.6,0.6
2,2,1,1,0.0,0.0,0.6677499,0.6677499,0.9999999999985024,0.0,0.0,0.0,0.0,1.0,21.0,29.0,21.0,29.0,PF,Fixed-UCB-1.64sigma-Shield,317,5,0.6,0.6,0.6,0.6,0.6
4,4,1,1,0.0,0.0,0.76313806,0.76313806,0.9999999999986896,0.0,0.0,0.0,0.0,1.0,39.0,11.0,39.0,11.0,Greedy-SLA,Full-CertiTwin-q90,317,5,0.6,0.6,0.6,0.6,0.6
4,4,1,1,0.0,0.0,0.76313806,0.76313806,0.9999999999986896,0.0,0.0,0.0,0.0,1.0,39.0,11.0,39.0,11.0,Greedy-SLA,SLA-Rule-Shield,317,5,0.6,0.6,0.6,0.6,0.6
4,4,1,1,0.0,0.0,0.76313806,0.76313806,0.9999999999986896,0.0,0.0,0.0,0.0,1.0,39.0,11.0,39.0,11.0,Greedy-SLA,Fixed-UCB-1sigma-Shield,317,5,0.6,0.6,0.6,0.6,0.6
4,4,1,1,0.0,0.0,0.76313806,0.76313806,0.9999999999986896,0.0,0.0,0.0,0.0,1.0,39.0,11.0,39.0,11.0,Greedy-SLA,Fixed-UCB-1.64sigma-Shield,317,5,0.6,0.6,0.6,0.6,0.6
4,4,1,1,0.0,0.0,0.76313806,0.76313806,0.9999999999986896,0.0,0.0,0.0,0.0,1.0,39.0,11.0,39.0,11.0,DT-Top1,Full-CertiTwin-q90,317,5,0.6,0.6,0.6,0.6,0.6
4,4,1,1,0.0,0.0,0.76313806,0.76313806,0.9999999999986896,0.0,0.0,0.0,0.0,1.0,39.0,11.0,39.0,11.0,DT-Top1,SLA-Rule-Shield,317,5,0.6,0.6,0.6,0.6,0.6
4,4,1,1,0.0,0.0,0.76313806,0.76313806,0.9999999999986896,0.0,0.0,0.0,0.0,1.0,39.0,11.0,39.0,11.0,DT-Top1,Fixed-UCB-1sigma-Shield,317,5,0.6,0.6,0.6,0.6,0.6
4,4,1,1,0.0,0.0,0.76313806,0.76313806,0.9999999999986896,0.0,0.0,0.0,0.0,1.0,39.0,11.0,39.0,11.0,DT-Top1,Fixed-UCB-1.64sigma-Shield,317,5,0.6,0.6,0.6,0.6,0.6
2,2,1,1,0.0,0.0,0.6677499,0.6677499,0.9999999999985024,0.0,0.0,0.0,0.0,1.0,21.0,29.0,21.0,29.0,PF,Full-CertiTwin-q90,318,5,0.6,0.6,0.6,0.6,0.6
2,2,1,1,0.0,0.0,0.6677499,0.6677499,0.9999999999985024,0.0,0.0,0.0,0.0,1.0,21.0,29.0,21.0,29.0,PF,SLA-Rule-Shield,318,5,0.6,0.6,0.6,0.6,0.6
2,2,1,1,0.0,0.0,0.6677499,0.6677499,0.9999999999985024,0.0,0.0,0.0,0.0,1.0,21.0,29.0,21.0,29.0,PF,Fixed-UCB-1sigma-Shield,318,5,0.6,0.6,0.6,0.6,0.6
2,2,1,1,0.0,0.0,0.6677499,0.6677499,0.9999999999985024,0.0,0.0,0.0,0.0,1.0,21.0,29.0,21.0,29.0,PF,Fixed-UCB-1.64sigma-Shield,318,5,0.6,0.6,0.6,0.6,0.6
4,4,1,1,0.0,0.0,0.7566483,0.7566483,0.9999999999986784,0.0,0.0,0.0,0.0,1.0,39.0,11.0,39.0,11.0,Greedy-SLA,Full-CertiTwin-q90,318,5,0.6,0.6,0.6,0.6,0.6
4,4,1,1,0.0,0.0,0.7566483,0.7566483,0.9999999999986784,0.0,0.0,0.0,0.0,1.0,39.0,11.0,39.0,11.0,Greedy-SLA,SLA-Rule-Shield,318,5,0.6,0.6,0.6,0.6,0.6
4,4,1,1,0.0,0.0,0.7566483,0.7566483,0.9999999999986784,0.0,0.0,0.0,0.0,1.0,39.0,11.0,39.0,11.0,Greedy-SLA,Fixed-UCB-1sigma-Shield,318,5,0.6,0.6,0.6,0.6,0.6
4,4,1,1,0.0,0.0,0.7566483,0.7566483,0.9999999999986784,0.0,0.0,0.0,0.0,1.0,39.0,11.0,39.0,11.0,Greedy-SLA,Fixed-UCB-1.64sigma-Shield,318,5,0.6,0.6,0.6,0.6,0.6
0,2,0,1,1.0,0.0,0.76278657,0.6677499,0.875408569397236,1.0,21.0,0.0,0.0,1.0,0.0,29.0,21.0,29.0,DT-Top1,Full-CertiTwin-q90,318,5,0.6,0.6,0.6,0.6,0.6
0,4,0,1,1.0,0.0,0.76278657,0.7566483,0.9919528341971308,1.0,57.0,0.0,0.0,1.0,0.0,29.0,39.0,11.0,DT-Top1,SLA-Rule-Shield,318,5,0.6,0.6,0.6,0.6,0.6
0,2,0,1,1.0,0.0,0.76278657,0.6677499,0.875408569397236,1.0,21.0,0.0,0.0,1.0,0.0,29.0,21.0,29.0,DT-Top1,Fixed-UCB-1sigma-Shield,318,5,0.6,0.6,0.6,0.6,0.6
0,2,0,1,1.0,0.0,0.76278657,0.6677499,0.875408569397236,1.0,21.0,0.0,0.0,1.0,0.0,29.0,21.0,29.0,DT-Top1,Fixed-UCB-1.64sigma-Shield,318,5,0.6,0.6,0.6,0.6,0.6
2,2,1,1,0.0,0.0,0.6677499,0.6677499,0.9999999999985024,0.0,0.0,0.0,0.0,1.0,21.0,29.0,21.0,29.0,PF,Full-CertiTwin-q90,319,5,0.6,0.6,0.6,0.6,0.6
2,2,1,1,0.0,0.0,0.6677499,0.6677499,0.9999999999985024,0.0,0.0,0.0,0.0,1.0,21.0,29.0,21.0,29.0,PF,SLA-Rule-Shield,319,5,0.6,0.6,0.6,0.6,0.6
2,2,1,1,0.0,0.0,0.6677499,0.6677499,0.9999999999985024,0.0,0.0,0.0,0.0,1.0,21.0,29.0,21.0,29.0,PF,Fixed-UCB-1sigma-Shield,319,5,0.6,0.6,0.6,0.6,0.6
2,2,1,1,0.0,0.0,0.6677499,0.6677499,0.9999999999985024,0.0,0.0,0.0,0.0,1.0,21.0,29.0,21.0,29.0,PF,Fixed-UCB-1.64sigma-Shield,319,5,0.6,0.6,0.6,0.6,0.6
4,4,1,1,0.0,0.0,0.76313806,0.76313806,0.9999999999986896,0.0,0.0,0.0,0.0,1.0,39.0,11.0,39.0,11.0,Greedy-SLA,Full-CertiTwin-q90,319,5,0.6,0.6,0.6,0.6,0.6
4,4,1,1,0.0,0.0,0.76313806,0.76313806,0.9999999999986896,0.0,0.0,0.0,0.0,1.0,39.0,11.0,39.0,11.0,Greedy-SLA,SLA-Rule-Shield,319,5,0.6,0.6,0.6,0.6,0.6
4,4,1,1,0.0,0.0,0.76313806,0.76313806,0.9999999999986896,0.0,0.0,0.0,0.0,1.0,39.0,11.0,39.0,11.0,Greedy-SLA,Fixed-UCB-1sigma-Shield,319,5,0.6,0.6,0.6,0.6,0.6
4,4,1,1,0.0,0.0,0.76313806,0.76313806,0.9999999999986896,0.0,0.0,0.0,0.0,1.0,39.0,11.0,39.0,11.0,Greedy-SLA,Fixed-UCB-1.64sigma-Shield,319,5,0.6,0.6,0.6,0.6,0.6
0,2,0,1,1.0,0.0,0.76278657,0.6677499,0.875408569397236,1.0,21.0,0.0,0.0,1.0,0.0,29.0,21.0,29.0,DT-Top1,Full-CertiTwin-q90,319,5,0.6,0.6,0.6,0.6,0.6
0,4,0,1,1.0,0.0,0.76278657,0.76313806,1.000460797309265,1.0,57.0,0.0,0.0,1.0,0.0,29.0,39.0,11.0,DT-Top1,SLA-Rule-Shield,319,5,0.6,0.6,0.6,0.6,0.6
0,2,0,1,1.0,0.0,0.76278657,0.6677499,0.875408569397236,1.0,21.0,0.0,0.0,1.0,0.0,29.0,21.0,29.0,DT-Top1,Fixed-UCB-1sigma-Shield,319,5,0.6,0.6,0.6,0.6,0.6
0,2,0,1,1.0,0.0,0.76278657,0.6677499,0.875408569397236,1.0,21.0,0.0,0.0,1.0,0.0,29.0,21.0,29.0,DT-Top1,Fixed-UCB-1.64sigma-Shield,319,5,0.6,0.6,0.6,0.6,0.6
2,2,1,1,0.0,0.0,0.6677499,0.6677499,0.9999999999985024,0.0,0.0,0.0,0.0,1.0,21.0,29.0,21.0,29.0,PF,Full-CertiTwin-q90,320,5,0.6,0.6,0.6,0.6,0.6
2,2,1,1,0.0,0.0,0.6677499,0.6677499,0.9999999999985024,0.0,0.0,0.0,0.0,1.0,21.0,29.0,21.0,29.0,PF,SLA-Rule-Shield,320,5,0.6,0.6,0.6,0.6,0.6
2,2,1,1,0.0,0.0,0.6677499,0.6677499,0.9999999999985024,0.0,0.0,0.0,0.0,1.0,21.0,29.0,21.0,29.0,PF,Fixed-UCB-1sigma-Shield,320,5,0.6,0.6,0.6,0.6,0.6
2,2,1,1,0.0,0.0,0.6677499,0.6677499,0.9999999999985024,0.0,0.0,0.0,0.0,1.0,21.0,29.0,21.0,29.0,PF,Fixed-UCB-1.64sigma-Shield,320,5,0.6,0.6,0.6,0.6,0.6
0,2,0,1,1.0,0.0,0.76278657,0.6677499,0.875408569397236,1.0,21.0,0.0,0.0,1.0,0.0,29.0,21.0,29.0,Greedy-SLA,Full-CertiTwin-q90,320,5,0.6,0.6,0.6,0.6,0.6
0,4,0,1,1.0,0.0,0.76278657,0.76313806,1.000460797309265,1.0,57.0,0.0,0.0,1.0,0.0,29.0,39.0,11.0,Greedy-SLA,SLA-Rule-Shield,320,5,0.6,0.6,0.6,0.6,0.6
0,2,0,1,1.0,0.0,0.76278657,0.6677499,0.875408569397236,1.0,21.0,0.0,0.0,1.0,0.0,29.0,21.0,29.0,Greedy-SLA,Fixed-UCB-1sigma-Shield,320,5,0.6,0.6,0.6,0.6,0.6
0,2,0,1,1.0,0.0,0.76278657,0.6677499,0.875408569397236,1.0,21.0,0.0,0.0,1.0,0.0,29.0,21.0,29.0,Greedy-SLA,Fixed-UCB-1.64sigma-Shield,320,5,0.6,0.6,0.6,0.6,0.6
0,2,0,1,1.0,0.0,0.76278657,0.6677499,0.875408569397236,1.0,21.0,0.0,0.0,1.0,0.0,29.0,21.0,29.0,DT-Top1,Full-CertiTwin-q90,320,5,0.6,0.6,0.6,0.6,0.6
0,4,0,1,1.0,0.0,0.76278657,0.76313806,1.000460797309265,1.0,57.0,0.0,0.0,1.0,0.0,29.0,39.0,11.0,DT-Top1,SLA-Rule-Shield,320,5,0.6,0.6,0.6,0.6,0.6
0,2,0,1,1.0,0.0,0.76278657,0.6677499,0.875408569397236,1.0,21.0,0.0,0.0,1.0,0.0,29.0,21.0,29.0,DT-Top1,Fixed-UCB-1sigma-Shield,320,5,0.6,0.6,0.6,0.6,0.6
0,2,0,1,1.0,0.0,0.76278657,0.6677499,0.875408569397236,1.0,21.0,0.0,0.0,1.0,0.0,29.0,21.0,29.0,DT-Top1,Fixed-UCB-1.64sigma-Shield,320,5,0.6,0.6,0.6,0.6,0.6
2,2,1,1,0.0,0.0,0.6677499,0.6677499,0.9999999999985024,0.0,0.0,0.0,0.0,1.0,21.0,29.0,21.0,29.0,PF,Full-CertiTwin-q90,321,5,0.6,0.6,0.6,0.6,0.6
2,2,1,1,0.0,0.0,0.6677499,0.6677499,0.9999999999985024,0.0,0.0,0.0,0.0,1.0,21.0,29.0,21.0,29.0,PF,SLA-Rule-Shield,321,5,0.6,0.6,0.6,0.6,0.6
2,2,1,1,0.0,0.0,0.6677499,0.6677499,0.9999999999985024,0.0,0.0,0.0,0.0,1.0,21.0,29.0,21.0,29.0,PF,Fixed-UCB-1sigma-Shield,321,5,0.6,0.6,0.6,0.6,0.6
2,2,1,1,0.0,0.0,0.6677499,0.6677499,0.9999999999985024,0.0,0.0,0.0,0.0,1.0,21.0,29.0,21.0,29.0,PF,Fixed-UCB-1.64sigma-Shield,321,5,0.6,0.6,0.6,0.6,0.6
4,4,1,1,0.0,0.0,0.7566483,0.7566483,0.9999999999986784,0.0,0.0,0.0,0.0,1.0,39.0,11.0,39.0,11.0,Greedy-SLA,Full-CertiTwin-q90,321,5,0.6,0.6,0.6,0.6,0.6
4,4,1,1,0.0,0.0,0.7566483,0.7566483,0.9999999999986784,0.0,0.0,0.0,0.0,1.0,39.0,11.0,39.0,11.0,Greedy-SLA,SLA-Rule-Shield,321,5,0.6,0.6,0.6,0.6,0.6
4,4,1,1,0.0,0.0,0.7566483,0.7566483,0.9999999999986784,0.0,0.0,0.0,0.0,1.0,39.0,11.0,39.0,11.0,Greedy-SLA,Fixed-UCB-1sigma-Shield,321,5,0.6,0.6,0.6,0.6,0.6
4,4,1,1,0.0,0.0,0.7566483,0.7566483,0.9999999999986784,0.0,0.0,0.0,0.0,1.0,39.0,11.0,39.0,11.0,Greedy-SLA,Fixed-UCB-1.64sigma-Shield,321,5,0.6,0.6,0.6,0.6,0.6
4,4,1,1,0.0,0.0,0.7566483,0.7566483,0.9999999999986784,0.0,0.0,0.0,0.0,1.0,39.0,11.0,39.0,11.0,DT-Top1,Full-CertiTwin-q90,321,5,0.6,0.6,0.6,0.6,0.6
4,4,1,1,0.0,0.0,0.7566483,0.7566483,0.9999999999986784,0.0,0.0,0.0,0.0,1.0,39.0,11.0,39.0,11.0,DT-Top1,SLA-Rule-Shield,321,5,0.6,0.6,0.6,0.6,0.6
4,4,1,1,0.0,0.0,0.7566483,0.7566483,0.9999999999986784,0.0,0.0,0.0,0.0,1.0,39.0,11.0,39.0,11.0,DT-Top1,Fixed-UCB-1sigma-Shield,321,5,0.6,0.6,0.6,0.6,0.6
4,4,1,1,0.0,0.0,0.7566483,0.7566483,0.9999999999986784,0.0,0.0,0.0,0.0,1.0,39.0,11.0,39.0,11.0,DT-Top1,Fixed-UCB-1.64sigma-Shield,321,5,0.6,0.6,0.6,0.6,0.6
2,2,1,1,0.0,0.0,0.6677499,0.6677499,0.9999999999985024,0.0,0.0,0.0,0.0,1.0,21.0,29.0,21.0,29.0,PF,Full-CertiTwin-q90,322,5,0.6,0.6,0.6,0.6,0.6
2,2,1,1,0.0,0.0,0.6677499,0.6677499,0.9999999999985024,0.0,0.0,0.0,0.0,1.0,21.0,29.0,21.0,29.0,PF,SLA-Rule-Shield,322,5,0.6,0.6,0.6,0.6,0.6
2,2,1,1,0.0,0.0,0.6677499,0.6677499,0.9999999999985024,0.0,0.0,0.0,0.0,1.0,21.0,29.0,21.0,29.0,PF,Fixed-UCB-1sigma-Shield,322,5,0.6,0.6,0.6,0.6,0.6
2,2,1,1,0.0,0.0,0.6677499,0.6677499,0.9999999999985024,0.0,0.0,0.0,0.0,1.0,21.0,29.0,21.0,29.0,PF,Fixed-UCB-1.64sigma-Shield,322,5,0.6,0.6,0.6,0.6,0.6
4,4,1,1,0.0,0.0,0.76313806,0.76313806,0.9999999999986896,0.0,0.0,0.0,0.0,1.0,39.0,11.0,39.0,11.0,Greedy-SLA,Full-CertiTwin-q90,322,5,0.6,0.6,0.6,0.6,0.6
4,4,1,1,0.0,0.0,0.76313806,0.76313806,0.9999999999986896,0.0,0.0,0.0,0.0,1.0,39.0,11.0,39.0,11.0,Greedy-SLA,SLA-Rule-Shield,322,5,0.6,0.6,0.6,0.6,0.6
4,4,1,1,0.0,0.0,0.76313806,0.76313806,0.9999999999986896,0.0,0.0,0.0,0.0,1.0,39.0,11.0,39.0,11.0,Greedy-SLA,Fixed-UCB-1sigma-Shield,322,5,0.6,0.6,0.6,0.6,0.6
4,4,1,1,0.0,0.0,0.76313806,0.76313806,0.9999999999986896,0.0,0.0,0.0,0.0,1.0,39.0,11.0,39.0,11.0,Greedy-SLA,Fixed-UCB-1.64sigma-Shield,322,5,0.6,0.6,0.6,0.6,0.6
0,2,0,1,1.0,0.0,0.7864371,0.6677499,0.8490823995957858,1.0,21.0,0.0,0.0,1.0,0.0,29.0,21.0,29.0,DT-Top1,Full-CertiTwin-q90,322,5,0.6,0.6,0.6,0.6,0.6
0,4,0,1,1.0,0.0,0.7864371,0.76313806,0.970373930730162,1.0,57.0,0.0,0.0,1.0,0.0,29.0,39.0,11.0,DT-Top1,SLA-Rule-Shield,322,5,0.6,0.6,0.6,0.6,0.6
0,2,0,1,1.0,0.0,0.7864371,0.6677499,0.8490823995957858,1.0,21.0,0.0,0.0,1.0,0.0,29.0,21.0,29.0,DT-Top1,Fixed-UCB-1sigma-Shield,322,5,0.6,0.6,0.6,0.6,0.6
0,2,0,1,1.0,0.0,0.7864371,0.6677499,0.8490823995957858,1.0,21.0,0.0,0.0,1.0,0.0,29.0,21.0,29.0,DT-Top1,Fixed-UCB-1.64sigma-Shield,322,5,0.6,0.6,0.6,0.6,0.6
2,2,1,1,0.0,0.0,0.6682329,0.6682329,0.9999999999985036,0.0,0.0,0.0,0.0,1.0,21.0,29.0,21.0,29.0,PF,Full-CertiTwin-q90,323,5,0.6,0.6,0.6,0.6,0.6
2,2,1,1,0.0,0.0,0.6682329,0.6682329,0.9999999999985036,0.0,0.0,0.0,0.0,1.0,21.0,29.0,21.0,29.0,PF,SLA-Rule-Shield,323,5,0.6,0.6,0.6,0.6,0.6
2,2,1,1,0.0,0.0,0.6682329,0.6682329,0.9999999999985036,0.0,0.0,0.0,0.0,1.0,21.0,29.0,21.0,29.0,PF,Fixed-UCB-1sigma-Shield,323,5,0.6,0.6,0.6,0.6,0.6
2,2,1,1,0.0,0.0,0.6682329,0.6682329,0.9999999999985036,0.0,0.0,0.0,0.0,1.0,21.0,29.0,21.0,29.0,PF,Fixed-UCB-1.64sigma-Shield,323,5,0.6,0.6,0.6,0.6,0.6
4,4,1,1,0.0,0.0,0.76313806,0.76313806,0.9999999999986896,0.0,0.0,0.0,0.0,1.0,39.0,11.0,39.0,11.0,Greedy-SLA,Full-CertiTwin-q90,323,5,0.6,0.6,0.6,0.6,0.6
4,4,1,1,0.0,0.0,0.76313806,0.76313806,0.9999999999986896,0.0,0.0,0.0,0.0,1.0,39.0,11.0,39.0,11.0,Greedy-SLA,SLA-Rule-Shield,323,5,0.6,0.6,0.6,0.6,0.6
4,4,1,1,0.0,0.0,0.76313806,0.76313806,0.9999999999986896,0.0,0.0,0.0,0.0,1.0,39.0,11.0,39.0,11.0,Greedy-SLA,Fixed-UCB-1sigma-Shield,323,5,0.6,0.6,0.6,0.6,0.6
4,4,1,1,0.0,0.0,0.76313806,0.76313806,0.9999999999986896,0.0,0.0,0.0,0.0,1.0,39.0,11.0,39.0,11.0,Greedy-SLA,Fixed-UCB-1.64sigma-Shield,323,5,0.6,0.6,0.6,0.6,0.6
4,4,1,1,0.0,0.0,0.76313806,0.76313806,0.9999999999986896,0.0,0.0,0.0,0.0,1.0,39.0,11.0,39.0,11.0,DT-Top1,Full-CertiTwin-q90,323,5,0.6,0.6,0.6,0.6,0.6
4,4,1,1,0.0,0.0,0.76313806,0.76313806,0.9999999999986896,0.0,0.0,0.0,0.0,1.0,39.0,11.0,39.0,11.0,DT-Top1,SLA-Rule-Shield,323,5,0.6,0.6,0.6,0.6,0.6
4,4,1,1,0.0,0.0,0.76313806,0.76313806,0.9999999999986896,0.0,0.0,0.0,0.0,1.0,39.0,11.0,39.0,11.0,DT-Top1,Fixed-UCB-1sigma-Shield,323,5,0.6,0.6,0.6,0.6,0.6
4,4,1,1,0.0,0.0,0.76313806,0.76313806,0.9999999999986896,0.0,0.0,0.0,0.0,1.0,39.0,11.0,39.0,11.0,DT-Top1,Fixed-UCB-1.64sigma-Shield,323,5,0.6,0.6,0.6,0.6,0.6
2,2,1,1,0.0,0.0,0.6677499,0.6677499,0.9999999999985024,0.0,0.0,0.0,0.0,1.0,21.0,29.0,21.0,29.0,PF,Full-CertiTwin-q90,324,5,0.6,0.6,0.6,0.6,0.6
2,2,1,1,0.0,0.0,0.6677499,0.6677499,0.9999999999985024,0.0,0.0,0.0,0.0,1.0,21.0,29.0,21.0,29.0,PF,SLA-Rule-Shield,324,5,0.6,0.6,0.6,0.6,0.6
2,2,1,1,0.0,0.0,0.6677499,0.6677499,0.9999999999985024,0.0,0.0,0.0,0.0,1.0,21.0,29.0,21.0,29.0,PF,Fixed-UCB-1sigma-Shield,324,5,0.6,0.6,0.6,0.6,0.6
2,2,1,1,0.0,0.0,0.6677499,0.6677499,0.9999999999985024,0.0,0.0,0.0,0.0,1.0,21.0,29.0,21.0,29.0,PF,Fixed-UCB-1.64sigma-Shield,324,5,0.6,0.6,0.6,0.6,0.6
0,2,0,1,1.0,0.0,0.76278657,0.6677499,0.875408569397236,1.0,21.0,0.0,0.0,1.0,0.0,29.0,21.0,29.0,Greedy-SLA,Full-CertiTwin-q90,324,5,0.6,0.6,0.6,0.6,0.6
0,4,0,1,1.0,0.0,0.76278657,0.76313806,1.000460797309265,1.0,57.0,0.0,0.0,1.0,0.0,29.0,39.0,11.0,Greedy-SLA,SLA-Rule-Shield,324,5,0.6,0.6,0.6,0.6,0.6
0,2,0,1,1.0,0.0,0.76278657,0.6677499,0.875408569397236,1.0,21.0,0.0,0.0,1.0,0.0,29.0,21.0,29.0,Greedy-SLA,Fixed-UCB-1sigma-Shield,324,5,0.6,0.6,0.6,0.6,0.6
0,2,0,1,1.0,0.0,0.76278657,0.6677499,0.875408569397236,1.0,21.0,0.0,0.0,1.0,0.0,29.0,21.0,29.0,Greedy-SLA,Fixed-UCB-1.64sigma-Shield,324,5,0.6,0.6,0.6,0.6,0.6
0,2,0,1,1.0,0.0,0.76278657,0.6677499,0.875408569397236,1.0,21.0,0.0,0.0,1.0,0.0,29.0,21.0,29.0,DT-Top1,Full-CertiTwin-q90,324,5,0.6,0.6,0.6,0.6,0.6
0,4,0,1,1.0,0.0,0.76278657,0.76313806,1.000460797309265,1.0,57.0,0.0,0.0,1.0,0.0,29.0,39.0,11.0,DT-Top1,SLA-Rule-Shield,324,5,0.6,0.6,0.6,0.6,0.6
0,2,0,1,1.0,0.0,0.76278657,0.6677499,0.875408569397236,1.0,21.0,0.0,0.0,1.0,0.0,29.0,21.0,29.0,DT-Top1,Fixed-UCB-1sigma-Shield,324,5,0.6,0.6,0.6,0.6,0.6
0,2,0,1,1.0,0.0,0.76278657,0.6677499,0.875408569397236,1.0,21.0,0.0,0.0,1.0,0.0,29.0,21.0,29.0,DT-Top1,Fixed-UCB-1.64sigma-Shield,324,5,0.6,0.6,0.6,0.6,0.6
2,2,1,1,0.0,0.0,0.6682329,0.6682329,0.9999999999985036,0.0,0.0,0.0,0.0,1.0,21.0,29.0,21.0,29.0,PF,Full-CertiTwin-q90,325,5,0.6,0.6,0.6,0.6,0.6
2,2,1,1,0.0,0.0,0.6682329,0.6682329,0.9999999999985036,0.0,0.0,0.0,0.0,1.0,21.0,29.0,21.0,29.0,PF,SLA-Rule-Shield,325,5,0.6,0.6,0.6,0.6,0.6
2,2,1,1,0.0,0.0,0.6682329,0.6682329,0.9999999999985036,0.0,0.0,0.0,0.0,1.0,21.0,29.0,21.0,29.0,PF,Fixed-UCB-1sigma-Shield,325,5,0.6,0.6,0.6,0.6,0.6
2,2,1,1,0.0,0.0,0.6682329,0.6682329,0.9999999999985036,0.0,0.0,0.0,0.0,1.0,21.0,29.0,21.0,29.0,PF,Fixed-UCB-1.64sigma-Shield,325,5,0.6,0.6,0.6,0.6,0.6
4,4,1,1,0.0,0.0,0.76313806,0.76313806,0.9999999999986896,0.0,0.0,0.0,0.0,1.0,39.0,11.0,39.0,11.0,Greedy-SLA,Full-CertiTwin-q90,325,5,0.6,0.6,0.6,0.6,0.6
4,4,1,1,0.0,0.0,0.76313806,0.76313806,0.9999999999986896,0.0,0.0,0.0,0.0,1.0,39.0,11.0,39.0,11.0,Greedy-SLA,SLA-Rule-Shield,325,5,0.6,0.6,0.6,0.6,0.6
4,4,1,1,0.0,0.0,0.76313806,0.76313806,0.9999999999986896,0.0,0.0,0.0,0.0,1.0,39.0,11.0,39.0,11.0,Greedy-SLA,Fixed-UCB-1sigma-Shield,325,5,0.6,0.6,0.6,0.6,0.6
4,4,1,1,0.0,0.0,0.76313806,0.76313806,0.9999999999986896,0.0,0.0,0.0,0.0,1.0,39.0,11.0,39.0,11.0,Greedy-SLA,Fixed-UCB-1.64sigma-Shield,325,5,0.6,0.6,0.6,0.6,0.6
0,2,0,1,1.0,0.0,0.76278657,0.6682329,0.8760417740431953,1.0,21.0,0.0,0.0,1.0,0.0,29.0,21.0,29.0,DT-Top1,Full-CertiTwin-q90,325,5,0.6,0.6,0.6,0.6,0.6
0,4,0,1,1.0,0.0,0.76278657,0.76313806,1.000460797309265,1.0,57.0,0.0,0.0,1.0,0.0,29.0,39.0,11.0,DT-Top1,SLA-Rule-Shield,325,5,0.6,0.6,0.6,0.6,0.6
0,2,0,1,1.0,0.0,0.76278657,0.6682329,0.8760417740431953,1.0,21.0,0.0,0.0,1.0,0.0,29.0,21.0,29.0,DT-Top1,Fixed-UCB-1sigma-Shield,325,5,0.6,0.6,0.6,0.6,0.6
0,2,0,1,1.0,0.0,0.76278657,0.6682329,0.8760417740431953,1.0,21.0,0.0,0.0,1.0,0.0,29.0,21.0,29.0,DT-Top1,Fixed-UCB-1.64sigma-Shield,325,5,0.6,0.6,0.6,0.6,0.6
2,2,1,1,0.0,0.0,0.6677499,0.6677499,0.9999999999985024,0.0,0.0,0.0,0.0,1.0,21.0,29.0,21.0,29.0,PF,Full-CertiTwin-q90,326,5,0.6,0.6,0.6,0.6,0.6
2,2,1,1,0.0,0.0,0.6677499,0.6677499,0.9999999999985024,0.0,0.0,0.0,0.0,1.0,21.0,29.0,21.0,29.0,PF,SLA-Rule-Shield,326,5,0.6,0.6,0.6,0.6,0.6
2,2,1,1,0.0,0.0,0.6677499,0.6677499,0.9999999999985024,0.0,0.0,0.0,0.0,1.0,21.0,29.0,21.0,29.0,PF,Fixed-UCB-1sigma-Shield,326,5,0.6,0.6,0.6,0.6,0.6
2,2,1,1,0.0,0.0,0.6677499,0.6677499,0.9999999999985024,0.0,0.0,0.0,0.0,1.0,21.0,29.0,21.0,29.0,PF,Fixed-UCB-1.64sigma-Shield,326,5,0.6,0.6,0.6,0.6,0.6
4,4,1,1,0.0,0.0,0.76313806,0.76313806,0.9999999999986896,0.0,0.0,0.0,0.0,1.0,39.0,11.0,39.0,11.0,Greedy-SLA,Full-CertiTwin-q90,326,5,0.6,0.6,0.6,0.6,0.6
4,4,1,1,0.0,0.0,0.76313806,0.76313806,0.9999999999986896,0.0,0.0,0.0,0.0,1.0,39.0,11.0,39.0,11.0,Greedy-SLA,SLA-Rule-Shield,326,5,0.6,0.6,0.6,0.6,0.6
4,4,1,1,0.0,0.0,0.76313806,0.76313806,0.9999999999986896,0.0,0.0,0.0,0.0,1.0,39.0,11.0,39.0,11.0,Greedy-SLA,Fixed-UCB-1sigma-Shield,326,5,0.6,0.6,0.6,0.6,0.6
4,4,1,1,0.0,0.0,0.76313806,0.76313806,0.9999999999986896,0.0,0.0,0.0,0.0,1.0,39.0,11.0,39.0,11.0,Greedy-SLA,Fixed-UCB-1.64sigma-Shield,326,5,0.6,0.6,0.6,0.6,0.6
0,2,0,1,1.0,0.0,0.76278657,0.6677499,0.875408569397236,1.0,21.0,0.0,0.0,1.0,0.0,29.0,21.0,29.0,DT-Top1,Full-CertiTwin-q90,326,5,0.6,0.6,0.6,0.6,0.6
0,4,0,1,1.0,0.0,0.76278657,0.76313806,1.000460797309265,1.0,57.0,0.0,0.0,1.0,0.0,29.0,39.0,11.0,DT-Top1,SLA-Rule-Shield,326,5,0.6,0.6,0.6,0.6,0.6
0,2,0,1,1.0,0.0,0.76278657,0.6677499,0.875408569397236,1.0,21.0,0.0,0.0,1.0,0.0,29.0,21.0,29.0,DT-Top1,Fixed-UCB-1sigma-Shield,326,5,0.6,0.6,0.6,0.6,0.6
0,2,0,1,1.0,0.0,0.76278657,0.6677499,0.875408569397236,1.0,21.0,0.0,0.0,1.0,0.0,29.0,21.0,29.0,DT-Top1,Fixed-UCB-1.64sigma-Shield,326,5,0.6,0.6,0.6,0.6,0.6
2,2,1,1,0.0,0.0,0.6677499,0.6677499,0.9999999999985024,0.0,0.0,0.0,0.0,1.0,21.0,29.0,21.0,29.0,PF,Full-CertiTwin-q90,327,5,0.6,0.6,0.6,0.6,0.6
2,2,1,1,0.0,0.0,0.6677499,0.6677499,0.9999999999985024,0.0,0.0,0.0,0.0,1.0,21.0,29.0,21.0,29.0,PF,SLA-Rule-Shield,327,5,0.6,0.6,0.6,0.6,0.6
2,2,1,1,0.0,0.0,0.6677499,0.6677499,0.9999999999985024,0.0,0.0,0.0,0.0,1.0,21.0,29.0,21.0,29.0,PF,Fixed-UCB-1sigma-Shield,327,5,0.6,0.6,0.6,0.6,0.6
2,2,1,1,0.0,0.0,0.6677499,0.6677499,0.9999999999985024,0.0,0.0,0.0,0.0,1.0,21.0,29.0,21.0,29.0,PF,Fixed-UCB-1.64sigma-Shield,327,5,0.6,0.6,0.6,0.6,0.6
4,4,1,1,0.0,0.0,0.76313806,0.76313806,0.9999999999986896,0.0,0.0,0.0,0.0,1.0,39.0,11.0,39.0,11.0,Greedy-SLA,Full-CertiTwin-q90,327,5,0.6,0.6,0.6,0.6,0.6
4,4,1,1,0.0,0.0,0.76313806,0.76313806,0.9999999999986896,0.0,0.0,0.0,0.0,1.0,39.0,11.0,39.0,11.0,Greedy-SLA,SLA-Rule-Shield,327,5,0.6,0.6,0.6,0.6,0.6
4,4,1,1,0.0,0.0,0.76313806,0.76313806,0.9999999999986896,0.0,0.0,0.0,0.0,1.0,39.0,11.0,39.0,11.0,Greedy-SLA,Fixed-UCB-1sigma-Shield,327,5,0.6,0.6,0.6,0.6,0.6
4,4,1,1,0.0,0.0,0.76313806,0.76313806,0.9999999999986896,0.0,0.0,0.0,0.0,1.0,39.0,11.0,39.0,11.0,Greedy-SLA,Fixed-UCB-1.64sigma-Shield,327,5,0.6,0.6,0.6,0.6,0.6
4,4,1,1,0.0,0.0,0.76313806,0.76313806,0.9999999999986896,0.0,0.0,0.0,0.0,1.0,39.0,11.0,39.0,11.0,DT-Top1,Full-CertiTwin-q90,327,5,0.6,0.6,0.6,0.6,0.6
4,4,1,1,0.0,0.0,0.76313806,0.76313806,0.9999999999986896,0.0,0.0,0.0,0.0,1.0,39.0,11.0,39.0,11.0,DT-Top1,SLA-Rule-Shield,327,5,0.6,0.6,0.6,0.6,0.6
4,4,1,1,0.0,0.0,0.76313806,0.76313806,0.9999999999986896,0.0,0.0,0.0,0.0,1.0,39.0,11.0,39.0,11.0,DT-Top1,Fixed-UCB-1sigma-Shield,327,5,0.6,0.6,0.6,0.6,0.6
4,4,1,1,0.0,0.0,0.76313806,0.76313806,0.9999999999986896,0.0,0.0,0.0,0.0,1.0,39.0,11.0,39.0,11.0,DT-Top1,Fixed-UCB-1.64sigma-Shield,327,5,0.6,0.6,0.6,0.6,0.6
2,2,1,1,0.0,0.0,0.6677499,0.6677499,0.9999999999985024,0.0,0.0,0.0,0.0,1.0,21.0,29.0,21.0,29.0,PF,Full-CertiTwin-q90,328,5,0.6,0.6,0.6,0.6,0.6
2,2,1,1,0.0,0.0,0.6677499,0.6677499,0.9999999999985024,0.0,0.0,0.0,0.0,1.0,21.0,29.0,21.0,29.0,PF,SLA-Rule-Shield,328,5,0.6,0.6,0.6,0.6,0.6
2,2,1,1,0.0,0.0,0.6677499,0.6677499,0.9999999999985024,0.0,0.0,0.0,0.0,1.0,21.0,29.0,21.0,29.0,PF,Fixed-UCB-1sigma-Shield,328,5,0.6,0.6,0.6,0.6,0.6
2,2,1,1,0.0,0.0,0.6677499,0.6677499,0.9999999999985024,0.0,0.0,0.0,0.0,1.0,21.0,29.0,21.0,29.0,PF,Fixed-UCB-1.64sigma-Shield,328,5,0.6,0.6,0.6,0.6,0.6
4,4,1,1,0.0,0.0,0.76313806,0.76313806,0.9999999999986896,0.0,0.0,0.0,0.0,1.0,39.0,11.0,39.0,11.0,Greedy-SLA,Full-CertiTwin-q90,328,5,0.6,0.6,0.6,0.6,0.6
4,4,1,1,0.0,0.0,0.76313806,0.76313806,0.9999999999986896,0.0,0.0,0.0,0.0,1.0,39.0,11.0,39.0,11.0,Greedy-SLA,SLA-Rule-Shield,328,5,0.6,0.6,0.6,0.6,0.6
4,4,1,1,0.0,0.0,0.76313806,0.76313806,0.9999999999986896,0.0,0.0,0.0,0.0,1.0,39.0,11.0,39.0,11.0,Greedy-SLA,Fixed-UCB-1sigma-Shield,328,5,0.6,0.6,0.6,0.6,0.6
4,4,1,1,0.0,0.0,0.76313806,0.76313806,0.9999999999986896,0.0,0.0,0.0,0.0,1.0,39.0,11.0,39.0,11.0,Greedy-SLA,Fixed-UCB-1.64sigma-Shield,328,5,0.6,0.6,0.6,0.6,0.6
4,4,1,1,0.0,0.0,0.76313806,0.76313806,0.9999999999986896,0.0,0.0,0.0,0.0,1.0,39.0,11.0,39.0,11.0,DT-Top1,Full-CertiTwin-q90,328,5,0.6,0.6,0.6,0.6,0.6
4,4,1,1,0.0,0.0,0.76313806,0.76313806,0.9999999999986896,0.0,0.0,0.0,0.0,1.0,39.0,11.0,39.0,11.0,DT-Top1,SLA-Rule-Shield,328,5,0.6,0.6,0.6,0.6,0.6
4,4,1,1,0.0,0.0,0.76313806,0.76313806,0.9999999999986896,0.0,0.0,0.0,0.0,1.0,39.0,11.0,39.0,11.0,DT-Top1,Fixed-UCB-1sigma-Shield,328,5,0.6,0.6,0.6,0.6,0.6
4,4,1,1,0.0,0.0,0.76313806,0.76313806,0.9999999999986896,0.0,0.0,0.0,0.0,1.0,39.0,11.0,39.0,11.0,DT-Top1,Fixed-UCB-1.64sigma-Shield,328,5,0.6,0.6,0.6,0.6,0.6
2,2,1,1,0.0,0.0,0.6677499,0.6677499,0.9999999999985024,0.0,0.0,0.0,0.0,1.0,21.0,29.0,21.0,29.0,PF,Full-CertiTwin-q90,329,5,0.6,0.6,0.6,0.6,0.6
2,2,1,1,0.0,0.0,0.6677499,0.6677499,0.9999999999985024,0.0,0.0,0.0,0.0,1.0,21.0,29.0,21.0,29.0,PF,SLA-Rule-Shield,329,5,0.6,0.6,0.6,0.6,0.6
2,2,1,1,0.0,0.0,0.6677499,0.6677499,0.9999999999985024,0.0,0.0,0.0,0.0,1.0,21.0,29.0,21.0,29.0,PF,Fixed-UCB-1sigma-Shield,329,5,0.6,0.6,0.6,0.6,0.6
2,2,1,1,0.0,0.0,0.6677499,0.6677499,0.9999999999985024,0.0,0.0,0.0,0.0,1.0,21.0,29.0,21.0,29.0,PF,Fixed-UCB-1.64sigma-Shield,329,5,0.6,0.6,0.6,0.6,0.6
4,4,1,1,0.0,0.0,0.75664926,0.75664926,0.9999999999986784,0.0,0.0,0.0,0.0,1.0,39.0,11.0,39.0,11.0,Greedy-SLA,Full-CertiTwin-q90,329,5,0.6,0.6,0.6,0.6,0.6
4,4,1,1,0.0,0.0,0.75664926,0.75664926,0.9999999999986784,0.0,0.0,0.0,0.0,1.0,39.0,11.0,39.0,11.0,Greedy-SLA,SLA-Rule-Shield,329,5,0.6,0.6,0.6,0.6,0.6
4,4,1,1,0.0,0.0,0.75664926,0.75664926,0.9999999999986784,0.0,0.0,0.0,0.0,1.0,39.0,11.0,39.0,11.0,Greedy-SLA,Fixed-UCB-1sigma-Shield,329,5,0.6,0.6,0.6,0.6,0.6
4,4,1,1,0.0,0.0,0.75664926,0.75664926,0.9999999999986784,0.0,0.0,0.0,0.0,1.0,39.0,11.0,39.0,11.0,Greedy-SLA,Fixed-UCB-1.64sigma-Shield,329,5,0.6,0.6,0.6,0.6,0.6
0,2,0,1,1.0,0.0,0.76278657,0.6677499,0.875408569397236,1.0,21.0,0.0,0.0,1.0,0.0,29.0,21.0,29.0,DT-Top1,Full-CertiTwin-q90,329,5,0.6,0.6,0.6,0.6,0.6
0,4,0,1,1.0,0.0,0.76278657,0.75664926,0.9919540927405264,1.0,57.0,0.0,0.0,1.0,0.0,29.0,39.0,11.0,DT-Top1,SLA-Rule-Shield,329,5,0.6,0.6,0.6,0.6,0.6
0,2,0,1,1.0,0.0,0.76278657,0.6677499,0.875408569397236,1.0,21.0,0.0,0.0,1.0,0.0,29.0,21.0,29.0,DT-Top1,Fixed-UCB-1sigma-Shield,329,5,0.6,0.6,0.6,0.6,0.6
0,2,0,1,1.0,0.0,0.76278657,0.6677499,0.875408569397236,1.0,21.0,0.0,0.0,1.0,0.0,29.0,21.0,29.0,DT-Top1,Fixed-UCB-1.64sigma-Shield,329,5,0.6,0.6,0.6,0.6,0.6
2,2,1,1,0.0,0.0,0.6677499,0.6677499,0.9999999999985024,0.0,0.0,0.0,0.0,1.0,21.0,29.0,21.0,29.0,PF,Full-CertiTwin-q90,330,5,0.6,0.6,0.6,0.6,0.6
2,2,1,1,0.0,0.0,0.6677499,0.6677499,0.9999999999985024,0.0,0.0,0.0,0.0,1.0,21.0,29.0,21.0,29.0,PF,SLA-Rule-Shield,330,5,0.6,0.6,0.6,0.6,0.6
2,2,1,1,0.0,0.0,0.6677499,0.6677499,0.9999999999985024,0.0,0.0,0.0,0.0,1.0,21.0,29.0,21.0,29.0,PF,Fixed-UCB-1sigma-Shield,330,5,0.6,0.6,0.6,0.6,0.6
2,2,1,1,0.0,0.0,0.6677499,0.6677499,0.9999999999985024,0.0,0.0,0.0,0.0,1.0,21.0,29.0,21.0,29.0,PF,Fixed-UCB-1.64sigma-Shield,330,5,0.6,0.6,0.6,0.6,0.6
4,4,1,1,0.0,0.0,0.76313806,0.76313806,0.9999999999986896,0.0,0.0,0.0,0.0,1.0,39.0,11.0,39.0,11.0,Greedy-SLA,Full-CertiTwin-q90,330,5,0.6,0.6,0.6,0.6,0.6
4,4,1,1,0.0,0.0,0.76313806,0.76313806,0.9999999999986896,0.0,0.0,0.0,0.0,1.0,39.0,11.0,39.0,11.0,Greedy-SLA,SLA-Rule-Shield,330,5,0.6,0.6,0.6,0.6,0.6
4,4,1,1,0.0,0.0,0.76313806,0.76313806,0.9999999999986896,0.0,0.0,0.0,0.0,1.0,39.0,11.0,39.0,11.0,Greedy-SLA,Fixed-UCB-1sigma-Shield,330,5,0.6,0.6,0.6,0.6,0.6
4,4,1,1,0.0,0.0,0.76313806,0.76313806,0.9999999999986896,0.0,0.0,0.0,0.0,1.0,39.0,11.0,39.0,11.0,Greedy-SLA,Fixed-UCB-1.64sigma-Shield,330,5,0.6,0.6,0.6,0.6,0.6
0,2,0,1,1.0,0.0,0.77741534,0.6677499,0.8589358424534574,1.0,21.0,0.0,0.0,1.0,0.0,29.0,21.0,29.0,DT-Top1,Full-CertiTwin-q90,330,5,0.6,0.6,0.6,0.6,0.6
0,4,0,1,1.0,0.0,0.77741534,0.76313806,0.981634939180668,1.0,57.0,0.0,0.0,1.0,0.0,29.0,39.0,11.0,DT-Top1,SLA-Rule-Shield,330,5,0.6,0.6,0.6,0.6,0.6
0,2,0,1,1.0,0.0,0.77741534,0.6677499,0.8589358424534574,1.0,21.0,0.0,0.0,1.0,0.0,29.0,21.0,29.0,DT-Top1,Fixed-UCB-1sigma-Shield,330,5,0.6,0.6,0.6,0.6,0.6
0,2,0,1,1.0,0.0,0.77741534,0.6677499,0.8589358424534574,1.0,21.0,0.0,0.0,1.0,0.0,29.0,21.0,29.0,DT-Top1,Fixed-UCB-1.64sigma-Shield,330,5,0.6,0.6,0.6,0.6,0.6
2,2,1,1,0.0,0.0,0.6677499,0.6677499,0.9999999999985024,0.0,0.0,0.0,0.0,1.0,21.0,29.0,21.0,29.0,PF,Full-CertiTwin-q90,331,5,0.6,0.6,0.6,0.6,0.6
2,2,1,1,0.0,0.0,0.6677499,0.6677499,0.9999999999985024,0.0,0.0,0.0,0.0,1.0,21.0,29.0,21.0,29.0,PF,SLA-Rule-Shield,331,5,0.6,0.6,0.6,0.6,0.6
2,2,1,1,0.0,0.0,0.6677499,0.6677499,0.9999999999985024,0.0,0.0,0.0,0.0,1.0,21.0,29.0,21.0,29.0,PF,Fixed-UCB-1sigma-Shield,331,5,0.6,0.6,0.6,0.6,0.6
2,2,1,1,0.0,0.0,0.6677499,0.6677499,0.9999999999985024,0.0,0.0,0.0,0.0,1.0,21.0,29.0,21.0,29.0,PF,Fixed-UCB-1.64sigma-Shield,331,5,0.6,0.6,0.6,0.6,0.6
4,4,1,1,0.0,0.0,0.76313806,0.76313806,0.9999999999986896,0.0,0.0,0.0,0.0,1.0,39.0,11.0,39.0,11.0,Greedy-SLA,Full-CertiTwin-q90,331,5,0.6,0.6,0.6,0.6,0.6
4,4,1,1,0.0,0.0,0.76313806,0.76313806,0.9999999999986896,0.0,0.0,0.0,0.0,1.0,39.0,11.0,39.0,11.0,Greedy-SLA,SLA-Rule-Shield,331,5,0.6,0.6,0.6,0.6,0.6
4,4,1,1,0.0,0.0,0.76313806,0.76313806,0.9999999999986896,0.0,0.0,0.0,0.0,1.0,39.0,11.0,39.0,11.0,Greedy-SLA,Fixed-UCB-1sigma-Shield,331,5,0.6,0.6,0.6,0.6,0.6
4,4,1,1,0.0,0.0,0.76313806,0.76313806,0.9999999999986896,0.0,0.0,0.0,0.0,1.0,39.0,11.0,39.0,11.0,Greedy-SLA,Fixed-UCB-1.64sigma-Shield,331,5,0.6,0.6,0.6,0.6,0.6
0,2,0,1,1.0,0.0,0.76278657,0.6677499,0.875408569397236,1.0,21.0,0.0,0.0,1.0,0.0,29.0,21.0,29.0,DT-Top1,Full-CertiTwin-q90,331,5,0.6,0.6,0.6,0.6,0.6
0,4,0,1,1.0,0.0,0.76278657,0.76313806,1.000460797309265,1.0,57.0,0.0,0.0,1.0,0.0,29.0,39.0,11.0,DT-Top1,SLA-Rule-Shield,331,5,0.6,0.6,0.6,0.6,0.6
0,2,0,1,1.0,0.0,0.76278657,0.6677499,0.875408569397236,1.0,21.0,0.0,0.0,1.0,0.0,29.0,21.0,29.0,DT-Top1,Fixed-UCB-1sigma-Shield,331,5,0.6,0.6,0.6,0.6,0.6
0,2,0,1,1.0,0.0,0.76278657,0.6677499,0.875408569397236,1.0,21.0,0.0,0.0,1.0,0.0,29.0,21.0,29.0,DT-Top1,Fixed-UCB-1.64sigma-Shield,331,5,0.6,0.6,0.6,0.6,0.6
2,2,1,1,0.0,0.0,0.6677499,0.6677499,0.9999999999985024,0.0,0.0,0.0,0.0,1.0,21.0,29.0,21.0,29.0,PF,Full-CertiTwin-q90,332,5,0.6,0.6,0.6,0.6,0.6
2,2,1,1,0.0,0.0,0.6677499,0.6677499,0.9999999999985024,0.0,0.0,0.0,0.0,1.0,21.0,29.0,21.0,29.0,PF,SLA-Rule-Shield,332,5,0.6,0.6,0.6,0.6,0.6
2,2,1,1,0.0,0.0,0.6677499,0.6677499,0.9999999999985024,0.0,0.0,0.0,0.0,1.0,21.0,29.0,21.0,29.0,PF,Fixed-UCB-1sigma-Shield,332,5,0.6,0.6,0.6,0.6,0.6
2,2,1,1,0.0,0.0,0.6677499,0.6677499,0.9999999999985024,0.0,0.0,0.0,0.0,1.0,21.0,29.0,21.0,29.0,PF,Fixed-UCB-1.64sigma-Shield,332,5,0.6,0.6,0.6,0.6,0.6
4,4,1,1,0.0,0.0,0.76313806,0.76313806,0.9999999999986896,0.0,0.0,0.0,0.0,1.0,39.0,11.0,39.0,11.0,Greedy-SLA,Full-CertiTwin-q90,332,5,0.6,0.6,0.6,0.6,0.6
4,4,1,1,0.0,0.0,0.76313806,0.76313806,0.9999999999986896,0.0,0.0,0.0,0.0,1.0,39.0,11.0,39.0,11.0,Greedy-SLA,SLA-Rule-Shield,332,5,0.6,0.6,0.6,0.6,0.6
4,4,1,1,0.0,0.0,0.76313806,0.76313806,0.9999999999986896,0.0,0.0,0.0,0.0,1.0,39.0,11.0,39.0,11.0,Greedy-SLA,Fixed-UCB-1sigma-Shield,332,5,0.6,0.6,0.6,0.6,0.6
4,4,1,1,0.0,0.0,0.76313806,0.76313806,0.9999999999986896,0.0,0.0,0.0,0.0,1.0,39.0,11.0,39.0,11.0,Greedy-SLA,Fixed-UCB-1.64sigma-Shield,332,5,0.6,0.6,0.6,0.6,0.6
0,2,0,1,1.0,0.0,0.76278657,0.6677499,0.875408569397236,1.0,21.0,0.0,0.0,1.0,0.0,29.0,21.0,29.0,DT-Top1,Full-CertiTwin-q90,332,5,0.6,0.6,0.6,0.6,0.6
0,4,0,1,1.0,0.0,0.76278657,0.76313806,1.000460797309265,1.0,57.0,0.0,0.0,1.0,0.0,29.0,39.0,11.0,DT-Top1,SLA-Rule-Shield,332,5,0.6,0.6,0.6,0.6,0.6
0,2,0,1,1.0,0.0,0.76278657,0.6677499,0.875408569397236,1.0,21.0,0.0,0.0,1.0,0.0,29.0,21.0,29.0,DT-Top1,Fixed-UCB-1sigma-Shield,332,5,0.6,0.6,0.6,0.6,0.6
0,2,0,1,1.0,0.0,0.76278657,0.6677499,0.875408569397236,1.0,21.0,0.0,0.0,1.0,0.0,29.0,21.0,29.0,DT-Top1,Fixed-UCB-1.64sigma-Shield,332,5,0.6,0.6,0.6,0.6,0.6
2,2,1,1,0.0,0.0,0.65129316,0.65129316,0.9999999999984648,0.0,0.0,0.0,0.0,1.0,21.0,29.0,21.0,29.0,PF,Full-CertiTwin-q90,333,5,0.6,0.6,0.6,0.6,0.6
2,2,1,1,0.0,0.0,0.65129316,0.65129316,0.9999999999984648,0.0,0.0,0.0,0.0,1.0,21.0,29.0,21.0,29.0,PF,SLA-Rule-Shield,333,5,0.6,0.6,0.6,0.6,0.6
2,2,1,1,0.0,0.0,0.65129316,0.65129316,0.9999999999984648,0.0,0.0,0.0,0.0,1.0,21.0,29.0,21.0,29.0,PF,Fixed-UCB-1sigma-Shield,333,5,0.6,0.6,0.6,0.6,0.6
2,2,1,1,0.0,0.0,0.65129316,0.65129316,0.9999999999984648,0.0,0.0,0.0,0.0,1.0,21.0,29.0,21.0,29.0,PF,Fixed-UCB-1.64sigma-Shield,333,5,0.6,0.6,0.6,0.6,0.6
4,4,1,1,0.0,0.0,0.76313806,0.76313806,0.9999999999986896,0.0,0.0,0.0,0.0,1.0,39.0,11.0,39.0,11.0,Greedy-SLA,Full-CertiTwin-q90,333,5,0.6,0.6,0.6,0.6,0.6
4,4,1,1,0.0,0.0,0.76313806,0.76313806,0.9999999999986896,0.0,0.0,0.0,0.0,1.0,39.0,11.0,39.0,11.0,Greedy-SLA,SLA-Rule-Shield,333,5,0.6,0.6,0.6,0.6,0.6
4,4,1,1,0.0,0.0,0.76313806,0.76313806,0.9999999999986896,0.0,0.0,0.0,0.0,1.0,39.0,11.0,39.0,11.0,Greedy-SLA,Fixed-UCB-1sigma-Shield,333,5,0.6,0.6,0.6,0.6,0.6
4,4,1,1,0.0,0.0,0.76313806,0.76313806,0.9999999999986896,0.0,0.0,0.0,0.0,1.0,39.0,11.0,39.0,11.0,Greedy-SLA,Fixed-UCB-1.64sigma-Shield,333,5,0.6,0.6,0.6,0.6,0.6
4,4,1,1,0.0,0.0,0.76313806,0.76313806,0.9999999999986896,0.0,0.0,0.0,0.0,1.0,39.0,11.0,39.0,11.0,DT-Top1,Full-CertiTwin-q90,333,5,0.6,0.6,0.6,0.6,0.6
4,4,1,1,0.0,0.0,0.76313806,0.76313806,0.9999999999986896,0.0,0.0,0.0,0.0,1.0,39.0,11.0,39.0,11.0,DT-Top1,SLA-Rule-Shield,333,5,0.6,0.6,0.6,0.6,0.6
4,4,1,1,0.0,0.0,0.76313806,0.76313806,0.9999999999986896,0.0,0.0,0.0,0.0,1.0,39.0,11.0,39.0,11.0,DT-Top1,Fixed-UCB-1sigma-Shield,333,5,0.6,0.6,0.6,0.6,0.6
4,4,1,1,0.0,0.0,0.76313806,0.76313806,0.9999999999986896,0.0,0.0,0.0,0.0,1.0,39.0,11.0,39.0,11.0,DT-Top1,Fixed-UCB-1.64sigma-Shield,333,5,0.6,0.6,0.6,0.6,0.6
2,2,1,1,0.0,0.0,0.6677499,0.6677499,0.9999999999985024,0.0,0.0,0.0,0.0,1.0,21.0,29.0,21.0,29.0,PF,Full-CertiTwin-q90,334,5,0.6,0.6,0.6,0.6,0.6
2,2,1,1,0.0,0.0,0.6677499,0.6677499,0.9999999999985024,0.0,0.0,0.0,0.0,1.0,21.0,29.0,21.0,29.0,PF,SLA-Rule-Shield,334,5,0.6,0.6,0.6,0.6,0.6
2,2,1,1,0.0,0.0,0.6677499,0.6677499,0.9999999999985024,0.0,0.0,0.0,0.0,1.0,21.0,29.0,21.0,29.0,PF,Fixed-UCB-1sigma-Shield,334,5,0.6,0.6,0.6,0.6,0.6
2,2,1,1,0.0,0.0,0.6677499,0.6677499,0.9999999999985024,0.0,0.0,0.0,0.0,1.0,21.0,29.0,21.0,29.0,PF,Fixed-UCB-1.64sigma-Shield,334,5,0.6,0.6,0.6,0.6,0.6
4,4,1,1,0.0,0.0,0.76313806,0.76313806,0.9999999999986896,0.0,0.0,0.0,0.0,1.0,39.0,11.0,39.0,11.0,Greedy-SLA,Full-CertiTwin-q90,334,5,0.6,0.6,0.6,0.6,0.6
4,4,1,1,0.0,0.0,0.76313806,0.76313806,0.9999999999986896,0.0,0.0,0.0,0.0,1.0,39.0,11.0,39.0,11.0,Greedy-SLA,SLA-Rule-Shield,334,5,0.6,0.6,0.6,0.6,0.6
4,4,1,1,0.0,0.0,0.76313806,0.76313806,0.9999999999986896,0.0,0.0,0.0,0.0,1.0,39.0,11.0,39.0,11.0,Greedy-SLA,Fixed-UCB-1sigma-Shield,334,5,0.6,0.6,0.6,0.6,0.6
4,4,1,1,0.0,0.0,0.76313806,0.76313806,0.9999999999986896,0.0,0.0,0.0,0.0,1.0,39.0,11.0,39.0,11.0,Greedy-SLA,Fixed-UCB-1.64sigma-Shield,334,5,0.6,0.6,0.6,0.6,0.6
4,4,1,1,0.0,0.0,0.76313806,0.76313806,0.9999999999986896,0.0,0.0,0.0,0.0,1.0,39.0,11.0,39.0,11.0,DT-Top1,Full-CertiTwin-q90,334,5,0.6,0.6,0.6,0.6,0.6
4,4,1,1,0.0,0.0,0.76313806,0.76313806,0.9999999999986896,0.0,0.0,0.0,0.0,1.0,39.0,11.0,39.0,11.0,DT-Top1,SLA-Rule-Shield,334,5,0.6,0.6,0.6,0.6,0.6
4,4,1,1,0.0,0.0,0.76313806,0.76313806,0.9999999999986896,0.0,0.0,0.0,0.0,1.0,39.0,11.0,39.0,11.0,DT-Top1,Fixed-UCB-1sigma-Shield,334,5,0.6,0.6,0.6,0.6,0.6
4,4,1,1,0.0,0.0,0.76313806,0.76313806,0.9999999999986896,0.0,0.0,0.0,0.0,1.0,39.0,11.0,39.0,11.0,DT-Top1,Fixed-UCB-1.64sigma-Shield,334,5,0.6,0.6,0.6,0.6,0.6
2,2,1,1,0.0,0.0,0.6677499,0.6677499,0.9999999999985024,0.0,0.0,0.0,0.0,1.0,21.0,29.0,21.0,29.0,PF,Full-CertiTwin-q90,335,5,0.6,0.6,0.6,0.6,0.6
2,2,1,1,0.0,0.0,0.6677499,0.6677499,0.9999999999985024,0.0,0.0,0.0,0.0,1.0,21.0,29.0,21.0,29.0,PF,SLA-Rule-Shield,335,5,0.6,0.6,0.6,0.6,0.6
2,2,1,1,0.0,0.0,0.6677499,0.6677499,0.9999999999985024,0.0,0.0,0.0,0.0,1.0,21.0,29.0,21.0,29.0,PF,Fixed-UCB-1sigma-Shield,335,5,0.6,0.6,0.6,0.6,0.6
2,2,1,1,0.0,0.0,0.6677499,0.6677499,0.9999999999985024,0.0,0.0,0.0,0.0,1.0,21.0,29.0,21.0,29.0,PF,Fixed-UCB-1.64sigma-Shield,335,5,0.6,0.6,0.6,0.6,0.6
4,4,1,1,0.0,0.0,0.76313806,0.76313806,0.9999999999986896,0.0,0.0,0.0,0.0,1.0,39.0,11.0,39.0,11.0,Greedy-SLA,Full-CertiTwin-q90,335,5,0.6,0.6,0.6,0.6,0.6
4,4,1,1,0.0,0.0,0.76313806,0.76313806,0.9999999999986896,0.0,0.0,0.0,0.0,1.0,39.0,11.0,39.0,11.0,Greedy-SLA,SLA-Rule-Shield,335,5,0.6,0.6,0.6,0.6,0.6
4,4,1,1,0.0,0.0,0.76313806,0.76313806,0.9999999999986896,0.0,0.0,0.0,0.0,1.0,39.0,11.0,39.0,11.0,Greedy-SLA,Fixed-UCB-1sigma-Shield,335,5,0.6,0.6,0.6,0.6,0.6
4,4,1,1,0.0,0.0,0.76313806,0.76313806,0.9999999999986896,0.0,0.0,0.0,0.0,1.0,39.0,11.0,39.0,11.0,Greedy-SLA,Fixed-UCB-1.64sigma-Shield,335,5,0.6,0.6,0.6,0.6,0.6
0,2,0,1,1.0,0.0,0.76278657,0.6677499,0.875408569397236,1.0,21.0,0.0,0.0,1.0,0.0,29.0,21.0,29.0,DT-Top1,Full-CertiTwin-q90,335,5,0.6,0.6,0.6,0.6,0.6
0,4,0,1,1.0,0.0,0.76278657,0.76313806,1.000460797309265,1.0,57.0,0.0,0.0,1.0,0.0,29.0,39.0,11.0,DT-Top1,SLA-Rule-Shield,335,5,0.6,0.6,0.6,0.6,0.6
0,2,0,1,1.0,0.0,0.76278657,0.6677499,0.875408569397236,1.0,21.0,0.0,0.0,1.0,0.0,29.0,21.0,29.0,DT-Top1,Fixed-UCB-1sigma-Shield,335,5,0.6,0.6,0.6,0.6,0.6
0,2,0,1,1.0,0.0,0.76278657,0.6677499,0.875408569397236,1.0,21.0,0.0,0.0,1.0,0.0,29.0,21.0,29.0,DT-Top1,Fixed-UCB-1.64sigma-Shield,335,5,0.6,0.6,0.6,0.6,0.6
2,2,1,1,0.0,0.0,0.6677499,0.6677499,0.9999999999985024,0.0,0.0,0.0,0.0,1.0,21.0,29.0,21.0,29.0,PF,Full-CertiTwin-q90,336,5,0.6,0.6,0.6,0.6,0.6
2,2,1,1,0.0,0.0,0.6677499,0.6677499,0.9999999999985024,0.0,0.0,0.0,0.0,1.0,21.0,29.0,21.0,29.0,PF,SLA-Rule-Shield,336,5,0.6,0.6,0.6,0.6,0.6
2,2,1,1,0.0,0.0,0.6677499,0.6677499,0.9999999999985024,0.0,0.0,0.0,0.0,1.0,21.0,29.0,21.0,29.0,PF,Fixed-UCB-1sigma-Shield,336,5,0.6,0.6,0.6,0.6,0.6
2,2,1,1,0.0,0.0,0.6677499,0.6677499,0.9999999999985024,0.0,0.0,0.0,0.0,1.0,21.0,29.0,21.0,29.0,PF,Fixed-UCB-1.64sigma-Shield,336,5,0.6,0.6,0.6,0.6,0.6
4,4,1,1,0.0,0.0,0.76313806,0.76313806,0.9999999999986896,0.0,0.0,0.0,0.0,1.0,39.0,11.0,39.0,11.0,Greedy-SLA,Full-CertiTwin-q90,336,5,0.6,0.6,0.6,0.6,0.6
4,4,1,1,0.0,0.0,0.76313806,0.76313806,0.9999999999986896,0.0,0.0,0.0,0.0,1.0,39.0,11.0,39.0,11.0,Greedy-SLA,SLA-Rule-Shield,336,5,0.6,0.6,0.6,0.6,0.6
4,4,1,1,0.0,0.0,0.76313806,0.76313806,0.9999999999986896,0.0,0.0,0.0,0.0,1.0,39.0,11.0,39.0,11.0,Greedy-SLA,Fixed-UCB-1sigma-Shield,336,5,0.6,0.6,0.6,0.6,0.6
4,4,1,1,0.0,0.0,0.76313806,0.76313806,0.9999999999986896,0.0,0.0,0.0,0.0,1.0,39.0,11.0,39.0,11.0,Greedy-SLA,Fixed-UCB-1.64sigma-Shield,336,5,0.6,0.6,0.6,0.6,0.6
0,2,0,1,1.0,0.0,0.76278657,0.6677499,0.875408569397236,1.0,21.0,0.0,0.0,1.0,0.0,29.0,21.0,29.0,DT-Top1,Full-CertiTwin-q90,336,5,0.6,0.6,0.6,0.6,0.6
0,4,0,1,1.0,0.0,0.76278657,0.76313806,1.000460797309265,1.0,57.0,0.0,0.0,1.0,0.0,29.0,39.0,11.0,DT-Top1,SLA-Rule-Shield,336,5,0.6,0.6,0.6,0.6,0.6
0,2,0,1,1.0,0.0,0.76278657,0.6677499,0.875408569397236,1.0,21.0,0.0,0.0,1.0,0.0,29.0,21.0,29.0,DT-Top1,Fixed-UCB-1sigma-Shield,336,5,0.6,0.6,0.6,0.6,0.6
0,2,0,1,1.0,0.0,0.76278657,0.6677499,0.875408569397236,1.0,21.0,0.0,0.0,1.0,0.0,29.0,21.0,29.0,DT-Top1,Fixed-UCB-1.64sigma-Shield,336,5,0.6,0.6,0.6,0.6,0.6
2,2,1,1,0.0,0.0,0.6780778,0.6780778,0.9999999999985252,0.0,0.0,0.0,0.0,1.0,21.0,29.0,21.0,29.0,PF,Full-CertiTwin-q90,337,5,0.6,0.6,0.6,0.6,0.6
2,2,1,1,0.0,0.0,0.6780778,0.6780778,0.9999999999985252,0.0,0.0,0.0,0.0,1.0,21.0,29.0,21.0,29.0,PF,SLA-Rule-Shield,337,5,0.6,0.6,0.6,0.6,0.6
2,2,1,1,0.0,0.0,0.6780778,0.6780778,0.9999999999985252,0.0,0.0,0.0,0.0,1.0,21.0,29.0,21.0,29.0,PF,Fixed-UCB-1sigma-Shield,337,5,0.6,0.6,0.6,0.6,0.6
2,2,1,1,0.0,0.0,0.6780778,0.6780778,0.9999999999985252,0.0,0.0,0.0,0.0,1.0,21.0,29.0,21.0,29.0,PF,Fixed-UCB-1.64sigma-Shield,337,5,0.6,0.6,0.6,0.6,0.6
4,4,1,1,0.0,0.0,0.76313806,0.76313806,0.9999999999986896,0.0,0.0,0.0,0.0,1.0,39.0,11.0,39.0,11.0,Greedy-SLA,Full-CertiTwin-q90,337,5,0.6,0.6,0.6,0.6,0.6
4,4,1,1,0.0,0.0,0.76313806,0.76313806,0.9999999999986896,0.0,0.0,0.0,0.0,1.0,39.0,11.0,39.0,11.0,Greedy-SLA,SLA-Rule-Shield,337,5,0.6,0.6,0.6,0.6,0.6
4,4,1,1,0.0,0.0,0.76313806,0.76313806,0.9999999999986896,0.0,0.0,0.0,0.0,1.0,39.0,11.0,39.0,11.0,Greedy-SLA,Fixed-UCB-1sigma-Shield,337,5,0.6,0.6,0.6,0.6,0.6
4,4,1,1,0.0,0.0,0.76313806,0.76313806,0.9999999999986896,0.0,0.0,0.0,0.0,1.0,39.0,11.0,39.0,11.0,Greedy-SLA,Fixed-UCB-1.64sigma-Shield,337,5,0.6,0.6,0.6,0.6,0.6
0,2,0,1,1.0,0.0,0.76278657,0.6780778,0.8889482676643231,1.0,21.0,0.0,0.0,1.0,0.0,29.0,21.0,29.0,DT-Top1,Full-CertiTwin-q90,337,5,0.6,0.6,0.6,0.6,0.6
0,4,0,1,1.0,0.0,0.76278657,0.76313806,1.000460797309265,1.0,57.0,0.0,0.0,1.0,0.0,29.0,39.0,11.0,DT-Top1,SLA-Rule-Shield,337,5,0.6,0.6,0.6,0.6,0.6
0,2,0,1,1.0,0.0,0.76278657,0.6780778,0.8889482676643231,1.0,21.0,0.0,0.0,1.0,0.0,29.0,21.0,29.0,DT-Top1,Fixed-UCB-1sigma-Shield,337,5,0.6,0.6,0.6,0.6,0.6
0,2,0,1,1.0,0.0,0.76278657,0.6780778,0.8889482676643231,1.0,21.0,0.0,0.0,1.0,0.0,29.0,21.0,29.0,DT-Top1,Fixed-UCB-1.64sigma-Shield,337,5,0.6,0.6,0.6,0.6,0.6
2,2,1,1,0.0,0.0,0.65129316,0.65129316,0.9999999999984648,0.0,0.0,0.0,0.0,1.0,21.0,29.0,21.0,29.0,PF,Full-CertiTwin-q90,338,5,0.6,0.6,0.6,0.6,0.6
2,2,1,1,0.0,0.0,0.65129316,0.65129316,0.9999999999984648,0.0,0.0,0.0,0.0,1.0,21.0,29.0,21.0,29.0,PF,SLA-Rule-Shield,338,5,0.6,0.6,0.6,0.6,0.6
2,2,1,1,0.0,0.0,0.65129316,0.65129316,0.9999999999984648,0.0,0.0,0.0,0.0,1.0,21.0,29.0,21.0,29.0,PF,Fixed-UCB-1sigma-Shield,338,5,0.6,0.6,0.6,0.6,0.6
2,2,1,1,0.0,0.0,0.65129316,0.65129316,0.9999999999984648,0.0,0.0,0.0,0.0,1.0,21.0,29.0,21.0,29.0,PF,Fixed-UCB-1.64sigma-Shield,338,5,0.6,0.6,0.6,0.6,0.6
4,4,1,1,0.0,0.0,0.76313806,0.76313806,0.9999999999986896,0.0,0.0,0.0,0.0,1.0,39.0,11.0,39.0,11.0,Greedy-SLA,Full-CertiTwin-q90,338,5,0.6,0.6,0.6,0.6,0.6
4,4,1,1,0.0,0.0,0.76313806,0.76313806,0.9999999999986896,0.0,0.0,0.0,0.0,1.0,39.0,11.0,39.0,11.0,Greedy-SLA,SLA-Rule-Shield,338,5,0.6,0.6,0.6,0.6,0.6
4,4,1,1,0.0,0.0,0.76313806,0.76313806,0.9999999999986896,0.0,0.0,0.0,0.0,1.0,39.0,11.0,39.0,11.0,Greedy-SLA,Fixed-UCB-1sigma-Shield,338,5,0.6,0.6,0.6,0.6,0.6
4,4,1,1,0.0,0.0,0.76313806,0.76313806,0.9999999999986896,0.0,0.0,0.0,0.0,1.0,39.0,11.0,39.0,11.0,Greedy-SLA,Fixed-UCB-1.64sigma-Shield,338,5,0.6,0.6,0.6,0.6,0.6
4,4,1,1,0.0,0.0,0.76313806,0.76313806,0.9999999999986896,0.0,0.0,0.0,0.0,1.0,39.0,11.0,39.0,11.0,DT-Top1,Full-CertiTwin-q90,338,5,0.6,0.6,0.6,0.6,0.6
4,4,1,1,0.0,0.0,0.76313806,0.76313806,0.9999999999986896,0.0,0.0,0.0,0.0,1.0,39.0,11.0,39.0,11.0,DT-Top1,SLA-Rule-Shield,338,5,0.6,0.6,0.6,0.6,0.6
4,4,1,1,0.0,0.0,0.76313806,0.76313806,0.9999999999986896,0.0,0.0,0.0,0.0,1.0,39.0,11.0,39.0,11.0,DT-Top1,Fixed-UCB-1sigma-Shield,338,5,0.6,0.6,0.6,0.6,0.6
4,4,1,1,0.0,0.0,0.76313806,0.76313806,0.9999999999986896,0.0,0.0,0.0,0.0,1.0,39.0,11.0,39.0,11.0,DT-Top1,Fixed-UCB-1.64sigma-Shield,338,5,0.6,0.6,0.6,0.6,0.6
2,2,1,1,0.0,0.0,0.7186651,0.7186651,0.9999999999986086,0.0,0.0,0.0,0.0,1.0,21.0,29.0,21.0,29.0,PF,Full-CertiTwin-q90,339,5,0.6,0.6,0.6,0.6,0.6
2,2,1,1,0.0,0.0,0.7186651,0.7186651,0.9999999999986086,0.0,0.0,0.0,0.0,1.0,21.0,29.0,21.0,29.0,PF,SLA-Rule-Shield,339,5,0.6,0.6,0.6,0.6,0.6
2,2,1,1,0.0,0.0,0.7186651,0.7186651,0.9999999999986086,0.0,0.0,0.0,0.0,1.0,21.0,29.0,21.0,29.0,PF,Fixed-UCB-1sigma-Shield,339,5,0.6,0.6,0.6,0.6,0.6
2,2,1,1,0.0,0.0,0.7186651,0.7186651,0.9999999999986086,0.0,0.0,0.0,0.0,1.0,21.0,29.0,21.0,29.0,PF,Fixed-UCB-1.64sigma-Shield,339,5,0.6,0.6,0.6,0.6,0.6
4,4,1,1,0.0,0.0,0.76313806,0.76313806,0.9999999999986896,0.0,0.0,0.0,0.0,1.0,39.0,11.0,39.0,11.0,Greedy-SLA,Full-CertiTwin-q90,339,5,0.6,0.6,0.6,0.6,0.6
4,4,1,1,0.0,0.0,0.76313806,0.76313806,0.9999999999986896,0.0,0.0,0.0,0.0,1.0,39.0,11.0,39.0,11.0,Greedy-SLA,SLA-Rule-Shield,339,5,0.6,0.6,0.6,0.6,0.6
4,4,1,1,0.0,0.0,0.76313806,0.76313806,0.9999999999986896,0.0,0.0,0.0,0.0,1.0,39.0,11.0,39.0,11.0,Greedy-SLA,Fixed-UCB-1sigma-Shield,339,5,0.6,0.6,0.6,0.6,0.6
4,4,1,1,0.0,0.0,0.76313806,0.76313806,0.9999999999986896,0.0,0.0,0.0,0.0,1.0,39.0,11.0,39.0,11.0,Greedy-SLA,Fixed-UCB-1.64sigma-Shield,339,5,0.6,0.6,0.6,0.6,0.6
0,2,0,1,1.0,0.0,0.76278657,0.7186651,0.942157515960274,1.0,21.0,0.0,0.0,1.0,0.0,29.0,21.0,29.0,DT-Top1,Full-CertiTwin-q90,339,5,0.6,0.6,0.6,0.6,0.6
0,4,0,1,1.0,0.0,0.76278657,0.76313806,1.000460797309265,1.0,57.0,0.0,0.0,1.0,0.0,29.0,39.0,11.0,DT-Top1,SLA-Rule-Shield,339,5,0.6,0.6,0.6,0.6,0.6
0,2,0,1,1.0,0.0,0.76278657,0.7186651,0.942157515960274,1.0,21.0,0.0,0.0,1.0,0.0,29.0,21.0,29.0,DT-Top1,Fixed-UCB-1sigma-Shield,339,5,0.6,0.6,0.6,0.6,0.6
0,2,0,1,1.0,0.0,0.76278657,0.7186651,0.942157515960274,1.0,21.0,0.0,0.0,1.0,0.0,29.0,21.0,29.0,DT-Top1,Fixed-UCB-1.64sigma-Shield,339,5,0.6,0.6,0.6,0.6,0.6
2,2,1,1,0.0,0.0,0.6677499,0.6677499,0.9999999999985024,0.0,0.0,0.0,0.0,1.0,21.0,29.0,21.0,29.0,PF,Full-CertiTwin-q90,340,5,0.6,0.6,0.6,0.6,0.6
2,2,1,1,0.0,0.0,0.6677499,0.6677499,0.9999999999985024,0.0,0.0,0.0,0.0,1.0,21.0,29.0,21.0,29.0,PF,SLA-Rule-Shield,340,5,0.6,0.6,0.6,0.6,0.6
2,2,1,1,0.0,0.0,0.6677499,0.6677499,0.9999999999985024,0.0,0.0,0.0,0.0,1.0,21.0,29.0,21.0,29.0,PF,Fixed-UCB-1sigma-Shield,340,5,0.6,0.6,0.6,0.6,0.6
2,2,1,1,0.0,0.0,0.6677499,0.6677499,0.9999999999985024,0.0,0.0,0.0,0.0,1.0,21.0,29.0,21.0,29.0,PF,Fixed-UCB-1.64sigma-Shield,340,5,0.6,0.6,0.6,0.6,0.6
4,4,1,1,0.0,0.0,0.76313806,0.76313806,0.9999999999986896,0.0,0.0,0.0,0.0,1.0,39.0,11.0,39.0,11.0,Greedy-SLA,Full-CertiTwin-q90,340,5,0.6,0.6,0.6,0.6,0.6
4,4,1,1,0.0,0.0,0.76313806,0.76313806,0.9999999999986896,0.0,0.0,0.0,0.0,1.0,39.0,11.0,39.0,11.0,Greedy-SLA,SLA-Rule-Shield,340,5,0.6,0.6,0.6,0.6,0.6
4,4,1,1,0.0,0.0,0.76313806,0.76313806,0.9999999999986896,0.0,0.0,0.0,0.0,1.0,39.0,11.0,39.0,11.0,Greedy-SLA,Fixed-UCB-1sigma-Shield,340,5,0.6,0.6,0.6,0.6,0.6
4,4,1,1,0.0,0.0,0.76313806,0.76313806,0.9999999999986896,0.0,0.0,0.0,0.0,1.0,39.0,11.0,39.0,11.0,Greedy-SLA,Fixed-UCB-1.64sigma-Shield,340,5,0.6,0.6,0.6,0.6,0.6
0,2,0,1,1.0,0.0,0.7592471,0.6677499,0.8794895627512053,1.0,21.0,0.0,0.0,1.0,0.0,29.0,21.0,29.0,DT-Top1,Full-CertiTwin-q90,340,5,0.6,0.6,0.6,0.6,0.6
0,4,0,1,1.0,0.0,0.7592471,0.76313806,1.0051247610942404,1.0,57.0,0.0,0.0,1.0,0.0,29.0,39.0,11.0,DT-Top1,SLA-Rule-Shield,340,5,0.6,0.6,0.6,0.6,0.6
0,2,0,1,1.0,0.0,0.7592471,0.6677499,0.8794895627512053,1.0,21.0,0.0,0.0,1.0,0.0,29.0,21.0,29.0,DT-Top1,Fixed-UCB-1sigma-Shield,340,5,0.6,0.6,0.6,0.6,0.6
0,2,0,1,1.0,0.0,0.7592471,0.6677499,0.8794895627512053,1.0,21.0,0.0,0.0,1.0,0.0,29.0,21.0,29.0,DT-Top1,Fixed-UCB-1.64sigma-Shield,340,5,0.6,0.6,0.6,0.6,0.6
2,2,1,1,0.0,0.0,0.6677499,0.6677499,0.9999999999985024,0.0,0.0,0.0,0.0,1.0,21.0,29.0,21.0,29.0,PF,Full-CertiTwin-q90,341,5,0.6,0.6,0.6,0.6,0.6
2,2,1,1,0.0,0.0,0.6677499,0.6677499,0.9999999999985024,0.0,0.0,0.0,0.0,1.0,21.0,29.0,21.0,29.0,PF,SLA-Rule-Shield,341,5,0.6,0.6,0.6,0.6,0.6
2,2,1,1,0.0,0.0,0.6677499,0.6677499,0.9999999999985024,0.0,0.0,0.0,0.0,1.0,21.0,29.0,21.0,29.0,PF,Fixed-UCB-1sigma-Shield,341,5,0.6,0.6,0.6,0.6,0.6
2,2,1,1,0.0,0.0,0.6677499,0.6677499,0.9999999999985024,0.0,0.0,0.0,0.0,1.0,21.0,29.0,21.0,29.0,PF,Fixed-UCB-1.64sigma-Shield,341,5,0.6,0.6,0.6,0.6,0.6
4,4,1,1,0.0,0.0,0.7777951,0.7777951,0.9999999999987144,0.0,0.0,0.0,0.0,1.0,39.0,11.0,39.0,11.0,Greedy-SLA,Full-CertiTwin-q90,341,5,0.6,0.6,0.6,0.6,0.6
4,4,1,1,0.0,0.0,0.7777951,0.7777951,0.9999999999987144,0.0,0.0,0.0,0.0,1.0,39.0,11.0,39.0,11.0,Greedy-SLA,SLA-Rule-Shield,341,5,0.6,0.6,0.6,0.6,0.6
4,4,1,1,0.0,0.0,0.7777951,0.7777951,0.9999999999987144,0.0,0.0,0.0,0.0,1.0,39.0,11.0,39.0,11.0,Greedy-SLA,Fixed-UCB-1sigma-Shield,341,5,0.6,0.6,0.6,0.6,0.6
4,4,1,1,0.0,0.0,0.7777951,0.7777951,0.9999999999987144,0.0,0.0,0.0,0.0,1.0,39.0,11.0,39.0,11.0,Greedy-SLA,Fixed-UCB-1.64sigma-Shield,341,5,0.6,0.6,0.6,0.6,0.6
4,4,1,1,0.0,0.0,0.7777951,0.7777951,0.9999999999987144,0.0,0.0,0.0,0.0,1.0,39.0,11.0,39.0,11.0,DT-Top1,Full-CertiTwin-q90,341,5,0.6,0.6,0.6,0.6,0.6
4,4,1,1,0.0,0.0,0.7777951,0.7777951,0.9999999999987144,0.0,0.0,0.0,0.0,1.0,39.0,11.0,39.0,11.0,DT-Top1,SLA-Rule-Shield,341,5,0.6,0.6,0.6,0.6,0.6
4,4,1,1,0.0,0.0,0.7777951,0.7777951,0.9999999999987144,0.0,0.0,0.0,0.0,1.0,39.0,11.0,39.0,11.0,DT-Top1,Fixed-UCB-1sigma-Shield,341,5,0.6,0.6,0.6,0.6,0.6
4,4,1,1,0.0,0.0,0.7777951,0.7777951,0.9999999999987144,0.0,0.0,0.0,0.0,1.0,39.0,11.0,39.0,11.0,DT-Top1,Fixed-UCB-1.64sigma-Shield,341,5,0.6,0.6,0.6,0.6,0.6
2,2,1,1,0.0,0.0,0.6677499,0.6677499,0.9999999999985024,0.0,0.0,0.0,0.0,1.0,21.0,29.0,21.0,29.0,PF,Full-CertiTwin-q90,342,5,0.6,0.6,0.6,0.6,0.6
2,2,1,1,0.0,0.0,0.6677499,0.6677499,0.9999999999985024,0.0,0.0,0.0,0.0,1.0,21.0,29.0,21.0,29.0,PF,SLA-Rule-Shield,342,5,0.6,0.6,0.6,0.6,0.6
2,2,1,1,0.0,0.0,0.6677499,0.6677499,0.9999999999985024,0.0,0.0,0.0,0.0,1.0,21.0,29.0,21.0,29.0,PF,Fixed-UCB-1sigma-Shield,342,5,0.6,0.6,0.6,0.6,0.6
2,2,1,1,0.0,0.0,0.6677499,0.6677499,0.9999999999985024,0.0,0.0,0.0,0.0,1.0,21.0,29.0,21.0,29.0,PF,Fixed-UCB-1.64sigma-Shield,342,5,0.6,0.6,0.6,0.6,0.6
4,4,1,1,0.0,0.0,0.76313806,0.76313806,0.9999999999986896,0.0,0.0,0.0,0.0,1.0,39.0,11.0,39.0,11.0,Greedy-SLA,Full-CertiTwin-q90,342,5,0.6,0.6,0.6,0.6,0.6
4,4,1,1,0.0,0.0,0.76313806,0.76313806,0.9999999999986896,0.0,0.0,0.0,0.0,1.0,39.0,11.0,39.0,11.0,Greedy-SLA,SLA-Rule-Shield,342,5,0.6,0.6,0.6,0.6,0.6
4,4,1,1,0.0,0.0,0.76313806,0.76313806,0.9999999999986896,0.0,0.0,0.0,0.0,1.0,39.0,11.0,39.0,11.0,Greedy-SLA,Fixed-UCB-1sigma-Shield,342,5,0.6,0.6,0.6,0.6,0.6
4,4,1,1,0.0,0.0,0.76313806,0.76313806,0.9999999999986896,0.0,0.0,0.0,0.0,1.0,39.0,11.0,39.0,11.0,Greedy-SLA,Fixed-UCB-1.64sigma-Shield,342,5,0.6,0.6,0.6,0.6,0.6
4,4,1,1,0.0,0.0,0.76313806,0.76313806,0.9999999999986896,0.0,0.0,0.0,0.0,1.0,39.0,11.0,39.0,11.0,DT-Top1,Full-CertiTwin-q90,342,5,0.6,0.6,0.6,0.6,0.6
4,4,1,1,0.0,0.0,0.76313806,0.76313806,0.9999999999986896,0.0,0.0,0.0,0.0,1.0,39.0,11.0,39.0,11.0,DT-Top1,SLA-Rule-Shield,342,5,0.6,0.6,0.6,0.6,0.6
4,4,1,1,0.0,0.0,0.76313806,0.76313806,0.9999999999986896,0.0,0.0,0.0,0.0,1.0,39.0,11.0,39.0,11.0,DT-Top1,Fixed-UCB-1sigma-Shield,342,5,0.6,0.6,0.6,0.6,0.6
4,4,1,1,0.0,0.0,0.76313806,0.76313806,0.9999999999986896,0.0,0.0,0.0,0.0,1.0,39.0,11.0,39.0,11.0,DT-Top1,Fixed-UCB-1.64sigma-Shield,342,5,0.6,0.6,0.6,0.6,0.6
2,2,1,1,0.0,0.0,0.6677499,0.6677499,0.9999999999985024,0.0,0.0,0.0,0.0,1.0,21.0,29.0,21.0,29.0,PF,Full-CertiTwin-q90,343,5,0.6,0.6,0.6,0.6,0.6
2,2,1,1,0.0,0.0,0.6677499,0.6677499,0.9999999999985024,0.0,0.0,0.0,0.0,1.0,21.0,29.0,21.0,29.0,PF,SLA-Rule-Shield,343,5,0.6,0.6,0.6,0.6,0.6
2,2,1,1,0.0,0.0,0.6677499,0.6677499,0.9999999999985024,0.0,0.0,0.0,0.0,1.0,21.0,29.0,21.0,29.0,PF,Fixed-UCB-1sigma-Shield,343,5,0.6,0.6,0.6,0.6,0.6
2,2,1,1,0.0,0.0,0.6677499,0.6677499,0.9999999999985024,0.0,0.0,0.0,0.0,1.0,21.0,29.0,21.0,29.0,PF,Fixed-UCB-1.64sigma-Shield,343,5,0.6,0.6,0.6,0.6,0.6
4,4,1,1,0.0,0.0,0.7566483,0.7566483,0.9999999999986784,0.0,0.0,0.0,0.0,1.0,39.0,11.0,39.0,11.0,Greedy-SLA,Full-CertiTwin-q90,343,5,0.6,0.6,0.6,0.6,0.6
4,4,1,1,0.0,0.0,0.7566483,0.7566483,0.9999999999986784,0.0,0.0,0.0,0.0,1.0,39.0,11.0,39.0,11.0,Greedy-SLA,SLA-Rule-Shield,343,5,0.6,0.6,0.6,0.6,0.6
4,4,1,1,0.0,0.0,0.7566483,0.7566483,0.9999999999986784,0.0,0.0,0.0,0.0,1.0,39.0,11.0,39.0,11.0,Greedy-SLA,Fixed-UCB-1sigma-Shield,343,5,0.6,0.6,0.6,0.6,0.6
4,4,1,1,0.0,0.0,0.7566483,0.7566483,0.9999999999986784,0.0,0.0,0.0,0.0,1.0,39.0,11.0,39.0,11.0,Greedy-SLA,Fixed-UCB-1.64sigma-Shield,343,5,0.6,0.6,0.6,0.6,0.6
0,2,0,1,1.0,0.0,0.76278657,0.6677499,0.875408569397236,1.0,21.0,0.0,0.0,1.0,0.0,29.0,21.0,29.0,DT-Top1,Full-CertiTwin-q90,343,5,0.6,0.6,0.6,0.6,0.6
0,4,0,1,1.0,0.0,0.76278657,0.7566483,0.9919528341971308,1.0,57.0,0.0,0.0,1.0,0.0,29.0,39.0,11.0,DT-Top1,SLA-Rule-Shield,343,5,0.6,0.6,0.6,0.6,0.6
0,2,0,1,1.0,0.0,0.76278657,0.6677499,0.875408569397236,1.0,21.0,0.0,0.0,1.0,0.0,29.0,21.0,29.0,DT-Top1,Fixed-UCB-1sigma-Shield,343,5,0.6,0.6,0.6,0.6,0.6
0,2,0,1,1.0,0.0,0.76278657,0.6677499,0.875408569397236,1.0,21.0,0.0,0.0,1.0,0.0,29.0,21.0,29.0,DT-Top1,Fixed-UCB-1.64sigma-Shield,343,5,0.6,0.6,0.6,0.6,0.6
2,2,1,1,0.0,0.0,0.6677499,0.6677499,0.9999999999985024,0.0,0.0,0.0,0.0,1.0,21.0,29.0,21.0,29.0,PF,Full-CertiTwin-q90,344,5,0.6,0.6,0.6,0.6,0.6
2,2,1,1,0.0,0.0,0.6677499,0.6677499,0.9999999999985024,0.0,0.0,0.0,0.0,1.0,21.0,29.0,21.0,29.0,PF,SLA-Rule-Shield,344,5,0.6,0.6,0.6,0.6,0.6
2,2,1,1,0.0,0.0,0.6677499,0.6677499,0.9999999999985024,0.0,0.0,0.0,0.0,1.0,21.0,29.0,21.0,29.0,PF,Fixed-UCB-1sigma-Shield,344,5,0.6,0.6,0.6,0.6,0.6
2,2,1,1,0.0,0.0,0.6677499,0.6677499,0.9999999999985024,0.0,0.0,0.0,0.0,1.0,21.0,29.0,21.0,29.0,PF,Fixed-UCB-1.64sigma-Shield,344,5,0.6,0.6,0.6,0.6,0.6
4,4,1,1,0.0,0.0,0.76313806,0.76313806,0.9999999999986896,0.0,0.0,0.0,0.0,1.0,39.0,11.0,39.0,11.0,Greedy-SLA,Full-CertiTwin-q90,344,5,0.6,0.6,0.6,0.6,0.6
4,4,1,1,0.0,0.0,0.76313806,0.76313806,0.9999999999986896,0.0,0.0,0.0,0.0,1.0,39.0,11.0,39.0,11.0,Greedy-SLA,SLA-Rule-Shield,344,5,0.6,0.6,0.6,0.6,0.6
4,4,1,1,0.0,0.0,0.76313806,0.76313806,0.9999999999986896,0.0,0.0,0.0,0.0,1.0,39.0,11.0,39.0,11.0,Greedy-SLA,Fixed-UCB-1sigma-Shield,344,5,0.6,0.6,0.6,0.6,0.6
4,4,1,1,0.0,0.0,0.76313806,0.76313806,0.9999999999986896,0.0,0.0,0.0,0.0,1.0,39.0,11.0,39.0,11.0,Greedy-SLA,Fixed-UCB-1.64sigma-Shield,344,5,0.6,0.6,0.6,0.6,0.6
0,2,0,1,1.0,0.0,0.76278657,0.6677499,0.875408569397236,1.0,21.0,0.0,0.0,1.0,0.0,29.0,21.0,29.0,DT-Top1,Full-CertiTwin-q90,344,5,0.6,0.6,0.6,0.6,0.6
0,4,0,1,1.0,0.0,0.76278657,0.76313806,1.000460797309265,1.0,57.0,0.0,0.0,1.0,0.0,29.0,39.0,11.0,DT-Top1,SLA-Rule-Shield,344,5,0.6,0.6,0.6,0.6,0.6
0,2,0,1,1.0,0.0,0.76278657,0.6677499,0.875408569397236,1.0,21.0,0.0,0.0,1.0,0.0,29.0,21.0,29.0,DT-Top1,Fixed-UCB-1sigma-Shield,344,5,0.6,0.6,0.6,0.6,0.6
0,2,0,1,1.0,0.0,0.76278657,0.6677499,0.875408569397236,1.0,21.0,0.0,0.0,1.0,0.0,29.0,21.0,29.0,DT-Top1,Fixed-UCB-1.64sigma-Shield,344,5,0.6,0.6,0.6,0.6,0.6
2,2,1,1,0.0,0.0,0.6677499,0.6677499,0.9999999999985024,0.0,0.0,0.0,0.0,1.0,21.0,29.0,21.0,29.0,PF,Full-CertiTwin-q90,345,5,0.6,0.6,0.6,0.6,0.6
2,2,1,1,0.0,0.0,0.6677499,0.6677499,0.9999999999985024,0.0,0.0,0.0,0.0,1.0,21.0,29.0,21.0,29.0,PF,SLA-Rule-Shield,345,5,0.6,0.6,0.6,0.6,0.6
2,2,1,1,0.0,0.0,0.6677499,0.6677499,0.9999999999985024,0.0,0.0,0.0,0.0,1.0,21.0,29.0,21.0,29.0,PF,Fixed-UCB-1sigma-Shield,345,5,0.6,0.6,0.6,0.6,0.6
2,2,1,1,0.0,0.0,0.6677499,0.6677499,0.9999999999985024,0.0,0.0,0.0,0.0,1.0,21.0,29.0,21.0,29.0,PF,Fixed-UCB-1.64sigma-Shield,345,5,0.6,0.6,0.6,0.6,0.6
4,4,1,1,0.0,0.0,0.76313806,0.76313806,0.9999999999986896,0.0,0.0,0.0,0.0,1.0,39.0,11.0,39.0,11.0,Greedy-SLA,Full-CertiTwin-q90,345,5,0.6,0.6,0.6,0.6,0.6
4,4,1,1,0.0,0.0,0.76313806,0.76313806,0.9999999999986896,0.0,0.0,0.0,0.0,1.0,39.0,11.0,39.0,11.0,Greedy-SLA,SLA-Rule-Shield,345,5,0.6,0.6,0.6,0.6,0.6
4,4,1,1,0.0,0.0,0.76313806,0.76313806,0.9999999999986896,0.0,0.0,0.0,0.0,1.0,39.0,11.0,39.0,11.0,Greedy-SLA,Fixed-UCB-1sigma-Shield,345,5,0.6,0.6,0.6,0.6,0.6
4,4,1,1,0.0,0.0,0.76313806,0.76313806,0.9999999999986896,0.0,0.0,0.0,0.0,1.0,39.0,11.0,39.0,11.0,Greedy-SLA,Fixed-UCB-1.64sigma-Shield,345,5,0.6,0.6,0.6,0.6,0.6
0,2,0,1,1.0,0.0,0.76278657,0.6677499,0.875408569397236,1.0,21.0,0.0,0.0,1.0,0.0,29.0,21.0,29.0,DT-Top1,Full-CertiTwin-q90,345,5,0.6,0.6,0.6,0.6,0.6
0,4,0,1,1.0,0.0,0.76278657,0.76313806,1.000460797309265,1.0,57.0,0.0,0.0,1.0,0.0,29.0,39.0,11.0,DT-Top1,SLA-Rule-Shield,345,5,0.6,0.6,0.6,0.6,0.6
0,2,0,1,1.0,0.0,0.76278657,0.6677499,0.875408569397236,1.0,21.0,0.0,0.0,1.0,0.0,29.0,21.0,29.0,DT-Top1,Fixed-UCB-1sigma-Shield,345,5,0.6,0.6,0.6,0.6,0.6
0,2,0,1,1.0,0.0,0.76278657,0.6677499,0.875408569397236,1.0,21.0,0.0,0.0,1.0,0.0,29.0,21.0,29.0,DT-Top1,Fixed-UCB-1.64sigma-Shield,345,5,0.6,0.6,0.6,0.6,0.6
2,2,1,1,0.0,0.0,0.6682329,0.6682329,0.9999999999985036,0.0,0.0,0.0,0.0,1.0,21.0,29.0,21.0,29.0,PF,Full-CertiTwin-q90,346,5,0.6,0.6,0.6,0.6,0.6
2,2,1,1,0.0,0.0,0.6682329,0.6682329,0.9999999999985036,0.0,0.0,0.0,0.0,1.0,21.0,29.0,21.0,29.0,PF,SLA-Rule-Shield,346,5,0.6,0.6,0.6,0.6,0.6
2,2,1,1,0.0,0.0,0.6682329,0.6682329,0.9999999999985036,0.0,0.0,0.0,0.0,1.0,21.0,29.0,21.0,29.0,PF,Fixed-UCB-1sigma-Shield,346,5,0.6,0.6,0.6,0.6,0.6
2,2,1,1,0.0,0.0,0.6682329,0.6682329,0.9999999999985036,0.0,0.0,0.0,0.0,1.0,21.0,29.0,21.0,29.0,PF,Fixed-UCB-1.64sigma-Shield,346,5,0.6,0.6,0.6,0.6,0.6
4,4,1,1,0.0,0.0,0.76313806,0.76313806,0.9999999999986896,0.0,0.0,0.0,0.0,1.0,39.0,11.0,39.0,11.0,Greedy-SLA,Full-CertiTwin-q90,346,5,0.6,0.6,0.6,0.6,0.6
4,4,1,1,0.0,0.0,0.76313806,0.76313806,0.9999999999986896,0.0,0.0,0.0,0.0,1.0,39.0,11.0,39.0,11.0,Greedy-SLA,SLA-Rule-Shield,346,5,0.6,0.6,0.6,0.6,0.6
4,4,1,1,0.0,0.0,0.76313806,0.76313806,0.9999999999986896,0.0,0.0,0.0,0.0,1.0,39.0,11.0,39.0,11.0,Greedy-SLA,Fixed-UCB-1sigma-Shield,346,5,0.6,0.6,0.6,0.6,0.6
4,4,1,1,0.0,0.0,0.76313806,0.76313806,0.9999999999986896,0.0,0.0,0.0,0.0,1.0,39.0,11.0,39.0,11.0,Greedy-SLA,Fixed-UCB-1.64sigma-Shield,346,5,0.6,0.6,0.6,0.6,0.6
4,4,1,1,0.0,0.0,0.76313806,0.76313806,0.9999999999986896,0.0,0.0,0.0,0.0,1.0,39.0,11.0,39.0,11.0,DT-Top1,Full-CertiTwin-q90,346,5,0.6,0.6,0.6,0.6,0.6
4,4,1,1,0.0,0.0,0.76313806,0.76313806,0.9999999999986896,0.0,0.0,0.0,0.0,1.0,39.0,11.0,39.0,11.0,DT-Top1,SLA-Rule-Shield,346,5,0.6,0.6,0.6,0.6,0.6
4,4,1,1,0.0,0.0,0.76313806,0.76313806,0.9999999999986896,0.0,0.0,0.0,0.0,1.0,39.0,11.0,39.0,11.0,DT-Top1,Fixed-UCB-1sigma-Shield,346,5,0.6,0.6,0.6,0.6,0.6
4,4,1,1,0.0,0.0,0.76313806,0.76313806,0.9999999999986896,0.0,0.0,0.0,0.0,1.0,39.0,11.0,39.0,11.0,DT-Top1,Fixed-UCB-1.64sigma-Shield,346,5,0.6,0.6,0.6,0.6,0.6
2,2,1,1,0.0,0.0,0.6677499,0.6677499,0.9999999999985024,0.0,0.0,0.0,0.0,1.0,21.0,29.0,21.0,29.0,PF,Full-CertiTwin-q90,347,5,0.6,0.6,0.6,0.6,0.6
2,2,1,1,0.0,0.0,0.6677499,0.6677499,0.9999999999985024,0.0,0.0,0.0,0.0,1.0,21.0,29.0,21.0,29.0,PF,SLA-Rule-Shield,347,5,0.6,0.6,0.6,0.6,0.6
2,2,1,1,0.0,0.0,0.6677499,0.6677499,0.9999999999985024,0.0,0.0,0.0,0.0,1.0,21.0,29.0,21.0,29.0,PF,Fixed-UCB-1sigma-Shield,347,5,0.6,0.6,0.6,0.6,0.6
2,2,1,1,0.0,0.0,0.6677499,0.6677499,0.9999999999985024,0.0,0.0,0.0,0.0,1.0,21.0,29.0,21.0,29.0,PF,Fixed-UCB-1.64sigma-Shield,347,5,0.6,0.6,0.6,0.6,0.6
4,4,1,1,0.0,0.0,0.76313806,0.76313806,0.9999999999986896,0.0,0.0,0.0,0.0,1.0,39.0,11.0,39.0,11.0,Greedy-SLA,Full-CertiTwin-q90,347,5,0.6,0.6,0.6,0.6,0.6
4,4,1,1,0.0,0.0,0.76313806,0.76313806,0.9999999999986896,0.0,0.0,0.0,0.0,1.0,39.0,11.0,39.0,11.0,Greedy-SLA,SLA-Rule-Shield,347,5,0.6,0.6,0.6,0.6,0.6
4,4,1,1,0.0,0.0,0.76313806,0.76313806,0.9999999999986896,0.0,0.0,0.0,0.0,1.0,39.0,11.0,39.0,11.0,Greedy-SLA,Fixed-UCB-1sigma-Shield,347,5,0.6,0.6,0.6,0.6,0.6
4,4,1,1,0.0,0.0,0.76313806,0.76313806,0.9999999999986896,0.0,0.0,0.0,0.0,1.0,39.0,11.0,39.0,11.0,Greedy-SLA,Fixed-UCB-1.64sigma-Shield,347,5,0.6,0.6,0.6,0.6,0.6
0,2,0,1,1.0,0.0,0.76278657,0.6677499,0.875408569397236,1.0,21.0,0.0,0.0,1.0,0.0,29.0,21.0,29.0,DT-Top1,Full-CertiTwin-q90,347,5,0.6,0.6,0.6,0.6,0.6
0,4,0,1,1.0,0.0,0.76278657,0.76313806,1.000460797309265,1.0,57.0,0.0,0.0,1.0,0.0,29.0,39.0,11.0,DT-Top1,SLA-Rule-Shield,347,5,0.6,0.6,0.6,0.6,0.6
0,2,0,1,1.0,0.0,0.76278657,0.6677499,0.875408569397236,1.0,21.0,0.0,0.0,1.0,0.0,29.0,21.0,29.0,DT-Top1,Fixed-UCB-1sigma-Shield,347,5,0.6,0.6,0.6,0.6,0.6
0,2,0,1,1.0,0.0,0.76278657,0.6677499,0.875408569397236,1.0,21.0,0.0,0.0,1.0,0.0,29.0,21.0,29.0,DT-Top1,Fixed-UCB-1.64sigma-Shield,347,5,0.6,0.6,0.6,0.6,0.6
2,2,1,1,0.0,0.0,0.6677499,0.6677499,0.9999999999985024,0.0,0.0,0.0,0.0,1.0,21.0,29.0,21.0,29.0,PF,Full-CertiTwin-q90,348,5,0.6,0.6,0.6,0.6,0.6
2,2,1,1,0.0,0.0,0.6677499,0.6677499,0.9999999999985024,0.0,0.0,0.0,0.0,1.0,21.0,29.0,21.0,29.0,PF,SLA-Rule-Shield,348,5,0.6,0.6,0.6,0.6,0.6
2,2,1,1,0.0,0.0,0.6677499,0.6677499,0.9999999999985024,0.0,0.0,0.0,0.0,1.0,21.0,29.0,21.0,29.0,PF,Fixed-UCB-1sigma-Shield,348,5,0.6,0.6,0.6,0.6,0.6
2,2,1,1,0.0,0.0,0.6677499,0.6677499,0.9999999999985024,0.0,0.0,0.0,0.0,1.0,21.0,29.0,21.0,29.0,PF,Fixed-UCB-1.64sigma-Shield,348,5,0.6,0.6,0.6,0.6,0.6
4,4,1,1,0.0,0.0,0.76313806,0.76313806,0.9999999999986896,0.0,0.0,0.0,0.0,1.0,39.0,11.0,39.0,11.0,Greedy-SLA,Full-CertiTwin-q90,348,5,0.6,0.6,0.6,0.6,0.6
4,4,1,1,0.0,0.0,0.76313806,0.76313806,0.9999999999986896,0.0,0.0,0.0,0.0,1.0,39.0,11.0,39.0,11.0,Greedy-SLA,SLA-Rule-Shield,348,5,0.6,0.6,0.6,0.6,0.6
4,4,1,1,0.0,0.0,0.76313806,0.76313806,0.9999999999986896,0.0,0.0,0.0,0.0,1.0,39.0,11.0,39.0,11.0,Greedy-SLA,Fixed-UCB-1sigma-Shield,348,5,0.6,0.6,0.6,0.6,0.6
4,4,1,1,0.0,0.0,0.76313806,0.76313806,0.9999999999986896,0.0,0.0,0.0,0.0,1.0,39.0,11.0,39.0,11.0,Greedy-SLA,Fixed-UCB-1.64sigma-Shield,348,5,0.6,0.6,0.6,0.6,0.6
0,2,0,1,1.0,0.0,0.77741534,0.6677499,0.8589358424534574,1.0,21.0,0.0,0.0,1.0,0.0,29.0,21.0,29.0,DT-Top1,Full-CertiTwin-q90,348,5,0.6,0.6,0.6,0.6,0.6
0,4,0,1,1.0,0.0,0.77741534,0.76313806,0.981634939180668,1.0,57.0,0.0,0.0,1.0,0.0,29.0,39.0,11.0,DT-Top1,SLA-Rule-Shield,348,5,0.6,0.6,0.6,0.6,0.6
0,2,0,1,1.0,0.0,0.77741534,0.6677499,0.8589358424534574,1.0,21.0,0.0,0.0,1.0,0.0,29.0,21.0,29.0,DT-Top1,Fixed-UCB-1sigma-Shield,348,5,0.6,0.6,0.6,0.6,0.6
0,2,0,1,1.0,0.0,0.77741534,0.6677499,0.8589358424534574,1.0,21.0,0.0,0.0,1.0,0.0,29.0,21.0,29.0,DT-Top1,Fixed-UCB-1.64sigma-Shield,348,5,0.6,0.6,0.6,0.6,0.6
2,2,1,1,0.0,0.0,0.65129316,0.65129316,0.9999999999984648,0.0,0.0,0.0,0.0,1.0,21.0,29.0,21.0,29.0,PF,Full-CertiTwin-q90,349,5,0.6,0.6,0.6,0.6,0.6
2,2,1,1,0.0,0.0,0.65129316,0.65129316,0.9999999999984648,0.0,0.0,0.0,0.0,1.0,21.0,29.0,21.0,29.0,PF,SLA-Rule-Shield,349,5,0.6,0.6,0.6,0.6,0.6
2,2,1,1,0.0,0.0,0.65129316,0.65129316,0.9999999999984648,0.0,0.0,0.0,0.0,1.0,21.0,29.0,21.0,29.0,PF,Fixed-UCB-1sigma-Shield,349,5,0.6,0.6,0.6,0.6,0.6
2,2,1,1,0.0,0.0,0.65129316,0.65129316,0.9999999999984648,0.0,0.0,0.0,0.0,1.0,21.0,29.0,21.0,29.0,PF,Fixed-UCB-1.64sigma-Shield,349,5,0.6,0.6,0.6,0.6,0.6
4,4,1,1,0.0,0.0,0.76313806,0.76313806,0.9999999999986896,0.0,0.0,0.0,0.0,1.0,39.0,11.0,39.0,11.0,Greedy-SLA,Full-CertiTwin-q90,349,5,0.6,0.6,0.6,0.6,0.6
4,4,1,1,0.0,0.0,0.76313806,0.76313806,0.9999999999986896,0.0,0.0,0.0,0.0,1.0,39.0,11.0,39.0,11.0,Greedy-SLA,SLA-Rule-Shield,349,5,0.6,0.6,0.6,0.6,0.6
4,4,1,1,0.0,0.0,0.76313806,0.76313806,0.9999999999986896,0.0,0.0,0.0,0.0,1.0,39.0,11.0,39.0,11.0,Greedy-SLA,Fixed-UCB-1sigma-Shield,349,5,0.6,0.6,0.6,0.6,0.6
4,4,1,1,0.0,0.0,0.76313806,0.76313806,0.9999999999986896,0.0,0.0,0.0,0.0,1.0,39.0,11.0,39.0,11.0,Greedy-SLA,Fixed-UCB-1.64sigma-Shield,349,5,0.6,0.6,0.6,0.6,0.6
4,4,1,1,0.0,0.0,0.76313806,0.76313806,0.9999999999986896,0.0,0.0,0.0,0.0,1.0,39.0,11.0,39.0,11.0,DT-Top1,Full-CertiTwin-q90,349,5,0.6,0.6,0.6,0.6,0.6
4,4,1,1,0.0,0.0,0.76313806,0.76313806,0.9999999999986896,0.0,0.0,0.0,0.0,1.0,39.0,11.0,39.0,11.0,DT-Top1,SLA-Rule-Shield,349,5,0.6,0.6,0.6,0.6,0.6
4,4,1,1,0.0,0.0,0.76313806,0.76313806,0.9999999999986896,0.0,0.0,0.0,0.0,1.0,39.0,11.0,39.0,11.0,DT-Top1,Fixed-UCB-1sigma-Shield,349,5,0.6,0.6,0.6,0.6,0.6
4,4,1,1,0.0,0.0,0.76313806,0.76313806,0.9999999999986896,0.0,0.0,0.0,0.0,1.0,39.0,11.0,39.0,11.0,DT-Top1,Fixed-UCB-1.64sigma-Shield,349,5,0.6,0.6,0.6,0.6,0.6
2,2,1,1,0.0,0.0,0.65129316,0.65129316,0.9999999999984648,0.0,0.0,0.0,0.0,1.0,21.0,29.0,21.0,29.0,PF,Full-CertiTwin-q90,350,5,0.6,0.6,0.6,0.6,0.6
2,2,1,1,0.0,0.0,0.65129316,0.65129316,0.9999999999984648,0.0,0.0,0.0,0.0,1.0,21.0,29.0,21.0,29.0,PF,SLA-Rule-Shield,350,5,0.6,0.6,0.6,0.6,0.6
2,2,1,1,0.0,0.0,0.65129316,0.65129316,0.9999999999984648,0.0,0.0,0.0,0.0,1.0,21.0,29.0,21.0,29.0,PF,Fixed-UCB-1sigma-Shield,350,5,0.6,0.6,0.6,0.6,0.6
2,2,1,1,0.0,0.0,0.65129316,0.65129316,0.9999999999984648,0.0,0.0,0.0,0.0,1.0,21.0,29.0,21.0,29.0,PF,Fixed-UCB-1.64sigma-Shield,350,5,0.6,0.6,0.6,0.6,0.6
4,4,1,1,0.0,0.0,0.76313806,0.76313806,0.9999999999986896,0.0,0.0,0.0,0.0,1.0,39.0,11.0,39.0,11.0,Greedy-SLA,Full-CertiTwin-q90,350,5,0.6,0.6,0.6,0.6,0.6
4,4,1,1,0.0,0.0,0.76313806,0.76313806,0.9999999999986896,0.0,0.0,0.0,0.0,1.0,39.0,11.0,39.0,11.0,Greedy-SLA,SLA-Rule-Shield,350,5,0.6,0.6,0.6,0.6,0.6
4,4,1,1,0.0,0.0,0.76313806,0.76313806,0.9999999999986896,0.0,0.0,0.0,0.0,1.0,39.0,11.0,39.0,11.0,Greedy-SLA,Fixed-UCB-1sigma-Shield,350,5,0.6,0.6,0.6,0.6,0.6
4,4,1,1,0.0,0.0,0.76313806,0.76313806,0.9999999999986896,0.0,0.0,0.0,0.0,1.0,39.0,11.0,39.0,11.0,Greedy-SLA,Fixed-UCB-1.64sigma-Shield,350,5,0.6,0.6,0.6,0.6,0.6
4,4,1,1,0.0,0.0,0.76313806,0.76313806,0.9999999999986896,0.0,0.0,0.0,0.0,1.0,39.0,11.0,39.0,11.0,DT-Top1,Full-CertiTwin-q90,350,5,0.6,0.6,0.6,0.6,0.6
4,4,1,1,0.0,0.0,0.76313806,0.76313806,0.9999999999986896,0.0,0.0,0.0,0.0,1.0,39.0,11.0,39.0,11.0,DT-Top1,SLA-Rule-Shield,350,5,0.6,0.6,0.6,0.6,0.6
4,4,1,1,0.0,0.0,0.76313806,0.76313806,0.9999999999986896,0.0,0.0,0.0,0.0,1.0,39.0,11.0,39.0,11.0,DT-Top1,Fixed-UCB-1sigma-Shield,350,5,0.6,0.6,0.6,0.6,0.6
4,4,1,1,0.0,0.0,0.76313806,0.76313806,0.9999999999986896,0.0,0.0,0.0,0.0,1.0,39.0,11.0,39.0,11.0,DT-Top1,Fixed-UCB-1.64sigma-Shield,350,5,0.6,0.6,0.6,0.6,0.6
2,2,1,1,0.0,0.0,0.6677499,0.6677499,0.9999999999985024,0.0,0.0,0.0,0.0,1.0,21.0,29.0,21.0,29.0,PF,Full-CertiTwin-q90,351,5,0.6,0.6,0.6,0.6,0.6
2,2,1,1,0.0,0.0,0.6677499,0.6677499,0.9999999999985024,0.0,0.0,0.0,0.0,1.0,21.0,29.0,21.0,29.0,PF,SLA-Rule-Shield,351,5,0.6,0.6,0.6,0.6,0.6
2,2,1,1,0.0,0.0,0.6677499,0.6677499,0.9999999999985024,0.0,0.0,0.0,0.0,1.0,21.0,29.0,21.0,29.0,PF,Fixed-UCB-1sigma-Shield,351,5,0.6,0.6,0.6,0.6,0.6
2,2,1,1,0.0,0.0,0.6677499,0.6677499,0.9999999999985024,0.0,0.0,0.0,0.0,1.0,21.0,29.0,21.0,29.0,PF,Fixed-UCB-1.64sigma-Shield,351,5,0.6,0.6,0.6,0.6,0.6
0,2,0,1,1.0,0.0,0.76278657,0.6677499,0.875408569397236,1.0,21.0,0.0,0.0,1.0,0.0,29.0,21.0,29.0,Greedy-SLA,Full-CertiTwin-q90,351,5,0.6,0.6,0.6,0.6,0.6
0,4,0,1,1.0,0.0,0.76278657,0.76313806,1.000460797309265,1.0,57.0,0.0,0.0,1.0,0.0,29.0,39.0,11.0,Greedy-SLA,SLA-Rule-Shield,351,5,0.6,0.6,0.6,0.6,0.6
0,2,0,1,1.0,0.0,0.76278657,0.6677499,0.875408569397236,1.0,21.0,0.0,0.0,1.0,0.0,29.0,21.0,29.0,Greedy-SLA,Fixed-UCB-1sigma-Shield,351,5,0.6,0.6,0.6,0.6,0.6
0,2,0,1,1.0,0.0,0.76278657,0.6677499,0.875408569397236,1.0,21.0,0.0,0.0,1.0,0.0,29.0,21.0,29.0,Greedy-SLA,Fixed-UCB-1.64sigma-Shield,351,5,0.6,0.6,0.6,0.6,0.6
0,2,0,1,1.0,0.0,0.76278657,0.6677499,0.875408569397236,1.0,21.0,0.0,0.0,1.0,0.0,29.0,21.0,29.0,DT-Top1,Full-CertiTwin-q90,351,5,0.6,0.6,0.6,0.6,0.6
0,4,0,1,1.0,0.0,0.76278657,0.76313806,1.000460797309265,1.0,57.0,0.0,0.0,1.0,0.0,29.0,39.0,11.0,DT-Top1,SLA-Rule-Shield,351,5,0.6,0.6,0.6,0.6,0.6
0,2,0,1,1.0,0.0,0.76278657,0.6677499,0.875408569397236,1.0,21.0,0.0,0.0,1.0,0.0,29.0,21.0,29.0,DT-Top1,Fixed-UCB-1sigma-Shield,351,5,0.6,0.6,0.6,0.6,0.6
0,2,0,1,1.0,0.0,0.76278657,0.6677499,0.875408569397236,1.0,21.0,0.0,0.0,1.0,0.0,29.0,21.0,29.0,DT-Top1,Fixed-UCB-1.64sigma-Shield,351,5,0.6,0.6,0.6,0.6,0.6
2,2,1,1,0.0,0.0,0.6677499,0.6677499,0.9999999999985024,0.0,0.0,0.0,0.0,1.0,21.0,29.0,21.0,29.0,PF,Full-CertiTwin-q90,352,5,0.6,0.6,0.6,0.6,0.6
2,2,1,1,0.0,0.0,0.6677499,0.6677499,0.9999999999985024,0.0,0.0,0.0,0.0,1.0,21.0,29.0,21.0,29.0,PF,SLA-Rule-Shield,352,5,0.6,0.6,0.6,0.6,0.6
2,2,1,1,0.0,0.0,0.6677499,0.6677499,0.9999999999985024,0.0,0.0,0.0,0.0,1.0,21.0,29.0,21.0,29.0,PF,Fixed-UCB-1sigma-Shield,352,5,0.6,0.6,0.6,0.6,0.6
2,2,1,1,0.0,0.0,0.6677499,0.6677499,0.9999999999985024,0.0,0.0,0.0,0.0,1.0,21.0,29.0,21.0,29.0,PF,Fixed-UCB-1.64sigma-Shield,352,5,0.6,0.6,0.6,0.6,0.6
4,4,1,1,0.0,0.0,0.76313806,0.76313806,0.9999999999986896,0.0,0.0,0.0,0.0,1.0,39.0,11.0,39.0,11.0,Greedy-SLA,Full-CertiTwin-q90,352,5,0.6,0.6,0.6,0.6,0.6
4,4,1,1,0.0,0.0,0.76313806,0.76313806,0.9999999999986896,0.0,0.0,0.0,0.0,1.0,39.0,11.0,39.0,11.0,Greedy-SLA,SLA-Rule-Shield,352,5,0.6,0.6,0.6,0.6,0.6
4,4,1,1,0.0,0.0,0.76313806,0.76313806,0.9999999999986896,0.0,0.0,0.0,0.0,1.0,39.0,11.0,39.0,11.0,Greedy-SLA,Fixed-UCB-1sigma-Shield,352,5,0.6,0.6,0.6,0.6,0.6
4,4,1,1,0.0,0.0,0.76313806,0.76313806,0.9999999999986896,0.0,0.0,0.0,0.0,1.0,39.0,11.0,39.0,11.0,Greedy-SLA,Fixed-UCB-1.64sigma-Shield,352,5,0.6,0.6,0.6,0.6,0.6
0,2,0,1,1.0,0.0,0.76278657,0.6677499,0.875408569397236,1.0,21.0,0.0,0.0,1.0,0.0,29.0,21.0,29.0,DT-Top1,Full-CertiTwin-q90,352,5,0.6,0.6,0.6,0.6,0.6
0,4,0,1,1.0,0.0,0.76278657,0.76313806,1.000460797309265,1.0,57.0,0.0,0.0,1.0,0.0,29.0,39.0,11.0,DT-Top1,SLA-Rule-Shield,352,5,0.6,0.6,0.6,0.6,0.6
0,2,0,1,1.0,0.0,0.76278657,0.6677499,0.875408569397236,1.0,21.0,0.0,0.0,1.0,0.0,29.0,21.0,29.0,DT-Top1,Fixed-UCB-1sigma-Shield,352,5,0.6,0.6,0.6,0.6,0.6
0,2,0,1,1.0,0.0,0.76278657,0.6677499,0.875408569397236,1.0,21.0,0.0,0.0,1.0,0.0,29.0,21.0,29.0,DT-Top1,Fixed-UCB-1.64sigma-Shield,352,5,0.6,0.6,0.6,0.6,0.6
2,2,1,1,0.0,0.0,0.6682329,0.6682329,0.9999999999985036,0.0,0.0,0.0,0.0,1.0,21.0,29.0,21.0,29.0,PF,Full-CertiTwin-q90,353,5,0.6,0.6,0.6,0.6,0.6
2,2,1,1,0.0,0.0,0.6682329,0.6682329,0.9999999999985036,0.0,0.0,0.0,0.0,1.0,21.0,29.0,21.0,29.0,PF,SLA-Rule-Shield,353,5,0.6,0.6,0.6,0.6,0.6
2,2,1,1,0.0,0.0,0.6682329,0.6682329,0.9999999999985036,0.0,0.0,0.0,0.0,1.0,21.0,29.0,21.0,29.0,PF,Fixed-UCB-1sigma-Shield,353,5,0.6,0.6,0.6,0.6,0.6
2,2,1,1,0.0,0.0,0.6682329,0.6682329,0.9999999999985036,0.0,0.0,0.0,0.0,1.0,21.0,29.0,21.0,29.0,PF,Fixed-UCB-1.64sigma-Shield,353,5,0.6,0.6,0.6,0.6,0.6
4,4,1,1,0.0,0.0,0.76313806,0.76313806,0.9999999999986896,0.0,0.0,0.0,0.0,1.0,39.0,11.0,39.0,11.0,Greedy-SLA,Full-CertiTwin-q90,353,5,0.6,0.6,0.6,0.6,0.6
4,4,1,1,0.0,0.0,0.76313806,0.76313806,0.9999999999986896,0.0,0.0,0.0,0.0,1.0,39.0,11.0,39.0,11.0,Greedy-SLA,SLA-Rule-Shield,353,5,0.6,0.6,0.6,0.6,0.6
4,4,1,1,0.0,0.0,0.76313806,0.76313806,0.9999999999986896,0.0,0.0,0.0,0.0,1.0,39.0,11.0,39.0,11.0,Greedy-SLA,Fixed-UCB-1sigma-Shield,353,5,0.6,0.6,0.6,0.6,0.6
4,4,1,1,0.0,0.0,0.76313806,0.76313806,0.9999999999986896,0.0,0.0,0.0,0.0,1.0,39.0,11.0,39.0,11.0,Greedy-SLA,Fixed-UCB-1.64sigma-Shield,353,5,0.6,0.6,0.6,0.6,0.6
0,2,0,1,1.0,0.0,0.76278657,0.6682329,0.8760417740431953,1.0,21.0,0.0,0.0,1.0,0.0,29.0,21.0,29.0,DT-Top1,Full-CertiTwin-q90,353,5,0.6,0.6,0.6,0.6,0.6
0,4,0,1,1.0,0.0,0.76278657,0.76313806,1.000460797309265,1.0,57.0,0.0,0.0,1.0,0.0,29.0,39.0,11.0,DT-Top1,SLA-Rule-Shield,353,5,0.6,0.6,0.6,0.6,0.6
0,2,0,1,1.0,0.0,0.76278657,0.6682329,0.8760417740431953,1.0,21.0,0.0,0.0,1.0,0.0,29.0,21.0,29.0,DT-Top1,Fixed-UCB-1sigma-Shield,353,5,0.6,0.6,0.6,0.6,0.6
0,2,0,1,1.0,0.0,0.76278657,0.6682329,0.8760417740431953,1.0,21.0,0.0,0.0,1.0,0.0,29.0,21.0,29.0,DT-Top1,Fixed-UCB-1.64sigma-Shield,353,5,0.6,0.6,0.6,0.6,0.6
2,2,1,1,0.0,0.0,0.6677499,0.6677499,0.9999999999985024,0.0,0.0,0.0,0.0,1.0,21.0,29.0,21.0,29.0,PF,Full-CertiTwin-q90,354,5,0.6,0.6,0.6,0.6,0.6
2,2,1,1,0.0,0.0,0.6677499,0.6677499,0.9999999999985024,0.0,0.0,0.0,0.0,1.0,21.0,29.0,21.0,29.0,PF,SLA-Rule-Shield,354,5,0.6,0.6,0.6,0.6,0.6
2,2,1,1,0.0,0.0,0.6677499,0.6677499,0.9999999999985024,0.0,0.0,0.0,0.0,1.0,21.0,29.0,21.0,29.0,PF,Fixed-UCB-1sigma-Shield,354,5,0.6,0.6,0.6,0.6,0.6
2,2,1,1,0.0,0.0,0.6677499,0.6677499,0.9999999999985024,0.0,0.0,0.0,0.0,1.0,21.0,29.0,21.0,29.0,PF,Fixed-UCB-1.64sigma-Shield,354,5,0.6,0.6,0.6,0.6,0.6
4,4,1,1,0.0,0.0,0.76313806,0.76313806,0.9999999999986896,0.0,0.0,0.0,0.0,1.0,39.0,11.0,39.0,11.0,Greedy-SLA,Full-CertiTwin-q90,354,5,0.6,0.6,0.6,0.6,0.6
4,4,1,1,0.0,0.0,0.76313806,0.76313806,0.9999999999986896,0.0,0.0,0.0,0.0,1.0,39.0,11.0,39.0,11.0,Greedy-SLA,SLA-Rule-Shield,354,5,0.6,0.6,0.6,0.6,0.6
4,4,1,1,0.0,0.0,0.76313806,0.76313806,0.9999999999986896,0.0,0.0,0.0,0.0,1.0,39.0,11.0,39.0,11.0,Greedy-SLA,Fixed-UCB-1sigma-Shield,354,5,0.6,0.6,0.6,0.6,0.6
4,4,1,1,0.0,0.0,0.76313806,0.76313806,0.9999999999986896,0.0,0.0,0.0,0.0,1.0,39.0,11.0,39.0,11.0,Greedy-SLA,Fixed-UCB-1.64sigma-Shield,354,5,0.6,0.6,0.6,0.6,0.6
0,2,0,1,1.0,0.0,0.77050835,0.6677499,0.8666355140721491,1.0,21.0,0.0,0.0,1.0,0.0,29.0,21.0,29.0,DT-Top1,Full-CertiTwin-q90,354,5,0.6,0.6,0.6,0.6,0.6
0,4,0,1,1.0,0.0,0.77050835,0.76313806,0.990434509890788,1.0,57.0,0.0,0.0,1.0,0.0,29.0,39.0,11.0,DT-Top1,SLA-Rule-Shield,354,5,0.6,0.6,0.6,0.6,0.6
0,2,0,1,1.0,0.0,0.77050835,0.6677499,0.8666355140721491,1.0,21.0,0.0,0.0,1.0,0.0,29.0,21.0,29.0,DT-Top1,Fixed-UCB-1sigma-Shield,354,5,0.6,0.6,0.6,0.6,0.6
0,2,0,1,1.0,0.0,0.77050835,0.6677499,0.8666355140721491,1.0,21.0,0.0,0.0,1.0,0.0,29.0,21.0,29.0,DT-Top1,Fixed-UCB-1.64sigma-Shield,354,5,0.6,0.6,0.6,0.6,0.6
2,2,1,1,0.0,0.0,0.6677499,0.6677499,0.9999999999985024,0.0,0.0,0.0,0.0,1.0,21.0,29.0,21.0,29.0,PF,Full-CertiTwin-q90,355,5,0.6,0.6,0.6,0.6,0.6
2,2,1,1,0.0,0.0,0.6677499,0.6677499,0.9999999999985024,0.0,0.0,0.0,0.0,1.0,21.0,29.0,21.0,29.0,PF,SLA-Rule-Shield,355,5,0.6,0.6,0.6,0.6,0.6
2,2,1,1,0.0,0.0,0.6677499,0.6677499,0.9999999999985024,0.0,0.0,0.0,0.0,1.0,21.0,29.0,21.0,29.0,PF,Fixed-UCB-1sigma-Shield,355,5,0.6,0.6,0.6,0.6,0.6
2,2,1,1,0.0,0.0,0.6677499,0.6677499,0.9999999999985024,0.0,0.0,0.0,0.0,1.0,21.0,29.0,21.0,29.0,PF,Fixed-UCB-1.64sigma-Shield,355,5,0.6,0.6,0.6,0.6,0.6
4,4,1,1,0.0,0.0,0.7526786,0.7526786,0.9999999999986714,0.0,0.0,0.0,0.0,1.0,39.0,11.0,39.0,11.0,Greedy-SLA,Full-CertiTwin-q90,355,5,0.6,0.6,0.6,0.6,0.6
4,4,1,1,0.0,0.0,0.7526786,0.7526786,0.9999999999986714,0.0,0.0,0.0,0.0,1.0,39.0,11.0,39.0,11.0,Greedy-SLA,SLA-Rule-Shield,355,5,0.6,0.6,0.6,0.6,0.6
4,4,1,1,0.0,0.0,0.7526786,0.7526786,0.9999999999986714,0.0,0.0,0.0,0.0,1.0,39.0,11.0,39.0,11.0,Greedy-SLA,Fixed-UCB-1sigma-Shield,355,5,0.6,0.6,0.6,0.6,0.6
4,4,1,1,0.0,0.0,0.7526786,0.7526786,0.9999999999986714,0.0,0.0,0.0,0.0,1.0,39.0,11.0,39.0,11.0,Greedy-SLA,Fixed-UCB-1.64sigma-Shield,355,5,0.6,0.6,0.6,0.6,0.6
0,2,0,1,1.0,0.0,0.76278657,0.6677499,0.875408569397236,1.0,21.0,0.0,0.0,1.0,0.0,29.0,21.0,29.0,DT-Top1,Full-CertiTwin-q90,355,5,0.6,0.6,0.6,0.6,0.6
0,4,0,1,1.0,0.0,0.76278657,0.7526786,0.9867486261576592,1.0,57.0,0.0,0.0,1.0,0.0,29.0,39.0,11.0,DT-Top1,SLA-Rule-Shield,355,5,0.6,0.6,0.6,0.6,0.6
0,2,0,1,1.0,0.0,0.76278657,0.6677499,0.875408569397236,1.0,21.0,0.0,0.0,1.0,0.0,29.0,21.0,29.0,DT-Top1,Fixed-UCB-1sigma-Shield,355,5,0.6,0.6,0.6,0.6,0.6
0,2,0,1,1.0,0.0,0.76278657,0.6677499,0.875408569397236,1.0,21.0,0.0,0.0,1.0,0.0,29.0,21.0,29.0,DT-Top1,Fixed-UCB-1.64sigma-Shield,355,5,0.6,0.6,0.6,0.6,0.6
2,2,1,1,0.0,0.0,0.6677499,0.6677499,0.9999999999985024,0.0,0.0,0.0,0.0,1.0,21.0,29.0,21.0,29.0,PF,Full-CertiTwin-q90,356,5,0.6,0.6,0.6,0.6,0.6
2,2,1,1,0.0,0.0,0.6677499,0.6677499,0.9999999999985024,0.0,0.0,0.0,0.0,1.0,21.0,29.0,21.0,29.0,PF,SLA-Rule-Shield,356,5,0.6,0.6,0.6,0.6,0.6
2,2,1,1,0.0,0.0,0.6677499,0.6677499,0.9999999999985024,0.0,0.0,0.0,0.0,1.0,21.0,29.0,21.0,29.0,PF,Fixed-UCB-1sigma-Shield,356,5,0.6,0.6,0.6,0.6,0.6
2,2,1,1,0.0,0.0,0.6677499,0.6677499,0.9999999999985024,0.0,0.0,0.0,0.0,1.0,21.0,29.0,21.0,29.0,PF,Fixed-UCB-1.64sigma-Shield,356,5,0.6,0.6,0.6,0.6,0.6
4,4,1,1,0.0,0.0,0.76313806,0.76313806,0.9999999999986896,0.0,0.0,0.0,0.0,1.0,39.0,11.0,39.0,11.0,Greedy-SLA,Full-CertiTwin-q90,356,5,0.6,0.6,0.6,0.6,0.6
4,4,1,1,0.0,0.0,0.76313806,0.76313806,0.9999999999986896,0.0,0.0,0.0,0.0,1.0,39.0,11.0,39.0,11.0,Greedy-SLA,SLA-Rule-Shield,356,5,0.6,0.6,0.6,0.6,0.6
4,4,1,1,0.0,0.0,0.76313806,0.76313806,0.9999999999986896,0.0,0.0,0.0,0.0,1.0,39.0,11.0,39.0,11.0,Greedy-SLA,Fixed-UCB-1sigma-Shield,356,5,0.6,0.6,0.6,0.6,0.6
4,4,1,1,0.0,0.0,0.76313806,0.76313806,0.9999999999986896,0.0,0.0,0.0,0.0,1.0,39.0,11.0,39.0,11.0,Greedy-SLA,Fixed-UCB-1.64sigma-Shield,356,5,0.6,0.6,0.6,0.6,0.6
4,4,1,1,0.0,0.0,0.76313806,0.76313806,0.9999999999986896,0.0,0.0,0.0,0.0,1.0,39.0,11.0,39.0,11.0,DT-Top1,Full-CertiTwin-q90,356,5,0.6,0.6,0.6,0.6,0.6
4,4,1,1,0.0,0.0,0.76313806,0.76313806,0.9999999999986896,0.0,0.0,0.0,0.0,1.0,39.0,11.0,39.0,11.0,DT-Top1,SLA-Rule-Shield,356,5,0.6,0.6,0.6,0.6,0.6
4,4,1,1,0.0,0.0,0.76313806,0.76313806,0.9999999999986896,0.0,0.0,0.0,0.0,1.0,39.0,11.0,39.0,11.0,DT-Top1,Fixed-UCB-1sigma-Shield,356,5,0.6,0.6,0.6,0.6,0.6
4,4,1,1,0.0,0.0,0.76313806,0.76313806,0.9999999999986896,0.0,0.0,0.0,0.0,1.0,39.0,11.0,39.0,11.0,DT-Top1,Fixed-UCB-1.64sigma-Shield,356,5,0.6,0.6,0.6,0.6,0.6
2,2,1,1,0.0,0.0,0.6677499,0.6677499,0.9999999999985024,0.0,0.0,0.0,0.0,1.0,21.0,29.0,21.0,29.0,PF,Full-CertiTwin-q90,357,5,0.6,0.6,0.6,0.6,0.6
2,2,1,1,0.0,0.0,0.6677499,0.6677499,0.9999999999985024,0.0,0.0,0.0,0.0,1.0,21.0,29.0,21.0,29.0,PF,SLA-Rule-Shield,357,5,0.6,0.6,0.6,0.6,0.6
2,2,1,1,0.0,0.0,0.6677499,0.6677499,0.9999999999985024,0.0,0.0,0.0,0.0,1.0,21.0,29.0,21.0,29.0,PF,Fixed-UCB-1sigma-Shield,357,5,0.6,0.6,0.6,0.6,0.6
2,2,1,1,0.0,0.0,0.6677499,0.6677499,0.9999999999985024,0.0,0.0,0.0,0.0,1.0,21.0,29.0,21.0,29.0,PF,Fixed-UCB-1.64sigma-Shield,357,5,0.6,0.6,0.6,0.6,0.6
4,4,1,1,0.0,0.0,0.76313806,0.76313806,0.9999999999986896,0.0,0.0,0.0,0.0,1.0,39.0,11.0,39.0,11.0,Greedy-SLA,Full-CertiTwin-q90,357,5,0.6,0.6,0.6,0.6,0.6
4,4,1,1,0.0,0.0,0.76313806,0.76313806,0.9999999999986896,0.0,0.0,0.0,0.0,1.0,39.0,11.0,39.0,11.0,Greedy-SLA,SLA-Rule-Shield,357,5,0.6,0.6,0.6,0.6,0.6
4,4,1,1,0.0,0.0,0.76313806,0.76313806,0.9999999999986896,0.0,0.0,0.0,0.0,1.0,39.0,11.0,39.0,11.0,Greedy-SLA,Fixed-UCB-1sigma-Shield,357,5,0.6,0.6,0.6,0.6,0.6
4,4,1,1,0.0,0.0,0.76313806,0.76313806,0.9999999999986896,0.0,0.0,0.0,0.0,1.0,39.0,11.0,39.0,11.0,Greedy-SLA,Fixed-UCB-1.64sigma-Shield,357,5,0.6,0.6,0.6,0.6,0.6
0,2,0,1,1.0,0.0,0.76278657,0.6677499,0.875408569397236,1.0,21.0,0.0,0.0,1.0,0.0,29.0,21.0,29.0,DT-Top1,Full-CertiTwin-q90,357,5,0.6,0.6,0.6,0.6,0.6
0,4,0,1,1.0,0.0,0.76278657,0.76313806,1.000460797309265,1.0,57.0,0.0,0.0,1.0,0.0,29.0,39.0,11.0,DT-Top1,SLA-Rule-Shield,357,5,0.6,0.6,0.6,0.6,0.6
0,2,0,1,1.0,0.0,0.76278657,0.6677499,0.875408569397236,1.0,21.0,0.0,0.0,1.0,0.0,29.0,21.0,29.0,DT-Top1,Fixed-UCB-1sigma-Shield,357,5,0.6,0.6,0.6,0.6,0.6
0,2,0,1,1.0,0.0,0.76278657,0.6677499,0.875408569397236,1.0,21.0,0.0,0.0,1.0,0.0,29.0,21.0,29.0,DT-Top1,Fixed-UCB-1.64sigma-Shield,357,5,0.6,0.6,0.6,0.6,0.6
2,2,1,1,0.0,0.0,0.6677499,0.6677499,0.9999999999985024,0.0,0.0,0.0,0.0,1.0,21.0,29.0,21.0,29.0,PF,Full-CertiTwin-q90,358,5,0.6,0.6,0.6,0.6,0.6
2,2,1,1,0.0,0.0,0.6677499,0.6677499,0.9999999999985024,0.0,0.0,0.0,0.0,1.0,21.0,29.0,21.0,29.0,PF,SLA-Rule-Shield,358,5,0.6,0.6,0.6,0.6,0.6
2,2,1,1,0.0,0.0,0.6677499,0.6677499,0.9999999999985024,0.0,0.0,0.0,0.0,1.0,21.0,29.0,21.0,29.0,PF,Fixed-UCB-1sigma-Shield,358,5,0.6,0.6,0.6,0.6,0.6
2,2,1,1,0.0,0.0,0.6677499,0.6677499,0.9999999999985024,0.0,0.0,0.0,0.0,1.0,21.0,29.0,21.0,29.0,PF,Fixed-UCB-1.64sigma-Shield,358,5,0.6,0.6,0.6,0.6,0.6
4,4,1,1,0.0,0.0,0.76313806,0.76313806,0.9999999999986896,0.0,0.0,0.0,0.0,1.0,39.0,11.0,39.0,11.0,Greedy-SLA,Full-CertiTwin-q90,358,5,0.6,0.6,0.6,0.6,0.6
4,4,1,1,0.0,0.0,0.76313806,0.76313806,0.9999999999986896,0.0,0.0,0.0,0.0,1.0,39.0,11.0,39.0,11.0,Greedy-SLA,SLA-Rule-Shield,358,5,0.6,0.6,0.6,0.6,0.6
4,4,1,1,0.0,0.0,0.76313806,0.76313806,0.9999999999986896,0.0,0.0,0.0,0.0,1.0,39.0,11.0,39.0,11.0,Greedy-SLA,Fixed-UCB-1sigma-Shield,358,5,0.6,0.6,0.6,0.6,0.6
4,4,1,1,0.0,0.0,0.76313806,0.76313806,0.9999999999986896,0.0,0.0,0.0,0.0,1.0,39.0,11.0,39.0,11.0,Greedy-SLA,Fixed-UCB-1.64sigma-Shield,358,5,0.6,0.6,0.6,0.6,0.6
0,2,0,1,1.0,0.0,0.77741534,0.6677499,0.8589358424534574,1.0,21.0,0.0,0.0,1.0,0.0,29.0,21.0,29.0,DT-Top1,Full-CertiTwin-q90,358,5,0.6,0.6,0.6,0.6,0.6
0,4,0,1,1.0,0.0,0.77741534,0.76313806,0.981634939180668,1.0,57.0,0.0,0.0,1.0,0.0,29.0,39.0,11.0,DT-Top1,SLA-Rule-Shield,358,5,0.6,0.6,0.6,0.6,0.6
0,2,0,1,1.0,0.0,0.77741534,0.6677499,0.8589358424534574,1.0,21.0,0.0,0.0,1.0,0.0,29.0,21.0,29.0,DT-Top1,Fixed-UCB-1sigma-Shield,358,5,0.6,0.6,0.6,0.6,0.6
0,2,0,1,1.0,0.0,0.77741534,0.6677499,0.8589358424534574,1.0,21.0,0.0,0.0,1.0,0.0,29.0,21.0,29.0,DT-Top1,Fixed-UCB-1.64sigma-Shield,358,5,0.6,0.6,0.6,0.6,0.6
2,2,1,1,0.0,0.0,0.6677499,0.6677499,0.9999999999985024,0.0,0.0,0.0,0.0,1.0,21.0,29.0,21.0,29.0,PF,Full-CertiTwin-q90,359,5,0.6,0.6,0.6,0.6,0.6
2,2,1,1,0.0,0.0,0.6677499,0.6677499,0.9999999999985024,0.0,0.0,0.0,0.0,1.0,21.0,29.0,21.0,29.0,PF,SLA-Rule-Shield,359,5,0.6,0.6,0.6,0.6,0.6
2,2,1,1,0.0,0.0,0.6677499,0.6677499,0.9999999999985024,0.0,0.0,0.0,0.0,1.0,21.0,29.0,21.0,29.0,PF,Fixed-UCB-1sigma-Shield,359,5,0.6,0.6,0.6,0.6,0.6
2,2,1,1,0.0,0.0,0.6677499,0.6677499,0.9999999999985024,0.0,0.0,0.0,0.0,1.0,21.0,29.0,21.0,29.0,PF,Fixed-UCB-1.64sigma-Shield,359,5,0.6,0.6,0.6,0.6,0.6
0,2,0,1,1.0,0.0,0.76278657,0.6677499,0.875408569397236,1.0,21.0,0.0,0.0,1.0,0.0,29.0,21.0,29.0,Greedy-SLA,Full-CertiTwin-q90,359,5,0.6,0.6,0.6,0.6,0.6
0,4,0,1,1.0,0.0,0.76278657,0.7777951,1.0196759232388952,1.0,57.0,0.0,0.0,1.0,0.0,29.0,39.0,11.0,Greedy-SLA,SLA-Rule-Shield,359,5,0.6,0.6,0.6,0.6,0.6
0,2,0,1,1.0,0.0,0.76278657,0.6677499,0.875408569397236,1.0,21.0,0.0,0.0,1.0,0.0,29.0,21.0,29.0,Greedy-SLA,Fixed-UCB-1sigma-Shield,359,5,0.6,0.6,0.6,0.6,0.6
0,2,0,1,1.0,0.0,0.76278657,0.6677499,0.875408569397236,1.0,21.0,0.0,0.0,1.0,0.0,29.0,21.0,29.0,Greedy-SLA,Fixed-UCB-1.64sigma-Shield,359,5,0.6,0.6,0.6,0.6,0.6
0,2,0,1,1.0,0.0,0.76278657,0.6677499,0.875408569397236,1.0,21.0,0.0,0.0,1.0,0.0,29.0,21.0,29.0,DT-Top1,Full-CertiTwin-q90,359,5,0.6,0.6,0.6,0.6,0.6
0,4,0,1,1.0,0.0,0.76278657,0.7777951,1.0196759232388952,1.0,57.0,0.0,0.0,1.0,0.0,29.0,39.0,11.0,DT-Top1,SLA-Rule-Shield,359,5,0.6,0.6,0.6,0.6,0.6
0,2,0,1,1.0,0.0,0.76278657,0.6677499,0.875408569397236,1.0,21.0,0.0,0.0,1.0,0.0,29.0,21.0,29.0,DT-Top1,Fixed-UCB-1sigma-Shield,359,5,0.6,0.6,0.6,0.6,0.6
0,2,0,1,1.0,0.0,0.76278657,0.6677499,0.875408569397236,1.0,21.0,0.0,0.0,1.0,0.0,29.0,21.0,29.0,DT-Top1,Fixed-UCB-1.64sigma-Shield,359,5,0.6,0.6,0.6,0.6,0.6
2,2,1,1,0.0,0.0,0.6677499,0.6677499,0.9999999999985024,0.0,0.0,0.0,0.0,1.0,21.0,29.0,21.0,29.0,PF,Full-CertiTwin-q90,360,5,0.6,0.6,0.6,0.6,0.6
2,2,1,1,0.0,0.0,0.6677499,0.6677499,0.9999999999985024,0.0,0.0,0.0,0.0,1.0,21.0,29.0,21.0,29.0,PF,SLA-Rule-Shield,360,5,0.6,0.6,0.6,0.6,0.6
2,2,1,1,0.0,0.0,0.6677499,0.6677499,0.9999999999985024,0.0,0.0,0.0,0.0,1.0,21.0,29.0,21.0,29.0,PF,Fixed-UCB-1sigma-Shield,360,5,0.6,0.6,0.6,0.6,0.6
2,2,1,1,0.0,0.0,0.6677499,0.6677499,0.9999999999985024,0.0,0.0,0.0,0.0,1.0,21.0,29.0,21.0,29.0,PF,Fixed-UCB-1.64sigma-Shield,360,5,0.6,0.6,0.6,0.6,0.6
4,4,1,1,0.0,0.0,0.76313806,0.76313806,0.9999999999986896,0.0,0.0,0.0,0.0,1.0,39.0,11.0,39.0,11.0,Greedy-SLA,Full-CertiTwin-q90,360,5,0.6,0.6,0.6,0.6,0.6
4,4,1,1,0.0,0.0,0.76313806,0.76313806,0.9999999999986896,0.0,0.0,0.0,0.0,1.0,39.0,11.0,39.0,11.0,Greedy-SLA,SLA-Rule-Shield,360,5,0.6,0.6,0.6,0.6,0.6
4,4,1,1,0.0,0.0,0.76313806,0.76313806,0.9999999999986896,0.0,0.0,0.0,0.0,1.0,39.0,11.0,39.0,11.0,Greedy-SLA,Fixed-UCB-1sigma-Shield,360,5,0.6,0.6,0.6,0.6,0.6
4,4,1,1,0.0,0.0,0.76313806,0.76313806,0.9999999999986896,0.0,0.0,0.0,0.0,1.0,39.0,11.0,39.0,11.0,Greedy-SLA,Fixed-UCB-1.64sigma-Shield,360,5,0.6,0.6,0.6,0.6,0.6
0,2,0,1,1.0,0.0,0.76278657,0.6677499,0.875408569397236,1.0,21.0,0.0,0.0,1.0,0.0,29.0,21.0,29.0,DT-Top1,Full-CertiTwin-q90,360,5,0.6,0.6,0.6,0.6,0.6
0,4,0,1,1.0,0.0,0.76278657,0.76313806,1.000460797309265,1.0,57.0,0.0,0.0,1.0,0.0,29.0,39.0,11.0,DT-Top1,SLA-Rule-Shield,360,5,0.6,0.6,0.6,0.6,0.6
0,2,0,1,1.0,0.0,0.76278657,0.6677499,0.875408569397236,1.0,21.0,0.0,0.0,1.0,0.0,29.0,21.0,29.0,DT-Top1,Fixed-UCB-1sigma-Shield,360,5,0.6,0.6,0.6,0.6,0.6
0,2,0,1,1.0,0.0,0.76278657,0.6677499,0.875408569397236,1.0,21.0,0.0,0.0,1.0,0.0,29.0,21.0,29.0,DT-Top1,Fixed-UCB-1.64sigma-Shield,360,5,0.6,0.6,0.6,0.6,0.6
2,2,1,1,0.0,0.0,0.6682329,0.6682329,0.9999999999985036,0.0,0.0,0.0,0.0,1.0,21.0,29.0,21.0,29.0,PF,Full-CertiTwin-q90,361,5,0.6,0.6,0.6,0.6,0.6
2,2,1,1,0.0,0.0,0.6682329,0.6682329,0.9999999999985036,0.0,0.0,0.0,0.0,1.0,21.0,29.0,21.0,29.0,PF,SLA-Rule-Shield,361,5,0.6,0.6,0.6,0.6,0.6
2,2,1,1,0.0,0.0,0.6682329,0.6682329,0.9999999999985036,0.0,0.0,0.0,0.0,1.0,21.0,29.0,21.0,29.0,PF,Fixed-UCB-1sigma-Shield,361,5,0.6,0.6,0.6,0.6,0.6
2,2,1,1,0.0,0.0,0.6682329,0.6682329,0.9999999999985036,0.0,0.0,0.0,0.0,1.0,21.0,29.0,21.0,29.0,PF,Fixed-UCB-1.64sigma-Shield,361,5,0.6,0.6,0.6,0.6,0.6
4,4,1,1,0.0,0.0,0.76313806,0.76313806,0.9999999999986896,0.0,0.0,0.0,0.0,1.0,39.0,11.0,39.0,11.0,Greedy-SLA,Full-CertiTwin-q90,361,5,0.6,0.6,0.6,0.6,0.6
4,4,1,1,0.0,0.0,0.76313806,0.76313806,0.9999999999986896,0.0,0.0,0.0,0.0,1.0,39.0,11.0,39.0,11.0,Greedy-SLA,SLA-Rule-Shield,361,5,0.6,0.6,0.6,0.6,0.6
4,4,1,1,0.0,0.0,0.76313806,0.76313806,0.9999999999986896,0.0,0.0,0.0,0.0,1.0,39.0,11.0,39.0,11.0,Greedy-SLA,Fixed-UCB-1sigma-Shield,361,5,0.6,0.6,0.6,0.6,0.6
4,4,1,1,0.0,0.0,0.76313806,0.76313806,0.9999999999986896,0.0,0.0,0.0,0.0,1.0,39.0,11.0,39.0,11.0,Greedy-SLA,Fixed-UCB-1.64sigma-Shield,361,5,0.6,0.6,0.6,0.6,0.6
0,2,0,1,1.0,0.0,0.76278657,0.6682329,0.8760417740431953,1.0,21.0,0.0,0.0,1.0,0.0,29.0,21.0,29.0,DT-Top1,Full-CertiTwin-q90,361,5,0.6,0.6,0.6,0.6,0.6
0,4,0,1,1.0,0.0,0.76278657,0.76313806,1.000460797309265,1.0,57.0,0.0,0.0,1.0,0.0,29.0,39.0,11.0,DT-Top1,SLA-Rule-Shield,361,5,0.6,0.6,0.6,0.6,0.6
0,2,0,1,1.0,0.0,0.76278657,0.6682329,0.8760417740431953,1.0,21.0,0.0,0.0,1.0,0.0,29.0,21.0,29.0,DT-Top1,Fixed-UCB-1sigma-Shield,361,5,0.6,0.6,0.6,0.6,0.6
0,2,0,1,1.0,0.0,0.76278657,0.6682329,0.8760417740431953,1.0,21.0,0.0,0.0,1.0,0.0,29.0,21.0,29.0,DT-Top1,Fixed-UCB-1.64sigma-Shield,361,5,0.6,0.6,0.6,0.6,0.6
2,2,1,1,0.0,0.0,0.6677499,0.6677499,0.9999999999985024,0.0,0.0,0.0,0.0,1.0,21.0,29.0,21.0,29.0,PF,Full-CertiTwin-q90,362,5,0.6,0.6,0.6,0.6,0.6
2,2,1,1,0.0,0.0,0.6677499,0.6677499,0.9999999999985024,0.0,0.0,0.0,0.0,1.0,21.0,29.0,21.0,29.0,PF,SLA-Rule-Shield,362,5,0.6,0.6,0.6,0.6,0.6
2,2,1,1,0.0,0.0,0.6677499,0.6677499,0.9999999999985024,0.0,0.0,0.0,0.0,1.0,21.0,29.0,21.0,29.0,PF,Fixed-UCB-1sigma-Shield,362,5,0.6,0.6,0.6,0.6,0.6
2,2,1,1,0.0,0.0,0.6677499,0.6677499,0.9999999999985024,0.0,0.0,0.0,0.0,1.0,21.0,29.0,21.0,29.0,PF,Fixed-UCB-1.64sigma-Shield,362,5,0.6,0.6,0.6,0.6,0.6
4,4,1,1,0.0,0.0,0.76313806,0.76313806,0.9999999999986896,0.0,0.0,0.0,0.0,1.0,39.0,11.0,39.0,11.0,Greedy-SLA,Full-CertiTwin-q90,362,5,0.6,0.6,0.6,0.6,0.6
4,4,1,1,0.0,0.0,0.76313806,0.76313806,0.9999999999986896,0.0,0.0,0.0,0.0,1.0,39.0,11.0,39.0,11.0,Greedy-SLA,SLA-Rule-Shield,362,5,0.6,0.6,0.6,0.6,0.6
4,4,1,1,0.0,0.0,0.76313806,0.76313806,0.9999999999986896,0.0,0.0,0.0,0.0,1.0,39.0,11.0,39.0,11.0,Greedy-SLA,Fixed-UCB-1sigma-Shield,362,5,0.6,0.6,0.6,0.6,0.6
4,4,1,1,0.0,0.0,0.76313806,0.76313806,0.9999999999986896,0.0,0.0,0.0,0.0,1.0,39.0,11.0,39.0,11.0,Greedy-SLA,Fixed-UCB-1.64sigma-Shield,362,5,0.6,0.6,0.6,0.6,0.6
0,2,0,1,1.0,0.0,0.7864371,0.6677499,0.8490823995957858,1.0,21.0,0.0,0.0,1.0,0.0,29.0,21.0,29.0,DT-Top1,Full-CertiTwin-q90,362,5,0.6,0.6,0.6,0.6,0.6
0,4,0,1,1.0,0.0,0.7864371,0.76313806,0.970373930730162,1.0,57.0,0.0,0.0,1.0,0.0,29.0,39.0,11.0,DT-Top1,SLA-Rule-Shield,362,5,0.6,0.6,0.6,0.6,0.6
0,2,0,1,1.0,0.0,0.7864371,0.6677499,0.8490823995957858,1.0,21.0,0.0,0.0,1.0,0.0,29.0,21.0,29.0,DT-Top1,Fixed-UCB-1sigma-Shield,362,5,0.6,0.6,0.6,0.6,0.6
0,2,0,1,1.0,0.0,0.7864371,0.6677499,0.8490823995957858,1.0,21.0,0.0,0.0,1.0,0.0,29.0,21.0,29.0,DT-Top1,Fixed-UCB-1.64sigma-Shield,362,5,0.6,0.6,0.6,0.6,0.6
2,2,1,1,0.0,0.0,0.6677499,0.6677499,0.9999999999985024,0.0,0.0,0.0,0.0,1.0,21.0,29.0,21.0,29.0,PF,Full-CertiTwin-q90,363,5,0.6,0.6,0.6,0.6,0.6
2,2,1,1,0.0,0.0,0.6677499,0.6677499,0.9999999999985024,0.0,0.0,0.0,0.0,1.0,21.0,29.0,21.0,29.0,PF,SLA-Rule-Shield,363,5,0.6,0.6,0.6,0.6,0.6
2,2,1,1,0.0,0.0,0.6677499,0.6677499,0.9999999999985024,0.0,0.0,0.0,0.0,1.0,21.0,29.0,21.0,29.0,PF,Fixed-UCB-1sigma-Shield,363,5,0.6,0.6,0.6,0.6,0.6
2,2,1,1,0.0,0.0,0.6677499,0.6677499,0.9999999999985024,0.0,0.0,0.0,0.0,1.0,21.0,29.0,21.0,29.0,PF,Fixed-UCB-1.64sigma-Shield,363,5,0.6,0.6,0.6,0.6,0.6
4,4,1,1,0.0,0.0,0.7777951,0.7777951,0.9999999999987144,0.0,0.0,0.0,0.0,1.0,39.0,11.0,39.0,11.0,Greedy-SLA,Full-CertiTwin-q90,363,5,0.6,0.6,0.6,0.6,0.6
4,4,1,1,0.0,0.0,0.7777951,0.7777951,0.9999999999987144,0.0,0.0,0.0,0.0,1.0,39.0,11.0,39.0,11.0,Greedy-SLA,SLA-Rule-Shield,363,5,0.6,0.6,0.6,0.6,0.6
4,4,1,1,0.0,0.0,0.7777951,0.7777951,0.9999999999987144,0.0,0.0,0.0,0.0,1.0,39.0,11.0,39.0,11.0,Greedy-SLA,Fixed-UCB-1sigma-Shield,363,5,0.6,0.6,0.6,0.6,0.6
4,4,1,1,0.0,0.0,0.7777951,0.7777951,0.9999999999987144,0.0,0.0,0.0,0.0,1.0,39.0,11.0,39.0,11.0,Greedy-SLA,Fixed-UCB-1.64sigma-Shield,363,5,0.6,0.6,0.6,0.6,0.6
4,4,1,1,0.0,0.0,0.7777951,0.7777951,0.9999999999987144,0.0,0.0,0.0,0.0,1.0,39.0,11.0,39.0,11.0,DT-Top1,Full-CertiTwin-q90,363,5,0.6,0.6,0.6,0.6,0.6
4,4,1,1,0.0,0.0,0.7777951,0.7777951,0.9999999999987144,0.0,0.0,0.0,0.0,1.0,39.0,11.0,39.0,11.0,DT-Top1,SLA-Rule-Shield,363,5,0.6,0.6,0.6,0.6,0.6
4,4,1,1,0.0,0.0,0.7777951,0.7777951,0.9999999999987144,0.0,0.0,0.0,0.0,1.0,39.0,11.0,39.0,11.0,DT-Top1,Fixed-UCB-1sigma-Shield,363,5,0.6,0.6,0.6,0.6,0.6
4,4,1,1,0.0,0.0,0.7777951,0.7777951,0.9999999999987144,0.0,0.0,0.0,0.0,1.0,39.0,11.0,39.0,11.0,DT-Top1,Fixed-UCB-1.64sigma-Shield,363,5,0.6,0.6,0.6,0.6,0.6
2,2,1,1,0.0,0.0,0.6677499,0.6677499,0.9999999999985024,0.0,0.0,0.0,0.0,1.0,21.0,29.0,21.0,29.0,PF,Full-CertiTwin-q90,364,5,0.6,0.6,0.6,0.6,0.6
2,2,1,1,0.0,0.0,0.6677499,0.6677499,0.9999999999985024,0.0,0.0,0.0,0.0,1.0,21.0,29.0,21.0,29.0,PF,SLA-Rule-Shield,364,5,0.6,0.6,0.6,0.6,0.6
2,2,1,1,0.0,0.0,0.6677499,0.6677499,0.9999999999985024,0.0,0.0,0.0,0.0,1.0,21.0,29.0,21.0,29.0,PF,Fixed-UCB-1sigma-Shield,364,5,0.6,0.6,0.6,0.6,0.6
2,2,1,1,0.0,0.0,0.6677499,0.6677499,0.9999999999985024,0.0,0.0,0.0,0.0,1.0,21.0,29.0,21.0,29.0,PF,Fixed-UCB-1.64sigma-Shield,364,5,0.6,0.6,0.6,0.6,0.6
4,4,1,1,0.0,0.0,0.7526786,0.7526786,0.9999999999986714,0.0,0.0,0.0,0.0,1.0,39.0,11.0,39.0,11.0,Greedy-SLA,Full-CertiTwin-q90,364,5,0.6,0.6,0.6,0.6,0.6
4,4,1,1,0.0,0.0,0.7526786,0.7526786,0.9999999999986714,0.0,0.0,0.0,0.0,1.0,39.0,11.0,39.0,11.0,Greedy-SLA,SLA-Rule-Shield,364,5,0.6,0.6,0.6,0.6,0.6
4,4,1,1,0.0,0.0,0.7526786,0.7526786,0.9999999999986714,0.0,0.0,0.0,0.0,1.0,39.0,11.0,39.0,11.0,Greedy-SLA,Fixed-UCB-1sigma-Shield,364,5,0.6,0.6,0.6,0.6,0.6
4,4,1,1,0.0,0.0,0.7526786,0.7526786,0.9999999999986714,0.0,0.0,0.0,0.0,1.0,39.0,11.0,39.0,11.0,Greedy-SLA,Fixed-UCB-1.64sigma-Shield,364,5,0.6,0.6,0.6,0.6,0.6
0,2,0,1,1.0,0.0,0.76278657,0.6677499,0.875408569397236,1.0,21.0,0.0,0.0,1.0,0.0,29.0,21.0,29.0,DT-Top1,Full-CertiTwin-q90,364,5,0.6,0.6,0.6,0.6,0.6
0,4,0,1,1.0,0.0,0.76278657,0.7526786,0.9867486261576592,1.0,57.0,0.0,0.0,1.0,0.0,29.0,39.0,11.0,DT-Top1,SLA-Rule-Shield,364,5,0.6,0.6,0.6,0.6,0.6
0,2,0,1,1.0,0.0,0.76278657,0.6677499,0.875408569397236,1.0,21.0,0.0,0.0,1.0,0.0,29.0,21.0,29.0,DT-Top1,Fixed-UCB-1sigma-Shield,364,5,0.6,0.6,0.6,0.6,0.6
0,2,0,1,1.0,0.0,0.76278657,0.6677499,0.875408569397236,1.0,21.0,0.0,0.0,1.0,0.0,29.0,21.0,29.0,DT-Top1,Fixed-UCB-1.64sigma-Shield,364,5,0.6,0.6,0.6,0.6,0.6
2,2,1,1,0.0,0.0,0.6677499,0.6677499,0.9999999999985024,0.0,0.0,0.0,0.0,1.0,21.0,29.0,21.0,29.0,PF,Full-CertiTwin-q90,365,5,0.6,0.6,0.6,0.6,0.6
2,2,1,1,0.0,0.0,0.6677499,0.6677499,0.9999999999985024,0.0,0.0,0.0,0.0,1.0,21.0,29.0,21.0,29.0,PF,SLA-Rule-Shield,365,5,0.6,0.6,0.6,0.6,0.6
2,2,1,1,0.0,0.0,0.6677499,0.6677499,0.9999999999985024,0.0,0.0,0.0,0.0,1.0,21.0,29.0,21.0,29.0,PF,Fixed-UCB-1sigma-Shield,365,5,0.6,0.6,0.6,0.6,0.6
2,2,1,1,0.0,0.0,0.6677499,0.6677499,0.9999999999985024,0.0,0.0,0.0,0.0,1.0,21.0,29.0,21.0,29.0,PF,Fixed-UCB-1.64sigma-Shield,365,5,0.6,0.6,0.6,0.6,0.6
4,4,1,1,0.0,0.0,0.78614604,0.78614604,0.999999999998728,0.0,0.0,0.0,0.0,1.0,39.0,11.0,39.0,11.0,Greedy-SLA,Full-CertiTwin-q90,365,5,0.6,0.6,0.6,0.6,0.6
4,4,1,1,0.0,0.0,0.78614604,0.78614604,0.999999999998728,0.0,0.0,0.0,0.0,1.0,39.0,11.0,39.0,11.0,Greedy-SLA,SLA-Rule-Shield,365,5,0.6,0.6,0.6,0.6,0.6
4,4,1,1,0.0,0.0,0.78614604,0.78614604,0.999999999998728,0.0,0.0,0.0,0.0,1.0,39.0,11.0,39.0,11.0,Greedy-SLA,Fixed-UCB-1sigma-Shield,365,5,0.6,0.6,0.6,0.6,0.6
4,4,1,1,0.0,0.0,0.78614604,0.78614604,0.999999999998728,0.0,0.0,0.0,0.0,1.0,39.0,11.0,39.0,11.0,Greedy-SLA,Fixed-UCB-1.64sigma-Shield,365,5,0.6,0.6,0.6,0.6,0.6
0,2,0,1,1.0,0.0,0.76278657,0.6677499,0.875408569397236,1.0,21.0,0.0,0.0,1.0,0.0,29.0,21.0,29.0,DT-Top1,Full-CertiTwin-q90,365,5,0.6,0.6,0.6,0.6,0.6
0,4,0,1,1.0,0.0,0.76278657,0.78614604,1.0306238611397804,1.0,57.0,0.0,0.0,1.0,0.0,29.0,39.0,11.0,DT-Top1,SLA-Rule-Shield,365,5,0.6,0.6,0.6,0.6,0.6
0,2,0,1,1.0,0.0,0.76278657,0.6677499,0.875408569397236,1.0,21.0,0.0,0.0,1.0,0.0,29.0,21.0,29.0,DT-Top1,Fixed-UCB-1sigma-Shield,365,5,0.6,0.6,0.6,0.6,0.6
0,2,0,1,1.0,0.0,0.76278657,0.6677499,0.875408569397236,1.0,21.0,0.0,0.0,1.0,0.0,29.0,21.0,29.0,DT-Top1,Fixed-UCB-1.64sigma-Shield,365,5,0.6,0.6,0.6,0.6,0.6
2,2,1,1,0.0,0.0,0.6677499,0.6677499,0.9999999999985024,0.0,0.0,0.0,0.0,1.0,21.0,29.0,21.0,29.0,PF,Full-CertiTwin-q90,366,5,0.6,0.6,0.6,0.6,0.6
2,2,1,1,0.0,0.0,0.6677499,0.6677499,0.9999999999985024,0.0,0.0,0.0,0.0,1.0,21.0,29.0,21.0,29.0,PF,SLA-Rule-Shield,366,5,0.6,0.6,0.6,0.6,0.6
2,2,1,1,0.0,0.0,0.6677499,0.6677499,0.9999999999985024,0.0,0.0,0.0,0.0,1.0,21.0,29.0,21.0,29.0,PF,Fixed-UCB-1sigma-Shield,366,5,0.6,0.6,0.6,0.6,0.6
2,2,1,1,0.0,0.0,0.6677499,0.6677499,0.9999999999985024,0.0,0.0,0.0,0.0,1.0,21.0,29.0,21.0,29.0,PF,Fixed-UCB-1.64sigma-Shield,366,5,0.6,0.6,0.6,0.6,0.6
0,2,0,1,1.0,0.0,0.76278657,0.6677499,0.875408569397236,1.0,21.0,0.0,0.0,1.0,0.0,29.0,21.0,29.0,Greedy-SLA,Full-CertiTwin-q90,366,5,0.6,0.6,0.6,0.6,0.6
0,4,0,1,1.0,0.0,0.76278657,0.76313806,1.000460797309265,1.0,57.0,0.0,0.0,1.0,0.0,29.0,39.0,11.0,Greedy-SLA,SLA-Rule-Shield,366,5,0.6,0.6,0.6,0.6,0.6
0,2,0,1,1.0,0.0,0.76278657,0.6677499,0.875408569397236,1.0,21.0,0.0,0.0,1.0,0.0,29.0,21.0,29.0,Greedy-SLA,Fixed-UCB-1sigma-Shield,366,5,0.6,0.6,0.6,0.6,0.6
0,2,0,1,1.0,0.0,0.76278657,0.6677499,0.875408569397236,1.0,21.0,0.0,0.0,1.0,0.0,29.0,21.0,29.0,Greedy-SLA,Fixed-UCB-1.64sigma-Shield,366,5,0.6,0.6,0.6,0.6,0.6
0,2,0,1,1.0,0.0,0.76278657,0.6677499,0.875408569397236,1.0,21.0,0.0,0.0,1.0,0.0,29.0,21.0,29.0,DT-Top1,Full-CertiTwin-q90,366,5,0.6,0.6,0.6,0.6,0.6
0,4,0,1,1.0,0.0,0.76278657,0.76313806,1.000460797309265,1.0,57.0,0.0,0.0,1.0,0.0,29.0,39.0,11.0,DT-Top1,SLA-Rule-Shield,366,5,0.6,0.6,0.6,0.6,0.6
0,2,0,1,1.0,0.0,0.76278657,0.6677499,0.875408569397236,1.0,21.0,0.0,0.0,1.0,0.0,29.0,21.0,29.0,DT-Top1,Fixed-UCB-1sigma-Shield,366,5,0.6,0.6,0.6,0.6,0.6
0,2,0,1,1.0,0.0,0.76278657,0.6677499,0.875408569397236,1.0,21.0,0.0,0.0,1.0,0.0,29.0,21.0,29.0,DT-Top1,Fixed-UCB-1.64sigma-Shield,366,5,0.6,0.6,0.6,0.6,0.6
2,2,1,1,0.0,0.0,0.6682329,0.6682329,0.9999999999985036,0.0,0.0,0.0,0.0,1.0,21.0,29.0,21.0,29.0,PF,Full-CertiTwin-q90,367,5,0.6,0.6,0.6,0.6,0.6
2,2,1,1,0.0,0.0,0.6682329,0.6682329,0.9999999999985036,0.0,0.0,0.0,0.0,1.0,21.0,29.0,21.0,29.0,PF,SLA-Rule-Shield,367,5,0.6,0.6,0.6,0.6,0.6
2,2,1,1,0.0,0.0,0.6682329,0.6682329,0.9999999999985036,0.0,0.0,0.0,0.0,1.0,21.0,29.0,21.0,29.0,PF,Fixed-UCB-1sigma-Shield,367,5,0.6,0.6,0.6,0.6,0.6
2,2,1,1,0.0,0.0,0.6682329,0.6682329,0.9999999999985036,0.0,0.0,0.0,0.0,1.0,21.0,29.0,21.0,29.0,PF,Fixed-UCB-1.64sigma-Shield,367,5,0.6,0.6,0.6,0.6,0.6
4,4,1,1,0.0,0.0,0.76313806,0.76313806,0.9999999999986896,0.0,0.0,0.0,0.0,1.0,39.0,11.0,39.0,11.0,Greedy-SLA,Full-CertiTwin-q90,367,5,0.6,0.6,0.6,0.6,0.6
4,4,1,1,0.0,0.0,0.76313806,0.76313806,0.9999999999986896,0.0,0.0,0.0,0.0,1.0,39.0,11.0,39.0,11.0,Greedy-SLA,SLA-Rule-Shield,367,5,0.6,0.6,0.6,0.6,0.6
4,4,1,1,0.0,0.0,0.76313806,0.76313806,0.9999999999986896,0.0,0.0,0.0,0.0,1.0,39.0,11.0,39.0,11.0,Greedy-SLA,Fixed-UCB-1sigma-Shield,367,5,0.6,0.6,0.6,0.6,0.6
4,4,1,1,0.0,0.0,0.76313806,0.76313806,0.9999999999986896,0.0,0.0,0.0,0.0,1.0,39.0,11.0,39.0,11.0,Greedy-SLA,Fixed-UCB-1.64sigma-Shield,367,5,0.6,0.6,0.6,0.6,0.6
0,2,0,1,1.0,0.0,0.76278657,0.6682329,0.8760417740431953,1.0,21.0,0.0,0.0,1.0,0.0,29.0,21.0,29.0,DT-Top1,Full-CertiTwin-q90,367,5,0.6,0.6,0.6,0.6,0.6
0,4,0,1,1.0,0.0,0.76278657,0.76313806,1.000460797309265,1.0,57.0,0.0,0.0,1.0,0.0,29.0,39.0,11.0,DT-Top1,SLA-Rule-Shield,367,5,0.6,0.6,0.6,0.6,0.6
0,2,0,1,1.0,0.0,0.76278657,0.6682329,0.8760417740431953,1.0,21.0,0.0,0.0,1.0,0.0,29.0,21.0,29.0,DT-Top1,Fixed-UCB-1sigma-Shield,367,5,0.6,0.6,0.6,0.6,0.6
0,2,0,1,1.0,0.0,0.76278657,0.6682329,0.8760417740431953,1.0,21.0,0.0,0.0,1.0,0.0,29.0,21.0,29.0,DT-Top1,Fixed-UCB-1.64sigma-Shield,367,5,0.6,0.6,0.6,0.6,0.6
2,2,1,1,0.0,0.0,0.6677499,0.6677499,0.9999999999985024,0.0,0.0,0.0,0.0,1.0,21.0,29.0,21.0,29.0,PF,Full-CertiTwin-q90,368,5,0.6,0.6,0.6,0.6,0.6
2,2,1,1,0.0,0.0,0.6677499,0.6677499,0.9999999999985024,0.0,0.0,0.0,0.0,1.0,21.0,29.0,21.0,29.0,PF,SLA-Rule-Shield,368,5,0.6,0.6,0.6,0.6,0.6
2,2,1,1,0.0,0.0,0.6677499,0.6677499,0.9999999999985024,0.0,0.0,0.0,0.0,1.0,21.0,29.0,21.0,29.0,PF,Fixed-UCB-1sigma-Shield,368,5,0.6,0.6,0.6,0.6,0.6
2,2,1,1,0.0,0.0,0.6677499,0.6677499,0.9999999999985024,0.0,0.0,0.0,0.0,1.0,21.0,29.0,21.0,29.0,PF,Fixed-UCB-1.64sigma-Shield,368,5,0.6,0.6,0.6,0.6,0.6
4,4,1,1,0.0,0.0,0.76313806,0.76313806,0.9999999999986896,0.0,0.0,0.0,0.0,1.0,39.0,11.0,39.0,11.0,Greedy-SLA,Full-CertiTwin-q90,368,5,0.6,0.6,0.6,0.6,0.6
4,4,1,1,0.0,0.0,0.76313806,0.76313806,0.9999999999986896,0.0,0.0,0.0,0.0,1.0,39.0,11.0,39.0,11.0,Greedy-SLA,SLA-Rule-Shield,368,5,0.6,0.6,0.6,0.6,0.6
4,4,1,1,0.0,0.0,0.76313806,0.76313806,0.9999999999986896,0.0,0.0,0.0,0.0,1.0,39.0,11.0,39.0,11.0,Greedy-SLA,Fixed-UCB-1sigma-Shield,368,5,0.6,0.6,0.6,0.6,0.6
4,4,1,1,0.0,0.0,0.76313806,0.76313806,0.9999999999986896,0.0,0.0,0.0,0.0,1.0,39.0,11.0,39.0,11.0,Greedy-SLA,Fixed-UCB-1.64sigma-Shield,368,5,0.6,0.6,0.6,0.6,0.6
4,4,1,1,0.0,0.0,0.76313806,0.76313806,0.9999999999986896,0.0,0.0,0.0,0.0,1.0,39.0,11.0,39.0,11.0,DT-Top1,Full-CertiTwin-q90,368,5,0.6,0.6,0.6,0.6,0.6
4,4,1,1,0.0,0.0,0.76313806,0.76313806,0.9999999999986896,0.0,0.0,0.0,0.0,1.0,39.0,11.0,39.0,11.0,DT-Top1,SLA-Rule-Shield,368,5,0.6,0.6,0.6,0.6,0.6
4,4,1,1,0.0,0.0,0.76313806,0.76313806,0.9999999999986896,0.0,0.0,0.0,0.0,1.0,39.0,11.0,39.0,11.0,DT-Top1,Fixed-UCB-1sigma-Shield,368,5,0.6,0.6,0.6,0.6,0.6
4,4,1,1,0.0,0.0,0.76313806,0.76313806,0.9999999999986896,0.0,0.0,0.0,0.0,1.0,39.0,11.0,39.0,11.0,DT-Top1,Fixed-UCB-1.64sigma-Shield,368,5,0.6,0.6,0.6,0.6,0.6
2,2,1,1,0.0,0.0,0.6677499,0.6677499,0.9999999999985024,0.0,0.0,0.0,0.0,1.0,21.0,29.0,21.0,29.0,PF,Full-CertiTwin-q90,369,5,0.6,0.6,0.6,0.6,0.6
2,2,1,1,0.0,0.0,0.6677499,0.6677499,0.9999999999985024,0.0,0.0,0.0,0.0,1.0,21.0,29.0,21.0,29.0,PF,SLA-Rule-Shield,369,5,0.6,0.6,0.6,0.6,0.6
2,2,1,1,0.0,0.0,0.6677499,0.6677499,0.9999999999985024,0.0,0.0,0.0,0.0,1.0,21.0,29.0,21.0,29.0,PF,Fixed-UCB-1sigma-Shield,369,5,0.6,0.6,0.6,0.6,0.6
2,2,1,1,0.0,0.0,0.6677499,0.6677499,0.9999999999985024,0.0,0.0,0.0,0.0,1.0,21.0,29.0,21.0,29.0,PF,Fixed-UCB-1.64sigma-Shield,369,5,0.6,0.6,0.6,0.6,0.6
4,4,1,1,0.0,0.0,0.76313806,0.76313806,0.9999999999986896,0.0,0.0,0.0,0.0,1.0,39.0,11.0,39.0,11.0,Greedy-SLA,Full-CertiTwin-q90,369,5,0.6,0.6,0.6,0.6,0.6
4,4,1,1,0.0,0.0,0.76313806,0.76313806,0.9999999999986896,0.0,0.0,0.0,0.0,1.0,39.0,11.0,39.0,11.0,Greedy-SLA,SLA-Rule-Shield,369,5,0.6,0.6,0.6,0.6,0.6
4,4,1,1,0.0,0.0,0.76313806,0.76313806,0.9999999999986896,0.0,0.0,0.0,0.0,1.0,39.0,11.0,39.0,11.0,Greedy-SLA,Fixed-UCB-1sigma-Shield,369,5,0.6,0.6,0.6,0.6,0.6
4,4,1,1,0.0,0.0,0.76313806,0.76313806,0.9999999999986896,0.0,0.0,0.0,0.0,1.0,39.0,11.0,39.0,11.0,Greedy-SLA,Fixed-UCB-1.64sigma-Shield,369,5,0.6,0.6,0.6,0.6,0.6
0,2,0,1,1.0,0.0,0.7592471,0.6677499,0.8794895627512053,1.0,21.0,0.0,0.0,1.0,0.0,29.0,21.0,29.0,DT-Top1,Full-CertiTwin-q90,369,5,0.6,0.6,0.6,0.6,0.6
0,4,0,1,1.0,0.0,0.7592471,0.76313806,1.0051247610942404,1.0,57.0,0.0,0.0,1.0,0.0,29.0,39.0,11.0,DT-Top1,SLA-Rule-Shield,369,5,0.6,0.6,0.6,0.6,0.6
0,2,0,1,1.0,0.0,0.7592471,0.6677499,0.8794895627512053,1.0,21.0,0.0,0.0,1.0,0.0,29.0,21.0,29.0,DT-Top1,Fixed-UCB-1sigma-Shield,369,5,0.6,0.6,0.6,0.6,0.6
0,2,0,1,1.0,0.0,0.7592471,0.6677499,0.8794895627512053,1.0,21.0,0.0,0.0,1.0,0.0,29.0,21.0,29.0,DT-Top1,Fixed-UCB-1.64sigma-Shield,369,5,0.6,0.6,0.6,0.6,0.6
2,2,1,1,0.0,0.0,0.6677499,0.6677499,0.9999999999985024,0.0,0.0,0.0,0.0,1.0,21.0,29.0,21.0,29.0,PF,Full-CertiTwin-q90,370,5,0.6,0.6,0.6,0.6,0.6
2,2,1,1,0.0,0.0,0.6677499,0.6677499,0.9999999999985024,0.0,0.0,0.0,0.0,1.0,21.0,29.0,21.0,29.0,PF,SLA-Rule-Shield,370,5,0.6,0.6,0.6,0.6,0.6
2,2,1,1,0.0,0.0,0.6677499,0.6677499,0.9999999999985024,0.0,0.0,0.0,0.0,1.0,21.0,29.0,21.0,29.0,PF,Fixed-UCB-1sigma-Shield,370,5,0.6,0.6,0.6,0.6,0.6
2,2,1,1,0.0,0.0,0.6677499,0.6677499,0.9999999999985024,0.0,0.0,0.0,0.0,1.0,21.0,29.0,21.0,29.0,PF,Fixed-UCB-1.64sigma-Shield,370,5,0.6,0.6,0.6,0.6,0.6
4,4,1,1,0.0,0.0,0.7526786,0.7526786,0.9999999999986714,0.0,0.0,0.0,0.0,1.0,39.0,11.0,39.0,11.0,Greedy-SLA,Full-CertiTwin-q90,370,5,0.6,0.6,0.6,0.6,0.6
4,4,1,1,0.0,0.0,0.7526786,0.7526786,0.9999999999986714,0.0,0.0,0.0,0.0,1.0,39.0,11.0,39.0,11.0,Greedy-SLA,SLA-Rule-Shield,370,5,0.6,0.6,0.6,0.6,0.6
4,4,1,1,0.0,0.0,0.7526786,0.7526786,0.9999999999986714,0.0,0.0,0.0,0.0,1.0,39.0,11.0,39.0,11.0,Greedy-SLA,Fixed-UCB-1sigma-Shield,370,5,0.6,0.6,0.6,0.6,0.6
4,4,1,1,0.0,0.0,0.7526786,0.7526786,0.9999999999986714,0.0,0.0,0.0,0.0,1.0,39.0,11.0,39.0,11.0,Greedy-SLA,Fixed-UCB-1.64sigma-Shield,370,5,0.6,0.6,0.6,0.6,0.6
0,2,0,1,1.0,0.0,0.76278657,0.6677499,0.875408569397236,1.0,21.0,0.0,0.0,1.0,0.0,29.0,21.0,29.0,DT-Top1,Full-CertiTwin-q90,370,5,0.6,0.6,0.6,0.6,0.6
0,4,0,1,1.0,0.0,0.76278657,0.7526786,0.9867486261576592,1.0,57.0,0.0,0.0,1.0,0.0,29.0,39.0,11.0,DT-Top1,SLA-Rule-Shield,370,5,0.6,0.6,0.6,0.6,0.6
0,2,0,1,1.0,0.0,0.76278657,0.6677499,0.875408569397236,1.0,21.0,0.0,0.0,1.0,0.0,29.0,21.0,29.0,DT-Top1,Fixed-UCB-1sigma-Shield,370,5,0.6,0.6,0.6,0.6,0.6
0,2,0,1,1.0,0.0,0.76278657,0.6677499,0.875408569397236,1.0,21.0,0.0,0.0,1.0,0.0,29.0,21.0,29.0,DT-Top1,Fixed-UCB-1.64sigma-Shield,370,5,0.6,0.6,0.6,0.6,0.6
2,2,1,1,0.0,0.0,0.6677499,0.6677499,0.9999999999985024,0.0,0.0,0.0,0.0,1.0,21.0,29.0,21.0,29.0,PF,Full-CertiTwin-q90,371,5,0.6,0.6,0.6,0.6,0.6
2,2,1,1,0.0,0.0,0.6677499,0.6677499,0.9999999999985024,0.0,0.0,0.0,0.0,1.0,21.0,29.0,21.0,29.0,PF,SLA-Rule-Shield,371,5,0.6,0.6,0.6,0.6,0.6
2,2,1,1,0.0,0.0,0.6677499,0.6677499,0.9999999999985024,0.0,0.0,0.0,0.0,1.0,21.0,29.0,21.0,29.0,PF,Fixed-UCB-1sigma-Shield,371,5,0.6,0.6,0.6,0.6,0.6
2,2,1,1,0.0,0.0,0.6677499,0.6677499,0.9999999999985024,0.0,0.0,0.0,0.0,1.0,21.0,29.0,21.0,29.0,PF,Fixed-UCB-1.64sigma-Shield,371,5,0.6,0.6,0.6,0.6,0.6
4,4,1,1,0.0,0.0,0.74035645,0.74035645,0.9999999999986492,0.0,0.0,0.0,0.0,1.0,39.0,11.0,39.0,11.0,Greedy-SLA,Full-CertiTwin-q90,371,5,0.6,0.6,0.6,0.6,0.6
4,4,1,1,0.0,0.0,0.74035645,0.74035645,0.9999999999986492,0.0,0.0,0.0,0.0,1.0,39.0,11.0,39.0,11.0,Greedy-SLA,SLA-Rule-Shield,371,5,0.6,0.6,0.6,0.6,0.6
4,4,1,1,0.0,0.0,0.74035645,0.74035645,0.9999999999986492,0.0,0.0,0.0,0.0,1.0,39.0,11.0,39.0,11.0,Greedy-SLA,Fixed-UCB-1sigma-Shield,371,5,0.6,0.6,0.6,0.6,0.6
4,4,1,1,0.0,0.0,0.74035645,0.74035645,0.9999999999986492,0.0,0.0,0.0,0.0,1.0,39.0,11.0,39.0,11.0,Greedy-SLA,Fixed-UCB-1.64sigma-Shield,371,5,0.6,0.6,0.6,0.6,0.6
0,2,0,1,1.0,0.0,0.76278657,0.6677499,0.875408569397236,1.0,21.0,0.0,0.0,1.0,0.0,29.0,21.0,29.0,DT-Top1,Full-CertiTwin-q90,371,5,0.6,0.6,0.6,0.6,0.6
0,4,0,1,1.0,0.0,0.76278657,0.74035645,0.9705945006334202,1.0,57.0,0.0,0.0,1.0,0.0,29.0,39.0,11.0,DT-Top1,SLA-Rule-Shield,371,5,0.6,0.6,0.6,0.6,0.6
0,2,0,1,1.0,0.0,0.76278657,0.6677499,0.875408569397236,1.0,21.0,0.0,0.0,1.0,0.0,29.0,21.0,29.0,DT-Top1,Fixed-UCB-1sigma-Shield,371,5,0.6,0.6,0.6,0.6,0.6
0,2,0,1,1.0,0.0,0.76278657,0.6677499,0.875408569397236,1.0,21.0,0.0,0.0,1.0,0.0,29.0,21.0,29.0,DT-Top1,Fixed-UCB-1.64sigma-Shield,371,5,0.6,0.6,0.6,0.6,0.6
2,2,1,1,0.0,0.0,0.6677499,0.6677499,0.9999999999985024,0.0,0.0,0.0,0.0,1.0,21.0,29.0,21.0,29.0,PF,Full-CertiTwin-q90,372,5,0.6,0.6,0.6,0.6,0.6
2,2,1,1,0.0,0.0,0.6677499,0.6677499,0.9999999999985024,0.0,0.0,0.0,0.0,1.0,21.0,29.0,21.0,29.0,PF,SLA-Rule-Shield,372,5,0.6,0.6,0.6,0.6,0.6
2,2,1,1,0.0,0.0,0.6677499,0.6677499,0.9999999999985024,0.0,0.0,0.0,0.0,1.0,21.0,29.0,21.0,29.0,PF,Fixed-UCB-1sigma-Shield,372,5,0.6,0.6,0.6,0.6,0.6
2,2,1,1,0.0,0.0,0.6677499,0.6677499,0.9999999999985024,0.0,0.0,0.0,0.0,1.0,21.0,29.0,21.0,29.0,PF,Fixed-UCB-1.64sigma-Shield,372,5,0.6,0.6,0.6,0.6,0.6
4,4,1,1,0.0,0.0,0.76313806,0.76313806,0.9999999999986896,0.0,0.0,0.0,0.0,1.0,39.0,11.0,39.0,11.0,Greedy-SLA,Full-CertiTwin-q90,372,5,0.6,0.6,0.6,0.6,0.6
4,4,1,1,0.0,0.0,0.76313806,0.76313806,0.9999999999986896,0.0,0.0,0.0,0.0,1.0,39.0,11.0,39.0,11.0,Greedy-SLA,SLA-Rule-Shield,372,5,0.6,0.6,0.6,0.6,0.6
4,4,1,1,0.0,0.0,0.76313806,0.76313806,0.9999999999986896,0.0,0.0,0.0,0.0,1.0,39.0,11.0,39.0,11.0,Greedy-SLA,Fixed-UCB-1sigma-Shield,372,5,0.6,0.6,0.6,0.6,0.6
4,4,1,1,0.0,0.0,0.76313806,0.76313806,0.9999999999986896,0.0,0.0,0.0,0.0,1.0,39.0,11.0,39.0,11.0,Greedy-SLA,Fixed-UCB-1.64sigma-Shield,372,5,0.6,0.6,0.6,0.6,0.6
4,4,1,1,0.0,0.0,0.76313806,0.76313806,0.9999999999986896,0.0,0.0,0.0,0.0,1.0,39.0,11.0,39.0,11.0,DT-Top1,Full-CertiTwin-q90,372,5,0.6,0.6,0.6,0.6,0.6
4,4,1,1,0.0,0.0,0.76313806,0.76313806,0.9999999999986896,0.0,0.0,0.0,0.0,1.0,39.0,11.0,39.0,11.0,DT-Top1,SLA-Rule-Shield,372,5,0.6,0.6,0.6,0.6,0.6
4,4,1,1,0.0,0.0,0.76313806,0.76313806,0.9999999999986896,0.0,0.0,0.0,0.0,1.0,39.0,11.0,39.0,11.0,DT-Top1,Fixed-UCB-1sigma-Shield,372,5,0.6,0.6,0.6,0.6,0.6
4,4,1,1,0.0,0.0,0.76313806,0.76313806,0.9999999999986896,0.0,0.0,0.0,0.0,1.0,39.0,11.0,39.0,11.0,DT-Top1,Fixed-UCB-1.64sigma-Shield,372,5,0.6,0.6,0.6,0.6,0.6
2,2,1,1,0.0,0.0,0.6682329,0.6682329,0.9999999999985036,0.0,0.0,0.0,0.0,1.0,21.0,29.0,21.0,29.0,PF,Full-CertiTwin-q90,373,5,0.6,0.6,0.6,0.6,0.6
2,2,1,1,0.0,0.0,0.6682329,0.6682329,0.9999999999985036,0.0,0.0,0.0,0.0,1.0,21.0,29.0,21.0,29.0,PF,SLA-Rule-Shield,373,5,0.6,0.6,0.6,0.6,0.6
2,2,1,1,0.0,0.0,0.6682329,0.6682329,0.9999999999985036,0.0,0.0,0.0,0.0,1.0,21.0,29.0,21.0,29.0,PF,Fixed-UCB-1sigma-Shield,373,5,0.6,0.6,0.6,0.6,0.6
2,2,1,1,0.0,0.0,0.6682329,0.6682329,0.9999999999985036,0.0,0.0,0.0,0.0,1.0,21.0,29.0,21.0,29.0,PF,Fixed-UCB-1.64sigma-Shield,373,5,0.6,0.6,0.6,0.6,0.6
4,4,1,1,0.0,0.0,0.76313806,0.76313806,0.9999999999986896,0.0,0.0,0.0,0.0,1.0,39.0,11.0,39.0,11.0,Greedy-SLA,Full-CertiTwin-q90,373,5,0.6,0.6,0.6,0.6,0.6
4,4,1,1,0.0,0.0,0.76313806,0.76313806,0.9999999999986896,0.0,0.0,0.0,0.0,1.0,39.0,11.0,39.0,11.0,Greedy-SLA,SLA-Rule-Shield,373,5,0.6,0.6,0.6,0.6,0.6
4,4,1,1,0.0,0.0,0.76313806,0.76313806,0.9999999999986896,0.0,0.0,0.0,0.0,1.0,39.0,11.0,39.0,11.0,Greedy-SLA,Fixed-UCB-1sigma-Shield,373,5,0.6,0.6,0.6,0.6,0.6
4,4,1,1,0.0,0.0,0.76313806,0.76313806,0.9999999999986896,0.0,0.0,0.0,0.0,1.0,39.0,11.0,39.0,11.0,Greedy-SLA,Fixed-UCB-1.64sigma-Shield,373,5,0.6,0.6,0.6,0.6,0.6
0,2,0,1,1.0,0.0,0.76278657,0.6682329,0.8760417740431953,1.0,21.0,0.0,0.0,1.0,0.0,29.0,21.0,29.0,DT-Top1,Full-CertiTwin-q90,373,5,0.6,0.6,0.6,0.6,0.6
0,4,0,1,1.0,0.0,0.76278657,0.76313806,1.000460797309265,1.0,57.0,0.0,0.0,1.0,0.0,29.0,39.0,11.0,DT-Top1,SLA-Rule-Shield,373,5,0.6,0.6,0.6,0.6,0.6
0,2,0,1,1.0,0.0,0.76278657,0.6682329,0.8760417740431953,1.0,21.0,0.0,0.0,1.0,0.0,29.0,21.0,29.0,DT-Top1,Fixed-UCB-1sigma-Shield,373,5,0.6,0.6,0.6,0.6,0.6
0,2,0,1,1.0,0.0,0.76278657,0.6682329,0.8760417740431953,1.0,21.0,0.0,0.0,1.0,0.0,29.0,21.0,29.0,DT-Top1,Fixed-UCB-1.64sigma-Shield,373,5,0.6,0.6,0.6,0.6,0.6
2,2,1,1,0.0,0.0,0.6677499,0.6677499,0.9999999999985024,0.0,0.0,0.0,0.0,1.0,21.0,29.0,21.0,29.0,PF,Full-CertiTwin-q90,374,5,0.6,0.6,0.6,0.6,0.6
2,2,1,1,0.0,0.0,0.6677499,0.6677499,0.9999999999985024,0.0,0.0,0.0,0.0,1.0,21.0,29.0,21.0,29.0,PF,SLA-Rule-Shield,374,5,0.6,0.6,0.6,0.6,0.6
2,2,1,1,0.0,0.0,0.6677499,0.6677499,0.9999999999985024,0.0,0.0,0.0,0.0,1.0,21.0,29.0,21.0,29.0,PF,Fixed-UCB-1sigma-Shield,374,5,0.6,0.6,0.6,0.6,0.6
2,2,1,1,0.0,0.0,0.6677499,0.6677499,0.9999999999985024,0.0,0.0,0.0,0.0,1.0,21.0,29.0,21.0,29.0,PF,Fixed-UCB-1.64sigma-Shield,374,5,0.6,0.6,0.6,0.6,0.6
0,2,0,1,1.0,0.0,0.76278657,0.6677499,0.875408569397236,1.0,21.0,0.0,0.0,1.0,0.0,29.0,21.0,29.0,Greedy-SLA,Full-CertiTwin-q90,374,5,0.6,0.6,0.6,0.6,0.6
0,4,0,1,1.0,0.0,0.76278657,0.7777951,1.0196759232388952,1.0,57.0,0.0,0.0,1.0,0.0,29.0,39.0,11.0,Greedy-SLA,SLA-Rule-Shield,374,5,0.6,0.6,0.6,0.6,0.6
0,2,0,1,1.0,0.0,0.76278657,0.6677499,0.875408569397236,1.0,21.0,0.0,0.0,1.0,0.0,29.0,21.0,29.0,Greedy-SLA,Fixed-UCB-1sigma-Shield,374,5,0.6,0.6,0.6,0.6,0.6
0,2,0,1,1.0,0.0,0.76278657,0.6677499,0.875408569397236,1.0,21.0,0.0,0.0,1.0,0.0,29.0,21.0,29.0,Greedy-SLA,Fixed-UCB-1.64sigma-Shield,374,5,0.6,0.6,0.6,0.6,0.6
0,2,0,1,1.0,0.0,0.76278657,0.6677499,0.875408569397236,1.0,21.0,0.0,0.0,1.0,0.0,29.0,21.0,29.0,DT-Top1,Full-CertiTwin-q90,374,5,0.6,0.6,0.6,0.6,0.6
0,4,0,1,1.0,0.0,0.76278657,0.7777951,1.0196759232388952,1.0,57.0,0.0,0.0,1.0,0.0,29.0,39.0,11.0,DT-Top1,SLA-Rule-Shield,374,5,0.6,0.6,0.6,0.6,0.6
0,2,0,1,1.0,0.0,0.76278657,0.6677499,0.875408569397236,1.0,21.0,0.0,0.0,1.0,0.0,29.0,21.0,29.0,DT-Top1,Fixed-UCB-1sigma-Shield,374,5,0.6,0.6,0.6,0.6,0.6
0,2,0,1,1.0,0.0,0.76278657,0.6677499,0.875408569397236,1.0,21.0,0.0,0.0,1.0,0.0,29.0,21.0,29.0,DT-Top1,Fixed-UCB-1.64sigma-Shield,374,5,0.6,0.6,0.6,0.6,0.6
2,2,1,1,0.0,0.0,0.6677499,0.6677499,0.9999999999985024,0.0,0.0,0.0,0.0,1.0,21.0,29.0,21.0,29.0,PF,Full-CertiTwin-q90,375,5,0.6,0.6,0.6,0.6,0.6
2,2,1,1,0.0,0.0,0.6677499,0.6677499,0.9999999999985024,0.0,0.0,0.0,0.0,1.0,21.0,29.0,21.0,29.0,PF,SLA-Rule-Shield,375,5,0.6,0.6,0.6,0.6,0.6
2,2,1,1,0.0,0.0,0.6677499,0.6677499,0.9999999999985024,0.0,0.0,0.0,0.0,1.0,21.0,29.0,21.0,29.0,PF,Fixed-UCB-1sigma-Shield,375,5,0.6,0.6,0.6,0.6,0.6
2,2,1,1,0.0,0.0,0.6677499,0.6677499,0.9999999999985024,0.0,0.0,0.0,0.0,1.0,21.0,29.0,21.0,29.0,PF,Fixed-UCB-1.64sigma-Shield,375,5,0.6,0.6,0.6,0.6,0.6
0,2,0,1,1.0,0.0,0.76278657,0.6677499,0.875408569397236,1.0,21.0,0.0,0.0,1.0,0.0,29.0,21.0,29.0,Greedy-SLA,Full-CertiTwin-q90,375,5,0.6,0.6,0.6,0.6,0.6
0,4,0,1,1.0,0.0,0.76278657,0.76313806,1.000460797309265,1.0,57.0,0.0,0.0,1.0,0.0,29.0,39.0,11.0,Greedy-SLA,SLA-Rule-Shield,375,5,0.6,0.6,0.6,0.6,0.6
0,2,0,1,1.0,0.0,0.76278657,0.6677499,0.875408569397236,1.0,21.0,0.0,0.0,1.0,0.0,29.0,21.0,29.0,Greedy-SLA,Fixed-UCB-1sigma-Shield,375,5,0.6,0.6,0.6,0.6,0.6
0,2,0,1,1.0,0.0,0.76278657,0.6677499,0.875408569397236,1.0,21.0,0.0,0.0,1.0,0.0,29.0,21.0,29.0,Greedy-SLA,Fixed-UCB-1.64sigma-Shield,375,5,0.6,0.6,0.6,0.6,0.6
0,2,0,1,1.0,0.0,0.76278657,0.6677499,0.875408569397236,1.0,21.0,0.0,0.0,1.0,0.0,29.0,21.0,29.0,DT-Top1,Full-CertiTwin-q90,375,5,0.6,0.6,0.6,0.6,0.6
0,4,0,1,1.0,0.0,0.76278657,0.76313806,1.000460797309265,1.0,57.0,0.0,0.0,1.0,0.0,29.0,39.0,11.0,DT-Top1,SLA-Rule-Shield,375,5,0.6,0.6,0.6,0.6,0.6
0,2,0,1,1.0,0.0,0.76278657,0.6677499,0.875408569397236,1.0,21.0,0.0,0.0,1.0,0.0,29.0,21.0,29.0,DT-Top1,Fixed-UCB-1sigma-Shield,375,5,0.6,0.6,0.6,0.6,0.6
0,2,0,1,1.0,0.0,0.76278657,0.6677499,0.875408569397236,1.0,21.0,0.0,0.0,1.0,0.0,29.0,21.0,29.0,DT-Top1,Fixed-UCB-1.64sigma-Shield,375,5,0.6,0.6,0.6,0.6,0.6
2,2,1,1,0.0,0.0,0.6677499,0.6677499,0.9999999999985024,0.0,0.0,0.0,0.0,1.0,21.0,29.0,21.0,29.0,PF,Full-CertiTwin-q90,376,5,0.6,0.6,0.6,0.6,0.6
2,2,1,1,0.0,0.0,0.6677499,0.6677499,0.9999999999985024,0.0,0.0,0.0,0.0,1.0,21.0,29.0,21.0,29.0,PF,SLA-Rule-Shield,376,5,0.6,0.6,0.6,0.6,0.6
2,2,1,1,0.0,0.0,0.6677499,0.6677499,0.9999999999985024,0.0,0.0,0.0,0.0,1.0,21.0,29.0,21.0,29.0,PF,Fixed-UCB-1sigma-Shield,376,5,0.6,0.6,0.6,0.6,0.6
2,2,1,1,0.0,0.0,0.6677499,0.6677499,0.9999999999985024,0.0,0.0,0.0,0.0,1.0,21.0,29.0,21.0,29.0,PF,Fixed-UCB-1.64sigma-Shield,376,5,0.6,0.6,0.6,0.6,0.6
0,2,0,1,1.0,0.0,0.7864371,0.6677499,0.8490823995957858,1.0,21.0,0.0,0.0,1.0,0.0,29.0,21.0,29.0,Greedy-SLA,Full-CertiTwin-q90,376,5,0.6,0.6,0.6,0.6,0.6
0,4,0,1,1.0,0.0,0.7864371,0.76313806,0.970373930730162,1.0,57.0,0.0,0.0,1.0,0.0,29.0,39.0,11.0,Greedy-SLA,SLA-Rule-Shield,376,5,0.6,0.6,0.6,0.6,0.6
0,2,0,1,1.0,0.0,0.7864371,0.6677499,0.8490823995957858,1.0,21.0,0.0,0.0,1.0,0.0,29.0,21.0,29.0,Greedy-SLA,Fixed-UCB-1sigma-Shield,376,5,0.6,0.6,0.6,0.6,0.6
0,2,0,1,1.0,0.0,0.7864371,0.6677499,0.8490823995957858,1.0,21.0,0.0,0.0,1.0,0.0,29.0,21.0,29.0,Greedy-SLA,Fixed-UCB-1.64sigma-Shield,376,5,0.6,0.6,0.6,0.6,0.6
0,2,0,1,1.0,0.0,0.7864371,0.6677499,0.8490823995957858,1.0,21.0,0.0,0.0,1.0,0.0,29.0,21.0,29.0,DT-Top1,Full-CertiTwin-q90,376,5,0.6,0.6,0.6,0.6,0.6
0,4,0,1,1.0,0.0,0.7864371,0.76313806,0.970373930730162,1.0,57.0,0.0,0.0,1.0,0.0,29.0,39.0,11.0,DT-Top1,SLA-Rule-Shield,376,5,0.6,0.6,0.6,0.6,0.6
0,2,0,1,1.0,0.0,0.7864371,0.6677499,0.8490823995957858,1.0,21.0,0.0,0.0,1.0,0.0,29.0,21.0,29.0,DT-Top1,Fixed-UCB-1sigma-Shield,376,5,0.6,0.6,0.6,0.6,0.6
0,2,0,1,1.0,0.0,0.7864371,0.6677499,0.8490823995957858,1.0,21.0,0.0,0.0,1.0,0.0,29.0,21.0,29.0,DT-Top1,Fixed-UCB-1.64sigma-Shield,376,5,0.6,0.6,0.6,0.6,0.6
2,2,1,1,0.0,0.0,0.6677499,0.6677499,0.9999999999985024,0.0,0.0,0.0,0.0,1.0,21.0,29.0,21.0,29.0,PF,Full-CertiTwin-q90,377,5,0.6,0.6,0.6,0.6,0.6
2,2,1,1,0.0,0.0,0.6677499,0.6677499,0.9999999999985024,0.0,0.0,0.0,0.0,1.0,21.0,29.0,21.0,29.0,PF,SLA-Rule-Shield,377,5,0.6,0.6,0.6,0.6,0.6
2,2,1,1,0.0,0.0,0.6677499,0.6677499,0.9999999999985024,0.0,0.0,0.0,0.0,1.0,21.0,29.0,21.0,29.0,PF,Fixed-UCB-1sigma-Shield,377,5,0.6,0.6,0.6,0.6,0.6
2,2,1,1,0.0,0.0,0.6677499,0.6677499,0.9999999999985024,0.0,0.0,0.0,0.0,1.0,21.0,29.0,21.0,29.0,PF,Fixed-UCB-1.64sigma-Shield,377,5,0.6,0.6,0.6,0.6,0.6
4,4,1,1,0.0,0.0,0.76313806,0.76313806,0.9999999999986896,0.0,0.0,0.0,0.0,1.0,39.0,11.0,39.0,11.0,Greedy-SLA,Full-CertiTwin-q90,377,5,0.6,0.6,0.6,0.6,0.6
4,4,1,1,0.0,0.0,0.76313806,0.76313806,0.9999999999986896,0.0,0.0,0.0,0.0,1.0,39.0,11.0,39.0,11.0,Greedy-SLA,SLA-Rule-Shield,377,5,0.6,0.6,0.6,0.6,0.6
4,4,1,1,0.0,0.0,0.76313806,0.76313806,0.9999999999986896,0.0,0.0,0.0,0.0,1.0,39.0,11.0,39.0,11.0,Greedy-SLA,Fixed-UCB-1sigma-Shield,377,5,0.6,0.6,0.6,0.6,0.6
4,4,1,1,0.0,0.0,0.76313806,0.76313806,0.9999999999986896,0.0,0.0,0.0,0.0,1.0,39.0,11.0,39.0,11.0,Greedy-SLA,Fixed-UCB-1.64sigma-Shield,377,5,0.6,0.6,0.6,0.6,0.6
0,2,0,1,1.0,0.0,0.76278657,0.6677499,0.875408569397236,1.0,21.0,0.0,0.0,1.0,0.0,29.0,21.0,29.0,DT-Top1,Full-CertiTwin-q90,377,5,0.6,0.6,0.6,0.6,0.6
0,4,0,1,1.0,0.0,0.76278657,0.76313806,1.000460797309265,1.0,57.0,0.0,0.0,1.0,0.0,29.0,39.0,11.0,DT-Top1,SLA-Rule-Shield,377,5,0.6,0.6,0.6,0.6,0.6
0,2,0,1,1.0,0.0,0.76278657,0.6677499,0.875408569397236,1.0,21.0,0.0,0.0,1.0,0.0,29.0,21.0,29.0,DT-Top1,Fixed-UCB-1sigma-Shield,377,5,0.6,0.6,0.6,0.6,0.6
0,2,0,1,1.0,0.0,0.76278657,0.6677499,0.875408569397236,1.0,21.0,0.0,0.0,1.0,0.0,29.0,21.0,29.0,DT-Top1,Fixed-UCB-1.64sigma-Shield,377,5,0.6,0.6,0.6,0.6,0.6
2,2,1,1,0.0,0.0,0.6677499,0.6677499,0.9999999999985024,0.0,0.0,0.0,0.0,1.0,21.0,29.0,21.0,29.0,PF,Full-CertiTwin-q90,378,5,0.6,0.6,0.6,0.6,0.6
2,2,1,1,0.0,0.0,0.6677499,0.6677499,0.9999999999985024,0.0,0.0,0.0,0.0,1.0,21.0,29.0,21.0,29.0,PF,SLA-Rule-Shield,378,5,0.6,0.6,0.6,0.6,0.6
2,2,1,1,0.0,0.0,0.6677499,0.6677499,0.9999999999985024,0.0,0.0,0.0,0.0,1.0,21.0,29.0,21.0,29.0,PF,Fixed-UCB-1sigma-Shield,378,5,0.6,0.6,0.6,0.6,0.6
2,2,1,1,0.0,0.0,0.6677499,0.6677499,0.9999999999985024,0.0,0.0,0.0,0.0,1.0,21.0,29.0,21.0,29.0,PF,Fixed-UCB-1.64sigma-Shield,378,5,0.6,0.6,0.6,0.6,0.6
4,4,1,1,0.0,0.0,0.76313806,0.76313806,0.9999999999986896,0.0,0.0,0.0,0.0,1.0,39.0,11.0,39.0,11.0,Greedy-SLA,Full-CertiTwin-q90,378,5,0.6,0.6,0.6,0.6,0.6
4,4,1,1,0.0,0.0,0.76313806,0.76313806,0.9999999999986896,0.0,0.0,0.0,0.0,1.0,39.0,11.0,39.0,11.0,Greedy-SLA,SLA-Rule-Shield,378,5,0.6,0.6,0.6,0.6,0.6
4,4,1,1,0.0,0.0,0.76313806,0.76313806,0.9999999999986896,0.0,0.0,0.0,0.0,1.0,39.0,11.0,39.0,11.0,Greedy-SLA,Fixed-UCB-1sigma-Shield,378,5,0.6,0.6,0.6,0.6,0.6
4,4,1,1,0.0,0.0,0.76313806,0.76313806,0.9999999999986896,0.0,0.0,0.0,0.0,1.0,39.0,11.0,39.0,11.0,Greedy-SLA,Fixed-UCB-1.64sigma-Shield,378,5,0.6,0.6,0.6,0.6,0.6
4,4,1,1,0.0,0.0,0.76313806,0.76313806,0.9999999999986896,0.0,0.0,0.0,0.0,1.0,39.0,11.0,39.0,11.0,DT-Top1,Full-CertiTwin-q90,378,5,0.6,0.6,0.6,0.6,0.6
4,4,1,1,0.0,0.0,0.76313806,0.76313806,0.9999999999986896,0.0,0.0,0.0,0.0,1.0,39.0,11.0,39.0,11.0,DT-Top1,SLA-Rule-Shield,378,5,0.6,0.6,0.6,0.6,0.6
4,4,1,1,0.0,0.0,0.76313806,0.76313806,0.9999999999986896,0.0,0.0,0.0,0.0,1.0,39.0,11.0,39.0,11.0,DT-Top1,Fixed-UCB-1sigma-Shield,378,5,0.6,0.6,0.6,0.6,0.6
4,4,1,1,0.0,0.0,0.76313806,0.76313806,0.9999999999986896,0.0,0.0,0.0,0.0,1.0,39.0,11.0,39.0,11.0,DT-Top1,Fixed-UCB-1.64sigma-Shield,378,5,0.6,0.6,0.6,0.6,0.6
2,2,1,1,0.0,0.0,0.7186651,0.7186651,0.9999999999986086,0.0,0.0,0.0,0.0,1.0,21.0,29.0,21.0,29.0,PF,Full-CertiTwin-q90,379,5,0.6,0.6,0.6,0.6,0.6
2,2,1,1,0.0,0.0,0.7186651,0.7186651,0.9999999999986086,0.0,0.0,0.0,0.0,1.0,21.0,29.0,21.0,29.0,PF,SLA-Rule-Shield,379,5,0.6,0.6,0.6,0.6,0.6
2,2,1,1,0.0,0.0,0.7186651,0.7186651,0.9999999999986086,0.0,0.0,0.0,0.0,1.0,21.0,29.0,21.0,29.0,PF,Fixed-UCB-1sigma-Shield,379,5,0.6,0.6,0.6,0.6,0.6
2,2,1,1,0.0,0.0,0.7186651,0.7186651,0.9999999999986086,0.0,0.0,0.0,0.0,1.0,21.0,29.0,21.0,29.0,PF,Fixed-UCB-1.64sigma-Shield,379,5,0.6,0.6,0.6,0.6,0.6
4,4,1,1,0.0,0.0,0.76313806,0.76313806,0.9999999999986896,0.0,0.0,0.0,0.0,1.0,39.0,11.0,39.0,11.0,Greedy-SLA,Full-CertiTwin-q90,379,5,0.6,0.6,0.6,0.6,0.6
4,4,1,1,0.0,0.0,0.76313806,0.76313806,0.9999999999986896,0.0,0.0,0.0,0.0,1.0,39.0,11.0,39.0,11.0,Greedy-SLA,SLA-Rule-Shield,379,5,0.6,0.6,0.6,0.6,0.6
4,4,1,1,0.0,0.0,0.76313806,0.76313806,0.9999999999986896,0.0,0.0,0.0,0.0,1.0,39.0,11.0,39.0,11.0,Greedy-SLA,Fixed-UCB-1sigma-Shield,379,5,0.6,0.6,0.6,0.6,0.6
4,4,1,1,0.0,0.0,0.76313806,0.76313806,0.9999999999986896,0.0,0.0,0.0,0.0,1.0,39.0,11.0,39.0,11.0,Greedy-SLA,Fixed-UCB-1.64sigma-Shield,379,5,0.6,0.6,0.6,0.6,0.6
4,4,1,1,0.0,0.0,0.76313806,0.76313806,0.9999999999986896,0.0,0.0,0.0,0.0,1.0,39.0,11.0,39.0,11.0,DT-Top1,Full-CertiTwin-q90,379,5,0.6,0.6,0.6,0.6,0.6
4,4,1,1,0.0,0.0,0.76313806,0.76313806,0.9999999999986896,0.0,0.0,0.0,0.0,1.0,39.0,11.0,39.0,11.0,DT-Top1,SLA-Rule-Shield,379,5,0.6,0.6,0.6,0.6,0.6
4,4,1,1,0.0,0.0,0.76313806,0.76313806,0.9999999999986896,0.0,0.0,0.0,0.0,1.0,39.0,11.0,39.0,11.0,DT-Top1,Fixed-UCB-1sigma-Shield,379,5,0.6,0.6,0.6,0.6,0.6
4,4,1,1,0.0,0.0,0.76313806,0.76313806,0.9999999999986896,0.0,0.0,0.0,0.0,1.0,39.0,11.0,39.0,11.0,DT-Top1,Fixed-UCB-1.64sigma-Shield,379,5,0.6,0.6,0.6,0.6,0.6
2,2,1,1,0.0,0.0,0.6677499,0.6677499,0.9999999999985024,0.0,0.0,0.0,0.0,1.0,21.0,29.0,21.0,29.0,PF,Full-CertiTwin-q90,380,5,0.6,0.6,0.6,0.6,0.6
2,2,1,1,0.0,0.0,0.6677499,0.6677499,0.9999999999985024,0.0,0.0,0.0,0.0,1.0,21.0,29.0,21.0,29.0,PF,SLA-Rule-Shield,380,5,0.6,0.6,0.6,0.6,0.6
2,2,1,1,0.0,0.0,0.6677499,0.6677499,0.9999999999985024,0.0,0.0,0.0,0.0,1.0,21.0,29.0,21.0,29.0,PF,Fixed-UCB-1sigma-Shield,380,5,0.6,0.6,0.6,0.6,0.6
2,2,1,1,0.0,0.0,0.6677499,0.6677499,0.9999999999985024,0.0,0.0,0.0,0.0,1.0,21.0,29.0,21.0,29.0,PF,Fixed-UCB-1.64sigma-Shield,380,5,0.6,0.6,0.6,0.6,0.6
4,4,1,1,0.0,0.0,0.76313806,0.76313806,0.9999999999986896,0.0,0.0,0.0,0.0,1.0,39.0,11.0,39.0,11.0,Greedy-SLA,Full-CertiTwin-q90,380,5,0.6,0.6,0.6,0.6,0.6
4,4,1,1,0.0,0.0,0.76313806,0.76313806,0.9999999999986896,0.0,0.0,0.0,0.0,1.0,39.0,11.0,39.0,11.0,Greedy-SLA,SLA-Rule-Shield,380,5,0.6,0.6,0.6,0.6,0.6
4,4,1,1,0.0,0.0,0.76313806,0.76313806,0.9999999999986896,0.0,0.0,0.0,0.0,1.0,39.0,11.0,39.0,11.0,Greedy-SLA,Fixed-UCB-1sigma-Shield,380,5,0.6,0.6,0.6,0.6,0.6
4,4,1,1,0.0,0.0,0.76313806,0.76313806,0.9999999999986896,0.0,0.0,0.0,0.0,1.0,39.0,11.0,39.0,11.0,Greedy-SLA,Fixed-UCB-1.64sigma-Shield,380,5,0.6,0.6,0.6,0.6,0.6
0,2,0,1,1.0,0.0,0.7864371,0.6677499,0.8490823995957858,1.0,21.0,0.0,0.0,1.0,0.0,29.0,21.0,29.0,DT-Top1,Full-CertiTwin-q90,380,5,0.6,0.6,0.6,0.6,0.6
0,4,0,1,1.0,0.0,0.7864371,0.76313806,0.970373930730162,1.0,57.0,0.0,0.0,1.0,0.0,29.0,39.0,11.0,DT-Top1,SLA-Rule-Shield,380,5,0.6,0.6,0.6,0.6,0.6
0,2,0,1,1.0,0.0,0.7864371,0.6677499,0.8490823995957858,1.0,21.0,0.0,0.0,1.0,0.0,29.0,21.0,29.0,DT-Top1,Fixed-UCB-1sigma-Shield,380,5,0.6,0.6,0.6,0.6,0.6
0,2,0,1,1.0,0.0,0.7864371,0.6677499,0.8490823995957858,1.0,21.0,0.0,0.0,1.0,0.0,29.0,21.0,29.0,DT-Top1,Fixed-UCB-1.64sigma-Shield,380,5,0.6,0.6,0.6,0.6,0.6
2,2,1,1,0.0,0.0,0.6682329,0.6682329,0.9999999999985036,0.0,0.0,0.0,0.0,1.0,21.0,29.0,21.0,29.0,PF,Full-CertiTwin-q90,381,5,0.6,0.6,0.6,0.6,0.6
2,2,1,1,0.0,0.0,0.6682329,0.6682329,0.9999999999985036,0.0,0.0,0.0,0.0,1.0,21.0,29.0,21.0,29.0,PF,SLA-Rule-Shield,381,5,0.6,0.6,0.6,0.6,0.6
2,2,1,1,0.0,0.0,0.6682329,0.6682329,0.9999999999985036,0.0,0.0,0.0,0.0,1.0,21.0,29.0,21.0,29.0,PF,Fixed-UCB-1sigma-Shield,381,5,0.6,0.6,0.6,0.6,0.6
2,2,1,1,0.0,0.0,0.6682329,0.6682329,0.9999999999985036,0.0,0.0,0.0,0.0,1.0,21.0,29.0,21.0,29.0,PF,Fixed-UCB-1.64sigma-Shield,381,5,0.6,0.6,0.6,0.6,0.6
4,4,1,1,0.0,0.0,0.76313806,0.76313806,0.9999999999986896,0.0,0.0,0.0,0.0,1.0,39.0,11.0,39.0,11.0,Greedy-SLA,Full-CertiTwin-q90,381,5,0.6,0.6,0.6,0.6,0.6
4,4,1,1,0.0,0.0,0.76313806,0.76313806,0.9999999999986896,0.0,0.0,0.0,0.0,1.0,39.0,11.0,39.0,11.0,Greedy-SLA,SLA-Rule-Shield,381,5,0.6,0.6,0.6,0.6,0.6
4,4,1,1,0.0,0.0,0.76313806,0.76313806,0.9999999999986896,0.0,0.0,0.0,0.0,1.0,39.0,11.0,39.0,11.0,Greedy-SLA,Fixed-UCB-1sigma-Shield,381,5,0.6,0.6,0.6,0.6,0.6
4,4,1,1,0.0,0.0,0.76313806,0.76313806,0.9999999999986896,0.0,0.0,0.0,0.0,1.0,39.0,11.0,39.0,11.0,Greedy-SLA,Fixed-UCB-1.64sigma-Shield,381,5,0.6,0.6,0.6,0.6,0.6
0,2,0,1,1.0,0.0,0.76278657,0.6682329,0.8760417740431953,1.0,21.0,0.0,0.0,1.0,0.0,29.0,21.0,29.0,DT-Top1,Full-CertiTwin-q90,381,5,0.6,0.6,0.6,0.6,0.6
0,4,0,1,1.0,0.0,0.76278657,0.76313806,1.000460797309265,1.0,57.0,0.0,0.0,1.0,0.0,29.0,39.0,11.0,DT-Top1,SLA-Rule-Shield,381,5,0.6,0.6,0.6,0.6,0.6
0,2,0,1,1.0,0.0,0.76278657,0.6682329,0.8760417740431953,1.0,21.0,0.0,0.0,1.0,0.0,29.0,21.0,29.0,DT-Top1,Fixed-UCB-1sigma-Shield,381,5,0.6,0.6,0.6,0.6,0.6
0,2,0,1,1.0,0.0,0.76278657,0.6682329,0.8760417740431953,1.0,21.0,0.0,0.0,1.0,0.0,29.0,21.0,29.0,DT-Top1,Fixed-UCB-1.64sigma-Shield,381,5,0.6,0.6,0.6,0.6,0.6
2,2,1,1,0.0,0.0,0.6677499,0.6677499,0.9999999999985024,0.0,0.0,0.0,0.0,1.0,21.0,29.0,21.0,29.0,PF,Full-CertiTwin-q90,382,5,0.6,0.6,0.6,0.6,0.6
2,2,1,1,0.0,0.0,0.6677499,0.6677499,0.9999999999985024,0.0,0.0,0.0,0.0,1.0,21.0,29.0,21.0,29.0,PF,SLA-Rule-Shield,382,5,0.6,0.6,0.6,0.6,0.6
2,2,1,1,0.0,0.0,0.6677499,0.6677499,0.9999999999985024,0.0,0.0,0.0,0.0,1.0,21.0,29.0,21.0,29.0,PF,Fixed-UCB-1sigma-Shield,382,5,0.6,0.6,0.6,0.6,0.6
2,2,1,1,0.0,0.0,0.6677499,0.6677499,0.9999999999985024,0.0,0.0,0.0,0.0,1.0,21.0,29.0,21.0,29.0,PF,Fixed-UCB-1.64sigma-Shield,382,5,0.6,0.6,0.6,0.6,0.6
4,4,1,1,0.0,0.0,0.7777951,0.7777951,0.9999999999987144,0.0,0.0,0.0,0.0,1.0,39.0,11.0,39.0,11.0,Greedy-SLA,Full-CertiTwin-q90,382,5,0.6,0.6,0.6,0.6,0.6
4,4,1,1,0.0,0.0,0.7777951,0.7777951,0.9999999999987144,0.0,0.0,0.0,0.0,1.0,39.0,11.0,39.0,11.0,Greedy-SLA,SLA-Rule-Shield,382,5,0.6,0.6,0.6,0.6,0.6
4,4,1,1,0.0,0.0,0.7777951,0.7777951,0.9999999999987144,0.0,0.0,0.0,0.0,1.0,39.0,11.0,39.0,11.0,Greedy-SLA,Fixed-UCB-1sigma-Shield,382,5,0.6,0.6,0.6,0.6,0.6
4,4,1,1,0.0,0.0,0.7777951,0.7777951,0.9999999999987144,0.0,0.0,0.0,0.0,1.0,39.0,11.0,39.0,11.0,Greedy-SLA,Fixed-UCB-1.64sigma-Shield,382,5,0.6,0.6,0.6,0.6,0.6
0,2,0,1,1.0,0.0,0.76278657,0.6677499,0.875408569397236,1.0,21.0,0.0,0.0,1.0,0.0,29.0,21.0,29.0,DT-Top1,Full-CertiTwin-q90,382,5,0.6,0.6,0.6,0.6,0.6
0,4,0,1,1.0,0.0,0.76278657,0.7777951,1.0196759232388952,1.0,57.0,0.0,0.0,1.0,0.0,29.0,39.0,11.0,DT-Top1,SLA-Rule-Shield,382,5,0.6,0.6,0.6,0.6,0.6
0,2,0,1,1.0,0.0,0.76278657,0.6677499,0.875408569397236,1.0,21.0,0.0,0.0,1.0,0.0,29.0,21.0,29.0,DT-Top1,Fixed-UCB-1sigma-Shield,382,5,0.6,0.6,0.6,0.6,0.6
0,2,0,1,1.0,0.0,0.76278657,0.6677499,0.875408569397236,1.0,21.0,0.0,0.0,1.0,0.0,29.0,21.0,29.0,DT-Top1,Fixed-UCB-1.64sigma-Shield,382,5,0.6,0.6,0.6,0.6,0.6
2,2,1,1,0.0,0.0,0.6677499,0.6677499,0.9999999999985024,0.0,0.0,0.0,0.0,1.0,21.0,29.0,21.0,29.0,PF,Full-CertiTwin-q90,383,5,0.6,0.6,0.6,0.6,0.6
2,2,1,1,0.0,0.0,0.6677499,0.6677499,0.9999999999985024,0.0,0.0,0.0,0.0,1.0,21.0,29.0,21.0,29.0,PF,SLA-Rule-Shield,383,5,0.6,0.6,0.6,0.6,0.6
2,2,1,1,0.0,0.0,0.6677499,0.6677499,0.9999999999985024,0.0,0.0,0.0,0.0,1.0,21.0,29.0,21.0,29.0,PF,Fixed-UCB-1sigma-Shield,383,5,0.6,0.6,0.6,0.6,0.6
2,2,1,1,0.0,0.0,0.6677499,0.6677499,0.9999999999985024,0.0,0.0,0.0,0.0,1.0,21.0,29.0,21.0,29.0,PF,Fixed-UCB-1.64sigma-Shield,383,5,0.6,0.6,0.6,0.6,0.6
4,4,1,1,0.0,0.0,0.7526786,0.7526786,0.9999999999986714,0.0,0.0,0.0,0.0,1.0,39.0,11.0,39.0,11.0,Greedy-SLA,Full-CertiTwin-q90,383,5,0.6,0.6,0.6,0.6,0.6
4,4,1,1,0.0,0.0,0.7526786,0.7526786,0.9999999999986714,0.0,0.0,0.0,0.0,1.0,39.0,11.0,39.0,11.0,Greedy-SLA,SLA-Rule-Shield,383,5,0.6,0.6,0.6,0.6,0.6
4,4,1,1,0.0,0.0,0.7526786,0.7526786,0.9999999999986714,0.0,0.0,0.0,0.0,1.0,39.0,11.0,39.0,11.0,Greedy-SLA,Fixed-UCB-1sigma-Shield,383,5,0.6,0.6,0.6,0.6,0.6
4,4,1,1,0.0,0.0,0.7526786,0.7526786,0.9999999999986714,0.0,0.0,0.0,0.0,1.0,39.0,11.0,39.0,11.0,Greedy-SLA,Fixed-UCB-1.64sigma-Shield,383,5,0.6,0.6,0.6,0.6,0.6
0,2,0,1,1.0,0.0,0.76278657,0.6677499,0.875408569397236,1.0,21.0,0.0,0.0,1.0,0.0,29.0,21.0,29.0,DT-Top1,Full-CertiTwin-q90,383,5,0.6,0.6,0.6,0.6,0.6
0,4,0,1,1.0,0.0,0.76278657,0.7526786,0.9867486261576592,1.0,57.0,0.0,0.0,1.0,0.0,29.0,39.0,11.0,DT-Top1,SLA-Rule-Shield,383,5,0.6,0.6,0.6,0.6,0.6
0,2,0,1,1.0,0.0,0.76278657,0.6677499,0.875408569397236,1.0,21.0,0.0,0.0,1.0,0.0,29.0,21.0,29.0,DT-Top1,Fixed-UCB-1sigma-Shield,383,5,0.6,0.6,0.6,0.6,0.6
0,2,0,1,1.0,0.0,0.76278657,0.6677499,0.875408569397236,1.0,21.0,0.0,0.0,1.0,0.0,29.0,21.0,29.0,DT-Top1,Fixed-UCB-1.64sigma-Shield,383,5,0.6,0.6,0.6,0.6,0.6
2,2,1,1,0.0,0.0,0.6780778,0.6780778,0.9999999999985252,0.0,0.0,0.0,0.0,1.0,21.0,29.0,21.0,29.0,PF,Full-CertiTwin-q90,384,5,0.6,0.6,0.6,0.6,0.6
2,2,1,1,0.0,0.0,0.6780778,0.6780778,0.9999999999985252,0.0,0.0,0.0,0.0,1.0,21.0,29.0,21.0,29.0,PF,SLA-Rule-Shield,384,5,0.6,0.6,0.6,0.6,0.6
2,2,1,1,0.0,0.0,0.6780778,0.6780778,0.9999999999985252,0.0,0.0,0.0,0.0,1.0,21.0,29.0,21.0,29.0,PF,Fixed-UCB-1sigma-Shield,384,5,0.6,0.6,0.6,0.6,0.6
2,2,1,1,0.0,0.0,0.6780778,0.6780778,0.9999999999985252,0.0,0.0,0.0,0.0,1.0,21.0,29.0,21.0,29.0,PF,Fixed-UCB-1.64sigma-Shield,384,5,0.6,0.6,0.6,0.6,0.6
4,4,1,1,0.0,0.0,0.76313806,0.76313806,0.9999999999986896,0.0,0.0,0.0,0.0,1.0,39.0,11.0,39.0,11.0,Greedy-SLA,Full-CertiTwin-q90,384,5,0.6,0.6,0.6,0.6,0.6
4,4,1,1,0.0,0.0,0.76313806,0.76313806,0.9999999999986896,0.0,0.0,0.0,0.0,1.0,39.0,11.0,39.0,11.0,Greedy-SLA,SLA-Rule-Shield,384,5,0.6,0.6,0.6,0.6,0.6
4,4,1,1,0.0,0.0,0.76313806,0.76313806,0.9999999999986896,0.0,0.0,0.0,0.0,1.0,39.0,11.0,39.0,11.0,Greedy-SLA,Fixed-UCB-1sigma-Shield,384,5,0.6,0.6,0.6,0.6,0.6
4,4,1,1,0.0,0.0,0.76313806,0.76313806,0.9999999999986896,0.0,0.0,0.0,0.0,1.0,39.0,11.0,39.0,11.0,Greedy-SLA,Fixed-UCB-1.64sigma-Shield,384,5,0.6,0.6,0.6,0.6,0.6
4,4,1,1,0.0,0.0,0.76313806,0.76313806,0.9999999999986896,0.0,0.0,0.0,0.0,1.0,39.0,11.0,39.0,11.0,DT-Top1,Full-CertiTwin-q90,384,5,0.6,0.6,0.6,0.6,0.6
4,4,1,1,0.0,0.0,0.76313806,0.76313806,0.9999999999986896,0.0,0.0,0.0,0.0,1.0,39.0,11.0,39.0,11.0,DT-Top1,SLA-Rule-Shield,384,5,0.6,0.6,0.6,0.6,0.6
4,4,1,1,0.0,0.0,0.76313806,0.76313806,0.9999999999986896,0.0,0.0,0.0,0.0,1.0,39.0,11.0,39.0,11.0,DT-Top1,Fixed-UCB-1sigma-Shield,384,5,0.6,0.6,0.6,0.6,0.6
4,4,1,1,0.0,0.0,0.76313806,0.76313806,0.9999999999986896,0.0,0.0,0.0,0.0,1.0,39.0,11.0,39.0,11.0,DT-Top1,Fixed-UCB-1.64sigma-Shield,384,5,0.6,0.6,0.6,0.6,0.6
2,2,1,1,0.0,0.0,0.6677499,0.6677499,0.9999999999985024,0.0,0.0,0.0,0.0,1.0,21.0,29.0,21.0,29.0,PF,Full-CertiTwin-q90,385,5,0.6,0.6,0.6,0.6,0.6
2,2,1,1,0.0,0.0,0.6677499,0.6677499,0.9999999999985024,0.0,0.0,0.0,0.0,1.0,21.0,29.0,21.0,29.0,PF,SLA-Rule-Shield,385,5,0.6,0.6,0.6,0.6,0.6
2,2,1,1,0.0,0.0,0.6677499,0.6677499,0.9999999999985024,0.0,0.0,0.0,0.0,1.0,21.0,29.0,21.0,29.0,PF,Fixed-UCB-1sigma-Shield,385,5,0.6,0.6,0.6,0.6,0.6
2,2,1,1,0.0,0.0,0.6677499,0.6677499,0.9999999999985024,0.0,0.0,0.0,0.0,1.0,21.0,29.0,21.0,29.0,PF,Fixed-UCB-1.64sigma-Shield,385,5,0.6,0.6,0.6,0.6,0.6
4,4,1,1,0.0,0.0,0.76313806,0.76313806,0.9999999999986896,0.0,0.0,0.0,0.0,1.0,39.0,11.0,39.0,11.0,Greedy-SLA,Full-CertiTwin-q90,385,5,0.6,0.6,0.6,0.6,0.6
4,4,1,1,0.0,0.0,0.76313806,0.76313806,0.9999999999986896,0.0,0.0,0.0,0.0,1.0,39.0,11.0,39.0,11.0,Greedy-SLA,SLA-Rule-Shield,385,5,0.6,0.6,0.6,0.6,0.6
4,4,1,1,0.0,0.0,0.76313806,0.76313806,0.9999999999986896,0.0,0.0,0.0,0.0,1.0,39.0,11.0,39.0,11.0,Greedy-SLA,Fixed-UCB-1sigma-Shield,385,5,0.6,0.6,0.6,0.6,0.6
4,4,1,1,0.0,0.0,0.76313806,0.76313806,0.9999999999986896,0.0,0.0,0.0,0.0,1.0,39.0,11.0,39.0,11.0,Greedy-SLA,Fixed-UCB-1.64sigma-Shield,385,5,0.6,0.6,0.6,0.6,0.6
0,2,0,1,1.0,0.0,0.76278657,0.6677499,0.875408569397236,1.0,21.0,0.0,0.0,1.0,0.0,29.0,21.0,29.0,DT-Top1,Full-CertiTwin-q90,385,5,0.6,0.6,0.6,0.6,0.6
0,4,0,1,1.0,0.0,0.76278657,0.76313806,1.000460797309265,1.0,57.0,0.0,0.0,1.0,0.0,29.0,39.0,11.0,DT-Top1,SLA-Rule-Shield,385,5,0.6,0.6,0.6,0.6,0.6
0,2,0,1,1.0,0.0,0.76278657,0.6677499,0.875408569397236,1.0,21.0,0.0,0.0,1.0,0.0,29.0,21.0,29.0,DT-Top1,Fixed-UCB-1sigma-Shield,385,5,0.6,0.6,0.6,0.6,0.6
0,2,0,1,1.0,0.0,0.76278657,0.6677499,0.875408569397236,1.0,21.0,0.0,0.0,1.0,0.0,29.0,21.0,29.0,DT-Top1,Fixed-UCB-1.64sigma-Shield,385,5,0.6,0.6,0.6,0.6,0.6
2,2,1,1,0.0,0.0,0.6677499,0.6677499,0.9999999999985024,0.0,0.0,0.0,0.0,1.0,21.0,29.0,21.0,29.0,PF,Full-CertiTwin-q90,386,5,0.6,0.6,0.6,0.6,0.6
2,2,1,1,0.0,0.0,0.6677499,0.6677499,0.9999999999985024,0.0,0.0,0.0,0.0,1.0,21.0,29.0,21.0,29.0,PF,SLA-Rule-Shield,386,5,0.6,0.6,0.6,0.6,0.6
2,2,1,1,0.0,0.0,0.6677499,0.6677499,0.9999999999985024,0.0,0.0,0.0,0.0,1.0,21.0,29.0,21.0,29.0,PF,Fixed-UCB-1sigma-Shield,386,5,0.6,0.6,0.6,0.6,0.6
2,2,1,1,0.0,0.0,0.6677499,0.6677499,0.9999999999985024,0.0,0.0,0.0,0.0,1.0,21.0,29.0,21.0,29.0,PF,Fixed-UCB-1.64sigma-Shield,386,5,0.6,0.6,0.6,0.6,0.6
4,4,1,1,0.0,0.0,0.76313806,0.76313806,0.9999999999986896,0.0,0.0,0.0,0.0,1.0,39.0,11.0,39.0,11.0,Greedy-SLA,Full-CertiTwin-q90,386,5,0.6,0.6,0.6,0.6,0.6
4,4,1,1,0.0,0.0,0.76313806,0.76313806,0.9999999999986896,0.0,0.0,0.0,0.0,1.0,39.0,11.0,39.0,11.0,Greedy-SLA,SLA-Rule-Shield,386,5,0.6,0.6,0.6,0.6,0.6
4,4,1,1,0.0,0.0,0.76313806,0.76313806,0.9999999999986896,0.0,0.0,0.0,0.0,1.0,39.0,11.0,39.0,11.0,Greedy-SLA,Fixed-UCB-1sigma-Shield,386,5,0.6,0.6,0.6,0.6,0.6
4,4,1,1,0.0,0.0,0.76313806,0.76313806,0.9999999999986896,0.0,0.0,0.0,0.0,1.0,39.0,11.0,39.0,11.0,Greedy-SLA,Fixed-UCB-1.64sigma-Shield,386,5,0.6,0.6,0.6,0.6,0.6
0,2,0,1,1.0,0.0,0.76278657,0.6677499,0.875408569397236,1.0,21.0,0.0,0.0,1.0,0.0,29.0,21.0,29.0,DT-Top1,Full-CertiTwin-q90,386,5,0.6,0.6,0.6,0.6,0.6
0,4,0,1,1.0,0.0,0.76278657,0.76313806,1.000460797309265,1.0,57.0,0.0,0.0,1.0,0.0,29.0,39.0,11.0,DT-Top1,SLA-Rule-Shield,386,5,0.6,0.6,0.6,0.6,0.6
0,2,0,1,1.0,0.0,0.76278657,0.6677499,0.875408569397236,1.0,21.0,0.0,0.0,1.0,0.0,29.0,21.0,29.0,DT-Top1,Fixed-UCB-1sigma-Shield,386,5,0.6,0.6,0.6,0.6,0.6
0,2,0,1,1.0,0.0,0.76278657,0.6677499,0.875408569397236,1.0,21.0,0.0,0.0,1.0,0.0,29.0,21.0,29.0,DT-Top1,Fixed-UCB-1.64sigma-Shield,386,5,0.6,0.6,0.6,0.6,0.6
2,2,1,1,0.0,0.0,0.65129316,0.65129316,0.9999999999984648,0.0,0.0,0.0,0.0,1.0,21.0,29.0,21.0,29.0,PF,Full-CertiTwin-q90,387,5,0.6,0.6,0.6,0.6,0.6
2,2,1,1,0.0,0.0,0.65129316,0.65129316,0.9999999999984648,0.0,0.0,0.0,0.0,1.0,21.0,29.0,21.0,29.0,PF,SLA-Rule-Shield,387,5,0.6,0.6,0.6,0.6,0.6
2,2,1,1,0.0,0.0,0.65129316,0.65129316,0.9999999999984648,0.0,0.0,0.0,0.0,1.0,21.0,29.0,21.0,29.0,PF,Fixed-UCB-1sigma-Shield,387,5,0.6,0.6,0.6,0.6,0.6
2,2,1,1,0.0,0.0,0.65129316,0.65129316,0.9999999999984648,0.0,0.0,0.0,0.0,1.0,21.0,29.0,21.0,29.0,PF,Fixed-UCB-1.64sigma-Shield,387,5,0.6,0.6,0.6,0.6,0.6
4,4,1,1,0.0,0.0,0.76313806,0.76313806,0.9999999999986896,0.0,0.0,0.0,0.0,1.0,39.0,11.0,39.0,11.0,Greedy-SLA,Full-CertiTwin-q90,387,5,0.6,0.6,0.6,0.6,0.6
4,4,1,1,0.0,0.0,0.76313806,0.76313806,0.9999999999986896,0.0,0.0,0.0,0.0,1.0,39.0,11.0,39.0,11.0,Greedy-SLA,SLA-Rule-Shield,387,5,0.6,0.6,0.6,0.6,0.6
4,4,1,1,0.0,0.0,0.76313806,0.76313806,0.9999999999986896,0.0,0.0,0.0,0.0,1.0,39.0,11.0,39.0,11.0,Greedy-SLA,Fixed-UCB-1sigma-Shield,387,5,0.6,0.6,0.6,0.6,0.6
4,4,1,1,0.0,0.0,0.76313806,0.76313806,0.9999999999986896,0.0,0.0,0.0,0.0,1.0,39.0,11.0,39.0,11.0,Greedy-SLA,Fixed-UCB-1.64sigma-Shield,387,5,0.6,0.6,0.6,0.6,0.6
4,4,1,1,0.0,0.0,0.76313806,0.76313806,0.9999999999986896,0.0,0.0,0.0,0.0,1.0,39.0,11.0,39.0,11.0,DT-Top1,Full-CertiTwin-q90,387,5,0.6,0.6,0.6,0.6,0.6
4,4,1,1,0.0,0.0,0.76313806,0.76313806,0.9999999999986896,0.0,0.0,0.0,0.0,1.0,39.0,11.0,39.0,11.0,DT-Top1,SLA-Rule-Shield,387,5,0.6,0.6,0.6,0.6,0.6
4,4,1,1,0.0,0.0,0.76313806,0.76313806,0.9999999999986896,0.0,0.0,0.0,0.0,1.0,39.0,11.0,39.0,11.0,DT-Top1,Fixed-UCB-1sigma-Shield,387,5,0.6,0.6,0.6,0.6,0.6
4,4,1,1,0.0,0.0,0.76313806,0.76313806,0.9999999999986896,0.0,0.0,0.0,0.0,1.0,39.0,11.0,39.0,11.0,DT-Top1,Fixed-UCB-1.64sigma-Shield,387,5,0.6,0.6,0.6,0.6,0.6
2,2,1,1,0.0,0.0,0.7186651,0.7186651,0.9999999999986086,0.0,0.0,0.0,0.0,1.0,21.0,29.0,21.0,29.0,PF,Full-CertiTwin-q90,388,5,0.6,0.6,0.6,0.6,0.6
2,2,1,1,0.0,0.0,0.7186651,0.7186651,0.9999999999986086,0.0,0.0,0.0,0.0,1.0,21.0,29.0,21.0,29.0,PF,SLA-Rule-Shield,388,5,0.6,0.6,0.6,0.6,0.6
2,2,1,1,0.0,0.0,0.7186651,0.7186651,0.9999999999986086,0.0,0.0,0.0,0.0,1.0,21.0,29.0,21.0,29.0,PF,Fixed-UCB-1sigma-Shield,388,5,0.6,0.6,0.6,0.6,0.6
2,2,1,1,0.0,0.0,0.7186651,0.7186651,0.9999999999986086,0.0,0.0,0.0,0.0,1.0,21.0,29.0,21.0,29.0,PF,Fixed-UCB-1.64sigma-Shield,388,5,0.6,0.6,0.6,0.6,0.6
4,4,1,1,0.0,0.0,0.76313806,0.76313806,0.9999999999986896,0.0,0.0,0.0,0.0,1.0,39.0,11.0,39.0,11.0,Greedy-SLA,Full-CertiTwin-q90,388,5,0.6,0.6,0.6,0.6,0.6
4,4,1,1,0.0,0.0,0.76313806,0.76313806,0.9999999999986896,0.0,0.0,0.0,0.0,1.0,39.0,11.0,39.0,11.0,Greedy-SLA,SLA-Rule-Shield,388,5,0.6,0.6,0.6,0.6,0.6
4,4,1,1,0.0,0.0,0.76313806,0.76313806,0.9999999999986896,0.0,0.0,0.0,0.0,1.0,39.0,11.0,39.0,11.0,Greedy-SLA,Fixed-UCB-1sigma-Shield,388,5,0.6,0.6,0.6,0.6,0.6
4,4,1,1,0.0,0.0,0.76313806,0.76313806,0.9999999999986896,0.0,0.0,0.0,0.0,1.0,39.0,11.0,39.0,11.0,Greedy-SLA,Fixed-UCB-1.64sigma-Shield,388,5,0.6,0.6,0.6,0.6,0.6
4,4,1,1,0.0,0.0,0.76313806,0.76313806,0.9999999999986896,0.0,0.0,0.0,0.0,1.0,39.0,11.0,39.0,11.0,DT-Top1,Full-CertiTwin-q90,388,5,0.6,0.6,0.6,0.6,0.6
4,4,1,1,0.0,0.0,0.76313806,0.76313806,0.9999999999986896,0.0,0.0,0.0,0.0,1.0,39.0,11.0,39.0,11.0,DT-Top1,SLA-Rule-Shield,388,5,0.6,0.6,0.6,0.6,0.6
4,4,1,1,0.0,0.0,0.76313806,0.76313806,0.9999999999986896,0.0,0.0,0.0,0.0,1.0,39.0,11.0,39.0,11.0,DT-Top1,Fixed-UCB-1sigma-Shield,388,5,0.6,0.6,0.6,0.6,0.6
4,4,1,1,0.0,0.0,0.76313806,0.76313806,0.9999999999986896,0.0,0.0,0.0,0.0,1.0,39.0,11.0,39.0,11.0,DT-Top1,Fixed-UCB-1.64sigma-Shield,388,5,0.6,0.6,0.6,0.6,0.6
2,2,1,1,0.0,0.0,0.6506768,0.6506768,0.9999999999984632,0.0,0.0,0.0,0.0,1.0,21.0,29.0,21.0,29.0,PF,Full-CertiTwin-q90,389,5,0.6,0.6,0.6,0.6,0.6
2,2,1,1,0.0,0.0,0.6506768,0.6506768,0.9999999999984632,0.0,0.0,0.0,0.0,1.0,21.0,29.0,21.0,29.0,PF,SLA-Rule-Shield,389,5,0.6,0.6,0.6,0.6,0.6
2,2,1,1,0.0,0.0,0.6506768,0.6506768,0.9999999999984632,0.0,0.0,0.0,0.0,1.0,21.0,29.0,21.0,29.0,PF,Fixed-UCB-1sigma-Shield,389,5,0.6,0.6,0.6,0.6,0.6
2,2,1,1,0.0,0.0,0.6506768,0.6506768,0.9999999999984632,0.0,0.0,0.0,0.0,1.0,21.0,29.0,21.0,29.0,PF,Fixed-UCB-1.64sigma-Shield,389,5,0.6,0.6,0.6,0.6,0.6
4,4,1,1,0.0,0.0,0.76313806,0.76313806,0.9999999999986896,0.0,0.0,0.0,0.0,1.0,39.0,11.0,39.0,11.0,Greedy-SLA,Full-CertiTwin-q90,389,5,0.6,0.6,0.6,0.6,0.6
4,4,1,1,0.0,0.0,0.76313806,0.76313806,0.9999999999986896,0.0,0.0,0.0,0.0,1.0,39.0,11.0,39.0,11.0,Greedy-SLA,SLA-Rule-Shield,389,5,0.6,0.6,0.6,0.6,0.6
4,4,1,1,0.0,0.0,0.76313806,0.76313806,0.9999999999986896,0.0,0.0,0.0,0.0,1.0,39.0,11.0,39.0,11.0,Greedy-SLA,Fixed-UCB-1sigma-Shield,389,5,0.6,0.6,0.6,0.6,0.6
4,4,1,1,0.0,0.0,0.76313806,0.76313806,0.9999999999986896,0.0,0.0,0.0,0.0,1.0,39.0,11.0,39.0,11.0,Greedy-SLA,Fixed-UCB-1.64sigma-Shield,389,5,0.6,0.6,0.6,0.6,0.6
0,2,0,1,1.0,0.0,0.76278657,0.6506768,0.853026030596143,1.0,21.0,0.0,0.0,1.0,0.0,29.0,21.0,29.0,DT-Top1,Full-CertiTwin-q90,389,5,0.6,0.6,0.6,0.6,0.6
0,4,0,1,1.0,0.0,0.76278657,0.76313806,1.000460797309265,1.0,57.0,0.0,0.0,1.0,0.0,29.0,39.0,11.0,DT-Top1,SLA-Rule-Shield,389,5,0.6,0.6,0.6,0.6,0.6
0,2,0,1,1.0,0.0,0.76278657,0.6506768,0.853026030596143,1.0,21.0,0.0,0.0,1.0,0.0,29.0,21.0,29.0,DT-Top1,Fixed-UCB-1sigma-Shield,389,5,0.6,0.6,0.6,0.6,0.6
0,2,0,1,1.0,0.0,0.76278657,0.6506768,0.853026030596143,1.0,21.0,0.0,0.0,1.0,0.0,29.0,21.0,29.0,DT-Top1,Fixed-UCB-1.64sigma-Shield,389,5,0.6,0.6,0.6,0.6,0.6
2,2,1,1,0.0,0.0,0.6677499,0.6677499,0.9999999999985024,0.0,0.0,0.0,0.0,1.0,21.0,29.0,21.0,29.0,PF,Full-CertiTwin-q90,390,5,0.6,0.6,0.6,0.6,0.6
2,2,1,1,0.0,0.0,0.6677499,0.6677499,0.9999999999985024,0.0,0.0,0.0,0.0,1.0,21.0,29.0,21.0,29.0,PF,SLA-Rule-Shield,390,5,0.6,0.6,0.6,0.6,0.6
2,2,1,1,0.0,0.0,0.6677499,0.6677499,0.9999999999985024,0.0,0.0,0.0,0.0,1.0,21.0,29.0,21.0,29.0,PF,Fixed-UCB-1sigma-Shield,390,5,0.6,0.6,0.6,0.6,0.6
2,2,1,1,0.0,0.0,0.6677499,0.6677499,0.9999999999985024,0.0,0.0,0.0,0.0,1.0,21.0,29.0,21.0,29.0,PF,Fixed-UCB-1.64sigma-Shield,390,5,0.6,0.6,0.6,0.6,0.6
4,4,1,1,0.0,0.0,0.76313806,0.76313806,0.9999999999986896,0.0,0.0,0.0,0.0,1.0,39.0,11.0,39.0,11.0,Greedy-SLA,Full-CertiTwin-q90,390,5,0.6,0.6,0.6,0.6,0.6
4,4,1,1,0.0,0.0,0.76313806,0.76313806,0.9999999999986896,0.0,0.0,0.0,0.0,1.0,39.0,11.0,39.0,11.0,Greedy-SLA,SLA-Rule-Shield,390,5,0.6,0.6,0.6,0.6,0.6
4,4,1,1,0.0,0.0,0.76313806,0.76313806,0.9999999999986896,0.0,0.0,0.0,0.0,1.0,39.0,11.0,39.0,11.0,Greedy-SLA,Fixed-UCB-1sigma-Shield,390,5,0.6,0.6,0.6,0.6,0.6
4,4,1,1,0.0,0.0,0.76313806,0.76313806,0.9999999999986896,0.0,0.0,0.0,0.0,1.0,39.0,11.0,39.0,11.0,Greedy-SLA,Fixed-UCB-1.64sigma-Shield,390,5,0.6,0.6,0.6,0.6,0.6
0,2,0,1,1.0,0.0,0.77741534,0.6677499,0.8589358424534574,1.0,21.0,0.0,0.0,1.0,0.0,29.0,21.0,29.0,DT-Top1,Full-CertiTwin-q90,390,5,0.6,0.6,0.6,0.6,0.6
0,4,0,1,1.0,0.0,0.77741534,0.76313806,0.981634939180668,1.0,57.0,0.0,0.0,1.0,0.0,29.0,39.0,11.0,DT-Top1,SLA-Rule-Shield,390,5,0.6,0.6,0.6,0.6,0.6
0,2,0,1,1.0,0.0,0.77741534,0.6677499,0.8589358424534574,1.0,21.0,0.0,0.0,1.0,0.0,29.0,21.0,29.0,DT-Top1,Fixed-UCB-1sigma-Shield,390,5,0.6,0.6,0.6,0.6,0.6
0,2,0,1,1.0,0.0,0.77741534,0.6677499,0.8589358424534574,1.0,21.0,0.0,0.0,1.0,0.0,29.0,21.0,29.0,DT-Top1,Fixed-UCB-1.64sigma-Shield,390,5,0.6,0.6,0.6,0.6,0.6
2,2,1,1,0.0,0.0,0.6682329,0.6682329,0.9999999999985036,0.0,0.0,0.0,0.0,1.0,21.0,29.0,21.0,29.0,PF,Full-CertiTwin-q90,391,5,0.6,0.6,0.6,0.6,0.6
2,2,1,1,0.0,0.0,0.6682329,0.6682329,0.9999999999985036,0.0,0.0,0.0,0.0,1.0,21.0,29.0,21.0,29.0,PF,SLA-Rule-Shield,391,5,0.6,0.6,0.6,0.6,0.6
2,2,1,1,0.0,0.0,0.6682329,0.6682329,0.9999999999985036,0.0,0.0,0.0,0.0,1.0,21.0,29.0,21.0,29.0,PF,Fixed-UCB-1sigma-Shield,391,5,0.6,0.6,0.6,0.6,0.6
2,2,1,1,0.0,0.0,0.6682329,0.6682329,0.9999999999985036,0.0,0.0,0.0,0.0,1.0,21.0,29.0,21.0,29.0,PF,Fixed-UCB-1.64sigma-Shield,391,5,0.6,0.6,0.6,0.6,0.6
4,4,1,1,0.0,0.0,0.76313806,0.76313806,0.9999999999986896,0.0,0.0,0.0,0.0,1.0,39.0,11.0,39.0,11.0,Greedy-SLA,Full-CertiTwin-q90,391,5,0.6,0.6,0.6,0.6,0.6
4,4,1,1,0.0,0.0,0.76313806,0.76313806,0.9999999999986896,0.0,0.0,0.0,0.0,1.0,39.0,11.0,39.0,11.0,Greedy-SLA,SLA-Rule-Shield,391,5,0.6,0.6,0.6,0.6,0.6
4,4,1,1,0.0,0.0,0.76313806,0.76313806,0.9999999999986896,0.0,0.0,0.0,0.0,1.0,39.0,11.0,39.0,11.0,Greedy-SLA,Fixed-UCB-1sigma-Shield,391,5,0.6,0.6,0.6,0.6,0.6
4,4,1,1,0.0,0.0,0.76313806,0.76313806,0.9999999999986896,0.0,0.0,0.0,0.0,1.0,39.0,11.0,39.0,11.0,Greedy-SLA,Fixed-UCB-1.64sigma-Shield,391,5,0.6,0.6,0.6,0.6,0.6
4,4,1,1,0.0,0.0,0.76313806,0.76313806,0.9999999999986896,0.0,0.0,0.0,0.0,1.0,39.0,11.0,39.0,11.0,DT-Top1,Full-CertiTwin-q90,391,5,0.6,0.6,0.6,0.6,0.6
4,4,1,1,0.0,0.0,0.76313806,0.76313806,0.9999999999986896,0.0,0.0,0.0,0.0,1.0,39.0,11.0,39.0,11.0,DT-Top1,SLA-Rule-Shield,391,5,0.6,0.6,0.6,0.6,0.6
4,4,1,1,0.0,0.0,0.76313806,0.76313806,0.9999999999986896,0.0,0.0,0.0,0.0,1.0,39.0,11.0,39.0,11.0,DT-Top1,Fixed-UCB-1sigma-Shield,391,5,0.6,0.6,0.6,0.6,0.6
4,4,1,1,0.0,0.0,0.76313806,0.76313806,0.9999999999986896,0.0,0.0,0.0,0.0,1.0,39.0,11.0,39.0,11.0,DT-Top1,Fixed-UCB-1.64sigma-Shield,391,5,0.6,0.6,0.6,0.6,0.6
2,2,1,1,0.0,0.0,0.6677499,0.6677499,0.9999999999985024,0.0,0.0,0.0,0.0,1.0,21.0,29.0,21.0,29.0,PF,Full-CertiTwin-q90,392,5,0.6,0.6,0.6,0.6,0.6
2,2,1,1,0.0,0.0,0.6677499,0.6677499,0.9999999999985024,0.0,0.0,0.0,0.0,1.0,21.0,29.0,21.0,29.0,PF,SLA-Rule-Shield,392,5,0.6,0.6,0.6,0.6,0.6
2,2,1,1,0.0,0.0,0.6677499,0.6677499,0.9999999999985024,0.0,0.0,0.0,0.0,1.0,21.0,29.0,21.0,29.0,PF,Fixed-UCB-1sigma-Shield,392,5,0.6,0.6,0.6,0.6,0.6
2,2,1,1,0.0,0.0,0.6677499,0.6677499,0.9999999999985024,0.0,0.0,0.0,0.0,1.0,21.0,29.0,21.0,29.0,PF,Fixed-UCB-1.64sigma-Shield,392,5,0.6,0.6,0.6,0.6,0.6
0,2,0,1,1.0,0.0,0.76278657,0.6677499,0.875408569397236,1.0,21.0,0.0,0.0,1.0,0.0,29.0,21.0,29.0,Greedy-SLA,Full-CertiTwin-q90,392,5,0.6,0.6,0.6,0.6,0.6
0,4,0,1,1.0,0.0,0.76278657,0.78614604,1.0306238611397804,1.0,57.0,0.0,0.0,1.0,0.0,29.0,39.0,11.0,Greedy-SLA,SLA-Rule-Shield,392,5,0.6,0.6,0.6,0.6,0.6
0,2,0,1,1.0,0.0,0.76278657,0.6677499,0.875408569397236,1.0,21.0,0.0,0.0,1.0,0.0,29.0,21.0,29.0,Greedy-SLA,Fixed-UCB-1sigma-Shield,392,5,0.6,0.6,0.6,0.6,0.6
0,2,0,1,1.0,0.0,0.76278657,0.6677499,0.875408569397236,1.0,21.0,0.0,0.0,1.0,0.0,29.0,21.0,29.0,Greedy-SLA,Fixed-UCB-1.64sigma-Shield,392,5,0.6,0.6,0.6,0.6,0.6
0,2,0,1,1.0,0.0,0.76278657,0.6677499,0.875408569397236,1.0,21.0,0.0,0.0,1.0,0.0,29.0,21.0,29.0,DT-Top1,Full-CertiTwin-q90,392,5,0.6,0.6,0.6,0.6,0.6
0,4,0,1,1.0,0.0,0.76278657,0.78614604,1.0306238611397804,1.0,57.0,0.0,0.0,1.0,0.0,29.0,39.0,11.0,DT-Top1,SLA-Rule-Shield,392,5,0.6,0.6,0.6,0.6,0.6
0,2,0,1,1.0,0.0,0.76278657,0.6677499,0.875408569397236,1.0,21.0,0.0,0.0,1.0,0.0,29.0,21.0,29.0,DT-Top1,Fixed-UCB-1sigma-Shield,392,5,0.6,0.6,0.6,0.6,0.6
0,2,0,1,1.0,0.0,0.76278657,0.6677499,0.875408569397236,1.0,21.0,0.0,0.0,1.0,0.0,29.0,21.0,29.0,DT-Top1,Fixed-UCB-1.64sigma-Shield,392,5,0.6,0.6,0.6,0.6,0.6
2,2,1,1,0.0,0.0,0.6677499,0.6677499,0.9999999999985024,0.0,0.0,0.0,0.0,1.0,21.0,29.0,21.0,29.0,PF,Full-CertiTwin-q90,393,5,0.6,0.6,0.6,0.6,0.6
2,2,1,1,0.0,0.0,0.6677499,0.6677499,0.9999999999985024,0.0,0.0,0.0,0.0,1.0,21.0,29.0,21.0,29.0,PF,SLA-Rule-Shield,393,5,0.6,0.6,0.6,0.6,0.6
2,2,1,1,0.0,0.0,0.6677499,0.6677499,0.9999999999985024,0.0,0.0,0.0,0.0,1.0,21.0,29.0,21.0,29.0,PF,Fixed-UCB-1sigma-Shield,393,5,0.6,0.6,0.6,0.6,0.6
2,2,1,1,0.0,0.0,0.6677499,0.6677499,0.9999999999985024,0.0,0.0,0.0,0.0,1.0,21.0,29.0,21.0,29.0,PF,Fixed-UCB-1.64sigma-Shield,393,5,0.6,0.6,0.6,0.6,0.6
4,4,1,1,0.0,0.0,0.76313806,0.76313806,0.9999999999986896,0.0,0.0,0.0,0.0,1.0,39.0,11.0,39.0,11.0,Greedy-SLA,Full-CertiTwin-q90,393,5,0.6,0.6,0.6,0.6,0.6
4,4,1,1,0.0,0.0,0.76313806,0.76313806,0.9999999999986896,0.0,0.0,0.0,0.0,1.0,39.0,11.0,39.0,11.0,Greedy-SLA,SLA-Rule-Shield,393,5,0.6,0.6,0.6,0.6,0.6
4,4,1,1,0.0,0.0,0.76313806,0.76313806,0.9999999999986896,0.0,0.0,0.0,0.0,1.0,39.0,11.0,39.0,11.0,Greedy-SLA,Fixed-UCB-1sigma-Shield,393,5,0.6,0.6,0.6,0.6,0.6
4,4,1,1,0.0,0.0,0.76313806,0.76313806,0.9999999999986896,0.0,0.0,0.0,0.0,1.0,39.0,11.0,39.0,11.0,Greedy-SLA,Fixed-UCB-1.64sigma-Shield,393,5,0.6,0.6,0.6,0.6,0.6
0,2,0,1,1.0,0.0,0.76278657,0.6677499,0.875408569397236,1.0,21.0,0.0,0.0,1.0,0.0,29.0,21.0,29.0,DT-Top1,Full-CertiTwin-q90,393,5,0.6,0.6,0.6,0.6,0.6
0,4,0,1,1.0,0.0,0.76278657,0.76313806,1.000460797309265,1.0,57.0,0.0,0.0,1.0,0.0,29.0,39.0,11.0,DT-Top1,SLA-Rule-Shield,393,5,0.6,0.6,0.6,0.6,0.6
0,2,0,1,1.0,0.0,0.76278657,0.6677499,0.875408569397236,1.0,21.0,0.0,0.0,1.0,0.0,29.0,21.0,29.0,DT-Top1,Fixed-UCB-1sigma-Shield,393,5,0.6,0.6,0.6,0.6,0.6
0,2,0,1,1.0,0.0,0.76278657,0.6677499,0.875408569397236,1.0,21.0,0.0,0.0,1.0,0.0,29.0,21.0,29.0,DT-Top1,Fixed-UCB-1.64sigma-Shield,393,5,0.6,0.6,0.6,0.6,0.6
2,2,1,1,0.0,0.0,0.6677499,0.6677499,0.9999999999985024,0.0,0.0,0.0,0.0,1.0,21.0,29.0,21.0,29.0,PF,Full-CertiTwin-q90,394,5,0.6,0.6,0.6,0.6,0.6
2,2,1,1,0.0,0.0,0.6677499,0.6677499,0.9999999999985024,0.0,0.0,0.0,0.0,1.0,21.0,29.0,21.0,29.0,PF,SLA-Rule-Shield,394,5,0.6,0.6,0.6,0.6,0.6
2,2,1,1,0.0,0.0,0.6677499,0.6677499,0.9999999999985024,0.0,0.0,0.0,0.0,1.0,21.0,29.0,21.0,29.0,PF,Fixed-UCB-1sigma-Shield,394,5,0.6,0.6,0.6,0.6,0.6
2,2,1,1,0.0,0.0,0.6677499,0.6677499,0.9999999999985024,0.0,0.0,0.0,0.0,1.0,21.0,29.0,21.0,29.0,PF,Fixed-UCB-1.64sigma-Shield,394,5,0.6,0.6,0.6,0.6,0.6
4,4,1,1,0.0,0.0,0.76313806,0.76313806,0.9999999999986896,0.0,0.0,0.0,0.0,1.0,39.0,11.0,39.0,11.0,Greedy-SLA,Full-CertiTwin-q90,394,5,0.6,0.6,0.6,0.6,0.6
4,4,1,1,0.0,0.0,0.76313806,0.76313806,0.9999999999986896,0.0,0.0,0.0,0.0,1.0,39.0,11.0,39.0,11.0,Greedy-SLA,SLA-Rule-Shield,394,5,0.6,0.6,0.6,0.6,0.6
4,4,1,1,0.0,0.0,0.76313806,0.76313806,0.9999999999986896,0.0,0.0,0.0,0.0,1.0,39.0,11.0,39.0,11.0,Greedy-SLA,Fixed-UCB-1sigma-Shield,394,5,0.6,0.6,0.6,0.6,0.6
4,4,1,1,0.0,0.0,0.76313806,0.76313806,0.9999999999986896,0.0,0.0,0.0,0.0,1.0,39.0,11.0,39.0,11.0,Greedy-SLA,Fixed-UCB-1.64sigma-Shield,394,5,0.6,0.6,0.6,0.6,0.6
4,4,1,1,0.0,0.0,0.76313806,0.76313806,0.9999999999986896,0.0,0.0,0.0,0.0,1.0,39.0,11.0,39.0,11.0,DT-Top1,Full-CertiTwin-q90,394,5,0.6,0.6,0.6,0.6,0.6
4,4,1,1,0.0,0.0,0.76313806,0.76313806,0.9999999999986896,0.0,0.0,0.0,0.0,1.0,39.0,11.0,39.0,11.0,DT-Top1,SLA-Rule-Shield,394,5,0.6,0.6,0.6,0.6,0.6
4,4,1,1,0.0,0.0,0.76313806,0.76313806,0.9999999999986896,0.0,0.0,0.0,0.0,1.0,39.0,11.0,39.0,11.0,DT-Top1,Fixed-UCB-1sigma-Shield,394,5,0.6,0.6,0.6,0.6,0.6
4,4,1,1,0.0,0.0,0.76313806,0.76313806,0.9999999999986896,0.0,0.0,0.0,0.0,1.0,39.0,11.0,39.0,11.0,DT-Top1,Fixed-UCB-1.64sigma-Shield,394,5,0.6,0.6,0.6,0.6,0.6
2,2,1,1,0.0,0.0,0.6677499,0.6677499,0.9999999999985024,0.0,0.0,0.0,0.0,1.0,21.0,29.0,21.0,29.0,PF,Full-CertiTwin-q90,395,5,0.6,0.6,0.6,0.6,0.6
2,2,1,1,0.0,0.0,0.6677499,0.6677499,0.9999999999985024,0.0,0.0,0.0,0.0,1.0,21.0,29.0,21.0,29.0,PF,SLA-Rule-Shield,395,5,0.6,0.6,0.6,0.6,0.6
2,2,1,1,0.0,0.0,0.6677499,0.6677499,0.9999999999985024,0.0,0.0,0.0,0.0,1.0,21.0,29.0,21.0,29.0,PF,Fixed-UCB-1sigma-Shield,395,5,0.6,0.6,0.6,0.6,0.6
2,2,1,1,0.0,0.0,0.6677499,0.6677499,0.9999999999985024,0.0,0.0,0.0,0.0,1.0,21.0,29.0,21.0,29.0,PF,Fixed-UCB-1.64sigma-Shield,395,5,0.6,0.6,0.6,0.6,0.6
4,4,1,1,0.0,0.0,0.76313806,0.76313806,0.9999999999986896,0.0,0.0,0.0,0.0,1.0,39.0,11.0,39.0,11.0,Greedy-SLA,Full-CertiTwin-q90,395,5,0.6,0.6,0.6,0.6,0.6
4,4,1,1,0.0,0.0,0.76313806,0.76313806,0.9999999999986896,0.0,0.0,0.0,0.0,1.0,39.0,11.0,39.0,11.0,Greedy-SLA,SLA-Rule-Shield,395,5,0.6,0.6,0.6,0.6,0.6
4,4,1,1,0.0,0.0,0.76313806,0.76313806,0.9999999999986896,0.0,0.0,0.0,0.0,1.0,39.0,11.0,39.0,11.0,Greedy-SLA,Fixed-UCB-1sigma-Shield,395,5,0.6,0.6,0.6,0.6,0.6
4,4,1,1,0.0,0.0,0.76313806,0.76313806,0.9999999999986896,0.0,0.0,0.0,0.0,1.0,39.0,11.0,39.0,11.0,Greedy-SLA,Fixed-UCB-1.64sigma-Shield,395,5,0.6,0.6,0.6,0.6,0.6
0,2,0,1,1.0,0.0,0.7592471,0.6677499,0.8794895627512053,1.0,21.0,0.0,0.0,1.0,0.0,29.0,21.0,29.0,DT-Top1,Full-CertiTwin-q90,395,5,0.6,0.6,0.6,0.6,0.6
0,4,0,1,1.0,0.0,0.7592471,0.76313806,1.0051247610942404,1.0,57.0,0.0,0.0,1.0,0.0,29.0,39.0,11.0,DT-Top1,SLA-Rule-Shield,395,5,0.6,0.6,0.6,0.6,0.6
0,2,0,1,1.0,0.0,0.7592471,0.6677499,0.8794895627512053,1.0,21.0,0.0,0.0,1.0,0.0,29.0,21.0,29.0,DT-Top1,Fixed-UCB-1sigma-Shield,395,5,0.6,0.6,0.6,0.6,0.6
0,2,0,1,1.0,0.0,0.7592471,0.6677499,0.8794895627512053,1.0,21.0,0.0,0.0,1.0,0.0,29.0,21.0,29.0,DT-Top1,Fixed-UCB-1.64sigma-Shield,395,5,0.6,0.6,0.6,0.6,0.6
2,2,1,1,0.0,0.0,0.6374081,0.6374081,0.9999999999984313,0.0,0.0,0.0,0.0,1.0,21.0,29.0,21.0,29.0,PF,Full-CertiTwin-q90,396,5,0.6,0.6,0.6,0.6,0.6
2,2,1,1,0.0,0.0,0.6374081,0.6374081,0.9999999999984313,0.0,0.0,0.0,0.0,1.0,21.0,29.0,21.0,29.0,PF,SLA-Rule-Shield,396,5,0.6,0.6,0.6,0.6,0.6
2,2,1,1,0.0,0.0,0.6374081,0.6374081,0.9999999999984313,0.0,0.0,0.0,0.0,1.0,21.0,29.0,21.0,29.0,PF,Fixed-UCB-1sigma-Shield,396,5,0.6,0.6,0.6,0.6,0.6
2,2,1,1,0.0,0.0,0.6374081,0.6374081,0.9999999999984313,0.0,0.0,0.0,0.0,1.0,21.0,29.0,21.0,29.0,PF,Fixed-UCB-1.64sigma-Shield,396,5,0.6,0.6,0.6,0.6,0.6
4,4,1,1,0.0,0.0,0.76313806,0.76313806,0.9999999999986896,0.0,0.0,0.0,0.0,1.0,39.0,11.0,39.0,11.0,Greedy-SLA,Full-CertiTwin-q90,396,5,0.6,0.6,0.6,0.6,0.6
4,4,1,1,0.0,0.0,0.76313806,0.76313806,0.9999999999986896,0.0,0.0,0.0,0.0,1.0,39.0,11.0,39.0,11.0,Greedy-SLA,SLA-Rule-Shield,396,5,0.6,0.6,0.6,0.6,0.6
4,4,1,1,0.0,0.0,0.76313806,0.76313806,0.9999999999986896,0.0,0.0,0.0,0.0,1.0,39.0,11.0,39.0,11.0,Greedy-SLA,Fixed-UCB-1sigma-Shield,396,5,0.6,0.6,0.6,0.6,0.6
4,4,1,1,0.0,0.0,0.76313806,0.76313806,0.9999999999986896,0.0,0.0,0.0,0.0,1.0,39.0,11.0,39.0,11.0,Greedy-SLA,Fixed-UCB-1.64sigma-Shield,396,5,0.6,0.6,0.6,0.6,0.6
4,4,1,1,0.0,0.0,0.76313806,0.76313806,0.9999999999986896,0.0,0.0,0.0,0.0,1.0,39.0,11.0,39.0,11.0,DT-Top1,Full-CertiTwin-q90,396,5,0.6,0.6,0.6,0.6,0.6
4,4,1,1,0.0,0.0,0.76313806,0.76313806,0.9999999999986896,0.0,0.0,0.0,0.0,1.0,39.0,11.0,39.0,11.0,DT-Top1,SLA-Rule-Shield,396,5,0.6,0.6,0.6,0.6,0.6
4,4,1,1,0.0,0.0,0.76313806,0.76313806,0.9999999999986896,0.0,0.0,0.0,0.0,1.0,39.0,11.0,39.0,11.0,DT-Top1,Fixed-UCB-1sigma-Shield,396,5,0.6,0.6,0.6,0.6,0.6
4,4,1,1,0.0,0.0,0.76313806,0.76313806,0.9999999999986896,0.0,0.0,0.0,0.0,1.0,39.0,11.0,39.0,11.0,DT-Top1,Fixed-UCB-1.64sigma-Shield,396,5,0.6,0.6,0.6,0.6,0.6
2,2,1,1,0.0,0.0,0.6677499,0.6677499,0.9999999999985024,0.0,0.0,0.0,0.0,1.0,21.0,29.0,21.0,29.0,PF,Full-CertiTwin-q90,397,5,0.6,0.6,0.6,0.6,0.6
2,2,1,1,0.0,0.0,0.6677499,0.6677499,0.9999999999985024,0.0,0.0,0.0,0.0,1.0,21.0,29.0,21.0,29.0,PF,SLA-Rule-Shield,397,5,0.6,0.6,0.6,0.6,0.6
2,2,1,1,0.0,0.0,0.6677499,0.6677499,0.9999999999985024,0.0,0.0,0.0,0.0,1.0,21.0,29.0,21.0,29.0,PF,Fixed-UCB-1sigma-Shield,397,5,0.6,0.6,0.6,0.6,0.6
2,2,1,1,0.0,0.0,0.6677499,0.6677499,0.9999999999985024,0.0,0.0,0.0,0.0,1.0,21.0,29.0,21.0,29.0,PF,Fixed-UCB-1.64sigma-Shield,397,5,0.6,0.6,0.6,0.6,0.6
4,4,1,1,0.0,0.0,0.76313806,0.76313806,0.9999999999986896,0.0,0.0,0.0,0.0,1.0,39.0,11.0,39.0,11.0,Greedy-SLA,Full-CertiTwin-q90,397,5,0.6,0.6,0.6,0.6,0.6
4,4,1,1,0.0,0.0,0.76313806,0.76313806,0.9999999999986896,0.0,0.0,0.0,0.0,1.0,39.0,11.0,39.0,11.0,Greedy-SLA,SLA-Rule-Shield,397,5,0.6,0.6,0.6,0.6,0.6
4,4,1,1,0.0,0.0,0.76313806,0.76313806,0.9999999999986896,0.0,0.0,0.0,0.0,1.0,39.0,11.0,39.0,11.0,Greedy-SLA,Fixed-UCB-1sigma-Shield,397,5,0.6,0.6,0.6,0.6,0.6
4,4,1,1,0.0,0.0,0.76313806,0.76313806,0.9999999999986896,0.0,0.0,0.0,0.0,1.0,39.0,11.0,39.0,11.0,Greedy-SLA,Fixed-UCB-1.64sigma-Shield,397,5,0.6,0.6,0.6,0.6,0.6
4,4,1,1,0.0,0.0,0.76313806,0.76313806,0.9999999999986896,0.0,0.0,0.0,0.0,1.0,39.0,11.0,39.0,11.0,DT-Top1,Full-CertiTwin-q90,397,5,0.6,0.6,0.6,0.6,0.6
4,4,1,1,0.0,0.0,0.76313806,0.76313806,0.9999999999986896,0.0,0.0,0.0,0.0,1.0,39.0,11.0,39.0,11.0,DT-Top1,SLA-Rule-Shield,397,5,0.6,0.6,0.6,0.6,0.6
4,4,1,1,0.0,0.0,0.76313806,0.76313806,0.9999999999986896,0.0,0.0,0.0,0.0,1.0,39.0,11.0,39.0,11.0,DT-Top1,Fixed-UCB-1sigma-Shield,397,5,0.6,0.6,0.6,0.6,0.6
4,4,1,1,0.0,0.0,0.76313806,0.76313806,0.9999999999986896,0.0,0.0,0.0,0.0,1.0,39.0,11.0,39.0,11.0,DT-Top1,Fixed-UCB-1.64sigma-Shield,397,5,0.6,0.6,0.6,0.6,0.6
2,2,1,1,0.0,0.0,0.6677499,0.6677499,0.9999999999985024,0.0,0.0,0.0,0.0,1.0,21.0,29.0,21.0,29.0,PF,Full-CertiTwin-q90,398,5,0.6,0.6,0.6,0.6,0.6
2,2,1,1,0.0,0.0,0.6677499,0.6677499,0.9999999999985024,0.0,0.0,0.0,0.0,1.0,21.0,29.0,21.0,29.0,PF,SLA-Rule-Shield,398,5,0.6,0.6,0.6,0.6,0.6
2,2,1,1,0.0,0.0,0.6677499,0.6677499,0.9999999999985024,0.0,0.0,0.0,0.0,1.0,21.0,29.0,21.0,29.0,PF,Fixed-UCB-1sigma-Shield,398,5,0.6,0.6,0.6,0.6,0.6
2,2,1,1,0.0,0.0,0.6677499,0.6677499,0.9999999999985024,0.0,0.0,0.0,0.0,1.0,21.0,29.0,21.0,29.0,PF,Fixed-UCB-1.64sigma-Shield,398,5,0.6,0.6,0.6,0.6,0.6
4,4,1,1,0.0,0.0,0.76313806,0.76313806,0.9999999999986896,0.0,0.0,0.0,0.0,1.0,39.0,11.0,39.0,11.0,Greedy-SLA,Full-CertiTwin-q90,398,5,0.6,0.6,0.6,0.6,0.6
4,4,1,1,0.0,0.0,0.76313806,0.76313806,0.9999999999986896,0.0,0.0,0.0,0.0,1.0,39.0,11.0,39.0,11.0,Greedy-SLA,SLA-Rule-Shield,398,5,0.6,0.6,0.6,0.6,0.6
4,4,1,1,0.0,0.0,0.76313806,0.76313806,0.9999999999986896,0.0,0.0,0.0,0.0,1.0,39.0,11.0,39.0,11.0,Greedy-SLA,Fixed-UCB-1sigma-Shield,398,5,0.6,0.6,0.6,0.6,0.6
4,4,1,1,0.0,0.0,0.76313806,0.76313806,0.9999999999986896,0.0,0.0,0.0,0.0,1.0,39.0,11.0,39.0,11.0,Greedy-SLA,Fixed-UCB-1.64sigma-Shield,398,5,0.6,0.6,0.6,0.6,0.6
0,2,0,1,1.0,0.0,0.76278657,0.6677499,0.875408569397236,1.0,21.0,0.0,0.0,1.0,0.0,29.0,21.0,29.0,DT-Top1,Full-CertiTwin-q90,398,5,0.6,0.6,0.6,0.6,0.6
0,4,0,1,1.0,0.0,0.76278657,0.76313806,1.000460797309265,1.0,57.0,0.0,0.0,1.0,0.0,29.0,39.0,11.0,DT-Top1,SLA-Rule-Shield,398,5,0.6,0.6,0.6,0.6,0.6
0,2,0,1,1.0,0.0,0.76278657,0.6677499,0.875408569397236,1.0,21.0,0.0,0.0,1.0,0.0,29.0,21.0,29.0,DT-Top1,Fixed-UCB-1sigma-Shield,398,5,0.6,0.6,0.6,0.6,0.6
0,2,0,1,1.0,0.0,0.76278657,0.6677499,0.875408569397236,1.0,21.0,0.0,0.0,1.0,0.0,29.0,21.0,29.0,DT-Top1,Fixed-UCB-1.64sigma-Shield,398,5,0.6,0.6,0.6,0.6,0.6
2,2,1,1,0.0,0.0,0.6677499,0.6677499,0.9999999999985024,0.0,0.0,0.0,0.0,1.0,21.0,29.0,21.0,29.0,PF,Full-CertiTwin-q90,399,5,0.6,0.6,0.6,0.6,0.6
2,2,1,1,0.0,0.0,0.6677499,0.6677499,0.9999999999985024,0.0,0.0,0.0,0.0,1.0,21.0,29.0,21.0,29.0,PF,SLA-Rule-Shield,399,5,0.6,0.6,0.6,0.6,0.6
2,2,1,1,0.0,0.0,0.6677499,0.6677499,0.9999999999985024,0.0,0.0,0.0,0.0,1.0,21.0,29.0,21.0,29.0,PF,Fixed-UCB-1sigma-Shield,399,5,0.6,0.6,0.6,0.6,0.6
2,2,1,1,0.0,0.0,0.6677499,0.6677499,0.9999999999985024,0.0,0.0,0.0,0.0,1.0,21.0,29.0,21.0,29.0,PF,Fixed-UCB-1.64sigma-Shield,399,5,0.6,0.6,0.6,0.6,0.6
4,4,1,1,0.0,0.0,0.76313806,0.76313806,0.9999999999986896,0.0,0.0,0.0,0.0,1.0,39.0,11.0,39.0,11.0,Greedy-SLA,Full-CertiTwin-q90,399,5,0.6,0.6,0.6,0.6,0.6
4,4,1,1,0.0,0.0,0.76313806,0.76313806,0.9999999999986896,0.0,0.0,0.0,0.0,1.0,39.0,11.0,39.0,11.0,Greedy-SLA,SLA-Rule-Shield,399,5,0.6,0.6,0.6,0.6,0.6
4,4,1,1,0.0,0.0,0.76313806,0.76313806,0.9999999999986896,0.0,0.0,0.0,0.0,1.0,39.0,11.0,39.0,11.0,Greedy-SLA,Fixed-UCB-1sigma-Shield,399,5,0.6,0.6,0.6,0.6,0.6
4,4,1,1,0.0,0.0,0.76313806,0.76313806,0.9999999999986896,0.0,0.0,0.0,0.0,1.0,39.0,11.0,39.0,11.0,Greedy-SLA,Fixed-UCB-1.64sigma-Shield,399,5,0.6,0.6,0.6,0.6,0.6
4,4,1,1,0.0,0.0,0.76313806,0.76313806,0.9999999999986896,0.0,0.0,0.0,0.0,1.0,39.0,11.0,39.0,11.0,DT-Top1,Full-CertiTwin-q90,399,5,0.6,0.6,0.6,0.6,0.6
4,4,1,1,0.0,0.0,0.76313806,0.76313806,0.9999999999986896,0.0,0.0,0.0,0.0,1.0,39.0,11.0,39.0,11.0,DT-Top1,SLA-Rule-Shield,399,5,0.6,0.6,0.6,0.6,0.6
4,4,1,1,0.0,0.0,0.76313806,0.76313806,0.9999999999986896,0.0,0.0,0.0,0.0,1.0,39.0,11.0,39.0,11.0,DT-Top1,Fixed-UCB-1sigma-Shield,399,5,0.6,0.6,0.6,0.6,0.6
4,4,1,1,0.0,0.0,0.76313806,0.76313806,0.9999999999986896,0.0,0.0,0.0,0.0,1.0,39.0,11.0,39.0,11.0,DT-Top1,Fixed-UCB-1.64sigma-Shield,399,5,0.6,0.6,0.6,0.6,0.6
2,2,1,1,0.0,0.0,0.6677499,0.6677499,0.9999999999985024,0.0,0.0,0.0,0.0,1.0,21.0,29.0,21.0,29.0,PF,Full-CertiTwin-q90,400,5,0.6,0.6,0.6,0.6,0.6
2,2,1,1,0.0,0.0,0.6677499,0.6677499,0.9999999999985024,0.0,0.0,0.0,0.0,1.0,21.0,29.0,21.0,29.0,PF,SLA-Rule-Shield,400,5,0.6,0.6,0.6,0.6,0.6
2,2,1,1,0.0,0.0,0.6677499,0.6677499,0.9999999999985024,0.0,0.0,0.0,0.0,1.0,21.0,29.0,21.0,29.0,PF,Fixed-UCB-1sigma-Shield,400,5,0.6,0.6,0.6,0.6,0.6
2,2,1,1,0.0,0.0,0.6677499,0.6677499,0.9999999999985024,0.0,0.0,0.0,0.0,1.0,21.0,29.0,21.0,29.0,PF,Fixed-UCB-1.64sigma-Shield,400,5,0.6,0.6,0.6,0.6,0.6
4,4,1,1,0.0,0.0,0.7566483,0.7566483,0.9999999999986784,0.0,0.0,0.0,0.0,1.0,39.0,11.0,39.0,11.0,Greedy-SLA,Full-CertiTwin-q90,400,5,0.6,0.6,0.6,0.6,0.6
4,4,1,1,0.0,0.0,0.7566483,0.7566483,0.9999999999986784,0.0,0.0,0.0,0.0,1.0,39.0,11.0,39.0,11.0,Greedy-SLA,SLA-Rule-Shield,400,5,0.6,0.6,0.6,0.6,0.6
4,4,1,1,0.0,0.0,0.7566483,0.7566483,0.9999999999986784,0.0,0.0,0.0,0.0,1.0,39.0,11.0,39.0,11.0,Greedy-SLA,Fixed-UCB-1sigma-Shield,400,5,0.6,0.6,0.6,0.6,0.6
4,4,1,1,0.0,0.0,0.7566483,0.7566483,0.9999999999986784,0.0,0.0,0.0,0.0,1.0,39.0,11.0,39.0,11.0,Greedy-SLA,Fixed-UCB-1.64sigma-Shield,400,5,0.6,0.6,0.6,0.6,0.6
0,2,0,1,1.0,0.0,0.76278657,0.6677499,0.875408569397236,1.0,21.0,0.0,0.0,1.0,0.0,29.0,21.0,29.0,DT-Top1,Full-CertiTwin-q90,400,5,0.6,0.6,0.6,0.6,0.6
0,4,0,1,1.0,0.0,0.76278657,0.7566483,0.9919528341971308,1.0,57.0,0.0,0.0,1.0,0.0,29.0,39.0,11.0,DT-Top1,SLA-Rule-Shield,400,5,0.6,0.6,0.6,0.6,0.6
0,2,0,1,1.0,0.0,0.76278657,0.6677499,0.875408569397236,1.0,21.0,0.0,0.0,1.0,0.0,29.0,21.0,29.0,DT-Top1,Fixed-UCB-1sigma-Shield,400,5,0.6,0.6,0.6,0.6,0.6
0,2,0,1,1.0,0.0,0.76278657,0.6677499,0.875408569397236,1.0,21.0,0.0,0.0,1.0,0.0,29.0,21.0,29.0,DT-Top1,Fixed-UCB-1.64sigma-Shield,400,5,0.6,0.6,0.6,0.6,0.6
2,2,1,1,0.0,0.0,0.6677499,0.6677499,0.9999999999985024,0.0,0.0,0.0,0.0,1.0,21.0,29.0,21.0,29.0,PF,Full-CertiTwin-q90,401,5,0.6,0.6,0.6,0.6,0.6
2,2,1,1,0.0,0.0,0.6677499,0.6677499,0.9999999999985024,0.0,0.0,0.0,0.0,1.0,21.0,29.0,21.0,29.0,PF,SLA-Rule-Shield,401,5,0.6,0.6,0.6,0.6,0.6
2,2,1,1,0.0,0.0,0.6677499,0.6677499,0.9999999999985024,0.0,0.0,0.0,0.0,1.0,21.0,29.0,21.0,29.0,PF,Fixed-UCB-1sigma-Shield,401,5,0.6,0.6,0.6,0.6,0.6
2,2,1,1,0.0,0.0,0.6677499,0.6677499,0.9999999999985024,0.0,0.0,0.0,0.0,1.0,21.0,29.0,21.0,29.0,PF,Fixed-UCB-1.64sigma-Shield,401,5,0.6,0.6,0.6,0.6,0.6
4,4,1,1,0.0,0.0,0.76313806,0.76313806,0.9999999999986896,0.0,0.0,0.0,0.0,1.0,39.0,11.0,39.0,11.0,Greedy-SLA,Full-CertiTwin-q90,401,5,0.6,0.6,0.6,0.6,0.6
4,4,1,1,0.0,0.0,0.76313806,0.76313806,0.9999999999986896,0.0,0.0,0.0,0.0,1.0,39.0,11.0,39.0,11.0,Greedy-SLA,SLA-Rule-Shield,401,5,0.6,0.6,0.6,0.6,0.6
4,4,1,1,0.0,0.0,0.76313806,0.76313806,0.9999999999986896,0.0,0.0,0.0,0.0,1.0,39.0,11.0,39.0,11.0,Greedy-SLA,Fixed-UCB-1sigma-Shield,401,5,0.6,0.6,0.6,0.6,0.6
4,4,1,1,0.0,0.0,0.76313806,0.76313806,0.9999999999986896,0.0,0.0,0.0,0.0,1.0,39.0,11.0,39.0,11.0,Greedy-SLA,Fixed-UCB-1.64sigma-Shield,401,5,0.6,0.6,0.6,0.6,0.6
4,4,1,1,0.0,0.0,0.76313806,0.76313806,0.9999999999986896,0.0,0.0,0.0,0.0,1.0,39.0,11.0,39.0,11.0,DT-Top1,Full-CertiTwin-q90,401,5,0.6,0.6,0.6,0.6,0.6
4,4,1,1,0.0,0.0,0.76313806,0.76313806,0.9999999999986896,0.0,0.0,0.0,0.0,1.0,39.0,11.0,39.0,11.0,DT-Top1,SLA-Rule-Shield,401,5,0.6,0.6,0.6,0.6,0.6
4,4,1,1,0.0,0.0,0.76313806,0.76313806,0.9999999999986896,0.0,0.0,0.0,0.0,1.0,39.0,11.0,39.0,11.0,DT-Top1,Fixed-UCB-1sigma-Shield,401,5,0.6,0.6,0.6,0.6,0.6
4,4,1,1,0.0,0.0,0.76313806,0.76313806,0.9999999999986896,0.0,0.0,0.0,0.0,1.0,39.0,11.0,39.0,11.0,DT-Top1,Fixed-UCB-1.64sigma-Shield,401,5,0.6,0.6,0.6,0.6,0.6
2,2,1,1,0.0,0.0,0.6677499,0.6677499,0.9999999999985024,0.0,0.0,0.0,0.0,1.0,21.0,29.0,21.0,29.0,PF,Full-CertiTwin-q90,402,5,0.6,0.6,0.6,0.6,0.6
2,2,1,1,0.0,0.0,0.6677499,0.6677499,0.9999999999985024,0.0,0.0,0.0,0.0,1.0,21.0,29.0,21.0,29.0,PF,SLA-Rule-Shield,402,5,0.6,0.6,0.6,0.6,0.6
2,2,1,1,0.0,0.0,0.6677499,0.6677499,0.9999999999985024,0.0,0.0,0.0,0.0,1.0,21.0,29.0,21.0,29.0,PF,Fixed-UCB-1sigma-Shield,402,5,0.6,0.6,0.6,0.6,0.6
2,2,1,1,0.0,0.0,0.6677499,0.6677499,0.9999999999985024,0.0,0.0,0.0,0.0,1.0,21.0,29.0,21.0,29.0,PF,Fixed-UCB-1.64sigma-Shield,402,5,0.6,0.6,0.6,0.6,0.6
4,4,1,1,0.0,0.0,0.76313806,0.76313806,0.9999999999986896,0.0,0.0,0.0,0.0,1.0,39.0,11.0,39.0,11.0,Greedy-SLA,Full-CertiTwin-q90,402,5,0.6,0.6,0.6,0.6,0.6
4,4,1,1,0.0,0.0,0.76313806,0.76313806,0.9999999999986896,0.0,0.0,0.0,0.0,1.0,39.0,11.0,39.0,11.0,Greedy-SLA,SLA-Rule-Shield,402,5,0.6,0.6,0.6,0.6,0.6
4,4,1,1,0.0,0.0,0.76313806,0.76313806,0.9999999999986896,0.0,0.0,0.0,0.0,1.0,39.0,11.0,39.0,11.0,Greedy-SLA,Fixed-UCB-1sigma-Shield,402,5,0.6,0.6,0.6,0.6,0.6
4,4,1,1,0.0,0.0,0.76313806,0.76313806,0.9999999999986896,0.0,0.0,0.0,0.0,1.0,39.0,11.0,39.0,11.0,Greedy-SLA,Fixed-UCB-1.64sigma-Shield,402,5,0.6,0.6,0.6,0.6,0.6
0,2,0,1,1.0,0.0,0.77741534,0.6677499,0.8589358424534574,1.0,21.0,0.0,0.0,1.0,0.0,29.0,21.0,29.0,DT-Top1,Full-CertiTwin-q90,402,5,0.6,0.6,0.6,0.6,0.6
0,4,0,1,1.0,0.0,0.77741534,0.76313806,0.981634939180668,1.0,57.0,0.0,0.0,1.0,0.0,29.0,39.0,11.0,DT-Top1,SLA-Rule-Shield,402,5,0.6,0.6,0.6,0.6,0.6
0,2,0,1,1.0,0.0,0.77741534,0.6677499,0.8589358424534574,1.0,21.0,0.0,0.0,1.0,0.0,29.0,21.0,29.0,DT-Top1,Fixed-UCB-1sigma-Shield,402,5,0.6,0.6,0.6,0.6,0.6
0,2,0,1,1.0,0.0,0.77741534,0.6677499,0.8589358424534574,1.0,21.0,0.0,0.0,1.0,0.0,29.0,21.0,29.0,DT-Top1,Fixed-UCB-1.64sigma-Shield,402,5,0.6,0.6,0.6,0.6,0.6
2,2,1,1,0.0,0.0,0.65129316,0.65129316,0.9999999999984648,0.0,0.0,0.0,0.0,1.0,21.0,29.0,21.0,29.0,PF,Full-CertiTwin-q90,403,5,0.6,0.6,0.6,0.6,0.6
2,2,1,1,0.0,0.0,0.65129316,0.65129316,0.9999999999984648,0.0,0.0,0.0,0.0,1.0,21.0,29.0,21.0,29.0,PF,SLA-Rule-Shield,403,5,0.6,0.6,0.6,0.6,0.6
2,2,1,1,0.0,0.0,0.65129316,0.65129316,0.9999999999984648,0.0,0.0,0.0,0.0,1.0,21.0,29.0,21.0,29.0,PF,Fixed-UCB-1sigma-Shield,403,5,0.6,0.6,0.6,0.6,0.6
2,2,1,1,0.0,0.0,0.65129316,0.65129316,0.9999999999984648,0.0,0.0,0.0,0.0,1.0,21.0,29.0,21.0,29.0,PF,Fixed-UCB-1.64sigma-Shield,403,5,0.6,0.6,0.6,0.6,0.6
4,4,1,1,0.0,0.0,0.76313806,0.76313806,0.9999999999986896,0.0,0.0,0.0,0.0,1.0,39.0,11.0,39.0,11.0,Greedy-SLA,Full-CertiTwin-q90,403,5,0.6,0.6,0.6,0.6,0.6
4,4,1,1,0.0,0.0,0.76313806,0.76313806,0.9999999999986896,0.0,0.0,0.0,0.0,1.0,39.0,11.0,39.0,11.0,Greedy-SLA,SLA-Rule-Shield,403,5,0.6,0.6,0.6,0.6,0.6
4,4,1,1,0.0,0.0,0.76313806,0.76313806,0.9999999999986896,0.0,0.0,0.0,0.0,1.0,39.0,11.0,39.0,11.0,Greedy-SLA,Fixed-UCB-1sigma-Shield,403,5,0.6,0.6,0.6,0.6,0.6
4,4,1,1,0.0,0.0,0.76313806,0.76313806,0.9999999999986896,0.0,0.0,0.0,0.0,1.0,39.0,11.0,39.0,11.0,Greedy-SLA,Fixed-UCB-1.64sigma-Shield,403,5,0.6,0.6,0.6,0.6,0.6
4,4,1,1,0.0,0.0,0.76313806,0.76313806,0.9999999999986896,0.0,0.0,0.0,0.0,1.0,39.0,11.0,39.0,11.0,DT-Top1,Full-CertiTwin-q90,403,5,0.6,0.6,0.6,0.6,0.6
4,4,1,1,0.0,0.0,0.76313806,0.76313806,0.9999999999986896,0.0,0.0,0.0,0.0,1.0,39.0,11.0,39.0,11.0,DT-Top1,SLA-Rule-Shield,403,5,0.6,0.6,0.6,0.6,0.6
4,4,1,1,0.0,0.0,0.76313806,0.76313806,0.9999999999986896,0.0,0.0,0.0,0.0,1.0,39.0,11.0,39.0,11.0,DT-Top1,Fixed-UCB-1sigma-Shield,403,5,0.6,0.6,0.6,0.6,0.6
4,4,1,1,0.0,0.0,0.76313806,0.76313806,0.9999999999986896,0.0,0.0,0.0,0.0,1.0,39.0,11.0,39.0,11.0,DT-Top1,Fixed-UCB-1.64sigma-Shield,403,5,0.6,0.6,0.6,0.6,0.6
2,2,1,1,0.0,0.0,0.6677499,0.6677499,0.9999999999985024,0.0,0.0,0.0,0.0,1.0,21.0,29.0,21.0,29.0,PF,Full-CertiTwin-q90,404,5,0.6,0.6,0.6,0.6,0.6
2,2,1,1,0.0,0.0,0.6677499,0.6677499,0.9999999999985024,0.0,0.0,0.0,0.0,1.0,21.0,29.0,21.0,29.0,PF,SLA-Rule-Shield,404,5,0.6,0.6,0.6,0.6,0.6
2,2,1,1,0.0,0.0,0.6677499,0.6677499,0.9999999999985024,0.0,0.0,0.0,0.0,1.0,21.0,29.0,21.0,29.0,PF,Fixed-UCB-1sigma-Shield,404,5,0.6,0.6,0.6,0.6,0.6
2,2,1,1,0.0,0.0,0.6677499,0.6677499,0.9999999999985024,0.0,0.0,0.0,0.0,1.0,21.0,29.0,21.0,29.0,PF,Fixed-UCB-1.64sigma-Shield,404,5,0.6,0.6,0.6,0.6,0.6
4,4,1,1,0.0,0.0,0.76313806,0.76313806,0.9999999999986896,0.0,0.0,0.0,0.0,1.0,39.0,11.0,39.0,11.0,Greedy-SLA,Full-CertiTwin-q90,404,5,0.6,0.6,0.6,0.6,0.6
4,4,1,1,0.0,0.0,0.76313806,0.76313806,0.9999999999986896,0.0,0.0,0.0,0.0,1.0,39.0,11.0,39.0,11.0,Greedy-SLA,SLA-Rule-Shield,404,5,0.6,0.6,0.6,0.6,0.6
4,4,1,1,0.0,0.0,0.76313806,0.76313806,0.9999999999986896,0.0,0.0,0.0,0.0,1.0,39.0,11.0,39.0,11.0,Greedy-SLA,Fixed-UCB-1sigma-Shield,404,5,0.6,0.6,0.6,0.6,0.6
4,4,1,1,0.0,0.0,0.76313806,0.76313806,0.9999999999986896,0.0,0.0,0.0,0.0,1.0,39.0,11.0,39.0,11.0,Greedy-SLA,Fixed-UCB-1.64sigma-Shield,404,5,0.6,0.6,0.6,0.6,0.6
4,4,1,1,0.0,0.0,0.76313806,0.76313806,0.9999999999986896,0.0,0.0,0.0,0.0,1.0,39.0,11.0,39.0,11.0,DT-Top1,Full-CertiTwin-q90,404,5,0.6,0.6,0.6,0.6,0.6
4,4,1,1,0.0,0.0,0.76313806,0.76313806,0.9999999999986896,0.0,0.0,0.0,0.0,1.0,39.0,11.0,39.0,11.0,DT-Top1,SLA-Rule-Shield,404,5,0.6,0.6,0.6,0.6,0.6
4,4,1,1,0.0,0.0,0.76313806,0.76313806,0.9999999999986896,0.0,0.0,0.0,0.0,1.0,39.0,11.0,39.0,11.0,DT-Top1,Fixed-UCB-1sigma-Shield,404,5,0.6,0.6,0.6,0.6,0.6
4,4,1,1,0.0,0.0,0.76313806,0.76313806,0.9999999999986896,0.0,0.0,0.0,0.0,1.0,39.0,11.0,39.0,11.0,DT-Top1,Fixed-UCB-1.64sigma-Shield,404,5,0.6,0.6,0.6,0.6,0.6
2,2,1,1,0.0,0.0,0.6677499,0.6677499,0.9999999999985024,0.0,0.0,0.0,0.0,1.0,21.0,29.0,21.0,29.0,PF,Full-CertiTwin-q90,405,5,0.6,0.6,0.6,0.6,0.6
2,2,1,1,0.0,0.0,0.6677499,0.6677499,0.9999999999985024,0.0,0.0,0.0,0.0,1.0,21.0,29.0,21.0,29.0,PF,SLA-Rule-Shield,405,5,0.6,0.6,0.6,0.6,0.6
2,2,1,1,0.0,0.0,0.6677499,0.6677499,0.9999999999985024,0.0,0.0,0.0,0.0,1.0,21.0,29.0,21.0,29.0,PF,Fixed-UCB-1sigma-Shield,405,5,0.6,0.6,0.6,0.6,0.6
2,2,1,1,0.0,0.0,0.6677499,0.6677499,0.9999999999985024,0.0,0.0,0.0,0.0,1.0,21.0,29.0,21.0,29.0,PF,Fixed-UCB-1.64sigma-Shield,405,5,0.6,0.6,0.6,0.6,0.6
4,4,1,1,0.0,0.0,0.76313806,0.76313806,0.9999999999986896,0.0,0.0,0.0,0.0,1.0,39.0,11.0,39.0,11.0,Greedy-SLA,Full-CertiTwin-q90,405,5,0.6,0.6,0.6,0.6,0.6
4,4,1,1,0.0,0.0,0.76313806,0.76313806,0.9999999999986896,0.0,0.0,0.0,0.0,1.0,39.0,11.0,39.0,11.0,Greedy-SLA,SLA-Rule-Shield,405,5,0.6,0.6,0.6,0.6,0.6
4,4,1,1,0.0,0.0,0.76313806,0.76313806,0.9999999999986896,0.0,0.0,0.0,0.0,1.0,39.0,11.0,39.0,11.0,Greedy-SLA,Fixed-UCB-1sigma-Shield,405,5,0.6,0.6,0.6,0.6,0.6
4,4,1,1,0.0,0.0,0.76313806,0.76313806,0.9999999999986896,0.0,0.0,0.0,0.0,1.0,39.0,11.0,39.0,11.0,Greedy-SLA,Fixed-UCB-1.64sigma-Shield,405,5,0.6,0.6,0.6,0.6,0.6
4,4,1,1,0.0,0.0,0.76313806,0.76313806,0.9999999999986896,0.0,0.0,0.0,0.0,1.0,39.0,11.0,39.0,11.0,DT-Top1,Full-CertiTwin-q90,405,5,0.6,0.6,0.6,0.6,0.6
4,4,1,1,0.0,0.0,0.76313806,0.76313806,0.9999999999986896,0.0,0.0,0.0,0.0,1.0,39.0,11.0,39.0,11.0,DT-Top1,SLA-Rule-Shield,405,5,0.6,0.6,0.6,0.6,0.6
4,4,1,1,0.0,0.0,0.76313806,0.76313806,0.9999999999986896,0.0,0.0,0.0,0.0,1.0,39.0,11.0,39.0,11.0,DT-Top1,Fixed-UCB-1sigma-Shield,405,5,0.6,0.6,0.6,0.6,0.6
4,4,1,1,0.0,0.0,0.76313806,0.76313806,0.9999999999986896,0.0,0.0,0.0,0.0,1.0,39.0,11.0,39.0,11.0,DT-Top1,Fixed-UCB-1.64sigma-Shield,405,5,0.6,0.6,0.6,0.6,0.6
2,2,1,1,0.0,0.0,0.6677499,0.6677499,0.9999999999985024,0.0,0.0,0.0,0.0,1.0,21.0,29.0,21.0,29.0,PF,Full-CertiTwin-q90,406,5,0.6,0.6,0.6,0.6,0.6
2,2,1,1,0.0,0.0,0.6677499,0.6677499,0.9999999999985024,0.0,0.0,0.0,0.0,1.0,21.0,29.0,21.0,29.0,PF,SLA-Rule-Shield,406,5,0.6,0.6,0.6,0.6,0.6
2,2,1,1,0.0,0.0,0.6677499,0.6677499,0.9999999999985024,0.0,0.0,0.0,0.0,1.0,21.0,29.0,21.0,29.0,PF,Fixed-UCB-1sigma-Shield,406,5,0.6,0.6,0.6,0.6,0.6
2,2,1,1,0.0,0.0,0.6677499,0.6677499,0.9999999999985024,0.0,0.0,0.0,0.0,1.0,21.0,29.0,21.0,29.0,PF,Fixed-UCB-1.64sigma-Shield,406,5,0.6,0.6,0.6,0.6,0.6
4,4,1,1,0.0,0.0,0.76313806,0.76313806,0.9999999999986896,0.0,0.0,0.0,0.0,1.0,39.0,11.0,39.0,11.0,Greedy-SLA,Full-CertiTwin-q90,406,5,0.6,0.6,0.6,0.6,0.6
4,4,1,1,0.0,0.0,0.76313806,0.76313806,0.9999999999986896,0.0,0.0,0.0,0.0,1.0,39.0,11.0,39.0,11.0,Greedy-SLA,SLA-Rule-Shield,406,5,0.6,0.6,0.6,0.6,0.6
4,4,1,1,0.0,0.0,0.76313806,0.76313806,0.9999999999986896,0.0,0.0,0.0,0.0,1.0,39.0,11.0,39.0,11.0,Greedy-SLA,Fixed-UCB-1sigma-Shield,406,5,0.6,0.6,0.6,0.6,0.6
4,4,1,1,0.0,0.0,0.76313806,0.76313806,0.9999999999986896,0.0,0.0,0.0,0.0,1.0,39.0,11.0,39.0,11.0,Greedy-SLA,Fixed-UCB-1.64sigma-Shield,406,5,0.6,0.6,0.6,0.6,0.6
0,2,0,1,1.0,0.0,0.76278657,0.6677499,0.875408569397236,1.0,21.0,0.0,0.0,1.0,0.0,29.0,21.0,29.0,DT-Top1,Full-CertiTwin-q90,406,5,0.6,0.6,0.6,0.6,0.6
0,4,0,1,1.0,0.0,0.76278657,0.76313806,1.000460797309265,1.0,57.0,0.0,0.0,1.0,0.0,29.0,39.0,11.0,DT-Top1,SLA-Rule-Shield,406,5,0.6,0.6,0.6,0.6,0.6
0,2,0,1,1.0,0.0,0.76278657,0.6677499,0.875408569397236,1.0,21.0,0.0,0.0,1.0,0.0,29.0,21.0,29.0,DT-Top1,Fixed-UCB-1sigma-Shield,406,5,0.6,0.6,0.6,0.6,0.6
0,2,0,1,1.0,0.0,0.76278657,0.6677499,0.875408569397236,1.0,21.0,0.0,0.0,1.0,0.0,29.0,21.0,29.0,DT-Top1,Fixed-UCB-1.64sigma-Shield,406,5,0.6,0.6,0.6,0.6,0.6
2,2,1,1,0.0,0.0,0.6677499,0.6677499,0.9999999999985024,0.0,0.0,0.0,0.0,1.0,21.0,29.0,21.0,29.0,PF,Full-CertiTwin-q90,407,5,0.6,0.6,0.6,0.6,0.6
2,2,1,1,0.0,0.0,0.6677499,0.6677499,0.9999999999985024,0.0,0.0,0.0,0.0,1.0,21.0,29.0,21.0,29.0,PF,SLA-Rule-Shield,407,5,0.6,0.6,0.6,0.6,0.6
2,2,1,1,0.0,0.0,0.6677499,0.6677499,0.9999999999985024,0.0,0.0,0.0,0.0,1.0,21.0,29.0,21.0,29.0,PF,Fixed-UCB-1sigma-Shield,407,5,0.6,0.6,0.6,0.6,0.6
2,2,1,1,0.0,0.0,0.6677499,0.6677499,0.9999999999985024,0.0,0.0,0.0,0.0,1.0,21.0,29.0,21.0,29.0,PF,Fixed-UCB-1.64sigma-Shield,407,5,0.6,0.6,0.6,0.6,0.6
4,4,1,1,0.0,0.0,0.7777951,0.7777951,0.9999999999987144,0.0,0.0,0.0,0.0,1.0,39.0,11.0,39.0,11.0,Greedy-SLA,Full-CertiTwin-q90,407,5,0.6,0.6,0.6,0.6,0.6
4,4,1,1,0.0,0.0,0.7777951,0.7777951,0.9999999999987144,0.0,0.0,0.0,0.0,1.0,39.0,11.0,39.0,11.0,Greedy-SLA,SLA-Rule-Shield,407,5,0.6,0.6,0.6,0.6,0.6
4,4,1,1,0.0,0.0,0.7777951,0.7777951,0.9999999999987144,0.0,0.0,0.0,0.0,1.0,39.0,11.0,39.0,11.0,Greedy-SLA,Fixed-UCB-1sigma-Shield,407,5,0.6,0.6,0.6,0.6,0.6
4,4,1,1,0.0,0.0,0.7777951,0.7777951,0.9999999999987144,0.0,0.0,0.0,0.0,1.0,39.0,11.0,39.0,11.0,Greedy-SLA,Fixed-UCB-1.64sigma-Shield,407,5,0.6,0.6,0.6,0.6,0.6
4,4,1,1,0.0,0.0,0.7777951,0.7777951,0.9999999999987144,0.0,0.0,0.0,0.0,1.0,39.0,11.0,39.0,11.0,DT-Top1,Full-CertiTwin-q90,407,5,0.6,0.6,0.6,0.6,0.6
4,4,1,1,0.0,0.0,0.7777951,0.7777951,0.9999999999987144,0.0,0.0,0.0,0.0,1.0,39.0,11.0,39.0,11.0,DT-Top1,SLA-Rule-Shield,407,5,0.6,0.6,0.6,0.6,0.6
4,4,1,1,0.0,0.0,0.7777951,0.7777951,0.9999999999987144,0.0,0.0,0.0,0.0,1.0,39.0,11.0,39.0,11.0,DT-Top1,Fixed-UCB-1sigma-Shield,407,5,0.6,0.6,0.6,0.6,0.6
4,4,1,1,0.0,0.0,0.7777951,0.7777951,0.9999999999987144,0.0,0.0,0.0,0.0,1.0,39.0,11.0,39.0,11.0,DT-Top1,Fixed-UCB-1.64sigma-Shield,407,5,0.6,0.6,0.6,0.6,0.6
2,2,1,1,0.0,0.0,0.6677499,0.6677499,0.9999999999985024,0.0,0.0,0.0,0.0,1.0,21.0,29.0,21.0,29.0,PF,Full-CertiTwin-q90,408,5,0.6,0.6,0.6,0.6,0.6
2,2,1,1,0.0,0.0,0.6677499,0.6677499,0.9999999999985024,0.0,0.0,0.0,0.0,1.0,21.0,29.0,21.0,29.0,PF,SLA-Rule-Shield,408,5,0.6,0.6,0.6,0.6,0.6
2,2,1,1,0.0,0.0,0.6677499,0.6677499,0.9999999999985024,0.0,0.0,0.0,0.0,1.0,21.0,29.0,21.0,29.0,PF,Fixed-UCB-1sigma-Shield,408,5,0.6,0.6,0.6,0.6,0.6
2,2,1,1,0.0,0.0,0.6677499,0.6677499,0.9999999999985024,0.0,0.0,0.0,0.0,1.0,21.0,29.0,21.0,29.0,PF,Fixed-UCB-1.64sigma-Shield,408,5,0.6,0.6,0.6,0.6,0.6
0,2,0,1,1.0,0.0,0.76278657,0.6677499,0.875408569397236,1.0,21.0,0.0,0.0,1.0,0.0,29.0,21.0,29.0,Greedy-SLA,Full-CertiTwin-q90,408,5,0.6,0.6,0.6,0.6,0.6
0,4,0,1,1.0,0.0,0.76278657,0.76313806,1.000460797309265,1.0,57.0,0.0,0.0,1.0,0.0,29.0,39.0,11.0,Greedy-SLA,SLA-Rule-Shield,408,5,0.6,0.6,0.6,0.6,0.6
0,2,0,1,1.0,0.0,0.76278657,0.6677499,0.875408569397236,1.0,21.0,0.0,0.0,1.0,0.0,29.0,21.0,29.0,Greedy-SLA,Fixed-UCB-1sigma-Shield,408,5,0.6,0.6,0.6,0.6,0.6
0,2,0,1,1.0,0.0,0.76278657,0.6677499,0.875408569397236,1.0,21.0,0.0,0.0,1.0,0.0,29.0,21.0,29.0,Greedy-SLA,Fixed-UCB-1.64sigma-Shield,408,5,0.6,0.6,0.6,0.6,0.6
0,2,0,1,1.0,0.0,0.76278657,0.6677499,0.875408569397236,1.0,21.0,0.0,0.0,1.0,0.0,29.0,21.0,29.0,DT-Top1,Full-CertiTwin-q90,408,5,0.6,0.6,0.6,0.6,0.6
0,4,0,1,1.0,0.0,0.76278657,0.76313806,1.000460797309265,1.0,57.0,0.0,0.0,1.0,0.0,29.0,39.0,11.0,DT-Top1,SLA-Rule-Shield,408,5,0.6,0.6,0.6,0.6,0.6
0,2,0,1,1.0,0.0,0.76278657,0.6677499,0.875408569397236,1.0,21.0,0.0,0.0,1.0,0.0,29.0,21.0,29.0,DT-Top1,Fixed-UCB-1sigma-Shield,408,5,0.6,0.6,0.6,0.6,0.6
0,2,0,1,1.0,0.0,0.76278657,0.6677499,0.875408569397236,1.0,21.0,0.0,0.0,1.0,0.0,29.0,21.0,29.0,DT-Top1,Fixed-UCB-1.64sigma-Shield,408,5,0.6,0.6,0.6,0.6,0.6
2,2,1,1,0.0,0.0,0.6677499,0.6677499,0.9999999999985024,0.0,0.0,0.0,0.0,1.0,21.0,29.0,21.0,29.0,PF,Full-CertiTwin-q90,409,5,0.6,0.6,0.6,0.6,0.6
2,2,1,1,0.0,0.0,0.6677499,0.6677499,0.9999999999985024,0.0,0.0,0.0,0.0,1.0,21.0,29.0,21.0,29.0,PF,SLA-Rule-Shield,409,5,0.6,0.6,0.6,0.6,0.6
2,2,1,1,0.0,0.0,0.6677499,0.6677499,0.9999999999985024,0.0,0.0,0.0,0.0,1.0,21.0,29.0,21.0,29.0,PF,Fixed-UCB-1sigma-Shield,409,5,0.6,0.6,0.6,0.6,0.6
2,2,1,1,0.0,0.0,0.6677499,0.6677499,0.9999999999985024,0.0,0.0,0.0,0.0,1.0,21.0,29.0,21.0,29.0,PF,Fixed-UCB-1.64sigma-Shield,409,5,0.6,0.6,0.6,0.6,0.6
4,4,1,1,0.0,0.0,0.76313806,0.76313806,0.9999999999986896,0.0,0.0,0.0,0.0,1.0,39.0,11.0,39.0,11.0,Greedy-SLA,Full-CertiTwin-q90,409,5,0.6,0.6,0.6,0.6,0.6
4,4,1,1,0.0,0.0,0.76313806,0.76313806,0.9999999999986896,0.0,0.0,0.0,0.0,1.0,39.0,11.0,39.0,11.0,Greedy-SLA,SLA-Rule-Shield,409,5,0.6,0.6,0.6,0.6,0.6
4,4,1,1,0.0,0.0,0.76313806,0.76313806,0.9999999999986896,0.0,0.0,0.0,0.0,1.0,39.0,11.0,39.0,11.0,Greedy-SLA,Fixed-UCB-1sigma-Shield,409,5,0.6,0.6,0.6,0.6,0.6
4,4,1,1,0.0,0.0,0.76313806,0.76313806,0.9999999999986896,0.0,0.0,0.0,0.0,1.0,39.0,11.0,39.0,11.0,Greedy-SLA,Fixed-UCB-1.64sigma-Shield,409,5,0.6,0.6,0.6,0.6,0.6
0,2,0,1,1.0,0.0,0.77741534,0.6677499,0.8589358424534574,1.0,21.0,0.0,0.0,1.0,0.0,29.0,21.0,29.0,DT-Top1,Full-CertiTwin-q90,409,5,0.6,0.6,0.6,0.6,0.6
0,4,0,1,1.0,0.0,0.77741534,0.76313806,0.981634939180668,1.0,57.0,0.0,0.0,1.0,0.0,29.0,39.0,11.0,DT-Top1,SLA-Rule-Shield,409,5,0.6,0.6,0.6,0.6,0.6
0,2,0,1,1.0,0.0,0.77741534,0.6677499,0.8589358424534574,1.0,21.0,0.0,0.0,1.0,0.0,29.0,21.0,29.0,DT-Top1,Fixed-UCB-1sigma-Shield,409,5,0.6,0.6,0.6,0.6,0.6
0,2,0,1,1.0,0.0,0.77741534,0.6677499,0.8589358424534574,1.0,21.0,0.0,0.0,1.0,0.0,29.0,21.0,29.0,DT-Top1,Fixed-UCB-1.64sigma-Shield,409,5,0.6,0.6,0.6,0.6,0.6
2,2,1,1,0.0,0.0,0.7186651,0.7186651,0.9999999999986086,0.0,0.0,0.0,0.0,1.0,21.0,29.0,21.0,29.0,PF,Full-CertiTwin-q90,410,5,0.6,0.6,0.6,0.6,0.6
2,2,1,1,0.0,0.0,0.7186651,0.7186651,0.9999999999986086,0.0,0.0,0.0,0.0,1.0,21.0,29.0,21.0,29.0,PF,SLA-Rule-Shield,410,5,0.6,0.6,0.6,0.6,0.6
2,2,1,1,0.0,0.0,0.7186651,0.7186651,0.9999999999986086,0.0,0.0,0.0,0.0,1.0,21.0,29.0,21.0,29.0,PF,Fixed-UCB-1sigma-Shield,410,5,0.6,0.6,0.6,0.6,0.6
2,2,1,1,0.0,0.0,0.7186651,0.7186651,0.9999999999986086,0.0,0.0,0.0,0.0,1.0,21.0,29.0,21.0,29.0,PF,Fixed-UCB-1.64sigma-Shield,410,5,0.6,0.6,0.6,0.6,0.6
4,4,1,1,0.0,0.0,0.76313806,0.76313806,0.9999999999986896,0.0,0.0,0.0,0.0,1.0,39.0,11.0,39.0,11.0,Greedy-SLA,Full-CertiTwin-q90,410,5,0.6,0.6,0.6,0.6,0.6
4,4,1,1,0.0,0.0,0.76313806,0.76313806,0.9999999999986896,0.0,0.0,0.0,0.0,1.0,39.0,11.0,39.0,11.0,Greedy-SLA,SLA-Rule-Shield,410,5,0.6,0.6,0.6,0.6,0.6
4,4,1,1,0.0,0.0,0.76313806,0.76313806,0.9999999999986896,0.0,0.0,0.0,0.0,1.0,39.0,11.0,39.0,11.0,Greedy-SLA,Fixed-UCB-1sigma-Shield,410,5,0.6,0.6,0.6,0.6,0.6
4,4,1,1,0.0,0.0,0.76313806,0.76313806,0.9999999999986896,0.0,0.0,0.0,0.0,1.0,39.0,11.0,39.0,11.0,Greedy-SLA,Fixed-UCB-1.64sigma-Shield,410,5,0.6,0.6,0.6,0.6,0.6
4,4,1,1,0.0,0.0,0.76313806,0.76313806,0.9999999999986896,0.0,0.0,0.0,0.0,1.0,39.0,11.0,39.0,11.0,DT-Top1,Full-CertiTwin-q90,410,5,0.6,0.6,0.6,0.6,0.6
4,4,1,1,0.0,0.0,0.76313806,0.76313806,0.9999999999986896,0.0,0.0,0.0,0.0,1.0,39.0,11.0,39.0,11.0,DT-Top1,SLA-Rule-Shield,410,5,0.6,0.6,0.6,0.6,0.6
4,4,1,1,0.0,0.0,0.76313806,0.76313806,0.9999999999986896,0.0,0.0,0.0,0.0,1.0,39.0,11.0,39.0,11.0,DT-Top1,Fixed-UCB-1sigma-Shield,410,5,0.6,0.6,0.6,0.6,0.6
4,4,1,1,0.0,0.0,0.76313806,0.76313806,0.9999999999986896,0.0,0.0,0.0,0.0,1.0,39.0,11.0,39.0,11.0,DT-Top1,Fixed-UCB-1.64sigma-Shield,410,5,0.6,0.6,0.6,0.6,0.6
2,2,1,1,0.0,0.0,0.6677499,0.6677499,0.9999999999985024,0.0,0.0,0.0,0.0,1.0,21.0,29.0,21.0,29.0,PF,Full-CertiTwin-q90,411,5,0.6,0.6,0.6,0.6,0.6
2,2,1,1,0.0,0.0,0.6677499,0.6677499,0.9999999999985024,0.0,0.0,0.0,0.0,1.0,21.0,29.0,21.0,29.0,PF,SLA-Rule-Shield,411,5,0.6,0.6,0.6,0.6,0.6
2,2,1,1,0.0,0.0,0.6677499,0.6677499,0.9999999999985024,0.0,0.0,0.0,0.0,1.0,21.0,29.0,21.0,29.0,PF,Fixed-UCB-1sigma-Shield,411,5,0.6,0.6,0.6,0.6,0.6
2,2,1,1,0.0,0.0,0.6677499,0.6677499,0.9999999999985024,0.0,0.0,0.0,0.0,1.0,21.0,29.0,21.0,29.0,PF,Fixed-UCB-1.64sigma-Shield,411,5,0.6,0.6,0.6,0.6,0.6
4,4,1,1,0.0,0.0,0.76313806,0.76313806,0.9999999999986896,0.0,0.0,0.0,0.0,1.0,39.0,11.0,39.0,11.0,Greedy-SLA,Full-CertiTwin-q90,411,5,0.6,0.6,0.6,0.6,0.6
4,4,1,1,0.0,0.0,0.76313806,0.76313806,0.9999999999986896,0.0,0.0,0.0,0.0,1.0,39.0,11.0,39.0,11.0,Greedy-SLA,SLA-Rule-Shield,411,5,0.6,0.6,0.6,0.6,0.6
4,4,1,1,0.0,0.0,0.76313806,0.76313806,0.9999999999986896,0.0,0.0,0.0,0.0,1.0,39.0,11.0,39.0,11.0,Greedy-SLA,Fixed-UCB-1sigma-Shield,411,5,0.6,0.6,0.6,0.6,0.6
4,4,1,1,0.0,0.0,0.76313806,0.76313806,0.9999999999986896,0.0,0.0,0.0,0.0,1.0,39.0,11.0,39.0,11.0,Greedy-SLA,Fixed-UCB-1.64sigma-Shield,411,5,0.6,0.6,0.6,0.6,0.6
4,4,1,1,0.0,0.0,0.76313806,0.76313806,0.9999999999986896,0.0,0.0,0.0,0.0,1.0,39.0,11.0,39.0,11.0,DT-Top1,Full-CertiTwin-q90,411,5,0.6,0.6,0.6,0.6,0.6
4,4,1,1,0.0,0.0,0.76313806,0.76313806,0.9999999999986896,0.0,0.0,0.0,0.0,1.0,39.0,11.0,39.0,11.0,DT-Top1,SLA-Rule-Shield,411,5,0.6,0.6,0.6,0.6,0.6
4,4,1,1,0.0,0.0,0.76313806,0.76313806,0.9999999999986896,0.0,0.0,0.0,0.0,1.0,39.0,11.0,39.0,11.0,DT-Top1,Fixed-UCB-1sigma-Shield,411,5,0.6,0.6,0.6,0.6,0.6
4,4,1,1,0.0,0.0,0.76313806,0.76313806,0.9999999999986896,0.0,0.0,0.0,0.0,1.0,39.0,11.0,39.0,11.0,DT-Top1,Fixed-UCB-1.64sigma-Shield,411,5,0.6,0.6,0.6,0.6,0.6
2,2,1,1,0.0,0.0,0.6780778,0.6780778,0.9999999999985252,0.0,0.0,0.0,0.0,1.0,21.0,29.0,21.0,29.0,PF,Full-CertiTwin-q90,412,5,0.6,0.6,0.6,0.6,0.6
2,2,1,1,0.0,0.0,0.6780778,0.6780778,0.9999999999985252,0.0,0.0,0.0,0.0,1.0,21.0,29.0,21.0,29.0,PF,SLA-Rule-Shield,412,5,0.6,0.6,0.6,0.6,0.6
2,2,1,1,0.0,0.0,0.6780778,0.6780778,0.9999999999985252,0.0,0.0,0.0,0.0,1.0,21.0,29.0,21.0,29.0,PF,Fixed-UCB-1sigma-Shield,412,5,0.6,0.6,0.6,0.6,0.6
2,2,1,1,0.0,0.0,0.6780778,0.6780778,0.9999999999985252,0.0,0.0,0.0,0.0,1.0,21.0,29.0,21.0,29.0,PF,Fixed-UCB-1.64sigma-Shield,412,5,0.6,0.6,0.6,0.6,0.6
4,4,1,1,0.0,0.0,0.76313806,0.76313806,0.9999999999986896,0.0,0.0,0.0,0.0,1.0,39.0,11.0,39.0,11.0,Greedy-SLA,Full-CertiTwin-q90,412,5,0.6,0.6,0.6,0.6,0.6
4,4,1,1,0.0,0.0,0.76313806,0.76313806,0.9999999999986896,0.0,0.0,0.0,0.0,1.0,39.0,11.0,39.0,11.0,Greedy-SLA,SLA-Rule-Shield,412,5,0.6,0.6,0.6,0.6,0.6
4,4,1,1,0.0,0.0,0.76313806,0.76313806,0.9999999999986896,0.0,0.0,0.0,0.0,1.0,39.0,11.0,39.0,11.0,Greedy-SLA,Fixed-UCB-1sigma-Shield,412,5,0.6,0.6,0.6,0.6,0.6
4,4,1,1,0.0,0.0,0.76313806,0.76313806,0.9999999999986896,0.0,0.0,0.0,0.0,1.0,39.0,11.0,39.0,11.0,Greedy-SLA,Fixed-UCB-1.64sigma-Shield,412,5,0.6,0.6,0.6,0.6,0.6
4,4,1,1,0.0,0.0,0.76313806,0.76313806,0.9999999999986896,0.0,0.0,0.0,0.0,1.0,39.0,11.0,39.0,11.0,DT-Top1,Full-CertiTwin-q90,412,5,0.6,0.6,0.6,0.6,0.6
4,4,1,1,0.0,0.0,0.76313806,0.76313806,0.9999999999986896,0.0,0.0,0.0,0.0,1.0,39.0,11.0,39.0,11.0,DT-Top1,SLA-Rule-Shield,412,5,0.6,0.6,0.6,0.6,0.6
4,4,1,1,0.0,0.0,0.76313806,0.76313806,0.9999999999986896,0.0,0.0,0.0,0.0,1.0,39.0,11.0,39.0,11.0,DT-Top1,Fixed-UCB-1sigma-Shield,412,5,0.6,0.6,0.6,0.6,0.6
4,4,1,1,0.0,0.0,0.76313806,0.76313806,0.9999999999986896,0.0,0.0,0.0,0.0,1.0,39.0,11.0,39.0,11.0,DT-Top1,Fixed-UCB-1.64sigma-Shield,412,5,0.6,0.6,0.6,0.6,0.6
2,2,1,1,0.0,0.0,0.6506768,0.6506768,0.9999999999984632,0.0,0.0,0.0,0.0,1.0,21.0,29.0,21.0,29.0,PF,Full-CertiTwin-q90,413,5,0.6,0.6,0.6,0.6,0.6
2,2,1,1,0.0,0.0,0.6506768,0.6506768,0.9999999999984632,0.0,0.0,0.0,0.0,1.0,21.0,29.0,21.0,29.0,PF,SLA-Rule-Shield,413,5,0.6,0.6,0.6,0.6,0.6
2,2,1,1,0.0,0.0,0.6506768,0.6506768,0.9999999999984632,0.0,0.0,0.0,0.0,1.0,21.0,29.0,21.0,29.0,PF,Fixed-UCB-1sigma-Shield,413,5,0.6,0.6,0.6,0.6,0.6
2,2,1,1,0.0,0.0,0.6506768,0.6506768,0.9999999999984632,0.0,0.0,0.0,0.0,1.0,21.0,29.0,21.0,29.0,PF,Fixed-UCB-1.64sigma-Shield,413,5,0.6,0.6,0.6,0.6,0.6
4,4,1,1,0.0,0.0,0.76313806,0.76313806,0.9999999999986896,0.0,0.0,0.0,0.0,1.0,39.0,11.0,39.0,11.0,Greedy-SLA,Full-CertiTwin-q90,413,5,0.6,0.6,0.6,0.6,0.6
4,4,1,1,0.0,0.0,0.76313806,0.76313806,0.9999999999986896,0.0,0.0,0.0,0.0,1.0,39.0,11.0,39.0,11.0,Greedy-SLA,SLA-Rule-Shield,413,5,0.6,0.6,0.6,0.6,0.6
4,4,1,1,0.0,0.0,0.76313806,0.76313806,0.9999999999986896,0.0,0.0,0.0,0.0,1.0,39.0,11.0,39.0,11.0,Greedy-SLA,Fixed-UCB-1sigma-Shield,413,5,0.6,0.6,0.6,0.6,0.6
4,4,1,1,0.0,0.0,0.76313806,0.76313806,0.9999999999986896,0.0,0.0,0.0,0.0,1.0,39.0,11.0,39.0,11.0,Greedy-SLA,Fixed-UCB-1.64sigma-Shield,413,5,0.6,0.6,0.6,0.6,0.6
0,2,0,1,1.0,0.0,0.76278657,0.6506768,0.853026030596143,1.0,21.0,0.0,0.0,1.0,0.0,29.0,21.0,29.0,DT-Top1,Full-CertiTwin-q90,413,5,0.6,0.6,0.6,0.6,0.6
0,4,0,1,1.0,0.0,0.76278657,0.76313806,1.000460797309265,1.0,57.0,0.0,0.0,1.0,0.0,29.0,39.0,11.0,DT-Top1,SLA-Rule-Shield,413,5,0.6,0.6,0.6,0.6,0.6
0,2,0,1,1.0,0.0,0.76278657,0.6506768,0.853026030596143,1.0,21.0,0.0,0.0,1.0,0.0,29.0,21.0,29.0,DT-Top1,Fixed-UCB-1sigma-Shield,413,5,0.6,0.6,0.6,0.6,0.6
0,2,0,1,1.0,0.0,0.76278657,0.6506768,0.853026030596143,1.0,21.0,0.0,0.0,1.0,0.0,29.0,21.0,29.0,DT-Top1,Fixed-UCB-1.64sigma-Shield,413,5,0.6,0.6,0.6,0.6,0.6
2,2,1,1,0.0,0.0,0.6677499,0.6677499,0.9999999999985024,0.0,0.0,0.0,0.0,1.0,21.0,29.0,21.0,29.0,PF,Full-CertiTwin-q90,414,5,0.6,0.6,0.6,0.6,0.6
2,2,1,1,0.0,0.0,0.6677499,0.6677499,0.9999999999985024,0.0,0.0,0.0,0.0,1.0,21.0,29.0,21.0,29.0,PF,SLA-Rule-Shield,414,5,0.6,0.6,0.6,0.6,0.6
2,2,1,1,0.0,0.0,0.6677499,0.6677499,0.9999999999985024,0.0,0.0,0.0,0.0,1.0,21.0,29.0,21.0,29.0,PF,Fixed-UCB-1sigma-Shield,414,5,0.6,0.6,0.6,0.6,0.6
2,2,1,1,0.0,0.0,0.6677499,0.6677499,0.9999999999985024,0.0,0.0,0.0,0.0,1.0,21.0,29.0,21.0,29.0,PF,Fixed-UCB-1.64sigma-Shield,414,5,0.6,0.6,0.6,0.6,0.6
4,4,1,1,0.0,0.0,0.76313806,0.76313806,0.9999999999986896,0.0,0.0,0.0,0.0,1.0,39.0,11.0,39.0,11.0,Greedy-SLA,Full-CertiTwin-q90,414,5,0.6,0.6,0.6,0.6,0.6
4,4,1,1,0.0,0.0,0.76313806,0.76313806,0.9999999999986896,0.0,0.0,0.0,0.0,1.0,39.0,11.0,39.0,11.0,Greedy-SLA,SLA-Rule-Shield,414,5,0.6,0.6,0.6,0.6,0.6
4,4,1,1,0.0,0.0,0.76313806,0.76313806,0.9999999999986896,0.0,0.0,0.0,0.0,1.0,39.0,11.0,39.0,11.0,Greedy-SLA,Fixed-UCB-1sigma-Shield,414,5,0.6,0.6,0.6,0.6,0.6
4,4,1,1,0.0,0.0,0.76313806,0.76313806,0.9999999999986896,0.0,0.0,0.0,0.0,1.0,39.0,11.0,39.0,11.0,Greedy-SLA,Fixed-UCB-1.64sigma-Shield,414,5,0.6,0.6,0.6,0.6,0.6
0,2,0,1,1.0,0.0,0.77050835,0.6677499,0.8666355140721491,1.0,21.0,0.0,0.0,1.0,0.0,29.0,21.0,29.0,DT-Top1,Full-CertiTwin-q90,414,5,0.6,0.6,0.6,0.6,0.6
0,4,0,1,1.0,0.0,0.77050835,0.76313806,0.990434509890788,1.0,57.0,0.0,0.0,1.0,0.0,29.0,39.0,11.0,DT-Top1,SLA-Rule-Shield,414,5,0.6,0.6,0.6,0.6,0.6
0,2,0,1,1.0,0.0,0.77050835,0.6677499,0.8666355140721491,1.0,21.0,0.0,0.0,1.0,0.0,29.0,21.0,29.0,DT-Top1,Fixed-UCB-1sigma-Shield,414,5,0.6,0.6,0.6,0.6,0.6
0,2,0,1,1.0,0.0,0.77050835,0.6677499,0.8666355140721491,1.0,21.0,0.0,0.0,1.0,0.0,29.0,21.0,29.0,DT-Top1,Fixed-UCB-1.64sigma-Shield,414,5,0.6,0.6,0.6,0.6,0.6
2,2,1,1,0.0,0.0,0.6677499,0.6677499,0.9999999999985024,0.0,0.0,0.0,0.0,1.0,21.0,29.0,21.0,29.0,PF,Full-CertiTwin-q90,415,5,0.6,0.6,0.6,0.6,0.6
2,2,1,1,0.0,0.0,0.6677499,0.6677499,0.9999999999985024,0.0,0.0,0.0,0.0,1.0,21.0,29.0,21.0,29.0,PF,SLA-Rule-Shield,415,5,0.6,0.6,0.6,0.6,0.6
2,2,1,1,0.0,0.0,0.6677499,0.6677499,0.9999999999985024,0.0,0.0,0.0,0.0,1.0,21.0,29.0,21.0,29.0,PF,Fixed-UCB-1sigma-Shield,415,5,0.6,0.6,0.6,0.6,0.6
2,2,1,1,0.0,0.0,0.6677499,0.6677499,0.9999999999985024,0.0,0.0,0.0,0.0,1.0,21.0,29.0,21.0,29.0,PF,Fixed-UCB-1.64sigma-Shield,415,5,0.6,0.6,0.6,0.6,0.6
4,4,1,1,0.0,0.0,0.76313806,0.76313806,0.9999999999986896,0.0,0.0,0.0,0.0,1.0,39.0,11.0,39.0,11.0,Greedy-SLA,Full-CertiTwin-q90,415,5,0.6,0.6,0.6,0.6,0.6
4,4,1,1,0.0,0.0,0.76313806,0.76313806,0.9999999999986896,0.0,0.0,0.0,0.0,1.0,39.0,11.0,39.0,11.0,Greedy-SLA,SLA-Rule-Shield,415,5,0.6,0.6,0.6,0.6,0.6
4,4,1,1,0.0,0.0,0.76313806,0.76313806,0.9999999999986896,0.0,0.0,0.0,0.0,1.0,39.0,11.0,39.0,11.0,Greedy-SLA,Fixed-UCB-1sigma-Shield,415,5,0.6,0.6,0.6,0.6,0.6
4,4,1,1,0.0,0.0,0.76313806,0.76313806,0.9999999999986896,0.0,0.0,0.0,0.0,1.0,39.0,11.0,39.0,11.0,Greedy-SLA,Fixed-UCB-1.64sigma-Shield,415,5,0.6,0.6,0.6,0.6,0.6
0,2,0,1,1.0,0.0,0.77050835,0.6677499,0.8666355140721491,1.0,21.0,0.0,0.0,1.0,0.0,29.0,21.0,29.0,DT-Top1,Full-CertiTwin-q90,415,5,0.6,0.6,0.6,0.6,0.6
0,4,0,1,1.0,0.0,0.77050835,0.76313806,0.990434509890788,1.0,57.0,0.0,0.0,1.0,0.0,29.0,39.0,11.0,DT-Top1,SLA-Rule-Shield,415,5,0.6,0.6,0.6,0.6,0.6
0,2,0,1,1.0,0.0,0.77050835,0.6677499,0.8666355140721491,1.0,21.0,0.0,0.0,1.0,0.0,29.0,21.0,29.0,DT-Top1,Fixed-UCB-1sigma-Shield,415,5,0.6,0.6,0.6,0.6,0.6
0,2,0,1,1.0,0.0,0.77050835,0.6677499,0.8666355140721491,1.0,21.0,0.0,0.0,1.0,0.0,29.0,21.0,29.0,DT-Top1,Fixed-UCB-1.64sigma-Shield,415,5,0.6,0.6,0.6,0.6,0.6
2,2,1,1,0.0,0.0,0.6677499,0.6677499,0.9999999999985024,0.0,0.0,0.0,0.0,1.0,21.0,29.0,21.0,29.0,PF,Full-CertiTwin-q90,416,5,0.6,0.6,0.6,0.6,0.6
2,2,1,1,0.0,0.0,0.6677499,0.6677499,0.9999999999985024,0.0,0.0,0.0,0.0,1.0,21.0,29.0,21.0,29.0,PF,SLA-Rule-Shield,416,5,0.6,0.6,0.6,0.6,0.6
2,2,1,1,0.0,0.0,0.6677499,0.6677499,0.9999999999985024,0.0,0.0,0.0,0.0,1.0,21.0,29.0,21.0,29.0,PF,Fixed-UCB-1sigma-Shield,416,5,0.6,0.6,0.6,0.6,0.6
2,2,1,1,0.0,0.0,0.6677499,0.6677499,0.9999999999985024,0.0,0.0,0.0,0.0,1.0,21.0,29.0,21.0,29.0,PF,Fixed-UCB-1.64sigma-Shield,416,5,0.6,0.6,0.6,0.6,0.6
4,4,1,1,0.0,0.0,0.76313806,0.76313806,0.9999999999986896,0.0,0.0,0.0,0.0,1.0,39.0,11.0,39.0,11.0,Greedy-SLA,Full-CertiTwin-q90,416,5,0.6,0.6,0.6,0.6,0.6
4,4,1,1,0.0,0.0,0.76313806,0.76313806,0.9999999999986896,0.0,0.0,0.0,0.0,1.0,39.0,11.0,39.0,11.0,Greedy-SLA,SLA-Rule-Shield,416,5,0.6,0.6,0.6,0.6,0.6
4,4,1,1,0.0,0.0,0.76313806,0.76313806,0.9999999999986896,0.0,0.0,0.0,0.0,1.0,39.0,11.0,39.0,11.0,Greedy-SLA,Fixed-UCB-1sigma-Shield,416,5,0.6,0.6,0.6,0.6,0.6
4,4,1,1,0.0,0.0,0.76313806,0.76313806,0.9999999999986896,0.0,0.0,0.0,0.0,1.0,39.0,11.0,39.0,11.0,Greedy-SLA,Fixed-UCB-1.64sigma-Shield,416,5,0.6,0.6,0.6,0.6,0.6
