raw_candidate_id,exec_candidate_id,effective_k,raw_unsafe,exec_unsafe,raw_utility,exec_utility,utility_retention,action_changed,action_distance,fallback,false_safe,safe_candidate_ratio,seed,k_setting,candidate_group_id,controller,method,num_candidates_original
2,2,5,0.0,0.0,0.6677499,0.6677499,0.9999999999985024,0.0,0.0,0.0,0.0,0.6,0,5,4013,PF,Full-CertiTwin-q90,5
2,2,5,0.0,0.0,0.6677499,0.6677499,0.9999999999985024,0.0,0.0,0.0,0.0,0.6,0,5,4013,PF,SLA-Rule-Shield,5
2,2,5,0.0,0.0,0.6677499,0.6677499,0.9999999999985024,0.0,0.0,0.0,0.0,0.6,0,5,4013,PF,Fixed-UCB-1sigma-Shield,5
2,2,5,0.0,0.0,0.6677499,0.6677499,0.9999999999985024,0.0,0.0,0.0,0.0,0.6,0,5,4013,PF,Fixed-UCB-1.64sigma-Shield,5
4,4,5,0.0,0.0,0.76313806,0.76313806,0.9999999999986896,0.0,0.0,0.0,0.0,0.6,0,5,4013,Greedy-SLA,Full-CertiTwin-q90,5
4,4,5,0.0,0.0,0.76313806,0.76313806,0.9999999999986896,0.0,0.0,0.0,0.0,0.6,0,5,4013,Greedy-SLA,SLA-Rule-Shield,5
4,4,5,0.0,0.0,0.76313806,0.76313806,0.9999999999986896,0.0,0.0,0.0,0.0,0.6,0,5,4013,Greedy-SLA,Fixed-UCB-1sigma-Shield,5
4,4,5,0.0,0.0,0.76313806,0.76313806,0.9999999999986896,0.0,0.0,0.0,0.0,0.6,0,5,4013,Greedy-SLA,Fixed-UCB-1.64sigma-Shield,5
4,4,5,0.0,0.0,0.76313806,0.76313806,0.9999999999986896,0.0,0.0,0.0,0.0,0.6,0,5,4013,DT-Top1,Full-CertiTwin-q90,5
4,4,5,0.0,0.0,0.76313806,0.76313806,0.9999999999986896,0.0,0.0,0.0,0.0,0.6,0,5,4013,DT-Top1,SLA-Rule-Shield,5
4,4,5,0.0,0.0,0.76313806,0.76313806,0.9999999999986896,0.0,0.0,0.0,0.0,0.6,0,5,4013,DT-Top1,Fixed-UCB-1sigma-Shield,5
4,4,5,0.0,0.0,0.76313806,0.76313806,0.9999999999986896,0.0,0.0,0.0,0.0,0.6,0,5,4013,DT-Top1,Fixed-UCB-1.64sigma-Shield,5
2,2,5,0.0,0.0,0.6677499,0.6677499,0.9999999999985024,0.0,0.0,0.0,0.0,0.6,0,5,23840,PF,Full-CertiTwin-q90,5
2,2,5,0.0,0.0,0.6677499,0.6677499,0.9999999999985024,0.0,0.0,0.0,0.0,0.6,0,5,23840,PF,SLA-Rule-Shield,5
2,2,5,0.0,0.0,0.6677499,0.6677499,0.9999999999985024,0.0,0.0,0.0,0.0,0.6,0,5,23840,PF,Fixed-UCB-1sigma-Shield,5
2,2,5,0.0,0.0,0.6677499,0.6677499,0.9999999999985024,0.0,0.0,0.0,0.0,0.6,0,5,23840,PF,Fixed-UCB-1.64sigma-Shield,5
4,4,5,0.0,0.0,0.76313806,0.76313806,0.9999999999986896,0.0,0.0,0.0,0.0,0.6,0,5,23840,Greedy-SLA,Full-CertiTwin-q90,5
4,4,5,0.0,0.0,0.76313806,0.76313806,0.9999999999986896,0.0,0.0,0.0,0.0,0.6,0,5,23840,Greedy-SLA,SLA-Rule-Shield,5
4,4,5,0.0,0.0,0.76313806,0.76313806,0.9999999999986896,0.0,0.0,0.0,0.0,0.6,0,5,23840,Greedy-SLA,Fixed-UCB-1sigma-Shield,5
4,4,5,0.0,0.0,0.76313806,0.76313806,0.9999999999986896,0.0,0.0,0.0,0.0,0.6,0,5,23840,Greedy-SLA,Fixed-UCB-1.64sigma-Shield,5
0,2,5,1.0,0.0,0.76278657,0.6677499,0.875408569397236,1.0,21.0,0.0,0.0,0.6,0,5,23840,DT-Top1,Full-CertiTwin-q90,5
0,4,5,1.0,0.0,0.76278657,0.76313806,1.000460797309265,1.0,57.0,0.0,0.0,0.6,0,5,23840,DT-Top1,SLA-Rule-Shield,5
0,2,5,1.0,0.0,0.76278657,0.6677499,0.875408569397236,1.0,21.0,0.0,0.0,0.6,0,5,23840,DT-Top1,Fixed-UCB-1sigma-Shield,5
0,2,5,1.0,0.0,0.76278657,0.6677499,0.875408569397236,1.0,21.0,0.0,0.0,0.6,0,5,23840,DT-Top1,Fixed-UCB-1.64sigma-Shield,5
2,2,5,0.0,0.0,0.6677499,0.6677499,0.9999999999985024,0.0,0.0,0.0,0.0,0.6,0,5,29603,PF,Full-CertiTwin-q90,5
2,2,5,0.0,0.0,0.6677499,0.6677499,0.9999999999985024,0.0,0.0,0.0,0.0,0.6,0,5,29603,PF,SLA-Rule-Shield,5
2,2,5,0.0,0.0,0.6677499,0.6677499,0.9999999999985024,0.0,0.0,0.0,0.0,0.6,0,5,29603,PF,Fixed-UCB-1sigma-Shield,5
2,2,5,0.0,0.0,0.6677499,0.6677499,0.9999999999985024,0.0,0.0,0.0,0.0,0.6,0,5,29603,PF,Fixed-UCB-1.64sigma-Shield,5
4,4,5,0.0,0.0,0.76313806,0.76313806,0.9999999999986896,0.0,0.0,0.0,0.0,0.6,0,5,29603,Greedy-SLA,Full-CertiTwin-q90,5
4,4,5,0.0,0.0,0.76313806,0.76313806,0.9999999999986896,0.0,0.0,0.0,0.0,0.6,0,5,29603,Greedy-SLA,SLA-Rule-Shield,5
4,4,5,0.0,0.0,0.76313806,0.76313806,0.9999999999986896,0.0,0.0,0.0,0.0,0.6,0,5,29603,Greedy-SLA,Fixed-UCB-1sigma-Shield,5
4,4,5,0.0,0.0,0.76313806,0.76313806,0.9999999999986896,0.0,0.0,0.0,0.0,0.6,0,5,29603,Greedy-SLA,Fixed-UCB-1.64sigma-Shield,5
0,2,5,1.0,0.0,0.76278657,0.6677499,0.875408569397236,1.0,21.0,0.0,0.0,0.6,0,5,29603,DT-Top1,Full-CertiTwin-q90,5
0,4,5,1.0,0.0,0.76278657,0.76313806,1.000460797309265,1.0,57.0,0.0,0.0,0.6,0,5,29603,DT-Top1,SLA-Rule-Shield,5
0,2,5,1.0,0.0,0.76278657,0.6677499,0.875408569397236,1.0,21.0,0.0,0.0,0.6,0,5,29603,DT-Top1,Fixed-UCB-1sigma-Shield,5
0,2,5,1.0,0.0,0.76278657,0.6677499,0.875408569397236,1.0,21.0,0.0,0.0,0.6,0,5,29603,DT-Top1,Fixed-UCB-1.64sigma-Shield,5
2,2,5,0.0,0.0,0.6677499,0.6677499,0.9999999999985024,0.0,0.0,0.0,0.0,0.6,0,5,43011,PF,Full-CertiTwin-q90,5
2,2,5,0.0,0.0,0.6677499,0.6677499,0.9999999999985024,0.0,0.0,0.0,0.0,0.6,0,5,43011,PF,SLA-Rule-Shield,5
2,2,5,0.0,0.0,0.6677499,0.6677499,0.9999999999985024,0.0,0.0,0.0,0.0,0.6,0,5,43011,PF,Fixed-UCB-1sigma-Shield,5
2,2,5,0.0,0.0,0.6677499,0.6677499,0.9999999999985024,0.0,0.0,0.0,0.0,0.6,0,5,43011,PF,Fixed-UCB-1.64sigma-Shield,5
0,2,5,1.0,0.0,0.76278657,0.6677499,0.875408569397236,1.0,21.0,0.0,0.0,0.6,0,5,43011,Greedy-SLA,Full-CertiTwin-q90,5
0,4,5,1.0,0.0,0.76278657,0.76313806,1.000460797309265,1.0,57.0,0.0,0.0,0.6,0,5,43011,Greedy-SLA,SLA-Rule-Shield,5
0,2,5,1.0,0.0,0.76278657,0.6677499,0.875408569397236,1.0,21.0,0.0,0.0,0.6,0,5,43011,Greedy-SLA,Fixed-UCB-1sigma-Shield,5
0,2,5,1.0,0.0,0.76278657,0.6677499,0.875408569397236,1.0,21.0,0.0,0.0,0.6,0,5,43011,Greedy-SLA,Fixed-UCB-1.64sigma-Shield,5
0,2,5,1.0,0.0,0.76278657,0.6677499,0.875408569397236,1.0,21.0,0.0,0.0,0.6,0,5,43011,DT-Top1,Full-CertiTwin-q90,5
0,4,5,1.0,0.0,0.76278657,0.76313806,1.000460797309265,1.0,57.0,0.0,0.0,0.6,0,5,43011,DT-Top1,SLA-Rule-Shield,5
0,2,5,1.0,0.0,0.76278657,0.6677499,0.875408569397236,1.0,21.0,0.0,0.0,0.6,0,5,43011,DT-Top1,Fixed-UCB-1sigma-Shield,5
0,2,5,1.0,0.0,0.76278657,0.6677499,0.875408569397236,1.0,21.0,0.0,0.0,0.6,0,5,43011,DT-Top1,Fixed-UCB-1.64sigma-Shield,5
2,2,5,0.0,0.0,0.6677499,0.6677499,0.9999999999985024,0.0,0.0,0.0,0.0,0.6,0,5,58703,PF,Full-CertiTwin-q90,5
2,2,5,0.0,0.0,0.6677499,0.6677499,0.9999999999985024,0.0,0.0,0.0,0.0,0.6,0,5,58703,PF,SLA-Rule-Shield,5
2,2,5,0.0,0.0,0.6677499,0.6677499,0.9999999999985024,0.0,0.0,0.0,0.0,0.6,0,5,58703,PF,Fixed-UCB-1sigma-Shield,5
2,2,5,0.0,0.0,0.6677499,0.6677499,0.9999999999985024,0.0,0.0,0.0,0.0,0.6,0,5,58703,PF,Fixed-UCB-1.64sigma-Shield,5
4,4,5,0.0,0.0,0.76313806,0.76313806,0.9999999999986896,0.0,0.0,0.0,0.0,0.6,0,5,58703,Greedy-SLA,Full-CertiTwin-q90,5
4,4,5,0.0,0.0,0.76313806,0.76313806,0.9999999999986896,0.0,0.0,0.0,0.0,0.6,0,5,58703,Greedy-SLA,SLA-Rule-Shield,5
4,4,5,0.0,0.0,0.76313806,0.76313806,0.9999999999986896,0.0,0.0,0.0,0.0,0.6,0,5,58703,Greedy-SLA,Fixed-UCB-1sigma-Shield,5
4,4,5,0.0,0.0,0.76313806,0.76313806,0.9999999999986896,0.0,0.0,0.0,0.0,0.6,0,5,58703,Greedy-SLA,Fixed-UCB-1.64sigma-Shield,5
0,2,5,1.0,0.0,0.77741534,0.6677499,0.8589358424534574,1.0,21.0,0.0,0.0,0.6,0,5,58703,DT-Top1,Full-CertiTwin-q90,5
0,4,5,1.0,0.0,0.77741534,0.76313806,0.981634939180668,1.0,57.0,0.0,0.0,0.6,0,5,58703,DT-Top1,SLA-Rule-Shield,5
0,2,5,1.0,0.0,0.77741534,0.6677499,0.8589358424534574,1.0,21.0,0.0,0.0,0.6,0,5,58703,DT-Top1,Fixed-UCB-1sigma-Shield,5
0,2,5,1.0,0.0,0.77741534,0.6677499,0.8589358424534574,1.0,21.0,0.0,0.0,0.6,0,5,58703,DT-Top1,Fixed-UCB-1.64sigma-Shield,5
2,2,5,0.0,0.0,0.6677499,0.6677499,0.9999999999985024,0.0,0.0,0.0,0.0,0.6,0,5,2290,PF,Full-CertiTwin-q90,5
2,2,5,0.0,0.0,0.6677499,0.6677499,0.9999999999985024,0.0,0.0,0.0,0.0,0.6,0,5,2290,PF,SLA-Rule-Shield,5
2,2,5,0.0,0.0,0.6677499,0.6677499,0.9999999999985024,0.0,0.0,0.0,0.0,0.6,0,5,2290,PF,Fixed-UCB-1sigma-Shield,5
2,2,5,0.0,0.0,0.6677499,0.6677499,0.9999999999985024,0.0,0.0,0.0,0.0,0.6,0,5,2290,PF,Fixed-UCB-1.64sigma-Shield,5
4,4,5,0.0,0.0,0.7566483,0.7566483,0.9999999999986784,0.0,0.0,0.0,0.0,0.6,0,5,2290,Greedy-SLA,Full-CertiTwin-q90,5
4,4,5,0.0,0.0,0.7566483,0.7566483,0.9999999999986784,0.0,0.0,0.0,0.0,0.6,0,5,2290,Greedy-SLA,SLA-Rule-Shield,5
4,4,5,0.0,0.0,0.7566483,0.7566483,0.9999999999986784,0.0,0.0,0.0,0.0,0.6,0,5,2290,Greedy-SLA,Fixed-UCB-1sigma-Shield,5
4,4,5,0.0,0.0,0.7566483,0.7566483,0.9999999999986784,0.0,0.0,0.0,0.0,0.6,0,5,2290,Greedy-SLA,Fixed-UCB-1.64sigma-Shield,5
0,2,5,1.0,0.0,0.76278657,0.6677499,0.875408569397236,1.0,21.0,0.0,0.0,0.6,0,5,2290,DT-Top1,Full-CertiTwin-q90,5
0,4,5,1.0,0.0,0.76278657,0.7566483,0.9919528341971308,1.0,57.0,0.0,0.0,0.6,0,5,2290,DT-Top1,SLA-Rule-Shield,5
0,2,5,1.0,0.0,0.76278657,0.6677499,0.875408569397236,1.0,21.0,0.0,0.0,0.6,0,5,2290,DT-Top1,Fixed-UCB-1sigma-Shield,5
0,2,5,1.0,0.0,0.76278657,0.6677499,0.875408569397236,1.0,21.0,0.0,0.0,0.6,0,5,2290,DT-Top1,Fixed-UCB-1.64sigma-Shield,5
2,2,5,0.0,0.0,0.6677499,0.6677499,0.9999999999985024,0.0,0.0,0.0,0.0,0.6,0,5,55984,PF,Full-CertiTwin-q90,5
2,2,5,0.0,0.0,0.6677499,0.6677499,0.9999999999985024,0.0,0.0,0.0,0.0,0.6,0,5,55984,PF,SLA-Rule-Shield,5
2,2,5,0.0,0.0,0.6677499,0.6677499,0.9999999999985024,0.0,0.0,0.0,0.0,0.6,0,5,55984,PF,Fixed-UCB-1sigma-Shield,5
2,2,5,0.0,0.0,0.6677499,0.6677499,0.9999999999985024,0.0,0.0,0.0,0.0,0.6,0,5,55984,PF,Fixed-UCB-1.64sigma-Shield,5
0,2,5,1.0,0.0,0.76278657,0.6677499,0.875408569397236,1.0,21.0,0.0,0.0,0.6,0,5,55984,Greedy-SLA,Full-CertiTwin-q90,5
0,4,5,1.0,0.0,0.76278657,0.76313806,1.000460797309265,1.0,57.0,0.0,0.0,0.6,0,5,55984,Greedy-SLA,SLA-Rule-Shield,5
0,2,5,1.0,0.0,0.76278657,0.6677499,0.875408569397236,1.0,21.0,0.0,0.0,0.6,0,5,55984,Greedy-SLA,Fixed-UCB-1sigma-Shield,5
0,2,5,1.0,0.0,0.76278657,0.6677499,0.875408569397236,1.0,21.0,0.0,0.0,0.6,0,5,55984,Greedy-SLA,Fixed-UCB-1.64sigma-Shield,5
0,2,5,1.0,0.0,0.76278657,0.6677499,0.875408569397236,1.0,21.0,0.0,0.0,0.6,0,5,55984,DT-Top1,Full-CertiTwin-q90,5
0,4,5,1.0,0.0,0.76278657,0.76313806,1.000460797309265,1.0,57.0,0.0,0.0,0.6,0,5,55984,DT-Top1,SLA-Rule-Shield,5
0,2,5,1.0,0.0,0.76278657,0.6677499,0.875408569397236,1.0,21.0,0.0,0.0,0.6,0,5,55984,DT-Top1,Fixed-UCB-1sigma-Shield,5
0,2,5,1.0,0.0,0.76278657,0.6677499,0.875408569397236,1.0,21.0,0.0,0.0,0.6,0,5,55984,DT-Top1,Fixed-UCB-1.64sigma-Shield,5
2,2,5,0.0,0.0,0.6682329,0.6682329,0.9999999999985036,0.0,0.0,0.0,0.0,0.6,0,5,52800,PF,Full-CertiTwin-q90,5
2,2,5,0.0,0.0,0.6682329,0.6682329,0.9999999999985036,0.0,0.0,0.0,0.0,0.6,0,5,52800,PF,SLA-Rule-Shield,5
2,2,5,0.0,0.0,0.6682329,0.6682329,0.9999999999985036,0.0,0.0,0.0,0.0,0.6,0,5,52800,PF,Fixed-UCB-1sigma-Shield,5
2,2,5,0.0,0.0,0.6682329,0.6682329,0.9999999999985036,0.0,0.0,0.0,0.0,0.6,0,5,52800,PF,Fixed-UCB-1.64sigma-Shield,5
4,4,5,0.0,0.0,0.76313806,0.76313806,0.9999999999986896,0.0,0.0,0.0,0.0,0.6,0,5,52800,Greedy-SLA,Full-CertiTwin-q90,5
4,4,5,0.0,0.0,0.76313806,0.76313806,0.9999999999986896,0.0,0.0,0.0,0.0,0.6,0,5,52800,Greedy-SLA,SLA-Rule-Shield,5
4,4,5,0.0,0.0,0.76313806,0.76313806,0.9999999999986896,0.0,0.0,0.0,0.0,0.6,0,5,52800,Greedy-SLA,Fixed-UCB-1sigma-Shield,5
4,4,5,0.0,0.0,0.76313806,0.76313806,0.9999999999986896,0.0,0.0,0.0,0.0,0.6,0,5,52800,Greedy-SLA,Fixed-UCB-1.64sigma-Shield,5
0,2,5,1.0,0.0,0.76278657,0.6682329,0.8760417740431953,1.0,21.0,0.0,0.0,0.6,0,5,52800,DT-Top1,Full-CertiTwin-q90,5
0,4,5,1.0,0.0,0.76278657,0.76313806,1.000460797309265,1.0,57.0,0.0,0.0,0.6,0,5,52800,DT-Top1,SLA-Rule-Shield,5
0,2,5,1.0,0.0,0.76278657,0.6682329,0.8760417740431953,1.0,21.0,0.0,0.0,0.6,0,5,52800,DT-Top1,Fixed-UCB-1sigma-Shield,5
0,2,5,1.0,0.0,0.76278657,0.6682329,0.8760417740431953,1.0,21.0,0.0,0.0,0.6,0,5,52800,DT-Top1,Fixed-UCB-1.64sigma-Shield,5
2,2,5,0.0,0.0,0.6374081,0.6374081,0.9999999999984313,0.0,0.0,0.0,0.0,0.6,0,5,34316,PF,Full-CertiTwin-q90,5
2,2,5,0.0,0.0,0.6374081,0.6374081,0.9999999999984313,0.0,0.0,0.0,0.0,0.6,0,5,34316,PF,SLA-Rule-Shield,5
2,2,5,0.0,0.0,0.6374081,0.6374081,0.9999999999984313,0.0,0.0,0.0,0.0,0.6,0,5,34316,PF,Fixed-UCB-1sigma-Shield,5
2,2,5,0.0,0.0,0.6374081,0.6374081,0.9999999999984313,0.0,0.0,0.0,0.0,0.6,0,5,34316,PF,Fixed-UCB-1.64sigma-Shield,5
4,4,5,0.0,0.0,0.76313806,0.76313806,0.9999999999986896,0.0,0.0,0.0,0.0,0.6,0,5,34316,Greedy-SLA,Full-CertiTwin-q90,5
4,4,5,0.0,0.0,0.76313806,0.76313806,0.9999999999986896,0.0,0.0,0.0,0.0,0.6,0,5,34316,Greedy-SLA,SLA-Rule-Shield,5
4,4,5,0.0,0.0,0.76313806,0.76313806,0.9999999999986896,0.0,0.0,0.0,0.0,0.6,0,5,34316,Greedy-SLA,Fixed-UCB-1sigma-Shield,5
4,4,5,0.0,0.0,0.76313806,0.76313806,0.9999999999986896,0.0,0.0,0.0,0.0,0.6,0,5,34316,Greedy-SLA,Fixed-UCB-1.64sigma-Shield,5
0,2,5,1.0,0.0,0.76278657,0.6374081,0.8356309943935751,1.0,21.0,0.0,0.0,0.6,0,5,34316,DT-Top1,Full-CertiTwin-q90,5
0,4,5,1.0,0.0,0.76278657,0.76313806,1.000460797309265,1.0,57.0,0.0,0.0,0.6,0,5,34316,DT-Top1,SLA-Rule-Shield,5
0,2,5,1.0,0.0,0.76278657,0.6374081,0.8356309943935751,1.0,21.0,0.0,0.0,0.6,0,5,34316,DT-Top1,Fixed-UCB-1sigma-Shield,5
0,2,5,1.0,0.0,0.76278657,0.6374081,0.8356309943935751,1.0,21.0,0.0,0.0,0.6,0,5,34316,DT-Top1,Fixed-UCB-1.64sigma-Shield,5
2,2,5,0.0,0.0,0.6374081,0.6374081,0.9999999999984313,0.0,0.0,0.0,0.0,0.6,0,5,12976,PF,Full-CertiTwin-q90,5
2,2,5,0.0,0.0,0.6374081,0.6374081,0.9999999999984313,0.0,0.0,0.0,0.0,0.6,0,5,12976,PF,SLA-Rule-Shield,5
2,2,5,0.0,0.0,0.6374081,0.6374081,0.9999999999984313,0.0,0.0,0.0,0.0,0.6,0,5,12976,PF,Fixed-UCB-1sigma-Shield,5
2,2,5,0.0,0.0,0.6374081,0.6374081,0.9999999999984313,0.0,0.0,0.0,0.0,0.6,0,5,12976,PF,Fixed-UCB-1.64sigma-Shield,5
4,4,5,0.0,0.0,0.76313806,0.76313806,0.9999999999986896,0.0,0.0,0.0,0.0,0.6,0,5,12976,Greedy-SLA,Full-CertiTwin-q90,5
4,4,5,0.0,0.0,0.76313806,0.76313806,0.9999999999986896,0.0,0.0,0.0,0.0,0.6,0,5,12976,Greedy-SLA,SLA-Rule-Shield,5
4,4,5,0.0,0.0,0.76313806,0.76313806,0.9999999999986896,0.0,0.0,0.0,0.0,0.6,0,5,12976,Greedy-SLA,Fixed-UCB-1sigma-Shield,5
4,4,5,0.0,0.0,0.76313806,0.76313806,0.9999999999986896,0.0,0.0,0.0,0.0,0.6,0,5,12976,Greedy-SLA,Fixed-UCB-1.64sigma-Shield,5
0,2,5,1.0,0.0,0.76278657,0.6374081,0.8356309943935751,1.0,21.0,0.0,0.0,0.6,0,5,12976,DT-Top1,Full-CertiTwin-q90,5
0,4,5,1.0,0.0,0.76278657,0.76313806,1.000460797309265,1.0,57.0,0.0,0.0,0.6,0,5,12976,DT-Top1,SLA-Rule-Shield,5
0,2,5,1.0,0.0,0.76278657,0.6374081,0.8356309943935751,1.0,21.0,0.0,0.0,0.6,0,5,12976,DT-Top1,Fixed-UCB-1sigma-Shield,5
0,2,5,1.0,0.0,0.76278657,0.6374081,0.8356309943935751,1.0,21.0,0.0,0.0,0.6,0,5,12976,DT-Top1,Fixed-UCB-1.64sigma-Shield,5
2,2,5,0.0,0.0,0.6677499,0.6677499,0.9999999999985024,0.0,0.0,0.0,0.0,0.6,0,5,578,PF,Full-CertiTwin-q90,5
2,2,5,0.0,0.0,0.6677499,0.6677499,0.9999999999985024,0.0,0.0,0.0,0.0,0.6,0,5,578,PF,SLA-Rule-Shield,5
2,2,5,0.0,0.0,0.6677499,0.6677499,0.9999999999985024,0.0,0.0,0.0,0.0,0.6,0,5,578,PF,Fixed-UCB-1sigma-Shield,5
2,2,5,0.0,0.0,0.6677499,0.6677499,0.9999999999985024,0.0,0.0,0.0,0.0,0.6,0,5,578,PF,Fixed-UCB-1.64sigma-Shield,5
4,4,5,0.0,0.0,0.7566483,0.7566483,0.9999999999986784,0.0,0.0,0.0,0.0,0.6,0,5,578,Greedy-SLA,Full-CertiTwin-q90,5
4,4,5,0.0,0.0,0.7566483,0.7566483,0.9999999999986784,0.0,0.0,0.0,0.0,0.6,0,5,578,Greedy-SLA,SLA-Rule-Shield,5
4,4,5,0.0,0.0,0.7566483,0.7566483,0.9999999999986784,0.0,0.0,0.0,0.0,0.6,0,5,578,Greedy-SLA,Fixed-UCB-1sigma-Shield,5
4,4,5,0.0,0.0,0.7566483,0.7566483,0.9999999999986784,0.0,0.0,0.0,0.0,0.6,0,5,578,Greedy-SLA,Fixed-UCB-1.64sigma-Shield,5
0,2,5,1.0,0.0,0.76278657,0.6677499,0.875408569397236,1.0,21.0,0.0,0.0,0.6,0,5,578,DT-Top1,Full-CertiTwin-q90,5
0,4,5,1.0,0.0,0.76278657,0.7566483,0.9919528341971308,1.0,57.0,0.0,0.0,0.6,0,5,578,DT-Top1,SLA-Rule-Shield,5
0,2,5,1.0,0.0,0.76278657,0.6677499,0.875408569397236,1.0,21.0,0.0,0.0,0.6,0,5,578,DT-Top1,Fixed-UCB-1sigma-Shield,5
0,2,5,1.0,0.0,0.76278657,0.6677499,0.875408569397236,1.0,21.0,0.0,0.0,0.6,0,5,578,DT-Top1,Fixed-UCB-1.64sigma-Shield,5
2,2,5,0.0,0.0,0.65129316,0.65129316,0.9999999999984648,0.0,0.0,0.0,0.0,0.6,0,5,49874,PF,Full-CertiTwin-q90,5
2,2,5,0.0,0.0,0.65129316,0.65129316,0.9999999999984648,0.0,0.0,0.0,0.0,0.6,0,5,49874,PF,SLA-Rule-Shield,5
2,2,5,0.0,0.0,0.65129316,0.65129316,0.9999999999984648,0.0,0.0,0.0,0.0,0.6,0,5,49874,PF,Fixed-UCB-1sigma-Shield,5
2,2,5,0.0,0.0,0.65129316,0.65129316,0.9999999999984648,0.0,0.0,0.0,0.0,0.6,0,5,49874,PF,Fixed-UCB-1.64sigma-Shield,5
4,4,5,0.0,0.0,0.76313806,0.76313806,0.9999999999986896,0.0,0.0,0.0,0.0,0.6,0,5,49874,Greedy-SLA,Full-CertiTwin-q90,5
4,4,5,0.0,0.0,0.76313806,0.76313806,0.9999999999986896,0.0,0.0,0.0,0.0,0.6,0,5,49874,Greedy-SLA,SLA-Rule-Shield,5
4,4,5,0.0,0.0,0.76313806,0.76313806,0.9999999999986896,0.0,0.0,0.0,0.0,0.6,0,5,49874,Greedy-SLA,Fixed-UCB-1sigma-Shield,5
4,4,5,0.0,0.0,0.76313806,0.76313806,0.9999999999986896,0.0,0.0,0.0,0.0,0.6,0,5,49874,Greedy-SLA,Fixed-UCB-1.64sigma-Shield,5
0,2,5,1.0,0.0,0.76278657,0.65129316,0.8538340678954877,1.0,21.0,0.0,0.0,0.6,0,5,49874,DT-Top1,Full-CertiTwin-q90,5
0,4,5,1.0,0.0,0.76278657,0.76313806,1.000460797309265,1.0,57.0,0.0,0.0,0.6,0,5,49874,DT-Top1,SLA-Rule-Shield,5
0,2,5,1.0,0.0,0.76278657,0.65129316,0.8538340678954877,1.0,21.0,0.0,0.0,0.6,0,5,49874,DT-Top1,Fixed-UCB-1sigma-Shield,5
0,2,5,1.0,0.0,0.76278657,0.65129316,0.8538340678954877,1.0,21.0,0.0,0.0,0.6,0,5,49874,DT-Top1,Fixed-UCB-1.64sigma-Shield,5
2,2,5,0.0,0.0,0.7186651,0.7186651,0.9999999999986086,0.0,0.0,0.0,0.0,0.6,0,5,10108,PF,Full-CertiTwin-q90,5
2,2,5,0.0,0.0,0.7186651,0.7186651,0.9999999999986086,0.0,0.0,0.0,0.0,0.6,0,5,10108,PF,SLA-Rule-Shield,5
2,2,5,0.0,0.0,0.7186651,0.7186651,0.9999999999986086,0.0,0.0,0.0,0.0,0.6,0,5,10108,PF,Fixed-UCB-1sigma-Shield,5
2,2,5,0.0,0.0,0.7186651,0.7186651,0.9999999999986086,0.0,0.0,0.0,0.0,0.6,0,5,10108,PF,Fixed-UCB-1.64sigma-Shield,5
4,4,5,0.0,0.0,0.76313806,0.76313806,0.9999999999986896,0.0,0.0,0.0,0.0,0.6,0,5,10108,Greedy-SLA,Full-CertiTwin-q90,5
4,4,5,0.0,0.0,0.76313806,0.76313806,0.9999999999986896,0.0,0.0,0.0,0.0,0.6,0,5,10108,Greedy-SLA,SLA-Rule-Shield,5
4,4,5,0.0,0.0,0.76313806,0.76313806,0.9999999999986896,0.0,0.0,0.0,0.0,0.6,0,5,10108,Greedy-SLA,Fixed-UCB-1sigma-Shield,5
4,4,5,0.0,0.0,0.76313806,0.76313806,0.9999999999986896,0.0,0.0,0.0,0.0,0.6,0,5,10108,Greedy-SLA,Fixed-UCB-1.64sigma-Shield,5
4,4,5,0.0,0.0,0.76313806,0.76313806,0.9999999999986896,0.0,0.0,0.0,0.0,0.6,0,5,10108,DT-Top1,Full-CertiTwin-q90,5
4,4,5,0.0,0.0,0.76313806,0.76313806,0.9999999999986896,0.0,0.0,0.0,0.0,0.6,0,5,10108,DT-Top1,SLA-Rule-Shield,5
4,4,5,0.0,0.0,0.76313806,0.76313806,0.9999999999986896,0.0,0.0,0.0,0.0,0.6,0,5,10108,DT-Top1,Fixed-UCB-1sigma-Shield,5
4,4,5,0.0,0.0,0.76313806,0.76313806,0.9999999999986896,0.0,0.0,0.0,0.0,0.6,0,5,10108,DT-Top1,Fixed-UCB-1.64sigma-Shield,5
2,2,5,0.0,0.0,0.6677499,0.6677499,0.9999999999985024,0.0,0.0,0.0,0.0,0.6,0,5,34274,PF,Full-CertiTwin-q90,5
2,2,5,0.0,0.0,0.6677499,0.6677499,0.9999999999985024,0.0,0.0,0.0,0.0,0.6,0,5,34274,PF,SLA-Rule-Shield,5
2,2,5,0.0,0.0,0.6677499,0.6677499,0.9999999999985024,0.0,0.0,0.0,0.0,0.6,0,5,34274,PF,Fixed-UCB-1sigma-Shield,5
2,2,5,0.0,0.0,0.6677499,0.6677499,0.9999999999985024,0.0,0.0,0.0,0.0,0.6,0,5,34274,PF,Fixed-UCB-1.64sigma-Shield,5
4,4,5,0.0,0.0,0.76313806,0.76313806,0.9999999999986896,0.0,0.0,0.0,0.0,0.6,0,5,34274,Greedy-SLA,Full-CertiTwin-q90,5
4,4,5,0.0,0.0,0.76313806,0.76313806,0.9999999999986896,0.0,0.0,0.0,0.0,0.6,0,5,34274,Greedy-SLA,SLA-Rule-Shield,5
4,4,5,0.0,0.0,0.76313806,0.76313806,0.9999999999986896,0.0,0.0,0.0,0.0,0.6,0,5,34274,Greedy-SLA,Fixed-UCB-1sigma-Shield,5
4,4,5,0.0,0.0,0.76313806,0.76313806,0.9999999999986896,0.0,0.0,0.0,0.0,0.6,0,5,34274,Greedy-SLA,Fixed-UCB-1.64sigma-Shield,5
4,4,5,0.0,0.0,0.76313806,0.76313806,0.9999999999986896,0.0,0.0,0.0,0.0,0.6,0,5,34274,DT-Top1,Full-CertiTwin-q90,5
4,4,5,0.0,0.0,0.76313806,0.76313806,0.9999999999986896,0.0,0.0,0.0,0.0,0.6,0,5,34274,DT-Top1,SLA-Rule-Shield,5
4,4,5,0.0,0.0,0.76313806,0.76313806,0.9999999999986896,0.0,0.0,0.0,0.0,0.6,0,5,34274,DT-Top1,Fixed-UCB-1sigma-Shield,5
4,4,5,0.0,0.0,0.76313806,0.76313806,0.9999999999986896,0.0,0.0,0.0,0.0,0.6,0,5,34274,DT-Top1,Fixed-UCB-1.64sigma-Shield,5
2,2,5,0.0,0.0,0.6677499,0.6677499,0.9999999999985024,0.0,0.0,0.0,0.0,0.6,0,5,56444,PF,Full-CertiTwin-q90,5
2,2,5,0.0,0.0,0.6677499,0.6677499,0.9999999999985024,0.0,0.0,0.0,0.0,0.6,0,5,56444,PF,SLA-Rule-Shield,5
2,2,5,0.0,0.0,0.6677499,0.6677499,0.9999999999985024,0.0,0.0,0.0,0.0,0.6,0,5,56444,PF,Fixed-UCB-1sigma-Shield,5
2,2,5,0.0,0.0,0.6677499,0.6677499,0.9999999999985024,0.0,0.0,0.0,0.0,0.6,0,5,56444,PF,Fixed-UCB-1.64sigma-Shield,5
4,4,5,0.0,0.0,0.7566483,0.7566483,0.9999999999986784,0.0,0.0,0.0,0.0,0.6,0,5,56444,Greedy-SLA,Full-CertiTwin-q90,5
4,4,5,0.0,0.0,0.7566483,0.7566483,0.9999999999986784,0.0,0.0,0.0,0.0,0.6,0,5,56444,Greedy-SLA,SLA-Rule-Shield,5
4,4,5,0.0,0.0,0.7566483,0.7566483,0.9999999999986784,0.0,0.0,0.0,0.0,0.6,0,5,56444,Greedy-SLA,Fixed-UCB-1sigma-Shield,5
4,4,5,0.0,0.0,0.7566483,0.7566483,0.9999999999986784,0.0,0.0,0.0,0.0,0.6,0,5,56444,Greedy-SLA,Fixed-UCB-1.64sigma-Shield,5
0,2,5,1.0,0.0,0.76278657,0.6677499,0.875408569397236,1.0,21.0,0.0,0.0,0.6,0,5,56444,DT-Top1,Full-CertiTwin-q90,5
0,4,5,1.0,0.0,0.76278657,0.7566483,0.9919528341971308,1.0,57.0,0.0,0.0,0.6,0,5,56444,DT-Top1,SLA-Rule-Shield,5
0,2,5,1.0,0.0,0.76278657,0.6677499,0.875408569397236,1.0,21.0,0.0,0.0,0.6,0,5,56444,DT-Top1,Fixed-UCB-1sigma-Shield,5
0,2,5,1.0,0.0,0.76278657,0.6677499,0.875408569397236,1.0,21.0,0.0,0.0,0.6,0,5,56444,DT-Top1,Fixed-UCB-1.64sigma-Shield,5
2,2,5,0.0,0.0,0.6677499,0.6677499,0.9999999999985024,0.0,0.0,0.0,0.0,0.6,0,5,26368,PF,Full-CertiTwin-q90,5
2,2,5,0.0,0.0,0.6677499,0.6677499,0.9999999999985024,0.0,0.0,0.0,0.0,0.6,0,5,26368,PF,SLA-Rule-Shield,5
2,2,5,0.0,0.0,0.6677499,0.6677499,0.9999999999985024,0.0,0.0,0.0,0.0,0.6,0,5,26368,PF,Fixed-UCB-1sigma-Shield,5
2,2,5,0.0,0.0,0.6677499,0.6677499,0.9999999999985024,0.0,0.0,0.0,0.0,0.6,0,5,26368,PF,Fixed-UCB-1.64sigma-Shield,5
4,4,5,0.0,0.0,0.7566483,0.7566483,0.9999999999986784,0.0,0.0,0.0,0.0,0.6,0,5,26368,Greedy-SLA,Full-CertiTwin-q90,5
4,4,5,0.0,0.0,0.7566483,0.7566483,0.9999999999986784,0.0,0.0,0.0,0.0,0.6,0,5,26368,Greedy-SLA,SLA-Rule-Shield,5
4,4,5,0.0,0.0,0.7566483,0.7566483,0.9999999999986784,0.0,0.0,0.0,0.0,0.6,0,5,26368,Greedy-SLA,Fixed-UCB-1sigma-Shield,5
4,4,5,0.0,0.0,0.7566483,0.7566483,0.9999999999986784,0.0,0.0,0.0,0.0,0.6,0,5,26368,Greedy-SLA,Fixed-UCB-1.64sigma-Shield,5
0,2,5,1.0,0.0,0.76278657,0.6677499,0.875408569397236,1.0,21.0,0.0,0.0,0.6,0,5,26368,DT-Top1,Full-CertiTwin-q90,5
0,4,5,1.0,0.0,0.76278657,0.7566483,0.9919528341971308,1.0,57.0,0.0,0.0,0.6,0,5,26368,DT-Top1,SLA-Rule-Shield,5
0,2,5,1.0,0.0,0.76278657,0.6677499,0.875408569397236,1.0,21.0,0.0,0.0,0.6,0,5,26368,DT-Top1,Fixed-UCB-1sigma-Shield,5
0,2,5,1.0,0.0,0.76278657,0.6677499,0.875408569397236,1.0,21.0,0.0,0.0,0.6,0,5,26368,DT-Top1,Fixed-UCB-1.64sigma-Shield,5
2,2,5,0.0,0.0,0.6677499,0.6677499,0.9999999999985024,0.0,0.0,0.0,0.0,0.6,0,5,33411,PF,Full-CertiTwin-q90,5
2,2,5,0.0,0.0,0.6677499,0.6677499,0.9999999999985024,0.0,0.0,0.0,0.0,0.6,0,5,33411,PF,SLA-Rule-Shield,5
2,2,5,0.0,0.0,0.6677499,0.6677499,0.9999999999985024,0.0,0.0,0.0,0.0,0.6,0,5,33411,PF,Fixed-UCB-1sigma-Shield,5
2,2,5,0.0,0.0,0.6677499,0.6677499,0.9999999999985024,0.0,0.0,0.0,0.0,0.6,0,5,33411,PF,Fixed-UCB-1.64sigma-Shield,5
4,4,5,0.0,0.0,0.76313806,0.76313806,0.9999999999986896,0.0,0.0,0.0,0.0,0.6,0,5,33411,Greedy-SLA,Full-CertiTwin-q90,5
4,4,5,0.0,0.0,0.76313806,0.76313806,0.9999999999986896,0.0,0.0,0.0,0.0,0.6,0,5,33411,Greedy-SLA,SLA-Rule-Shield,5
4,4,5,0.0,0.0,0.76313806,0.76313806,0.9999999999986896,0.0,0.0,0.0,0.0,0.6,0,5,33411,Greedy-SLA,Fixed-UCB-1sigma-Shield,5
4,4,5,0.0,0.0,0.76313806,0.76313806,0.9999999999986896,0.0,0.0,0.0,0.0,0.6,0,5,33411,Greedy-SLA,Fixed-UCB-1.64sigma-Shield,5
0,2,5,1.0,0.0,0.77741534,0.6677499,0.8589358424534574,1.0,21.0,0.0,0.0,0.6,0,5,33411,DT-Top1,Full-CertiTwin-q90,5
0,4,5,1.0,0.0,0.77741534,0.76313806,0.981634939180668,1.0,57.0,0.0,0.0,0.6,0,5,33411,DT-Top1,SLA-Rule-Shield,5
0,2,5,1.0,0.0,0.77741534,0.6677499,0.8589358424534574,1.0,21.0,0.0,0.0,0.6,0,5,33411,DT-Top1,Fixed-UCB-1sigma-Shield,5
0,2,5,1.0,0.0,0.77741534,0.6677499,0.8589358424534574,1.0,21.0,0.0,0.0,0.6,0,5,33411,DT-Top1,Fixed-UCB-1.64sigma-Shield,5
2,2,5,0.0,0.0,0.7186651,0.7186651,0.9999999999986086,0.0,0.0,0.0,0.0,0.6,0,5,27186,PF,Full-CertiTwin-q90,5
2,2,5,0.0,0.0,0.7186651,0.7186651,0.9999999999986086,0.0,0.0,0.0,0.0,0.6,0,5,27186,PF,SLA-Rule-Shield,5
2,2,5,0.0,0.0,0.7186651,0.7186651,0.9999999999986086,0.0,0.0,0.0,0.0,0.6,0,5,27186,PF,Fixed-UCB-1sigma-Shield,5
2,2,5,0.0,0.0,0.7186651,0.7186651,0.9999999999986086,0.0,0.0,0.0,0.0,0.6,0,5,27186,PF,Fixed-UCB-1.64sigma-Shield,5
4,4,5,0.0,0.0,0.76313806,0.76313806,0.9999999999986896,0.0,0.0,0.0,0.0,0.6,0,5,27186,Greedy-SLA,Full-CertiTwin-q90,5
4,4,5,0.0,0.0,0.76313806,0.76313806,0.9999999999986896,0.0,0.0,0.0,0.0,0.6,0,5,27186,Greedy-SLA,SLA-Rule-Shield,5
4,4,5,0.0,0.0,0.76313806,0.76313806,0.9999999999986896,0.0,0.0,0.0,0.0,0.6,0,5,27186,Greedy-SLA,Fixed-UCB-1sigma-Shield,5
4,4,5,0.0,0.0,0.76313806,0.76313806,0.9999999999986896,0.0,0.0,0.0,0.0,0.6,0,5,27186,Greedy-SLA,Fixed-UCB-1.64sigma-Shield,5
0,2,5,1.0,0.0,0.76278657,0.7186651,0.942157515960274,1.0,21.0,0.0,0.0,0.6,0,5,27186,DT-Top1,Full-CertiTwin-q90,5
0,4,5,1.0,0.0,0.76278657,0.76313806,1.000460797309265,1.0,57.0,0.0,0.0,0.6,0,5,27186,DT-Top1,SLA-Rule-Shield,5
0,2,5,1.0,0.0,0.76278657,0.7186651,0.942157515960274,1.0,21.0,0.0,0.0,0.6,0,5,27186,DT-Top1,Fixed-UCB-1sigma-Shield,5
0,2,5,1.0,0.0,0.76278657,0.7186651,0.942157515960274,1.0,21.0,0.0,0.0,0.6,0,5,27186,DT-Top1,Fixed-UCB-1.64sigma-Shield,5
2,2,5,0.0,0.0,0.6677499,0.6677499,0.9999999999985024,0.0,0.0,0.0,0.0,0.6,0,5,5138,PF,Full-CertiTwin-q90,5
2,2,5,0.0,0.0,0.6677499,0.6677499,0.9999999999985024,0.0,0.0,0.0,0.0,0.6,0,5,5138,PF,SLA-Rule-Shield,5
2,2,5,0.0,0.0,0.6677499,0.6677499,0.9999999999985024,0.0,0.0,0.0,0.0,0.6,0,5,5138,PF,Fixed-UCB-1sigma-Shield,5
2,2,5,0.0,0.0,0.6677499,0.6677499,0.9999999999985024,0.0,0.0,0.0,0.0,0.6,0,5,5138,PF,Fixed-UCB-1.64sigma-Shield,5
4,4,5,0.0,0.0,0.76313806,0.76313806,0.9999999999986896,0.0,0.0,0.0,0.0,0.6,0,5,5138,Greedy-SLA,Full-CertiTwin-q90,5
4,4,5,0.0,0.0,0.76313806,0.76313806,0.9999999999986896,0.0,0.0,0.0,0.0,0.6,0,5,5138,Greedy-SLA,SLA-Rule-Shield,5
4,4,5,0.0,0.0,0.76313806,0.76313806,0.9999999999986896,0.0,0.0,0.0,0.0,0.6,0,5,5138,Greedy-SLA,Fixed-UCB-1sigma-Shield,5
4,4,5,0.0,0.0,0.76313806,0.76313806,0.9999999999986896,0.0,0.0,0.0,0.0,0.6,0,5,5138,Greedy-SLA,Fixed-UCB-1.64sigma-Shield,5
4,4,5,0.0,0.0,0.76313806,0.76313806,0.9999999999986896,0.0,0.0,0.0,0.0,0.6,0,5,5138,DT-Top1,Full-CertiTwin-q90,5
4,4,5,0.0,0.0,0.76313806,0.76313806,0.9999999999986896,0.0,0.0,0.0,0.0,0.6,0,5,5138,DT-Top1,SLA-Rule-Shield,5
4,4,5,0.0,0.0,0.76313806,0.76313806,0.9999999999986896,0.0,0.0,0.0,0.0,0.6,0,5,5138,DT-Top1,Fixed-UCB-1sigma-Shield,5
4,4,5,0.0,0.0,0.76313806,0.76313806,0.9999999999986896,0.0,0.0,0.0,0.0,0.6,0,5,5138,DT-Top1,Fixed-UCB-1.64sigma-Shield,5
2,2,5,0.0,0.0,0.6682329,0.6682329,0.9999999999985036,0.0,0.0,0.0,0.0,0.6,0,5,14612,PF,Full-CertiTwin-q90,5
2,2,5,0.0,0.0,0.6682329,0.6682329,0.9999999999985036,0.0,0.0,0.0,0.0,0.6,0,5,14612,PF,SLA-Rule-Shield,5
2,2,5,0.0,0.0,0.6682329,0.6682329,0.9999999999985036,0.0,0.0,0.0,0.0,0.6,0,5,14612,PF,Fixed-UCB-1sigma-Shield,5
2,2,5,0.0,0.0,0.6682329,0.6682329,0.9999999999985036,0.0,0.0,0.0,0.0,0.6,0,5,14612,PF,Fixed-UCB-1.64sigma-Shield,5
4,4,5,0.0,0.0,0.76313806,0.76313806,0.9999999999986896,0.0,0.0,0.0,0.0,0.6,0,5,14612,Greedy-SLA,Full-CertiTwin-q90,5
4,4,5,0.0,0.0,0.76313806,0.76313806,0.9999999999986896,0.0,0.0,0.0,0.0,0.6,0,5,14612,Greedy-SLA,SLA-Rule-Shield,5
4,4,5,0.0,0.0,0.76313806,0.76313806,0.9999999999986896,0.0,0.0,0.0,0.0,0.6,0,5,14612,Greedy-SLA,Fixed-UCB-1sigma-Shield,5
4,4,5,0.0,0.0,0.76313806,0.76313806,0.9999999999986896,0.0,0.0,0.0,0.0,0.6,0,5,14612,Greedy-SLA,Fixed-UCB-1.64sigma-Shield,5
0,2,5,1.0,0.0,0.76278657,0.6682329,0.8760417740431953,1.0,21.0,0.0,0.0,0.6,0,5,14612,DT-Top1,Full-CertiTwin-q90,5
0,4,5,1.0,0.0,0.76278657,0.76313806,1.000460797309265,1.0,57.0,0.0,0.0,0.6,0,5,14612,DT-Top1,SLA-Rule-Shield,5
0,2,5,1.0,0.0,0.76278657,0.6682329,0.8760417740431953,1.0,21.0,0.0,0.0,0.6,0,5,14612,DT-Top1,Fixed-UCB-1sigma-Shield,5
0,2,5,1.0,0.0,0.76278657,0.6682329,0.8760417740431953,1.0,21.0,0.0,0.0,0.6,0,5,14612,DT-Top1,Fixed-UCB-1.64sigma-Shield,5
2,2,5,0.0,0.0,0.6677499,0.6677499,0.9999999999985024,0.0,0.0,0.0,0.0,0.6,0,5,53479,PF,Full-CertiTwin-q90,5
2,2,5,0.0,0.0,0.6677499,0.6677499,0.9999999999985024,0.0,0.0,0.0,0.0,0.6,0,5,53479,PF,SLA-Rule-Shield,5
2,2,5,0.0,0.0,0.6677499,0.6677499,0.9999999999985024,0.0,0.0,0.0,0.0,0.6,0,5,53479,PF,Fixed-UCB-1sigma-Shield,5
2,2,5,0.0,0.0,0.6677499,0.6677499,0.9999999999985024,0.0,0.0,0.0,0.0,0.6,0,5,53479,PF,Fixed-UCB-1.64sigma-Shield,5
4,4,5,0.0,0.0,0.76313806,0.76313806,0.9999999999986896,0.0,0.0,0.0,0.0,0.6,0,5,53479,Greedy-SLA,Full-CertiTwin-q90,5
4,4,5,0.0,0.0,0.76313806,0.76313806,0.9999999999986896,0.0,0.0,0.0,0.0,0.6,0,5,53479,Greedy-SLA,SLA-Rule-Shield,5
4,4,5,0.0,0.0,0.76313806,0.76313806,0.9999999999986896,0.0,0.0,0.0,0.0,0.6,0,5,53479,Greedy-SLA,Fixed-UCB-1sigma-Shield,5
4,4,5,0.0,0.0,0.76313806,0.76313806,0.9999999999986896,0.0,0.0,0.0,0.0,0.6,0,5,53479,Greedy-SLA,Fixed-UCB-1.64sigma-Shield,5
0,2,5,1.0,0.0,0.77741534,0.6677499,0.8589358424534574,1.0,21.0,0.0,0.0,0.6,0,5,53479,DT-Top1,Full-CertiTwin-q90,5
0,4,5,1.0,0.0,0.77741534,0.76313806,0.981634939180668,1.0,57.0,0.0,0.0,0.6,0,5,53479,DT-Top1,SLA-Rule-Shield,5
0,2,5,1.0,0.0,0.77741534,0.6677499,0.8589358424534574,1.0,21.0,0.0,0.0,0.6,0,5,53479,DT-Top1,Fixed-UCB-1sigma-Shield,5
0,2,5,1.0,0.0,0.77741534,0.6677499,0.8589358424534574,1.0,21.0,0.0,0.0,0.6,0,5,53479,DT-Top1,Fixed-UCB-1.64sigma-Shield,5
2,2,5,0.0,0.0,0.6677499,0.6677499,0.9999999999985024,0.0,0.0,0.0,0.0,0.6,0,5,13267,PF,Full-CertiTwin-q90,5
2,2,5,0.0,0.0,0.6677499,0.6677499,0.9999999999985024,0.0,0.0,0.0,0.0,0.6,0,5,13267,PF,SLA-Rule-Shield,5
2,2,5,0.0,0.0,0.6677499,0.6677499,0.9999999999985024,0.0,0.0,0.0,0.0,0.6,0,5,13267,PF,Fixed-UCB-1sigma-Shield,5
2,2,5,0.0,0.0,0.6677499,0.6677499,0.9999999999985024,0.0,0.0,0.0,0.0,0.6,0,5,13267,PF,Fixed-UCB-1.64sigma-Shield,5
4,4,5,0.0,0.0,0.76313806,0.76313806,0.9999999999986896,0.0,0.0,0.0,0.0,0.6,0,5,13267,Greedy-SLA,Full-CertiTwin-q90,5
4,4,5,0.0,0.0,0.76313806,0.76313806,0.9999999999986896,0.0,0.0,0.0,0.0,0.6,0,5,13267,Greedy-SLA,SLA-Rule-Shield,5
4,4,5,0.0,0.0,0.76313806,0.76313806,0.9999999999986896,0.0,0.0,0.0,0.0,0.6,0,5,13267,Greedy-SLA,Fixed-UCB-1sigma-Shield,5
4,4,5,0.0,0.0,0.76313806,0.76313806,0.9999999999986896,0.0,0.0,0.0,0.0,0.6,0,5,13267,Greedy-SLA,Fixed-UCB-1.64sigma-Shield,5
0,2,5,1.0,0.0,0.76278657,0.6677499,0.875408569397236,1.0,21.0,0.0,0.0,0.6,0,5,13267,DT-Top1,Full-CertiTwin-q90,5
0,4,5,1.0,0.0,0.76278657,0.76313806,1.000460797309265,1.0,57.0,0.0,0.0,0.6,0,5,13267,DT-Top1,SLA-Rule-Shield,5
0,2,5,1.0,0.0,0.76278657,0.6677499,0.875408569397236,1.0,21.0,0.0,0.0,0.6,0,5,13267,DT-Top1,Fixed-UCB-1sigma-Shield,5
0,2,5,1.0,0.0,0.76278657,0.6677499,0.875408569397236,1.0,21.0,0.0,0.0,0.6,0,5,13267,DT-Top1,Fixed-UCB-1.64sigma-Shield,5
2,2,5,0.0,0.0,0.6677499,0.6677499,0.9999999999985024,0.0,0.0,0.0,0.0,0.6,0,5,47813,PF,Full-CertiTwin-q90,5
2,2,5,0.0,0.0,0.6677499,0.6677499,0.9999999999985024,0.0,0.0,0.0,0.0,0.6,0,5,47813,PF,SLA-Rule-Shield,5
2,2,5,0.0,0.0,0.6677499,0.6677499,0.9999999999985024,0.0,0.0,0.0,0.0,0.6,0,5,47813,PF,Fixed-UCB-1sigma-Shield,5
2,2,5,0.0,0.0,0.6677499,0.6677499,0.9999999999985024,0.0,0.0,0.0,0.0,0.6,0,5,47813,PF,Fixed-UCB-1.64sigma-Shield,5
4,4,5,0.0,0.0,0.76313806,0.76313806,0.9999999999986896,0.0,0.0,0.0,0.0,0.6,0,5,47813,Greedy-SLA,Full-CertiTwin-q90,5
4,4,5,0.0,0.0,0.76313806,0.76313806,0.9999999999986896,0.0,0.0,0.0,0.0,0.6,0,5,47813,Greedy-SLA,SLA-Rule-Shield,5
4,4,5,0.0,0.0,0.76313806,0.76313806,0.9999999999986896,0.0,0.0,0.0,0.0,0.6,0,5,47813,Greedy-SLA,Fixed-UCB-1sigma-Shield,5
4,4,5,0.0,0.0,0.76313806,0.76313806,0.9999999999986896,0.0,0.0,0.0,0.0,0.6,0,5,47813,Greedy-SLA,Fixed-UCB-1.64sigma-Shield,5
0,2,5,1.0,0.0,0.77741534,0.6677499,0.8589358424534574,1.0,21.0,0.0,0.0,0.6,0,5,47813,DT-Top1,Full-CertiTwin-q90,5
0,4,5,1.0,0.0,0.77741534,0.76313806,0.981634939180668,1.0,57.0,0.0,0.0,0.6,0,5,47813,DT-Top1,SLA-Rule-Shield,5
0,2,5,1.0,0.0,0.77741534,0.6677499,0.8589358424534574,1.0,21.0,0.0,0.0,0.6,0,5,47813,DT-Top1,Fixed-UCB-1sigma-Shield,5
0,2,5,1.0,0.0,0.77741534,0.6677499,0.8589358424534574,1.0,21.0,0.0,0.0,0.6,0,5,47813,DT-Top1,Fixed-UCB-1.64sigma-Shield,5
2,2,5,0.0,0.0,0.6677499,0.6677499,0.9999999999985024,0.0,0.0,0.0,0.0,0.6,0,5,12535,PF,Full-CertiTwin-q90,5
2,2,5,0.0,0.0,0.6677499,0.6677499,0.9999999999985024,0.0,0.0,0.0,0.0,0.6,0,5,12535,PF,SLA-Rule-Shield,5
2,2,5,0.0,0.0,0.6677499,0.6677499,0.9999999999985024,0.0,0.0,0.0,0.0,0.6,0,5,12535,PF,Fixed-UCB-1sigma-Shield,5
2,2,5,0.0,0.0,0.6677499,0.6677499,0.9999999999985024,0.0,0.0,0.0,0.0,0.6,0,5,12535,PF,Fixed-UCB-1.64sigma-Shield,5
0,2,5,1.0,0.0,0.76278657,0.6677499,0.875408569397236,1.0,21.0,0.0,0.0,0.6,0,5,12535,Greedy-SLA,Full-CertiTwin-q90,5
0,4,5,1.0,0.0,0.76278657,0.76313806,1.000460797309265,1.0,57.0,0.0,0.0,0.6,0,5,12535,Greedy-SLA,SLA-Rule-Shield,5
0,2,5,1.0,0.0,0.76278657,0.6677499,0.875408569397236,1.0,21.0,0.0,0.0,0.6,0,5,12535,Greedy-SLA,Fixed-UCB-1sigma-Shield,5
0,2,5,1.0,0.0,0.76278657,0.6677499,0.875408569397236,1.0,21.0,0.0,0.0,0.6,0,5,12535,Greedy-SLA,Fixed-UCB-1.64sigma-Shield,5
0,2,5,1.0,0.0,0.76278657,0.6677499,0.875408569397236,1.0,21.0,0.0,0.0,0.6,0,5,12535,DT-Top1,Full-CertiTwin-q90,5
0,4,5,1.0,0.0,0.76278657,0.76313806,1.000460797309265,1.0,57.0,0.0,0.0,0.6,0,5,12535,DT-Top1,SLA-Rule-Shield,5
0,2,5,1.0,0.0,0.76278657,0.6677499,0.875408569397236,1.0,21.0,0.0,0.0,0.6,0,5,12535,DT-Top1,Fixed-UCB-1sigma-Shield,5
0,2,5,1.0,0.0,0.76278657,0.6677499,0.875408569397236,1.0,21.0,0.0,0.0,0.6,0,5,12535,DT-Top1,Fixed-UCB-1.64sigma-Shield,5
2,2,5,0.0,0.0,0.6677499,0.6677499,0.9999999999985024,0.0,0.0,0.0,0.0,0.6,0,5,16297,PF,Full-CertiTwin-q90,5
2,2,5,0.0,0.0,0.6677499,0.6677499,0.9999999999985024,0.0,0.0,0.0,0.0,0.6,0,5,16297,PF,SLA-Rule-Shield,5
2,2,5,0.0,0.0,0.6677499,0.6677499,0.9999999999985024,0.0,0.0,0.0,0.0,0.6,0,5,16297,PF,Fixed-UCB-1sigma-Shield,5
2,2,5,0.0,0.0,0.6677499,0.6677499,0.9999999999985024,0.0,0.0,0.0,0.0,0.6,0,5,16297,PF,Fixed-UCB-1.64sigma-Shield,5
4,4,5,0.0,0.0,0.76313806,0.76313806,0.9999999999986896,0.0,0.0,0.0,0.0,0.6,0,5,16297,Greedy-SLA,Full-CertiTwin-q90,5
4,4,5,0.0,0.0,0.76313806,0.76313806,0.9999999999986896,0.0,0.0,0.0,0.0,0.6,0,5,16297,Greedy-SLA,SLA-Rule-Shield,5
4,4,5,0.0,0.0,0.76313806,0.76313806,0.9999999999986896,0.0,0.0,0.0,0.0,0.6,0,5,16297,Greedy-SLA,Fixed-UCB-1sigma-Shield,5
4,4,5,0.0,0.0,0.76313806,0.76313806,0.9999999999986896,0.0,0.0,0.0,0.0,0.6,0,5,16297,Greedy-SLA,Fixed-UCB-1.64sigma-Shield,5
0,2,5,1.0,0.0,0.76278657,0.6677499,0.875408569397236,1.0,21.0,0.0,0.0,0.6,0,5,16297,DT-Top1,Full-CertiTwin-q90,5
0,4,5,1.0,0.0,0.76278657,0.76313806,1.000460797309265,1.0,57.0,0.0,0.0,0.6,0,5,16297,DT-Top1,SLA-Rule-Shield,5
0,2,5,1.0,0.0,0.76278657,0.6677499,0.875408569397236,1.0,21.0,0.0,0.0,0.6,0,5,16297,DT-Top1,Fixed-UCB-1sigma-Shield,5
0,2,5,1.0,0.0,0.76278657,0.6677499,0.875408569397236,1.0,21.0,0.0,0.0,0.6,0,5,16297,DT-Top1,Fixed-UCB-1.64sigma-Shield,5
2,2,5,0.0,0.0,0.6677499,0.6677499,0.9999999999985024,0.0,0.0,0.0,0.0,0.6,0,5,8635,PF,Full-CertiTwin-q90,5
2,2,5,0.0,0.0,0.6677499,0.6677499,0.9999999999985024,0.0,0.0,0.0,0.0,0.6,0,5,8635,PF,SLA-Rule-Shield,5
2,2,5,0.0,0.0,0.6677499,0.6677499,0.9999999999985024,0.0,0.0,0.0,0.0,0.6,0,5,8635,PF,Fixed-UCB-1sigma-Shield,5
2,2,5,0.0,0.0,0.6677499,0.6677499,0.9999999999985024,0.0,0.0,0.0,0.0,0.6,0,5,8635,PF,Fixed-UCB-1.64sigma-Shield,5
4,4,5,0.0,0.0,0.76313806,0.76313806,0.9999999999986896,0.0,0.0,0.0,0.0,0.6,0,5,8635,Greedy-SLA,Full-CertiTwin-q90,5
4,4,5,0.0,0.0,0.76313806,0.76313806,0.9999999999986896,0.0,0.0,0.0,0.0,0.6,0,5,8635,Greedy-SLA,SLA-Rule-Shield,5
4,4,5,0.0,0.0,0.76313806,0.76313806,0.9999999999986896,0.0,0.0,0.0,0.0,0.6,0,5,8635,Greedy-SLA,Fixed-UCB-1sigma-Shield,5
4,4,5,0.0,0.0,0.76313806,0.76313806,0.9999999999986896,0.0,0.0,0.0,0.0,0.6,0,5,8635,Greedy-SLA,Fixed-UCB-1.64sigma-Shield,5
4,4,5,0.0,0.0,0.76313806,0.76313806,0.9999999999986896,0.0,0.0,0.0,0.0,0.6,0,5,8635,DT-Top1,Full-CertiTwin-q90,5
4,4,5,0.0,0.0,0.76313806,0.76313806,0.9999999999986896,0.0,0.0,0.0,0.0,0.6,0,5,8635,DT-Top1,SLA-Rule-Shield,5
4,4,5,0.0,0.0,0.76313806,0.76313806,0.9999999999986896,0.0,0.0,0.0,0.0,0.6,0,5,8635,DT-Top1,Fixed-UCB-1sigma-Shield,5
4,4,5,0.0,0.0,0.76313806,0.76313806,0.9999999999986896,0.0,0.0,0.0,0.0,0.6,0,5,8635,DT-Top1,Fixed-UCB-1.64sigma-Shield,5
2,2,5,0.0,0.0,0.6677499,0.6677499,0.9999999999985024,0.0,0.0,0.0,0.0,0.6,0,5,10437,PF,Full-CertiTwin-q90,5
2,2,5,0.0,0.0,0.6677499,0.6677499,0.9999999999985024,0.0,0.0,0.0,0.0,0.6,0,5,10437,PF,SLA-Rule-Shield,5
2,2,5,0.0,0.0,0.6677499,0.6677499,0.9999999999985024,0.0,0.0,0.0,0.0,0.6,0,5,10437,PF,Fixed-UCB-1sigma-Shield,5
2,2,5,0.0,0.0,0.6677499,0.6677499,0.9999999999985024,0.0,0.0,0.0,0.0,0.6,0,5,10437,PF,Fixed-UCB-1.64sigma-Shield,5
4,4,5,0.0,0.0,0.7777951,0.7777951,0.9999999999987144,0.0,0.0,0.0,0.0,0.6,0,5,10437,Greedy-SLA,Full-CertiTwin-q90,5
4,4,5,0.0,0.0,0.7777951,0.7777951,0.9999999999987144,0.0,0.0,0.0,0.0,0.6,0,5,10437,Greedy-SLA,SLA-Rule-Shield,5
4,4,5,0.0,0.0,0.7777951,0.7777951,0.9999999999987144,0.0,0.0,0.0,0.0,0.6,0,5,10437,Greedy-SLA,Fixed-UCB-1sigma-Shield,5
4,4,5,0.0,0.0,0.7777951,0.7777951,0.9999999999987144,0.0,0.0,0.0,0.0,0.6,0,5,10437,Greedy-SLA,Fixed-UCB-1.64sigma-Shield,5
0,2,5,1.0,0.0,0.76278657,0.6677499,0.875408569397236,1.0,21.0,0.0,0.0,0.6,0,5,10437,DT-Top1,Full-CertiTwin-q90,5
0,4,5,1.0,0.0,0.76278657,0.7777951,1.0196759232388952,1.0,57.0,0.0,0.0,0.6,0,5,10437,DT-Top1,SLA-Rule-Shield,5
0,2,5,1.0,0.0,0.76278657,0.6677499,0.875408569397236,1.0,21.0,0.0,0.0,0.6,0,5,10437,DT-Top1,Fixed-UCB-1sigma-Shield,5
0,2,5,1.0,0.0,0.76278657,0.6677499,0.875408569397236,1.0,21.0,0.0,0.0,0.6,0,5,10437,DT-Top1,Fixed-UCB-1.64sigma-Shield,5
2,2,5,0.0,0.0,0.6677499,0.6677499,0.9999999999985024,0.0,0.0,0.0,0.0,0.6,0,5,6644,PF,Full-CertiTwin-q90,5
2,2,5,0.0,0.0,0.6677499,0.6677499,0.9999999999985024,0.0,0.0,0.0,0.0,0.6,0,5,6644,PF,SLA-Rule-Shield,5
2,2,5,0.0,0.0,0.6677499,0.6677499,0.9999999999985024,0.0,0.0,0.0,0.0,0.6,0,5,6644,PF,Fixed-UCB-1sigma-Shield,5
2,2,5,0.0,0.0,0.6677499,0.6677499,0.9999999999985024,0.0,0.0,0.0,0.0,0.6,0,5,6644,PF,Fixed-UCB-1.64sigma-Shield,5
4,4,5,0.0,0.0,0.76313806,0.76313806,0.9999999999986896,0.0,0.0,0.0,0.0,0.6,0,5,6644,Greedy-SLA,Full-CertiTwin-q90,5
4,4,5,0.0,0.0,0.76313806,0.76313806,0.9999999999986896,0.0,0.0,0.0,0.0,0.6,0,5,6644,Greedy-SLA,SLA-Rule-Shield,5
4,4,5,0.0,0.0,0.76313806,0.76313806,0.9999999999986896,0.0,0.0,0.0,0.0,0.6,0,5,6644,Greedy-SLA,Fixed-UCB-1sigma-Shield,5
4,4,5,0.0,0.0,0.76313806,0.76313806,0.9999999999986896,0.0,0.0,0.0,0.0,0.6,0,5,6644,Greedy-SLA,Fixed-UCB-1.64sigma-Shield,5
0,2,5,1.0,0.0,0.77050835,0.6677499,0.8666355140721491,1.0,21.0,0.0,0.0,0.6,0,5,6644,DT-Top1,Full-CertiTwin-q90,5
0,4,5,1.0,0.0,0.77050835,0.76313806,0.990434509890788,1.0,57.0,0.0,0.0,0.6,0,5,6644,DT-Top1,SLA-Rule-Shield,5
0,2,5,1.0,0.0,0.77050835,0.6677499,0.8666355140721491,1.0,21.0,0.0,0.0,0.6,0,5,6644,DT-Top1,Fixed-UCB-1sigma-Shield,5
0,2,5,1.0,0.0,0.77050835,0.6677499,0.8666355140721491,1.0,21.0,0.0,0.0,0.6,0,5,6644,DT-Top1,Fixed-UCB-1.64sigma-Shield,5
2,2,5,0.0,0.0,0.6677499,0.6677499,0.9999999999985024,0.0,0.0,0.0,0.0,0.6,0,5,35483,PF,Full-CertiTwin-q90,5
2,2,5,0.0,0.0,0.6677499,0.6677499,0.9999999999985024,0.0,0.0,0.0,0.0,0.6,0,5,35483,PF,SLA-Rule-Shield,5
2,2,5,0.0,0.0,0.6677499,0.6677499,0.9999999999985024,0.0,0.0,0.0,0.0,0.6,0,5,35483,PF,Fixed-UCB-1sigma-Shield,5
2,2,5,0.0,0.0,0.6677499,0.6677499,0.9999999999985024,0.0,0.0,0.0,0.0,0.6,0,5,35483,PF,Fixed-UCB-1.64sigma-Shield,5
4,4,5,0.0,0.0,0.7777951,0.7777951,0.9999999999987144,0.0,0.0,0.0,0.0,0.6,0,5,35483,Greedy-SLA,Full-CertiTwin-q90,5
4,4,5,0.0,0.0,0.7777951,0.7777951,0.9999999999987144,0.0,0.0,0.0,0.0,0.6,0,5,35483,Greedy-SLA,SLA-Rule-Shield,5
4,4,5,0.0,0.0,0.7777951,0.7777951,0.9999999999987144,0.0,0.0,0.0,0.0,0.6,0,5,35483,Greedy-SLA,Fixed-UCB-1sigma-Shield,5
4,4,5,0.0,0.0,0.7777951,0.7777951,0.9999999999987144,0.0,0.0,0.0,0.0,0.6,0,5,35483,Greedy-SLA,Fixed-UCB-1.64sigma-Shield,5
0,2,5,1.0,0.0,0.76278657,0.6677499,0.875408569397236,1.0,21.0,0.0,0.0,0.6,0,5,35483,DT-Top1,Full-CertiTwin-q90,5
0,4,5,1.0,0.0,0.76278657,0.7777951,1.0196759232388952,1.0,57.0,0.0,0.0,0.6,0,5,35483,DT-Top1,SLA-Rule-Shield,5
0,2,5,1.0,0.0,0.76278657,0.6677499,0.875408569397236,1.0,21.0,0.0,0.0,0.6,0,5,35483,DT-Top1,Fixed-UCB-1sigma-Shield,5
0,2,5,1.0,0.0,0.76278657,0.6677499,0.875408569397236,1.0,21.0,0.0,0.0,0.6,0,5,35483,DT-Top1,Fixed-UCB-1.64sigma-Shield,5
2,2,5,0.0,0.0,0.6677499,0.6677499,0.9999999999985024,0.0,0.0,0.0,0.0,0.6,0,5,6652,PF,Full-CertiTwin-q90,5
2,2,5,0.0,0.0,0.6677499,0.6677499,0.9999999999985024,0.0,0.0,0.0,0.0,0.6,0,5,6652,PF,SLA-Rule-Shield,5
2,2,5,0.0,0.0,0.6677499,0.6677499,0.9999999999985024,0.0,0.0,0.0,0.0,0.6,0,5,6652,PF,Fixed-UCB-1sigma-Shield,5
2,2,5,0.0,0.0,0.6677499,0.6677499,0.9999999999985024,0.0,0.0,0.0,0.0,0.6,0,5,6652,PF,Fixed-UCB-1.64sigma-Shield,5
4,4,5,0.0,0.0,0.7566483,0.7566483,0.9999999999986784,0.0,0.0,0.0,0.0,0.6,0,5,6652,Greedy-SLA,Full-CertiTwin-q90,5
4,4,5,0.0,0.0,0.7566483,0.7566483,0.9999999999986784,0.0,0.0,0.0,0.0,0.6,0,5,6652,Greedy-SLA,SLA-Rule-Shield,5
4,4,5,0.0,0.0,0.7566483,0.7566483,0.9999999999986784,0.0,0.0,0.0,0.0,0.6,0,5,6652,Greedy-SLA,Fixed-UCB-1sigma-Shield,5
4,4,5,0.0,0.0,0.7566483,0.7566483,0.9999999999986784,0.0,0.0,0.0,0.0,0.6,0,5,6652,Greedy-SLA,Fixed-UCB-1.64sigma-Shield,5
0,2,5,1.0,0.0,0.76278657,0.6677499,0.875408569397236,1.0,21.0,0.0,0.0,0.6,0,5,6652,DT-Top1,Full-CertiTwin-q90,5
0,4,5,1.0,0.0,0.76278657,0.7566483,0.9919528341971308,1.0,57.0,0.0,0.0,0.6,0,5,6652,DT-Top1,SLA-Rule-Shield,5
0,2,5,1.0,0.0,0.76278657,0.6677499,0.875408569397236,1.0,21.0,0.0,0.0,0.6,0,5,6652,DT-Top1,Fixed-UCB-1sigma-Shield,5
0,2,5,1.0,0.0,0.76278657,0.6677499,0.875408569397236,1.0,21.0,0.0,0.0,0.6,0,5,6652,DT-Top1,Fixed-UCB-1.64sigma-Shield,5
2,2,5,0.0,0.0,0.6677499,0.6677499,0.9999999999985024,0.0,0.0,0.0,0.0,0.6,0,5,23591,PF,Full-CertiTwin-q90,5
2,2,5,0.0,0.0,0.6677499,0.6677499,0.9999999999985024,0.0,0.0,0.0,0.0,0.6,0,5,23591,PF,SLA-Rule-Shield,5
2,2,5,0.0,0.0,0.6677499,0.6677499,0.9999999999985024,0.0,0.0,0.0,0.0,0.6,0,5,23591,PF,Fixed-UCB-1sigma-Shield,5
2,2,5,0.0,0.0,0.6677499,0.6677499,0.9999999999985024,0.0,0.0,0.0,0.0,0.6,0,5,23591,PF,Fixed-UCB-1.64sigma-Shield,5
4,4,5,0.0,0.0,0.76313806,0.76313806,0.9999999999986896,0.0,0.0,0.0,0.0,0.6,0,5,23591,Greedy-SLA,Full-CertiTwin-q90,5
4,4,5,0.0,0.0,0.76313806,0.76313806,0.9999999999986896,0.0,0.0,0.0,0.0,0.6,0,5,23591,Greedy-SLA,SLA-Rule-Shield,5
4,4,5,0.0,0.0,0.76313806,0.76313806,0.9999999999986896,0.0,0.0,0.0,0.0,0.6,0,5,23591,Greedy-SLA,Fixed-UCB-1sigma-Shield,5
4,4,5,0.0,0.0,0.76313806,0.76313806,0.9999999999986896,0.0,0.0,0.0,0.0,0.6,0,5,23591,Greedy-SLA,Fixed-UCB-1.64sigma-Shield,5
4,4,5,0.0,0.0,0.76313806,0.76313806,0.9999999999986896,0.0,0.0,0.0,0.0,0.6,0,5,23591,DT-Top1,Full-CertiTwin-q90,5
4,4,5,0.0,0.0,0.76313806,0.76313806,0.9999999999986896,0.0,0.0,0.0,0.0,0.6,0,5,23591,DT-Top1,SLA-Rule-Shield,5
4,4,5,0.0,0.0,0.76313806,0.76313806,0.9999999999986896,0.0,0.0,0.0,0.0,0.6,0,5,23591,DT-Top1,Fixed-UCB-1sigma-Shield,5
4,4,5,0.0,0.0,0.76313806,0.76313806,0.9999999999986896,0.0,0.0,0.0,0.0,0.6,0,5,23591,DT-Top1,Fixed-UCB-1.64sigma-Shield,5
2,2,5,0.0,0.0,0.6677499,0.6677499,0.9999999999985024,0.0,0.0,0.0,0.0,0.6,0,5,45976,PF,Full-CertiTwin-q90,5
2,2,5,0.0,0.0,0.6677499,0.6677499,0.9999999999985024,0.0,0.0,0.0,0.0,0.6,0,5,45976,PF,SLA-Rule-Shield,5
2,2,5,0.0,0.0,0.6677499,0.6677499,0.9999999999985024,0.0,0.0,0.0,0.0,0.6,0,5,45976,PF,Fixed-UCB-1sigma-Shield,5
2,2,5,0.0,0.0,0.6677499,0.6677499,0.9999999999985024,0.0,0.0,0.0,0.0,0.6,0,5,45976,PF,Fixed-UCB-1.64sigma-Shield,5
4,4,5,0.0,0.0,0.76313806,0.76313806,0.9999999999986896,0.0,0.0,0.0,0.0,0.6,0,5,45976,Greedy-SLA,Full-CertiTwin-q90,5
4,4,5,0.0,0.0,0.76313806,0.76313806,0.9999999999986896,0.0,0.0,0.0,0.0,0.6,0,5,45976,Greedy-SLA,SLA-Rule-Shield,5
4,4,5,0.0,0.0,0.76313806,0.76313806,0.9999999999986896,0.0,0.0,0.0,0.0,0.6,0,5,45976,Greedy-SLA,Fixed-UCB-1sigma-Shield,5
4,4,5,0.0,0.0,0.76313806,0.76313806,0.9999999999986896,0.0,0.0,0.0,0.0,0.6,0,5,45976,Greedy-SLA,Fixed-UCB-1.64sigma-Shield,5
0,2,5,1.0,0.0,0.76278657,0.6677499,0.875408569397236,1.0,21.0,0.0,0.0,0.6,0,5,45976,DT-Top1,Full-CertiTwin-q90,5
0,4,5,1.0,0.0,0.76278657,0.76313806,1.000460797309265,1.0,57.0,0.0,0.0,0.6,0,5,45976,DT-Top1,SLA-Rule-Shield,5
0,2,5,1.0,0.0,0.76278657,0.6677499,0.875408569397236,1.0,21.0,0.0,0.0,0.6,0,5,45976,DT-Top1,Fixed-UCB-1sigma-Shield,5
0,2,5,1.0,0.0,0.76278657,0.6677499,0.875408569397236,1.0,21.0,0.0,0.0,0.6,0,5,45976,DT-Top1,Fixed-UCB-1.64sigma-Shield,5
2,2,5,0.0,0.0,0.6780778,0.6780778,0.9999999999985252,0.0,0.0,0.0,0.0,0.6,0,5,38891,PF,Full-CertiTwin-q90,5
2,2,5,0.0,0.0,0.6780778,0.6780778,0.9999999999985252,0.0,0.0,0.0,0.0,0.6,0,5,38891,PF,SLA-Rule-Shield,5
2,2,5,0.0,0.0,0.6780778,0.6780778,0.9999999999985252,0.0,0.0,0.0,0.0,0.6,0,5,38891,PF,Fixed-UCB-1sigma-Shield,5
2,2,5,0.0,0.0,0.6780778,0.6780778,0.9999999999985252,0.0,0.0,0.0,0.0,0.6,0,5,38891,PF,Fixed-UCB-1.64sigma-Shield,5
4,4,5,0.0,0.0,0.76313806,0.76313806,0.9999999999986896,0.0,0.0,0.0,0.0,0.6,0,5,38891,Greedy-SLA,Full-CertiTwin-q90,5
4,4,5,0.0,0.0,0.76313806,0.76313806,0.9999999999986896,0.0,0.0,0.0,0.0,0.6,0,5,38891,Greedy-SLA,SLA-Rule-Shield,5
4,4,5,0.0,0.0,0.76313806,0.76313806,0.9999999999986896,0.0,0.0,0.0,0.0,0.6,0,5,38891,Greedy-SLA,Fixed-UCB-1sigma-Shield,5
4,4,5,0.0,0.0,0.76313806,0.76313806,0.9999999999986896,0.0,0.0,0.0,0.0,0.6,0,5,38891,Greedy-SLA,Fixed-UCB-1.64sigma-Shield,5
4,4,5,0.0,0.0,0.76313806,0.76313806,0.9999999999986896,0.0,0.0,0.0,0.0,0.6,0,5,38891,DT-Top1,Full-CertiTwin-q90,5
4,4,5,0.0,0.0,0.76313806,0.76313806,0.9999999999986896,0.0,0.0,0.0,0.0,0.6,0,5,38891,DT-Top1,SLA-Rule-Shield,5
4,4,5,0.0,0.0,0.76313806,0.76313806,0.9999999999986896,0.0,0.0,0.0,0.0,0.6,0,5,38891,DT-Top1,Fixed-UCB-1sigma-Shield,5
4,4,5,0.0,0.0,0.76313806,0.76313806,0.9999999999986896,0.0,0.0,0.0,0.0,0.6,0,5,38891,DT-Top1,Fixed-UCB-1.64sigma-Shield,5
2,2,5,0.0,0.0,0.65129316,0.65129316,0.9999999999984648,0.0,0.0,0.0,0.0,0.6,0,5,38387,PF,Full-CertiTwin-q90,5
2,2,5,0.0,0.0,0.65129316,0.65129316,0.9999999999984648,0.0,0.0,0.0,0.0,0.6,0,5,38387,PF,SLA-Rule-Shield,5
2,2,5,0.0,0.0,0.65129316,0.65129316,0.9999999999984648,0.0,0.0,0.0,0.0,0.6,0,5,38387,PF,Fixed-UCB-1sigma-Shield,5
2,2,5,0.0,0.0,0.65129316,0.65129316,0.9999999999984648,0.0,0.0,0.0,0.0,0.6,0,5,38387,PF,Fixed-UCB-1.64sigma-Shield,5
4,4,5,0.0,0.0,0.76313806,0.76313806,0.9999999999986896,0.0,0.0,0.0,0.0,0.6,0,5,38387,Greedy-SLA,Full-CertiTwin-q90,5
4,4,5,0.0,0.0,0.76313806,0.76313806,0.9999999999986896,0.0,0.0,0.0,0.0,0.6,0,5,38387,Greedy-SLA,SLA-Rule-Shield,5
4,4,5,0.0,0.0,0.76313806,0.76313806,0.9999999999986896,0.0,0.0,0.0,0.0,0.6,0,5,38387,Greedy-SLA,Fixed-UCB-1sigma-Shield,5
4,4,5,0.0,0.0,0.76313806,0.76313806,0.9999999999986896,0.0,0.0,0.0,0.0,0.6,0,5,38387,Greedy-SLA,Fixed-UCB-1.64sigma-Shield,5
4,4,5,0.0,0.0,0.76313806,0.76313806,0.9999999999986896,0.0,0.0,0.0,0.0,0.6,0,5,38387,DT-Top1,Full-CertiTwin-q90,5
4,4,5,0.0,0.0,0.76313806,0.76313806,0.9999999999986896,0.0,0.0,0.0,0.0,0.6,0,5,38387,DT-Top1,SLA-Rule-Shield,5
4,4,5,0.0,0.0,0.76313806,0.76313806,0.9999999999986896,0.0,0.0,0.0,0.0,0.6,0,5,38387,DT-Top1,Fixed-UCB-1sigma-Shield,5
4,4,5,0.0,0.0,0.76313806,0.76313806,0.9999999999986896,0.0,0.0,0.0,0.0,0.6,0,5,38387,DT-Top1,Fixed-UCB-1.64sigma-Shield,5
2,2,5,0.0,0.0,0.6374081,0.6374081,0.9999999999984313,0.0,0.0,0.0,0.0,0.6,0,5,44064,PF,Full-CertiTwin-q90,5
2,2,5,0.0,0.0,0.6374081,0.6374081,0.9999999999984313,0.0,0.0,0.0,0.0,0.6,0,5,44064,PF,SLA-Rule-Shield,5
2,2,5,0.0,0.0,0.6374081,0.6374081,0.9999999999984313,0.0,0.0,0.0,0.0,0.6,0,5,44064,PF,Fixed-UCB-1sigma-Shield,5
2,2,5,0.0,0.0,0.6374081,0.6374081,0.9999999999984313,0.0,0.0,0.0,0.0,0.6,0,5,44064,PF,Fixed-UCB-1.64sigma-Shield,5
0,2,5,1.0,0.0,0.76278657,0.6374081,0.8356309943935751,1.0,21.0,0.0,0.0,0.6,0,5,44064,Greedy-SLA,Full-CertiTwin-q90,5
0,4,5,1.0,0.0,0.76278657,0.76313806,1.000460797309265,1.0,57.0,0.0,0.0,0.6,0,5,44064,Greedy-SLA,SLA-Rule-Shield,5
0,2,5,1.0,0.0,0.76278657,0.6374081,0.8356309943935751,1.0,21.0,0.0,0.0,0.6,0,5,44064,Greedy-SLA,Fixed-UCB-1sigma-Shield,5
0,2,5,1.0,0.0,0.76278657,0.6374081,0.8356309943935751,1.0,21.0,0.0,0.0,0.6,0,5,44064,Greedy-SLA,Fixed-UCB-1.64sigma-Shield,5
0,2,5,1.0,0.0,0.76278657,0.6374081,0.8356309943935751,1.0,21.0,0.0,0.0,0.6,0,5,44064,DT-Top1,Full-CertiTwin-q90,5
0,4,5,1.0,0.0,0.76278657,0.76313806,1.000460797309265,1.0,57.0,0.0,0.0,0.6,0,5,44064,DT-Top1,SLA-Rule-Shield,5
0,2,5,1.0,0.0,0.76278657,0.6374081,0.8356309943935751,1.0,21.0,0.0,0.0,0.6,0,5,44064,DT-Top1,Fixed-UCB-1sigma-Shield,5
0,2,5,1.0,0.0,0.76278657,0.6374081,0.8356309943935751,1.0,21.0,0.0,0.0,0.6,0,5,44064,DT-Top1,Fixed-UCB-1.64sigma-Shield,5
2,2,5,0.0,0.0,0.6677499,0.6677499,0.9999999999985024,0.0,0.0,0.0,0.0,0.6,0,5,10220,PF,Full-CertiTwin-q90,5
2,2,5,0.0,0.0,0.6677499,0.6677499,0.9999999999985024,0.0,0.0,0.0,0.0,0.6,0,5,10220,PF,SLA-Rule-Shield,5
2,2,5,0.0,0.0,0.6677499,0.6677499,0.9999999999985024,0.0,0.0,0.0,0.0,0.6,0,5,10220,PF,Fixed-UCB-1sigma-Shield,5
2,2,5,0.0,0.0,0.6677499,0.6677499,0.9999999999985024,0.0,0.0,0.0,0.0,0.6,0,5,10220,PF,Fixed-UCB-1.64sigma-Shield,5
4,4,5,0.0,0.0,0.76313806,0.76313806,0.9999999999986896,0.0,0.0,0.0,0.0,0.6,0,5,10220,Greedy-SLA,Full-CertiTwin-q90,5
4,4,5,0.0,0.0,0.76313806,0.76313806,0.9999999999986896,0.0,0.0,0.0,0.0,0.6,0,5,10220,Greedy-SLA,SLA-Rule-Shield,5
4,4,5,0.0,0.0,0.76313806,0.76313806,0.9999999999986896,0.0,0.0,0.0,0.0,0.6,0,5,10220,Greedy-SLA,Fixed-UCB-1sigma-Shield,5
4,4,5,0.0,0.0,0.76313806,0.76313806,0.9999999999986896,0.0,0.0,0.0,0.0,0.6,0,5,10220,Greedy-SLA,Fixed-UCB-1.64sigma-Shield,5
0,2,5,1.0,0.0,0.76278657,0.6677499,0.875408569397236,1.0,21.0,0.0,0.0,0.6,0,5,10220,DT-Top1,Full-CertiTwin-q90,5
0,4,5,1.0,0.0,0.76278657,0.76313806,1.000460797309265,1.0,57.0,0.0,0.0,0.6,0,5,10220,DT-Top1,SLA-Rule-Shield,5
0,2,5,1.0,0.0,0.76278657,0.6677499,0.875408569397236,1.0,21.0,0.0,0.0,0.6,0,5,10220,DT-Top1,Fixed-UCB-1sigma-Shield,5
0,2,5,1.0,0.0,0.76278657,0.6677499,0.875408569397236,1.0,21.0,0.0,0.0,0.6,0,5,10220,DT-Top1,Fixed-UCB-1.64sigma-Shield,5
2,2,5,0.0,0.0,0.65129316,0.65129316,0.9999999999984648,0.0,0.0,0.0,0.0,0.6,0,5,57990,PF,Full-CertiTwin-q90,5
2,2,5,0.0,0.0,0.65129316,0.65129316,0.9999999999984648,0.0,0.0,0.0,0.0,0.6,0,5,57990,PF,SLA-Rule-Shield,5
2,2,5,0.0,0.0,0.65129316,0.65129316,0.9999999999984648,0.0,0.0,0.0,0.0,0.6,0,5,57990,PF,Fixed-UCB-1sigma-Shield,5
2,2,5,0.0,0.0,0.65129316,0.65129316,0.9999999999984648,0.0,0.0,0.0,0.0,0.6,0,5,57990,PF,Fixed-UCB-1.64sigma-Shield,5
4,4,5,0.0,0.0,0.76313806,0.76313806,0.9999999999986896,0.0,0.0,0.0,0.0,0.6,0,5,57990,Greedy-SLA,Full-CertiTwin-q90,5
4,4,5,0.0,0.0,0.76313806,0.76313806,0.9999999999986896,0.0,0.0,0.0,0.0,0.6,0,5,57990,Greedy-SLA,SLA-Rule-Shield,5
4,4,5,0.0,0.0,0.76313806,0.76313806,0.9999999999986896,0.0,0.0,0.0,0.0,0.6,0,5,57990,Greedy-SLA,Fixed-UCB-1sigma-Shield,5
4,4,5,0.0,0.0,0.76313806,0.76313806,0.9999999999986896,0.0,0.0,0.0,0.0,0.6,0,5,57990,Greedy-SLA,Fixed-UCB-1.64sigma-Shield,5
4,4,5,0.0,0.0,0.76313806,0.76313806,0.9999999999986896,0.0,0.0,0.0,0.0,0.6,0,5,57990,DT-Top1,Full-CertiTwin-q90,5
4,4,5,0.0,0.0,0.76313806,0.76313806,0.9999999999986896,0.0,0.0,0.0,0.0,0.6,0,5,57990,DT-Top1,SLA-Rule-Shield,5
4,4,5,0.0,0.0,0.76313806,0.76313806,0.9999999999986896,0.0,0.0,0.0,0.0,0.6,0,5,57990,DT-Top1,Fixed-UCB-1sigma-Shield,5
4,4,5,0.0,0.0,0.76313806,0.76313806,0.9999999999986896,0.0,0.0,0.0,0.0,0.6,0,5,57990,DT-Top1,Fixed-UCB-1.64sigma-Shield,5
2,2,5,0.0,0.0,0.6682329,0.6682329,0.9999999999985036,0.0,0.0,0.0,0.0,0.6,0,5,43336,PF,Full-CertiTwin-q90,5
2,2,5,0.0,0.0,0.6682329,0.6682329,0.9999999999985036,0.0,0.0,0.0,0.0,0.6,0,5,43336,PF,SLA-Rule-Shield,5
2,2,5,0.0,0.0,0.6682329,0.6682329,0.9999999999985036,0.0,0.0,0.0,0.0,0.6,0,5,43336,PF,Fixed-UCB-1sigma-Shield,5
2,2,5,0.0,0.0,0.6682329,0.6682329,0.9999999999985036,0.0,0.0,0.0,0.0,0.6,0,5,43336,PF,Fixed-UCB-1.64sigma-Shield,5
4,4,5,0.0,0.0,0.76313806,0.76313806,0.9999999999986896,0.0,0.0,0.0,0.0,0.6,0,5,43336,Greedy-SLA,Full-CertiTwin-q90,5
4,4,5,0.0,0.0,0.76313806,0.76313806,0.9999999999986896,0.0,0.0,0.0,0.0,0.6,0,5,43336,Greedy-SLA,SLA-Rule-Shield,5
4,4,5,0.0,0.0,0.76313806,0.76313806,0.9999999999986896,0.0,0.0,0.0,0.0,0.6,0,5,43336,Greedy-SLA,Fixed-UCB-1sigma-Shield,5
4,4,5,0.0,0.0,0.76313806,0.76313806,0.9999999999986896,0.0,0.0,0.0,0.0,0.6,0,5,43336,Greedy-SLA,Fixed-UCB-1.64sigma-Shield,5
4,4,5,0.0,0.0,0.76313806,0.76313806,0.9999999999986896,0.0,0.0,0.0,0.0,0.6,0,5,43336,DT-Top1,Full-CertiTwin-q90,5
4,4,5,0.0,0.0,0.76313806,0.76313806,0.9999999999986896,0.0,0.0,0.0,0.0,0.6,0,5,43336,DT-Top1,SLA-Rule-Shield,5
4,4,5,0.0,0.0,0.76313806,0.76313806,0.9999999999986896,0.0,0.0,0.0,0.0,0.6,0,5,43336,DT-Top1,Fixed-UCB-1sigma-Shield,5
4,4,5,0.0,0.0,0.76313806,0.76313806,0.9999999999986896,0.0,0.0,0.0,0.0,0.6,0,5,43336,DT-Top1,Fixed-UCB-1.64sigma-Shield,5
2,2,5,0.0,0.0,0.6677499,0.6677499,0.9999999999985024,0.0,0.0,0.0,0.0,0.6,0,5,29973,PF,Full-CertiTwin-q90,5
2,2,5,0.0,0.0,0.6677499,0.6677499,0.9999999999985024,0.0,0.0,0.0,0.0,0.6,0,5,29973,PF,SLA-Rule-Shield,5
2,2,5,0.0,0.0,0.6677499,0.6677499,0.9999999999985024,0.0,0.0,0.0,0.0,0.6,0,5,29973,PF,Fixed-UCB-1sigma-Shield,5
2,2,5,0.0,0.0,0.6677499,0.6677499,0.9999999999985024,0.0,0.0,0.0,0.0,0.6,0,5,29973,PF,Fixed-UCB-1.64sigma-Shield,5
4,4,5,0.0,0.0,0.7566483,0.7566483,0.9999999999986784,0.0,0.0,0.0,0.0,0.6,0,5,29973,Greedy-SLA,Full-CertiTwin-q90,5
4,4,5,0.0,0.0,0.7566483,0.7566483,0.9999999999986784,0.0,0.0,0.0,0.0,0.6,0,5,29973,Greedy-SLA,SLA-Rule-Shield,5
4,4,5,0.0,0.0,0.7566483,0.7566483,0.9999999999986784,0.0,0.0,0.0,0.0,0.6,0,5,29973,Greedy-SLA,Fixed-UCB-1sigma-Shield,5
4,4,5,0.0,0.0,0.7566483,0.7566483,0.9999999999986784,0.0,0.0,0.0,0.0,0.6,0,5,29973,Greedy-SLA,Fixed-UCB-1.64sigma-Shield,5
0,2,5,1.0,0.0,0.76278657,0.6677499,0.875408569397236,1.0,21.0,0.0,0.0,0.6,0,5,29973,DT-Top1,Full-CertiTwin-q90,5
0,4,5,1.0,0.0,0.76278657,0.7566483,0.9919528341971308,1.0,57.0,0.0,0.0,0.6,0,5,29973,DT-Top1,SLA-Rule-Shield,5
0,2,5,1.0,0.0,0.76278657,0.6677499,0.875408569397236,1.0,21.0,0.0,0.0,0.6,0,5,29973,DT-Top1,Fixed-UCB-1sigma-Shield,5
0,2,5,1.0,0.0,0.76278657,0.6677499,0.875408569397236,1.0,21.0,0.0,0.0,0.6,0,5,29973,DT-Top1,Fixed-UCB-1.64sigma-Shield,5
2,2,5,0.0,0.0,0.6677499,0.6677499,0.9999999999985024,0.0,0.0,0.0,0.0,0.6,0,5,55250,PF,Full-CertiTwin-q90,5
2,2,5,0.0,0.0,0.6677499,0.6677499,0.9999999999985024,0.0,0.0,0.0,0.0,0.6,0,5,55250,PF,SLA-Rule-Shield,5
2,2,5,0.0,0.0,0.6677499,0.6677499,0.9999999999985024,0.0,0.0,0.0,0.0,0.6,0,5,55250,PF,Fixed-UCB-1sigma-Shield,5
2,2,5,0.0,0.0,0.6677499,0.6677499,0.9999999999985024,0.0,0.0,0.0,0.0,0.6,0,5,55250,PF,Fixed-UCB-1.64sigma-Shield,5
4,4,5,0.0,0.0,0.76313806,0.76313806,0.9999999999986896,0.0,0.0,0.0,0.0,0.6,0,5,55250,Greedy-SLA,Full-CertiTwin-q90,5
4,4,5,0.0,0.0,0.76313806,0.76313806,0.9999999999986896,0.0,0.0,0.0,0.0,0.6,0,5,55250,Greedy-SLA,SLA-Rule-Shield,5
4,4,5,0.0,0.0,0.76313806,0.76313806,0.9999999999986896,0.0,0.0,0.0,0.0,0.6,0,5,55250,Greedy-SLA,Fixed-UCB-1sigma-Shield,5
4,4,5,0.0,0.0,0.76313806,0.76313806,0.9999999999986896,0.0,0.0,0.0,0.0,0.6,0,5,55250,Greedy-SLA,Fixed-UCB-1.64sigma-Shield,5
0,2,5,1.0,0.0,0.76278657,0.6677499,0.875408569397236,1.0,21.0,0.0,0.0,0.6,0,5,55250,DT-Top1,Full-CertiTwin-q90,5
0,4,5,1.0,0.0,0.76278657,0.76313806,1.000460797309265,1.0,57.0,0.0,0.0,0.6,0,5,55250,DT-Top1,SLA-Rule-Shield,5
0,2,5,1.0,0.0,0.76278657,0.6677499,0.875408569397236,1.0,21.0,0.0,0.0,0.6,0,5,55250,DT-Top1,Fixed-UCB-1sigma-Shield,5
0,2,5,1.0,0.0,0.76278657,0.6677499,0.875408569397236,1.0,21.0,0.0,0.0,0.6,0,5,55250,DT-Top1,Fixed-UCB-1.64sigma-Shield,5
2,2,5,0.0,0.0,0.6677499,0.6677499,0.9999999999985024,0.0,0.0,0.0,0.0,0.6,0,5,103,PF,Full-CertiTwin-q90,5
2,2,5,0.0,0.0,0.6677499,0.6677499,0.9999999999985024,0.0,0.0,0.0,0.0,0.6,0,5,103,PF,SLA-Rule-Shield,5
2,2,5,0.0,0.0,0.6677499,0.6677499,0.9999999999985024,0.0,0.0,0.0,0.0,0.6,0,5,103,PF,Fixed-UCB-1sigma-Shield,5
2,2,5,0.0,0.0,0.6677499,0.6677499,0.9999999999985024,0.0,0.0,0.0,0.0,0.6,0,5,103,PF,Fixed-UCB-1.64sigma-Shield,5
4,4,5,0.0,0.0,0.7566483,0.7566483,0.9999999999986784,0.0,0.0,0.0,0.0,0.6,0,5,103,Greedy-SLA,Full-CertiTwin-q90,5
4,4,5,0.0,0.0,0.7566483,0.7566483,0.9999999999986784,0.0,0.0,0.0,0.0,0.6,0,5,103,Greedy-SLA,SLA-Rule-Shield,5
4,4,5,0.0,0.0,0.7566483,0.7566483,0.9999999999986784,0.0,0.0,0.0,0.0,0.6,0,5,103,Greedy-SLA,Fixed-UCB-1sigma-Shield,5
4,4,5,0.0,0.0,0.7566483,0.7566483,0.9999999999986784,0.0,0.0,0.0,0.0,0.6,0,5,103,Greedy-SLA,Fixed-UCB-1.64sigma-Shield,5
4,4,5,0.0,0.0,0.7566483,0.7566483,0.9999999999986784,0.0,0.0,0.0,0.0,0.6,0,5,103,DT-Top1,Full-CertiTwin-q90,5
4,4,5,0.0,0.0,0.7566483,0.7566483,0.9999999999986784,0.0,0.0,0.0,0.0,0.6,0,5,103,DT-Top1,SLA-Rule-Shield,5
4,4,5,0.0,0.0,0.7566483,0.7566483,0.9999999999986784,0.0,0.0,0.0,0.0,0.6,0,5,103,DT-Top1,Fixed-UCB-1sigma-Shield,5
4,4,5,0.0,0.0,0.7566483,0.7566483,0.9999999999986784,0.0,0.0,0.0,0.0,0.6,0,5,103,DT-Top1,Fixed-UCB-1.64sigma-Shield,5
2,2,5,0.0,0.0,0.6677499,0.6677499,0.9999999999985024,0.0,0.0,0.0,0.0,0.6,0,5,56066,PF,Full-CertiTwin-q90,5
2,2,5,0.0,0.0,0.6677499,0.6677499,0.9999999999985024,0.0,0.0,0.0,0.0,0.6,0,5,56066,PF,SLA-Rule-Shield,5
2,2,5,0.0,0.0,0.6677499,0.6677499,0.9999999999985024,0.0,0.0,0.0,0.0,0.6,0,5,56066,PF,Fixed-UCB-1sigma-Shield,5
2,2,5,0.0,0.0,0.6677499,0.6677499,0.9999999999985024,0.0,0.0,0.0,0.0,0.6,0,5,56066,PF,Fixed-UCB-1.64sigma-Shield,5
4,4,5,0.0,0.0,0.7526786,0.7526786,0.9999999999986714,0.0,0.0,0.0,0.0,0.6,0,5,56066,Greedy-SLA,Full-CertiTwin-q90,5
4,4,5,0.0,0.0,0.7526786,0.7526786,0.9999999999986714,0.0,0.0,0.0,0.0,0.6,0,5,56066,Greedy-SLA,SLA-Rule-Shield,5
4,4,5,0.0,0.0,0.7526786,0.7526786,0.9999999999986714,0.0,0.0,0.0,0.0,0.6,0,5,56066,Greedy-SLA,Fixed-UCB-1sigma-Shield,5
4,4,5,0.0,0.0,0.7526786,0.7526786,0.9999999999986714,0.0,0.0,0.0,0.0,0.6,0,5,56066,Greedy-SLA,Fixed-UCB-1.64sigma-Shield,5
0,2,5,1.0,0.0,0.76278657,0.6677499,0.875408569397236,1.0,21.0,0.0,0.0,0.6,0,5,56066,DT-Top1,Full-CertiTwin-q90,5
0,4,5,1.0,0.0,0.76278657,0.7526786,0.9867486261576592,1.0,57.0,0.0,0.0,0.6,0,5,56066,DT-Top1,SLA-Rule-Shield,5
0,2,5,1.0,0.0,0.76278657,0.6677499,0.875408569397236,1.0,21.0,0.0,0.0,0.6,0,5,56066,DT-Top1,Fixed-UCB-1sigma-Shield,5
0,2,5,1.0,0.0,0.76278657,0.6677499,0.875408569397236,1.0,21.0,0.0,0.0,0.6,0,5,56066,DT-Top1,Fixed-UCB-1.64sigma-Shield,5
2,2,5,0.0,0.0,0.6677499,0.6677499,0.9999999999985024,0.0,0.0,0.0,0.0,0.6,0,5,36283,PF,Full-CertiTwin-q90,5
2,2,5,0.0,0.0,0.6677499,0.6677499,0.9999999999985024,0.0,0.0,0.0,0.0,0.6,0,5,36283,PF,SLA-Rule-Shield,5
2,2,5,0.0,0.0,0.6677499,0.6677499,0.9999999999985024,0.0,0.0,0.0,0.0,0.6,0,5,36283,PF,Fixed-UCB-1sigma-Shield,5
2,2,5,0.0,0.0,0.6677499,0.6677499,0.9999999999985024,0.0,0.0,0.0,0.0,0.6,0,5,36283,PF,Fixed-UCB-1.64sigma-Shield,5
0,2,5,1.0,0.0,0.76278657,0.6677499,0.875408569397236,1.0,21.0,0.0,0.0,0.6,0,5,36283,Greedy-SLA,Full-CertiTwin-q90,5
0,4,5,1.0,0.0,0.76278657,0.76313806,1.000460797309265,1.0,57.0,0.0,0.0,0.6,0,5,36283,Greedy-SLA,SLA-Rule-Shield,5
0,2,5,1.0,0.0,0.76278657,0.6677499,0.875408569397236,1.0,21.0,0.0,0.0,0.6,0,5,36283,Greedy-SLA,Fixed-UCB-1sigma-Shield,5
0,2,5,1.0,0.0,0.76278657,0.6677499,0.875408569397236,1.0,21.0,0.0,0.0,0.6,0,5,36283,Greedy-SLA,Fixed-UCB-1.64sigma-Shield,5
0,2,5,1.0,0.0,0.76278657,0.6677499,0.875408569397236,1.0,21.0,0.0,0.0,0.6,0,5,36283,DT-Top1,Full-CertiTwin-q90,5
0,4,5,1.0,0.0,0.76278657,0.76313806,1.000460797309265,1.0,57.0,0.0,0.0,0.6,0,5,36283,DT-Top1,SLA-Rule-Shield,5
0,2,5,1.0,0.0,0.76278657,0.6677499,0.875408569397236,1.0,21.0,0.0,0.0,0.6,0,5,36283,DT-Top1,Fixed-UCB-1sigma-Shield,5
0,2,5,1.0,0.0,0.76278657,0.6677499,0.875408569397236,1.0,21.0,0.0,0.0,0.6,0,5,36283,DT-Top1,Fixed-UCB-1.64sigma-Shield,5
2,2,5,0.0,0.0,0.6677499,0.6677499,0.9999999999985024,0.0,0.0,0.0,0.0,0.6,0,5,4608,PF,Full-CertiTwin-q90,5
2,2,5,0.0,0.0,0.6677499,0.6677499,0.9999999999985024,0.0,0.0,0.0,0.0,0.6,0,5,4608,PF,SLA-Rule-Shield,5
2,2,5,0.0,0.0,0.6677499,0.6677499,0.9999999999985024,0.0,0.0,0.0,0.0,0.6,0,5,4608,PF,Fixed-UCB-1sigma-Shield,5
2,2,5,0.0,0.0,0.6677499,0.6677499,0.9999999999985024,0.0,0.0,0.0,0.0,0.6,0,5,4608,PF,Fixed-UCB-1.64sigma-Shield,5
4,4,5,0.0,0.0,0.76313806,0.76313806,0.9999999999986896,0.0,0.0,0.0,0.0,0.6,0,5,4608,Greedy-SLA,Full-CertiTwin-q90,5
4,4,5,0.0,0.0,0.76313806,0.76313806,0.9999999999986896,0.0,0.0,0.0,0.0,0.6,0,5,4608,Greedy-SLA,SLA-Rule-Shield,5
4,4,5,0.0,0.0,0.76313806,0.76313806,0.9999999999986896,0.0,0.0,0.0,0.0,0.6,0,5,4608,Greedy-SLA,Fixed-UCB-1sigma-Shield,5
4,4,5,0.0,0.0,0.76313806,0.76313806,0.9999999999986896,0.0,0.0,0.0,0.0,0.6,0,5,4608,Greedy-SLA,Fixed-UCB-1.64sigma-Shield,5
0,2,5,1.0,0.0,0.77741534,0.6677499,0.8589358424534574,1.0,21.0,0.0,0.0,0.6,0,5,4608,DT-Top1,Full-CertiTwin-q90,5
0,4,5,1.0,0.0,0.77741534,0.76313806,0.981634939180668,1.0,57.0,0.0,0.0,0.6,0,5,4608,DT-Top1,SLA-Rule-Shield,5
0,2,5,1.0,0.0,0.77741534,0.6677499,0.8589358424534574,1.0,21.0,0.0,0.0,0.6,0,5,4608,DT-Top1,Fixed-UCB-1sigma-Shield,5
0,2,5,1.0,0.0,0.77741534,0.6677499,0.8589358424534574,1.0,21.0,0.0,0.0,0.6,0,5,4608,DT-Top1,Fixed-UCB-1.64sigma-Shield,5
2,2,5,0.0,0.0,0.65129316,0.65129316,0.9999999999984648,0.0,0.0,0.0,0.0,0.6,0,5,46732,PF,Full-CertiTwin-q90,5
2,2,5,0.0,0.0,0.65129316,0.65129316,0.9999999999984648,0.0,0.0,0.0,0.0,0.6,0,5,46732,PF,SLA-Rule-Shield,5
2,2,5,0.0,0.0,0.65129316,0.65129316,0.9999999999984648,0.0,0.0,0.0,0.0,0.6,0,5,46732,PF,Fixed-UCB-1sigma-Shield,5
2,2,5,0.0,0.0,0.65129316,0.65129316,0.9999999999984648,0.0,0.0,0.0,0.0,0.6,0,5,46732,PF,Fixed-UCB-1.64sigma-Shield,5
4,4,5,0.0,0.0,0.76313806,0.76313806,0.9999999999986896,0.0,0.0,0.0,0.0,0.6,0,5,46732,Greedy-SLA,Full-CertiTwin-q90,5
4,4,5,0.0,0.0,0.76313806,0.76313806,0.9999999999986896,0.0,0.0,0.0,0.0,0.6,0,5,46732,Greedy-SLA,SLA-Rule-Shield,5
4,4,5,0.0,0.0,0.76313806,0.76313806,0.9999999999986896,0.0,0.0,0.0,0.0,0.6,0,5,46732,Greedy-SLA,Fixed-UCB-1sigma-Shield,5
4,4,5,0.0,0.0,0.76313806,0.76313806,0.9999999999986896,0.0,0.0,0.0,0.0,0.6,0,5,46732,Greedy-SLA,Fixed-UCB-1.64sigma-Shield,5
0,2,5,1.0,0.0,0.76278657,0.65129316,0.8538340678954877,1.0,21.0,0.0,0.0,0.6,0,5,46732,DT-Top1,Full-CertiTwin-q90,5
0,4,5,1.0,0.0,0.76278657,0.76313806,1.000460797309265,1.0,57.0,0.0,0.0,0.6,0,5,46732,DT-Top1,SLA-Rule-Shield,5
0,2,5,1.0,0.0,0.76278657,0.65129316,0.8538340678954877,1.0,21.0,0.0,0.0,0.6,0,5,46732,DT-Top1,Fixed-UCB-1sigma-Shield,5
0,2,5,1.0,0.0,0.76278657,0.65129316,0.8538340678954877,1.0,21.0,0.0,0.0,0.6,0,5,46732,DT-Top1,Fixed-UCB-1.64sigma-Shield,5
2,2,5,0.0,0.0,0.6677499,0.6677499,0.9999999999985024,0.0,0.0,0.0,0.0,0.6,0,5,37543,PF,Full-CertiTwin-q90,5
2,2,5,0.0,0.0,0.6677499,0.6677499,0.9999999999985024,0.0,0.0,0.0,0.0,0.6,0,5,37543,PF,SLA-Rule-Shield,5
2,2,5,0.0,0.0,0.6677499,0.6677499,0.9999999999985024,0.0,0.0,0.0,0.0,0.6,0,5,37543,PF,Fixed-UCB-1sigma-Shield,5
2,2,5,0.0,0.0,0.6677499,0.6677499,0.9999999999985024,0.0,0.0,0.0,0.0,0.6,0,5,37543,PF,Fixed-UCB-1.64sigma-Shield,5
4,4,5,0.0,0.0,0.76313806,0.76313806,0.9999999999986896,0.0,0.0,0.0,0.0,0.6,0,5,37543,Greedy-SLA,Full-CertiTwin-q90,5
4,4,5,0.0,0.0,0.76313806,0.76313806,0.9999999999986896,0.0,0.0,0.0,0.0,0.6,0,5,37543,Greedy-SLA,SLA-Rule-Shield,5
4,4,5,0.0,0.0,0.76313806,0.76313806,0.9999999999986896,0.0,0.0,0.0,0.0,0.6,0,5,37543,Greedy-SLA,Fixed-UCB-1sigma-Shield,5
4,4,5,0.0,0.0,0.76313806,0.76313806,0.9999999999986896,0.0,0.0,0.0,0.0,0.6,0,5,37543,Greedy-SLA,Fixed-UCB-1.64sigma-Shield,5
0,2,5,1.0,0.0,0.77741534,0.6677499,0.8589358424534574,1.0,21.0,0.0,0.0,0.6,0,5,37543,DT-Top1,Full-CertiTwin-q90,5
0,4,5,1.0,0.0,0.77741534,0.76313806,0.981634939180668,1.0,57.0,0.0,0.0,0.6,0,5,37543,DT-Top1,SLA-Rule-Shield,5
0,2,5,1.0,0.0,0.77741534,0.6677499,0.8589358424534574,1.0,21.0,0.0,0.0,0.6,0,5,37543,DT-Top1,Fixed-UCB-1sigma-Shield,5
0,2,5,1.0,0.0,0.77741534,0.6677499,0.8589358424534574,1.0,21.0,0.0,0.0,0.6,0,5,37543,DT-Top1,Fixed-UCB-1.64sigma-Shield,5
2,2,5,0.0,0.0,0.6677499,0.6677499,0.9999999999985024,0.0,0.0,0.0,0.0,0.6,0,5,39855,PF,Full-CertiTwin-q90,5
2,2,5,0.0,0.0,0.6677499,0.6677499,0.9999999999985024,0.0,0.0,0.0,0.0,0.6,0,5,39855,PF,SLA-Rule-Shield,5
2,2,5,0.0,0.0,0.6677499,0.6677499,0.9999999999985024,0.0,0.0,0.0,0.0,0.6,0,5,39855,PF,Fixed-UCB-1sigma-Shield,5
2,2,5,0.0,0.0,0.6677499,0.6677499,0.9999999999985024,0.0,0.0,0.0,0.0,0.6,0,5,39855,PF,Fixed-UCB-1.64sigma-Shield,5
0,2,5,1.0,0.0,0.76278657,0.6677499,0.875408569397236,1.0,21.0,0.0,0.0,0.6,0,5,39855,Greedy-SLA,Full-CertiTwin-q90,5
0,4,5,1.0,0.0,0.76278657,0.76313806,1.000460797309265,1.0,57.0,0.0,0.0,0.6,0,5,39855,Greedy-SLA,SLA-Rule-Shield,5
0,2,5,1.0,0.0,0.76278657,0.6677499,0.875408569397236,1.0,21.0,0.0,0.0,0.6,0,5,39855,Greedy-SLA,Fixed-UCB-1sigma-Shield,5
0,2,5,1.0,0.0,0.76278657,0.6677499,0.875408569397236,1.0,21.0,0.0,0.0,0.6,0,5,39855,Greedy-SLA,Fixed-UCB-1.64sigma-Shield,5
0,2,5,1.0,0.0,0.76278657,0.6677499,0.875408569397236,1.0,21.0,0.0,0.0,0.6,0,5,39855,DT-Top1,Full-CertiTwin-q90,5
0,4,5,1.0,0.0,0.76278657,0.76313806,1.000460797309265,1.0,57.0,0.0,0.0,0.6,0,5,39855,DT-Top1,SLA-Rule-Shield,5
0,2,5,1.0,0.0,0.76278657,0.6677499,0.875408569397236,1.0,21.0,0.0,0.0,0.6,0,5,39855,DT-Top1,Fixed-UCB-1sigma-Shield,5
0,2,5,1.0,0.0,0.76278657,0.6677499,0.875408569397236,1.0,21.0,0.0,0.0,0.6,0,5,39855,DT-Top1,Fixed-UCB-1.64sigma-Shield,5
2,2,5,0.0,0.0,0.6677499,0.6677499,0.9999999999985024,0.0,0.0,0.0,0.0,0.6,0,5,38649,PF,Full-CertiTwin-q90,5
2,2,5,0.0,0.0,0.6677499,0.6677499,0.9999999999985024,0.0,0.0,0.0,0.0,0.6,0,5,38649,PF,SLA-Rule-Shield,5
2,2,5,0.0,0.0,0.6677499,0.6677499,0.9999999999985024,0.0,0.0,0.0,0.0,0.6,0,5,38649,PF,Fixed-UCB-1sigma-Shield,5
2,2,5,0.0,0.0,0.6677499,0.6677499,0.9999999999985024,0.0,0.0,0.0,0.0,0.6,0,5,38649,PF,Fixed-UCB-1.64sigma-Shield,5
4,4,5,0.0,0.0,0.7566483,0.7566483,0.9999999999986784,0.0,0.0,0.0,0.0,0.6,0,5,38649,Greedy-SLA,Full-CertiTwin-q90,5
4,4,5,0.0,0.0,0.7566483,0.7566483,0.9999999999986784,0.0,0.0,0.0,0.0,0.6,0,5,38649,Greedy-SLA,SLA-Rule-Shield,5
4,4,5,0.0,0.0,0.7566483,0.7566483,0.9999999999986784,0.0,0.0,0.0,0.0,0.6,0,5,38649,Greedy-SLA,Fixed-UCB-1sigma-Shield,5
4,4,5,0.0,0.0,0.7566483,0.7566483,0.9999999999986784,0.0,0.0,0.0,0.0,0.6,0,5,38649,Greedy-SLA,Fixed-UCB-1.64sigma-Shield,5
0,2,5,1.0,0.0,0.76278657,0.6677499,0.875408569397236,1.0,21.0,0.0,0.0,0.6,0,5,38649,DT-Top1,Full-CertiTwin-q90,5
0,4,5,1.0,0.0,0.76278657,0.7566483,0.9919528341971308,1.0,57.0,0.0,0.0,0.6,0,5,38649,DT-Top1,SLA-Rule-Shield,5
0,2,5,1.0,0.0,0.76278657,0.6677499,0.875408569397236,1.0,21.0,0.0,0.0,0.6,0,5,38649,DT-Top1,Fixed-UCB-1sigma-Shield,5
0,2,5,1.0,0.0,0.76278657,0.6677499,0.875408569397236,1.0,21.0,0.0,0.0,0.6,0,5,38649,DT-Top1,Fixed-UCB-1.64sigma-Shield,5
2,2,5,0.0,0.0,0.6677499,0.6677499,0.9999999999985024,0.0,0.0,0.0,0.0,0.6,0,5,52889,PF,Full-CertiTwin-q90,5
2,2,5,0.0,0.0,0.6677499,0.6677499,0.9999999999985024,0.0,0.0,0.0,0.0,0.6,0,5,52889,PF,SLA-Rule-Shield,5
2,2,5,0.0,0.0,0.6677499,0.6677499,0.9999999999985024,0.0,0.0,0.0,0.0,0.6,0,5,52889,PF,Fixed-UCB-1sigma-Shield,5
2,2,5,0.0,0.0,0.6677499,0.6677499,0.9999999999985024,0.0,0.0,0.0,0.0,0.6,0,5,52889,PF,Fixed-UCB-1.64sigma-Shield,5
4,4,5,0.0,0.0,0.76313806,0.76313806,0.9999999999986896,0.0,0.0,0.0,0.0,0.6,0,5,52889,Greedy-SLA,Full-CertiTwin-q90,5
4,4,5,0.0,0.0,0.76313806,0.76313806,0.9999999999986896,0.0,0.0,0.0,0.0,0.6,0,5,52889,Greedy-SLA,SLA-Rule-Shield,5
4,4,5,0.0,0.0,0.76313806,0.76313806,0.9999999999986896,0.0,0.0,0.0,0.0,0.6,0,5,52889,Greedy-SLA,Fixed-UCB-1sigma-Shield,5
4,4,5,0.0,0.0,0.76313806,0.76313806,0.9999999999986896,0.0,0.0,0.0,0.0,0.6,0,5,52889,Greedy-SLA,Fixed-UCB-1.64sigma-Shield,5
0,2,5,1.0,0.0,0.76278657,0.6677499,0.875408569397236,1.0,21.0,0.0,0.0,0.6,0,5,52889,DT-Top1,Full-CertiTwin-q90,5
0,4,5,1.0,0.0,0.76278657,0.76313806,1.000460797309265,1.0,57.0,0.0,0.0,0.6,0,5,52889,DT-Top1,SLA-Rule-Shield,5
0,2,5,1.0,0.0,0.76278657,0.6677499,0.875408569397236,1.0,21.0,0.0,0.0,0.6,0,5,52889,DT-Top1,Fixed-UCB-1sigma-Shield,5
0,2,5,1.0,0.0,0.76278657,0.6677499,0.875408569397236,1.0,21.0,0.0,0.0,0.6,0,5,52889,DT-Top1,Fixed-UCB-1.64sigma-Shield,5
2,2,5,0.0,0.0,0.6677499,0.6677499,0.9999999999985024,0.0,0.0,0.0,0.0,0.6,0,5,55281,PF,Full-CertiTwin-q90,5
2,2,5,0.0,0.0,0.6677499,0.6677499,0.9999999999985024,0.0,0.0,0.0,0.0,0.6,0,5,55281,PF,SLA-Rule-Shield,5
2,2,5,0.0,0.0,0.6677499,0.6677499,0.9999999999985024,0.0,0.0,0.0,0.0,0.6,0,5,55281,PF,Fixed-UCB-1sigma-Shield,5
2,2,5,0.0,0.0,0.6677499,0.6677499,0.9999999999985024,0.0,0.0,0.0,0.0,0.6,0,5,55281,PF,Fixed-UCB-1.64sigma-Shield,5
4,4,5,0.0,0.0,0.76313806,0.76313806,0.9999999999986896,0.0,0.0,0.0,0.0,0.6,0,5,55281,Greedy-SLA,Full-CertiTwin-q90,5
4,4,5,0.0,0.0,0.76313806,0.76313806,0.9999999999986896,0.0,0.0,0.0,0.0,0.6,0,5,55281,Greedy-SLA,SLA-Rule-Shield,5
4,4,5,0.0,0.0,0.76313806,0.76313806,0.9999999999986896,0.0,0.0,0.0,0.0,0.6,0,5,55281,Greedy-SLA,Fixed-UCB-1sigma-Shield,5
4,4,5,0.0,0.0,0.76313806,0.76313806,0.9999999999986896,0.0,0.0,0.0,0.0,0.6,0,5,55281,Greedy-SLA,Fixed-UCB-1.64sigma-Shield,5
0,2,5,1.0,0.0,0.76278657,0.6677499,0.875408569397236,1.0,21.0,0.0,0.0,0.6,0,5,55281,DT-Top1,Full-CertiTwin-q90,5
0,4,5,1.0,0.0,0.76278657,0.76313806,1.000460797309265,1.0,57.0,0.0,0.0,0.6,0,5,55281,DT-Top1,SLA-Rule-Shield,5
0,2,5,1.0,0.0,0.76278657,0.6677499,0.875408569397236,1.0,21.0,0.0,0.0,0.6,0,5,55281,DT-Top1,Fixed-UCB-1sigma-Shield,5
0,2,5,1.0,0.0,0.76278657,0.6677499,0.875408569397236,1.0,21.0,0.0,0.0,0.6,0,5,55281,DT-Top1,Fixed-UCB-1.64sigma-Shield,5
2,2,5,0.0,0.0,0.65129316,0.65129316,0.9999999999984648,0.0,0.0,0.0,0.0,0.6,0,5,3091,PF,Full-CertiTwin-q90,5
2,2,5,0.0,0.0,0.65129316,0.65129316,0.9999999999984648,0.0,0.0,0.0,0.0,0.6,0,5,3091,PF,SLA-Rule-Shield,5
2,2,5,0.0,0.0,0.65129316,0.65129316,0.9999999999984648,0.0,0.0,0.0,0.0,0.6,0,5,3091,PF,Fixed-UCB-1sigma-Shield,5
2,2,5,0.0,0.0,0.65129316,0.65129316,0.9999999999984648,0.0,0.0,0.0,0.0,0.6,0,5,3091,PF,Fixed-UCB-1.64sigma-Shield,5
4,4,5,0.0,0.0,0.76313806,0.76313806,0.9999999999986896,0.0,0.0,0.0,0.0,0.6,0,5,3091,Greedy-SLA,Full-CertiTwin-q90,5
4,4,5,0.0,0.0,0.76313806,0.76313806,0.9999999999986896,0.0,0.0,0.0,0.0,0.6,0,5,3091,Greedy-SLA,SLA-Rule-Shield,5
4,4,5,0.0,0.0,0.76313806,0.76313806,0.9999999999986896,0.0,0.0,0.0,0.0,0.6,0,5,3091,Greedy-SLA,Fixed-UCB-1sigma-Shield,5
4,4,5,0.0,0.0,0.76313806,0.76313806,0.9999999999986896,0.0,0.0,0.0,0.0,0.6,0,5,3091,Greedy-SLA,Fixed-UCB-1.64sigma-Shield,5
4,4,5,0.0,0.0,0.76313806,0.76313806,0.9999999999986896,0.0,0.0,0.0,0.0,0.6,0,5,3091,DT-Top1,Full-CertiTwin-q90,5
4,4,5,0.0,0.0,0.76313806,0.76313806,0.9999999999986896,0.0,0.0,0.0,0.0,0.6,0,5,3091,DT-Top1,SLA-Rule-Shield,5
4,4,5,0.0,0.0,0.76313806,0.76313806,0.9999999999986896,0.0,0.0,0.0,0.0,0.6,0,5,3091,DT-Top1,Fixed-UCB-1sigma-Shield,5
4,4,5,0.0,0.0,0.76313806,0.76313806,0.9999999999986896,0.0,0.0,0.0,0.0,0.6,0,5,3091,DT-Top1,Fixed-UCB-1.64sigma-Shield,5
2,2,5,0.0,0.0,0.6506768,0.6506768,0.9999999999984632,0.0,0.0,0.0,0.0,0.6,0,5,45347,PF,Full-CertiTwin-q90,5
2,2,5,0.0,0.0,0.6506768,0.6506768,0.9999999999984632,0.0,0.0,0.0,0.0,0.6,0,5,45347,PF,SLA-Rule-Shield,5
2,2,5,0.0,0.0,0.6506768,0.6506768,0.9999999999984632,0.0,0.0,0.0,0.0,0.6,0,5,45347,PF,Fixed-UCB-1sigma-Shield,5
2,2,5,0.0,0.0,0.6506768,0.6506768,0.9999999999984632,0.0,0.0,0.0,0.0,0.6,0,5,45347,PF,Fixed-UCB-1.64sigma-Shield,5
4,4,5,0.0,0.0,0.76313806,0.76313806,0.9999999999986896,0.0,0.0,0.0,0.0,0.6,0,5,45347,Greedy-SLA,Full-CertiTwin-q90,5
4,4,5,0.0,0.0,0.76313806,0.76313806,0.9999999999986896,0.0,0.0,0.0,0.0,0.6,0,5,45347,Greedy-SLA,SLA-Rule-Shield,5
4,4,5,0.0,0.0,0.76313806,0.76313806,0.9999999999986896,0.0,0.0,0.0,0.0,0.6,0,5,45347,Greedy-SLA,Fixed-UCB-1sigma-Shield,5
4,4,5,0.0,0.0,0.76313806,0.76313806,0.9999999999986896,0.0,0.0,0.0,0.0,0.6,0,5,45347,Greedy-SLA,Fixed-UCB-1.64sigma-Shield,5
0,2,5,1.0,0.0,0.76278657,0.6506768,0.853026030596143,1.0,21.0,0.0,0.0,0.6,0,5,45347,DT-Top1,Full-CertiTwin-q90,5
0,4,5,1.0,0.0,0.76278657,0.76313806,1.000460797309265,1.0,57.0,0.0,0.0,0.6,0,5,45347,DT-Top1,SLA-Rule-Shield,5
0,2,5,1.0,0.0,0.76278657,0.6506768,0.853026030596143,1.0,21.0,0.0,0.0,0.6,0,5,45347,DT-Top1,Fixed-UCB-1sigma-Shield,5
0,2,5,1.0,0.0,0.76278657,0.6506768,0.853026030596143,1.0,21.0,0.0,0.0,0.6,0,5,45347,DT-Top1,Fixed-UCB-1.64sigma-Shield,5
2,2,5,0.0,0.0,0.6677499,0.6677499,0.9999999999985024,0.0,0.0,0.0,0.0,0.6,0,5,29646,PF,Full-CertiTwin-q90,5
2,2,5,0.0,0.0,0.6677499,0.6677499,0.9999999999985024,0.0,0.0,0.0,0.0,0.6,0,5,29646,PF,SLA-Rule-Shield,5
2,2,5,0.0,0.0,0.6677499,0.6677499,0.9999999999985024,0.0,0.0,0.0,0.0,0.6,0,5,29646,PF,Fixed-UCB-1sigma-Shield,5
2,2,5,0.0,0.0,0.6677499,0.6677499,0.9999999999985024,0.0,0.0,0.0,0.0,0.6,0,5,29646,PF,Fixed-UCB-1.64sigma-Shield,5
4,4,5,0.0,0.0,0.76313806,0.76313806,0.9999999999986896,0.0,0.0,0.0,0.0,0.6,0,5,29646,Greedy-SLA,Full-CertiTwin-q90,5
4,4,5,0.0,0.0,0.76313806,0.76313806,0.9999999999986896,0.0,0.0,0.0,0.0,0.6,0,5,29646,Greedy-SLA,SLA-Rule-Shield,5
4,4,5,0.0,0.0,0.76313806,0.76313806,0.9999999999986896,0.0,0.0,0.0,0.0,0.6,0,5,29646,Greedy-SLA,Fixed-UCB-1sigma-Shield,5
4,4,5,0.0,0.0,0.76313806,0.76313806,0.9999999999986896,0.0,0.0,0.0,0.0,0.6,0,5,29646,Greedy-SLA,Fixed-UCB-1.64sigma-Shield,5
0,2,5,1.0,0.0,0.77741534,0.6677499,0.8589358424534574,1.0,21.0,0.0,0.0,0.6,0,5,29646,DT-Top1,Full-CertiTwin-q90,5
0,4,5,1.0,0.0,0.77741534,0.76313806,0.981634939180668,1.0,57.0,0.0,0.0,0.6,0,5,29646,DT-Top1,SLA-Rule-Shield,5
0,2,5,1.0,0.0,0.77741534,0.6677499,0.8589358424534574,1.0,21.0,0.0,0.0,0.6,0,5,29646,DT-Top1,Fixed-UCB-1sigma-Shield,5
0,2,5,1.0,0.0,0.77741534,0.6677499,0.8589358424534574,1.0,21.0,0.0,0.0,0.6,0,5,29646,DT-Top1,Fixed-UCB-1.64sigma-Shield,5
2,2,5,0.0,0.0,0.6677499,0.6677499,0.9999999999985024,0.0,0.0,0.0,0.0,0.6,0,5,57941,PF,Full-CertiTwin-q90,5
2,2,5,0.0,0.0,0.6677499,0.6677499,0.9999999999985024,0.0,0.0,0.0,0.0,0.6,0,5,57941,PF,SLA-Rule-Shield,5
2,2,5,0.0,0.0,0.6677499,0.6677499,0.9999999999985024,0.0,0.0,0.0,0.0,0.6,0,5,57941,PF,Fixed-UCB-1sigma-Shield,5
2,2,5,0.0,0.0,0.6677499,0.6677499,0.9999999999985024,0.0,0.0,0.0,0.0,0.6,0,5,57941,PF,Fixed-UCB-1.64sigma-Shield,5
4,4,5,0.0,0.0,0.76313806,0.76313806,0.9999999999986896,0.0,0.0,0.0,0.0,0.6,0,5,57941,Greedy-SLA,Full-CertiTwin-q90,5
4,4,5,0.0,0.0,0.76313806,0.76313806,0.9999999999986896,0.0,0.0,0.0,0.0,0.6,0,5,57941,Greedy-SLA,SLA-Rule-Shield,5
4,4,5,0.0,0.0,0.76313806,0.76313806,0.9999999999986896,0.0,0.0,0.0,0.0,0.6,0,5,57941,Greedy-SLA,Fixed-UCB-1sigma-Shield,5
4,4,5,0.0,0.0,0.76313806,0.76313806,0.9999999999986896,0.0,0.0,0.0,0.0,0.6,0,5,57941,Greedy-SLA,Fixed-UCB-1.64sigma-Shield,5
0,2,5,1.0,0.0,0.76278657,0.6677499,0.875408569397236,1.0,21.0,0.0,0.0,0.6,0,5,57941,DT-Top1,Full-CertiTwin-q90,5
0,4,5,1.0,0.0,0.76278657,0.76313806,1.000460797309265,1.0,57.0,0.0,0.0,0.6,0,5,57941,DT-Top1,SLA-Rule-Shield,5
0,2,5,1.0,0.0,0.76278657,0.6677499,0.875408569397236,1.0,21.0,0.0,0.0,0.6,0,5,57941,DT-Top1,Fixed-UCB-1sigma-Shield,5
0,2,5,1.0,0.0,0.76278657,0.6677499,0.875408569397236,1.0,21.0,0.0,0.0,0.6,0,5,57941,DT-Top1,Fixed-UCB-1.64sigma-Shield,5
2,2,5,0.0,0.0,0.6677499,0.6677499,0.9999999999985024,0.0,0.0,0.0,0.0,0.6,0,5,31162,PF,Full-CertiTwin-q90,5
2,2,5,0.0,0.0,0.6677499,0.6677499,0.9999999999985024,0.0,0.0,0.0,0.0,0.6,0,5,31162,PF,SLA-Rule-Shield,5
2,2,5,0.0,0.0,0.6677499,0.6677499,0.9999999999985024,0.0,0.0,0.0,0.0,0.6,0,5,31162,PF,Fixed-UCB-1sigma-Shield,5
2,2,5,0.0,0.0,0.6677499,0.6677499,0.9999999999985024,0.0,0.0,0.0,0.0,0.6,0,5,31162,PF,Fixed-UCB-1.64sigma-Shield,5
4,4,5,0.0,0.0,0.76313806,0.76313806,0.9999999999986896,0.0,0.0,0.0,0.0,0.6,0,5,31162,Greedy-SLA,Full-CertiTwin-q90,5
4,4,5,0.0,0.0,0.76313806,0.76313806,0.9999999999986896,0.0,0.0,0.0,0.0,0.6,0,5,31162,Greedy-SLA,SLA-Rule-Shield,5
4,4,5,0.0,0.0,0.76313806,0.76313806,0.9999999999986896,0.0,0.0,0.0,0.0,0.6,0,5,31162,Greedy-SLA,Fixed-UCB-1sigma-Shield,5
4,4,5,0.0,0.0,0.76313806,0.76313806,0.9999999999986896,0.0,0.0,0.0,0.0,0.6,0,5,31162,Greedy-SLA,Fixed-UCB-1.64sigma-Shield,5
0,2,5,1.0,0.0,0.76278657,0.6677499,0.875408569397236,1.0,21.0,0.0,0.0,0.6,0,5,31162,DT-Top1,Full-CertiTwin-q90,5
0,4,5,1.0,0.0,0.76278657,0.76313806,1.000460797309265,1.0,57.0,0.0,0.0,0.6,0,5,31162,DT-Top1,SLA-Rule-Shield,5
0,2,5,1.0,0.0,0.76278657,0.6677499,0.875408569397236,1.0,21.0,0.0,0.0,0.6,0,5,31162,DT-Top1,Fixed-UCB-1sigma-Shield,5
0,2,5,1.0,0.0,0.76278657,0.6677499,0.875408569397236,1.0,21.0,0.0,0.0,0.6,0,5,31162,DT-Top1,Fixed-UCB-1.64sigma-Shield,5
2,2,5,0.0,0.0,0.6677499,0.6677499,0.9999999999985024,0.0,0.0,0.0,0.0,0.6,0,5,47518,PF,Full-CertiTwin-q90,5
2,2,5,0.0,0.0,0.6677499,0.6677499,0.9999999999985024,0.0,0.0,0.0,0.0,0.6,0,5,47518,PF,SLA-Rule-Shield,5
2,2,5,0.0,0.0,0.6677499,0.6677499,0.9999999999985024,0.0,0.0,0.0,0.0,0.6,0,5,47518,PF,Fixed-UCB-1sigma-Shield,5
2,2,5,0.0,0.0,0.6677499,0.6677499,0.9999999999985024,0.0,0.0,0.0,0.0,0.6,0,5,47518,PF,Fixed-UCB-1.64sigma-Shield,5
4,4,5,0.0,0.0,0.76313806,0.76313806,0.9999999999986896,0.0,0.0,0.0,0.0,0.6,0,5,47518,Greedy-SLA,Full-CertiTwin-q90,5
4,4,5,0.0,0.0,0.76313806,0.76313806,0.9999999999986896,0.0,0.0,0.0,0.0,0.6,0,5,47518,Greedy-SLA,SLA-Rule-Shield,5
4,4,5,0.0,0.0,0.76313806,0.76313806,0.9999999999986896,0.0,0.0,0.0,0.0,0.6,0,5,47518,Greedy-SLA,Fixed-UCB-1sigma-Shield,5
4,4,5,0.0,0.0,0.76313806,0.76313806,0.9999999999986896,0.0,0.0,0.0,0.0,0.6,0,5,47518,Greedy-SLA,Fixed-UCB-1.64sigma-Shield,5
4,4,5,0.0,0.0,0.76313806,0.76313806,0.9999999999986896,0.0,0.0,0.0,0.0,0.6,0,5,47518,DT-Top1,Full-CertiTwin-q90,5
4,4,5,0.0,0.0,0.76313806,0.76313806,0.9999999999986896,0.0,0.0,0.0,0.0,0.6,0,5,47518,DT-Top1,SLA-Rule-Shield,5
4,4,5,0.0,0.0,0.76313806,0.76313806,0.9999999999986896,0.0,0.0,0.0,0.0,0.6,0,5,47518,DT-Top1,Fixed-UCB-1sigma-Shield,5
4,4,5,0.0,0.0,0.76313806,0.76313806,0.9999999999986896,0.0,0.0,0.0,0.0,0.6,0,5,47518,DT-Top1,Fixed-UCB-1.64sigma-Shield,5
2,2,5,0.0,0.0,0.6682329,0.6682329,0.9999999999985036,0.0,0.0,0.0,0.0,0.6,0,5,11313,PF,Full-CertiTwin-q90,5
2,2,5,0.0,0.0,0.6682329,0.6682329,0.9999999999985036,0.0,0.0,0.0,0.0,0.6,0,5,11313,PF,SLA-Rule-Shield,5
2,2,5,0.0,0.0,0.6682329,0.6682329,0.9999999999985036,0.0,0.0,0.0,0.0,0.6,0,5,11313,PF,Fixed-UCB-1sigma-Shield,5
2,2,5,0.0,0.0,0.6682329,0.6682329,0.9999999999985036,0.0,0.0,0.0,0.0,0.6,0,5,11313,PF,Fixed-UCB-1.64sigma-Shield,5
4,4,5,0.0,0.0,0.76313806,0.76313806,0.9999999999986896,0.0,0.0,0.0,0.0,0.6,0,5,11313,Greedy-SLA,Full-CertiTwin-q90,5
4,4,5,0.0,0.0,0.76313806,0.76313806,0.9999999999986896,0.0,0.0,0.0,0.0,0.6,0,5,11313,Greedy-SLA,SLA-Rule-Shield,5
4,4,5,0.0,0.0,0.76313806,0.76313806,0.9999999999986896,0.0,0.0,0.0,0.0,0.6,0,5,11313,Greedy-SLA,Fixed-UCB-1sigma-Shield,5
4,4,5,0.0,0.0,0.76313806,0.76313806,0.9999999999986896,0.0,0.0,0.0,0.0,0.6,0,5,11313,Greedy-SLA,Fixed-UCB-1.64sigma-Shield,5
0,2,5,1.0,0.0,0.76278657,0.6682329,0.8760417740431953,1.0,21.0,0.0,0.0,0.6,0,5,11313,DT-Top1,Full-CertiTwin-q90,5
0,4,5,1.0,0.0,0.76278657,0.76313806,1.000460797309265,1.0,57.0,0.0,0.0,0.6,0,5,11313,DT-Top1,SLA-Rule-Shield,5
0,2,5,1.0,0.0,0.76278657,0.6682329,0.8760417740431953,1.0,21.0,0.0,0.0,0.6,0,5,11313,DT-Top1,Fixed-UCB-1sigma-Shield,5
0,2,5,1.0,0.0,0.76278657,0.6682329,0.8760417740431953,1.0,21.0,0.0,0.0,0.6,0,5,11313,DT-Top1,Fixed-UCB-1.64sigma-Shield,5
2,2,5,0.0,0.0,0.6677499,0.6677499,0.9999999999985024,0.0,0.0,0.0,0.0,0.6,0,5,29023,PF,Full-CertiTwin-q90,5
2,2,5,0.0,0.0,0.6677499,0.6677499,0.9999999999985024,0.0,0.0,0.0,0.0,0.6,0,5,29023,PF,SLA-Rule-Shield,5
2,2,5,0.0,0.0,0.6677499,0.6677499,0.9999999999985024,0.0,0.0,0.0,0.0,0.6,0,5,29023,PF,Fixed-UCB-1sigma-Shield,5
2,2,5,0.0,0.0,0.6677499,0.6677499,0.9999999999985024,0.0,0.0,0.0,0.0,0.6,0,5,29023,PF,Fixed-UCB-1.64sigma-Shield,5
4,4,5,0.0,0.0,0.76313806,0.76313806,0.9999999999986896,0.0,0.0,0.0,0.0,0.6,0,5,29023,Greedy-SLA,Full-CertiTwin-q90,5
4,4,5,0.0,0.0,0.76313806,0.76313806,0.9999999999986896,0.0,0.0,0.0,0.0,0.6,0,5,29023,Greedy-SLA,SLA-Rule-Shield,5
4,4,5,0.0,0.0,0.76313806,0.76313806,0.9999999999986896,0.0,0.0,0.0,0.0,0.6,0,5,29023,Greedy-SLA,Fixed-UCB-1sigma-Shield,5
4,4,5,0.0,0.0,0.76313806,0.76313806,0.9999999999986896,0.0,0.0,0.0,0.0,0.6,0,5,29023,Greedy-SLA,Fixed-UCB-1.64sigma-Shield,5
4,4,5,0.0,0.0,0.76313806,0.76313806,0.9999999999986896,0.0,0.0,0.0,0.0,0.6,0,5,29023,DT-Top1,Full-CertiTwin-q90,5
4,4,5,0.0,0.0,0.76313806,0.76313806,0.9999999999986896,0.0,0.0,0.0,0.0,0.6,0,5,29023,DT-Top1,SLA-Rule-Shield,5
4,4,5,0.0,0.0,0.76313806,0.76313806,0.9999999999986896,0.0,0.0,0.0,0.0,0.6,0,5,29023,DT-Top1,Fixed-UCB-1sigma-Shield,5
4,4,5,0.0,0.0,0.76313806,0.76313806,0.9999999999986896,0.0,0.0,0.0,0.0,0.6,0,5,29023,DT-Top1,Fixed-UCB-1.64sigma-Shield,5
2,2,5,0.0,0.0,0.6677499,0.6677499,0.9999999999985024,0.0,0.0,0.0,0.0,0.6,0,5,34219,PF,Full-CertiTwin-q90,5
2,2,5,0.0,0.0,0.6677499,0.6677499,0.9999999999985024,0.0,0.0,0.0,0.0,0.6,0,5,34219,PF,SLA-Rule-Shield,5
2,2,5,0.0,0.0,0.6677499,0.6677499,0.9999999999985024,0.0,0.0,0.0,0.0,0.6,0,5,34219,PF,Fixed-UCB-1sigma-Shield,5
2,2,5,0.0,0.0,0.6677499,0.6677499,0.9999999999985024,0.0,0.0,0.0,0.0,0.6,0,5,34219,PF,Fixed-UCB-1.64sigma-Shield,5
4,4,5,0.0,0.0,0.7566483,0.7566483,0.9999999999986784,0.0,0.0,0.0,0.0,0.6,0,5,34219,Greedy-SLA,Full-CertiTwin-q90,5
4,4,5,0.0,0.0,0.7566483,0.7566483,0.9999999999986784,0.0,0.0,0.0,0.0,0.6,0,5,34219,Greedy-SLA,SLA-Rule-Shield,5
4,4,5,0.0,0.0,0.7566483,0.7566483,0.9999999999986784,0.0,0.0,0.0,0.0,0.6,0,5,34219,Greedy-SLA,Fixed-UCB-1sigma-Shield,5
4,4,5,0.0,0.0,0.7566483,0.7566483,0.9999999999986784,0.0,0.0,0.0,0.0,0.6,0,5,34219,Greedy-SLA,Fixed-UCB-1.64sigma-Shield,5
0,2,5,1.0,0.0,0.76278657,0.6677499,0.875408569397236,1.0,21.0,0.0,0.0,0.6,0,5,34219,DT-Top1,Full-CertiTwin-q90,5
0,4,5,1.0,0.0,0.76278657,0.7566483,0.9919528341971308,1.0,57.0,0.0,0.0,0.6,0,5,34219,DT-Top1,SLA-Rule-Shield,5
0,2,5,1.0,0.0,0.76278657,0.6677499,0.875408569397236,1.0,21.0,0.0,0.0,0.6,0,5,34219,DT-Top1,Fixed-UCB-1sigma-Shield,5
0,2,5,1.0,0.0,0.76278657,0.6677499,0.875408569397236,1.0,21.0,0.0,0.0,0.6,0,5,34219,DT-Top1,Fixed-UCB-1.64sigma-Shield,5
2,2,5,0.0,0.0,0.6677499,0.6677499,0.9999999999985024,0.0,0.0,0.0,0.0,0.6,0,5,58012,PF,Full-CertiTwin-q90,5
2,2,5,0.0,0.0,0.6677499,0.6677499,0.9999999999985024,0.0,0.0,0.0,0.0,0.6,0,5,58012,PF,SLA-Rule-Shield,5
2,2,5,0.0,0.0,0.6677499,0.6677499,0.9999999999985024,0.0,0.0,0.0,0.0,0.6,0,5,58012,PF,Fixed-UCB-1sigma-Shield,5
2,2,5,0.0,0.0,0.6677499,0.6677499,0.9999999999985024,0.0,0.0,0.0,0.0,0.6,0,5,58012,PF,Fixed-UCB-1.64sigma-Shield,5
4,4,5,0.0,0.0,0.76313806,0.76313806,0.9999999999986896,0.0,0.0,0.0,0.0,0.6,0,5,58012,Greedy-SLA,Full-CertiTwin-q90,5
4,4,5,0.0,0.0,0.76313806,0.76313806,0.9999999999986896,0.0,0.0,0.0,0.0,0.6,0,5,58012,Greedy-SLA,SLA-Rule-Shield,5
4,4,5,0.0,0.0,0.76313806,0.76313806,0.9999999999986896,0.0,0.0,0.0,0.0,0.6,0,5,58012,Greedy-SLA,Fixed-UCB-1sigma-Shield,5
4,4,5,0.0,0.0,0.76313806,0.76313806,0.9999999999986896,0.0,0.0,0.0,0.0,0.6,0,5,58012,Greedy-SLA,Fixed-UCB-1.64sigma-Shield,5
4,4,5,0.0,0.0,0.76313806,0.76313806,0.9999999999986896,0.0,0.0,0.0,0.0,0.6,0,5,58012,DT-Top1,Full-CertiTwin-q90,5
4,4,5,0.0,0.0,0.76313806,0.76313806,0.9999999999986896,0.0,0.0,0.0,0.0,0.6,0,5,58012,DT-Top1,SLA-Rule-Shield,5
4,4,5,0.0,0.0,0.76313806,0.76313806,0.9999999999986896,0.0,0.0,0.0,0.0,0.6,0,5,58012,DT-Top1,Fixed-UCB-1sigma-Shield,5
4,4,5,0.0,0.0,0.76313806,0.76313806,0.9999999999986896,0.0,0.0,0.0,0.0,0.6,0,5,58012,DT-Top1,Fixed-UCB-1.64sigma-Shield,5
2,2,5,0.0,0.0,0.6677499,0.6677499,0.9999999999985024,0.0,0.0,0.0,0.0,0.6,0,5,45054,PF,Full-CertiTwin-q90,5
2,2,5,0.0,0.0,0.6677499,0.6677499,0.9999999999985024,0.0,0.0,0.0,0.0,0.6,0,5,45054,PF,SLA-Rule-Shield,5
2,2,5,0.0,0.0,0.6677499,0.6677499,0.9999999999985024,0.0,0.0,0.0,0.0,0.6,0,5,45054,PF,Fixed-UCB-1sigma-Shield,5
2,2,5,0.0,0.0,0.6677499,0.6677499,0.9999999999985024,0.0,0.0,0.0,0.0,0.6,0,5,45054,PF,Fixed-UCB-1.64sigma-Shield,5
4,4,5,0.0,0.0,0.76313806,0.76313806,0.9999999999986896,0.0,0.0,0.0,0.0,0.6,0,5,45054,Greedy-SLA,Full-CertiTwin-q90,5
4,4,5,0.0,0.0,0.76313806,0.76313806,0.9999999999986896,0.0,0.0,0.0,0.0,0.6,0,5,45054,Greedy-SLA,SLA-Rule-Shield,5
4,4,5,0.0,0.0,0.76313806,0.76313806,0.9999999999986896,0.0,0.0,0.0,0.0,0.6,0,5,45054,Greedy-SLA,Fixed-UCB-1sigma-Shield,5
4,4,5,0.0,0.0,0.76313806,0.76313806,0.9999999999986896,0.0,0.0,0.0,0.0,0.6,0,5,45054,Greedy-SLA,Fixed-UCB-1.64sigma-Shield,5
0,2,5,1.0,0.0,0.76278657,0.6677499,0.875408569397236,1.0,21.0,0.0,0.0,0.6,0,5,45054,DT-Top1,Full-CertiTwin-q90,5
0,4,5,1.0,0.0,0.76278657,0.76313806,1.000460797309265,1.0,57.0,0.0,0.0,0.6,0,5,45054,DT-Top1,SLA-Rule-Shield,5
0,2,5,1.0,0.0,0.76278657,0.6677499,0.875408569397236,1.0,21.0,0.0,0.0,0.6,0,5,45054,DT-Top1,Fixed-UCB-1sigma-Shield,5
0,2,5,1.0,0.0,0.76278657,0.6677499,0.875408569397236,1.0,21.0,0.0,0.0,0.6,0,5,45054,DT-Top1,Fixed-UCB-1.64sigma-Shield,5
2,2,5,0.0,0.0,0.6677499,0.6677499,0.9999999999985024,0.0,0.0,0.0,0.0,0.6,0,5,45508,PF,Full-CertiTwin-q90,5
2,2,5,0.0,0.0,0.6677499,0.6677499,0.9999999999985024,0.0,0.0,0.0,0.0,0.6,0,5,45508,PF,SLA-Rule-Shield,5
2,2,5,0.0,0.0,0.6677499,0.6677499,0.9999999999985024,0.0,0.0,0.0,0.0,0.6,0,5,45508,PF,Fixed-UCB-1sigma-Shield,5
2,2,5,0.0,0.0,0.6677499,0.6677499,0.9999999999985024,0.0,0.0,0.0,0.0,0.6,0,5,45508,PF,Fixed-UCB-1.64sigma-Shield,5
0,2,5,1.0,0.0,0.76278657,0.6677499,0.875408569397236,1.0,21.0,0.0,0.0,0.6,0,5,45508,Greedy-SLA,Full-CertiTwin-q90,5
0,4,5,1.0,0.0,0.76278657,0.76313806,1.000460797309265,1.0,57.0,0.0,0.0,0.6,0,5,45508,Greedy-SLA,SLA-Rule-Shield,5
0,2,5,1.0,0.0,0.76278657,0.6677499,0.875408569397236,1.0,21.0,0.0,0.0,0.6,0,5,45508,Greedy-SLA,Fixed-UCB-1sigma-Shield,5
0,2,5,1.0,0.0,0.76278657,0.6677499,0.875408569397236,1.0,21.0,0.0,0.0,0.6,0,5,45508,Greedy-SLA,Fixed-UCB-1.64sigma-Shield,5
0,2,5,1.0,0.0,0.76278657,0.6677499,0.875408569397236,1.0,21.0,0.0,0.0,0.6,0,5,45508,DT-Top1,Full-CertiTwin-q90,5
0,4,5,1.0,0.0,0.76278657,0.76313806,1.000460797309265,1.0,57.0,0.0,0.0,0.6,0,5,45508,DT-Top1,SLA-Rule-Shield,5
0,2,5,1.0,0.0,0.76278657,0.6677499,0.875408569397236,1.0,21.0,0.0,0.0,0.6,0,5,45508,DT-Top1,Fixed-UCB-1sigma-Shield,5
0,2,5,1.0,0.0,0.76278657,0.6677499,0.875408569397236,1.0,21.0,0.0,0.0,0.6,0,5,45508,DT-Top1,Fixed-UCB-1.64sigma-Shield,5
2,2,5,0.0,0.0,0.6677499,0.6677499,0.9999999999985024,0.0,0.0,0.0,0.0,0.6,0,5,22256,PF,Full-CertiTwin-q90,5
2,2,5,0.0,0.0,0.6677499,0.6677499,0.9999999999985024,0.0,0.0,0.0,0.0,0.6,0,5,22256,PF,SLA-Rule-Shield,5
2,2,5,0.0,0.0,0.6677499,0.6677499,0.9999999999985024,0.0,0.0,0.0,0.0,0.6,0,5,22256,PF,Fixed-UCB-1sigma-Shield,5
2,2,5,0.0,0.0,0.6677499,0.6677499,0.9999999999985024,0.0,0.0,0.0,0.0,0.6,0,5,22256,PF,Fixed-UCB-1.64sigma-Shield,5
4,4,5,0.0,0.0,0.7526786,0.7526786,0.9999999999986714,0.0,0.0,0.0,0.0,0.6,0,5,22256,Greedy-SLA,Full-CertiTwin-q90,5
4,4,5,0.0,0.0,0.7526786,0.7526786,0.9999999999986714,0.0,0.0,0.0,0.0,0.6,0,5,22256,Greedy-SLA,SLA-Rule-Shield,5
4,4,5,0.0,0.0,0.7526786,0.7526786,0.9999999999986714,0.0,0.0,0.0,0.0,0.6,0,5,22256,Greedy-SLA,Fixed-UCB-1sigma-Shield,5
4,4,5,0.0,0.0,0.7526786,0.7526786,0.9999999999986714,0.0,0.0,0.0,0.0,0.6,0,5,22256,Greedy-SLA,Fixed-UCB-1.64sigma-Shield,5
0,2,5,1.0,0.0,0.76278657,0.6677499,0.875408569397236,1.0,21.0,0.0,0.0,0.6,0,5,22256,DT-Top1,Full-CertiTwin-q90,5
0,4,5,1.0,0.0,0.76278657,0.7526786,0.9867486261576592,1.0,57.0,0.0,0.0,0.6,0,5,22256,DT-Top1,SLA-Rule-Shield,5
0,2,5,1.0,0.0,0.76278657,0.6677499,0.875408569397236,1.0,21.0,0.0,0.0,0.6,0,5,22256,DT-Top1,Fixed-UCB-1sigma-Shield,5
0,2,5,1.0,0.0,0.76278657,0.6677499,0.875408569397236,1.0,21.0,0.0,0.0,0.6,0,5,22256,DT-Top1,Fixed-UCB-1.64sigma-Shield,5
2,2,5,0.0,0.0,0.6677499,0.6677499,0.9999999999985024,0.0,0.0,0.0,0.0,0.6,0,5,36043,PF,Full-CertiTwin-q90,5
2,2,5,0.0,0.0,0.6677499,0.6677499,0.9999999999985024,0.0,0.0,0.0,0.0,0.6,0,5,36043,PF,SLA-Rule-Shield,5
2,2,5,0.0,0.0,0.6677499,0.6677499,0.9999999999985024,0.0,0.0,0.0,0.0,0.6,0,5,36043,PF,Fixed-UCB-1sigma-Shield,5
2,2,5,0.0,0.0,0.6677499,0.6677499,0.9999999999985024,0.0,0.0,0.0,0.0,0.6,0,5,36043,PF,Fixed-UCB-1.64sigma-Shield,5
4,4,5,0.0,0.0,0.76313806,0.76313806,0.9999999999986896,0.0,0.0,0.0,0.0,0.6,0,5,36043,Greedy-SLA,Full-CertiTwin-q90,5
4,4,5,0.0,0.0,0.76313806,0.76313806,0.9999999999986896,0.0,0.0,0.0,0.0,0.6,0,5,36043,Greedy-SLA,SLA-Rule-Shield,5
4,4,5,0.0,0.0,0.76313806,0.76313806,0.9999999999986896,0.0,0.0,0.0,0.0,0.6,0,5,36043,Greedy-SLA,Fixed-UCB-1sigma-Shield,5
4,4,5,0.0,0.0,0.76313806,0.76313806,0.9999999999986896,0.0,0.0,0.0,0.0,0.6,0,5,36043,Greedy-SLA,Fixed-UCB-1.64sigma-Shield,5
0,2,5,1.0,0.0,0.77741534,0.6677499,0.8589358424534574,1.0,21.0,0.0,0.0,0.6,0,5,36043,DT-Top1,Full-CertiTwin-q90,5
0,4,5,1.0,0.0,0.77741534,0.76313806,0.981634939180668,1.0,57.0,0.0,0.0,0.6,0,5,36043,DT-Top1,SLA-Rule-Shield,5
0,2,5,1.0,0.0,0.77741534,0.6677499,0.8589358424534574,1.0,21.0,0.0,0.0,0.6,0,5,36043,DT-Top1,Fixed-UCB-1sigma-Shield,5
0,2,5,1.0,0.0,0.77741534,0.6677499,0.8589358424534574,1.0,21.0,0.0,0.0,0.6,0,5,36043,DT-Top1,Fixed-UCB-1.64sigma-Shield,5
2,2,5,0.0,0.0,0.7186651,0.7186651,0.9999999999986086,0.0,0.0,0.0,0.0,0.6,0,5,27083,PF,Full-CertiTwin-q90,5
2,2,5,0.0,0.0,0.7186651,0.7186651,0.9999999999986086,0.0,0.0,0.0,0.0,0.6,0,5,27083,PF,SLA-Rule-Shield,5
2,2,5,0.0,0.0,0.7186651,0.7186651,0.9999999999986086,0.0,0.0,0.0,0.0,0.6,0,5,27083,PF,Fixed-UCB-1sigma-Shield,5
2,2,5,0.0,0.0,0.7186651,0.7186651,0.9999999999986086,0.0,0.0,0.0,0.0,0.6,0,5,27083,PF,Fixed-UCB-1.64sigma-Shield,5
4,4,5,0.0,0.0,0.76313806,0.76313806,0.9999999999986896,0.0,0.0,0.0,0.0,0.6,0,5,27083,Greedy-SLA,Full-CertiTwin-q90,5
4,4,5,0.0,0.0,0.76313806,0.76313806,0.9999999999986896,0.0,0.0,0.0,0.0,0.6,0,5,27083,Greedy-SLA,SLA-Rule-Shield,5
4,4,5,0.0,0.0,0.76313806,0.76313806,0.9999999999986896,0.0,0.0,0.0,0.0,0.6,0,5,27083,Greedy-SLA,Fixed-UCB-1sigma-Shield,5
4,4,5,0.0,0.0,0.76313806,0.76313806,0.9999999999986896,0.0,0.0,0.0,0.0,0.6,0,5,27083,Greedy-SLA,Fixed-UCB-1.64sigma-Shield,5
0,2,5,1.0,0.0,0.76278657,0.7186651,0.942157515960274,1.0,21.0,0.0,0.0,0.6,0,5,27083,DT-Top1,Full-CertiTwin-q90,5
0,4,5,1.0,0.0,0.76278657,0.76313806,1.000460797309265,1.0,57.0,0.0,0.0,0.6,0,5,27083,DT-Top1,SLA-Rule-Shield,5
0,2,5,1.0,0.0,0.76278657,0.7186651,0.942157515960274,1.0,21.0,0.0,0.0,0.6,0,5,27083,DT-Top1,Fixed-UCB-1sigma-Shield,5
0,2,5,1.0,0.0,0.76278657,0.7186651,0.942157515960274,1.0,21.0,0.0,0.0,0.6,0,5,27083,DT-Top1,Fixed-UCB-1.64sigma-Shield,5
2,2,5,0.0,0.0,0.6677499,0.6677499,0.9999999999985024,0.0,0.0,0.0,0.0,0.6,0,5,5424,PF,Full-CertiTwin-q90,5
2,2,5,0.0,0.0,0.6677499,0.6677499,0.9999999999985024,0.0,0.0,0.0,0.0,0.6,0,5,5424,PF,SLA-Rule-Shield,5
2,2,5,0.0,0.0,0.6677499,0.6677499,0.9999999999985024,0.0,0.0,0.0,0.0,0.6,0,5,5424,PF,Fixed-UCB-1sigma-Shield,5
2,2,5,0.0,0.0,0.6677499,0.6677499,0.9999999999985024,0.0,0.0,0.0,0.0,0.6,0,5,5424,PF,Fixed-UCB-1.64sigma-Shield,5
4,4,5,0.0,0.0,0.76313806,0.76313806,0.9999999999986896,0.0,0.0,0.0,0.0,0.6,0,5,5424,Greedy-SLA,Full-CertiTwin-q90,5
4,4,5,0.0,0.0,0.76313806,0.76313806,0.9999999999986896,0.0,0.0,0.0,0.0,0.6,0,5,5424,Greedy-SLA,SLA-Rule-Shield,5
4,4,5,0.0,0.0,0.76313806,0.76313806,0.9999999999986896,0.0,0.0,0.0,0.0,0.6,0,5,5424,Greedy-SLA,Fixed-UCB-1sigma-Shield,5
4,4,5,0.0,0.0,0.76313806,0.76313806,0.9999999999986896,0.0,0.0,0.0,0.0,0.6,0,5,5424,Greedy-SLA,Fixed-UCB-1.64sigma-Shield,5
4,4,5,0.0,0.0,0.76313806,0.76313806,0.9999999999986896,0.0,0.0,0.0,0.0,0.6,0,5,5424,DT-Top1,Full-CertiTwin-q90,5
4,4,5,0.0,0.0,0.76313806,0.76313806,0.9999999999986896,0.0,0.0,0.0,0.0,0.6,0,5,5424,DT-Top1,SLA-Rule-Shield,5
4,4,5,0.0,0.0,0.76313806,0.76313806,0.9999999999986896,0.0,0.0,0.0,0.0,0.6,0,5,5424,DT-Top1,Fixed-UCB-1sigma-Shield,5
4,4,5,0.0,0.0,0.76313806,0.76313806,0.9999999999986896,0.0,0.0,0.0,0.0,0.6,0,5,5424,DT-Top1,Fixed-UCB-1.64sigma-Shield,5
2,2,5,0.0,0.0,0.6677499,0.6677499,0.9999999999985024,0.0,0.0,0.0,0.0,0.6,0,5,43150,PF,Full-CertiTwin-q90,5
2,2,5,0.0,0.0,0.6677499,0.6677499,0.9999999999985024,0.0,0.0,0.0,0.0,0.6,0,5,43150,PF,SLA-Rule-Shield,5
2,2,5,0.0,0.0,0.6677499,0.6677499,0.9999999999985024,0.0,0.0,0.0,0.0,0.6,0,5,43150,PF,Fixed-UCB-1sigma-Shield,5
2,2,5,0.0,0.0,0.6677499,0.6677499,0.9999999999985024,0.0,0.0,0.0,0.0,0.6,0,5,43150,PF,Fixed-UCB-1.64sigma-Shield,5
4,4,5,0.0,0.0,0.76313806,0.76313806,0.9999999999986896,0.0,0.0,0.0,0.0,0.6,0,5,43150,Greedy-SLA,Full-CertiTwin-q90,5
4,4,5,0.0,0.0,0.76313806,0.76313806,0.9999999999986896,0.0,0.0,0.0,0.0,0.6,0,5,43150,Greedy-SLA,SLA-Rule-Shield,5
4,4,5,0.0,0.0,0.76313806,0.76313806,0.9999999999986896,0.0,0.0,0.0,0.0,0.6,0,5,43150,Greedy-SLA,Fixed-UCB-1sigma-Shield,5
4,4,5,0.0,0.0,0.76313806,0.76313806,0.9999999999986896,0.0,0.0,0.0,0.0,0.6,0,5,43150,Greedy-SLA,Fixed-UCB-1.64sigma-Shield,5
4,4,5,0.0,0.0,0.76313806,0.76313806,0.9999999999986896,0.0,0.0,0.0,0.0,0.6,0,5,43150,DT-Top1,Full-CertiTwin-q90,5
4,4,5,0.0,0.0,0.76313806,0.76313806,0.9999999999986896,0.0,0.0,0.0,0.0,0.6,0,5,43150,DT-Top1,SLA-Rule-Shield,5
4,4,5,0.0,0.0,0.76313806,0.76313806,0.9999999999986896,0.0,0.0,0.0,0.0,0.6,0,5,43150,DT-Top1,Fixed-UCB-1sigma-Shield,5
4,4,5,0.0,0.0,0.76313806,0.76313806,0.9999999999986896,0.0,0.0,0.0,0.0,0.6,0,5,43150,DT-Top1,Fixed-UCB-1.64sigma-Shield,5
2,2,5,0.0,0.0,0.6677499,0.6677499,0.9999999999985024,0.0,0.0,0.0,0.0,0.6,0,5,51217,PF,Full-CertiTwin-q90,5
2,2,5,0.0,0.0,0.6677499,0.6677499,0.9999999999985024,0.0,0.0,0.0,0.0,0.6,0,5,51217,PF,SLA-Rule-Shield,5
2,2,5,0.0,0.0,0.6677499,0.6677499,0.9999999999985024,0.0,0.0,0.0,0.0,0.6,0,5,51217,PF,Fixed-UCB-1sigma-Shield,5
2,2,5,0.0,0.0,0.6677499,0.6677499,0.9999999999985024,0.0,0.0,0.0,0.0,0.6,0,5,51217,PF,Fixed-UCB-1.64sigma-Shield,5
4,4,5,0.0,0.0,0.76313806,0.76313806,0.9999999999986896,0.0,0.0,0.0,0.0,0.6,0,5,51217,Greedy-SLA,Full-CertiTwin-q90,5
4,4,5,0.0,0.0,0.76313806,0.76313806,0.9999999999986896,0.0,0.0,0.0,0.0,0.6,0,5,51217,Greedy-SLA,SLA-Rule-Shield,5
4,4,5,0.0,0.0,0.76313806,0.76313806,0.9999999999986896,0.0,0.0,0.0,0.0,0.6,0,5,51217,Greedy-SLA,Fixed-UCB-1sigma-Shield,5
4,4,5,0.0,0.0,0.76313806,0.76313806,0.9999999999986896,0.0,0.0,0.0,0.0,0.6,0,5,51217,Greedy-SLA,Fixed-UCB-1.64sigma-Shield,5
4,4,5,0.0,0.0,0.76313806,0.76313806,0.9999999999986896,0.0,0.0,0.0,0.0,0.6,0,5,51217,DT-Top1,Full-CertiTwin-q90,5
4,4,5,0.0,0.0,0.76313806,0.76313806,0.9999999999986896,0.0,0.0,0.0,0.0,0.6,0,5,51217,DT-Top1,SLA-Rule-Shield,5
4,4,5,0.0,0.0,0.76313806,0.76313806,0.9999999999986896,0.0,0.0,0.0,0.0,0.6,0,5,51217,DT-Top1,Fixed-UCB-1sigma-Shield,5
4,4,5,0.0,0.0,0.76313806,0.76313806,0.9999999999986896,0.0,0.0,0.0,0.0,0.6,0,5,51217,DT-Top1,Fixed-UCB-1.64sigma-Shield,5
2,2,5,0.0,0.0,0.6677499,0.6677499,0.9999999999985024,0.0,0.0,0.0,0.0,0.6,0,5,443,PF,Full-CertiTwin-q90,5
2,2,5,0.0,0.0,0.6677499,0.6677499,0.9999999999985024,0.0,0.0,0.0,0.0,0.6,0,5,443,PF,SLA-Rule-Shield,5
2,2,5,0.0,0.0,0.6677499,0.6677499,0.9999999999985024,0.0,0.0,0.0,0.0,0.6,0,5,443,PF,Fixed-UCB-1sigma-Shield,5
2,2,5,0.0,0.0,0.6677499,0.6677499,0.9999999999985024,0.0,0.0,0.0,0.0,0.6,0,5,443,PF,Fixed-UCB-1.64sigma-Shield,5
4,4,5,0.0,0.0,0.7777951,0.7777951,0.9999999999987144,0.0,0.0,0.0,0.0,0.6,0,5,443,Greedy-SLA,Full-CertiTwin-q90,5
4,4,5,0.0,0.0,0.7777951,0.7777951,0.9999999999987144,0.0,0.0,0.0,0.0,0.6,0,5,443,Greedy-SLA,SLA-Rule-Shield,5
4,4,5,0.0,0.0,0.7777951,0.7777951,0.9999999999987144,0.0,0.0,0.0,0.0,0.6,0,5,443,Greedy-SLA,Fixed-UCB-1sigma-Shield,5
4,4,5,0.0,0.0,0.7777951,0.7777951,0.9999999999987144,0.0,0.0,0.0,0.0,0.6,0,5,443,Greedy-SLA,Fixed-UCB-1.64sigma-Shield,5
0,2,5,1.0,0.0,0.76278657,0.6677499,0.875408569397236,1.0,21.0,0.0,0.0,0.6,0,5,443,DT-Top1,Full-CertiTwin-q90,5
0,4,5,1.0,0.0,0.76278657,0.7777951,1.0196759232388952,1.0,57.0,0.0,0.0,0.6,0,5,443,DT-Top1,SLA-Rule-Shield,5
0,2,5,1.0,0.0,0.76278657,0.6677499,0.875408569397236,1.0,21.0,0.0,0.0,0.6,0,5,443,DT-Top1,Fixed-UCB-1sigma-Shield,5
0,2,5,1.0,0.0,0.76278657,0.6677499,0.875408569397236,1.0,21.0,0.0,0.0,0.6,0,5,443,DT-Top1,Fixed-UCB-1.64sigma-Shield,5
2,2,5,0.0,0.0,0.6677499,0.6677499,0.9999999999985024,0.0,0.0,0.0,0.0,0.6,0,5,51468,PF,Full-CertiTwin-q90,5
2,2,5,0.0,0.0,0.6677499,0.6677499,0.9999999999985024,0.0,0.0,0.0,0.0,0.6,0,5,51468,PF,SLA-Rule-Shield,5
2,2,5,0.0,0.0,0.6677499,0.6677499,0.9999999999985024,0.0,0.0,0.0,0.0,0.6,0,5,51468,PF,Fixed-UCB-1sigma-Shield,5
2,2,5,0.0,0.0,0.6677499,0.6677499,0.9999999999985024,0.0,0.0,0.0,0.0,0.6,0,5,51468,PF,Fixed-UCB-1.64sigma-Shield,5
4,4,5,0.0,0.0,0.76313806,0.76313806,0.9999999999986896,0.0,0.0,0.0,0.0,0.6,0,5,51468,Greedy-SLA,Full-CertiTwin-q90,5
4,4,5,0.0,0.0,0.76313806,0.76313806,0.9999999999986896,0.0,0.0,0.0,0.0,0.6,0,5,51468,Greedy-SLA,SLA-Rule-Shield,5
4,4,5,0.0,0.0,0.76313806,0.76313806,0.9999999999986896,0.0,0.0,0.0,0.0,0.6,0,5,51468,Greedy-SLA,Fixed-UCB-1sigma-Shield,5
4,4,5,0.0,0.0,0.76313806,0.76313806,0.9999999999986896,0.0,0.0,0.0,0.0,0.6,0,5,51468,Greedy-SLA,Fixed-UCB-1.64sigma-Shield,5
0,2,5,1.0,0.0,0.76278657,0.6677499,0.875408569397236,1.0,21.0,0.0,0.0,0.6,0,5,51468,DT-Top1,Full-CertiTwin-q90,5
0,4,5,1.0,0.0,0.76278657,0.76313806,1.000460797309265,1.0,57.0,0.0,0.0,0.6,0,5,51468,DT-Top1,SLA-Rule-Shield,5
0,2,5,1.0,0.0,0.76278657,0.6677499,0.875408569397236,1.0,21.0,0.0,0.0,0.6,0,5,51468,DT-Top1,Fixed-UCB-1sigma-Shield,5
0,2,5,1.0,0.0,0.76278657,0.6677499,0.875408569397236,1.0,21.0,0.0,0.0,0.6,0,5,51468,DT-Top1,Fixed-UCB-1.64sigma-Shield,5
2,2,5,0.0,0.0,0.6677499,0.6677499,0.9999999999985024,0.0,0.0,0.0,0.0,0.6,0,5,32780,PF,Full-CertiTwin-q90,5
2,2,5,0.0,0.0,0.6677499,0.6677499,0.9999999999985024,0.0,0.0,0.0,0.0,0.6,0,5,32780,PF,SLA-Rule-Shield,5
2,2,5,0.0,0.0,0.6677499,0.6677499,0.9999999999985024,0.0,0.0,0.0,0.0,0.6,0,5,32780,PF,Fixed-UCB-1sigma-Shield,5
2,2,5,0.0,0.0,0.6677499,0.6677499,0.9999999999985024,0.0,0.0,0.0,0.0,0.6,0,5,32780,PF,Fixed-UCB-1.64sigma-Shield,5
4,4,5,0.0,0.0,0.76313806,0.76313806,0.9999999999986896,0.0,0.0,0.0,0.0,0.6,0,5,32780,Greedy-SLA,Full-CertiTwin-q90,5
4,4,5,0.0,0.0,0.76313806,0.76313806,0.9999999999986896,0.0,0.0,0.0,0.0,0.6,0,5,32780,Greedy-SLA,SLA-Rule-Shield,5
4,4,5,0.0,0.0,0.76313806,0.76313806,0.9999999999986896,0.0,0.0,0.0,0.0,0.6,0,5,32780,Greedy-SLA,Fixed-UCB-1sigma-Shield,5
4,4,5,0.0,0.0,0.76313806,0.76313806,0.9999999999986896,0.0,0.0,0.0,0.0,0.6,0,5,32780,Greedy-SLA,Fixed-UCB-1.64sigma-Shield,5
0,2,5,1.0,0.0,0.7592471,0.6677499,0.8794895627512053,1.0,21.0,0.0,0.0,0.6,0,5,32780,DT-Top1,Full-CertiTwin-q90,5
0,4,5,1.0,0.0,0.7592471,0.76313806,1.0051247610942404,1.0,57.0,0.0,0.0,0.6,0,5,32780,DT-Top1,SLA-Rule-Shield,5
0,2,5,1.0,0.0,0.7592471,0.6677499,0.8794895627512053,1.0,21.0,0.0,0.0,0.6,0,5,32780,DT-Top1,Fixed-UCB-1sigma-Shield,5
0,2,5,1.0,0.0,0.7592471,0.6677499,0.8794895627512053,1.0,21.0,0.0,0.0,0.6,0,5,32780,DT-Top1,Fixed-UCB-1.64sigma-Shield,5
2,2,5,0.0,0.0,0.6677499,0.6677499,0.9999999999985024,0.0,0.0,0.0,0.0,0.6,0,5,34104,PF,Full-CertiTwin-q90,5
2,2,5,0.0,0.0,0.6677499,0.6677499,0.9999999999985024,0.0,0.0,0.0,0.0,0.6,0,5,34104,PF,SLA-Rule-Shield,5
2,2,5,0.0,0.0,0.6677499,0.6677499,0.9999999999985024,0.0,0.0,0.0,0.0,0.6,0,5,34104,PF,Fixed-UCB-1sigma-Shield,5
2,2,5,0.0,0.0,0.6677499,0.6677499,0.9999999999985024,0.0,0.0,0.0,0.0,0.6,0,5,34104,PF,Fixed-UCB-1.64sigma-Shield,5
4,4,5,0.0,0.0,0.76313806,0.76313806,0.9999999999986896,0.0,0.0,0.0,0.0,0.6,0,5,34104,Greedy-SLA,Full-CertiTwin-q90,5
4,4,5,0.0,0.0,0.76313806,0.76313806,0.9999999999986896,0.0,0.0,0.0,0.0,0.6,0,5,34104,Greedy-SLA,SLA-Rule-Shield,5
4,4,5,0.0,0.0,0.76313806,0.76313806,0.9999999999986896,0.0,0.0,0.0,0.0,0.6,0,5,34104,Greedy-SLA,Fixed-UCB-1sigma-Shield,5
4,4,5,0.0,0.0,0.76313806,0.76313806,0.9999999999986896,0.0,0.0,0.0,0.0,0.6,0,5,34104,Greedy-SLA,Fixed-UCB-1.64sigma-Shield,5
0,2,5,1.0,0.0,0.76278657,0.6677499,0.875408569397236,1.0,21.0,0.0,0.0,0.6,0,5,34104,DT-Top1,Full-CertiTwin-q90,5
0,4,5,1.0,0.0,0.76278657,0.76313806,1.000460797309265,1.0,57.0,0.0,0.0,0.6,0,5,34104,DT-Top1,SLA-Rule-Shield,5
0,2,5,1.0,0.0,0.76278657,0.6677499,0.875408569397236,1.0,21.0,0.0,0.0,0.6,0,5,34104,DT-Top1,Fixed-UCB-1sigma-Shield,5
0,2,5,1.0,0.0,0.76278657,0.6677499,0.875408569397236,1.0,21.0,0.0,0.0,0.6,0,5,34104,DT-Top1,Fixed-UCB-1.64sigma-Shield,5
2,2,5,0.0,0.0,0.7186651,0.7186651,0.9999999999986086,0.0,0.0,0.0,0.0,0.6,0,5,39404,PF,Full-CertiTwin-q90,5
2,2,5,0.0,0.0,0.7186651,0.7186651,0.9999999999986086,0.0,0.0,0.0,0.0,0.6,0,5,39404,PF,SLA-Rule-Shield,5
2,2,5,0.0,0.0,0.7186651,0.7186651,0.9999999999986086,0.0,0.0,0.0,0.0,0.6,0,5,39404,PF,Fixed-UCB-1sigma-Shield,5
2,2,5,0.0,0.0,0.7186651,0.7186651,0.9999999999986086,0.0,0.0,0.0,0.0,0.6,0,5,39404,PF,Fixed-UCB-1.64sigma-Shield,5
4,4,5,0.0,0.0,0.76313806,0.76313806,0.9999999999986896,0.0,0.0,0.0,0.0,0.6,0,5,39404,Greedy-SLA,Full-CertiTwin-q90,5
4,4,5,0.0,0.0,0.76313806,0.76313806,0.9999999999986896,0.0,0.0,0.0,0.0,0.6,0,5,39404,Greedy-SLA,SLA-Rule-Shield,5
4,4,5,0.0,0.0,0.76313806,0.76313806,0.9999999999986896,0.0,0.0,0.0,0.0,0.6,0,5,39404,Greedy-SLA,Fixed-UCB-1sigma-Shield,5
4,4,5,0.0,0.0,0.76313806,0.76313806,0.9999999999986896,0.0,0.0,0.0,0.0,0.6,0,5,39404,Greedy-SLA,Fixed-UCB-1.64sigma-Shield,5
4,4,5,0.0,0.0,0.76313806,0.76313806,0.9999999999986896,0.0,0.0,0.0,0.0,0.6,0,5,39404,DT-Top1,Full-CertiTwin-q90,5
4,4,5,0.0,0.0,0.76313806,0.76313806,0.9999999999986896,0.0,0.0,0.0,0.0,0.6,0,5,39404,DT-Top1,SLA-Rule-Shield,5
4,4,5,0.0,0.0,0.76313806,0.76313806,0.9999999999986896,0.0,0.0,0.0,0.0,0.6,0,5,39404,DT-Top1,Fixed-UCB-1sigma-Shield,5
4,4,5,0.0,0.0,0.76313806,0.76313806,0.9999999999986896,0.0,0.0,0.0,0.0,0.6,0,5,39404,DT-Top1,Fixed-UCB-1.64sigma-Shield,5
2,2,5,0.0,0.0,0.6677499,0.6677499,0.9999999999985024,0.0,0.0,0.0,0.0,0.6,0,5,7612,PF,Full-CertiTwin-q90,5
2,2,5,0.0,0.0,0.6677499,0.6677499,0.9999999999985024,0.0,0.0,0.0,0.0,0.6,0,5,7612,PF,SLA-Rule-Shield,5
2,2,5,0.0,0.0,0.6677499,0.6677499,0.9999999999985024,0.0,0.0,0.0,0.0,0.6,0,5,7612,PF,Fixed-UCB-1sigma-Shield,5
2,2,5,0.0,0.0,0.6677499,0.6677499,0.9999999999985024,0.0,0.0,0.0,0.0,0.6,0,5,7612,PF,Fixed-UCB-1.64sigma-Shield,5
4,4,5,0.0,0.0,0.76313806,0.76313806,0.9999999999986896,0.0,0.0,0.0,0.0,0.6,0,5,7612,Greedy-SLA,Full-CertiTwin-q90,5
4,4,5,0.0,0.0,0.76313806,0.76313806,0.9999999999986896,0.0,0.0,0.0,0.0,0.6,0,5,7612,Greedy-SLA,SLA-Rule-Shield,5
4,4,5,0.0,0.0,0.76313806,0.76313806,0.9999999999986896,0.0,0.0,0.0,0.0,0.6,0,5,7612,Greedy-SLA,Fixed-UCB-1sigma-Shield,5
4,4,5,0.0,0.0,0.76313806,0.76313806,0.9999999999986896,0.0,0.0,0.0,0.0,0.6,0,5,7612,Greedy-SLA,Fixed-UCB-1.64sigma-Shield,5
0,2,5,1.0,0.0,0.76278657,0.6677499,0.875408569397236,1.0,21.0,0.0,0.0,0.6,0,5,7612,DT-Top1,Full-CertiTwin-q90,5
0,4,5,1.0,0.0,0.76278657,0.76313806,1.000460797309265,1.0,57.0,0.0,0.0,0.6,0,5,7612,DT-Top1,SLA-Rule-Shield,5
0,2,5,1.0,0.0,0.76278657,0.6677499,0.875408569397236,1.0,21.0,0.0,0.0,0.6,0,5,7612,DT-Top1,Fixed-UCB-1sigma-Shield,5
0,2,5,1.0,0.0,0.76278657,0.6677499,0.875408569397236,1.0,21.0,0.0,0.0,0.6,0,5,7612,DT-Top1,Fixed-UCB-1.64sigma-Shield,5
2,2,5,0.0,0.0,0.6677499,0.6677499,0.9999999999985024,0.0,0.0,0.0,0.0,0.6,0,5,46968,PF,Full-CertiTwin-q90,5
2,2,5,0.0,0.0,0.6677499,0.6677499,0.9999999999985024,0.0,0.0,0.0,0.0,0.6,0,5,46968,PF,SLA-Rule-Shield,5
2,2,5,0.0,0.0,0.6677499,0.6677499,0.9999999999985024,0.0,0.0,0.0,0.0,0.6,0,5,46968,PF,Fixed-UCB-1sigma-Shield,5
2,2,5,0.0,0.0,0.6677499,0.6677499,0.9999999999985024,0.0,0.0,0.0,0.0,0.6,0,5,46968,PF,Fixed-UCB-1.64sigma-Shield,5
4,4,5,0.0,0.0,0.76313806,0.76313806,0.9999999999986896,0.0,0.0,0.0,0.0,0.6,0,5,46968,Greedy-SLA,Full-CertiTwin-q90,5
4,4,5,0.0,0.0,0.76313806,0.76313806,0.9999999999986896,0.0,0.0,0.0,0.0,0.6,0,5,46968,Greedy-SLA,SLA-Rule-Shield,5
4,4,5,0.0,0.0,0.76313806,0.76313806,0.9999999999986896,0.0,0.0,0.0,0.0,0.6,0,5,46968,Greedy-SLA,Fixed-UCB-1sigma-Shield,5
4,4,5,0.0,0.0,0.76313806,0.76313806,0.9999999999986896,0.0,0.0,0.0,0.0,0.6,0,5,46968,Greedy-SLA,Fixed-UCB-1.64sigma-Shield,5
0,2,5,1.0,0.0,0.7864371,0.6677499,0.8490823995957858,1.0,21.0,0.0,0.0,0.6,0,5,46968,DT-Top1,Full-CertiTwin-q90,5
0,4,5,1.0,0.0,0.7864371,0.76313806,0.970373930730162,1.0,57.0,0.0,0.0,0.6,0,5,46968,DT-Top1,SLA-Rule-Shield,5
0,2,5,1.0,0.0,0.7864371,0.6677499,0.8490823995957858,1.0,21.0,0.0,0.0,0.6,0,5,46968,DT-Top1,Fixed-UCB-1sigma-Shield,5
0,2,5,1.0,0.0,0.7864371,0.6677499,0.8490823995957858,1.0,21.0,0.0,0.0,0.6,0,5,46968,DT-Top1,Fixed-UCB-1.64sigma-Shield,5
2,2,5,0.0,0.0,0.6677499,0.6677499,0.9999999999985024,0.0,0.0,0.0,0.0,0.6,0,5,32015,PF,Full-CertiTwin-q90,5
2,2,5,0.0,0.0,0.6677499,0.6677499,0.9999999999985024,0.0,0.0,0.0,0.0,0.6,0,5,32015,PF,SLA-Rule-Shield,5
2,2,5,0.0,0.0,0.6677499,0.6677499,0.9999999999985024,0.0,0.0,0.0,0.0,0.6,0,5,32015,PF,Fixed-UCB-1sigma-Shield,5
2,2,5,0.0,0.0,0.6677499,0.6677499,0.9999999999985024,0.0,0.0,0.0,0.0,0.6,0,5,32015,PF,Fixed-UCB-1.64sigma-Shield,5
4,4,5,0.0,0.0,0.7566483,0.7566483,0.9999999999986784,0.0,0.0,0.0,0.0,0.6,0,5,32015,Greedy-SLA,Full-CertiTwin-q90,5
4,4,5,0.0,0.0,0.7566483,0.7566483,0.9999999999986784,0.0,0.0,0.0,0.0,0.6,0,5,32015,Greedy-SLA,SLA-Rule-Shield,5
4,4,5,0.0,0.0,0.7566483,0.7566483,0.9999999999986784,0.0,0.0,0.0,0.0,0.6,0,5,32015,Greedy-SLA,Fixed-UCB-1sigma-Shield,5
4,4,5,0.0,0.0,0.7566483,0.7566483,0.9999999999986784,0.0,0.0,0.0,0.0,0.6,0,5,32015,Greedy-SLA,Fixed-UCB-1.64sigma-Shield,5
0,2,5,1.0,0.0,0.76278657,0.6677499,0.875408569397236,1.0,21.0,0.0,0.0,0.6,0,5,32015,DT-Top1,Full-CertiTwin-q90,5
0,4,5,1.0,0.0,0.76278657,0.7566483,0.9919528341971308,1.0,57.0,0.0,0.0,0.6,0,5,32015,DT-Top1,SLA-Rule-Shield,5
0,2,5,1.0,0.0,0.76278657,0.6677499,0.875408569397236,1.0,21.0,0.0,0.0,0.6,0,5,32015,DT-Top1,Fixed-UCB-1sigma-Shield,5
0,2,5,1.0,0.0,0.76278657,0.6677499,0.875408569397236,1.0,21.0,0.0,0.0,0.6,0,5,32015,DT-Top1,Fixed-UCB-1.64sigma-Shield,5
2,2,5,0.0,0.0,0.6677499,0.6677499,0.9999999999985024,0.0,0.0,0.0,0.0,0.6,0,5,46848,PF,Full-CertiTwin-q90,5
2,2,5,0.0,0.0,0.6677499,0.6677499,0.9999999999985024,0.0,0.0,0.0,0.0,0.6,0,5,46848,PF,SLA-Rule-Shield,5
2,2,5,0.0,0.0,0.6677499,0.6677499,0.9999999999985024,0.0,0.0,0.0,0.0,0.6,0,5,46848,PF,Fixed-UCB-1sigma-Shield,5
2,2,5,0.0,0.0,0.6677499,0.6677499,0.9999999999985024,0.0,0.0,0.0,0.0,0.6,0,5,46848,PF,Fixed-UCB-1.64sigma-Shield,5
4,4,5,0.0,0.0,0.7566483,0.7566483,0.9999999999986784,0.0,0.0,0.0,0.0,0.6,0,5,46848,Greedy-SLA,Full-CertiTwin-q90,5
4,4,5,0.0,0.0,0.7566483,0.7566483,0.9999999999986784,0.0,0.0,0.0,0.0,0.6,0,5,46848,Greedy-SLA,SLA-Rule-Shield,5
4,4,5,0.0,0.0,0.7566483,0.7566483,0.9999999999986784,0.0,0.0,0.0,0.0,0.6,0,5,46848,Greedy-SLA,Fixed-UCB-1sigma-Shield,5
4,4,5,0.0,0.0,0.7566483,0.7566483,0.9999999999986784,0.0,0.0,0.0,0.0,0.6,0,5,46848,Greedy-SLA,Fixed-UCB-1.64sigma-Shield,5
0,2,5,1.0,0.0,0.76278657,0.6677499,0.875408569397236,1.0,21.0,0.0,0.0,0.6,0,5,46848,DT-Top1,Full-CertiTwin-q90,5
0,4,5,1.0,0.0,0.76278657,0.7566483,0.9919528341971308,1.0,57.0,0.0,0.0,0.6,0,5,46848,DT-Top1,SLA-Rule-Shield,5
0,2,5,1.0,0.0,0.76278657,0.6677499,0.875408569397236,1.0,21.0,0.0,0.0,0.6,0,5,46848,DT-Top1,Fixed-UCB-1sigma-Shield,5
0,2,5,1.0,0.0,0.76278657,0.6677499,0.875408569397236,1.0,21.0,0.0,0.0,0.6,0,5,46848,DT-Top1,Fixed-UCB-1.64sigma-Shield,5
2,2,5,0.0,0.0,0.6780778,0.6780778,0.9999999999985252,0.0,0.0,0.0,0.0,0.6,0,5,17780,PF,Full-CertiTwin-q90,5
2,2,5,0.0,0.0,0.6780778,0.6780778,0.9999999999985252,0.0,0.0,0.0,0.0,0.6,0,5,17780,PF,SLA-Rule-Shield,5
2,2,5,0.0,0.0,0.6780778,0.6780778,0.9999999999985252,0.0,0.0,0.0,0.0,0.6,0,5,17780,PF,Fixed-UCB-1sigma-Shield,5
2,2,5,0.0,0.0,0.6780778,0.6780778,0.9999999999985252,0.0,0.0,0.0,0.0,0.6,0,5,17780,PF,Fixed-UCB-1.64sigma-Shield,5
4,4,5,0.0,0.0,0.76313806,0.76313806,0.9999999999986896,0.0,0.0,0.0,0.0,0.6,0,5,17780,Greedy-SLA,Full-CertiTwin-q90,5
4,4,5,0.0,0.0,0.76313806,0.76313806,0.9999999999986896,0.0,0.0,0.0,0.0,0.6,0,5,17780,Greedy-SLA,SLA-Rule-Shield,5
4,4,5,0.0,0.0,0.76313806,0.76313806,0.9999999999986896,0.0,0.0,0.0,0.0,0.6,0,5,17780,Greedy-SLA,Fixed-UCB-1sigma-Shield,5
4,4,5,0.0,0.0,0.76313806,0.76313806,0.9999999999986896,0.0,0.0,0.0,0.0,0.6,0,5,17780,Greedy-SLA,Fixed-UCB-1.64sigma-Shield,5
4,4,5,0.0,0.0,0.76313806,0.76313806,0.9999999999986896,0.0,0.0,0.0,0.0,0.6,0,5,17780,DT-Top1,Full-CertiTwin-q90,5
4,4,5,0.0,0.0,0.76313806,0.76313806,0.9999999999986896,0.0,0.0,0.0,0.0,0.6,0,5,17780,DT-Top1,SLA-Rule-Shield,5
4,4,5,0.0,0.0,0.76313806,0.76313806,0.9999999999986896,0.0,0.0,0.0,0.0,0.6,0,5,17780,DT-Top1,Fixed-UCB-1sigma-Shield,5
4,4,5,0.0,0.0,0.76313806,0.76313806,0.9999999999986896,0.0,0.0,0.0,0.0,0.6,0,5,17780,DT-Top1,Fixed-UCB-1.64sigma-Shield,5
2,2,5,0.0,0.0,0.6682329,0.6682329,0.9999999999985036,0.0,0.0,0.0,0.0,0.6,0,5,1058,PF,Full-CertiTwin-q90,5
2,2,5,0.0,0.0,0.6682329,0.6682329,0.9999999999985036,0.0,0.0,0.0,0.0,0.6,0,5,1058,PF,SLA-Rule-Shield,5
2,2,5,0.0,0.0,0.6682329,0.6682329,0.9999999999985036,0.0,0.0,0.0,0.0,0.6,0,5,1058,PF,Fixed-UCB-1sigma-Shield,5
2,2,5,0.0,0.0,0.6682329,0.6682329,0.9999999999985036,0.0,0.0,0.0,0.0,0.6,0,5,1058,PF,Fixed-UCB-1.64sigma-Shield,5
4,4,5,0.0,0.0,0.76313806,0.76313806,0.9999999999986896,0.0,0.0,0.0,0.0,0.6,0,5,1058,Greedy-SLA,Full-CertiTwin-q90,5
4,4,5,0.0,0.0,0.76313806,0.76313806,0.9999999999986896,0.0,0.0,0.0,0.0,0.6,0,5,1058,Greedy-SLA,SLA-Rule-Shield,5
4,4,5,0.0,0.0,0.76313806,0.76313806,0.9999999999986896,0.0,0.0,0.0,0.0,0.6,0,5,1058,Greedy-SLA,Fixed-UCB-1sigma-Shield,5
4,4,5,0.0,0.0,0.76313806,0.76313806,0.9999999999986896,0.0,0.0,0.0,0.0,0.6,0,5,1058,Greedy-SLA,Fixed-UCB-1.64sigma-Shield,5
0,2,5,1.0,0.0,0.76278657,0.6682329,0.8760417740431953,1.0,21.0,0.0,0.0,0.6,0,5,1058,DT-Top1,Full-CertiTwin-q90,5
0,4,5,1.0,0.0,0.76278657,0.76313806,1.000460797309265,1.0,57.0,0.0,0.0,0.6,0,5,1058,DT-Top1,SLA-Rule-Shield,5
0,2,5,1.0,0.0,0.76278657,0.6682329,0.8760417740431953,1.0,21.0,0.0,0.0,0.6,0,5,1058,DT-Top1,Fixed-UCB-1sigma-Shield,5
0,2,5,1.0,0.0,0.76278657,0.6682329,0.8760417740431953,1.0,21.0,0.0,0.0,0.6,0,5,1058,DT-Top1,Fixed-UCB-1.64sigma-Shield,5
2,2,5,0.0,0.0,0.6677499,0.6677499,0.9999999999985024,0.0,0.0,0.0,0.0,0.6,0,5,12359,PF,Full-CertiTwin-q90,5
2,2,5,0.0,0.0,0.6677499,0.6677499,0.9999999999985024,0.0,0.0,0.0,0.0,0.6,0,5,12359,PF,SLA-Rule-Shield,5
2,2,5,0.0,0.0,0.6677499,0.6677499,0.9999999999985024,0.0,0.0,0.0,0.0,0.6,0,5,12359,PF,Fixed-UCB-1sigma-Shield,5
2,2,5,0.0,0.0,0.6677499,0.6677499,0.9999999999985024,0.0,0.0,0.0,0.0,0.6,0,5,12359,PF,Fixed-UCB-1.64sigma-Shield,5
4,4,5,0.0,0.0,0.7526786,0.7526786,0.9999999999986714,0.0,0.0,0.0,0.0,0.6,0,5,12359,Greedy-SLA,Full-CertiTwin-q90,5
4,4,5,0.0,0.0,0.7526786,0.7526786,0.9999999999986714,0.0,0.0,0.0,0.0,0.6,0,5,12359,Greedy-SLA,SLA-Rule-Shield,5
4,4,5,0.0,0.0,0.7526786,0.7526786,0.9999999999986714,0.0,0.0,0.0,0.0,0.6,0,5,12359,Greedy-SLA,Fixed-UCB-1sigma-Shield,5
4,4,5,0.0,0.0,0.7526786,0.7526786,0.9999999999986714,0.0,0.0,0.0,0.0,0.6,0,5,12359,Greedy-SLA,Fixed-UCB-1.64sigma-Shield,5
0,2,5,1.0,0.0,0.76278657,0.6677499,0.875408569397236,1.0,21.0,0.0,0.0,0.6,0,5,12359,DT-Top1,Full-CertiTwin-q90,5
0,4,5,1.0,0.0,0.76278657,0.7526786,0.9867486261576592,1.0,57.0,0.0,0.0,0.6,0,5,12359,DT-Top1,SLA-Rule-Shield,5
0,2,5,1.0,0.0,0.76278657,0.6677499,0.875408569397236,1.0,21.0,0.0,0.0,0.6,0,5,12359,DT-Top1,Fixed-UCB-1sigma-Shield,5
0,2,5,1.0,0.0,0.76278657,0.6677499,0.875408569397236,1.0,21.0,0.0,0.0,0.6,0,5,12359,DT-Top1,Fixed-UCB-1.64sigma-Shield,5
2,2,5,0.0,0.0,0.6677499,0.6677499,0.9999999999985024,0.0,0.0,0.0,0.0,0.6,0,5,52217,PF,Full-CertiTwin-q90,5
2,2,5,0.0,0.0,0.6677499,0.6677499,0.9999999999985024,0.0,0.0,0.0,0.0,0.6,0,5,52217,PF,SLA-Rule-Shield,5
2,2,5,0.0,0.0,0.6677499,0.6677499,0.9999999999985024,0.0,0.0,0.0,0.0,0.6,0,5,52217,PF,Fixed-UCB-1sigma-Shield,5
2,2,5,0.0,0.0,0.6677499,0.6677499,0.9999999999985024,0.0,0.0,0.0,0.0,0.6,0,5,52217,PF,Fixed-UCB-1.64sigma-Shield,5
4,4,5,0.0,0.0,0.76313806,0.76313806,0.9999999999986896,0.0,0.0,0.0,0.0,0.6,0,5,52217,Greedy-SLA,Full-CertiTwin-q90,5
4,4,5,0.0,0.0,0.76313806,0.76313806,0.9999999999986896,0.0,0.0,0.0,0.0,0.6,0,5,52217,Greedy-SLA,SLA-Rule-Shield,5
4,4,5,0.0,0.0,0.76313806,0.76313806,0.9999999999986896,0.0,0.0,0.0,0.0,0.6,0,5,52217,Greedy-SLA,Fixed-UCB-1sigma-Shield,5
4,4,5,0.0,0.0,0.76313806,0.76313806,0.9999999999986896,0.0,0.0,0.0,0.0,0.6,0,5,52217,Greedy-SLA,Fixed-UCB-1.64sigma-Shield,5
0,2,5,1.0,0.0,0.77050835,0.6677499,0.8666355140721491,1.0,21.0,0.0,0.0,0.6,0,5,52217,DT-Top1,Full-CertiTwin-q90,5
0,4,5,1.0,0.0,0.77050835,0.76313806,0.990434509890788,1.0,57.0,0.0,0.0,0.6,0,5,52217,DT-Top1,SLA-Rule-Shield,5
0,2,5,1.0,0.0,0.77050835,0.6677499,0.8666355140721491,1.0,21.0,0.0,0.0,0.6,0,5,52217,DT-Top1,Fixed-UCB-1sigma-Shield,5
0,2,5,1.0,0.0,0.77050835,0.6677499,0.8666355140721491,1.0,21.0,0.0,0.0,0.6,0,5,52217,DT-Top1,Fixed-UCB-1.64sigma-Shield,5
2,2,5,0.0,0.0,0.6677499,0.6677499,0.9999999999985024,0.0,0.0,0.0,0.0,0.6,0,5,16705,PF,Full-CertiTwin-q90,5
2,2,5,0.0,0.0,0.6677499,0.6677499,0.9999999999985024,0.0,0.0,0.0,0.0,0.6,0,5,16705,PF,SLA-Rule-Shield,5
2,2,5,0.0,0.0,0.6677499,0.6677499,0.9999999999985024,0.0,0.0,0.0,0.0,0.6,0,5,16705,PF,Fixed-UCB-1sigma-Shield,5
2,2,5,0.0,0.0,0.6677499,0.6677499,0.9999999999985024,0.0,0.0,0.0,0.0,0.6,0,5,16705,PF,Fixed-UCB-1.64sigma-Shield,5
4,4,5,0.0,0.0,0.76313806,0.76313806,0.9999999999986896,0.0,0.0,0.0,0.0,0.6,0,5,16705,Greedy-SLA,Full-CertiTwin-q90,5
4,4,5,0.0,0.0,0.76313806,0.76313806,0.9999999999986896,0.0,0.0,0.0,0.0,0.6,0,5,16705,Greedy-SLA,SLA-Rule-Shield,5
4,4,5,0.0,0.0,0.76313806,0.76313806,0.9999999999986896,0.0,0.0,0.0,0.0,0.6,0,5,16705,Greedy-SLA,Fixed-UCB-1sigma-Shield,5
4,4,5,0.0,0.0,0.76313806,0.76313806,0.9999999999986896,0.0,0.0,0.0,0.0,0.6,0,5,16705,Greedy-SLA,Fixed-UCB-1.64sigma-Shield,5
4,4,5,0.0,0.0,0.76313806,0.76313806,0.9999999999986896,0.0,0.0,0.0,0.0,0.6,0,5,16705,DT-Top1,Full-CertiTwin-q90,5
4,4,5,0.0,0.0,0.76313806,0.76313806,0.9999999999986896,0.0,0.0,0.0,0.0,0.6,0,5,16705,DT-Top1,SLA-Rule-Shield,5
4,4,5,0.0,0.0,0.76313806,0.76313806,0.9999999999986896,0.0,0.0,0.0,0.0,0.6,0,5,16705,DT-Top1,Fixed-UCB-1sigma-Shield,5
4,4,5,0.0,0.0,0.76313806,0.76313806,0.9999999999986896,0.0,0.0,0.0,0.0,0.6,0,5,16705,DT-Top1,Fixed-UCB-1.64sigma-Shield,5
2,2,5,0.0,0.0,0.6677499,0.6677499,0.9999999999985024,0.0,0.0,0.0,0.0,0.6,0,5,47615,PF,Full-CertiTwin-q90,5
2,2,5,0.0,0.0,0.6677499,0.6677499,0.9999999999985024,0.0,0.0,0.0,0.0,0.6,0,5,47615,PF,SLA-Rule-Shield,5
2,2,5,0.0,0.0,0.6677499,0.6677499,0.9999999999985024,0.0,0.0,0.0,0.0,0.6,0,5,47615,PF,Fixed-UCB-1sigma-Shield,5
2,2,5,0.0,0.0,0.6677499,0.6677499,0.9999999999985024,0.0,0.0,0.0,0.0,0.6,0,5,47615,PF,Fixed-UCB-1.64sigma-Shield,5
4,4,5,0.0,0.0,0.76313806,0.76313806,0.9999999999986896,0.0,0.0,0.0,0.0,0.6,0,5,47615,Greedy-SLA,Full-CertiTwin-q90,5
4,4,5,0.0,0.0,0.76313806,0.76313806,0.9999999999986896,0.0,0.0,0.0,0.0,0.6,0,5,47615,Greedy-SLA,SLA-Rule-Shield,5
4,4,5,0.0,0.0,0.76313806,0.76313806,0.9999999999986896,0.0,0.0,0.0,0.0,0.6,0,5,47615,Greedy-SLA,Fixed-UCB-1sigma-Shield,5
4,4,5,0.0,0.0,0.76313806,0.76313806,0.9999999999986896,0.0,0.0,0.0,0.0,0.6,0,5,47615,Greedy-SLA,Fixed-UCB-1.64sigma-Shield,5
0,2,5,1.0,0.0,0.77741534,0.6677499,0.8589358424534574,1.0,21.0,0.0,0.0,0.6,0,5,47615,DT-Top1,Full-CertiTwin-q90,5
0,0,5,1.0,1.0,0.77741534,0.77741534,0.9999999999987136,0.0,0.0,0.0,1.0,0.6,0,5,47615,DT-Top1,SLA-Rule-Shield,5
0,2,5,1.0,0.0,0.77741534,0.6677499,0.8589358424534574,1.0,21.0,0.0,0.0,0.6,0,5,47615,DT-Top1,Fixed-UCB-1sigma-Shield,5
0,2,5,1.0,0.0,0.77741534,0.6677499,0.8589358424534574,1.0,21.0,0.0,0.0,0.6,0,5,47615,DT-Top1,Fixed-UCB-1.64sigma-Shield,5
2,2,5,0.0,0.0,0.6677499,0.6677499,0.9999999999985024,0.0,0.0,0.0,0.0,0.6,0,5,43262,PF,Full-CertiTwin-q90,5
2,2,5,0.0,0.0,0.6677499,0.6677499,0.9999999999985024,0.0,0.0,0.0,0.0,0.6,0,5,43262,PF,SLA-Rule-Shield,5
2,2,5,0.0,0.0,0.6677499,0.6677499,0.9999999999985024,0.0,0.0,0.0,0.0,0.6,0,5,43262,PF,Fixed-UCB-1sigma-Shield,5
2,2,5,0.0,0.0,0.6677499,0.6677499,0.9999999999985024,0.0,0.0,0.0,0.0,0.6,0,5,43262,PF,Fixed-UCB-1.64sigma-Shield,5
0,2,5,1.0,0.0,0.76278657,0.6677499,0.875408569397236,1.0,21.0,0.0,0.0,0.6,0,5,43262,Greedy-SLA,Full-CertiTwin-q90,5
0,4,5,1.0,0.0,0.76278657,0.7777951,1.0196759232388952,1.0,57.0,0.0,0.0,0.6,0,5,43262,Greedy-SLA,SLA-Rule-Shield,5
0,2,5,1.0,0.0,0.76278657,0.6677499,0.875408569397236,1.0,21.0,0.0,0.0,0.6,0,5,43262,Greedy-SLA,Fixed-UCB-1sigma-Shield,5
0,2,5,1.0,0.0,0.76278657,0.6677499,0.875408569397236,1.0,21.0,0.0,0.0,0.6,0,5,43262,Greedy-SLA,Fixed-UCB-1.64sigma-Shield,5
0,2,5,1.0,0.0,0.76278657,0.6677499,0.875408569397236,1.0,21.0,0.0,0.0,0.6,0,5,43262,DT-Top1,Full-CertiTwin-q90,5
0,4,5,1.0,0.0,0.76278657,0.7777951,1.0196759232388952,1.0,57.0,0.0,0.0,0.6,0,5,43262,DT-Top1,SLA-Rule-Shield,5
0,2,5,1.0,0.0,0.76278657,0.6677499,0.875408569397236,1.0,21.0,0.0,0.0,0.6,0,5,43262,DT-Top1,Fixed-UCB-1sigma-Shield,5
0,2,5,1.0,0.0,0.76278657,0.6677499,0.875408569397236,1.0,21.0,0.0,0.0,0.6,0,5,43262,DT-Top1,Fixed-UCB-1.64sigma-Shield,5
2,2,5,0.0,0.0,0.6677499,0.6677499,0.9999999999985024,0.0,0.0,0.0,0.0,0.6,0,5,55916,PF,Full-CertiTwin-q90,5
2,2,5,0.0,0.0,0.6677499,0.6677499,0.9999999999985024,0.0,0.0,0.0,0.0,0.6,0,5,55916,PF,SLA-Rule-Shield,5
2,2,5,0.0,0.0,0.6677499,0.6677499,0.9999999999985024,0.0,0.0,0.0,0.0,0.6,0,5,55916,PF,Fixed-UCB-1sigma-Shield,5
2,2,5,0.0,0.0,0.6677499,0.6677499,0.9999999999985024,0.0,0.0,0.0,0.0,0.6,0,5,55916,PF,Fixed-UCB-1.64sigma-Shield,5
4,4,5,0.0,0.0,0.7777951,0.7777951,0.9999999999987144,0.0,0.0,0.0,0.0,0.6,0,5,55916,Greedy-SLA,Full-CertiTwin-q90,5
4,4,5,0.0,0.0,0.7777951,0.7777951,0.9999999999987144,0.0,0.0,0.0,0.0,0.6,0,5,55916,Greedy-SLA,SLA-Rule-Shield,5
4,4,5,0.0,0.0,0.7777951,0.7777951,0.9999999999987144,0.0,0.0,0.0,0.0,0.6,0,5,55916,Greedy-SLA,Fixed-UCB-1sigma-Shield,5
4,4,5,0.0,0.0,0.7777951,0.7777951,0.9999999999987144,0.0,0.0,0.0,0.0,0.6,0,5,55916,Greedy-SLA,Fixed-UCB-1.64sigma-Shield,5
4,4,5,0.0,0.0,0.7777951,0.7777951,0.9999999999987144,0.0,0.0,0.0,0.0,0.6,0,5,55916,DT-Top1,Full-CertiTwin-q90,5
4,4,5,0.0,0.0,0.7777951,0.7777951,0.9999999999987144,0.0,0.0,0.0,0.0,0.6,0,5,55916,DT-Top1,SLA-Rule-Shield,5
4,4,5,0.0,0.0,0.7777951,0.7777951,0.9999999999987144,0.0,0.0,0.0,0.0,0.6,0,5,55916,DT-Top1,Fixed-UCB-1sigma-Shield,5
4,4,5,0.0,0.0,0.7777951,0.7777951,0.9999999999987144,0.0,0.0,0.0,0.0,0.6,0,5,55916,DT-Top1,Fixed-UCB-1.64sigma-Shield,5
2,2,5,0.0,0.0,0.6677499,0.6677499,0.9999999999985024,0.0,0.0,0.0,0.0,0.6,0,5,24234,PF,Full-CertiTwin-q90,5
2,2,5,0.0,0.0,0.6677499,0.6677499,0.9999999999985024,0.0,0.0,0.0,0.0,0.6,0,5,24234,PF,SLA-Rule-Shield,5
2,2,5,0.0,0.0,0.6677499,0.6677499,0.9999999999985024,0.0,0.0,0.0,0.0,0.6,0,5,24234,PF,Fixed-UCB-1sigma-Shield,5
2,2,5,0.0,0.0,0.6677499,0.6677499,0.9999999999985024,0.0,0.0,0.0,0.0,0.6,0,5,24234,PF,Fixed-UCB-1.64sigma-Shield,5
4,4,5,0.0,0.0,0.76313806,0.76313806,0.9999999999986896,0.0,0.0,0.0,0.0,0.6,0,5,24234,Greedy-SLA,Full-CertiTwin-q90,5
4,4,5,0.0,0.0,0.76313806,0.76313806,0.9999999999986896,0.0,0.0,0.0,0.0,0.6,0,5,24234,Greedy-SLA,SLA-Rule-Shield,5
4,4,5,0.0,0.0,0.76313806,0.76313806,0.9999999999986896,0.0,0.0,0.0,0.0,0.6,0,5,24234,Greedy-SLA,Fixed-UCB-1sigma-Shield,5
4,4,5,0.0,0.0,0.76313806,0.76313806,0.9999999999986896,0.0,0.0,0.0,0.0,0.6,0,5,24234,Greedy-SLA,Fixed-UCB-1.64sigma-Shield,5
0,2,5,1.0,0.0,0.76278657,0.6677499,0.875408569397236,1.0,21.0,0.0,0.0,0.6,0,5,24234,DT-Top1,Full-CertiTwin-q90,5
0,4,5,1.0,0.0,0.76278657,0.76313806,1.000460797309265,1.0,57.0,0.0,0.0,0.6,0,5,24234,DT-Top1,SLA-Rule-Shield,5
0,2,5,1.0,0.0,0.76278657,0.6677499,0.875408569397236,1.0,21.0,0.0,0.0,0.6,0,5,24234,DT-Top1,Fixed-UCB-1sigma-Shield,5
0,2,5,1.0,0.0,0.76278657,0.6677499,0.875408569397236,1.0,21.0,0.0,0.0,0.6,0,5,24234,DT-Top1,Fixed-UCB-1.64sigma-Shield,5
2,2,5,0.0,0.0,0.6677499,0.6677499,0.9999999999985024,0.0,0.0,0.0,0.0,0.6,0,5,28151,PF,Full-CertiTwin-q90,5
2,2,5,0.0,0.0,0.6677499,0.6677499,0.9999999999985024,0.0,0.0,0.0,0.0,0.6,0,5,28151,PF,SLA-Rule-Shield,5
2,2,5,0.0,0.0,0.6677499,0.6677499,0.9999999999985024,0.0,0.0,0.0,0.0,0.6,0,5,28151,PF,Fixed-UCB-1sigma-Shield,5
2,2,5,0.0,0.0,0.6677499,0.6677499,0.9999999999985024,0.0,0.0,0.0,0.0,0.6,0,5,28151,PF,Fixed-UCB-1.64sigma-Shield,5
4,4,5,0.0,0.0,0.76313806,0.76313806,0.9999999999986896,0.0,0.0,0.0,0.0,0.6,0,5,28151,Greedy-SLA,Full-CertiTwin-q90,5
4,4,5,0.0,0.0,0.76313806,0.76313806,0.9999999999986896,0.0,0.0,0.0,0.0,0.6,0,5,28151,Greedy-SLA,SLA-Rule-Shield,5
4,4,5,0.0,0.0,0.76313806,0.76313806,0.9999999999986896,0.0,0.0,0.0,0.0,0.6,0,5,28151,Greedy-SLA,Fixed-UCB-1sigma-Shield,5
4,4,5,0.0,0.0,0.76313806,0.76313806,0.9999999999986896,0.0,0.0,0.0,0.0,0.6,0,5,28151,Greedy-SLA,Fixed-UCB-1.64sigma-Shield,5
4,4,5,0.0,0.0,0.76313806,0.76313806,0.9999999999986896,0.0,0.0,0.0,0.0,0.6,0,5,28151,DT-Top1,Full-CertiTwin-q90,5
4,4,5,0.0,0.0,0.76313806,0.76313806,0.9999999999986896,0.0,0.0,0.0,0.0,0.6,0,5,28151,DT-Top1,SLA-Rule-Shield,5
4,4,5,0.0,0.0,0.76313806,0.76313806,0.9999999999986896,0.0,0.0,0.0,0.0,0.6,0,5,28151,DT-Top1,Fixed-UCB-1sigma-Shield,5
4,4,5,0.0,0.0,0.76313806,0.76313806,0.9999999999986896,0.0,0.0,0.0,0.0,0.6,0,5,28151,DT-Top1,Fixed-UCB-1.64sigma-Shield,5
2,2,5,0.0,0.0,0.6677499,0.6677499,0.9999999999985024,0.0,0.0,0.0,0.0,0.6,0,5,54030,PF,Full-CertiTwin-q90,5
2,2,5,0.0,0.0,0.6677499,0.6677499,0.9999999999985024,0.0,0.0,0.0,0.0,0.6,0,5,54030,PF,SLA-Rule-Shield,5
2,2,5,0.0,0.0,0.6677499,0.6677499,0.9999999999985024,0.0,0.0,0.0,0.0,0.6,0,5,54030,PF,Fixed-UCB-1sigma-Shield,5
2,2,5,0.0,0.0,0.6677499,0.6677499,0.9999999999985024,0.0,0.0,0.0,0.0,0.6,0,5,54030,PF,Fixed-UCB-1.64sigma-Shield,5
4,4,5,0.0,0.0,0.76313806,0.76313806,0.9999999999986896,0.0,0.0,0.0,0.0,0.6,0,5,54030,Greedy-SLA,Full-CertiTwin-q90,5
4,4,5,0.0,0.0,0.76313806,0.76313806,0.9999999999986896,0.0,0.0,0.0,0.0,0.6,0,5,54030,Greedy-SLA,SLA-Rule-Shield,5
4,4,5,0.0,0.0,0.76313806,0.76313806,0.9999999999986896,0.0,0.0,0.0,0.0,0.6,0,5,54030,Greedy-SLA,Fixed-UCB-1sigma-Shield,5
4,4,5,0.0,0.0,0.76313806,0.76313806,0.9999999999986896,0.0,0.0,0.0,0.0,0.6,0,5,54030,Greedy-SLA,Fixed-UCB-1.64sigma-Shield,5
0,2,5,1.0,0.0,0.76278657,0.6677499,0.875408569397236,1.0,21.0,0.0,0.0,0.6,0,5,54030,DT-Top1,Full-CertiTwin-q90,5
0,4,5,1.0,0.0,0.76278657,0.76313806,1.000460797309265,1.0,57.0,0.0,0.0,0.6,0,5,54030,DT-Top1,SLA-Rule-Shield,5
0,2,5,1.0,0.0,0.76278657,0.6677499,0.875408569397236,1.0,21.0,0.0,0.0,0.6,0,5,54030,DT-Top1,Fixed-UCB-1sigma-Shield,5
0,2,5,1.0,0.0,0.76278657,0.6677499,0.875408569397236,1.0,21.0,0.0,0.0,0.6,0,5,54030,DT-Top1,Fixed-UCB-1.64sigma-Shield,5
2,2,5,0.0,0.0,0.6677499,0.6677499,0.9999999999985024,0.0,0.0,0.0,0.0,0.6,0,5,7202,PF,Full-CertiTwin-q90,5
2,2,5,0.0,0.0,0.6677499,0.6677499,0.9999999999985024,0.0,0.0,0.0,0.0,0.6,0,5,7202,PF,SLA-Rule-Shield,5
2,2,5,0.0,0.0,0.6677499,0.6677499,0.9999999999985024,0.0,0.0,0.0,0.0,0.6,0,5,7202,PF,Fixed-UCB-1sigma-Shield,5
2,2,5,0.0,0.0,0.6677499,0.6677499,0.9999999999985024,0.0,0.0,0.0,0.0,0.6,0,5,7202,PF,Fixed-UCB-1.64sigma-Shield,5
0,2,5,1.0,0.0,0.76278657,0.6677499,0.875408569397236,1.0,21.0,0.0,0.0,0.6,0,5,7202,Greedy-SLA,Full-CertiTwin-q90,5
0,4,5,1.0,0.0,0.76278657,0.76313806,1.000460797309265,1.0,57.0,0.0,0.0,0.6,0,5,7202,Greedy-SLA,SLA-Rule-Shield,5
0,2,5,1.0,0.0,0.76278657,0.6677499,0.875408569397236,1.0,21.0,0.0,0.0,0.6,0,5,7202,Greedy-SLA,Fixed-UCB-1sigma-Shield,5
0,2,5,1.0,0.0,0.76278657,0.6677499,0.875408569397236,1.0,21.0,0.0,0.0,0.6,0,5,7202,Greedy-SLA,Fixed-UCB-1.64sigma-Shield,5
0,2,5,1.0,0.0,0.76278657,0.6677499,0.875408569397236,1.0,21.0,0.0,0.0,0.6,0,5,7202,DT-Top1,Full-CertiTwin-q90,5
0,4,5,1.0,0.0,0.76278657,0.76313806,1.000460797309265,1.0,57.0,0.0,0.0,0.6,0,5,7202,DT-Top1,SLA-Rule-Shield,5
0,2,5,1.0,0.0,0.76278657,0.6677499,0.875408569397236,1.0,21.0,0.0,0.0,0.6,0,5,7202,DT-Top1,Fixed-UCB-1sigma-Shield,5
0,2,5,1.0,0.0,0.76278657,0.6677499,0.875408569397236,1.0,21.0,0.0,0.0,0.6,0,5,7202,DT-Top1,Fixed-UCB-1.64sigma-Shield,5
2,2,5,0.0,0.0,0.6677499,0.6677499,0.9999999999985024,0.0,0.0,0.0,0.0,0.6,0,5,20572,PF,Full-CertiTwin-q90,5
2,2,5,0.0,0.0,0.6677499,0.6677499,0.9999999999985024,0.0,0.0,0.0,0.0,0.6,0,5,20572,PF,SLA-Rule-Shield,5
2,2,5,0.0,0.0,0.6677499,0.6677499,0.9999999999985024,0.0,0.0,0.0,0.0,0.6,0,5,20572,PF,Fixed-UCB-1sigma-Shield,5
2,2,5,0.0,0.0,0.6677499,0.6677499,0.9999999999985024,0.0,0.0,0.0,0.0,0.6,0,5,20572,PF,Fixed-UCB-1.64sigma-Shield,5
0,2,5,1.0,0.0,0.76278657,0.6677499,0.875408569397236,1.0,21.0,0.0,0.0,0.6,0,5,20572,Greedy-SLA,Full-CertiTwin-q90,5
0,4,5,1.0,0.0,0.76278657,0.76313806,1.000460797309265,1.0,57.0,0.0,0.0,0.6,0,5,20572,Greedy-SLA,SLA-Rule-Shield,5
0,2,5,1.0,0.0,0.76278657,0.6677499,0.875408569397236,1.0,21.0,0.0,0.0,0.6,0,5,20572,Greedy-SLA,Fixed-UCB-1sigma-Shield,5
0,2,5,1.0,0.0,0.76278657,0.6677499,0.875408569397236,1.0,21.0,0.0,0.0,0.6,0,5,20572,Greedy-SLA,Fixed-UCB-1.64sigma-Shield,5
0,2,5,1.0,0.0,0.76278657,0.6677499,0.875408569397236,1.0,21.0,0.0,0.0,0.6,0,5,20572,DT-Top1,Full-CertiTwin-q90,5
0,4,5,1.0,0.0,0.76278657,0.76313806,1.000460797309265,1.0,57.0,0.0,0.0,0.6,0,5,20572,DT-Top1,SLA-Rule-Shield,5
0,2,5,1.0,0.0,0.76278657,0.6677499,0.875408569397236,1.0,21.0,0.0,0.0,0.6,0,5,20572,DT-Top1,Fixed-UCB-1sigma-Shield,5
0,2,5,1.0,0.0,0.76278657,0.6677499,0.875408569397236,1.0,21.0,0.0,0.0,0.6,0,5,20572,DT-Top1,Fixed-UCB-1.64sigma-Shield,5
2,2,5,0.0,0.0,0.6677499,0.6677499,0.9999999999985024,0.0,0.0,0.0,0.0,0.6,0,5,16442,PF,Full-CertiTwin-q90,5
2,2,5,0.0,0.0,0.6677499,0.6677499,0.9999999999985024,0.0,0.0,0.0,0.0,0.6,0,5,16442,PF,SLA-Rule-Shield,5
2,2,5,0.0,0.0,0.6677499,0.6677499,0.9999999999985024,0.0,0.0,0.0,0.0,0.6,0,5,16442,PF,Fixed-UCB-1sigma-Shield,5
2,2,5,0.0,0.0,0.6677499,0.6677499,0.9999999999985024,0.0,0.0,0.0,0.0,0.6,0,5,16442,PF,Fixed-UCB-1.64sigma-Shield,5
0,2,5,1.0,0.0,0.7864371,0.6677499,0.8490823995957858,1.0,21.0,0.0,0.0,0.6,0,5,16442,Greedy-SLA,Full-CertiTwin-q90,5
0,4,5,1.0,0.0,0.7864371,0.76313806,0.970373930730162,1.0,57.0,0.0,0.0,0.6,0,5,16442,Greedy-SLA,SLA-Rule-Shield,5
0,2,5,1.0,0.0,0.7864371,0.6677499,0.8490823995957858,1.0,21.0,0.0,0.0,0.6,0,5,16442,Greedy-SLA,Fixed-UCB-1sigma-Shield,5
0,2,5,1.0,0.0,0.7864371,0.6677499,0.8490823995957858,1.0,21.0,0.0,0.0,0.6,0,5,16442,Greedy-SLA,Fixed-UCB-1.64sigma-Shield,5
0,2,5,1.0,0.0,0.7864371,0.6677499,0.8490823995957858,1.0,21.0,0.0,0.0,0.6,0,5,16442,DT-Top1,Full-CertiTwin-q90,5
0,4,5,1.0,0.0,0.7864371,0.76313806,0.970373930730162,1.0,57.0,0.0,0.0,0.6,0,5,16442,DT-Top1,SLA-Rule-Shield,5
0,2,5,1.0,0.0,0.7864371,0.6677499,0.8490823995957858,1.0,21.0,0.0,0.0,0.6,0,5,16442,DT-Top1,Fixed-UCB-1sigma-Shield,5
0,2,5,1.0,0.0,0.7864371,0.6677499,0.8490823995957858,1.0,21.0,0.0,0.0,0.6,0,5,16442,DT-Top1,Fixed-UCB-1.64sigma-Shield,5
2,2,5,0.0,0.0,0.6677499,0.6677499,0.9999999999985024,0.0,0.0,0.0,0.0,0.6,0,5,19975,PF,Full-CertiTwin-q90,5
2,2,5,0.0,0.0,0.6677499,0.6677499,0.9999999999985024,0.0,0.0,0.0,0.0,0.6,0,5,19975,PF,SLA-Rule-Shield,5
2,2,5,0.0,0.0,0.6677499,0.6677499,0.9999999999985024,0.0,0.0,0.0,0.0,0.6,0,5,19975,PF,Fixed-UCB-1sigma-Shield,5
2,2,5,0.0,0.0,0.6677499,0.6677499,0.9999999999985024,0.0,0.0,0.0,0.0,0.6,0,5,19975,PF,Fixed-UCB-1.64sigma-Shield,5
4,4,5,0.0,0.0,0.7526786,0.7526786,0.9999999999986714,0.0,0.0,0.0,0.0,0.6,0,5,19975,Greedy-SLA,Full-CertiTwin-q90,5
4,4,5,0.0,0.0,0.7526786,0.7526786,0.9999999999986714,0.0,0.0,0.0,0.0,0.6,0,5,19975,Greedy-SLA,SLA-Rule-Shield,5
4,4,5,0.0,0.0,0.7526786,0.7526786,0.9999999999986714,0.0,0.0,0.0,0.0,0.6,0,5,19975,Greedy-SLA,Fixed-UCB-1sigma-Shield,5
4,4,5,0.0,0.0,0.7526786,0.7526786,0.9999999999986714,0.0,0.0,0.0,0.0,0.6,0,5,19975,Greedy-SLA,Fixed-UCB-1.64sigma-Shield,5
0,2,5,1.0,0.0,0.76278657,0.6677499,0.875408569397236,1.0,21.0,0.0,0.0,0.6,0,5,19975,DT-Top1,Full-CertiTwin-q90,5
0,4,5,1.0,0.0,0.76278657,0.7526786,0.9867486261576592,1.0,57.0,0.0,0.0,0.6,0,5,19975,DT-Top1,SLA-Rule-Shield,5
0,2,5,1.0,0.0,0.76278657,0.6677499,0.875408569397236,1.0,21.0,0.0,0.0,0.6,0,5,19975,DT-Top1,Fixed-UCB-1sigma-Shield,5
0,2,5,1.0,0.0,0.76278657,0.6677499,0.875408569397236,1.0,21.0,0.0,0.0,0.6,0,5,19975,DT-Top1,Fixed-UCB-1.64sigma-Shield,5
2,2,5,0.0,0.0,0.6677499,0.6677499,0.9999999999985024,0.0,0.0,0.0,0.0,0.6,0,5,42496,PF,Full-CertiTwin-q90,5
2,2,5,0.0,0.0,0.6677499,0.6677499,0.9999999999985024,0.0,0.0,0.0,0.0,0.6,0,5,42496,PF,SLA-Rule-Shield,5
2,2,5,0.0,0.0,0.6677499,0.6677499,0.9999999999985024,0.0,0.0,0.0,0.0,0.6,0,5,42496,PF,Fixed-UCB-1sigma-Shield,5
2,2,5,0.0,0.0,0.6677499,0.6677499,0.9999999999985024,0.0,0.0,0.0,0.0,0.6,0,5,42496,PF,Fixed-UCB-1.64sigma-Shield,5
4,4,5,0.0,0.0,0.76313806,0.76313806,0.9999999999986896,0.0,0.0,0.0,0.0,0.6,0,5,42496,Greedy-SLA,Full-CertiTwin-q90,5
4,4,5,0.0,0.0,0.76313806,0.76313806,0.9999999999986896,0.0,0.0,0.0,0.0,0.6,0,5,42496,Greedy-SLA,SLA-Rule-Shield,5
4,4,5,0.0,0.0,0.76313806,0.76313806,0.9999999999986896,0.0,0.0,0.0,0.0,0.6,0,5,42496,Greedy-SLA,Fixed-UCB-1sigma-Shield,5
4,4,5,0.0,0.0,0.76313806,0.76313806,0.9999999999986896,0.0,0.0,0.0,0.0,0.6,0,5,42496,Greedy-SLA,Fixed-UCB-1.64sigma-Shield,5
0,2,5,1.0,0.0,0.76278657,0.6677499,0.875408569397236,1.0,21.0,0.0,0.0,0.6,0,5,42496,DT-Top1,Full-CertiTwin-q90,5
0,4,5,1.0,0.0,0.76278657,0.76313806,1.000460797309265,1.0,57.0,0.0,0.0,0.6,0,5,42496,DT-Top1,SLA-Rule-Shield,5
0,2,5,1.0,0.0,0.76278657,0.6677499,0.875408569397236,1.0,21.0,0.0,0.0,0.6,0,5,42496,DT-Top1,Fixed-UCB-1sigma-Shield,5
0,2,5,1.0,0.0,0.76278657,0.6677499,0.875408569397236,1.0,21.0,0.0,0.0,0.6,0,5,42496,DT-Top1,Fixed-UCB-1.64sigma-Shield,5
2,2,5,0.0,0.0,0.6677499,0.6677499,0.9999999999985024,0.0,0.0,0.0,0.0,0.6,0,5,53829,PF,Full-CertiTwin-q90,5
2,2,5,0.0,0.0,0.6677499,0.6677499,0.9999999999985024,0.0,0.0,0.0,0.0,0.6,0,5,53829,PF,SLA-Rule-Shield,5
2,2,5,0.0,0.0,0.6677499,0.6677499,0.9999999999985024,0.0,0.0,0.0,0.0,0.6,0,5,53829,PF,Fixed-UCB-1sigma-Shield,5
2,2,5,0.0,0.0,0.6677499,0.6677499,0.9999999999985024,0.0,0.0,0.0,0.0,0.6,0,5,53829,PF,Fixed-UCB-1.64sigma-Shield,5
4,4,5,0.0,0.0,0.76313806,0.76313806,0.9999999999986896,0.0,0.0,0.0,0.0,0.6,0,5,53829,Greedy-SLA,Full-CertiTwin-q90,5
4,4,5,0.0,0.0,0.76313806,0.76313806,0.9999999999986896,0.0,0.0,0.0,0.0,0.6,0,5,53829,Greedy-SLA,SLA-Rule-Shield,5
4,4,5,0.0,0.0,0.76313806,0.76313806,0.9999999999986896,0.0,0.0,0.0,0.0,0.6,0,5,53829,Greedy-SLA,Fixed-UCB-1sigma-Shield,5
4,4,5,0.0,0.0,0.76313806,0.76313806,0.9999999999986896,0.0,0.0,0.0,0.0,0.6,0,5,53829,Greedy-SLA,Fixed-UCB-1.64sigma-Shield,5
4,4,5,0.0,0.0,0.76313806,0.76313806,0.9999999999986896,0.0,0.0,0.0,0.0,0.6,0,5,53829,DT-Top1,Full-CertiTwin-q90,5
4,4,5,0.0,0.0,0.76313806,0.76313806,0.9999999999986896,0.0,0.0,0.0,0.0,0.6,0,5,53829,DT-Top1,SLA-Rule-Shield,5
4,4,5,0.0,0.0,0.76313806,0.76313806,0.9999999999986896,0.0,0.0,0.0,0.0,0.6,0,5,53829,DT-Top1,Fixed-UCB-1sigma-Shield,5
4,4,5,0.0,0.0,0.76313806,0.76313806,0.9999999999986896,0.0,0.0,0.0,0.0,0.6,0,5,53829,DT-Top1,Fixed-UCB-1.64sigma-Shield,5
2,2,5,0.0,0.0,0.6677499,0.6677499,0.9999999999985024,0.0,0.0,0.0,0.0,0.6,0,5,57792,PF,Full-CertiTwin-q90,5
2,2,5,0.0,0.0,0.6677499,0.6677499,0.9999999999985024,0.0,0.0,0.0,0.0,0.6,0,5,57792,PF,SLA-Rule-Shield,5
2,2,5,0.0,0.0,0.6677499,0.6677499,0.9999999999985024,0.0,0.0,0.0,0.0,0.6,0,5,57792,PF,Fixed-UCB-1sigma-Shield,5
2,2,5,0.0,0.0,0.6677499,0.6677499,0.9999999999985024,0.0,0.0,0.0,0.0,0.6,0,5,57792,PF,Fixed-UCB-1.64sigma-Shield,5
4,4,5,0.0,0.0,0.76313806,0.76313806,0.9999999999986896,0.0,0.0,0.0,0.0,0.6,0,5,57792,Greedy-SLA,Full-CertiTwin-q90,5
4,4,5,0.0,0.0,0.76313806,0.76313806,0.9999999999986896,0.0,0.0,0.0,0.0,0.6,0,5,57792,Greedy-SLA,SLA-Rule-Shield,5
4,4,5,0.0,0.0,0.76313806,0.76313806,0.9999999999986896,0.0,0.0,0.0,0.0,0.6,0,5,57792,Greedy-SLA,Fixed-UCB-1sigma-Shield,5
4,4,5,0.0,0.0,0.76313806,0.76313806,0.9999999999986896,0.0,0.0,0.0,0.0,0.6,0,5,57792,Greedy-SLA,Fixed-UCB-1.64sigma-Shield,5
0,2,5,1.0,0.0,0.76278657,0.6677499,0.875408569397236,1.0,21.0,0.0,0.0,0.6,0,5,57792,DT-Top1,Full-CertiTwin-q90,5
0,4,5,1.0,0.0,0.76278657,0.76313806,1.000460797309265,1.0,57.0,0.0,0.0,0.6,0,5,57792,DT-Top1,SLA-Rule-Shield,5
0,2,5,1.0,0.0,0.76278657,0.6677499,0.875408569397236,1.0,21.0,0.0,0.0,0.6,0,5,57792,DT-Top1,Fixed-UCB-1sigma-Shield,5
0,2,5,1.0,0.0,0.76278657,0.6677499,0.875408569397236,1.0,21.0,0.0,0.0,0.6,0,5,57792,DT-Top1,Fixed-UCB-1.64sigma-Shield,5
2,2,5,0.0,0.0,0.65129316,0.65129316,0.9999999999984648,0.0,0.0,0.0,0.0,0.6,0,5,8901,PF,Full-CertiTwin-q90,5
2,2,5,0.0,0.0,0.65129316,0.65129316,0.9999999999984648,0.0,0.0,0.0,0.0,0.6,0,5,8901,PF,SLA-Rule-Shield,5
2,2,5,0.0,0.0,0.65129316,0.65129316,0.9999999999984648,0.0,0.0,0.0,0.0,0.6,0,5,8901,PF,Fixed-UCB-1sigma-Shield,5
2,2,5,0.0,0.0,0.65129316,0.65129316,0.9999999999984648,0.0,0.0,0.0,0.0,0.6,0,5,8901,PF,Fixed-UCB-1.64sigma-Shield,5
4,4,5,0.0,0.0,0.76313806,0.76313806,0.9999999999986896,0.0,0.0,0.0,0.0,0.6,0,5,8901,Greedy-SLA,Full-CertiTwin-q90,5
4,4,5,0.0,0.0,0.76313806,0.76313806,0.9999999999986896,0.0,0.0,0.0,0.0,0.6,0,5,8901,Greedy-SLA,SLA-Rule-Shield,5
4,4,5,0.0,0.0,0.76313806,0.76313806,0.9999999999986896,0.0,0.0,0.0,0.0,0.6,0,5,8901,Greedy-SLA,Fixed-UCB-1sigma-Shield,5
4,4,5,0.0,0.0,0.76313806,0.76313806,0.9999999999986896,0.0,0.0,0.0,0.0,0.6,0,5,8901,Greedy-SLA,Fixed-UCB-1.64sigma-Shield,5
4,4,5,0.0,0.0,0.76313806,0.76313806,0.9999999999986896,0.0,0.0,0.0,0.0,0.6,0,5,8901,DT-Top1,Full-CertiTwin-q90,5
4,4,5,0.0,0.0,0.76313806,0.76313806,0.9999999999986896,0.0,0.0,0.0,0.0,0.6,0,5,8901,DT-Top1,SLA-Rule-Shield,5
4,4,5,0.0,0.0,0.76313806,0.76313806,0.9999999999986896,0.0,0.0,0.0,0.0,0.6,0,5,8901,DT-Top1,Fixed-UCB-1sigma-Shield,5
4,4,5,0.0,0.0,0.76313806,0.76313806,0.9999999999986896,0.0,0.0,0.0,0.0,0.6,0,5,8901,DT-Top1,Fixed-UCB-1.64sigma-Shield,5
2,2,5,0.0,0.0,0.6677499,0.6677499,0.9999999999985024,0.0,0.0,0.0,0.0,0.6,0,5,34214,PF,Full-CertiTwin-q90,5
2,2,5,0.0,0.0,0.6677499,0.6677499,0.9999999999985024,0.0,0.0,0.0,0.0,0.6,0,5,34214,PF,SLA-Rule-Shield,5
2,2,5,0.0,0.0,0.6677499,0.6677499,0.9999999999985024,0.0,0.0,0.0,0.0,0.6,0,5,34214,PF,Fixed-UCB-1sigma-Shield,5
2,2,5,0.0,0.0,0.6677499,0.6677499,0.9999999999985024,0.0,0.0,0.0,0.0,0.6,0,5,34214,PF,Fixed-UCB-1.64sigma-Shield,5
4,4,5,0.0,0.0,0.76313806,0.76313806,0.9999999999986896,0.0,0.0,0.0,0.0,0.6,0,5,34214,Greedy-SLA,Full-CertiTwin-q90,5
4,4,5,0.0,0.0,0.76313806,0.76313806,0.9999999999986896,0.0,0.0,0.0,0.0,0.6,0,5,34214,Greedy-SLA,SLA-Rule-Shield,5
4,4,5,0.0,0.0,0.76313806,0.76313806,0.9999999999986896,0.0,0.0,0.0,0.0,0.6,0,5,34214,Greedy-SLA,Fixed-UCB-1sigma-Shield,5
4,4,5,0.0,0.0,0.76313806,0.76313806,0.9999999999986896,0.0,0.0,0.0,0.0,0.6,0,5,34214,Greedy-SLA,Fixed-UCB-1.64sigma-Shield,5
4,4,5,0.0,0.0,0.76313806,0.76313806,0.9999999999986896,0.0,0.0,0.0,0.0,0.6,0,5,34214,DT-Top1,Full-CertiTwin-q90,5
4,4,5,0.0,0.0,0.76313806,0.76313806,0.9999999999986896,0.0,0.0,0.0,0.0,0.6,0,5,34214,DT-Top1,SLA-Rule-Shield,5
4,4,5,0.0,0.0,0.76313806,0.76313806,0.9999999999986896,0.0,0.0,0.0,0.0,0.6,0,5,34214,DT-Top1,Fixed-UCB-1sigma-Shield,5
4,4,5,0.0,0.0,0.76313806,0.76313806,0.9999999999986896,0.0,0.0,0.0,0.0,0.6,0,5,34214,DT-Top1,Fixed-UCB-1.64sigma-Shield,5
2,2,5,0.0,0.0,0.6677499,0.6677499,0.9999999999985024,0.0,0.0,0.0,0.0,0.6,0,5,32100,PF,Full-CertiTwin-q90,5
2,2,5,0.0,0.0,0.6677499,0.6677499,0.9999999999985024,0.0,0.0,0.0,0.0,0.6,0,5,32100,PF,SLA-Rule-Shield,5
2,2,5,0.0,0.0,0.6677499,0.6677499,0.9999999999985024,0.0,0.0,0.0,0.0,0.6,0,5,32100,PF,Fixed-UCB-1sigma-Shield,5
2,2,5,0.0,0.0,0.6677499,0.6677499,0.9999999999985024,0.0,0.0,0.0,0.0,0.6,0,5,32100,PF,Fixed-UCB-1.64sigma-Shield,5
0,2,5,1.0,0.0,0.76278657,0.6677499,0.875408569397236,1.0,21.0,0.0,0.0,0.6,0,5,32100,Greedy-SLA,Full-CertiTwin-q90,5
0,4,5,1.0,0.0,0.76278657,0.76313806,1.000460797309265,1.0,57.0,0.0,0.0,0.6,0,5,32100,Greedy-SLA,SLA-Rule-Shield,5
0,2,5,1.0,0.0,0.76278657,0.6677499,0.875408569397236,1.0,21.0,0.0,0.0,0.6,0,5,32100,Greedy-SLA,Fixed-UCB-1sigma-Shield,5
0,2,5,1.0,0.0,0.76278657,0.6677499,0.875408569397236,1.0,21.0,0.0,0.0,0.6,0,5,32100,Greedy-SLA,Fixed-UCB-1.64sigma-Shield,5
0,2,5,1.0,0.0,0.76278657,0.6677499,0.875408569397236,1.0,21.0,0.0,0.0,0.6,0,5,32100,DT-Top1,Full-CertiTwin-q90,5
0,4,5,1.0,0.0,0.76278657,0.76313806,1.000460797309265,1.0,57.0,0.0,0.0,0.6,0,5,32100,DT-Top1,SLA-Rule-Shield,5
0,2,5,1.0,0.0,0.76278657,0.6677499,0.875408569397236,1.0,21.0,0.0,0.0,0.6,0,5,32100,DT-Top1,Fixed-UCB-1sigma-Shield,5
0,2,5,1.0,0.0,0.76278657,0.6677499,0.875408569397236,1.0,21.0,0.0,0.0,0.6,0,5,32100,DT-Top1,Fixed-UCB-1.64sigma-Shield,5
2,2,5,0.0,0.0,0.6677499,0.6677499,0.9999999999985024,0.0,0.0,0.0,0.0,0.6,0,5,46710,PF,Full-CertiTwin-q90,5
2,2,5,0.0,0.0,0.6677499,0.6677499,0.9999999999985024,0.0,0.0,0.0,0.0,0.6,0,5,46710,PF,SLA-Rule-Shield,5
2,2,5,0.0,0.0,0.6677499,0.6677499,0.9999999999985024,0.0,0.0,0.0,0.0,0.6,0,5,46710,PF,Fixed-UCB-1sigma-Shield,5
2,2,5,0.0,0.0,0.6677499,0.6677499,0.9999999999985024,0.0,0.0,0.0,0.0,0.6,0,5,46710,PF,Fixed-UCB-1.64sigma-Shield,5
4,4,5,0.0,0.0,0.7566483,0.7566483,0.9999999999986784,0.0,0.0,0.0,0.0,0.6,0,5,46710,Greedy-SLA,Full-CertiTwin-q90,5
4,4,5,0.0,0.0,0.7566483,0.7566483,0.9999999999986784,0.0,0.0,0.0,0.0,0.6,0,5,46710,Greedy-SLA,SLA-Rule-Shield,5
4,4,5,0.0,0.0,0.7566483,0.7566483,0.9999999999986784,0.0,0.0,0.0,0.0,0.6,0,5,46710,Greedy-SLA,Fixed-UCB-1sigma-Shield,5
4,4,5,0.0,0.0,0.7566483,0.7566483,0.9999999999986784,0.0,0.0,0.0,0.0,0.6,0,5,46710,Greedy-SLA,Fixed-UCB-1.64sigma-Shield,5
0,2,5,1.0,0.0,0.76278657,0.6677499,0.875408569397236,1.0,21.0,0.0,0.0,0.6,0,5,46710,DT-Top1,Full-CertiTwin-q90,5
0,4,5,1.0,0.0,0.76278657,0.7566483,0.9919528341971308,1.0,57.0,0.0,0.0,0.6,0,5,46710,DT-Top1,SLA-Rule-Shield,5
0,2,5,1.0,0.0,0.76278657,0.6677499,0.875408569397236,1.0,21.0,0.0,0.0,0.6,0,5,46710,DT-Top1,Fixed-UCB-1sigma-Shield,5
0,2,5,1.0,0.0,0.76278657,0.6677499,0.875408569397236,1.0,21.0,0.0,0.0,0.6,0,5,46710,DT-Top1,Fixed-UCB-1.64sigma-Shield,5
2,2,5,0.0,0.0,0.6677499,0.6677499,0.9999999999985024,0.0,0.0,0.0,0.0,0.6,0,5,36677,PF,Full-CertiTwin-q90,5
2,2,5,0.0,0.0,0.6677499,0.6677499,0.9999999999985024,0.0,0.0,0.0,0.0,0.6,0,5,36677,PF,SLA-Rule-Shield,5
2,2,5,0.0,0.0,0.6677499,0.6677499,0.9999999999985024,0.0,0.0,0.0,0.0,0.6,0,5,36677,PF,Fixed-UCB-1sigma-Shield,5
2,2,5,0.0,0.0,0.6677499,0.6677499,0.9999999999985024,0.0,0.0,0.0,0.0,0.6,0,5,36677,PF,Fixed-UCB-1.64sigma-Shield,5
4,4,5,0.0,0.0,0.7566483,0.7566483,0.9999999999986784,0.0,0.0,0.0,0.0,0.6,0,5,36677,Greedy-SLA,Full-CertiTwin-q90,5
4,4,5,0.0,0.0,0.7566483,0.7566483,0.9999999999986784,0.0,0.0,0.0,0.0,0.6,0,5,36677,Greedy-SLA,SLA-Rule-Shield,5
4,4,5,0.0,0.0,0.7566483,0.7566483,0.9999999999986784,0.0,0.0,0.0,0.0,0.6,0,5,36677,Greedy-SLA,Fixed-UCB-1sigma-Shield,5
4,4,5,0.0,0.0,0.7566483,0.7566483,0.9999999999986784,0.0,0.0,0.0,0.0,0.6,0,5,36677,Greedy-SLA,Fixed-UCB-1.64sigma-Shield,5
0,2,5,1.0,0.0,0.76278657,0.6677499,0.875408569397236,1.0,21.0,0.0,0.0,0.6,0,5,36677,DT-Top1,Full-CertiTwin-q90,5
0,4,5,1.0,0.0,0.76278657,0.7566483,0.9919528341971308,1.0,57.0,0.0,0.0,0.6,0,5,36677,DT-Top1,SLA-Rule-Shield,5
0,2,5,1.0,0.0,0.76278657,0.6677499,0.875408569397236,1.0,21.0,0.0,0.0,0.6,0,5,36677,DT-Top1,Fixed-UCB-1sigma-Shield,5
0,2,5,1.0,0.0,0.76278657,0.6677499,0.875408569397236,1.0,21.0,0.0,0.0,0.6,0,5,36677,DT-Top1,Fixed-UCB-1.64sigma-Shield,5
2,2,5,0.0,0.0,0.6677499,0.6677499,0.9999999999985024,0.0,0.0,0.0,0.0,0.6,0,5,55521,PF,Full-CertiTwin-q90,5
2,2,5,0.0,0.0,0.6677499,0.6677499,0.9999999999985024,0.0,0.0,0.0,0.0,0.6,0,5,55521,PF,SLA-Rule-Shield,5
2,2,5,0.0,0.0,0.6677499,0.6677499,0.9999999999985024,0.0,0.0,0.0,0.0,0.6,0,5,55521,PF,Fixed-UCB-1sigma-Shield,5
2,2,5,0.0,0.0,0.6677499,0.6677499,0.9999999999985024,0.0,0.0,0.0,0.0,0.6,0,5,55521,PF,Fixed-UCB-1.64sigma-Shield,5
4,4,5,0.0,0.0,0.7777951,0.7777951,0.9999999999987144,0.0,0.0,0.0,0.0,0.6,0,5,55521,Greedy-SLA,Full-CertiTwin-q90,5
4,4,5,0.0,0.0,0.7777951,0.7777951,0.9999999999987144,0.0,0.0,0.0,0.0,0.6,0,5,55521,Greedy-SLA,SLA-Rule-Shield,5
4,4,5,0.0,0.0,0.7777951,0.7777951,0.9999999999987144,0.0,0.0,0.0,0.0,0.6,0,5,55521,Greedy-SLA,Fixed-UCB-1sigma-Shield,5
4,4,5,0.0,0.0,0.7777951,0.7777951,0.9999999999987144,0.0,0.0,0.0,0.0,0.6,0,5,55521,Greedy-SLA,Fixed-UCB-1.64sigma-Shield,5
0,2,5,1.0,0.0,0.76278657,0.6677499,0.875408569397236,1.0,21.0,0.0,0.0,0.6,0,5,55521,DT-Top1,Full-CertiTwin-q90,5
0,4,5,1.0,0.0,0.76278657,0.7777951,1.0196759232388952,1.0,57.0,0.0,0.0,0.6,0,5,55521,DT-Top1,SLA-Rule-Shield,5
0,2,5,1.0,0.0,0.76278657,0.6677499,0.875408569397236,1.0,21.0,0.0,0.0,0.6,0,5,55521,DT-Top1,Fixed-UCB-1sigma-Shield,5
0,2,5,1.0,0.0,0.76278657,0.6677499,0.875408569397236,1.0,21.0,0.0,0.0,0.6,0,5,55521,DT-Top1,Fixed-UCB-1.64sigma-Shield,5
2,2,5,0.0,0.0,0.6677499,0.6677499,0.9999999999985024,0.0,0.0,0.0,0.0,0.6,0,5,43651,PF,Full-CertiTwin-q90,5
2,2,5,0.0,0.0,0.6677499,0.6677499,0.9999999999985024,0.0,0.0,0.0,0.0,0.6,0,5,43651,PF,SLA-Rule-Shield,5
2,2,5,0.0,0.0,0.6677499,0.6677499,0.9999999999985024,0.0,0.0,0.0,0.0,0.6,0,5,43651,PF,Fixed-UCB-1sigma-Shield,5
2,2,5,0.0,0.0,0.6677499,0.6677499,0.9999999999985024,0.0,0.0,0.0,0.0,0.6,0,5,43651,PF,Fixed-UCB-1.64sigma-Shield,5
4,4,5,0.0,0.0,0.76313806,0.76313806,0.9999999999986896,0.0,0.0,0.0,0.0,0.6,0,5,43651,Greedy-SLA,Full-CertiTwin-q90,5
4,4,5,0.0,0.0,0.76313806,0.76313806,0.9999999999986896,0.0,0.0,0.0,0.0,0.6,0,5,43651,Greedy-SLA,SLA-Rule-Shield,5
4,4,5,0.0,0.0,0.76313806,0.76313806,0.9999999999986896,0.0,0.0,0.0,0.0,0.6,0,5,43651,Greedy-SLA,Fixed-UCB-1sigma-Shield,5
4,4,5,0.0,0.0,0.76313806,0.76313806,0.9999999999986896,0.0,0.0,0.0,0.0,0.6,0,5,43651,Greedy-SLA,Fixed-UCB-1.64sigma-Shield,5
4,4,5,0.0,0.0,0.76313806,0.76313806,0.9999999999986896,0.0,0.0,0.0,0.0,0.6,0,5,43651,DT-Top1,Full-CertiTwin-q90,5
4,4,5,0.0,0.0,0.76313806,0.76313806,0.9999999999986896,0.0,0.0,0.0,0.0,0.6,0,5,43651,DT-Top1,SLA-Rule-Shield,5
4,4,5,0.0,0.0,0.76313806,0.76313806,0.9999999999986896,0.0,0.0,0.0,0.0,0.6,0,5,43651,DT-Top1,Fixed-UCB-1sigma-Shield,5
4,4,5,0.0,0.0,0.76313806,0.76313806,0.9999999999986896,0.0,0.0,0.0,0.0,0.6,0,5,43651,DT-Top1,Fixed-UCB-1.64sigma-Shield,5
2,2,5,0.0,0.0,0.65129316,0.65129316,0.9999999999984648,0.0,0.0,0.0,0.0,0.6,0,5,13293,PF,Full-CertiTwin-q90,5
2,2,5,0.0,0.0,0.65129316,0.65129316,0.9999999999984648,0.0,0.0,0.0,0.0,0.6,0,5,13293,PF,SLA-Rule-Shield,5
2,2,5,0.0,0.0,0.65129316,0.65129316,0.9999999999984648,0.0,0.0,0.0,0.0,0.6,0,5,13293,PF,Fixed-UCB-1sigma-Shield,5
2,2,5,0.0,0.0,0.65129316,0.65129316,0.9999999999984648,0.0,0.0,0.0,0.0,0.6,0,5,13293,PF,Fixed-UCB-1.64sigma-Shield,5
4,4,5,0.0,0.0,0.76313806,0.76313806,0.9999999999986896,0.0,0.0,0.0,0.0,0.6,0,5,13293,Greedy-SLA,Full-CertiTwin-q90,5
4,4,5,0.0,0.0,0.76313806,0.76313806,0.9999999999986896,0.0,0.0,0.0,0.0,0.6,0,5,13293,Greedy-SLA,SLA-Rule-Shield,5
4,4,5,0.0,0.0,0.76313806,0.76313806,0.9999999999986896,0.0,0.0,0.0,0.0,0.6,0,5,13293,Greedy-SLA,Fixed-UCB-1sigma-Shield,5
4,4,5,0.0,0.0,0.76313806,0.76313806,0.9999999999986896,0.0,0.0,0.0,0.0,0.6,0,5,13293,Greedy-SLA,Fixed-UCB-1.64sigma-Shield,5
0,2,5,1.0,0.0,0.76278657,0.65129316,0.8538340678954877,1.0,21.0,0.0,0.0,0.6,0,5,13293,DT-Top1,Full-CertiTwin-q90,5
0,4,5,1.0,0.0,0.76278657,0.76313806,1.000460797309265,1.0,57.0,0.0,0.0,0.6,0,5,13293,DT-Top1,SLA-Rule-Shield,5
0,2,5,1.0,0.0,0.76278657,0.65129316,0.8538340678954877,1.0,21.0,0.0,0.0,0.6,0,5,13293,DT-Top1,Fixed-UCB-1sigma-Shield,5
0,2,5,1.0,0.0,0.76278657,0.65129316,0.8538340678954877,1.0,21.0,0.0,0.0,0.6,0,5,13293,DT-Top1,Fixed-UCB-1.64sigma-Shield,5
2,2,5,0.0,0.0,0.6677499,0.6677499,0.9999999999985024,0.0,0.0,0.0,0.0,0.6,0,5,58284,PF,Full-CertiTwin-q90,5
2,2,5,0.0,0.0,0.6677499,0.6677499,0.9999999999985024,0.0,0.0,0.0,0.0,0.6,0,5,58284,PF,SLA-Rule-Shield,5
2,2,5,0.0,0.0,0.6677499,0.6677499,0.9999999999985024,0.0,0.0,0.0,0.0,0.6,0,5,58284,PF,Fixed-UCB-1sigma-Shield,5
2,2,5,0.0,0.0,0.6677499,0.6677499,0.9999999999985024,0.0,0.0,0.0,0.0,0.6,0,5,58284,PF,Fixed-UCB-1.64sigma-Shield,5
4,4,5,0.0,0.0,0.7566483,0.7566483,0.9999999999986784,0.0,0.0,0.0,0.0,0.6,0,5,58284,Greedy-SLA,Full-CertiTwin-q90,5
4,4,5,0.0,0.0,0.7566483,0.7566483,0.9999999999986784,0.0,0.0,0.0,0.0,0.6,0,5,58284,Greedy-SLA,SLA-Rule-Shield,5
4,4,5,0.0,0.0,0.7566483,0.7566483,0.9999999999986784,0.0,0.0,0.0,0.0,0.6,0,5,58284,Greedy-SLA,Fixed-UCB-1sigma-Shield,5
4,4,5,0.0,0.0,0.7566483,0.7566483,0.9999999999986784,0.0,0.0,0.0,0.0,0.6,0,5,58284,Greedy-SLA,Fixed-UCB-1.64sigma-Shield,5
0,2,5,1.0,0.0,0.76278657,0.6677499,0.875408569397236,1.0,21.0,0.0,0.0,0.6,0,5,58284,DT-Top1,Full-CertiTwin-q90,5
0,4,5,1.0,0.0,0.76278657,0.7566483,0.9919528341971308,1.0,57.0,0.0,0.0,0.6,0,5,58284,DT-Top1,SLA-Rule-Shield,5
0,2,5,1.0,0.0,0.76278657,0.6677499,0.875408569397236,1.0,21.0,0.0,0.0,0.6,0,5,58284,DT-Top1,Fixed-UCB-1sigma-Shield,5
0,2,5,1.0,0.0,0.76278657,0.6677499,0.875408569397236,1.0,21.0,0.0,0.0,0.6,0,5,58284,DT-Top1,Fixed-UCB-1.64sigma-Shield,5
2,2,5,0.0,0.0,0.6677499,0.6677499,0.9999999999985024,0.0,0.0,0.0,0.0,0.6,0,5,20853,PF,Full-CertiTwin-q90,5
2,2,5,0.0,0.0,0.6677499,0.6677499,0.9999999999985024,0.0,0.0,0.0,0.0,0.6,0,5,20853,PF,SLA-Rule-Shield,5
2,2,5,0.0,0.0,0.6677499,0.6677499,0.9999999999985024,0.0,0.0,0.0,0.0,0.6,0,5,20853,PF,Fixed-UCB-1sigma-Shield,5
2,2,5,0.0,0.0,0.6677499,0.6677499,0.9999999999985024,0.0,0.0,0.0,0.0,0.6,0,5,20853,PF,Fixed-UCB-1.64sigma-Shield,5
4,4,5,0.0,0.0,0.7566483,0.7566483,0.9999999999986784,0.0,0.0,0.0,0.0,0.6,0,5,20853,Greedy-SLA,Full-CertiTwin-q90,5
4,4,5,0.0,0.0,0.7566483,0.7566483,0.9999999999986784,0.0,0.0,0.0,0.0,0.6,0,5,20853,Greedy-SLA,SLA-Rule-Shield,5
4,4,5,0.0,0.0,0.7566483,0.7566483,0.9999999999986784,0.0,0.0,0.0,0.0,0.6,0,5,20853,Greedy-SLA,Fixed-UCB-1sigma-Shield,5
4,4,5,0.0,0.0,0.7566483,0.7566483,0.9999999999986784,0.0,0.0,0.0,0.0,0.6,0,5,20853,Greedy-SLA,Fixed-UCB-1.64sigma-Shield,5
0,2,5,1.0,0.0,0.76278657,0.6677499,0.875408569397236,1.0,21.0,0.0,0.0,0.6,0,5,20853,DT-Top1,Full-CertiTwin-q90,5
0,4,5,1.0,0.0,0.76278657,0.7566483,0.9919528341971308,1.0,57.0,0.0,0.0,0.6,0,5,20853,DT-Top1,SLA-Rule-Shield,5
0,2,5,1.0,0.0,0.76278657,0.6677499,0.875408569397236,1.0,21.0,0.0,0.0,0.6,0,5,20853,DT-Top1,Fixed-UCB-1sigma-Shield,5
0,2,5,1.0,0.0,0.76278657,0.6677499,0.875408569397236,1.0,21.0,0.0,0.0,0.6,0,5,20853,DT-Top1,Fixed-UCB-1.64sigma-Shield,5
2,2,5,0.0,0.0,0.6677499,0.6677499,0.9999999999985024,0.0,0.0,0.0,0.0,0.6,0,5,1476,PF,Full-CertiTwin-q90,5
2,2,5,0.0,0.0,0.6677499,0.6677499,0.9999999999985024,0.0,0.0,0.0,0.0,0.6,0,5,1476,PF,SLA-Rule-Shield,5
2,2,5,0.0,0.0,0.6677499,0.6677499,0.9999999999985024,0.0,0.0,0.0,0.0,0.6,0,5,1476,PF,Fixed-UCB-1sigma-Shield,5
2,2,5,0.0,0.0,0.6677499,0.6677499,0.9999999999985024,0.0,0.0,0.0,0.0,0.6,0,5,1476,PF,Fixed-UCB-1.64sigma-Shield,5
4,4,5,0.0,0.0,0.76313806,0.76313806,0.9999999999986896,0.0,0.0,0.0,0.0,0.6,0,5,1476,Greedy-SLA,Full-CertiTwin-q90,5
4,4,5,0.0,0.0,0.76313806,0.76313806,0.9999999999986896,0.0,0.0,0.0,0.0,0.6,0,5,1476,Greedy-SLA,SLA-Rule-Shield,5
4,4,5,0.0,0.0,0.76313806,0.76313806,0.9999999999986896,0.0,0.0,0.0,0.0,0.6,0,5,1476,Greedy-SLA,Fixed-UCB-1sigma-Shield,5
4,4,5,0.0,0.0,0.76313806,0.76313806,0.9999999999986896,0.0,0.0,0.0,0.0,0.6,0,5,1476,Greedy-SLA,Fixed-UCB-1.64sigma-Shield,5
0,2,5,1.0,0.0,0.77741534,0.6677499,0.8589358424534574,1.0,21.0,0.0,0.0,0.6,0,5,1476,DT-Top1,Full-CertiTwin-q90,5
0,4,5,1.0,0.0,0.77741534,0.76313806,0.981634939180668,1.0,57.0,0.0,0.0,0.6,0,5,1476,DT-Top1,SLA-Rule-Shield,5
0,2,5,1.0,0.0,0.77741534,0.6677499,0.8589358424534574,1.0,21.0,0.0,0.0,0.6,0,5,1476,DT-Top1,Fixed-UCB-1sigma-Shield,5
0,2,5,1.0,0.0,0.77741534,0.6677499,0.8589358424534574,1.0,21.0,0.0,0.0,0.6,0,5,1476,DT-Top1,Fixed-UCB-1.64sigma-Shield,5
2,2,5,0.0,0.0,0.6677499,0.6677499,0.9999999999985024,0.0,0.0,0.0,0.0,0.6,0,5,58899,PF,Full-CertiTwin-q90,5
2,2,5,0.0,0.0,0.6677499,0.6677499,0.9999999999985024,0.0,0.0,0.0,0.0,0.6,0,5,58899,PF,SLA-Rule-Shield,5
2,2,5,0.0,0.0,0.6677499,0.6677499,0.9999999999985024,0.0,0.0,0.0,0.0,0.6,0,5,58899,PF,Fixed-UCB-1sigma-Shield,5
2,2,5,0.0,0.0,0.6677499,0.6677499,0.9999999999985024,0.0,0.0,0.0,0.0,0.6,0,5,58899,PF,Fixed-UCB-1.64sigma-Shield,5
4,4,5,0.0,0.0,0.76313806,0.76313806,0.9999999999986896,0.0,0.0,0.0,0.0,0.6,0,5,58899,Greedy-SLA,Full-CertiTwin-q90,5
4,4,5,0.0,0.0,0.76313806,0.76313806,0.9999999999986896,0.0,0.0,0.0,0.0,0.6,0,5,58899,Greedy-SLA,SLA-Rule-Shield,5
4,4,5,0.0,0.0,0.76313806,0.76313806,0.9999999999986896,0.0,0.0,0.0,0.0,0.6,0,5,58899,Greedy-SLA,Fixed-UCB-1sigma-Shield,5
4,4,5,0.0,0.0,0.76313806,0.76313806,0.9999999999986896,0.0,0.0,0.0,0.0,0.6,0,5,58899,Greedy-SLA,Fixed-UCB-1.64sigma-Shield,5
0,2,5,1.0,0.0,0.76278657,0.6677499,0.875408569397236,1.0,21.0,0.0,0.0,0.6,0,5,58899,DT-Top1,Full-CertiTwin-q90,5
0,4,5,1.0,0.0,0.76278657,0.76313806,1.000460797309265,1.0,57.0,0.0,0.0,0.6,0,5,58899,DT-Top1,SLA-Rule-Shield,5
0,2,5,1.0,0.0,0.76278657,0.6677499,0.875408569397236,1.0,21.0,0.0,0.0,0.6,0,5,58899,DT-Top1,Fixed-UCB-1sigma-Shield,5
0,2,5,1.0,0.0,0.76278657,0.6677499,0.875408569397236,1.0,21.0,0.0,0.0,0.6,0,5,58899,DT-Top1,Fixed-UCB-1.64sigma-Shield,5
2,2,5,0.0,0.0,0.6677499,0.6677499,0.9999999999985024,0.0,0.0,0.0,0.0,0.6,0,5,50756,PF,Full-CertiTwin-q90,5
2,2,5,0.0,0.0,0.6677499,0.6677499,0.9999999999985024,0.0,0.0,0.0,0.0,0.6,0,5,50756,PF,SLA-Rule-Shield,5
2,2,5,0.0,0.0,0.6677499,0.6677499,0.9999999999985024,0.0,0.0,0.0,0.0,0.6,0,5,50756,PF,Fixed-UCB-1sigma-Shield,5
2,2,5,0.0,0.0,0.6677499,0.6677499,0.9999999999985024,0.0,0.0,0.0,0.0,0.6,0,5,50756,PF,Fixed-UCB-1.64sigma-Shield,5
4,4,5,0.0,0.0,0.76313806,0.76313806,0.9999999999986896,0.0,0.0,0.0,0.0,0.6,0,5,50756,Greedy-SLA,Full-CertiTwin-q90,5
4,4,5,0.0,0.0,0.76313806,0.76313806,0.9999999999986896,0.0,0.0,0.0,0.0,0.6,0,5,50756,Greedy-SLA,SLA-Rule-Shield,5
4,4,5,0.0,0.0,0.76313806,0.76313806,0.9999999999986896,0.0,0.0,0.0,0.0,0.6,0,5,50756,Greedy-SLA,Fixed-UCB-1sigma-Shield,5
4,4,5,0.0,0.0,0.76313806,0.76313806,0.9999999999986896,0.0,0.0,0.0,0.0,0.6,0,5,50756,Greedy-SLA,Fixed-UCB-1.64sigma-Shield,5
0,2,5,1.0,0.0,0.7864371,0.6677499,0.8490823995957858,1.0,21.0,0.0,0.0,0.6,0,5,50756,DT-Top1,Full-CertiTwin-q90,5
0,4,5,1.0,0.0,0.7864371,0.76313806,0.970373930730162,1.0,57.0,0.0,0.0,0.6,0,5,50756,DT-Top1,SLA-Rule-Shield,5
0,2,5,1.0,0.0,0.7864371,0.6677499,0.8490823995957858,1.0,21.0,0.0,0.0,0.6,0,5,50756,DT-Top1,Fixed-UCB-1sigma-Shield,5
0,2,5,1.0,0.0,0.7864371,0.6677499,0.8490823995957858,1.0,21.0,0.0,0.0,0.6,0,5,50756,DT-Top1,Fixed-UCB-1.64sigma-Shield,5
2,2,5,0.0,0.0,0.6677499,0.6677499,0.9999999999985024,0.0,0.0,0.0,0.0,0.6,0,5,13212,PF,Full-CertiTwin-q90,5
2,2,5,0.0,0.0,0.6677499,0.6677499,0.9999999999985024,0.0,0.0,0.0,0.0,0.6,0,5,13212,PF,SLA-Rule-Shield,5
2,2,5,0.0,0.0,0.6677499,0.6677499,0.9999999999985024,0.0,0.0,0.0,0.0,0.6,0,5,13212,PF,Fixed-UCB-1sigma-Shield,5
2,2,5,0.0,0.0,0.6677499,0.6677499,0.9999999999985024,0.0,0.0,0.0,0.0,0.6,0,5,13212,PF,Fixed-UCB-1.64sigma-Shield,5
0,2,5,1.0,0.0,0.76278657,0.6677499,0.875408569397236,1.0,21.0,0.0,0.0,0.6,0,5,13212,Greedy-SLA,Full-CertiTwin-q90,5
0,4,5,1.0,0.0,0.76278657,0.76313806,1.000460797309265,1.0,57.0,0.0,0.0,0.6,0,5,13212,Greedy-SLA,SLA-Rule-Shield,5
0,2,5,1.0,0.0,0.76278657,0.6677499,0.875408569397236,1.0,21.0,0.0,0.0,0.6,0,5,13212,Greedy-SLA,Fixed-UCB-1sigma-Shield,5
0,2,5,1.0,0.0,0.76278657,0.6677499,0.875408569397236,1.0,21.0,0.0,0.0,0.6,0,5,13212,Greedy-SLA,Fixed-UCB-1.64sigma-Shield,5
0,2,5,1.0,0.0,0.76278657,0.6677499,0.875408569397236,1.0,21.0,0.0,0.0,0.6,0,5,13212,DT-Top1,Full-CertiTwin-q90,5
0,4,5,1.0,0.0,0.76278657,0.76313806,1.000460797309265,1.0,57.0,0.0,0.0,0.6,0,5,13212,DT-Top1,SLA-Rule-Shield,5
0,2,5,1.0,0.0,0.76278657,0.6677499,0.875408569397236,1.0,21.0,0.0,0.0,0.6,0,5,13212,DT-Top1,Fixed-UCB-1sigma-Shield,5
0,2,5,1.0,0.0,0.76278657,0.6677499,0.875408569397236,1.0,21.0,0.0,0.0,0.6,0,5,13212,DT-Top1,Fixed-UCB-1.64sigma-Shield,5
2,2,5,0.0,0.0,0.6677499,0.6677499,0.9999999999985024,0.0,0.0,0.0,0.0,0.6,0,5,57014,PF,Full-CertiTwin-q90,5
2,2,5,0.0,0.0,0.6677499,0.6677499,0.9999999999985024,0.0,0.0,0.0,0.0,0.6,0,5,57014,PF,SLA-Rule-Shield,5
2,2,5,0.0,0.0,0.6677499,0.6677499,0.9999999999985024,0.0,0.0,0.0,0.0,0.6,0,5,57014,PF,Fixed-UCB-1sigma-Shield,5
2,2,5,0.0,0.0,0.6677499,0.6677499,0.9999999999985024,0.0,0.0,0.0,0.0,0.6,0,5,57014,PF,Fixed-UCB-1.64sigma-Shield,5
4,4,5,0.0,0.0,0.76313806,0.76313806,0.9999999999986896,0.0,0.0,0.0,0.0,0.6,0,5,57014,Greedy-SLA,Full-CertiTwin-q90,5
4,4,5,0.0,0.0,0.76313806,0.76313806,0.9999999999986896,0.0,0.0,0.0,0.0,0.6,0,5,57014,Greedy-SLA,SLA-Rule-Shield,5
4,4,5,0.0,0.0,0.76313806,0.76313806,0.9999999999986896,0.0,0.0,0.0,0.0,0.6,0,5,57014,Greedy-SLA,Fixed-UCB-1sigma-Shield,5
4,4,5,0.0,0.0,0.76313806,0.76313806,0.9999999999986896,0.0,0.0,0.0,0.0,0.6,0,5,57014,Greedy-SLA,Fixed-UCB-1.64sigma-Shield,5
4,4,5,0.0,0.0,0.76313806,0.76313806,0.9999999999986896,0.0,0.0,0.0,0.0,0.6,0,5,57014,DT-Top1,Full-CertiTwin-q90,5
4,4,5,0.0,0.0,0.76313806,0.76313806,0.9999999999986896,0.0,0.0,0.0,0.0,0.6,0,5,57014,DT-Top1,SLA-Rule-Shield,5
4,4,5,0.0,0.0,0.76313806,0.76313806,0.9999999999986896,0.0,0.0,0.0,0.0,0.6,0,5,57014,DT-Top1,Fixed-UCB-1sigma-Shield,5
4,4,5,0.0,0.0,0.76313806,0.76313806,0.9999999999986896,0.0,0.0,0.0,0.0,0.6,0,5,57014,DT-Top1,Fixed-UCB-1.64sigma-Shield,5
2,2,5,0.0,0.0,0.6677499,0.6677499,0.9999999999985024,0.0,0.0,0.0,0.0,0.6,0,5,35571,PF,Full-CertiTwin-q90,5
2,2,5,0.0,0.0,0.6677499,0.6677499,0.9999999999985024,0.0,0.0,0.0,0.0,0.6,0,5,35571,PF,SLA-Rule-Shield,5
2,2,5,0.0,0.0,0.6677499,0.6677499,0.9999999999985024,0.0,0.0,0.0,0.0,0.6,0,5,35571,PF,Fixed-UCB-1sigma-Shield,5
2,2,5,0.0,0.0,0.6677499,0.6677499,0.9999999999985024,0.0,0.0,0.0,0.0,0.6,0,5,35571,PF,Fixed-UCB-1.64sigma-Shield,5
4,4,5,0.0,0.0,0.76313806,0.76313806,0.9999999999986896,0.0,0.0,0.0,0.0,0.6,0,5,35571,Greedy-SLA,Full-CertiTwin-q90,5
4,4,5,0.0,0.0,0.76313806,0.76313806,0.9999999999986896,0.0,0.0,0.0,0.0,0.6,0,5,35571,Greedy-SLA,SLA-Rule-Shield,5
4,4,5,0.0,0.0,0.76313806,0.76313806,0.9999999999986896,0.0,0.0,0.0,0.0,0.6,0,5,35571,Greedy-SLA,Fixed-UCB-1sigma-Shield,5
4,4,5,0.0,0.0,0.76313806,0.76313806,0.9999999999986896,0.0,0.0,0.0,0.0,0.6,0,5,35571,Greedy-SLA,Fixed-UCB-1.64sigma-Shield,5
0,2,5,1.0,0.0,0.77741534,0.6677499,0.8589358424534574,1.0,21.0,0.0,0.0,0.6,0,5,35571,DT-Top1,Full-CertiTwin-q90,5
0,4,5,1.0,0.0,0.77741534,0.76313806,0.981634939180668,1.0,57.0,0.0,0.0,0.6,0,5,35571,DT-Top1,SLA-Rule-Shield,5
0,2,5,1.0,0.0,0.77741534,0.6677499,0.8589358424534574,1.0,21.0,0.0,0.0,0.6,0,5,35571,DT-Top1,Fixed-UCB-1sigma-Shield,5
0,2,5,1.0,0.0,0.77741534,0.6677499,0.8589358424534574,1.0,21.0,0.0,0.0,0.6,0,5,35571,DT-Top1,Fixed-UCB-1.64sigma-Shield,5
2,2,5,0.0,0.0,0.6682329,0.6682329,0.9999999999985036,0.0,0.0,0.0,0.0,0.6,0,5,16779,PF,Full-CertiTwin-q90,5
2,2,5,0.0,0.0,0.6682329,0.6682329,0.9999999999985036,0.0,0.0,0.0,0.0,0.6,0,5,16779,PF,SLA-Rule-Shield,5
2,2,5,0.0,0.0,0.6682329,0.6682329,0.9999999999985036,0.0,0.0,0.0,0.0,0.6,0,5,16779,PF,Fixed-UCB-1sigma-Shield,5
2,2,5,0.0,0.0,0.6682329,0.6682329,0.9999999999985036,0.0,0.0,0.0,0.0,0.6,0,5,16779,PF,Fixed-UCB-1.64sigma-Shield,5
4,4,5,0.0,0.0,0.76313806,0.76313806,0.9999999999986896,0.0,0.0,0.0,0.0,0.6,0,5,16779,Greedy-SLA,Full-CertiTwin-q90,5
4,4,5,0.0,0.0,0.76313806,0.76313806,0.9999999999986896,0.0,0.0,0.0,0.0,0.6,0,5,16779,Greedy-SLA,SLA-Rule-Shield,5
4,4,5,0.0,0.0,0.76313806,0.76313806,0.9999999999986896,0.0,0.0,0.0,0.0,0.6,0,5,16779,Greedy-SLA,Fixed-UCB-1sigma-Shield,5
4,4,5,0.0,0.0,0.76313806,0.76313806,0.9999999999986896,0.0,0.0,0.0,0.0,0.6,0,5,16779,Greedy-SLA,Fixed-UCB-1.64sigma-Shield,5
4,4,5,0.0,0.0,0.76313806,0.76313806,0.9999999999986896,0.0,0.0,0.0,0.0,0.6,0,5,16779,DT-Top1,Full-CertiTwin-q90,5
4,4,5,0.0,0.0,0.76313806,0.76313806,0.9999999999986896,0.0,0.0,0.0,0.0,0.6,0,5,16779,DT-Top1,SLA-Rule-Shield,5
4,4,5,0.0,0.0,0.76313806,0.76313806,0.9999999999986896,0.0,0.0,0.0,0.0,0.6,0,5,16779,DT-Top1,Fixed-UCB-1sigma-Shield,5
4,4,5,0.0,0.0,0.76313806,0.76313806,0.9999999999986896,0.0,0.0,0.0,0.0,0.6,0,5,16779,DT-Top1,Fixed-UCB-1.64sigma-Shield,5
2,2,5,0.0,0.0,0.6677499,0.6677499,0.9999999999985024,0.0,0.0,0.0,0.0,0.6,0,5,15356,PF,Full-CertiTwin-q90,5
2,2,5,0.0,0.0,0.6677499,0.6677499,0.9999999999985024,0.0,0.0,0.0,0.0,0.6,0,5,15356,PF,SLA-Rule-Shield,5
2,2,5,0.0,0.0,0.6677499,0.6677499,0.9999999999985024,0.0,0.0,0.0,0.0,0.6,0,5,15356,PF,Fixed-UCB-1sigma-Shield,5
2,2,5,0.0,0.0,0.6677499,0.6677499,0.9999999999985024,0.0,0.0,0.0,0.0,0.6,0,5,15356,PF,Fixed-UCB-1.64sigma-Shield,5
4,4,5,0.0,0.0,0.75664926,0.75664926,0.9999999999986784,0.0,0.0,0.0,0.0,0.6,0,5,15356,Greedy-SLA,Full-CertiTwin-q90,5
4,4,5,0.0,0.0,0.75664926,0.75664926,0.9999999999986784,0.0,0.0,0.0,0.0,0.6,0,5,15356,Greedy-SLA,SLA-Rule-Shield,5
4,4,5,0.0,0.0,0.75664926,0.75664926,0.9999999999986784,0.0,0.0,0.0,0.0,0.6,0,5,15356,Greedy-SLA,Fixed-UCB-1sigma-Shield,5
4,4,5,0.0,0.0,0.75664926,0.75664926,0.9999999999986784,0.0,0.0,0.0,0.0,0.6,0,5,15356,Greedy-SLA,Fixed-UCB-1.64sigma-Shield,5
0,2,5,1.0,0.0,0.76278657,0.6677499,0.875408569397236,1.0,21.0,0.0,0.0,0.6,0,5,15356,DT-Top1,Full-CertiTwin-q90,5
0,4,5,1.0,0.0,0.76278657,0.75664926,0.9919540927405264,1.0,57.0,0.0,0.0,0.6,0,5,15356,DT-Top1,SLA-Rule-Shield,5
0,2,5,1.0,0.0,0.76278657,0.6677499,0.875408569397236,1.0,21.0,0.0,0.0,0.6,0,5,15356,DT-Top1,Fixed-UCB-1sigma-Shield,5
0,2,5,1.0,0.0,0.76278657,0.6677499,0.875408569397236,1.0,21.0,0.0,0.0,0.6,0,5,15356,DT-Top1,Fixed-UCB-1.64sigma-Shield,5
2,2,5,0.0,0.0,0.6677499,0.6677499,0.9999999999985024,0.0,0.0,0.0,0.0,0.6,0,5,57747,PF,Full-CertiTwin-q90,5
2,2,5,0.0,0.0,0.6677499,0.6677499,0.9999999999985024,0.0,0.0,0.0,0.0,0.6,0,5,57747,PF,SLA-Rule-Shield,5
2,2,5,0.0,0.0,0.6677499,0.6677499,0.9999999999985024,0.0,0.0,0.0,0.0,0.6,0,5,57747,PF,Fixed-UCB-1sigma-Shield,5
2,2,5,0.0,0.0,0.6677499,0.6677499,0.9999999999985024,0.0,0.0,0.0,0.0,0.6,0,5,57747,PF,Fixed-UCB-1.64sigma-Shield,5
4,4,5,0.0,0.0,0.7777951,0.7777951,0.9999999999987144,0.0,0.0,0.0,0.0,0.6,0,5,57747,Greedy-SLA,Full-CertiTwin-q90,5
4,4,5,0.0,0.0,0.7777951,0.7777951,0.9999999999987144,0.0,0.0,0.0,0.0,0.6,0,5,57747,Greedy-SLA,SLA-Rule-Shield,5
4,4,5,0.0,0.0,0.7777951,0.7777951,0.9999999999987144,0.0,0.0,0.0,0.0,0.6,0,5,57747,Greedy-SLA,Fixed-UCB-1sigma-Shield,5
4,4,5,0.0,0.0,0.7777951,0.7777951,0.9999999999987144,0.0,0.0,0.0,0.0,0.6,0,5,57747,Greedy-SLA,Fixed-UCB-1.64sigma-Shield,5
0,2,5,1.0,0.0,0.76278657,0.6677499,0.875408569397236,1.0,21.0,0.0,0.0,0.6,0,5,57747,DT-Top1,Full-CertiTwin-q90,5
0,4,5,1.0,0.0,0.76278657,0.7777951,1.0196759232388952,1.0,57.0,0.0,0.0,0.6,0,5,57747,DT-Top1,SLA-Rule-Shield,5
0,2,5,1.0,0.0,0.76278657,0.6677499,0.875408569397236,1.0,21.0,0.0,0.0,0.6,0,5,57747,DT-Top1,Fixed-UCB-1sigma-Shield,5
0,2,5,1.0,0.0,0.76278657,0.6677499,0.875408569397236,1.0,21.0,0.0,0.0,0.6,0,5,57747,DT-Top1,Fixed-UCB-1.64sigma-Shield,5
2,2,5,0.0,0.0,0.6780778,0.6780778,0.9999999999985252,0.0,0.0,0.0,0.0,0.6,0,5,2876,PF,Full-CertiTwin-q90,5
2,2,5,0.0,0.0,0.6780778,0.6780778,0.9999999999985252,0.0,0.0,0.0,0.0,0.6,0,5,2876,PF,SLA-Rule-Shield,5
2,2,5,0.0,0.0,0.6780778,0.6780778,0.9999999999985252,0.0,0.0,0.0,0.0,0.6,0,5,2876,PF,Fixed-UCB-1sigma-Shield,5
2,2,5,0.0,0.0,0.6780778,0.6780778,0.9999999999985252,0.0,0.0,0.0,0.0,0.6,0,5,2876,PF,Fixed-UCB-1.64sigma-Shield,5
4,4,5,0.0,0.0,0.76313806,0.76313806,0.9999999999986896,0.0,0.0,0.0,0.0,0.6,0,5,2876,Greedy-SLA,Full-CertiTwin-q90,5
4,4,5,0.0,0.0,0.76313806,0.76313806,0.9999999999986896,0.0,0.0,0.0,0.0,0.6,0,5,2876,Greedy-SLA,SLA-Rule-Shield,5
4,4,5,0.0,0.0,0.76313806,0.76313806,0.9999999999986896,0.0,0.0,0.0,0.0,0.6,0,5,2876,Greedy-SLA,Fixed-UCB-1sigma-Shield,5
4,4,5,0.0,0.0,0.76313806,0.76313806,0.9999999999986896,0.0,0.0,0.0,0.0,0.6,0,5,2876,Greedy-SLA,Fixed-UCB-1.64sigma-Shield,5
0,2,5,1.0,0.0,0.76278657,0.6780778,0.8889482676643231,1.0,21.0,0.0,0.0,0.6,0,5,2876,DT-Top1,Full-CertiTwin-q90,5
0,4,5,1.0,0.0,0.76278657,0.76313806,1.000460797309265,1.0,57.0,0.0,0.0,0.6,0,5,2876,DT-Top1,SLA-Rule-Shield,5
0,2,5,1.0,0.0,0.76278657,0.6780778,0.8889482676643231,1.0,21.0,0.0,0.0,0.6,0,5,2876,DT-Top1,Fixed-UCB-1sigma-Shield,5
0,2,5,1.0,0.0,0.76278657,0.6780778,0.8889482676643231,1.0,21.0,0.0,0.0,0.6,0,5,2876,DT-Top1,Fixed-UCB-1.64sigma-Shield,5
2,2,5,0.0,0.0,0.6677499,0.6677499,0.9999999999985024,0.0,0.0,0.0,0.0,0.6,0,5,19288,PF,Full-CertiTwin-q90,5
2,2,5,0.0,0.0,0.6677499,0.6677499,0.9999999999985024,0.0,0.0,0.0,0.0,0.6,0,5,19288,PF,SLA-Rule-Shield,5
2,2,5,0.0,0.0,0.6677499,0.6677499,0.9999999999985024,0.0,0.0,0.0,0.0,0.6,0,5,19288,PF,Fixed-UCB-1sigma-Shield,5
2,2,5,0.0,0.0,0.6677499,0.6677499,0.9999999999985024,0.0,0.0,0.0,0.0,0.6,0,5,19288,PF,Fixed-UCB-1.64sigma-Shield,5
4,4,5,0.0,0.0,0.7526786,0.7526786,0.9999999999986714,0.0,0.0,0.0,0.0,0.6,0,5,19288,Greedy-SLA,Full-CertiTwin-q90,5
4,4,5,0.0,0.0,0.7526786,0.7526786,0.9999999999986714,0.0,0.0,0.0,0.0,0.6,0,5,19288,Greedy-SLA,SLA-Rule-Shield,5
4,4,5,0.0,0.0,0.7526786,0.7526786,0.9999999999986714,0.0,0.0,0.0,0.0,0.6,0,5,19288,Greedy-SLA,Fixed-UCB-1sigma-Shield,5
4,4,5,0.0,0.0,0.7526786,0.7526786,0.9999999999986714,0.0,0.0,0.0,0.0,0.6,0,5,19288,Greedy-SLA,Fixed-UCB-1.64sigma-Shield,5
0,2,5,1.0,0.0,0.76278657,0.6677499,0.875408569397236,1.0,21.0,0.0,0.0,0.6,0,5,19288,DT-Top1,Full-CertiTwin-q90,5
0,4,5,1.0,0.0,0.76278657,0.7526786,0.9867486261576592,1.0,57.0,0.0,0.0,0.6,0,5,19288,DT-Top1,SLA-Rule-Shield,5
0,2,5,1.0,0.0,0.76278657,0.6677499,0.875408569397236,1.0,21.0,0.0,0.0,0.6,0,5,19288,DT-Top1,Fixed-UCB-1sigma-Shield,5
0,2,5,1.0,0.0,0.76278657,0.6677499,0.875408569397236,1.0,21.0,0.0,0.0,0.6,0,5,19288,DT-Top1,Fixed-UCB-1.64sigma-Shield,5
2,2,5,0.0,0.0,0.6677499,0.6677499,0.9999999999985024,0.0,0.0,0.0,0.0,0.6,0,5,23054,PF,Full-CertiTwin-q90,5
2,2,5,0.0,0.0,0.6677499,0.6677499,0.9999999999985024,0.0,0.0,0.0,0.0,0.6,0,5,23054,PF,SLA-Rule-Shield,5
2,2,5,0.0,0.0,0.6677499,0.6677499,0.9999999999985024,0.0,0.0,0.0,0.0,0.6,0,5,23054,PF,Fixed-UCB-1sigma-Shield,5
2,2,5,0.0,0.0,0.6677499,0.6677499,0.9999999999985024,0.0,0.0,0.0,0.0,0.6,0,5,23054,PF,Fixed-UCB-1.64sigma-Shield,5
4,4,5,0.0,0.0,0.7777951,0.7777951,0.9999999999987144,0.0,0.0,0.0,0.0,0.6,0,5,23054,Greedy-SLA,Full-CertiTwin-q90,5
4,4,5,0.0,0.0,0.7777951,0.7777951,0.9999999999987144,0.0,0.0,0.0,0.0,0.6,0,5,23054,Greedy-SLA,SLA-Rule-Shield,5
4,4,5,0.0,0.0,0.7777951,0.7777951,0.9999999999987144,0.0,0.0,0.0,0.0,0.6,0,5,23054,Greedy-SLA,Fixed-UCB-1sigma-Shield,5
4,4,5,0.0,0.0,0.7777951,0.7777951,0.9999999999987144,0.0,0.0,0.0,0.0,0.6,0,5,23054,Greedy-SLA,Fixed-UCB-1.64sigma-Shield,5
0,2,5,1.0,0.0,0.76278657,0.6677499,0.875408569397236,1.0,21.0,0.0,0.0,0.6,0,5,23054,DT-Top1,Full-CertiTwin-q90,5
0,4,5,1.0,0.0,0.76278657,0.7777951,1.0196759232388952,1.0,57.0,0.0,0.0,0.6,0,5,23054,DT-Top1,SLA-Rule-Shield,5
0,2,5,1.0,0.0,0.76278657,0.6677499,0.875408569397236,1.0,21.0,0.0,0.0,0.6,0,5,23054,DT-Top1,Fixed-UCB-1sigma-Shield,5
0,2,5,1.0,0.0,0.76278657,0.6677499,0.875408569397236,1.0,21.0,0.0,0.0,0.6,0,5,23054,DT-Top1,Fixed-UCB-1.64sigma-Shield,5
2,2,5,0.0,0.0,0.6677499,0.6677499,0.9999999999985024,0.0,0.0,0.0,0.0,0.6,0,5,3741,PF,Full-CertiTwin-q90,5
2,2,5,0.0,0.0,0.6677499,0.6677499,0.9999999999985024,0.0,0.0,0.0,0.0,0.6,0,5,3741,PF,SLA-Rule-Shield,5
2,2,5,0.0,0.0,0.6677499,0.6677499,0.9999999999985024,0.0,0.0,0.0,0.0,0.6,0,5,3741,PF,Fixed-UCB-1sigma-Shield,5
2,2,5,0.0,0.0,0.6677499,0.6677499,0.9999999999985024,0.0,0.0,0.0,0.0,0.6,0,5,3741,PF,Fixed-UCB-1.64sigma-Shield,5
4,4,5,0.0,0.0,0.7566483,0.7566483,0.9999999999986784,0.0,0.0,0.0,0.0,0.6,0,5,3741,Greedy-SLA,Full-CertiTwin-q90,5
4,4,5,0.0,0.0,0.7566483,0.7566483,0.9999999999986784,0.0,0.0,0.0,0.0,0.6,0,5,3741,Greedy-SLA,SLA-Rule-Shield,5
4,4,5,0.0,0.0,0.7566483,0.7566483,0.9999999999986784,0.0,0.0,0.0,0.0,0.6,0,5,3741,Greedy-SLA,Fixed-UCB-1sigma-Shield,5
4,4,5,0.0,0.0,0.7566483,0.7566483,0.9999999999986784,0.0,0.0,0.0,0.0,0.6,0,5,3741,Greedy-SLA,Fixed-UCB-1.64sigma-Shield,5
0,2,5,1.0,0.0,0.76278657,0.6677499,0.875408569397236,1.0,21.0,0.0,0.0,0.6,0,5,3741,DT-Top1,Full-CertiTwin-q90,5
0,4,5,1.0,0.0,0.76278657,0.7566483,0.9919528341971308,1.0,57.0,0.0,0.0,0.6,0,5,3741,DT-Top1,SLA-Rule-Shield,5
0,2,5,1.0,0.0,0.76278657,0.6677499,0.875408569397236,1.0,21.0,0.0,0.0,0.6,0,5,3741,DT-Top1,Fixed-UCB-1sigma-Shield,5
0,2,5,1.0,0.0,0.76278657,0.6677499,0.875408569397236,1.0,21.0,0.0,0.0,0.6,0,5,3741,DT-Top1,Fixed-UCB-1.64sigma-Shield,5
2,2,5,0.0,0.0,0.6677499,0.6677499,0.9999999999985024,0.0,0.0,0.0,0.0,0.6,0,5,56934,PF,Full-CertiTwin-q90,5
2,2,5,0.0,0.0,0.6677499,0.6677499,0.9999999999985024,0.0,0.0,0.0,0.0,0.6,0,5,56934,PF,SLA-Rule-Shield,5
2,2,5,0.0,0.0,0.6677499,0.6677499,0.9999999999985024,0.0,0.0,0.0,0.0,0.6,0,5,56934,PF,Fixed-UCB-1sigma-Shield,5
2,2,5,0.0,0.0,0.6677499,0.6677499,0.9999999999985024,0.0,0.0,0.0,0.0,0.6,0,5,56934,PF,Fixed-UCB-1.64sigma-Shield,5
4,4,5,0.0,0.0,0.76313806,0.76313806,0.9999999999986896,0.0,0.0,0.0,0.0,0.6,0,5,56934,Greedy-SLA,Full-CertiTwin-q90,5
4,4,5,0.0,0.0,0.76313806,0.76313806,0.9999999999986896,0.0,0.0,0.0,0.0,0.6,0,5,56934,Greedy-SLA,SLA-Rule-Shield,5
4,4,5,0.0,0.0,0.76313806,0.76313806,0.9999999999986896,0.0,0.0,0.0,0.0,0.6,0,5,56934,Greedy-SLA,Fixed-UCB-1sigma-Shield,5
4,4,5,0.0,0.0,0.76313806,0.76313806,0.9999999999986896,0.0,0.0,0.0,0.0,0.6,0,5,56934,Greedy-SLA,Fixed-UCB-1.64sigma-Shield,5
0,2,5,1.0,0.0,0.76278657,0.6677499,0.875408569397236,1.0,21.0,0.0,0.0,0.6,0,5,56934,DT-Top1,Full-CertiTwin-q90,5
0,4,5,1.0,0.0,0.76278657,0.76313806,1.000460797309265,1.0,57.0,0.0,0.0,0.6,0,5,56934,DT-Top1,SLA-Rule-Shield,5
0,2,5,1.0,0.0,0.76278657,0.6677499,0.875408569397236,1.0,21.0,0.0,0.0,0.6,0,5,56934,DT-Top1,Fixed-UCB-1sigma-Shield,5
0,2,5,1.0,0.0,0.76278657,0.6677499,0.875408569397236,1.0,21.0,0.0,0.0,0.6,0,5,56934,DT-Top1,Fixed-UCB-1.64sigma-Shield,5
2,2,5,0.0,0.0,0.6374081,0.6374081,0.9999999999984313,0.0,0.0,0.0,0.0,0.6,0,5,23439,PF,Full-CertiTwin-q90,5
2,2,5,0.0,0.0,0.6374081,0.6374081,0.9999999999984313,0.0,0.0,0.0,0.0,0.6,0,5,23439,PF,SLA-Rule-Shield,5
2,2,5,0.0,0.0,0.6374081,0.6374081,0.9999999999984313,0.0,0.0,0.0,0.0,0.6,0,5,23439,PF,Fixed-UCB-1sigma-Shield,5
2,2,5,0.0,0.0,0.6374081,0.6374081,0.9999999999984313,0.0,0.0,0.0,0.0,0.6,0,5,23439,PF,Fixed-UCB-1.64sigma-Shield,5
4,4,5,0.0,0.0,0.76313806,0.76313806,0.9999999999986896,0.0,0.0,0.0,0.0,0.6,0,5,23439,Greedy-SLA,Full-CertiTwin-q90,5
4,4,5,0.0,0.0,0.76313806,0.76313806,0.9999999999986896,0.0,0.0,0.0,0.0,0.6,0,5,23439,Greedy-SLA,SLA-Rule-Shield,5
4,4,5,0.0,0.0,0.76313806,0.76313806,0.9999999999986896,0.0,0.0,0.0,0.0,0.6,0,5,23439,Greedy-SLA,Fixed-UCB-1sigma-Shield,5
4,4,5,0.0,0.0,0.76313806,0.76313806,0.9999999999986896,0.0,0.0,0.0,0.0,0.6,0,5,23439,Greedy-SLA,Fixed-UCB-1.64sigma-Shield,5
0,2,5,1.0,0.0,0.76278657,0.6374081,0.8356309943935751,1.0,21.0,0.0,0.0,0.6,0,5,23439,DT-Top1,Full-CertiTwin-q90,5
0,4,5,1.0,0.0,0.76278657,0.76313806,1.000460797309265,1.0,57.0,0.0,0.0,0.6,0,5,23439,DT-Top1,SLA-Rule-Shield,5
0,2,5,1.0,0.0,0.76278657,0.6374081,0.8356309943935751,1.0,21.0,0.0,0.0,0.6,0,5,23439,DT-Top1,Fixed-UCB-1sigma-Shield,5
0,2,5,1.0,0.0,0.76278657,0.6374081,0.8356309943935751,1.0,21.0,0.0,0.0,0.6,0,5,23439,DT-Top1,Fixed-UCB-1.64sigma-Shield,5
2,2,5,0.0,0.0,0.65129316,0.65129316,0.9999999999984648,0.0,0.0,0.0,0.0,0.6,0,5,40763,PF,Full-CertiTwin-q90,5
2,2,5,0.0,0.0,0.65129316,0.65129316,0.9999999999984648,0.0,0.0,0.0,0.0,0.6,0,5,40763,PF,SLA-Rule-Shield,5
2,2,5,0.0,0.0,0.65129316,0.65129316,0.9999999999984648,0.0,0.0,0.0,0.0,0.6,0,5,40763,PF,Fixed-UCB-1sigma-Shield,5
2,2,5,0.0,0.0,0.65129316,0.65129316,0.9999999999984648,0.0,0.0,0.0,0.0,0.6,0,5,40763,PF,Fixed-UCB-1.64sigma-Shield,5
4,4,5,0.0,0.0,0.76313806,0.76313806,0.9999999999986896,0.0,0.0,0.0,0.0,0.6,0,5,40763,Greedy-SLA,Full-CertiTwin-q90,5
4,4,5,0.0,0.0,0.76313806,0.76313806,0.9999999999986896,0.0,0.0,0.0,0.0,0.6,0,5,40763,Greedy-SLA,SLA-Rule-Shield,5
4,4,5,0.0,0.0,0.76313806,0.76313806,0.9999999999986896,0.0,0.0,0.0,0.0,0.6,0,5,40763,Greedy-SLA,Fixed-UCB-1sigma-Shield,5
4,4,5,0.0,0.0,0.76313806,0.76313806,0.9999999999986896,0.0,0.0,0.0,0.0,0.6,0,5,40763,Greedy-SLA,Fixed-UCB-1.64sigma-Shield,5
4,4,5,0.0,0.0,0.76313806,0.76313806,0.9999999999986896,0.0,0.0,0.0,0.0,0.6,0,5,40763,DT-Top1,Full-CertiTwin-q90,5
4,4,5,0.0,0.0,0.76313806,0.76313806,0.9999999999986896,0.0,0.0,0.0,0.0,0.6,0,5,40763,DT-Top1,SLA-Rule-Shield,5
4,4,5,0.0,0.0,0.76313806,0.76313806,0.9999999999986896,0.0,0.0,0.0,0.0,0.6,0,5,40763,DT-Top1,Fixed-UCB-1sigma-Shield,5
4,4,5,0.0,0.0,0.76313806,0.76313806,0.9999999999986896,0.0,0.0,0.0,0.0,0.6,0,5,40763,DT-Top1,Fixed-UCB-1.64sigma-Shield,5
2,2,5,0.0,0.0,0.6677499,0.6677499,0.9999999999985024,0.0,0.0,0.0,0.0,0.6,0,5,14389,PF,Full-CertiTwin-q90,5
2,2,5,0.0,0.0,0.6677499,0.6677499,0.9999999999985024,0.0,0.0,0.0,0.0,0.6,0,5,14389,PF,SLA-Rule-Shield,5
2,2,5,0.0,0.0,0.6677499,0.6677499,0.9999999999985024,0.0,0.0,0.0,0.0,0.6,0,5,14389,PF,Fixed-UCB-1sigma-Shield,5
2,2,5,0.0,0.0,0.6677499,0.6677499,0.9999999999985024,0.0,0.0,0.0,0.0,0.6,0,5,14389,PF,Fixed-UCB-1.64sigma-Shield,5
4,4,5,0.0,0.0,0.76313806,0.76313806,0.9999999999986896,0.0,0.0,0.0,0.0,0.6,0,5,14389,Greedy-SLA,Full-CertiTwin-q90,5
4,4,5,0.0,0.0,0.76313806,0.76313806,0.9999999999986896,0.0,0.0,0.0,0.0,0.6,0,5,14389,Greedy-SLA,SLA-Rule-Shield,5
4,4,5,0.0,0.0,0.76313806,0.76313806,0.9999999999986896,0.0,0.0,0.0,0.0,0.6,0,5,14389,Greedy-SLA,Fixed-UCB-1sigma-Shield,5
4,4,5,0.0,0.0,0.76313806,0.76313806,0.9999999999986896,0.0,0.0,0.0,0.0,0.6,0,5,14389,Greedy-SLA,Fixed-UCB-1.64sigma-Shield,5
4,4,5,0.0,0.0,0.76313806,0.76313806,0.9999999999986896,0.0,0.0,0.0,0.0,0.6,0,5,14389,DT-Top1,Full-CertiTwin-q90,5
4,4,5,0.0,0.0,0.76313806,0.76313806,0.9999999999986896,0.0,0.0,0.0,0.0,0.6,0,5,14389,DT-Top1,SLA-Rule-Shield,5
4,4,5,0.0,0.0,0.76313806,0.76313806,0.9999999999986896,0.0,0.0,0.0,0.0,0.6,0,5,14389,DT-Top1,Fixed-UCB-1sigma-Shield,5
4,4,5,0.0,0.0,0.76313806,0.76313806,0.9999999999986896,0.0,0.0,0.0,0.0,0.6,0,5,14389,DT-Top1,Fixed-UCB-1.64sigma-Shield,5
2,2,5,0.0,0.0,0.6677499,0.6677499,0.9999999999985024,0.0,0.0,0.0,0.0,0.6,0,5,6893,PF,Full-CertiTwin-q90,5
2,2,5,0.0,0.0,0.6677499,0.6677499,0.9999999999985024,0.0,0.0,0.0,0.0,0.6,0,5,6893,PF,SLA-Rule-Shield,5
2,2,5,0.0,0.0,0.6677499,0.6677499,0.9999999999985024,0.0,0.0,0.0,0.0,0.6,0,5,6893,PF,Fixed-UCB-1sigma-Shield,5
2,2,5,0.0,0.0,0.6677499,0.6677499,0.9999999999985024,0.0,0.0,0.0,0.0,0.6,0,5,6893,PF,Fixed-UCB-1.64sigma-Shield,5
4,4,5,0.0,0.0,0.76313806,0.76313806,0.9999999999986896,0.0,0.0,0.0,0.0,0.6,0,5,6893,Greedy-SLA,Full-CertiTwin-q90,5
4,4,5,0.0,0.0,0.76313806,0.76313806,0.9999999999986896,0.0,0.0,0.0,0.0,0.6,0,5,6893,Greedy-SLA,SLA-Rule-Shield,5
4,4,5,0.0,0.0,0.76313806,0.76313806,0.9999999999986896,0.0,0.0,0.0,0.0,0.6,0,5,6893,Greedy-SLA,Fixed-UCB-1sigma-Shield,5
4,4,5,0.0,0.0,0.76313806,0.76313806,0.9999999999986896,0.0,0.0,0.0,0.0,0.6,0,5,6893,Greedy-SLA,Fixed-UCB-1.64sigma-Shield,5
4,4,5,0.0,0.0,0.76313806,0.76313806,0.9999999999986896,0.0,0.0,0.0,0.0,0.6,0,5,6893,DT-Top1,Full-CertiTwin-q90,5
4,4,5,0.0,0.0,0.76313806,0.76313806,0.9999999999986896,0.0,0.0,0.0,0.0,0.6,0,5,6893,DT-Top1,SLA-Rule-Shield,5
4,4,5,0.0,0.0,0.76313806,0.76313806,0.9999999999986896,0.0,0.0,0.0,0.0,0.6,0,5,6893,DT-Top1,Fixed-UCB-1sigma-Shield,5
4,4,5,0.0,0.0,0.76313806,0.76313806,0.9999999999986896,0.0,0.0,0.0,0.0,0.6,0,5,6893,DT-Top1,Fixed-UCB-1.64sigma-Shield,5
2,2,5,0.0,0.0,0.6677499,0.6677499,0.9999999999985024,0.0,0.0,0.0,0.0,0.6,0,5,24044,PF,Full-CertiTwin-q90,5
2,2,5,0.0,0.0,0.6677499,0.6677499,0.9999999999985024,0.0,0.0,0.0,0.0,0.6,0,5,24044,PF,SLA-Rule-Shield,5
2,2,5,0.0,0.0,0.6677499,0.6677499,0.9999999999985024,0.0,0.0,0.0,0.0,0.6,0,5,24044,PF,Fixed-UCB-1sigma-Shield,5
2,2,5,0.0,0.0,0.6677499,0.6677499,0.9999999999985024,0.0,0.0,0.0,0.0,0.6,0,5,24044,PF,Fixed-UCB-1.64sigma-Shield,5
0,2,5,1.0,0.0,0.76278657,0.6677499,0.875408569397236,1.0,21.0,0.0,0.0,0.6,0,5,24044,Greedy-SLA,Full-CertiTwin-q90,5
0,4,5,1.0,0.0,0.76278657,0.76313806,1.000460797309265,1.0,57.0,0.0,0.0,0.6,0,5,24044,Greedy-SLA,SLA-Rule-Shield,5
0,2,5,1.0,0.0,0.76278657,0.6677499,0.875408569397236,1.0,21.0,0.0,0.0,0.6,0,5,24044,Greedy-SLA,Fixed-UCB-1sigma-Shield,5
0,2,5,1.0,0.0,0.76278657,0.6677499,0.875408569397236,1.0,21.0,0.0,0.0,0.6,0,5,24044,Greedy-SLA,Fixed-UCB-1.64sigma-Shield,5
0,2,5,1.0,0.0,0.76278657,0.6677499,0.875408569397236,1.0,21.0,0.0,0.0,0.6,0,5,24044,DT-Top1,Full-CertiTwin-q90,5
0,4,5,1.0,0.0,0.76278657,0.76313806,1.000460797309265,1.0,57.0,0.0,0.0,0.6,0,5,24044,DT-Top1,SLA-Rule-Shield,5
0,2,5,1.0,0.0,0.76278657,0.6677499,0.875408569397236,1.0,21.0,0.0,0.0,0.6,0,5,24044,DT-Top1,Fixed-UCB-1sigma-Shield,5
0,2,5,1.0,0.0,0.76278657,0.6677499,0.875408569397236,1.0,21.0,0.0,0.0,0.6,0,5,24044,DT-Top1,Fixed-UCB-1.64sigma-Shield,5
2,2,5,0.0,0.0,0.6677499,0.6677499,0.9999999999985024,0.0,0.0,0.0,0.0,0.6,0,5,20709,PF,Full-CertiTwin-q90,5
2,2,5,0.0,0.0,0.6677499,0.6677499,0.9999999999985024,0.0,0.0,0.0,0.0,0.6,0,5,20709,PF,SLA-Rule-Shield,5
2,2,5,0.0,0.0,0.6677499,0.6677499,0.9999999999985024,0.0,0.0,0.0,0.0,0.6,0,5,20709,PF,Fixed-UCB-1sigma-Shield,5
2,2,5,0.0,0.0,0.6677499,0.6677499,0.9999999999985024,0.0,0.0,0.0,0.0,0.6,0,5,20709,PF,Fixed-UCB-1.64sigma-Shield,5
4,4,5,0.0,0.0,0.76313806,0.76313806,0.9999999999986896,0.0,0.0,0.0,0.0,0.6,0,5,20709,Greedy-SLA,Full-CertiTwin-q90,5
4,4,5,0.0,0.0,0.76313806,0.76313806,0.9999999999986896,0.0,0.0,0.0,0.0,0.6,0,5,20709,Greedy-SLA,SLA-Rule-Shield,5
4,4,5,0.0,0.0,0.76313806,0.76313806,0.9999999999986896,0.0,0.0,0.0,0.0,0.6,0,5,20709,Greedy-SLA,Fixed-UCB-1sigma-Shield,5
4,4,5,0.0,0.0,0.76313806,0.76313806,0.9999999999986896,0.0,0.0,0.0,0.0,0.6,0,5,20709,Greedy-SLA,Fixed-UCB-1.64sigma-Shield,5
0,2,5,1.0,0.0,0.76278657,0.6677499,0.875408569397236,1.0,21.0,0.0,0.0,0.6,0,5,20709,DT-Top1,Full-CertiTwin-q90,5
0,4,5,1.0,0.0,0.76278657,0.76313806,1.000460797309265,1.0,57.0,0.0,0.0,0.6,0,5,20709,DT-Top1,SLA-Rule-Shield,5
0,2,5,1.0,0.0,0.76278657,0.6677499,0.875408569397236,1.0,21.0,0.0,0.0,0.6,0,5,20709,DT-Top1,Fixed-UCB-1sigma-Shield,5
0,2,5,1.0,0.0,0.76278657,0.6677499,0.875408569397236,1.0,21.0,0.0,0.0,0.6,0,5,20709,DT-Top1,Fixed-UCB-1.64sigma-Shield,5
2,2,5,0.0,0.0,0.6677499,0.6677499,0.9999999999985024,0.0,0.0,0.0,0.0,0.6,0,5,49407,PF,Full-CertiTwin-q90,5
2,2,5,0.0,0.0,0.6677499,0.6677499,0.9999999999985024,0.0,0.0,0.0,0.0,0.6,0,5,49407,PF,SLA-Rule-Shield,5
2,2,5,0.0,0.0,0.6677499,0.6677499,0.9999999999985024,0.0,0.0,0.0,0.0,0.6,0,5,49407,PF,Fixed-UCB-1sigma-Shield,5
2,2,5,0.0,0.0,0.6677499,0.6677499,0.9999999999985024,0.0,0.0,0.0,0.0,0.6,0,5,49407,PF,Fixed-UCB-1.64sigma-Shield,5
4,4,5,0.0,0.0,0.76313806,0.76313806,0.9999999999986896,0.0,0.0,0.0,0.0,0.6,0,5,49407,Greedy-SLA,Full-CertiTwin-q90,5
4,4,5,0.0,0.0,0.76313806,0.76313806,0.9999999999986896,0.0,0.0,0.0,0.0,0.6,0,5,49407,Greedy-SLA,SLA-Rule-Shield,5
4,4,5,0.0,0.0,0.76313806,0.76313806,0.9999999999986896,0.0,0.0,0.0,0.0,0.6,0,5,49407,Greedy-SLA,Fixed-UCB-1sigma-Shield,5
4,4,5,0.0,0.0,0.76313806,0.76313806,0.9999999999986896,0.0,0.0,0.0,0.0,0.6,0,5,49407,Greedy-SLA,Fixed-UCB-1.64sigma-Shield,5
0,2,5,1.0,0.0,0.77741534,0.6677499,0.8589358424534574,1.0,21.0,0.0,0.0,0.6,0,5,49407,DT-Top1,Full-CertiTwin-q90,5
0,4,5,1.0,0.0,0.77741534,0.76313806,0.981634939180668,1.0,57.0,0.0,0.0,0.6,0,5,49407,DT-Top1,SLA-Rule-Shield,5
0,2,5,1.0,0.0,0.77741534,0.6677499,0.8589358424534574,1.0,21.0,0.0,0.0,0.6,0,5,49407,DT-Top1,Fixed-UCB-1sigma-Shield,5
0,2,5,1.0,0.0,0.77741534,0.6677499,0.8589358424534574,1.0,21.0,0.0,0.0,0.6,0,5,49407,DT-Top1,Fixed-UCB-1.64sigma-Shield,5
2,2,5,0.0,0.0,0.6677499,0.6677499,0.9999999999985024,0.0,0.0,0.0,0.0,0.6,0,5,14378,PF,Full-CertiTwin-q90,5
2,2,5,0.0,0.0,0.6677499,0.6677499,0.9999999999985024,0.0,0.0,0.0,0.0,0.6,0,5,14378,PF,SLA-Rule-Shield,5
2,2,5,0.0,0.0,0.6677499,0.6677499,0.9999999999985024,0.0,0.0,0.0,0.0,0.6,0,5,14378,PF,Fixed-UCB-1sigma-Shield,5
2,2,5,0.0,0.0,0.6677499,0.6677499,0.9999999999985024,0.0,0.0,0.0,0.0,0.6,0,5,14378,PF,Fixed-UCB-1.64sigma-Shield,5
4,4,5,0.0,0.0,0.76313806,0.76313806,0.9999999999986896,0.0,0.0,0.0,0.0,0.6,0,5,14378,Greedy-SLA,Full-CertiTwin-q90,5
4,4,5,0.0,0.0,0.76313806,0.76313806,0.9999999999986896,0.0,0.0,0.0,0.0,0.6,0,5,14378,Greedy-SLA,SLA-Rule-Shield,5
4,4,5,0.0,0.0,0.76313806,0.76313806,0.9999999999986896,0.0,0.0,0.0,0.0,0.6,0,5,14378,Greedy-SLA,Fixed-UCB-1sigma-Shield,5
4,4,5,0.0,0.0,0.76313806,0.76313806,0.9999999999986896,0.0,0.0,0.0,0.0,0.6,0,5,14378,Greedy-SLA,Fixed-UCB-1.64sigma-Shield,5
0,2,5,1.0,0.0,0.76278657,0.6677499,0.875408569397236,1.0,21.0,0.0,0.0,0.6,0,5,14378,DT-Top1,Full-CertiTwin-q90,5
0,4,5,1.0,0.0,0.76278657,0.76313806,1.000460797309265,1.0,57.0,0.0,0.0,0.6,0,5,14378,DT-Top1,SLA-Rule-Shield,5
0,2,5,1.0,0.0,0.76278657,0.6677499,0.875408569397236,1.0,21.0,0.0,0.0,0.6,0,5,14378,DT-Top1,Fixed-UCB-1sigma-Shield,5
0,2,5,1.0,0.0,0.76278657,0.6677499,0.875408569397236,1.0,21.0,0.0,0.0,0.6,0,5,14378,DT-Top1,Fixed-UCB-1.64sigma-Shield,5
2,2,5,0.0,0.0,0.6677499,0.6677499,0.9999999999985024,0.0,0.0,0.0,0.0,0.6,0,5,12671,PF,Full-CertiTwin-q90,5
2,2,5,0.0,0.0,0.6677499,0.6677499,0.9999999999985024,0.0,0.0,0.0,0.0,0.6,0,5,12671,PF,SLA-Rule-Shield,5
2,2,5,0.0,0.0,0.6677499,0.6677499,0.9999999999985024,0.0,0.0,0.0,0.0,0.6,0,5,12671,PF,Fixed-UCB-1sigma-Shield,5
2,2,5,0.0,0.0,0.6677499,0.6677499,0.9999999999985024,0.0,0.0,0.0,0.0,0.6,0,5,12671,PF,Fixed-UCB-1.64sigma-Shield,5
4,4,5,0.0,0.0,0.7526786,0.7526786,0.9999999999986714,0.0,0.0,0.0,0.0,0.6,0,5,12671,Greedy-SLA,Full-CertiTwin-q90,5
4,4,5,0.0,0.0,0.7526786,0.7526786,0.9999999999986714,0.0,0.0,0.0,0.0,0.6,0,5,12671,Greedy-SLA,SLA-Rule-Shield,5
4,4,5,0.0,0.0,0.7526786,0.7526786,0.9999999999986714,0.0,0.0,0.0,0.0,0.6,0,5,12671,Greedy-SLA,Fixed-UCB-1sigma-Shield,5
4,4,5,0.0,0.0,0.7526786,0.7526786,0.9999999999986714,0.0,0.0,0.0,0.0,0.6,0,5,12671,Greedy-SLA,Fixed-UCB-1.64sigma-Shield,5
0,2,5,1.0,0.0,0.76278657,0.6677499,0.875408569397236,1.0,21.0,0.0,0.0,0.6,0,5,12671,DT-Top1,Full-CertiTwin-q90,5
0,4,5,1.0,0.0,0.76278657,0.7526786,0.9867486261576592,1.0,57.0,0.0,0.0,0.6,0,5,12671,DT-Top1,SLA-Rule-Shield,5
0,2,5,1.0,0.0,0.76278657,0.6677499,0.875408569397236,1.0,21.0,0.0,0.0,0.6,0,5,12671,DT-Top1,Fixed-UCB-1sigma-Shield,5
0,2,5,1.0,0.0,0.76278657,0.6677499,0.875408569397236,1.0,21.0,0.0,0.0,0.6,0,5,12671,DT-Top1,Fixed-UCB-1.64sigma-Shield,5
2,2,5,0.0,0.0,0.6677499,0.6677499,0.9999999999985024,0.0,0.0,0.0,0.0,0.6,0,5,12615,PF,Full-CertiTwin-q90,5
2,2,5,0.0,0.0,0.6677499,0.6677499,0.9999999999985024,0.0,0.0,0.0,0.0,0.6,0,5,12615,PF,SLA-Rule-Shield,5
2,2,5,0.0,0.0,0.6677499,0.6677499,0.9999999999985024,0.0,0.0,0.0,0.0,0.6,0,5,12615,PF,Fixed-UCB-1sigma-Shield,5
2,2,5,0.0,0.0,0.6677499,0.6677499,0.9999999999985024,0.0,0.0,0.0,0.0,0.6,0,5,12615,PF,Fixed-UCB-1.64sigma-Shield,5
4,4,5,0.0,0.0,0.76313806,0.76313806,0.9999999999986896,0.0,0.0,0.0,0.0,0.6,0,5,12615,Greedy-SLA,Full-CertiTwin-q90,5
4,4,5,0.0,0.0,0.76313806,0.76313806,0.9999999999986896,0.0,0.0,0.0,0.0,0.6,0,5,12615,Greedy-SLA,SLA-Rule-Shield,5
4,4,5,0.0,0.0,0.76313806,0.76313806,0.9999999999986896,0.0,0.0,0.0,0.0,0.6,0,5,12615,Greedy-SLA,Fixed-UCB-1sigma-Shield,5
4,4,5,0.0,0.0,0.76313806,0.76313806,0.9999999999986896,0.0,0.0,0.0,0.0,0.6,0,5,12615,Greedy-SLA,Fixed-UCB-1.64sigma-Shield,5
0,2,5,1.0,0.0,0.7864371,0.6677499,0.8490823995957858,1.0,21.0,0.0,0.0,0.6,0,5,12615,DT-Top1,Full-CertiTwin-q90,5
0,4,5,1.0,0.0,0.7864371,0.76313806,0.970373930730162,1.0,57.0,0.0,0.0,0.6,0,5,12615,DT-Top1,SLA-Rule-Shield,5
0,2,5,1.0,0.0,0.7864371,0.6677499,0.8490823995957858,1.0,21.0,0.0,0.0,0.6,0,5,12615,DT-Top1,Fixed-UCB-1sigma-Shield,5
0,2,5,1.0,0.0,0.7864371,0.6677499,0.8490823995957858,1.0,21.0,0.0,0.0,0.6,0,5,12615,DT-Top1,Fixed-UCB-1.64sigma-Shield,5
2,2,5,0.0,0.0,0.6677499,0.6677499,0.9999999999985024,0.0,0.0,0.0,0.0,0.6,0,5,11169,PF,Full-CertiTwin-q90,5
2,2,5,0.0,0.0,0.6677499,0.6677499,0.9999999999985024,0.0,0.0,0.0,0.0,0.6,0,5,11169,PF,SLA-Rule-Shield,5
2,2,5,0.0,0.0,0.6677499,0.6677499,0.9999999999985024,0.0,0.0,0.0,0.0,0.6,0,5,11169,PF,Fixed-UCB-1sigma-Shield,5
2,2,5,0.0,0.0,0.6677499,0.6677499,0.9999999999985024,0.0,0.0,0.0,0.0,0.6,0,5,11169,PF,Fixed-UCB-1.64sigma-Shield,5
4,4,5,0.0,0.0,0.76313806,0.76313806,0.9999999999986896,0.0,0.0,0.0,0.0,0.6,0,5,11169,Greedy-SLA,Full-CertiTwin-q90,5
4,4,5,0.0,0.0,0.76313806,0.76313806,0.9999999999986896,0.0,0.0,0.0,0.0,0.6,0,5,11169,Greedy-SLA,SLA-Rule-Shield,5
4,4,5,0.0,0.0,0.76313806,0.76313806,0.9999999999986896,0.0,0.0,0.0,0.0,0.6,0,5,11169,Greedy-SLA,Fixed-UCB-1sigma-Shield,5
4,4,5,0.0,0.0,0.76313806,0.76313806,0.9999999999986896,0.0,0.0,0.0,0.0,0.6,0,5,11169,Greedy-SLA,Fixed-UCB-1.64sigma-Shield,5
4,4,5,0.0,0.0,0.76313806,0.76313806,0.9999999999986896,0.0,0.0,0.0,0.0,0.6,0,5,11169,DT-Top1,Full-CertiTwin-q90,5
4,4,5,0.0,0.0,0.76313806,0.76313806,0.9999999999986896,0.0,0.0,0.0,0.0,0.6,0,5,11169,DT-Top1,SLA-Rule-Shield,5
4,4,5,0.0,0.0,0.76313806,0.76313806,0.9999999999986896,0.0,0.0,0.0,0.0,0.6,0,5,11169,DT-Top1,Fixed-UCB-1sigma-Shield,5
4,4,5,0.0,0.0,0.76313806,0.76313806,0.9999999999986896,0.0,0.0,0.0,0.0,0.6,0,5,11169,DT-Top1,Fixed-UCB-1.64sigma-Shield,5
2,2,5,0.0,0.0,0.6677499,0.6677499,0.9999999999985024,0.0,0.0,0.0,0.0,0.6,0,5,95,PF,Full-CertiTwin-q90,5
2,2,5,0.0,0.0,0.6677499,0.6677499,0.9999999999985024,0.0,0.0,0.0,0.0,0.6,0,5,95,PF,SLA-Rule-Shield,5
2,2,5,0.0,0.0,0.6677499,0.6677499,0.9999999999985024,0.0,0.0,0.0,0.0,0.6,0,5,95,PF,Fixed-UCB-1sigma-Shield,5
2,2,5,0.0,0.0,0.6677499,0.6677499,0.9999999999985024,0.0,0.0,0.0,0.0,0.6,0,5,95,PF,Fixed-UCB-1.64sigma-Shield,5
0,2,5,1.0,0.0,0.76278657,0.6677499,0.875408569397236,1.0,21.0,0.0,0.0,0.6,0,5,95,Greedy-SLA,Full-CertiTwin-q90,5
0,4,5,1.0,0.0,0.76278657,0.7777951,1.0196759232388952,1.0,57.0,0.0,0.0,0.6,0,5,95,Greedy-SLA,SLA-Rule-Shield,5
0,2,5,1.0,0.0,0.76278657,0.6677499,0.875408569397236,1.0,21.0,0.0,0.0,0.6,0,5,95,Greedy-SLA,Fixed-UCB-1sigma-Shield,5
0,2,5,1.0,0.0,0.76278657,0.6677499,0.875408569397236,1.0,21.0,0.0,0.0,0.6,0,5,95,Greedy-SLA,Fixed-UCB-1.64sigma-Shield,5
0,2,5,1.0,0.0,0.76278657,0.6677499,0.875408569397236,1.0,21.0,0.0,0.0,0.6,0,5,95,DT-Top1,Full-CertiTwin-q90,5
0,4,5,1.0,0.0,0.76278657,0.7777951,1.0196759232388952,1.0,57.0,0.0,0.0,0.6,0,5,95,DT-Top1,SLA-Rule-Shield,5
0,2,5,1.0,0.0,0.76278657,0.6677499,0.875408569397236,1.0,21.0,0.0,0.0,0.6,0,5,95,DT-Top1,Fixed-UCB-1sigma-Shield,5
0,2,5,1.0,0.0,0.76278657,0.6677499,0.875408569397236,1.0,21.0,0.0,0.0,0.6,0,5,95,DT-Top1,Fixed-UCB-1.64sigma-Shield,5
2,2,5,0.0,0.0,0.6677499,0.6677499,0.9999999999985024,0.0,0.0,0.0,0.0,0.6,0,5,976,PF,Full-CertiTwin-q90,5
2,2,5,0.0,0.0,0.6677499,0.6677499,0.9999999999985024,0.0,0.0,0.0,0.0,0.6,0,5,976,PF,SLA-Rule-Shield,5
2,2,5,0.0,0.0,0.6677499,0.6677499,0.9999999999985024,0.0,0.0,0.0,0.0,0.6,0,5,976,PF,Fixed-UCB-1sigma-Shield,5
2,2,5,0.0,0.0,0.6677499,0.6677499,0.9999999999985024,0.0,0.0,0.0,0.0,0.6,0,5,976,PF,Fixed-UCB-1.64sigma-Shield,5
4,4,5,0.0,0.0,0.7777951,0.7777951,0.9999999999987144,0.0,0.0,0.0,0.0,0.6,0,5,976,Greedy-SLA,Full-CertiTwin-q90,5
4,4,5,0.0,0.0,0.7777951,0.7777951,0.9999999999987144,0.0,0.0,0.0,0.0,0.6,0,5,976,Greedy-SLA,SLA-Rule-Shield,5
4,4,5,0.0,0.0,0.7777951,0.7777951,0.9999999999987144,0.0,0.0,0.0,0.0,0.6,0,5,976,Greedy-SLA,Fixed-UCB-1sigma-Shield,5
4,4,5,0.0,0.0,0.7777951,0.7777951,0.9999999999987144,0.0,0.0,0.0,0.0,0.6,0,5,976,Greedy-SLA,Fixed-UCB-1.64sigma-Shield,5
0,2,5,1.0,0.0,0.76278657,0.6677499,0.875408569397236,1.0,21.0,0.0,0.0,0.6,0,5,976,DT-Top1,Full-CertiTwin-q90,5
0,4,5,1.0,0.0,0.76278657,0.7777951,1.0196759232388952,1.0,57.0,0.0,0.0,0.6,0,5,976,DT-Top1,SLA-Rule-Shield,5
0,2,5,1.0,0.0,0.76278657,0.6677499,0.875408569397236,1.0,21.0,0.0,0.0,0.6,0,5,976,DT-Top1,Fixed-UCB-1sigma-Shield,5
0,2,5,1.0,0.0,0.76278657,0.6677499,0.875408569397236,1.0,21.0,0.0,0.0,0.6,0,5,976,DT-Top1,Fixed-UCB-1.64sigma-Shield,5
2,2,5,0.0,0.0,0.6677499,0.6677499,0.9999999999985024,0.0,0.0,0.0,0.0,0.6,0,5,54755,PF,Full-CertiTwin-q90,5
2,2,5,0.0,0.0,0.6677499,0.6677499,0.9999999999985024,0.0,0.0,0.0,0.0,0.6,0,5,54755,PF,SLA-Rule-Shield,5
2,2,5,0.0,0.0,0.6677499,0.6677499,0.9999999999985024,0.0,0.0,0.0,0.0,0.6,0,5,54755,PF,Fixed-UCB-1sigma-Shield,5
2,2,5,0.0,0.0,0.6677499,0.6677499,0.9999999999985024,0.0,0.0,0.0,0.0,0.6,0,5,54755,PF,Fixed-UCB-1.64sigma-Shield,5
4,4,5,0.0,0.0,0.76313806,0.76313806,0.9999999999986896,0.0,0.0,0.0,0.0,0.6,0,5,54755,Greedy-SLA,Full-CertiTwin-q90,5
4,4,5,0.0,0.0,0.76313806,0.76313806,0.9999999999986896,0.0,0.0,0.0,0.0,0.6,0,5,54755,Greedy-SLA,SLA-Rule-Shield,5
4,4,5,0.0,0.0,0.76313806,0.76313806,0.9999999999986896,0.0,0.0,0.0,0.0,0.6,0,5,54755,Greedy-SLA,Fixed-UCB-1sigma-Shield,5
4,4,5,0.0,0.0,0.76313806,0.76313806,0.9999999999986896,0.0,0.0,0.0,0.0,0.6,0,5,54755,Greedy-SLA,Fixed-UCB-1.64sigma-Shield,5
0,2,5,1.0,0.0,0.76278657,0.6677499,0.875408569397236,1.0,21.0,0.0,0.0,0.6,0,5,54755,DT-Top1,Full-CertiTwin-q90,5
0,4,5,1.0,0.0,0.76278657,0.76313806,1.000460797309265,1.0,57.0,0.0,0.0,0.6,0,5,54755,DT-Top1,SLA-Rule-Shield,5
0,2,5,1.0,0.0,0.76278657,0.6677499,0.875408569397236,1.0,21.0,0.0,0.0,0.6,0,5,54755,DT-Top1,Fixed-UCB-1sigma-Shield,5
0,2,5,1.0,0.0,0.76278657,0.6677499,0.875408569397236,1.0,21.0,0.0,0.0,0.6,0,5,54755,DT-Top1,Fixed-UCB-1.64sigma-Shield,5
2,2,5,0.0,0.0,0.6677499,0.6677499,0.9999999999985024,0.0,0.0,0.0,0.0,0.6,0,5,31372,PF,Full-CertiTwin-q90,5
2,2,5,0.0,0.0,0.6677499,0.6677499,0.9999999999985024,0.0,0.0,0.0,0.0,0.6,0,5,31372,PF,SLA-Rule-Shield,5
2,2,5,0.0,0.0,0.6677499,0.6677499,0.9999999999985024,0.0,0.0,0.0,0.0,0.6,0,5,31372,PF,Fixed-UCB-1sigma-Shield,5
2,2,5,0.0,0.0,0.6677499,0.6677499,0.9999999999985024,0.0,0.0,0.0,0.0,0.6,0,5,31372,PF,Fixed-UCB-1.64sigma-Shield,5
4,4,5,0.0,0.0,0.76313806,0.76313806,0.9999999999986896,0.0,0.0,0.0,0.0,0.6,0,5,31372,Greedy-SLA,Full-CertiTwin-q90,5
4,4,5,0.0,0.0,0.76313806,0.76313806,0.9999999999986896,0.0,0.0,0.0,0.0,0.6,0,5,31372,Greedy-SLA,SLA-Rule-Shield,5
4,4,5,0.0,0.0,0.76313806,0.76313806,0.9999999999986896,0.0,0.0,0.0,0.0,0.6,0,5,31372,Greedy-SLA,Fixed-UCB-1sigma-Shield,5
4,4,5,0.0,0.0,0.76313806,0.76313806,0.9999999999986896,0.0,0.0,0.0,0.0,0.6,0,5,31372,Greedy-SLA,Fixed-UCB-1.64sigma-Shield,5
0,2,5,1.0,0.0,0.77741534,0.6677499,0.8589358424534574,1.0,21.0,0.0,0.0,0.6,0,5,31372,DT-Top1,Full-CertiTwin-q90,5
0,4,5,1.0,0.0,0.77741534,0.76313806,0.981634939180668,1.0,57.0,0.0,0.0,0.6,0,5,31372,DT-Top1,SLA-Rule-Shield,5
0,2,5,1.0,0.0,0.77741534,0.6677499,0.8589358424534574,1.0,21.0,0.0,0.0,0.6,0,5,31372,DT-Top1,Fixed-UCB-1sigma-Shield,5
0,2,5,1.0,0.0,0.77741534,0.6677499,0.8589358424534574,1.0,21.0,0.0,0.0,0.6,0,5,31372,DT-Top1,Fixed-UCB-1.64sigma-Shield,5
2,2,5,0.0,0.0,0.6677499,0.6677499,0.9999999999985024,0.0,0.0,0.0,0.0,0.6,0,5,14797,PF,Full-CertiTwin-q90,5
2,2,5,0.0,0.0,0.6677499,0.6677499,0.9999999999985024,0.0,0.0,0.0,0.0,0.6,0,5,14797,PF,SLA-Rule-Shield,5
2,2,5,0.0,0.0,0.6677499,0.6677499,0.9999999999985024,0.0,0.0,0.0,0.0,0.6,0,5,14797,PF,Fixed-UCB-1sigma-Shield,5
2,2,5,0.0,0.0,0.6677499,0.6677499,0.9999999999985024,0.0,0.0,0.0,0.0,0.6,0,5,14797,PF,Fixed-UCB-1.64sigma-Shield,5
4,4,5,0.0,0.0,0.76313806,0.76313806,0.9999999999986896,0.0,0.0,0.0,0.0,0.6,0,5,14797,Greedy-SLA,Full-CertiTwin-q90,5
4,4,5,0.0,0.0,0.76313806,0.76313806,0.9999999999986896,0.0,0.0,0.0,0.0,0.6,0,5,14797,Greedy-SLA,SLA-Rule-Shield,5
4,4,5,0.0,0.0,0.76313806,0.76313806,0.9999999999986896,0.0,0.0,0.0,0.0,0.6,0,5,14797,Greedy-SLA,Fixed-UCB-1sigma-Shield,5
4,4,5,0.0,0.0,0.76313806,0.76313806,0.9999999999986896,0.0,0.0,0.0,0.0,0.6,0,5,14797,Greedy-SLA,Fixed-UCB-1.64sigma-Shield,5
0,2,5,1.0,0.0,0.76278657,0.6677499,0.875408569397236,1.0,21.0,0.0,0.0,0.6,0,5,14797,DT-Top1,Full-CertiTwin-q90,5
0,4,5,1.0,0.0,0.76278657,0.76313806,1.000460797309265,1.0,57.0,0.0,0.0,0.6,0,5,14797,DT-Top1,SLA-Rule-Shield,5
0,2,5,1.0,0.0,0.76278657,0.6677499,0.875408569397236,1.0,21.0,0.0,0.0,0.6,0,5,14797,DT-Top1,Fixed-UCB-1sigma-Shield,5
0,2,5,1.0,0.0,0.76278657,0.6677499,0.875408569397236,1.0,21.0,0.0,0.0,0.6,0,5,14797,DT-Top1,Fixed-UCB-1.64sigma-Shield,5
2,2,5,0.0,0.0,0.6677499,0.6677499,0.9999999999985024,0.0,0.0,0.0,0.0,0.6,0,5,1182,PF,Full-CertiTwin-q90,5
2,2,5,0.0,0.0,0.6677499,0.6677499,0.9999999999985024,0.0,0.0,0.0,0.0,0.6,0,5,1182,PF,SLA-Rule-Shield,5
2,2,5,0.0,0.0,0.6677499,0.6677499,0.9999999999985024,0.0,0.0,0.0,0.0,0.6,0,5,1182,PF,Fixed-UCB-1sigma-Shield,5
2,2,5,0.0,0.0,0.6677499,0.6677499,0.9999999999985024,0.0,0.0,0.0,0.0,0.6,0,5,1182,PF,Fixed-UCB-1.64sigma-Shield,5
0,2,5,1.0,0.0,0.76278657,0.6677499,0.875408569397236,1.0,21.0,0.0,0.0,0.6,0,5,1182,Greedy-SLA,Full-CertiTwin-q90,5
0,4,5,1.0,0.0,0.76278657,0.76313806,1.000460797309265,1.0,57.0,0.0,0.0,0.6,0,5,1182,Greedy-SLA,SLA-Rule-Shield,5
0,2,5,1.0,0.0,0.76278657,0.6677499,0.875408569397236,1.0,21.0,0.0,0.0,0.6,0,5,1182,Greedy-SLA,Fixed-UCB-1sigma-Shield,5
0,2,5,1.0,0.0,0.76278657,0.6677499,0.875408569397236,1.0,21.0,0.0,0.0,0.6,0,5,1182,Greedy-SLA,Fixed-UCB-1.64sigma-Shield,5
0,2,5,1.0,0.0,0.76278657,0.6677499,0.875408569397236,1.0,21.0,0.0,0.0,0.6,0,5,1182,DT-Top1,Full-CertiTwin-q90,5
0,4,5,1.0,0.0,0.76278657,0.76313806,1.000460797309265,1.0,57.0,0.0,0.0,0.6,0,5,1182,DT-Top1,SLA-Rule-Shield,5
0,2,5,1.0,0.0,0.76278657,0.6677499,0.875408569397236,1.0,21.0,0.0,0.0,0.6,0,5,1182,DT-Top1,Fixed-UCB-1sigma-Shield,5
0,2,5,1.0,0.0,0.76278657,0.6677499,0.875408569397236,1.0,21.0,0.0,0.0,0.6,0,5,1182,DT-Top1,Fixed-UCB-1.64sigma-Shield,5
2,2,5,0.0,0.0,0.6677499,0.6677499,0.9999999999985024,0.0,0.0,0.0,0.0,0.6,0,5,1207,PF,Full-CertiTwin-q90,5
2,2,5,0.0,0.0,0.6677499,0.6677499,0.9999999999985024,0.0,0.0,0.0,0.0,0.6,0,5,1207,PF,SLA-Rule-Shield,5
2,2,5,0.0,0.0,0.6677499,0.6677499,0.9999999999985024,0.0,0.0,0.0,0.0,0.6,0,5,1207,PF,Fixed-UCB-1sigma-Shield,5
2,2,5,0.0,0.0,0.6677499,0.6677499,0.9999999999985024,0.0,0.0,0.0,0.0,0.6,0,5,1207,PF,Fixed-UCB-1.64sigma-Shield,5
0,2,5,1.0,0.0,0.76278657,0.6677499,0.875408569397236,1.0,21.0,0.0,0.0,0.6,0,5,1207,Greedy-SLA,Full-CertiTwin-q90,5
0,4,5,1.0,0.0,0.76278657,0.78614604,1.0306238611397804,1.0,57.0,0.0,0.0,0.6,0,5,1207,Greedy-SLA,SLA-Rule-Shield,5
0,2,5,1.0,0.0,0.76278657,0.6677499,0.875408569397236,1.0,21.0,0.0,0.0,0.6,0,5,1207,Greedy-SLA,Fixed-UCB-1sigma-Shield,5
0,2,5,1.0,0.0,0.76278657,0.6677499,0.875408569397236,1.0,21.0,0.0,0.0,0.6,0,5,1207,Greedy-SLA,Fixed-UCB-1.64sigma-Shield,5
0,2,5,1.0,0.0,0.76278657,0.6677499,0.875408569397236,1.0,21.0,0.0,0.0,0.6,0,5,1207,DT-Top1,Full-CertiTwin-q90,5
0,4,5,1.0,0.0,0.76278657,0.78614604,1.0306238611397804,1.0,57.0,0.0,0.0,0.6,0,5,1207,DT-Top1,SLA-Rule-Shield,5
0,2,5,1.0,0.0,0.76278657,0.6677499,0.875408569397236,1.0,21.0,0.0,0.0,0.6,0,5,1207,DT-Top1,Fixed-UCB-1sigma-Shield,5
0,2,5,1.0,0.0,0.76278657,0.6677499,0.875408569397236,1.0,21.0,0.0,0.0,0.6,0,5,1207,DT-Top1,Fixed-UCB-1.64sigma-Shield,5
2,2,5,0.0,0.0,0.65129316,0.65129316,0.9999999999984648,0.0,0.0,0.0,0.0,0.6,0,5,59260,PF,Full-CertiTwin-q90,5
2,2,5,0.0,0.0,0.65129316,0.65129316,0.9999999999984648,0.0,0.0,0.0,0.0,0.6,0,5,59260,PF,SLA-Rule-Shield,5
2,2,5,0.0,0.0,0.65129316,0.65129316,0.9999999999984648,0.0,0.0,0.0,0.0,0.6,0,5,59260,PF,Fixed-UCB-1sigma-Shield,5
2,2,5,0.0,0.0,0.65129316,0.65129316,0.9999999999984648,0.0,0.0,0.0,0.0,0.6,0,5,59260,PF,Fixed-UCB-1.64sigma-Shield,5
4,4,5,0.0,0.0,0.76313806,0.76313806,0.9999999999986896,0.0,0.0,0.0,0.0,0.6,0,5,59260,Greedy-SLA,Full-CertiTwin-q90,5
4,4,5,0.0,0.0,0.76313806,0.76313806,0.9999999999986896,0.0,0.0,0.0,0.0,0.6,0,5,59260,Greedy-SLA,SLA-Rule-Shield,5
4,4,5,0.0,0.0,0.76313806,0.76313806,0.9999999999986896,0.0,0.0,0.0,0.0,0.6,0,5,59260,Greedy-SLA,Fixed-UCB-1sigma-Shield,5
4,4,5,0.0,0.0,0.76313806,0.76313806,0.9999999999986896,0.0,0.0,0.0,0.0,0.6,0,5,59260,Greedy-SLA,Fixed-UCB-1.64sigma-Shield,5
0,2,5,1.0,0.0,0.76278657,0.65129316,0.8538340678954877,1.0,21.0,0.0,0.0,0.6,0,5,59260,DT-Top1,Full-CertiTwin-q90,5
0,4,5,1.0,0.0,0.76278657,0.76313806,1.000460797309265,1.0,57.0,0.0,0.0,0.6,0,5,59260,DT-Top1,SLA-Rule-Shield,5
0,2,5,1.0,0.0,0.76278657,0.65129316,0.8538340678954877,1.0,21.0,0.0,0.0,0.6,0,5,59260,DT-Top1,Fixed-UCB-1sigma-Shield,5
0,2,5,1.0,0.0,0.76278657,0.65129316,0.8538340678954877,1.0,21.0,0.0,0.0,0.6,0,5,59260,DT-Top1,Fixed-UCB-1.64sigma-Shield,5
2,2,5,0.0,0.0,0.6677499,0.6677499,0.9999999999985024,0.0,0.0,0.0,0.0,0.6,0,5,27797,PF,Full-CertiTwin-q90,5
2,2,5,0.0,0.0,0.6677499,0.6677499,0.9999999999985024,0.0,0.0,0.0,0.0,0.6,0,5,27797,PF,SLA-Rule-Shield,5
2,2,5,0.0,0.0,0.6677499,0.6677499,0.9999999999985024,0.0,0.0,0.0,0.0,0.6,0,5,27797,PF,Fixed-UCB-1sigma-Shield,5
2,2,5,0.0,0.0,0.6677499,0.6677499,0.9999999999985024,0.0,0.0,0.0,0.0,0.6,0,5,27797,PF,Fixed-UCB-1.64sigma-Shield,5
4,4,5,0.0,0.0,0.74035645,0.74035645,0.9999999999986492,0.0,0.0,0.0,0.0,0.6,0,5,27797,Greedy-SLA,Full-CertiTwin-q90,5
4,4,5,0.0,0.0,0.74035645,0.74035645,0.9999999999986492,0.0,0.0,0.0,0.0,0.6,0,5,27797,Greedy-SLA,SLA-Rule-Shield,5
4,4,5,0.0,0.0,0.74035645,0.74035645,0.9999999999986492,0.0,0.0,0.0,0.0,0.6,0,5,27797,Greedy-SLA,Fixed-UCB-1sigma-Shield,5
4,4,5,0.0,0.0,0.74035645,0.74035645,0.9999999999986492,0.0,0.0,0.0,0.0,0.6,0,5,27797,Greedy-SLA,Fixed-UCB-1.64sigma-Shield,5
0,2,5,1.0,0.0,0.76278657,0.6677499,0.875408569397236,1.0,21.0,0.0,0.0,0.6,0,5,27797,DT-Top1,Full-CertiTwin-q90,5
0,4,5,1.0,0.0,0.76278657,0.74035645,0.9705945006334202,1.0,57.0,0.0,0.0,0.6,0,5,27797,DT-Top1,SLA-Rule-Shield,5
0,2,5,1.0,0.0,0.76278657,0.6677499,0.875408569397236,1.0,21.0,0.0,0.0,0.6,0,5,27797,DT-Top1,Fixed-UCB-1sigma-Shield,5
0,2,5,1.0,0.0,0.76278657,0.6677499,0.875408569397236,1.0,21.0,0.0,0.0,0.6,0,5,27797,DT-Top1,Fixed-UCB-1.64sigma-Shield,5
2,2,5,0.0,0.0,0.6677499,0.6677499,0.9999999999985024,0.0,0.0,0.0,0.0,0.6,0,5,1096,PF,Full-CertiTwin-q90,5
2,2,5,0.0,0.0,0.6677499,0.6677499,0.9999999999985024,0.0,0.0,0.0,0.0,0.6,0,5,1096,PF,SLA-Rule-Shield,5
2,2,5,0.0,0.0,0.6677499,0.6677499,0.9999999999985024,0.0,0.0,0.0,0.0,0.6,0,5,1096,PF,Fixed-UCB-1sigma-Shield,5
2,2,5,0.0,0.0,0.6677499,0.6677499,0.9999999999985024,0.0,0.0,0.0,0.0,0.6,0,5,1096,PF,Fixed-UCB-1.64sigma-Shield,5
4,4,5,0.0,0.0,0.76313806,0.76313806,0.9999999999986896,0.0,0.0,0.0,0.0,0.6,0,5,1096,Greedy-SLA,Full-CertiTwin-q90,5
4,4,5,0.0,0.0,0.76313806,0.76313806,0.9999999999986896,0.0,0.0,0.0,0.0,0.6,0,5,1096,Greedy-SLA,SLA-Rule-Shield,5
4,4,5,0.0,0.0,0.76313806,0.76313806,0.9999999999986896,0.0,0.0,0.0,0.0,0.6,0,5,1096,Greedy-SLA,Fixed-UCB-1sigma-Shield,5
4,4,5,0.0,0.0,0.76313806,0.76313806,0.9999999999986896,0.0,0.0,0.0,0.0,0.6,0,5,1096,Greedy-SLA,Fixed-UCB-1.64sigma-Shield,5
0,2,5,1.0,0.0,0.7592471,0.6677499,0.8794895627512053,1.0,21.0,0.0,0.0,0.6,0,5,1096,DT-Top1,Full-CertiTwin-q90,5
0,4,5,1.0,0.0,0.7592471,0.76313806,1.0051247610942404,1.0,57.0,0.0,0.0,0.6,0,5,1096,DT-Top1,SLA-Rule-Shield,5
0,2,5,1.0,0.0,0.7592471,0.6677499,0.8794895627512053,1.0,21.0,0.0,0.0,0.6,0,5,1096,DT-Top1,Fixed-UCB-1sigma-Shield,5
0,2,5,1.0,0.0,0.7592471,0.6677499,0.8794895627512053,1.0,21.0,0.0,0.0,0.6,0,5,1096,DT-Top1,Fixed-UCB-1.64sigma-Shield,5
2,2,5,0.0,0.0,0.6682329,0.6682329,0.9999999999985036,0.0,0.0,0.0,0.0,0.6,0,5,51177,PF,Full-CertiTwin-q90,5
2,2,5,0.0,0.0,0.6682329,0.6682329,0.9999999999985036,0.0,0.0,0.0,0.0,0.6,0,5,51177,PF,SLA-Rule-Shield,5
2,2,5,0.0,0.0,0.6682329,0.6682329,0.9999999999985036,0.0,0.0,0.0,0.0,0.6,0,5,51177,PF,Fixed-UCB-1sigma-Shield,5
2,2,5,0.0,0.0,0.6682329,0.6682329,0.9999999999985036,0.0,0.0,0.0,0.0,0.6,0,5,51177,PF,Fixed-UCB-1.64sigma-Shield,5
0,2,5,1.0,0.0,0.76278657,0.6682329,0.8760417740431953,1.0,21.0,0.0,0.0,0.6,0,5,51177,Greedy-SLA,Full-CertiTwin-q90,5
0,4,5,1.0,0.0,0.76278657,0.76313806,1.000460797309265,1.0,57.0,0.0,0.0,0.6,0,5,51177,Greedy-SLA,SLA-Rule-Shield,5
0,2,5,1.0,0.0,0.76278657,0.6682329,0.8760417740431953,1.0,21.0,0.0,0.0,0.6,0,5,51177,Greedy-SLA,Fixed-UCB-1sigma-Shield,5
0,2,5,1.0,0.0,0.76278657,0.6682329,0.8760417740431953,1.0,21.0,0.0,0.0,0.6,0,5,51177,Greedy-SLA,Fixed-UCB-1.64sigma-Shield,5
0,2,5,1.0,0.0,0.76278657,0.6682329,0.8760417740431953,1.0,21.0,0.0,0.0,0.6,0,5,51177,DT-Top1,Full-CertiTwin-q90,5
0,4,5,1.0,0.0,0.76278657,0.76313806,1.000460797309265,1.0,57.0,0.0,0.0,0.6,0,5,51177,DT-Top1,SLA-Rule-Shield,5
0,2,5,1.0,0.0,0.76278657,0.6682329,0.8760417740431953,1.0,21.0,0.0,0.0,0.6,0,5,51177,DT-Top1,Fixed-UCB-1sigma-Shield,5
0,2,5,1.0,0.0,0.76278657,0.6682329,0.8760417740431953,1.0,21.0,0.0,0.0,0.6,0,5,51177,DT-Top1,Fixed-UCB-1.64sigma-Shield,5
2,2,5,0.0,0.0,0.6677499,0.6677499,0.9999999999985024,0.0,0.0,0.0,0.0,0.6,0,5,27266,PF,Full-CertiTwin-q90,5
2,2,5,0.0,0.0,0.6677499,0.6677499,0.9999999999985024,0.0,0.0,0.0,0.0,0.6,0,5,27266,PF,SLA-Rule-Shield,5
2,2,5,0.0,0.0,0.6677499,0.6677499,0.9999999999985024,0.0,0.0,0.0,0.0,0.6,0,5,27266,PF,Fixed-UCB-1sigma-Shield,5
2,2,5,0.0,0.0,0.6677499,0.6677499,0.9999999999985024,0.0,0.0,0.0,0.0,0.6,0,5,27266,PF,Fixed-UCB-1.64sigma-Shield,5
4,4,5,0.0,0.0,0.76313806,0.76313806,0.9999999999986896,0.0,0.0,0.0,0.0,0.6,0,5,27266,Greedy-SLA,Full-CertiTwin-q90,5
4,4,5,0.0,0.0,0.76313806,0.76313806,0.9999999999986896,0.0,0.0,0.0,0.0,0.6,0,5,27266,Greedy-SLA,SLA-Rule-Shield,5
4,4,5,0.0,0.0,0.76313806,0.76313806,0.9999999999986896,0.0,0.0,0.0,0.0,0.6,0,5,27266,Greedy-SLA,Fixed-UCB-1sigma-Shield,5
4,4,5,0.0,0.0,0.76313806,0.76313806,0.9999999999986896,0.0,0.0,0.0,0.0,0.6,0,5,27266,Greedy-SLA,Fixed-UCB-1.64sigma-Shield,5
0,2,5,1.0,0.0,0.7864371,0.6677499,0.8490823995957858,1.0,21.0,0.0,0.0,0.6,0,5,27266,DT-Top1,Full-CertiTwin-q90,5
0,4,5,1.0,0.0,0.7864371,0.76313806,0.970373930730162,1.0,57.0,0.0,0.0,0.6,0,5,27266,DT-Top1,SLA-Rule-Shield,5
0,2,5,1.0,0.0,0.7864371,0.6677499,0.8490823995957858,1.0,21.0,0.0,0.0,0.6,0,5,27266,DT-Top1,Fixed-UCB-1sigma-Shield,5
0,2,5,1.0,0.0,0.7864371,0.6677499,0.8490823995957858,1.0,21.0,0.0,0.0,0.6,0,5,27266,DT-Top1,Fixed-UCB-1.64sigma-Shield,5
2,2,5,0.0,0.0,0.6677499,0.6677499,0.9999999999985024,0.0,0.0,0.0,0.0,0.6,0,5,17788,PF,Full-CertiTwin-q90,5
2,2,5,0.0,0.0,0.6677499,0.6677499,0.9999999999985024,0.0,0.0,0.0,0.0,0.6,0,5,17788,PF,SLA-Rule-Shield,5
2,2,5,0.0,0.0,0.6677499,0.6677499,0.9999999999985024,0.0,0.0,0.0,0.0,0.6,0,5,17788,PF,Fixed-UCB-1sigma-Shield,5
2,2,5,0.0,0.0,0.6677499,0.6677499,0.9999999999985024,0.0,0.0,0.0,0.0,0.6,0,5,17788,PF,Fixed-UCB-1.64sigma-Shield,5
4,4,5,0.0,0.0,0.76313806,0.76313806,0.9999999999986896,0.0,0.0,0.0,0.0,0.6,0,5,17788,Greedy-SLA,Full-CertiTwin-q90,5
4,4,5,0.0,0.0,0.76313806,0.76313806,0.9999999999986896,0.0,0.0,0.0,0.0,0.6,0,5,17788,Greedy-SLA,SLA-Rule-Shield,5
4,4,5,0.0,0.0,0.76313806,0.76313806,0.9999999999986896,0.0,0.0,0.0,0.0,0.6,0,5,17788,Greedy-SLA,Fixed-UCB-1sigma-Shield,5
4,4,5,0.0,0.0,0.76313806,0.76313806,0.9999999999986896,0.0,0.0,0.0,0.0,0.6,0,5,17788,Greedy-SLA,Fixed-UCB-1.64sigma-Shield,5
0,2,5,1.0,0.0,0.77741534,0.6677499,0.8589358424534574,1.0,21.0,0.0,0.0,0.6,0,5,17788,DT-Top1,Full-CertiTwin-q90,5
0,4,5,1.0,0.0,0.77741534,0.76313806,0.981634939180668,1.0,57.0,0.0,0.0,0.6,0,5,17788,DT-Top1,SLA-Rule-Shield,5
0,2,5,1.0,0.0,0.77741534,0.6677499,0.8589358424534574,1.0,21.0,0.0,0.0,0.6,0,5,17788,DT-Top1,Fixed-UCB-1sigma-Shield,5
0,2,5,1.0,0.0,0.77741534,0.6677499,0.8589358424534574,1.0,21.0,0.0,0.0,0.6,0,5,17788,DT-Top1,Fixed-UCB-1.64sigma-Shield,5
2,2,5,0.0,0.0,0.6677499,0.6677499,0.9999999999985024,0.0,0.0,0.0,0.0,0.6,0,5,38978,PF,Full-CertiTwin-q90,5
2,2,5,0.0,0.0,0.6677499,0.6677499,0.9999999999985024,0.0,0.0,0.0,0.0,0.6,0,5,38978,PF,SLA-Rule-Shield,5
2,2,5,0.0,0.0,0.6677499,0.6677499,0.9999999999985024,0.0,0.0,0.0,0.0,0.6,0,5,38978,PF,Fixed-UCB-1sigma-Shield,5
2,2,5,0.0,0.0,0.6677499,0.6677499,0.9999999999985024,0.0,0.0,0.0,0.0,0.6,0,5,38978,PF,Fixed-UCB-1.64sigma-Shield,5
0,2,5,1.0,0.0,0.76278657,0.6677499,0.875408569397236,1.0,21.0,0.0,0.0,0.6,0,5,38978,Greedy-SLA,Full-CertiTwin-q90,5
0,4,5,1.0,0.0,0.76278657,0.7566483,0.9919528341971308,1.0,57.0,0.0,0.0,0.6,0,5,38978,Greedy-SLA,SLA-Rule-Shield,5
0,2,5,1.0,0.0,0.76278657,0.6677499,0.875408569397236,1.0,21.0,0.0,0.0,0.6,0,5,38978,Greedy-SLA,Fixed-UCB-1sigma-Shield,5
0,2,5,1.0,0.0,0.76278657,0.6677499,0.875408569397236,1.0,21.0,0.0,0.0,0.6,0,5,38978,Greedy-SLA,Fixed-UCB-1.64sigma-Shield,5
0,2,5,1.0,0.0,0.76278657,0.6677499,0.875408569397236,1.0,21.0,0.0,0.0,0.6,0,5,38978,DT-Top1,Full-CertiTwin-q90,5
0,4,5,1.0,0.0,0.76278657,0.7566483,0.9919528341971308,1.0,57.0,0.0,0.0,0.6,0,5,38978,DT-Top1,SLA-Rule-Shield,5
0,2,5,1.0,0.0,0.76278657,0.6677499,0.875408569397236,1.0,21.0,0.0,0.0,0.6,0,5,38978,DT-Top1,Fixed-UCB-1sigma-Shield,5
0,2,5,1.0,0.0,0.76278657,0.6677499,0.875408569397236,1.0,21.0,0.0,0.0,0.6,0,5,38978,DT-Top1,Fixed-UCB-1.64sigma-Shield,5
2,2,5,0.0,0.0,0.6677499,0.6677499,0.9999999999985024,0.0,0.0,0.0,0.0,0.6,0,5,29184,PF,Full-CertiTwin-q90,5
2,2,5,0.0,0.0,0.6677499,0.6677499,0.9999999999985024,0.0,0.0,0.0,0.0,0.6,0,5,29184,PF,SLA-Rule-Shield,5
2,2,5,0.0,0.0,0.6677499,0.6677499,0.9999999999985024,0.0,0.0,0.0,0.0,0.6,0,5,29184,PF,Fixed-UCB-1sigma-Shield,5
2,2,5,0.0,0.0,0.6677499,0.6677499,0.9999999999985024,0.0,0.0,0.0,0.0,0.6,0,5,29184,PF,Fixed-UCB-1.64sigma-Shield,5
4,4,5,0.0,0.0,0.76313806,0.76313806,0.9999999999986896,0.0,0.0,0.0,0.0,0.6,0,5,29184,Greedy-SLA,Full-CertiTwin-q90,5
4,4,5,0.0,0.0,0.76313806,0.76313806,0.9999999999986896,0.0,0.0,0.0,0.0,0.6,0,5,29184,Greedy-SLA,SLA-Rule-Shield,5
4,4,5,0.0,0.0,0.76313806,0.76313806,0.9999999999986896,0.0,0.0,0.0,0.0,0.6,0,5,29184,Greedy-SLA,Fixed-UCB-1sigma-Shield,5
4,4,5,0.0,0.0,0.76313806,0.76313806,0.9999999999986896,0.0,0.0,0.0,0.0,0.6,0,5,29184,Greedy-SLA,Fixed-UCB-1.64sigma-Shield,5
0,2,5,1.0,0.0,0.77741534,0.6677499,0.8589358424534574,1.0,21.0,0.0,0.0,0.6,0,5,29184,DT-Top1,Full-CertiTwin-q90,5
0,4,5,1.0,0.0,0.77741534,0.76313806,0.981634939180668,1.0,57.0,0.0,0.0,0.6,0,5,29184,DT-Top1,SLA-Rule-Shield,5
0,2,5,1.0,0.0,0.77741534,0.6677499,0.8589358424534574,1.0,21.0,0.0,0.0,0.6,0,5,29184,DT-Top1,Fixed-UCB-1sigma-Shield,5
0,2,5,1.0,0.0,0.77741534,0.6677499,0.8589358424534574,1.0,21.0,0.0,0.0,0.6,0,5,29184,DT-Top1,Fixed-UCB-1.64sigma-Shield,5
2,2,5,0.0,0.0,0.65129316,0.65129316,0.9999999999984648,0.0,0.0,0.0,0.0,0.6,0,5,15908,PF,Full-CertiTwin-q90,5
2,2,5,0.0,0.0,0.65129316,0.65129316,0.9999999999984648,0.0,0.0,0.0,0.0,0.6,0,5,15908,PF,SLA-Rule-Shield,5
2,2,5,0.0,0.0,0.65129316,0.65129316,0.9999999999984648,0.0,0.0,0.0,0.0,0.6,0,5,15908,PF,Fixed-UCB-1sigma-Shield,5
2,2,5,0.0,0.0,0.65129316,0.65129316,0.9999999999984648,0.0,0.0,0.0,0.0,0.6,0,5,15908,PF,Fixed-UCB-1.64sigma-Shield,5
4,4,5,0.0,0.0,0.76313806,0.76313806,0.9999999999986896,0.0,0.0,0.0,0.0,0.6,0,5,15908,Greedy-SLA,Full-CertiTwin-q90,5
4,4,5,0.0,0.0,0.76313806,0.76313806,0.9999999999986896,0.0,0.0,0.0,0.0,0.6,0,5,15908,Greedy-SLA,SLA-Rule-Shield,5
4,4,5,0.0,0.0,0.76313806,0.76313806,0.9999999999986896,0.0,0.0,0.0,0.0,0.6,0,5,15908,Greedy-SLA,Fixed-UCB-1sigma-Shield,5
4,4,5,0.0,0.0,0.76313806,0.76313806,0.9999999999986896,0.0,0.0,0.0,0.0,0.6,0,5,15908,Greedy-SLA,Fixed-UCB-1.64sigma-Shield,5
0,2,5,1.0,0.0,0.76278657,0.65129316,0.8538340678954877,1.0,21.0,0.0,0.0,0.6,0,5,15908,DT-Top1,Full-CertiTwin-q90,5
0,4,5,1.0,0.0,0.76278657,0.76313806,1.000460797309265,1.0,57.0,0.0,0.0,0.6,0,5,15908,DT-Top1,SLA-Rule-Shield,5
0,2,5,1.0,0.0,0.76278657,0.65129316,0.8538340678954877,1.0,21.0,0.0,0.0,0.6,0,5,15908,DT-Top1,Fixed-UCB-1sigma-Shield,5
0,2,5,1.0,0.0,0.76278657,0.65129316,0.8538340678954877,1.0,21.0,0.0,0.0,0.6,0,5,15908,DT-Top1,Fixed-UCB-1.64sigma-Shield,5
2,2,5,0.0,0.0,0.6677499,0.6677499,0.9999999999985024,0.0,0.0,0.0,0.0,0.6,0,5,29649,PF,Full-CertiTwin-q90,5
2,2,5,0.0,0.0,0.6677499,0.6677499,0.9999999999985024,0.0,0.0,0.0,0.0,0.6,0,5,29649,PF,SLA-Rule-Shield,5
2,2,5,0.0,0.0,0.6677499,0.6677499,0.9999999999985024,0.0,0.0,0.0,0.0,0.6,0,5,29649,PF,Fixed-UCB-1sigma-Shield,5
2,2,5,0.0,0.0,0.6677499,0.6677499,0.9999999999985024,0.0,0.0,0.0,0.0,0.6,0,5,29649,PF,Fixed-UCB-1.64sigma-Shield,5
4,4,5,0.0,0.0,0.76313806,0.76313806,0.9999999999986896,0.0,0.0,0.0,0.0,0.6,0,5,29649,Greedy-SLA,Full-CertiTwin-q90,5
4,4,5,0.0,0.0,0.76313806,0.76313806,0.9999999999986896,0.0,0.0,0.0,0.0,0.6,0,5,29649,Greedy-SLA,SLA-Rule-Shield,5
4,4,5,0.0,0.0,0.76313806,0.76313806,0.9999999999986896,0.0,0.0,0.0,0.0,0.6,0,5,29649,Greedy-SLA,Fixed-UCB-1sigma-Shield,5
4,4,5,0.0,0.0,0.76313806,0.76313806,0.9999999999986896,0.0,0.0,0.0,0.0,0.6,0,5,29649,Greedy-SLA,Fixed-UCB-1.64sigma-Shield,5
0,2,5,1.0,0.0,0.76278657,0.6677499,0.875408569397236,1.0,21.0,0.0,0.0,0.6,0,5,29649,DT-Top1,Full-CertiTwin-q90,5
0,4,5,1.0,0.0,0.76278657,0.76313806,1.000460797309265,1.0,57.0,0.0,0.0,0.6,0,5,29649,DT-Top1,SLA-Rule-Shield,5
0,2,5,1.0,0.0,0.76278657,0.6677499,0.875408569397236,1.0,21.0,0.0,0.0,0.6,0,5,29649,DT-Top1,Fixed-UCB-1sigma-Shield,5
0,2,5,1.0,0.0,0.76278657,0.6677499,0.875408569397236,1.0,21.0,0.0,0.0,0.6,0,5,29649,DT-Top1,Fixed-UCB-1.64sigma-Shield,5
2,2,5,0.0,0.0,0.6677499,0.6677499,0.9999999999985024,0.0,0.0,0.0,0.0,0.6,0,5,29836,PF,Full-CertiTwin-q90,5
2,2,5,0.0,0.0,0.6677499,0.6677499,0.9999999999985024,0.0,0.0,0.0,0.0,0.6,0,5,29836,PF,SLA-Rule-Shield,5
2,2,5,0.0,0.0,0.6677499,0.6677499,0.9999999999985024,0.0,0.0,0.0,0.0,0.6,0,5,29836,PF,Fixed-UCB-1sigma-Shield,5
2,2,5,0.0,0.0,0.6677499,0.6677499,0.9999999999985024,0.0,0.0,0.0,0.0,0.6,0,5,29836,PF,Fixed-UCB-1.64sigma-Shield,5
4,4,5,0.0,0.0,0.76313806,0.76313806,0.9999999999986896,0.0,0.0,0.0,0.0,0.6,0,5,29836,Greedy-SLA,Full-CertiTwin-q90,5
4,4,5,0.0,0.0,0.76313806,0.76313806,0.9999999999986896,0.0,0.0,0.0,0.0,0.6,0,5,29836,Greedy-SLA,SLA-Rule-Shield,5
4,4,5,0.0,0.0,0.76313806,0.76313806,0.9999999999986896,0.0,0.0,0.0,0.0,0.6,0,5,29836,Greedy-SLA,Fixed-UCB-1sigma-Shield,5
4,4,5,0.0,0.0,0.76313806,0.76313806,0.9999999999986896,0.0,0.0,0.0,0.0,0.6,0,5,29836,Greedy-SLA,Fixed-UCB-1.64sigma-Shield,5
4,4,5,0.0,0.0,0.76313806,0.76313806,0.9999999999986896,0.0,0.0,0.0,0.0,0.6,0,5,29836,DT-Top1,Full-CertiTwin-q90,5
4,4,5,0.0,0.0,0.76313806,0.76313806,0.9999999999986896,0.0,0.0,0.0,0.0,0.6,0,5,29836,DT-Top1,SLA-Rule-Shield,5
4,4,5,0.0,0.0,0.76313806,0.76313806,0.9999999999986896,0.0,0.0,0.0,0.0,0.6,0,5,29836,DT-Top1,Fixed-UCB-1sigma-Shield,5
4,4,5,0.0,0.0,0.76313806,0.76313806,0.9999999999986896,0.0,0.0,0.0,0.0,0.6,0,5,29836,DT-Top1,Fixed-UCB-1.64sigma-Shield,5
2,2,5,0.0,0.0,0.6677499,0.6677499,0.9999999999985024,0.0,0.0,0.0,0.0,0.6,0,5,24119,PF,Full-CertiTwin-q90,5
2,2,5,0.0,0.0,0.6677499,0.6677499,0.9999999999985024,0.0,0.0,0.0,0.0,0.6,0,5,24119,PF,SLA-Rule-Shield,5
2,2,5,0.0,0.0,0.6677499,0.6677499,0.9999999999985024,0.0,0.0,0.0,0.0,0.6,0,5,24119,PF,Fixed-UCB-1sigma-Shield,5
2,2,5,0.0,0.0,0.6677499,0.6677499,0.9999999999985024,0.0,0.0,0.0,0.0,0.6,0,5,24119,PF,Fixed-UCB-1.64sigma-Shield,5
4,4,5,0.0,0.0,0.76313806,0.76313806,0.9999999999986896,0.0,0.0,0.0,0.0,0.6,0,5,24119,Greedy-SLA,Full-CertiTwin-q90,5
4,4,5,0.0,0.0,0.76313806,0.76313806,0.9999999999986896,0.0,0.0,0.0,0.0,0.6,0,5,24119,Greedy-SLA,SLA-Rule-Shield,5
4,4,5,0.0,0.0,0.76313806,0.76313806,0.9999999999986896,0.0,0.0,0.0,0.0,0.6,0,5,24119,Greedy-SLA,Fixed-UCB-1sigma-Shield,5
4,4,5,0.0,0.0,0.76313806,0.76313806,0.9999999999986896,0.0,0.0,0.0,0.0,0.6,0,5,24119,Greedy-SLA,Fixed-UCB-1.64sigma-Shield,5
0,2,5,1.0,0.0,0.76278657,0.6677499,0.875408569397236,1.0,21.0,0.0,0.0,0.6,0,5,24119,DT-Top1,Full-CertiTwin-q90,5
0,4,5,1.0,0.0,0.76278657,0.76313806,1.000460797309265,1.0,57.0,0.0,0.0,0.6,0,5,24119,DT-Top1,SLA-Rule-Shield,5
0,2,5,1.0,0.0,0.76278657,0.6677499,0.875408569397236,1.0,21.0,0.0,0.0,0.6,0,5,24119,DT-Top1,Fixed-UCB-1sigma-Shield,5
0,2,5,1.0,0.0,0.76278657,0.6677499,0.875408569397236,1.0,21.0,0.0,0.0,0.6,0,5,24119,DT-Top1,Fixed-UCB-1.64sigma-Shield,5
2,2,5,0.0,0.0,0.6677499,0.6677499,0.9999999999985024,0.0,0.0,0.0,0.0,0.6,0,5,8194,PF,Full-CertiTwin-q90,5
2,2,5,0.0,0.0,0.6677499,0.6677499,0.9999999999985024,0.0,0.0,0.0,0.0,0.6,0,5,8194,PF,SLA-Rule-Shield,5
2,2,5,0.0,0.0,0.6677499,0.6677499,0.9999999999985024,0.0,0.0,0.0,0.0,0.6,0,5,8194,PF,Fixed-UCB-1sigma-Shield,5
2,2,5,0.0,0.0,0.6677499,0.6677499,0.9999999999985024,0.0,0.0,0.0,0.0,0.6,0,5,8194,PF,Fixed-UCB-1.64sigma-Shield,5
4,4,5,0.0,0.0,0.76313806,0.76313806,0.9999999999986896,0.0,0.0,0.0,0.0,0.6,0,5,8194,Greedy-SLA,Full-CertiTwin-q90,5
4,4,5,0.0,0.0,0.76313806,0.76313806,0.9999999999986896,0.0,0.0,0.0,0.0,0.6,0,5,8194,Greedy-SLA,SLA-Rule-Shield,5
4,4,5,0.0,0.0,0.76313806,0.76313806,0.9999999999986896,0.0,0.0,0.0,0.0,0.6,0,5,8194,Greedy-SLA,Fixed-UCB-1sigma-Shield,5
4,4,5,0.0,0.0,0.76313806,0.76313806,0.9999999999986896,0.0,0.0,0.0,0.0,0.6,0,5,8194,Greedy-SLA,Fixed-UCB-1.64sigma-Shield,5
4,4,5,0.0,0.0,0.76313806,0.76313806,0.9999999999986896,0.0,0.0,0.0,0.0,0.6,0,5,8194,DT-Top1,Full-CertiTwin-q90,5
4,4,5,0.0,0.0,0.76313806,0.76313806,0.9999999999986896,0.0,0.0,0.0,0.0,0.6,0,5,8194,DT-Top1,SLA-Rule-Shield,5
4,4,5,0.0,0.0,0.76313806,0.76313806,0.9999999999986896,0.0,0.0,0.0,0.0,0.6,0,5,8194,DT-Top1,Fixed-UCB-1sigma-Shield,5
4,4,5,0.0,0.0,0.76313806,0.76313806,0.9999999999986896,0.0,0.0,0.0,0.0,0.6,0,5,8194,DT-Top1,Fixed-UCB-1.64sigma-Shield,5
2,2,5,0.0,0.0,0.6677499,0.6677499,0.9999999999985024,0.0,0.0,0.0,0.0,0.6,0,5,3384,PF,Full-CertiTwin-q90,5
2,2,5,0.0,0.0,0.6677499,0.6677499,0.9999999999985024,0.0,0.0,0.0,0.0,0.6,0,5,3384,PF,SLA-Rule-Shield,5
2,2,5,0.0,0.0,0.6677499,0.6677499,0.9999999999985024,0.0,0.0,0.0,0.0,0.6,0,5,3384,PF,Fixed-UCB-1sigma-Shield,5
2,2,5,0.0,0.0,0.6677499,0.6677499,0.9999999999985024,0.0,0.0,0.0,0.0,0.6,0,5,3384,PF,Fixed-UCB-1.64sigma-Shield,5
0,2,5,1.0,0.0,0.76278657,0.6677499,0.875408569397236,1.0,21.0,0.0,0.0,0.6,0,5,3384,Greedy-SLA,Full-CertiTwin-q90,5
0,4,5,1.0,0.0,0.76278657,0.76313806,1.000460797309265,1.0,57.0,0.0,0.0,0.6,0,5,3384,Greedy-SLA,SLA-Rule-Shield,5
0,2,5,1.0,0.0,0.76278657,0.6677499,0.875408569397236,1.0,21.0,0.0,0.0,0.6,0,5,3384,Greedy-SLA,Fixed-UCB-1sigma-Shield,5
0,2,5,1.0,0.0,0.76278657,0.6677499,0.875408569397236,1.0,21.0,0.0,0.0,0.6,0,5,3384,Greedy-SLA,Fixed-UCB-1.64sigma-Shield,5
0,2,5,1.0,0.0,0.76278657,0.6677499,0.875408569397236,1.0,21.0,0.0,0.0,0.6,0,5,3384,DT-Top1,Full-CertiTwin-q90,5
0,4,5,1.0,0.0,0.76278657,0.76313806,1.000460797309265,1.0,57.0,0.0,0.0,0.6,0,5,3384,DT-Top1,SLA-Rule-Shield,5
0,2,5,1.0,0.0,0.76278657,0.6677499,0.875408569397236,1.0,21.0,0.0,0.0,0.6,0,5,3384,DT-Top1,Fixed-UCB-1sigma-Shield,5
0,2,5,1.0,0.0,0.76278657,0.6677499,0.875408569397236,1.0,21.0,0.0,0.0,0.6,0,5,3384,DT-Top1,Fixed-UCB-1.64sigma-Shield,5
2,2,5,0.0,0.0,0.6682329,0.6682329,0.9999999999985036,0.0,0.0,0.0,0.0,0.6,0,5,27969,PF,Full-CertiTwin-q90,5
2,2,5,0.0,0.0,0.6682329,0.6682329,0.9999999999985036,0.0,0.0,0.0,0.0,0.6,0,5,27969,PF,SLA-Rule-Shield,5
2,2,5,0.0,0.0,0.6682329,0.6682329,0.9999999999985036,0.0,0.0,0.0,0.0,0.6,0,5,27969,PF,Fixed-UCB-1sigma-Shield,5
2,2,5,0.0,0.0,0.6682329,0.6682329,0.9999999999985036,0.0,0.0,0.0,0.0,0.6,0,5,27969,PF,Fixed-UCB-1.64sigma-Shield,5
4,4,5,0.0,0.0,0.76313806,0.76313806,0.9999999999986896,0.0,0.0,0.0,0.0,0.6,0,5,27969,Greedy-SLA,Full-CertiTwin-q90,5
4,4,5,0.0,0.0,0.76313806,0.76313806,0.9999999999986896,0.0,0.0,0.0,0.0,0.6,0,5,27969,Greedy-SLA,SLA-Rule-Shield,5
4,4,5,0.0,0.0,0.76313806,0.76313806,0.9999999999986896,0.0,0.0,0.0,0.0,0.6,0,5,27969,Greedy-SLA,Fixed-UCB-1sigma-Shield,5
4,4,5,0.0,0.0,0.76313806,0.76313806,0.9999999999986896,0.0,0.0,0.0,0.0,0.6,0,5,27969,Greedy-SLA,Fixed-UCB-1.64sigma-Shield,5
4,4,5,0.0,0.0,0.76313806,0.76313806,0.9999999999986896,0.0,0.0,0.0,0.0,0.6,0,5,27969,DT-Top1,Full-CertiTwin-q90,5
4,4,5,0.0,0.0,0.76313806,0.76313806,0.9999999999986896,0.0,0.0,0.0,0.0,0.6,0,5,27969,DT-Top1,SLA-Rule-Shield,5
4,4,5,0.0,0.0,0.76313806,0.76313806,0.9999999999986896,0.0,0.0,0.0,0.0,0.6,0,5,27969,DT-Top1,Fixed-UCB-1sigma-Shield,5
4,4,5,0.0,0.0,0.76313806,0.76313806,0.9999999999986896,0.0,0.0,0.0,0.0,0.6,0,5,27969,DT-Top1,Fixed-UCB-1.64sigma-Shield,5
2,2,5,0.0,0.0,0.6677499,0.6677499,0.9999999999985024,0.0,0.0,0.0,0.0,0.6,0,5,14487,PF,Full-CertiTwin-q90,5
2,2,5,0.0,0.0,0.6677499,0.6677499,0.9999999999985024,0.0,0.0,0.0,0.0,0.6,0,5,14487,PF,SLA-Rule-Shield,5
2,2,5,0.0,0.0,0.6677499,0.6677499,0.9999999999985024,0.0,0.0,0.0,0.0,0.6,0,5,14487,PF,Fixed-UCB-1sigma-Shield,5
2,2,5,0.0,0.0,0.6677499,0.6677499,0.9999999999985024,0.0,0.0,0.0,0.0,0.6,0,5,14487,PF,Fixed-UCB-1.64sigma-Shield,5
4,4,5,0.0,0.0,0.76313806,0.76313806,0.9999999999986896,0.0,0.0,0.0,0.0,0.6,0,5,14487,Greedy-SLA,Full-CertiTwin-q90,5
4,4,5,0.0,0.0,0.76313806,0.76313806,0.9999999999986896,0.0,0.0,0.0,0.0,0.6,0,5,14487,Greedy-SLA,SLA-Rule-Shield,5
4,4,5,0.0,0.0,0.76313806,0.76313806,0.9999999999986896,0.0,0.0,0.0,0.0,0.6,0,5,14487,Greedy-SLA,Fixed-UCB-1sigma-Shield,5
4,4,5,0.0,0.0,0.76313806,0.76313806,0.9999999999986896,0.0,0.0,0.0,0.0,0.6,0,5,14487,Greedy-SLA,Fixed-UCB-1.64sigma-Shield,5
0,2,5,1.0,0.0,0.77741534,0.6677499,0.8589358424534574,1.0,21.0,0.0,0.0,0.6,0,5,14487,DT-Top1,Full-CertiTwin-q90,5
0,4,5,1.0,0.0,0.77741534,0.76313806,0.981634939180668,1.0,57.0,0.0,0.0,0.6,0,5,14487,DT-Top1,SLA-Rule-Shield,5
0,2,5,1.0,0.0,0.77741534,0.6677499,0.8589358424534574,1.0,21.0,0.0,0.0,0.6,0,5,14487,DT-Top1,Fixed-UCB-1sigma-Shield,5
0,2,5,1.0,0.0,0.77741534,0.6677499,0.8589358424534574,1.0,21.0,0.0,0.0,0.6,0,5,14487,DT-Top1,Fixed-UCB-1.64sigma-Shield,5
2,2,5,0.0,0.0,0.6677499,0.6677499,0.9999999999985024,0.0,0.0,0.0,0.0,0.6,0,5,23110,PF,Full-CertiTwin-q90,5
2,2,5,0.0,0.0,0.6677499,0.6677499,0.9999999999985024,0.0,0.0,0.0,0.0,0.6,0,5,23110,PF,SLA-Rule-Shield,5
2,2,5,0.0,0.0,0.6677499,0.6677499,0.9999999999985024,0.0,0.0,0.0,0.0,0.6,0,5,23110,PF,Fixed-UCB-1sigma-Shield,5
2,2,5,0.0,0.0,0.6677499,0.6677499,0.9999999999985024,0.0,0.0,0.0,0.0,0.6,0,5,23110,PF,Fixed-UCB-1.64sigma-Shield,5
4,4,5,0.0,0.0,0.7566483,0.7566483,0.9999999999986784,0.0,0.0,0.0,0.0,0.6,0,5,23110,Greedy-SLA,Full-CertiTwin-q90,5
4,4,5,0.0,0.0,0.7566483,0.7566483,0.9999999999986784,0.0,0.0,0.0,0.0,0.6,0,5,23110,Greedy-SLA,SLA-Rule-Shield,5
4,4,5,0.0,0.0,0.7566483,0.7566483,0.9999999999986784,0.0,0.0,0.0,0.0,0.6,0,5,23110,Greedy-SLA,Fixed-UCB-1sigma-Shield,5
4,4,5,0.0,0.0,0.7566483,0.7566483,0.9999999999986784,0.0,0.0,0.0,0.0,0.6,0,5,23110,Greedy-SLA,Fixed-UCB-1.64sigma-Shield,5
4,4,5,0.0,0.0,0.7566483,0.7566483,0.9999999999986784,0.0,0.0,0.0,0.0,0.6,0,5,23110,DT-Top1,Full-CertiTwin-q90,5
4,4,5,0.0,0.0,0.7566483,0.7566483,0.9999999999986784,0.0,0.0,0.0,0.0,0.6,0,5,23110,DT-Top1,SLA-Rule-Shield,5
4,4,5,0.0,0.0,0.7566483,0.7566483,0.9999999999986784,0.0,0.0,0.0,0.0,0.6,0,5,23110,DT-Top1,Fixed-UCB-1sigma-Shield,5
4,4,5,0.0,0.0,0.7566483,0.7566483,0.9999999999986784,0.0,0.0,0.0,0.0,0.6,0,5,23110,DT-Top1,Fixed-UCB-1.64sigma-Shield,5
2,2,5,0.0,0.0,0.6677499,0.6677499,0.9999999999985024,0.0,0.0,0.0,0.0,0.6,0,5,34443,PF,Full-CertiTwin-q90,5
2,2,5,0.0,0.0,0.6677499,0.6677499,0.9999999999985024,0.0,0.0,0.0,0.0,0.6,0,5,34443,PF,SLA-Rule-Shield,5
2,2,5,0.0,0.0,0.6677499,0.6677499,0.9999999999985024,0.0,0.0,0.0,0.0,0.6,0,5,34443,PF,Fixed-UCB-1sigma-Shield,5
2,2,5,0.0,0.0,0.6677499,0.6677499,0.9999999999985024,0.0,0.0,0.0,0.0,0.6,0,5,34443,PF,Fixed-UCB-1.64sigma-Shield,5
4,4,5,0.0,0.0,0.76313806,0.76313806,0.9999999999986896,0.0,0.0,0.0,0.0,0.6,0,5,34443,Greedy-SLA,Full-CertiTwin-q90,5
4,4,5,0.0,0.0,0.76313806,0.76313806,0.9999999999986896,0.0,0.0,0.0,0.0,0.6,0,5,34443,Greedy-SLA,SLA-Rule-Shield,5
4,4,5,0.0,0.0,0.76313806,0.76313806,0.9999999999986896,0.0,0.0,0.0,0.0,0.6,0,5,34443,Greedy-SLA,Fixed-UCB-1sigma-Shield,5
4,4,5,0.0,0.0,0.76313806,0.76313806,0.9999999999986896,0.0,0.0,0.0,0.0,0.6,0,5,34443,Greedy-SLA,Fixed-UCB-1.64sigma-Shield,5
0,2,5,1.0,0.0,0.76278657,0.6677499,0.875408569397236,1.0,21.0,0.0,0.0,0.6,0,5,34443,DT-Top1,Full-CertiTwin-q90,5
0,4,5,1.0,0.0,0.76278657,0.76313806,1.000460797309265,1.0,57.0,0.0,0.0,0.6,0,5,34443,DT-Top1,SLA-Rule-Shield,5
0,2,5,1.0,0.0,0.76278657,0.6677499,0.875408569397236,1.0,21.0,0.0,0.0,0.6,0,5,34443,DT-Top1,Fixed-UCB-1sigma-Shield,5
0,2,5,1.0,0.0,0.76278657,0.6677499,0.875408569397236,1.0,21.0,0.0,0.0,0.6,0,5,34443,DT-Top1,Fixed-UCB-1.64sigma-Shield,5
2,2,5,0.0,0.0,0.6682329,0.6682329,0.9999999999985036,0.0,0.0,0.0,0.0,0.6,0,5,4131,PF,Full-CertiTwin-q90,5
2,2,5,0.0,0.0,0.6682329,0.6682329,0.9999999999985036,0.0,0.0,0.0,0.0,0.6,0,5,4131,PF,SLA-Rule-Shield,5
2,2,5,0.0,0.0,0.6682329,0.6682329,0.9999999999985036,0.0,0.0,0.0,0.0,0.6,0,5,4131,PF,Fixed-UCB-1sigma-Shield,5
2,2,5,0.0,0.0,0.6682329,0.6682329,0.9999999999985036,0.0,0.0,0.0,0.0,0.6,0,5,4131,PF,Fixed-UCB-1.64sigma-Shield,5
4,4,5,0.0,0.0,0.76313806,0.76313806,0.9999999999986896,0.0,0.0,0.0,0.0,0.6,0,5,4131,Greedy-SLA,Full-CertiTwin-q90,5
4,4,5,0.0,0.0,0.76313806,0.76313806,0.9999999999986896,0.0,0.0,0.0,0.0,0.6,0,5,4131,Greedy-SLA,SLA-Rule-Shield,5
4,4,5,0.0,0.0,0.76313806,0.76313806,0.9999999999986896,0.0,0.0,0.0,0.0,0.6,0,5,4131,Greedy-SLA,Fixed-UCB-1sigma-Shield,5
4,4,5,0.0,0.0,0.76313806,0.76313806,0.9999999999986896,0.0,0.0,0.0,0.0,0.6,0,5,4131,Greedy-SLA,Fixed-UCB-1.64sigma-Shield,5
0,2,5,1.0,0.0,0.76278657,0.6682329,0.8760417740431953,1.0,21.0,0.0,0.0,0.6,0,5,4131,DT-Top1,Full-CertiTwin-q90,5
0,4,5,1.0,0.0,0.76278657,0.76313806,1.000460797309265,1.0,57.0,0.0,0.0,0.6,0,5,4131,DT-Top1,SLA-Rule-Shield,5
0,2,5,1.0,0.0,0.76278657,0.6682329,0.8760417740431953,1.0,21.0,0.0,0.0,0.6,0,5,4131,DT-Top1,Fixed-UCB-1sigma-Shield,5
0,2,5,1.0,0.0,0.76278657,0.6682329,0.8760417740431953,1.0,21.0,0.0,0.0,0.6,0,5,4131,DT-Top1,Fixed-UCB-1.64sigma-Shield,5
2,2,5,0.0,0.0,0.6677499,0.6677499,0.9999999999985024,0.0,0.0,0.0,0.0,0.6,0,5,1005,PF,Full-CertiTwin-q90,5
2,2,5,0.0,0.0,0.6677499,0.6677499,0.9999999999985024,0.0,0.0,0.0,0.0,0.6,0,5,1005,PF,SLA-Rule-Shield,5
2,2,5,0.0,0.0,0.6677499,0.6677499,0.9999999999985024,0.0,0.0,0.0,0.0,0.6,0,5,1005,PF,Fixed-UCB-1sigma-Shield,5
2,2,5,0.0,0.0,0.6677499,0.6677499,0.9999999999985024,0.0,0.0,0.0,0.0,0.6,0,5,1005,PF,Fixed-UCB-1.64sigma-Shield,5
4,4,5,0.0,0.0,0.76313806,0.76313806,0.9999999999986896,0.0,0.0,0.0,0.0,0.6,0,5,1005,Greedy-SLA,Full-CertiTwin-q90,5
4,4,5,0.0,0.0,0.76313806,0.76313806,0.9999999999986896,0.0,0.0,0.0,0.0,0.6,0,5,1005,Greedy-SLA,SLA-Rule-Shield,5
4,4,5,0.0,0.0,0.76313806,0.76313806,0.9999999999986896,0.0,0.0,0.0,0.0,0.6,0,5,1005,Greedy-SLA,Fixed-UCB-1sigma-Shield,5
4,4,5,0.0,0.0,0.76313806,0.76313806,0.9999999999986896,0.0,0.0,0.0,0.0,0.6,0,5,1005,Greedy-SLA,Fixed-UCB-1.64sigma-Shield,5
4,4,5,0.0,0.0,0.76313806,0.76313806,0.9999999999986896,0.0,0.0,0.0,0.0,0.6,0,5,1005,DT-Top1,Full-CertiTwin-q90,5
4,4,5,0.0,0.0,0.76313806,0.76313806,0.9999999999986896,0.0,0.0,0.0,0.0,0.6,0,5,1005,DT-Top1,SLA-Rule-Shield,5
4,4,5,0.0,0.0,0.76313806,0.76313806,0.9999999999986896,0.0,0.0,0.0,0.0,0.6,0,5,1005,DT-Top1,Fixed-UCB-1sigma-Shield,5
4,4,5,0.0,0.0,0.76313806,0.76313806,0.9999999999986896,0.0,0.0,0.0,0.0,0.6,0,5,1005,DT-Top1,Fixed-UCB-1.64sigma-Shield,5
2,2,5,0.0,0.0,0.6677499,0.6677499,0.9999999999985024,0.0,0.0,0.0,0.0,0.6,0,5,18093,PF,Full-CertiTwin-q90,5
2,2,5,0.0,0.0,0.6677499,0.6677499,0.9999999999985024,0.0,0.0,0.0,0.0,0.6,0,5,18093,PF,SLA-Rule-Shield,5
2,2,5,0.0,0.0,0.6677499,0.6677499,0.9999999999985024,0.0,0.0,0.0,0.0,0.6,0,5,18093,PF,Fixed-UCB-1sigma-Shield,5
2,2,5,0.0,0.0,0.6677499,0.6677499,0.9999999999985024,0.0,0.0,0.0,0.0,0.6,0,5,18093,PF,Fixed-UCB-1.64sigma-Shield,5
4,4,5,0.0,0.0,0.76313806,0.76313806,0.9999999999986896,0.0,0.0,0.0,0.0,0.6,0,5,18093,Greedy-SLA,Full-CertiTwin-q90,5
4,4,5,0.0,0.0,0.76313806,0.76313806,0.9999999999986896,0.0,0.0,0.0,0.0,0.6,0,5,18093,Greedy-SLA,SLA-Rule-Shield,5
4,4,5,0.0,0.0,0.76313806,0.76313806,0.9999999999986896,0.0,0.0,0.0,0.0,0.6,0,5,18093,Greedy-SLA,Fixed-UCB-1sigma-Shield,5
4,4,5,0.0,0.0,0.76313806,0.76313806,0.9999999999986896,0.0,0.0,0.0,0.0,0.6,0,5,18093,Greedy-SLA,Fixed-UCB-1.64sigma-Shield,5
4,4,5,0.0,0.0,0.76313806,0.76313806,0.9999999999986896,0.0,0.0,0.0,0.0,0.6,0,5,18093,DT-Top1,Full-CertiTwin-q90,5
4,4,5,0.0,0.0,0.76313806,0.76313806,0.9999999999986896,0.0,0.0,0.0,0.0,0.6,0,5,18093,DT-Top1,SLA-Rule-Shield,5
4,4,5,0.0,0.0,0.76313806,0.76313806,0.9999999999986896,0.0,0.0,0.0,0.0,0.6,0,5,18093,DT-Top1,Fixed-UCB-1sigma-Shield,5
4,4,5,0.0,0.0,0.76313806,0.76313806,0.9999999999986896,0.0,0.0,0.0,0.0,0.6,0,5,18093,DT-Top1,Fixed-UCB-1.64sigma-Shield,5
2,2,5,0.0,0.0,0.6677499,0.6677499,0.9999999999985024,0.0,0.0,0.0,0.0,0.6,0,5,43295,PF,Full-CertiTwin-q90,5
2,2,5,0.0,0.0,0.6677499,0.6677499,0.9999999999985024,0.0,0.0,0.0,0.0,0.6,0,5,43295,PF,SLA-Rule-Shield,5
2,2,5,0.0,0.0,0.6677499,0.6677499,0.9999999999985024,0.0,0.0,0.0,0.0,0.6,0,5,43295,PF,Fixed-UCB-1sigma-Shield,5
2,2,5,0.0,0.0,0.6677499,0.6677499,0.9999999999985024,0.0,0.0,0.0,0.0,0.6,0,5,43295,PF,Fixed-UCB-1.64sigma-Shield,5
4,4,5,0.0,0.0,0.76313806,0.76313806,0.9999999999986896,0.0,0.0,0.0,0.0,0.6,0,5,43295,Greedy-SLA,Full-CertiTwin-q90,5
4,4,5,0.0,0.0,0.76313806,0.76313806,0.9999999999986896,0.0,0.0,0.0,0.0,0.6,0,5,43295,Greedy-SLA,SLA-Rule-Shield,5
4,4,5,0.0,0.0,0.76313806,0.76313806,0.9999999999986896,0.0,0.0,0.0,0.0,0.6,0,5,43295,Greedy-SLA,Fixed-UCB-1sigma-Shield,5
4,4,5,0.0,0.0,0.76313806,0.76313806,0.9999999999986896,0.0,0.0,0.0,0.0,0.6,0,5,43295,Greedy-SLA,Fixed-UCB-1.64sigma-Shield,5
4,4,5,0.0,0.0,0.76313806,0.76313806,0.9999999999986896,0.0,0.0,0.0,0.0,0.6,0,5,43295,DT-Top1,Full-CertiTwin-q90,5
4,4,5,0.0,0.0,0.76313806,0.76313806,0.9999999999986896,0.0,0.0,0.0,0.0,0.6,0,5,43295,DT-Top1,SLA-Rule-Shield,5
4,4,5,0.0,0.0,0.76313806,0.76313806,0.9999999999986896,0.0,0.0,0.0,0.0,0.6,0,5,43295,DT-Top1,Fixed-UCB-1sigma-Shield,5
4,4,5,0.0,0.0,0.76313806,0.76313806,0.9999999999986896,0.0,0.0,0.0,0.0,0.6,0,5,43295,DT-Top1,Fixed-UCB-1.64sigma-Shield,5
2,2,5,0.0,0.0,0.6677499,0.6677499,0.9999999999985024,0.0,0.0,0.0,0.0,0.6,0,5,48201,PF,Full-CertiTwin-q90,5
2,2,5,0.0,0.0,0.6677499,0.6677499,0.9999999999985024,0.0,0.0,0.0,0.0,0.6,0,5,48201,PF,SLA-Rule-Shield,5
2,2,5,0.0,0.0,0.6677499,0.6677499,0.9999999999985024,0.0,0.0,0.0,0.0,0.6,0,5,48201,PF,Fixed-UCB-1sigma-Shield,5
2,2,5,0.0,0.0,0.6677499,0.6677499,0.9999999999985024,0.0,0.0,0.0,0.0,0.6,0,5,48201,PF,Fixed-UCB-1.64sigma-Shield,5
4,4,5,0.0,0.0,0.76313806,0.76313806,0.9999999999986896,0.0,0.0,0.0,0.0,0.6,0,5,48201,Greedy-SLA,Full-CertiTwin-q90,5
4,4,5,0.0,0.0,0.76313806,0.76313806,0.9999999999986896,0.0,0.0,0.0,0.0,0.6,0,5,48201,Greedy-SLA,SLA-Rule-Shield,5
4,4,5,0.0,0.0,0.76313806,0.76313806,0.9999999999986896,0.0,0.0,0.0,0.0,0.6,0,5,48201,Greedy-SLA,Fixed-UCB-1sigma-Shield,5
4,4,5,0.0,0.0,0.76313806,0.76313806,0.9999999999986896,0.0,0.0,0.0,0.0,0.6,0,5,48201,Greedy-SLA,Fixed-UCB-1.64sigma-Shield,5
0,2,5,1.0,0.0,0.76278657,0.6677499,0.875408569397236,1.0,21.0,0.0,0.0,0.6,0,5,48201,DT-Top1,Full-CertiTwin-q90,5
0,4,5,1.0,0.0,0.76278657,0.76313806,1.000460797309265,1.0,57.0,0.0,0.0,0.6,0,5,48201,DT-Top1,SLA-Rule-Shield,5
0,2,5,1.0,0.0,0.76278657,0.6677499,0.875408569397236,1.0,21.0,0.0,0.0,0.6,0,5,48201,DT-Top1,Fixed-UCB-1sigma-Shield,5
0,2,5,1.0,0.0,0.76278657,0.6677499,0.875408569397236,1.0,21.0,0.0,0.0,0.6,0,5,48201,DT-Top1,Fixed-UCB-1.64sigma-Shield,5
2,2,5,0.0,0.0,0.6677499,0.6677499,0.9999999999985024,0.0,0.0,0.0,0.0,0.6,0,5,21501,PF,Full-CertiTwin-q90,5
2,2,5,0.0,0.0,0.6677499,0.6677499,0.9999999999985024,0.0,0.0,0.0,0.0,0.6,0,5,21501,PF,SLA-Rule-Shield,5
2,2,5,0.0,0.0,0.6677499,0.6677499,0.9999999999985024,0.0,0.0,0.0,0.0,0.6,0,5,21501,PF,Fixed-UCB-1sigma-Shield,5
2,2,5,0.0,0.0,0.6677499,0.6677499,0.9999999999985024,0.0,0.0,0.0,0.0,0.6,0,5,21501,PF,Fixed-UCB-1.64sigma-Shield,5
4,4,5,0.0,0.0,0.76313806,0.76313806,0.9999999999986896,0.0,0.0,0.0,0.0,0.6,0,5,21501,Greedy-SLA,Full-CertiTwin-q90,5
4,4,5,0.0,0.0,0.76313806,0.76313806,0.9999999999986896,0.0,0.0,0.0,0.0,0.6,0,5,21501,Greedy-SLA,SLA-Rule-Shield,5
4,4,5,0.0,0.0,0.76313806,0.76313806,0.9999999999986896,0.0,0.0,0.0,0.0,0.6,0,5,21501,Greedy-SLA,Fixed-UCB-1sigma-Shield,5
4,4,5,0.0,0.0,0.76313806,0.76313806,0.9999999999986896,0.0,0.0,0.0,0.0,0.6,0,5,21501,Greedy-SLA,Fixed-UCB-1.64sigma-Shield,5
0,2,5,1.0,0.0,0.76278657,0.6677499,0.875408569397236,1.0,21.0,0.0,0.0,0.6,0,5,21501,DT-Top1,Full-CertiTwin-q90,5
0,4,5,1.0,0.0,0.76278657,0.76313806,1.000460797309265,1.0,57.0,0.0,0.0,0.6,0,5,21501,DT-Top1,SLA-Rule-Shield,5
0,2,5,1.0,0.0,0.76278657,0.6677499,0.875408569397236,1.0,21.0,0.0,0.0,0.6,0,5,21501,DT-Top1,Fixed-UCB-1sigma-Shield,5
0,2,5,1.0,0.0,0.76278657,0.6677499,0.875408569397236,1.0,21.0,0.0,0.0,0.6,0,5,21501,DT-Top1,Fixed-UCB-1.64sigma-Shield,5
2,2,5,0.0,0.0,0.6677499,0.6677499,0.9999999999985024,0.0,0.0,0.0,0.0,0.6,0,5,41864,PF,Full-CertiTwin-q90,5
2,2,5,0.0,0.0,0.6677499,0.6677499,0.9999999999985024,0.0,0.0,0.0,0.0,0.6,0,5,41864,PF,SLA-Rule-Shield,5
2,2,5,0.0,0.0,0.6677499,0.6677499,0.9999999999985024,0.0,0.0,0.0,0.0,0.6,0,5,41864,PF,Fixed-UCB-1sigma-Shield,5
2,2,5,0.0,0.0,0.6677499,0.6677499,0.9999999999985024,0.0,0.0,0.0,0.0,0.6,0,5,41864,PF,Fixed-UCB-1.64sigma-Shield,5
4,4,5,0.0,0.0,0.76313806,0.76313806,0.9999999999986896,0.0,0.0,0.0,0.0,0.6,0,5,41864,Greedy-SLA,Full-CertiTwin-q90,5
4,4,5,0.0,0.0,0.76313806,0.76313806,0.9999999999986896,0.0,0.0,0.0,0.0,0.6,0,5,41864,Greedy-SLA,SLA-Rule-Shield,5
4,4,5,0.0,0.0,0.76313806,0.76313806,0.9999999999986896,0.0,0.0,0.0,0.0,0.6,0,5,41864,Greedy-SLA,Fixed-UCB-1sigma-Shield,5
4,4,5,0.0,0.0,0.76313806,0.76313806,0.9999999999986896,0.0,0.0,0.0,0.0,0.6,0,5,41864,Greedy-SLA,Fixed-UCB-1.64sigma-Shield,5
0,2,5,1.0,0.0,0.76278657,0.6677499,0.875408569397236,1.0,21.0,0.0,0.0,0.6,0,5,41864,DT-Top1,Full-CertiTwin-q90,5
0,4,5,1.0,0.0,0.76278657,0.76313806,1.000460797309265,1.0,57.0,0.0,0.0,0.6,0,5,41864,DT-Top1,SLA-Rule-Shield,5
0,2,5,1.0,0.0,0.76278657,0.6677499,0.875408569397236,1.0,21.0,0.0,0.0,0.6,0,5,41864,DT-Top1,Fixed-UCB-1sigma-Shield,5
0,2,5,1.0,0.0,0.76278657,0.6677499,0.875408569397236,1.0,21.0,0.0,0.0,0.6,0,5,41864,DT-Top1,Fixed-UCB-1.64sigma-Shield,5
2,2,5,0.0,0.0,0.6677499,0.6677499,0.9999999999985024,0.0,0.0,0.0,0.0,0.6,0,5,53552,PF,Full-CertiTwin-q90,5
2,2,5,0.0,0.0,0.6677499,0.6677499,0.9999999999985024,0.0,0.0,0.0,0.0,0.6,0,5,53552,PF,SLA-Rule-Shield,5
2,2,5,0.0,0.0,0.6677499,0.6677499,0.9999999999985024,0.0,0.0,0.0,0.0,0.6,0,5,53552,PF,Fixed-UCB-1sigma-Shield,5
2,2,5,0.0,0.0,0.6677499,0.6677499,0.9999999999985024,0.0,0.0,0.0,0.0,0.6,0,5,53552,PF,Fixed-UCB-1.64sigma-Shield,5
4,4,5,0.0,0.0,0.76313806,0.76313806,0.9999999999986896,0.0,0.0,0.0,0.0,0.6,0,5,53552,Greedy-SLA,Full-CertiTwin-q90,5
4,4,5,0.0,0.0,0.76313806,0.76313806,0.9999999999986896,0.0,0.0,0.0,0.0,0.6,0,5,53552,Greedy-SLA,SLA-Rule-Shield,5
4,4,5,0.0,0.0,0.76313806,0.76313806,0.9999999999986896,0.0,0.0,0.0,0.0,0.6,0,5,53552,Greedy-SLA,Fixed-UCB-1sigma-Shield,5
4,4,5,0.0,0.0,0.76313806,0.76313806,0.9999999999986896,0.0,0.0,0.0,0.0,0.6,0,5,53552,Greedy-SLA,Fixed-UCB-1.64sigma-Shield,5
0,2,5,1.0,0.0,0.77741534,0.6677499,0.8589358424534574,1.0,21.0,0.0,0.0,0.6,0,5,53552,DT-Top1,Full-CertiTwin-q90,5
0,4,5,1.0,0.0,0.77741534,0.76313806,0.981634939180668,1.0,57.0,0.0,0.0,0.6,0,5,53552,DT-Top1,SLA-Rule-Shield,5
0,2,5,1.0,0.0,0.77741534,0.6677499,0.8589358424534574,1.0,21.0,0.0,0.0,0.6,0,5,53552,DT-Top1,Fixed-UCB-1sigma-Shield,5
0,2,5,1.0,0.0,0.77741534,0.6677499,0.8589358424534574,1.0,21.0,0.0,0.0,0.6,0,5,53552,DT-Top1,Fixed-UCB-1.64sigma-Shield,5
2,2,5,0.0,0.0,0.6506768,0.6506768,0.9999999999984632,0.0,0.0,0.0,0.0,0.6,0,5,34374,PF,Full-CertiTwin-q90,5
2,2,5,0.0,0.0,0.6506768,0.6506768,0.9999999999984632,0.0,0.0,0.0,0.0,0.6,0,5,34374,PF,SLA-Rule-Shield,5
2,2,5,0.0,0.0,0.6506768,0.6506768,0.9999999999984632,0.0,0.0,0.0,0.0,0.6,0,5,34374,PF,Fixed-UCB-1sigma-Shield,5
2,2,5,0.0,0.0,0.6506768,0.6506768,0.9999999999984632,0.0,0.0,0.0,0.0,0.6,0,5,34374,PF,Fixed-UCB-1.64sigma-Shield,5
4,4,5,0.0,0.0,0.76313806,0.76313806,0.9999999999986896,0.0,0.0,0.0,0.0,0.6,0,5,34374,Greedy-SLA,Full-CertiTwin-q90,5
4,4,5,0.0,0.0,0.76313806,0.76313806,0.9999999999986896,0.0,0.0,0.0,0.0,0.6,0,5,34374,Greedy-SLA,SLA-Rule-Shield,5
4,4,5,0.0,0.0,0.76313806,0.76313806,0.9999999999986896,0.0,0.0,0.0,0.0,0.6,0,5,34374,Greedy-SLA,Fixed-UCB-1sigma-Shield,5
4,4,5,0.0,0.0,0.76313806,0.76313806,0.9999999999986896,0.0,0.0,0.0,0.0,0.6,0,5,34374,Greedy-SLA,Fixed-UCB-1.64sigma-Shield,5
0,2,5,1.0,0.0,0.76278657,0.6506768,0.853026030596143,1.0,21.0,0.0,0.0,0.6,0,5,34374,DT-Top1,Full-CertiTwin-q90,5
0,4,5,1.0,0.0,0.76278657,0.76313806,1.000460797309265,1.0,57.0,0.0,0.0,0.6,0,5,34374,DT-Top1,SLA-Rule-Shield,5
0,2,5,1.0,0.0,0.76278657,0.6506768,0.853026030596143,1.0,21.0,0.0,0.0,0.6,0,5,34374,DT-Top1,Fixed-UCB-1sigma-Shield,5
0,2,5,1.0,0.0,0.76278657,0.6506768,0.853026030596143,1.0,21.0,0.0,0.0,0.6,0,5,34374,DT-Top1,Fixed-UCB-1.64sigma-Shield,5
2,2,5,0.0,0.0,0.6677499,0.6677499,0.9999999999985024,0.0,0.0,0.0,0.0,0.6,0,5,39896,PF,Full-CertiTwin-q90,5
2,2,5,0.0,0.0,0.6677499,0.6677499,0.9999999999985024,0.0,0.0,0.0,0.0,0.6,0,5,39896,PF,SLA-Rule-Shield,5
2,2,5,0.0,0.0,0.6677499,0.6677499,0.9999999999985024,0.0,0.0,0.0,0.0,0.6,0,5,39896,PF,Fixed-UCB-1sigma-Shield,5
2,2,5,0.0,0.0,0.6677499,0.6677499,0.9999999999985024,0.0,0.0,0.0,0.0,0.6,0,5,39896,PF,Fixed-UCB-1.64sigma-Shield,5
0,2,5,1.0,0.0,0.76278657,0.6677499,0.875408569397236,1.0,21.0,0.0,0.0,0.6,0,5,39896,Greedy-SLA,Full-CertiTwin-q90,5
0,4,5,1.0,0.0,0.76278657,0.7566483,0.9919528341971308,1.0,57.0,0.0,0.0,0.6,0,5,39896,Greedy-SLA,SLA-Rule-Shield,5
0,2,5,1.0,0.0,0.76278657,0.6677499,0.875408569397236,1.0,21.0,0.0,0.0,0.6,0,5,39896,Greedy-SLA,Fixed-UCB-1sigma-Shield,5
0,2,5,1.0,0.0,0.76278657,0.6677499,0.875408569397236,1.0,21.0,0.0,0.0,0.6,0,5,39896,Greedy-SLA,Fixed-UCB-1.64sigma-Shield,5
0,2,5,1.0,0.0,0.76278657,0.6677499,0.875408569397236,1.0,21.0,0.0,0.0,0.6,0,5,39896,DT-Top1,Full-CertiTwin-q90,5
0,4,5,1.0,0.0,0.76278657,0.7566483,0.9919528341971308,1.0,57.0,0.0,0.0,0.6,0,5,39896,DT-Top1,SLA-Rule-Shield,5
0,2,5,1.0,0.0,0.76278657,0.6677499,0.875408569397236,1.0,21.0,0.0,0.0,0.6,0,5,39896,DT-Top1,Fixed-UCB-1sigma-Shield,5
0,2,5,1.0,0.0,0.76278657,0.6677499,0.875408569397236,1.0,21.0,0.0,0.0,0.6,0,5,39896,DT-Top1,Fixed-UCB-1.64sigma-Shield,5
2,2,5,0.0,0.0,0.6677499,0.6677499,0.9999999999985024,0.0,0.0,0.0,0.0,0.6,0,5,19215,PF,Full-CertiTwin-q90,5
2,2,5,0.0,0.0,0.6677499,0.6677499,0.9999999999985024,0.0,0.0,0.0,0.0,0.6,0,5,19215,PF,SLA-Rule-Shield,5
2,2,5,0.0,0.0,0.6677499,0.6677499,0.9999999999985024,0.0,0.0,0.0,0.0,0.6,0,5,19215,PF,Fixed-UCB-1sigma-Shield,5
2,2,5,0.0,0.0,0.6677499,0.6677499,0.9999999999985024,0.0,0.0,0.0,0.0,0.6,0,5,19215,PF,Fixed-UCB-1.64sigma-Shield,5
4,4,5,0.0,0.0,0.7526786,0.7526786,0.9999999999986714,0.0,0.0,0.0,0.0,0.6,0,5,19215,Greedy-SLA,Full-CertiTwin-q90,5
4,4,5,0.0,0.0,0.7526786,0.7526786,0.9999999999986714,0.0,0.0,0.0,0.0,0.6,0,5,19215,Greedy-SLA,SLA-Rule-Shield,5
4,4,5,0.0,0.0,0.7526786,0.7526786,0.9999999999986714,0.0,0.0,0.0,0.0,0.6,0,5,19215,Greedy-SLA,Fixed-UCB-1sigma-Shield,5
4,4,5,0.0,0.0,0.7526786,0.7526786,0.9999999999986714,0.0,0.0,0.0,0.0,0.6,0,5,19215,Greedy-SLA,Fixed-UCB-1.64sigma-Shield,5
0,2,5,1.0,0.0,0.76278657,0.6677499,0.875408569397236,1.0,21.0,0.0,0.0,0.6,0,5,19215,DT-Top1,Full-CertiTwin-q90,5
0,4,5,1.0,0.0,0.76278657,0.7526786,0.9867486261576592,1.0,57.0,0.0,0.0,0.6,0,5,19215,DT-Top1,SLA-Rule-Shield,5
0,2,5,1.0,0.0,0.76278657,0.6677499,0.875408569397236,1.0,21.0,0.0,0.0,0.6,0,5,19215,DT-Top1,Fixed-UCB-1sigma-Shield,5
0,2,5,1.0,0.0,0.76278657,0.6677499,0.875408569397236,1.0,21.0,0.0,0.0,0.6,0,5,19215,DT-Top1,Fixed-UCB-1.64sigma-Shield,5
2,2,5,0.0,0.0,0.6677499,0.6677499,0.9999999999985024,0.0,0.0,0.0,0.0,0.6,0,5,12088,PF,Full-CertiTwin-q90,5
2,2,5,0.0,0.0,0.6677499,0.6677499,0.9999999999985024,0.0,0.0,0.0,0.0,0.6,0,5,12088,PF,SLA-Rule-Shield,5
2,2,5,0.0,0.0,0.6677499,0.6677499,0.9999999999985024,0.0,0.0,0.0,0.0,0.6,0,5,12088,PF,Fixed-UCB-1sigma-Shield,5
2,2,5,0.0,0.0,0.6677499,0.6677499,0.9999999999985024,0.0,0.0,0.0,0.0,0.6,0,5,12088,PF,Fixed-UCB-1.64sigma-Shield,5
4,4,5,0.0,0.0,0.74035645,0.74035645,0.9999999999986492,0.0,0.0,0.0,0.0,0.6,0,5,12088,Greedy-SLA,Full-CertiTwin-q90,5
4,4,5,0.0,0.0,0.74035645,0.74035645,0.9999999999986492,0.0,0.0,0.0,0.0,0.6,0,5,12088,Greedy-SLA,SLA-Rule-Shield,5
4,4,5,0.0,0.0,0.74035645,0.74035645,0.9999999999986492,0.0,0.0,0.0,0.0,0.6,0,5,12088,Greedy-SLA,Fixed-UCB-1sigma-Shield,5
4,4,5,0.0,0.0,0.74035645,0.74035645,0.9999999999986492,0.0,0.0,0.0,0.0,0.6,0,5,12088,Greedy-SLA,Fixed-UCB-1.64sigma-Shield,5
0,2,5,1.0,0.0,0.76278657,0.6677499,0.875408569397236,1.0,21.0,0.0,0.0,0.6,0,5,12088,DT-Top1,Full-CertiTwin-q90,5
0,4,5,1.0,0.0,0.76278657,0.74035645,0.9705945006334202,1.0,57.0,0.0,0.0,0.6,0,5,12088,DT-Top1,SLA-Rule-Shield,5
0,2,5,1.0,0.0,0.76278657,0.6677499,0.875408569397236,1.0,21.0,0.0,0.0,0.6,0,5,12088,DT-Top1,Fixed-UCB-1sigma-Shield,5
0,2,5,1.0,0.0,0.76278657,0.6677499,0.875408569397236,1.0,21.0,0.0,0.0,0.6,0,5,12088,DT-Top1,Fixed-UCB-1.64sigma-Shield,5
2,2,5,0.0,0.0,0.6677499,0.6677499,0.9999999999985024,0.0,0.0,0.0,0.0,0.6,0,5,29485,PF,Full-CertiTwin-q90,5
2,2,5,0.0,0.0,0.6677499,0.6677499,0.9999999999985024,0.0,0.0,0.0,0.0,0.6,0,5,29485,PF,SLA-Rule-Shield,5
2,2,5,0.0,0.0,0.6677499,0.6677499,0.9999999999985024,0.0,0.0,0.0,0.0,0.6,0,5,29485,PF,Fixed-UCB-1sigma-Shield,5
2,2,5,0.0,0.0,0.6677499,0.6677499,0.9999999999985024,0.0,0.0,0.0,0.0,0.6,0,5,29485,PF,Fixed-UCB-1.64sigma-Shield,5
4,4,5,0.0,0.0,0.76313806,0.76313806,0.9999999999986896,0.0,0.0,0.0,0.0,0.6,0,5,29485,Greedy-SLA,Full-CertiTwin-q90,5
4,4,5,0.0,0.0,0.76313806,0.76313806,0.9999999999986896,0.0,0.0,0.0,0.0,0.6,0,5,29485,Greedy-SLA,SLA-Rule-Shield,5
4,4,5,0.0,0.0,0.76313806,0.76313806,0.9999999999986896,0.0,0.0,0.0,0.0,0.6,0,5,29485,Greedy-SLA,Fixed-UCB-1sigma-Shield,5
4,4,5,0.0,0.0,0.76313806,0.76313806,0.9999999999986896,0.0,0.0,0.0,0.0,0.6,0,5,29485,Greedy-SLA,Fixed-UCB-1.64sigma-Shield,5
0,2,5,1.0,0.0,0.76278657,0.6677499,0.875408569397236,1.0,21.0,0.0,0.0,0.6,0,5,29485,DT-Top1,Full-CertiTwin-q90,5
0,4,5,1.0,0.0,0.76278657,0.76313806,1.000460797309265,1.0,57.0,0.0,0.0,0.6,0,5,29485,DT-Top1,SLA-Rule-Shield,5
0,2,5,1.0,0.0,0.76278657,0.6677499,0.875408569397236,1.0,21.0,0.0,0.0,0.6,0,5,29485,DT-Top1,Fixed-UCB-1sigma-Shield,5
0,2,5,1.0,0.0,0.76278657,0.6677499,0.875408569397236,1.0,21.0,0.0,0.0,0.6,0,5,29485,DT-Top1,Fixed-UCB-1.64sigma-Shield,5
2,2,5,0.0,0.0,0.6677499,0.6677499,0.9999999999985024,0.0,0.0,0.0,0.0,0.6,0,5,53316,PF,Full-CertiTwin-q90,5
2,2,5,0.0,0.0,0.6677499,0.6677499,0.9999999999985024,0.0,0.0,0.0,0.0,0.6,0,5,53316,PF,SLA-Rule-Shield,5
2,2,5,0.0,0.0,0.6677499,0.6677499,0.9999999999985024,0.0,0.0,0.0,0.0,0.6,0,5,53316,PF,Fixed-UCB-1sigma-Shield,5
2,2,5,0.0,0.0,0.6677499,0.6677499,0.9999999999985024,0.0,0.0,0.0,0.0,0.6,0,5,53316,PF,Fixed-UCB-1.64sigma-Shield,5
0,2,5,1.0,0.0,0.76278657,0.6677499,0.875408569397236,1.0,21.0,0.0,0.0,0.6,0,5,53316,Greedy-SLA,Full-CertiTwin-q90,5
0,4,5,1.0,0.0,0.76278657,0.76313806,1.000460797309265,1.0,57.0,0.0,0.0,0.6,0,5,53316,Greedy-SLA,SLA-Rule-Shield,5
0,2,5,1.0,0.0,0.76278657,0.6677499,0.875408569397236,1.0,21.0,0.0,0.0,0.6,0,5,53316,Greedy-SLA,Fixed-UCB-1sigma-Shield,5
0,2,5,1.0,0.0,0.76278657,0.6677499,0.875408569397236,1.0,21.0,0.0,0.0,0.6,0,5,53316,Greedy-SLA,Fixed-UCB-1.64sigma-Shield,5
0,2,5,1.0,0.0,0.76278657,0.6677499,0.875408569397236,1.0,21.0,0.0,0.0,0.6,0,5,53316,DT-Top1,Full-CertiTwin-q90,5
0,4,5,1.0,0.0,0.76278657,0.76313806,1.000460797309265,1.0,57.0,0.0,0.0,0.6,0,5,53316,DT-Top1,SLA-Rule-Shield,5
0,2,5,1.0,0.0,0.76278657,0.6677499,0.875408569397236,1.0,21.0,0.0,0.0,0.6,0,5,53316,DT-Top1,Fixed-UCB-1sigma-Shield,5
0,2,5,1.0,0.0,0.76278657,0.6677499,0.875408569397236,1.0,21.0,0.0,0.0,0.6,0,5,53316,DT-Top1,Fixed-UCB-1.64sigma-Shield,5
2,2,5,0.0,0.0,0.6677499,0.6677499,0.9999999999985024,0.0,0.0,0.0,0.0,0.6,0,5,58647,PF,Full-CertiTwin-q90,5
2,2,5,0.0,0.0,0.6677499,0.6677499,0.9999999999985024,0.0,0.0,0.0,0.0,0.6,0,5,58647,PF,SLA-Rule-Shield,5
2,2,5,0.0,0.0,0.6677499,0.6677499,0.9999999999985024,0.0,0.0,0.0,0.0,0.6,0,5,58647,PF,Fixed-UCB-1sigma-Shield,5
2,2,5,0.0,0.0,0.6677499,0.6677499,0.9999999999985024,0.0,0.0,0.0,0.0,0.6,0,5,58647,PF,Fixed-UCB-1.64sigma-Shield,5
4,4,5,0.0,0.0,0.76313806,0.76313806,0.9999999999986896,0.0,0.0,0.0,0.0,0.6,0,5,58647,Greedy-SLA,Full-CertiTwin-q90,5
4,4,5,0.0,0.0,0.76313806,0.76313806,0.9999999999986896,0.0,0.0,0.0,0.0,0.6,0,5,58647,Greedy-SLA,SLA-Rule-Shield,5
4,4,5,0.0,0.0,0.76313806,0.76313806,0.9999999999986896,0.0,0.0,0.0,0.0,0.6,0,5,58647,Greedy-SLA,Fixed-UCB-1sigma-Shield,5
4,4,5,0.0,0.0,0.76313806,0.76313806,0.9999999999986896,0.0,0.0,0.0,0.0,0.6,0,5,58647,Greedy-SLA,Fixed-UCB-1.64sigma-Shield,5
4,4,5,0.0,0.0,0.76313806,0.76313806,0.9999999999986896,0.0,0.0,0.0,0.0,0.6,0,5,58647,DT-Top1,Full-CertiTwin-q90,5
4,4,5,0.0,0.0,0.76313806,0.76313806,0.9999999999986896,0.0,0.0,0.0,0.0,0.6,0,5,58647,DT-Top1,SLA-Rule-Shield,5
4,4,5,0.0,0.0,0.76313806,0.76313806,0.9999999999986896,0.0,0.0,0.0,0.0,0.6,0,5,58647,DT-Top1,Fixed-UCB-1sigma-Shield,5
4,4,5,0.0,0.0,0.76313806,0.76313806,0.9999999999986896,0.0,0.0,0.0,0.0,0.6,0,5,58647,DT-Top1,Fixed-UCB-1.64sigma-Shield,5
2,2,5,0.0,0.0,0.6677499,0.6677499,0.9999999999985024,0.0,0.0,0.0,0.0,0.6,0,5,18928,PF,Full-CertiTwin-q90,5
2,2,5,0.0,0.0,0.6677499,0.6677499,0.9999999999985024,0.0,0.0,0.0,0.0,0.6,0,5,18928,PF,SLA-Rule-Shield,5
2,2,5,0.0,0.0,0.6677499,0.6677499,0.9999999999985024,0.0,0.0,0.0,0.0,0.6,0,5,18928,PF,Fixed-UCB-1sigma-Shield,5
2,2,5,0.0,0.0,0.6677499,0.6677499,0.9999999999985024,0.0,0.0,0.0,0.0,0.6,0,5,18928,PF,Fixed-UCB-1.64sigma-Shield,5
4,4,5,0.0,0.0,0.76313806,0.76313806,0.9999999999986896,0.0,0.0,0.0,0.0,0.6,0,5,18928,Greedy-SLA,Full-CertiTwin-q90,5
4,4,5,0.0,0.0,0.76313806,0.76313806,0.9999999999986896,0.0,0.0,0.0,0.0,0.6,0,5,18928,Greedy-SLA,SLA-Rule-Shield,5
4,4,5,0.0,0.0,0.76313806,0.76313806,0.9999999999986896,0.0,0.0,0.0,0.0,0.6,0,5,18928,Greedy-SLA,Fixed-UCB-1sigma-Shield,5
4,4,5,0.0,0.0,0.76313806,0.76313806,0.9999999999986896,0.0,0.0,0.0,0.0,0.6,0,5,18928,Greedy-SLA,Fixed-UCB-1.64sigma-Shield,5
4,4,5,0.0,0.0,0.76313806,0.76313806,0.9999999999986896,0.0,0.0,0.0,0.0,0.6,0,5,18928,DT-Top1,Full-CertiTwin-q90,5
4,4,5,0.0,0.0,0.76313806,0.76313806,0.9999999999986896,0.0,0.0,0.0,0.0,0.6,0,5,18928,DT-Top1,SLA-Rule-Shield,5
4,4,5,0.0,0.0,0.76313806,0.76313806,0.9999999999986896,0.0,0.0,0.0,0.0,0.6,0,5,18928,DT-Top1,Fixed-UCB-1sigma-Shield,5
4,4,5,0.0,0.0,0.76313806,0.76313806,0.9999999999986896,0.0,0.0,0.0,0.0,0.6,0,5,18928,DT-Top1,Fixed-UCB-1.64sigma-Shield,5
2,2,5,0.0,0.0,0.6677499,0.6677499,0.9999999999985024,0.0,0.0,0.0,0.0,0.6,0,5,17903,PF,Full-CertiTwin-q90,5
2,2,5,0.0,0.0,0.6677499,0.6677499,0.9999999999985024,0.0,0.0,0.0,0.0,0.6,0,5,17903,PF,SLA-Rule-Shield,5
2,2,5,0.0,0.0,0.6677499,0.6677499,0.9999999999985024,0.0,0.0,0.0,0.0,0.6,0,5,17903,PF,Fixed-UCB-1sigma-Shield,5
2,2,5,0.0,0.0,0.6677499,0.6677499,0.9999999999985024,0.0,0.0,0.0,0.0,0.6,0,5,17903,PF,Fixed-UCB-1.64sigma-Shield,5
4,4,5,0.0,0.0,0.76313806,0.76313806,0.9999999999986896,0.0,0.0,0.0,0.0,0.6,0,5,17903,Greedy-SLA,Full-CertiTwin-q90,5
4,4,5,0.0,0.0,0.76313806,0.76313806,0.9999999999986896,0.0,0.0,0.0,0.0,0.6,0,5,17903,Greedy-SLA,SLA-Rule-Shield,5
4,4,5,0.0,0.0,0.76313806,0.76313806,0.9999999999986896,0.0,0.0,0.0,0.0,0.6,0,5,17903,Greedy-SLA,Fixed-UCB-1sigma-Shield,5
4,4,5,0.0,0.0,0.76313806,0.76313806,0.9999999999986896,0.0,0.0,0.0,0.0,0.6,0,5,17903,Greedy-SLA,Fixed-UCB-1.64sigma-Shield,5
0,2,5,1.0,0.0,0.76278657,0.6677499,0.875408569397236,1.0,21.0,0.0,0.0,0.6,0,5,17903,DT-Top1,Full-CertiTwin-q90,5
0,4,5,1.0,0.0,0.76278657,0.76313806,1.000460797309265,1.0,57.0,0.0,0.0,0.6,0,5,17903,DT-Top1,SLA-Rule-Shield,5
0,2,5,1.0,0.0,0.76278657,0.6677499,0.875408569397236,1.0,21.0,0.0,0.0,0.6,0,5,17903,DT-Top1,Fixed-UCB-1sigma-Shield,5
0,2,5,1.0,0.0,0.76278657,0.6677499,0.875408569397236,1.0,21.0,0.0,0.0,0.6,0,5,17903,DT-Top1,Fixed-UCB-1.64sigma-Shield,5
2,2,5,0.0,0.0,0.6677499,0.6677499,0.9999999999985024,0.0,0.0,0.0,0.0,0.6,0,5,53614,PF,Full-CertiTwin-q90,5
2,2,5,0.0,0.0,0.6677499,0.6677499,0.9999999999985024,0.0,0.0,0.0,0.0,0.6,0,5,53614,PF,SLA-Rule-Shield,5
2,2,5,0.0,0.0,0.6677499,0.6677499,0.9999999999985024,0.0,0.0,0.0,0.0,0.6,0,5,53614,PF,Fixed-UCB-1sigma-Shield,5
2,2,5,0.0,0.0,0.6677499,0.6677499,0.9999999999985024,0.0,0.0,0.0,0.0,0.6,0,5,53614,PF,Fixed-UCB-1.64sigma-Shield,5
4,4,5,0.0,0.0,0.76313806,0.76313806,0.9999999999986896,0.0,0.0,0.0,0.0,0.6,0,5,53614,Greedy-SLA,Full-CertiTwin-q90,5
4,4,5,0.0,0.0,0.76313806,0.76313806,0.9999999999986896,0.0,0.0,0.0,0.0,0.6,0,5,53614,Greedy-SLA,SLA-Rule-Shield,5
4,4,5,0.0,0.0,0.76313806,0.76313806,0.9999999999986896,0.0,0.0,0.0,0.0,0.6,0,5,53614,Greedy-SLA,Fixed-UCB-1sigma-Shield,5
4,4,5,0.0,0.0,0.76313806,0.76313806,0.9999999999986896,0.0,0.0,0.0,0.0,0.6,0,5,53614,Greedy-SLA,Fixed-UCB-1.64sigma-Shield,5
0,2,5,1.0,0.0,0.76278657,0.6677499,0.875408569397236,1.0,21.0,0.0,0.0,0.6,0,5,53614,DT-Top1,Full-CertiTwin-q90,5
0,4,5,1.0,0.0,0.76278657,0.76313806,1.000460797309265,1.0,57.0,0.0,0.0,0.6,0,5,53614,DT-Top1,SLA-Rule-Shield,5
0,2,5,1.0,0.0,0.76278657,0.6677499,0.875408569397236,1.0,21.0,0.0,0.0,0.6,0,5,53614,DT-Top1,Fixed-UCB-1sigma-Shield,5
0,2,5,1.0,0.0,0.76278657,0.6677499,0.875408569397236,1.0,21.0,0.0,0.0,0.6,0,5,53614,DT-Top1,Fixed-UCB-1.64sigma-Shield,5
2,2,5,0.0,0.0,0.6677499,0.6677499,0.9999999999985024,0.0,0.0,0.0,0.0,0.6,0,5,30384,PF,Full-CertiTwin-q90,5
2,2,5,0.0,0.0,0.6677499,0.6677499,0.9999999999985024,0.0,0.0,0.0,0.0,0.6,0,5,30384,PF,SLA-Rule-Shield,5
2,2,5,0.0,0.0,0.6677499,0.6677499,0.9999999999985024,0.0,0.0,0.0,0.0,0.6,0,5,30384,PF,Fixed-UCB-1sigma-Shield,5
2,2,5,0.0,0.0,0.6677499,0.6677499,0.9999999999985024,0.0,0.0,0.0,0.0,0.6,0,5,30384,PF,Fixed-UCB-1.64sigma-Shield,5
4,4,5,0.0,0.0,0.76313806,0.76313806,0.9999999999986896,0.0,0.0,0.0,0.0,0.6,0,5,30384,Greedy-SLA,Full-CertiTwin-q90,5
4,4,5,0.0,0.0,0.76313806,0.76313806,0.9999999999986896,0.0,0.0,0.0,0.0,0.6,0,5,30384,Greedy-SLA,SLA-Rule-Shield,5
4,4,5,0.0,0.0,0.76313806,0.76313806,0.9999999999986896,0.0,0.0,0.0,0.0,0.6,0,5,30384,Greedy-SLA,Fixed-UCB-1sigma-Shield,5
4,4,5,0.0,0.0,0.76313806,0.76313806,0.9999999999986896,0.0,0.0,0.0,0.0,0.6,0,5,30384,Greedy-SLA,Fixed-UCB-1.64sigma-Shield,5
0,2,5,1.0,0.0,0.76278657,0.6677499,0.875408569397236,1.0,21.0,0.0,0.0,0.6,0,5,30384,DT-Top1,Full-CertiTwin-q90,5
0,4,5,1.0,0.0,0.76278657,0.76313806,1.000460797309265,1.0,57.0,0.0,0.0,0.6,0,5,30384,DT-Top1,SLA-Rule-Shield,5
0,2,5,1.0,0.0,0.76278657,0.6677499,0.875408569397236,1.0,21.0,0.0,0.0,0.6,0,5,30384,DT-Top1,Fixed-UCB-1sigma-Shield,5
0,2,5,1.0,0.0,0.76278657,0.6677499,0.875408569397236,1.0,21.0,0.0,0.0,0.6,0,5,30384,DT-Top1,Fixed-UCB-1.64sigma-Shield,5
2,2,5,0.0,0.0,0.6677499,0.6677499,0.9999999999985024,0.0,0.0,0.0,0.0,0.6,0,5,6711,PF,Full-CertiTwin-q90,5
2,2,5,0.0,0.0,0.6677499,0.6677499,0.9999999999985024,0.0,0.0,0.0,0.0,0.6,0,5,6711,PF,SLA-Rule-Shield,5
2,2,5,0.0,0.0,0.6677499,0.6677499,0.9999999999985024,0.0,0.0,0.0,0.0,0.6,0,5,6711,PF,Fixed-UCB-1sigma-Shield,5
2,2,5,0.0,0.0,0.6677499,0.6677499,0.9999999999985024,0.0,0.0,0.0,0.0,0.6,0,5,6711,PF,Fixed-UCB-1.64sigma-Shield,5
4,4,5,0.0,0.0,0.76313806,0.76313806,0.9999999999986896,0.0,0.0,0.0,0.0,0.6,0,5,6711,Greedy-SLA,Full-CertiTwin-q90,5
4,4,5,0.0,0.0,0.76313806,0.76313806,0.9999999999986896,0.0,0.0,0.0,0.0,0.6,0,5,6711,Greedy-SLA,SLA-Rule-Shield,5
4,4,5,0.0,0.0,0.76313806,0.76313806,0.9999999999986896,0.0,0.0,0.0,0.0,0.6,0,5,6711,Greedy-SLA,Fixed-UCB-1sigma-Shield,5
4,4,5,0.0,0.0,0.76313806,0.76313806,0.9999999999986896,0.0,0.0,0.0,0.0,0.6,0,5,6711,Greedy-SLA,Fixed-UCB-1.64sigma-Shield,5
4,4,5,0.0,0.0,0.76313806,0.76313806,0.9999999999986896,0.0,0.0,0.0,0.0,0.6,0,5,6711,DT-Top1,Full-CertiTwin-q90,5
4,4,5,0.0,0.0,0.76313806,0.76313806,0.9999999999986896,0.0,0.0,0.0,0.0,0.6,0,5,6711,DT-Top1,SLA-Rule-Shield,5
4,4,5,0.0,0.0,0.76313806,0.76313806,0.9999999999986896,0.0,0.0,0.0,0.0,0.6,0,5,6711,DT-Top1,Fixed-UCB-1sigma-Shield,5
4,4,5,0.0,0.0,0.76313806,0.76313806,0.9999999999986896,0.0,0.0,0.0,0.0,0.6,0,5,6711,DT-Top1,Fixed-UCB-1.64sigma-Shield,5
2,2,5,0.0,0.0,0.6677499,0.6677499,0.9999999999985024,0.0,0.0,0.0,0.0,0.6,0,5,9361,PF,Full-CertiTwin-q90,5
2,2,5,0.0,0.0,0.6677499,0.6677499,0.9999999999985024,0.0,0.0,0.0,0.0,0.6,0,5,9361,PF,SLA-Rule-Shield,5
2,2,5,0.0,0.0,0.6677499,0.6677499,0.9999999999985024,0.0,0.0,0.0,0.0,0.6,0,5,9361,PF,Fixed-UCB-1sigma-Shield,5
2,2,5,0.0,0.0,0.6677499,0.6677499,0.9999999999985024,0.0,0.0,0.0,0.0,0.6,0,5,9361,PF,Fixed-UCB-1.64sigma-Shield,5
4,4,5,0.0,0.0,0.76313806,0.76313806,0.9999999999986896,0.0,0.0,0.0,0.0,0.6,0,5,9361,Greedy-SLA,Full-CertiTwin-q90,5
4,4,5,0.0,0.0,0.76313806,0.76313806,0.9999999999986896,0.0,0.0,0.0,0.0,0.6,0,5,9361,Greedy-SLA,SLA-Rule-Shield,5
4,4,5,0.0,0.0,0.76313806,0.76313806,0.9999999999986896,0.0,0.0,0.0,0.0,0.6,0,5,9361,Greedy-SLA,Fixed-UCB-1sigma-Shield,5
4,4,5,0.0,0.0,0.76313806,0.76313806,0.9999999999986896,0.0,0.0,0.0,0.0,0.6,0,5,9361,Greedy-SLA,Fixed-UCB-1.64sigma-Shield,5
0,2,5,1.0,0.0,0.76278657,0.6677499,0.875408569397236,1.0,21.0,0.0,0.0,0.6,0,5,9361,DT-Top1,Full-CertiTwin-q90,5
0,4,5,1.0,0.0,0.76278657,0.76313806,1.000460797309265,1.0,57.0,0.0,0.0,0.6,0,5,9361,DT-Top1,SLA-Rule-Shield,5
0,2,5,1.0,0.0,0.76278657,0.6677499,0.875408569397236,1.0,21.0,0.0,0.0,0.6,0,5,9361,DT-Top1,Fixed-UCB-1sigma-Shield,5
0,2,5,1.0,0.0,0.76278657,0.6677499,0.875408569397236,1.0,21.0,0.0,0.0,0.6,0,5,9361,DT-Top1,Fixed-UCB-1.64sigma-Shield,5
2,2,5,0.0,0.0,0.6677499,0.6677499,0.9999999999985024,0.0,0.0,0.0,0.0,0.6,0,5,41571,PF,Full-CertiTwin-q90,5
2,2,5,0.0,0.0,0.6677499,0.6677499,0.9999999999985024,0.0,0.0,0.0,0.0,0.6,0,5,41571,PF,SLA-Rule-Shield,5
2,2,5,0.0,0.0,0.6677499,0.6677499,0.9999999999985024,0.0,0.0,0.0,0.0,0.6,0,5,41571,PF,Fixed-UCB-1sigma-Shield,5
2,2,5,0.0,0.0,0.6677499,0.6677499,0.9999999999985024,0.0,0.0,0.0,0.0,0.6,0,5,41571,PF,Fixed-UCB-1.64sigma-Shield,5
4,4,5,0.0,0.0,0.76313806,0.76313806,0.9999999999986896,0.0,0.0,0.0,0.0,0.6,0,5,41571,Greedy-SLA,Full-CertiTwin-q90,5
4,4,5,0.0,0.0,0.76313806,0.76313806,0.9999999999986896,0.0,0.0,0.0,0.0,0.6,0,5,41571,Greedy-SLA,SLA-Rule-Shield,5
4,4,5,0.0,0.0,0.76313806,0.76313806,0.9999999999986896,0.0,0.0,0.0,0.0,0.6,0,5,41571,Greedy-SLA,Fixed-UCB-1sigma-Shield,5
4,4,5,0.0,0.0,0.76313806,0.76313806,0.9999999999986896,0.0,0.0,0.0,0.0,0.6,0,5,41571,Greedy-SLA,Fixed-UCB-1.64sigma-Shield,5
0,2,5,1.0,0.0,0.76278657,0.6677499,0.875408569397236,1.0,21.0,0.0,0.0,0.6,0,5,41571,DT-Top1,Full-CertiTwin-q90,5
0,4,5,1.0,0.0,0.76278657,0.76313806,1.000460797309265,1.0,57.0,0.0,0.0,0.6,0,5,41571,DT-Top1,SLA-Rule-Shield,5
0,2,5,1.0,0.0,0.76278657,0.6677499,0.875408569397236,1.0,21.0,0.0,0.0,0.6,0,5,41571,DT-Top1,Fixed-UCB-1sigma-Shield,5
0,2,5,1.0,0.0,0.76278657,0.6677499,0.875408569397236,1.0,21.0,0.0,0.0,0.6,0,5,41571,DT-Top1,Fixed-UCB-1.64sigma-Shield,5
2,2,5,0.0,0.0,0.6677499,0.6677499,0.9999999999985024,0.0,0.0,0.0,0.0,0.6,0,5,22863,PF,Full-CertiTwin-q90,5
2,2,5,0.0,0.0,0.6677499,0.6677499,0.9999999999985024,0.0,0.0,0.0,0.0,0.6,0,5,22863,PF,SLA-Rule-Shield,5
2,2,5,0.0,0.0,0.6677499,0.6677499,0.9999999999985024,0.0,0.0,0.0,0.0,0.6,0,5,22863,PF,Fixed-UCB-1sigma-Shield,5
2,2,5,0.0,0.0,0.6677499,0.6677499,0.9999999999985024,0.0,0.0,0.0,0.0,0.6,0,5,22863,PF,Fixed-UCB-1.64sigma-Shield,5
4,4,5,0.0,0.0,0.76313806,0.76313806,0.9999999999986896,0.0,0.0,0.0,0.0,0.6,0,5,22863,Greedy-SLA,Full-CertiTwin-q90,5
4,4,5,0.0,0.0,0.76313806,0.76313806,0.9999999999986896,0.0,0.0,0.0,0.0,0.6,0,5,22863,Greedy-SLA,SLA-Rule-Shield,5
4,4,5,0.0,0.0,0.76313806,0.76313806,0.9999999999986896,0.0,0.0,0.0,0.0,0.6,0,5,22863,Greedy-SLA,Fixed-UCB-1sigma-Shield,5
4,4,5,0.0,0.0,0.76313806,0.76313806,0.9999999999986896,0.0,0.0,0.0,0.0,0.6,0,5,22863,Greedy-SLA,Fixed-UCB-1.64sigma-Shield,5
0,2,5,1.0,0.0,0.76278657,0.6677499,0.875408569397236,1.0,21.0,0.0,0.0,0.6,0,5,22863,DT-Top1,Full-CertiTwin-q90,5
0,4,5,1.0,0.0,0.76278657,0.76313806,1.000460797309265,1.0,57.0,0.0,0.0,0.6,0,5,22863,DT-Top1,SLA-Rule-Shield,5
0,2,5,1.0,0.0,0.76278657,0.6677499,0.875408569397236,1.0,21.0,0.0,0.0,0.6,0,5,22863,DT-Top1,Fixed-UCB-1sigma-Shield,5
0,2,5,1.0,0.0,0.76278657,0.6677499,0.875408569397236,1.0,21.0,0.0,0.0,0.6,0,5,22863,DT-Top1,Fixed-UCB-1.64sigma-Shield,5
2,2,5,0.0,0.0,0.6677499,0.6677499,0.9999999999985024,0.0,0.0,0.0,0.0,0.6,0,5,42497,PF,Full-CertiTwin-q90,5
2,2,5,0.0,0.0,0.6677499,0.6677499,0.9999999999985024,0.0,0.0,0.0,0.0,0.6,0,5,42497,PF,SLA-Rule-Shield,5
2,2,5,0.0,0.0,0.6677499,0.6677499,0.9999999999985024,0.0,0.0,0.0,0.0,0.6,0,5,42497,PF,Fixed-UCB-1sigma-Shield,5
2,2,5,0.0,0.0,0.6677499,0.6677499,0.9999999999985024,0.0,0.0,0.0,0.0,0.6,0,5,42497,PF,Fixed-UCB-1.64sigma-Shield,5
4,4,5,0.0,0.0,0.76313806,0.76313806,0.9999999999986896,0.0,0.0,0.0,0.0,0.6,0,5,42497,Greedy-SLA,Full-CertiTwin-q90,5
4,4,5,0.0,0.0,0.76313806,0.76313806,0.9999999999986896,0.0,0.0,0.0,0.0,0.6,0,5,42497,Greedy-SLA,SLA-Rule-Shield,5
4,4,5,0.0,0.0,0.76313806,0.76313806,0.9999999999986896,0.0,0.0,0.0,0.0,0.6,0,5,42497,Greedy-SLA,Fixed-UCB-1sigma-Shield,5
4,4,5,0.0,0.0,0.76313806,0.76313806,0.9999999999986896,0.0,0.0,0.0,0.0,0.6,0,5,42497,Greedy-SLA,Fixed-UCB-1.64sigma-Shield,5
4,4,5,0.0,0.0,0.76313806,0.76313806,0.9999999999986896,0.0,0.0,0.0,0.0,0.6,0,5,42497,DT-Top1,Full-CertiTwin-q90,5
4,4,5,0.0,0.0,0.76313806,0.76313806,0.9999999999986896,0.0,0.0,0.0,0.0,0.6,0,5,42497,DT-Top1,SLA-Rule-Shield,5
4,4,5,0.0,0.0,0.76313806,0.76313806,0.9999999999986896,0.0,0.0,0.0,0.0,0.6,0,5,42497,DT-Top1,Fixed-UCB-1sigma-Shield,5
4,4,5,0.0,0.0,0.76313806,0.76313806,0.9999999999986896,0.0,0.0,0.0,0.0,0.6,0,5,42497,DT-Top1,Fixed-UCB-1.64sigma-Shield,5
2,2,5,0.0,0.0,0.6677499,0.6677499,0.9999999999985024,0.0,0.0,0.0,0.0,0.6,0,5,21796,PF,Full-CertiTwin-q90,5
2,2,5,0.0,0.0,0.6677499,0.6677499,0.9999999999985024,0.0,0.0,0.0,0.0,0.6,0,5,21796,PF,SLA-Rule-Shield,5
2,2,5,0.0,0.0,0.6677499,0.6677499,0.9999999999985024,0.0,0.0,0.0,0.0,0.6,0,5,21796,PF,Fixed-UCB-1sigma-Shield,5
2,2,5,0.0,0.0,0.6677499,0.6677499,0.9999999999985024,0.0,0.0,0.0,0.0,0.6,0,5,21796,PF,Fixed-UCB-1.64sigma-Shield,5
4,4,5,0.0,0.0,0.76313806,0.76313806,0.9999999999986896,0.0,0.0,0.0,0.0,0.6,0,5,21796,Greedy-SLA,Full-CertiTwin-q90,5
4,4,5,0.0,0.0,0.76313806,0.76313806,0.9999999999986896,0.0,0.0,0.0,0.0,0.6,0,5,21796,Greedy-SLA,SLA-Rule-Shield,5
4,4,5,0.0,0.0,0.76313806,0.76313806,0.9999999999986896,0.0,0.0,0.0,0.0,0.6,0,5,21796,Greedy-SLA,Fixed-UCB-1sigma-Shield,5
4,4,5,0.0,0.0,0.76313806,0.76313806,0.9999999999986896,0.0,0.0,0.0,0.0,0.6,0,5,21796,Greedy-SLA,Fixed-UCB-1.64sigma-Shield,5
4,4,5,0.0,0.0,0.76313806,0.76313806,0.9999999999986896,0.0,0.0,0.0,0.0,0.6,0,5,21796,DT-Top1,Full-CertiTwin-q90,5
4,4,5,0.0,0.0,0.76313806,0.76313806,0.9999999999986896,0.0,0.0,0.0,0.0,0.6,0,5,21796,DT-Top1,SLA-Rule-Shield,5
4,4,5,0.0,0.0,0.76313806,0.76313806,0.9999999999986896,0.0,0.0,0.0,0.0,0.6,0,5,21796,DT-Top1,Fixed-UCB-1sigma-Shield,5
4,4,5,0.0,0.0,0.76313806,0.76313806,0.9999999999986896,0.0,0.0,0.0,0.0,0.6,0,5,21796,DT-Top1,Fixed-UCB-1.64sigma-Shield,5
2,2,5,0.0,0.0,0.6677499,0.6677499,0.9999999999985024,0.0,0.0,0.0,0.0,0.6,0,5,15960,PF,Full-CertiTwin-q90,5
2,2,5,0.0,0.0,0.6677499,0.6677499,0.9999999999985024,0.0,0.0,0.0,0.0,0.6,0,5,15960,PF,SLA-Rule-Shield,5
2,2,5,0.0,0.0,0.6677499,0.6677499,0.9999999999985024,0.0,0.0,0.0,0.0,0.6,0,5,15960,PF,Fixed-UCB-1sigma-Shield,5
2,2,5,0.0,0.0,0.6677499,0.6677499,0.9999999999985024,0.0,0.0,0.0,0.0,0.6,0,5,15960,PF,Fixed-UCB-1.64sigma-Shield,5
4,4,5,0.0,0.0,0.76313806,0.76313806,0.9999999999986896,0.0,0.0,0.0,0.0,0.6,0,5,15960,Greedy-SLA,Full-CertiTwin-q90,5
4,4,5,0.0,0.0,0.76313806,0.76313806,0.9999999999986896,0.0,0.0,0.0,0.0,0.6,0,5,15960,Greedy-SLA,SLA-Rule-Shield,5
4,4,5,0.0,0.0,0.76313806,0.76313806,0.9999999999986896,0.0,0.0,0.0,0.0,0.6,0,5,15960,Greedy-SLA,Fixed-UCB-1sigma-Shield,5
4,4,5,0.0,0.0,0.76313806,0.76313806,0.9999999999986896,0.0,0.0,0.0,0.0,0.6,0,5,15960,Greedy-SLA,Fixed-UCB-1.64sigma-Shield,5
0,2,5,1.0,0.0,0.77741534,0.6677499,0.8589358424534574,1.0,21.0,0.0,0.0,0.6,0,5,15960,DT-Top1,Full-CertiTwin-q90,5
0,4,5,1.0,0.0,0.77741534,0.76313806,0.981634939180668,1.0,57.0,0.0,0.0,0.6,0,5,15960,DT-Top1,SLA-Rule-Shield,5
0,2,5,1.0,0.0,0.77741534,0.6677499,0.8589358424534574,1.0,21.0,0.0,0.0,0.6,0,5,15960,DT-Top1,Fixed-UCB-1sigma-Shield,5
0,2,5,1.0,0.0,0.77741534,0.6677499,0.8589358424534574,1.0,21.0,0.0,0.0,0.6,0,5,15960,DT-Top1,Fixed-UCB-1.64sigma-Shield,5
2,2,5,0.0,0.0,0.6677499,0.6677499,0.9999999999985024,0.0,0.0,0.0,0.0,0.6,0,5,31507,PF,Full-CertiTwin-q90,5
2,2,5,0.0,0.0,0.6677499,0.6677499,0.9999999999985024,0.0,0.0,0.0,0.0,0.6,0,5,31507,PF,SLA-Rule-Shield,5
2,2,5,0.0,0.0,0.6677499,0.6677499,0.9999999999985024,0.0,0.0,0.0,0.0,0.6,0,5,31507,PF,Fixed-UCB-1sigma-Shield,5
2,2,5,0.0,0.0,0.6677499,0.6677499,0.9999999999985024,0.0,0.0,0.0,0.0,0.6,0,5,31507,PF,Fixed-UCB-1.64sigma-Shield,5
4,4,5,0.0,0.0,0.76313806,0.76313806,0.9999999999986896,0.0,0.0,0.0,0.0,0.6,0,5,31507,Greedy-SLA,Full-CertiTwin-q90,5
4,4,5,0.0,0.0,0.76313806,0.76313806,0.9999999999986896,0.0,0.0,0.0,0.0,0.6,0,5,31507,Greedy-SLA,SLA-Rule-Shield,5
4,4,5,0.0,0.0,0.76313806,0.76313806,0.9999999999986896,0.0,0.0,0.0,0.0,0.6,0,5,31507,Greedy-SLA,Fixed-UCB-1sigma-Shield,5
4,4,5,0.0,0.0,0.76313806,0.76313806,0.9999999999986896,0.0,0.0,0.0,0.0,0.6,0,5,31507,Greedy-SLA,Fixed-UCB-1.64sigma-Shield,5
4,4,5,0.0,0.0,0.76313806,0.76313806,0.9999999999986896,0.0,0.0,0.0,0.0,0.6,0,5,31507,DT-Top1,Full-CertiTwin-q90,5
4,4,5,0.0,0.0,0.76313806,0.76313806,0.9999999999986896,0.0,0.0,0.0,0.0,0.6,0,5,31507,DT-Top1,SLA-Rule-Shield,5
4,4,5,0.0,0.0,0.76313806,0.76313806,0.9999999999986896,0.0,0.0,0.0,0.0,0.6,0,5,31507,DT-Top1,Fixed-UCB-1sigma-Shield,5
4,4,5,0.0,0.0,0.76313806,0.76313806,0.9999999999986896,0.0,0.0,0.0,0.0,0.6,0,5,31507,DT-Top1,Fixed-UCB-1.64sigma-Shield,5
2,2,5,0.0,0.0,0.6677499,0.6677499,0.9999999999985024,0.0,0.0,0.0,0.0,0.6,0,5,41373,PF,Full-CertiTwin-q90,5
2,2,5,0.0,0.0,0.6677499,0.6677499,0.9999999999985024,0.0,0.0,0.0,0.0,0.6,0,5,41373,PF,SLA-Rule-Shield,5
2,2,5,0.0,0.0,0.6677499,0.6677499,0.9999999999985024,0.0,0.0,0.0,0.0,0.6,0,5,41373,PF,Fixed-UCB-1sigma-Shield,5
2,2,5,0.0,0.0,0.6677499,0.6677499,0.9999999999985024,0.0,0.0,0.0,0.0,0.6,0,5,41373,PF,Fixed-UCB-1.64sigma-Shield,5
4,4,5,0.0,0.0,0.7566483,0.7566483,0.9999999999986784,0.0,0.0,0.0,0.0,0.6,0,5,41373,Greedy-SLA,Full-CertiTwin-q90,5
4,4,5,0.0,0.0,0.7566483,0.7566483,0.9999999999986784,0.0,0.0,0.0,0.0,0.6,0,5,41373,Greedy-SLA,SLA-Rule-Shield,5
4,4,5,0.0,0.0,0.7566483,0.7566483,0.9999999999986784,0.0,0.0,0.0,0.0,0.6,0,5,41373,Greedy-SLA,Fixed-UCB-1sigma-Shield,5
4,4,5,0.0,0.0,0.7566483,0.7566483,0.9999999999986784,0.0,0.0,0.0,0.0,0.6,0,5,41373,Greedy-SLA,Fixed-UCB-1.64sigma-Shield,5
4,4,5,0.0,0.0,0.7566483,0.7566483,0.9999999999986784,0.0,0.0,0.0,0.0,0.6,0,5,41373,DT-Top1,Full-CertiTwin-q90,5
4,4,5,0.0,0.0,0.7566483,0.7566483,0.9999999999986784,0.0,0.0,0.0,0.0,0.6,0,5,41373,DT-Top1,SLA-Rule-Shield,5
4,4,5,0.0,0.0,0.7566483,0.7566483,0.9999999999986784,0.0,0.0,0.0,0.0,0.6,0,5,41373,DT-Top1,Fixed-UCB-1sigma-Shield,5
4,4,5,0.0,0.0,0.7566483,0.7566483,0.9999999999986784,0.0,0.0,0.0,0.0,0.6,0,5,41373,DT-Top1,Fixed-UCB-1.64sigma-Shield,5
2,2,5,0.0,0.0,0.65129316,0.65129316,0.9999999999984648,0.0,0.0,0.0,0.0,0.6,0,5,7768,PF,Full-CertiTwin-q90,5
2,2,5,0.0,0.0,0.65129316,0.65129316,0.9999999999984648,0.0,0.0,0.0,0.0,0.6,0,5,7768,PF,SLA-Rule-Shield,5
2,2,5,0.0,0.0,0.65129316,0.65129316,0.9999999999984648,0.0,0.0,0.0,0.0,0.6,0,5,7768,PF,Fixed-UCB-1sigma-Shield,5
2,2,5,0.0,0.0,0.65129316,0.65129316,0.9999999999984648,0.0,0.0,0.0,0.0,0.6,0,5,7768,PF,Fixed-UCB-1.64sigma-Shield,5
4,4,5,0.0,0.0,0.76313806,0.76313806,0.9999999999986896,0.0,0.0,0.0,0.0,0.6,0,5,7768,Greedy-SLA,Full-CertiTwin-q90,5
4,4,5,0.0,0.0,0.76313806,0.76313806,0.9999999999986896,0.0,0.0,0.0,0.0,0.6,0,5,7768,Greedy-SLA,SLA-Rule-Shield,5
4,4,5,0.0,0.0,0.76313806,0.76313806,0.9999999999986896,0.0,0.0,0.0,0.0,0.6,0,5,7768,Greedy-SLA,Fixed-UCB-1sigma-Shield,5
4,4,5,0.0,0.0,0.76313806,0.76313806,0.9999999999986896,0.0,0.0,0.0,0.0,0.6,0,5,7768,Greedy-SLA,Fixed-UCB-1.64sigma-Shield,5
4,4,5,0.0,0.0,0.76313806,0.76313806,0.9999999999986896,0.0,0.0,0.0,0.0,0.6,0,5,7768,DT-Top1,Full-CertiTwin-q90,5
4,4,5,0.0,0.0,0.76313806,0.76313806,0.9999999999986896,0.0,0.0,0.0,0.0,0.6,0,5,7768,DT-Top1,SLA-Rule-Shield,5
4,4,5,0.0,0.0,0.76313806,0.76313806,0.9999999999986896,0.0,0.0,0.0,0.0,0.6,0,5,7768,DT-Top1,Fixed-UCB-1sigma-Shield,5
4,4,5,0.0,0.0,0.76313806,0.76313806,0.9999999999986896,0.0,0.0,0.0,0.0,0.6,0,5,7768,DT-Top1,Fixed-UCB-1.64sigma-Shield,5
2,2,5,0.0,0.0,0.6677499,0.6677499,0.9999999999985024,0.0,0.0,0.0,0.0,0.6,0,5,58986,PF,Full-CertiTwin-q90,5
2,2,5,0.0,0.0,0.6677499,0.6677499,0.9999999999985024,0.0,0.0,0.0,0.0,0.6,0,5,58986,PF,SLA-Rule-Shield,5
2,2,5,0.0,0.0,0.6677499,0.6677499,0.9999999999985024,0.0,0.0,0.0,0.0,0.6,0,5,58986,PF,Fixed-UCB-1sigma-Shield,5
2,2,5,0.0,0.0,0.6677499,0.6677499,0.9999999999985024,0.0,0.0,0.0,0.0,0.6,0,5,58986,PF,Fixed-UCB-1.64sigma-Shield,5
4,4,5,0.0,0.0,0.76313806,0.76313806,0.9999999999986896,0.0,0.0,0.0,0.0,0.6,0,5,58986,Greedy-SLA,Full-CertiTwin-q90,5
4,4,5,0.0,0.0,0.76313806,0.76313806,0.9999999999986896,0.0,0.0,0.0,0.0,0.6,0,5,58986,Greedy-SLA,SLA-Rule-Shield,5
4,4,5,0.0,0.0,0.76313806,0.76313806,0.9999999999986896,0.0,0.0,0.0,0.0,0.6,0,5,58986,Greedy-SLA,Fixed-UCB-1sigma-Shield,5
4,4,5,0.0,0.0,0.76313806,0.76313806,0.9999999999986896,0.0,0.0,0.0,0.0,0.6,0,5,58986,Greedy-SLA,Fixed-UCB-1.64sigma-Shield,5
0,2,5,1.0,0.0,0.7864371,0.6677499,0.8490823995957858,1.0,21.0,0.0,0.0,0.6,0,5,58986,DT-Top1,Full-CertiTwin-q90,5
0,4,5,1.0,0.0,0.7864371,0.76313806,0.970373930730162,1.0,57.0,0.0,0.0,0.6,0,5,58986,DT-Top1,SLA-Rule-Shield,5
0,2,5,1.0,0.0,0.7864371,0.6677499,0.8490823995957858,1.0,21.0,0.0,0.0,0.6,0,5,58986,DT-Top1,Fixed-UCB-1sigma-Shield,5
0,2,5,1.0,0.0,0.7864371,0.6677499,0.8490823995957858,1.0,21.0,0.0,0.0,0.6,0,5,58986,DT-Top1,Fixed-UCB-1.64sigma-Shield,5
2,2,5,0.0,0.0,0.6677499,0.6677499,0.9999999999985024,0.0,0.0,0.0,0.0,0.6,0,5,9916,PF,Full-CertiTwin-q90,5
2,2,5,0.0,0.0,0.6677499,0.6677499,0.9999999999985024,0.0,0.0,0.0,0.0,0.6,0,5,9916,PF,SLA-Rule-Shield,5
2,2,5,0.0,0.0,0.6677499,0.6677499,0.9999999999985024,0.0,0.0,0.0,0.0,0.6,0,5,9916,PF,Fixed-UCB-1sigma-Shield,5
2,2,5,0.0,0.0,0.6677499,0.6677499,0.9999999999985024,0.0,0.0,0.0,0.0,0.6,0,5,9916,PF,Fixed-UCB-1.64sigma-Shield,5
4,4,5,0.0,0.0,0.76313806,0.76313806,0.9999999999986896,0.0,0.0,0.0,0.0,0.6,0,5,9916,Greedy-SLA,Full-CertiTwin-q90,5
4,4,5,0.0,0.0,0.76313806,0.76313806,0.9999999999986896,0.0,0.0,0.0,0.0,0.6,0,5,9916,Greedy-SLA,SLA-Rule-Shield,5
4,4,5,0.0,0.0,0.76313806,0.76313806,0.9999999999986896,0.0,0.0,0.0,0.0,0.6,0,5,9916,Greedy-SLA,Fixed-UCB-1sigma-Shield,5
4,4,5,0.0,0.0,0.76313806,0.76313806,0.9999999999986896,0.0,0.0,0.0,0.0,0.6,0,5,9916,Greedy-SLA,Fixed-UCB-1.64sigma-Shield,5
4,4,5,0.0,0.0,0.76313806,0.76313806,0.9999999999986896,0.0,0.0,0.0,0.0,0.6,0,5,9916,DT-Top1,Full-CertiTwin-q90,5
4,4,5,0.0,0.0,0.76313806,0.76313806,0.9999999999986896,0.0,0.0,0.0,0.0,0.6,0,5,9916,DT-Top1,SLA-Rule-Shield,5
4,4,5,0.0,0.0,0.76313806,0.76313806,0.9999999999986896,0.0,0.0,0.0,0.0,0.6,0,5,9916,DT-Top1,Fixed-UCB-1sigma-Shield,5
4,4,5,0.0,0.0,0.76313806,0.76313806,0.9999999999986896,0.0,0.0,0.0,0.0,0.6,0,5,9916,DT-Top1,Fixed-UCB-1.64sigma-Shield,5
2,2,5,0.0,0.0,0.7186651,0.7186651,0.9999999999986086,0.0,0.0,0.0,0.0,0.6,0,5,21603,PF,Full-CertiTwin-q90,5
2,2,5,0.0,0.0,0.7186651,0.7186651,0.9999999999986086,0.0,0.0,0.0,0.0,0.6,0,5,21603,PF,SLA-Rule-Shield,5
2,2,5,0.0,0.0,0.7186651,0.7186651,0.9999999999986086,0.0,0.0,0.0,0.0,0.6,0,5,21603,PF,Fixed-UCB-1sigma-Shield,5
2,2,5,0.0,0.0,0.7186651,0.7186651,0.9999999999986086,0.0,0.0,0.0,0.0,0.6,0,5,21603,PF,Fixed-UCB-1.64sigma-Shield,5
4,4,5,0.0,0.0,0.76313806,0.76313806,0.9999999999986896,0.0,0.0,0.0,0.0,0.6,0,5,21603,Greedy-SLA,Full-CertiTwin-q90,5
4,4,5,0.0,0.0,0.76313806,0.76313806,0.9999999999986896,0.0,0.0,0.0,0.0,0.6,0,5,21603,Greedy-SLA,SLA-Rule-Shield,5
4,4,5,0.0,0.0,0.76313806,0.76313806,0.9999999999986896,0.0,0.0,0.0,0.0,0.6,0,5,21603,Greedy-SLA,Fixed-UCB-1sigma-Shield,5
4,4,5,0.0,0.0,0.76313806,0.76313806,0.9999999999986896,0.0,0.0,0.0,0.0,0.6,0,5,21603,Greedy-SLA,Fixed-UCB-1.64sigma-Shield,5
0,2,5,1.0,0.0,0.76278657,0.7186651,0.942157515960274,1.0,21.0,0.0,0.0,0.6,0,5,21603,DT-Top1,Full-CertiTwin-q90,5
0,4,5,1.0,0.0,0.76278657,0.76313806,1.000460797309265,1.0,57.0,0.0,0.0,0.6,0,5,21603,DT-Top1,SLA-Rule-Shield,5
0,2,5,1.0,0.0,0.76278657,0.7186651,0.942157515960274,1.0,21.0,0.0,0.0,0.6,0,5,21603,DT-Top1,Fixed-UCB-1sigma-Shield,5
0,2,5,1.0,0.0,0.76278657,0.7186651,0.942157515960274,1.0,21.0,0.0,0.0,0.6,0,5,21603,DT-Top1,Fixed-UCB-1.64sigma-Shield,5
2,2,5,0.0,0.0,0.6677499,0.6677499,0.9999999999985024,0.0,0.0,0.0,0.0,0.6,0,5,50455,PF,Full-CertiTwin-q90,5
2,2,5,0.0,0.0,0.6677499,0.6677499,0.9999999999985024,0.0,0.0,0.0,0.0,0.6,0,5,50455,PF,SLA-Rule-Shield,5
2,2,5,0.0,0.0,0.6677499,0.6677499,0.9999999999985024,0.0,0.0,0.0,0.0,0.6,0,5,50455,PF,Fixed-UCB-1sigma-Shield,5
2,2,5,0.0,0.0,0.6677499,0.6677499,0.9999999999985024,0.0,0.0,0.0,0.0,0.6,0,5,50455,PF,Fixed-UCB-1.64sigma-Shield,5
4,4,5,0.0,0.0,0.7526786,0.7526786,0.9999999999986714,0.0,0.0,0.0,0.0,0.6,0,5,50455,Greedy-SLA,Full-CertiTwin-q90,5
4,4,5,0.0,0.0,0.7526786,0.7526786,0.9999999999986714,0.0,0.0,0.0,0.0,0.6,0,5,50455,Greedy-SLA,SLA-Rule-Shield,5
4,4,5,0.0,0.0,0.7526786,0.7526786,0.9999999999986714,0.0,0.0,0.0,0.0,0.6,0,5,50455,Greedy-SLA,Fixed-UCB-1sigma-Shield,5
4,4,5,0.0,0.0,0.7526786,0.7526786,0.9999999999986714,0.0,0.0,0.0,0.0,0.6,0,5,50455,Greedy-SLA,Fixed-UCB-1.64sigma-Shield,5
0,2,5,1.0,0.0,0.76278657,0.6677499,0.875408569397236,1.0,21.0,0.0,0.0,0.6,0,5,50455,DT-Top1,Full-CertiTwin-q90,5
0,4,5,1.0,0.0,0.76278657,0.7526786,0.9867486261576592,1.0,57.0,0.0,0.0,0.6,0,5,50455,DT-Top1,SLA-Rule-Shield,5
0,2,5,1.0,0.0,0.76278657,0.6677499,0.875408569397236,1.0,21.0,0.0,0.0,0.6,0,5,50455,DT-Top1,Fixed-UCB-1sigma-Shield,5
0,2,5,1.0,0.0,0.76278657,0.6677499,0.875408569397236,1.0,21.0,0.0,0.0,0.6,0,5,50455,DT-Top1,Fixed-UCB-1.64sigma-Shield,5
2,2,5,0.0,0.0,0.6677499,0.6677499,0.9999999999985024,0.0,0.0,0.0,0.0,0.6,0,5,29774,PF,Full-CertiTwin-q90,5
2,2,5,0.0,0.0,0.6677499,0.6677499,0.9999999999985024,0.0,0.0,0.0,0.0,0.6,0,5,29774,PF,SLA-Rule-Shield,5
2,2,5,0.0,0.0,0.6677499,0.6677499,0.9999999999985024,0.0,0.0,0.0,0.0,0.6,0,5,29774,PF,Fixed-UCB-1sigma-Shield,5
2,2,5,0.0,0.0,0.6677499,0.6677499,0.9999999999985024,0.0,0.0,0.0,0.0,0.6,0,5,29774,PF,Fixed-UCB-1.64sigma-Shield,5
4,4,5,0.0,0.0,0.76313806,0.76313806,0.9999999999986896,0.0,0.0,0.0,0.0,0.6,0,5,29774,Greedy-SLA,Full-CertiTwin-q90,5
4,4,5,0.0,0.0,0.76313806,0.76313806,0.9999999999986896,0.0,0.0,0.0,0.0,0.6,0,5,29774,Greedy-SLA,SLA-Rule-Shield,5
4,4,5,0.0,0.0,0.76313806,0.76313806,0.9999999999986896,0.0,0.0,0.0,0.0,0.6,0,5,29774,Greedy-SLA,Fixed-UCB-1sigma-Shield,5
4,4,5,0.0,0.0,0.76313806,0.76313806,0.9999999999986896,0.0,0.0,0.0,0.0,0.6,0,5,29774,Greedy-SLA,Fixed-UCB-1.64sigma-Shield,5
4,4,5,0.0,0.0,0.76313806,0.76313806,0.9999999999986896,0.0,0.0,0.0,0.0,0.6,0,5,29774,DT-Top1,Full-CertiTwin-q90,5
4,4,5,0.0,0.0,0.76313806,0.76313806,0.9999999999986896,0.0,0.0,0.0,0.0,0.6,0,5,29774,DT-Top1,SLA-Rule-Shield,5
4,4,5,0.0,0.0,0.76313806,0.76313806,0.9999999999986896,0.0,0.0,0.0,0.0,0.6,0,5,29774,DT-Top1,Fixed-UCB-1sigma-Shield,5
4,4,5,0.0,0.0,0.76313806,0.76313806,0.9999999999986896,0.0,0.0,0.0,0.0,0.6,0,5,29774,DT-Top1,Fixed-UCB-1.64sigma-Shield,5
2,2,5,0.0,0.0,0.6677499,0.6677499,0.9999999999985024,0.0,0.0,0.0,0.0,0.6,0,5,22363,PF,Full-CertiTwin-q90,5
2,2,5,0.0,0.0,0.6677499,0.6677499,0.9999999999985024,0.0,0.0,0.0,0.0,0.6,0,5,22363,PF,SLA-Rule-Shield,5
2,2,5,0.0,0.0,0.6677499,0.6677499,0.9999999999985024,0.0,0.0,0.0,0.0,0.6,0,5,22363,PF,Fixed-UCB-1sigma-Shield,5
2,2,5,0.0,0.0,0.6677499,0.6677499,0.9999999999985024,0.0,0.0,0.0,0.0,0.6,0,5,22363,PF,Fixed-UCB-1.64sigma-Shield,5
4,4,5,0.0,0.0,0.7526786,0.7526786,0.9999999999986714,0.0,0.0,0.0,0.0,0.6,0,5,22363,Greedy-SLA,Full-CertiTwin-q90,5
4,4,5,0.0,0.0,0.7526786,0.7526786,0.9999999999986714,0.0,0.0,0.0,0.0,0.6,0,5,22363,Greedy-SLA,SLA-Rule-Shield,5
4,4,5,0.0,0.0,0.7526786,0.7526786,0.9999999999986714,0.0,0.0,0.0,0.0,0.6,0,5,22363,Greedy-SLA,Fixed-UCB-1sigma-Shield,5
4,4,5,0.0,0.0,0.7526786,0.7526786,0.9999999999986714,0.0,0.0,0.0,0.0,0.6,0,5,22363,Greedy-SLA,Fixed-UCB-1.64sigma-Shield,5
0,2,5,1.0,0.0,0.76278657,0.6677499,0.875408569397236,1.0,21.0,0.0,0.0,0.6,0,5,22363,DT-Top1,Full-CertiTwin-q90,5
0,4,5,1.0,0.0,0.76278657,0.7526786,0.9867486261576592,1.0,57.0,0.0,0.0,0.6,0,5,22363,DT-Top1,SLA-Rule-Shield,5
0,2,5,1.0,0.0,0.76278657,0.6677499,0.875408569397236,1.0,21.0,0.0,0.0,0.6,0,5,22363,DT-Top1,Fixed-UCB-1sigma-Shield,5
0,2,5,1.0,0.0,0.76278657,0.6677499,0.875408569397236,1.0,21.0,0.0,0.0,0.6,0,5,22363,DT-Top1,Fixed-UCB-1.64sigma-Shield,5
2,2,5,0.0,0.0,0.6677499,0.6677499,0.9999999999985024,0.0,0.0,0.0,0.0,0.6,0,5,59066,PF,Full-CertiTwin-q90,5
2,2,5,0.0,0.0,0.6677499,0.6677499,0.9999999999985024,0.0,0.0,0.0,0.0,0.6,0,5,59066,PF,SLA-Rule-Shield,5
2,2,5,0.0,0.0,0.6677499,0.6677499,0.9999999999985024,0.0,0.0,0.0,0.0,0.6,0,5,59066,PF,Fixed-UCB-1sigma-Shield,5
2,2,5,0.0,0.0,0.6677499,0.6677499,0.9999999999985024,0.0,0.0,0.0,0.0,0.6,0,5,59066,PF,Fixed-UCB-1.64sigma-Shield,5
0,2,5,1.0,0.0,0.76278657,0.6677499,0.875408569397236,1.0,21.0,0.0,0.0,0.6,0,5,59066,Greedy-SLA,Full-CertiTwin-q90,5
0,4,5,1.0,0.0,0.76278657,0.76313806,1.000460797309265,1.0,57.0,0.0,0.0,0.6,0,5,59066,Greedy-SLA,SLA-Rule-Shield,5
0,2,5,1.0,0.0,0.76278657,0.6677499,0.875408569397236,1.0,21.0,0.0,0.0,0.6,0,5,59066,Greedy-SLA,Fixed-UCB-1sigma-Shield,5
0,2,5,1.0,0.0,0.76278657,0.6677499,0.875408569397236,1.0,21.0,0.0,0.0,0.6,0,5,59066,Greedy-SLA,Fixed-UCB-1.64sigma-Shield,5
0,2,5,1.0,0.0,0.76278657,0.6677499,0.875408569397236,1.0,21.0,0.0,0.0,0.6,0,5,59066,DT-Top1,Full-CertiTwin-q90,5
0,4,5,1.0,0.0,0.76278657,0.76313806,1.000460797309265,1.0,57.0,0.0,0.0,0.6,0,5,59066,DT-Top1,SLA-Rule-Shield,5
0,2,5,1.0,0.0,0.76278657,0.6677499,0.875408569397236,1.0,21.0,0.0,0.0,0.6,0,5,59066,DT-Top1,Fixed-UCB-1sigma-Shield,5
0,2,5,1.0,0.0,0.76278657,0.6677499,0.875408569397236,1.0,21.0,0.0,0.0,0.6,0,5,59066,DT-Top1,Fixed-UCB-1.64sigma-Shield,5
2,2,5,0.0,0.0,0.6677499,0.6677499,0.9999999999985024,0.0,0.0,0.0,0.0,0.6,0,5,50443,PF,Full-CertiTwin-q90,5
2,2,5,0.0,0.0,0.6677499,0.6677499,0.9999999999985024,0.0,0.0,0.0,0.0,0.6,0,5,50443,PF,SLA-Rule-Shield,5
2,2,5,0.0,0.0,0.6677499,0.6677499,0.9999999999985024,0.0,0.0,0.0,0.0,0.6,0,5,50443,PF,Fixed-UCB-1sigma-Shield,5
2,2,5,0.0,0.0,0.6677499,0.6677499,0.9999999999985024,0.0,0.0,0.0,0.0,0.6,0,5,50443,PF,Fixed-UCB-1.64sigma-Shield,5
4,4,5,0.0,0.0,0.76313806,0.76313806,0.9999999999986896,0.0,0.0,0.0,0.0,0.6,0,5,50443,Greedy-SLA,Full-CertiTwin-q90,5
4,4,5,0.0,0.0,0.76313806,0.76313806,0.9999999999986896,0.0,0.0,0.0,0.0,0.6,0,5,50443,Greedy-SLA,SLA-Rule-Shield,5
4,4,5,0.0,0.0,0.76313806,0.76313806,0.9999999999986896,0.0,0.0,0.0,0.0,0.6,0,5,50443,Greedy-SLA,Fixed-UCB-1sigma-Shield,5
4,4,5,0.0,0.0,0.76313806,0.76313806,0.9999999999986896,0.0,0.0,0.0,0.0,0.6,0,5,50443,Greedy-SLA,Fixed-UCB-1.64sigma-Shield,5
0,2,5,1.0,0.0,0.76278657,0.6677499,0.875408569397236,1.0,21.0,0.0,0.0,0.6,0,5,50443,DT-Top1,Full-CertiTwin-q90,5
0,4,5,1.0,0.0,0.76278657,0.76313806,1.000460797309265,1.0,57.0,0.0,0.0,0.6,0,5,50443,DT-Top1,SLA-Rule-Shield,5
0,2,5,1.0,0.0,0.76278657,0.6677499,0.875408569397236,1.0,21.0,0.0,0.0,0.6,0,5,50443,DT-Top1,Fixed-UCB-1sigma-Shield,5
0,2,5,1.0,0.0,0.76278657,0.6677499,0.875408569397236,1.0,21.0,0.0,0.0,0.6,0,5,50443,DT-Top1,Fixed-UCB-1.64sigma-Shield,5
2,2,5,0.0,0.0,0.6677499,0.6677499,0.9999999999985024,0.0,0.0,0.0,0.0,0.6,0,5,6386,PF,Full-CertiTwin-q90,5
2,2,5,0.0,0.0,0.6677499,0.6677499,0.9999999999985024,0.0,0.0,0.0,0.0,0.6,0,5,6386,PF,SLA-Rule-Shield,5
2,2,5,0.0,0.0,0.6677499,0.6677499,0.9999999999985024,0.0,0.0,0.0,0.0,0.6,0,5,6386,PF,Fixed-UCB-1sigma-Shield,5
2,2,5,0.0,0.0,0.6677499,0.6677499,0.9999999999985024,0.0,0.0,0.0,0.0,0.6,0,5,6386,PF,Fixed-UCB-1.64sigma-Shield,5
4,4,5,0.0,0.0,0.76313806,0.76313806,0.9999999999986896,0.0,0.0,0.0,0.0,0.6,0,5,6386,Greedy-SLA,Full-CertiTwin-q90,5
4,4,5,0.0,0.0,0.76313806,0.76313806,0.9999999999986896,0.0,0.0,0.0,0.0,0.6,0,5,6386,Greedy-SLA,SLA-Rule-Shield,5
4,4,5,0.0,0.0,0.76313806,0.76313806,0.9999999999986896,0.0,0.0,0.0,0.0,0.6,0,5,6386,Greedy-SLA,Fixed-UCB-1sigma-Shield,5
4,4,5,0.0,0.0,0.76313806,0.76313806,0.9999999999986896,0.0,0.0,0.0,0.0,0.6,0,5,6386,Greedy-SLA,Fixed-UCB-1.64sigma-Shield,5
0,2,5,1.0,0.0,0.77050835,0.6677499,0.8666355140721491,1.0,21.0,0.0,0.0,0.6,0,5,6386,DT-Top1,Full-CertiTwin-q90,5
0,4,5,1.0,0.0,0.77050835,0.76313806,0.990434509890788,1.0,57.0,0.0,0.0,0.6,0,5,6386,DT-Top1,SLA-Rule-Shield,5
0,2,5,1.0,0.0,0.77050835,0.6677499,0.8666355140721491,1.0,21.0,0.0,0.0,0.6,0,5,6386,DT-Top1,Fixed-UCB-1sigma-Shield,5
0,2,5,1.0,0.0,0.77050835,0.6677499,0.8666355140721491,1.0,21.0,0.0,0.0,0.6,0,5,6386,DT-Top1,Fixed-UCB-1.64sigma-Shield,5
2,2,5,0.0,0.0,0.6682329,0.6682329,0.9999999999985036,0.0,0.0,0.0,0.0,0.6,0,5,32787,PF,Full-CertiTwin-q90,5
2,2,5,0.0,0.0,0.6682329,0.6682329,0.9999999999985036,0.0,0.0,0.0,0.0,0.6,0,5,32787,PF,SLA-Rule-Shield,5
2,2,5,0.0,0.0,0.6682329,0.6682329,0.9999999999985036,0.0,0.0,0.0,0.0,0.6,0,5,32787,PF,Fixed-UCB-1sigma-Shield,5
2,2,5,0.0,0.0,0.6682329,0.6682329,0.9999999999985036,0.0,0.0,0.0,0.0,0.6,0,5,32787,PF,Fixed-UCB-1.64sigma-Shield,5
4,4,5,0.0,0.0,0.76313806,0.76313806,0.9999999999986896,0.0,0.0,0.0,0.0,0.6,0,5,32787,Greedy-SLA,Full-CertiTwin-q90,5
4,4,5,0.0,0.0,0.76313806,0.76313806,0.9999999999986896,0.0,0.0,0.0,0.0,0.6,0,5,32787,Greedy-SLA,SLA-Rule-Shield,5
4,4,5,0.0,0.0,0.76313806,0.76313806,0.9999999999986896,0.0,0.0,0.0,0.0,0.6,0,5,32787,Greedy-SLA,Fixed-UCB-1sigma-Shield,5
4,4,5,0.0,0.0,0.76313806,0.76313806,0.9999999999986896,0.0,0.0,0.0,0.0,0.6,0,5,32787,Greedy-SLA,Fixed-UCB-1.64sigma-Shield,5
0,2,5,1.0,0.0,0.76278657,0.6682329,0.8760417740431953,1.0,21.0,0.0,0.0,0.6,0,5,32787,DT-Top1,Full-CertiTwin-q90,5
0,4,5,1.0,0.0,0.76278657,0.76313806,1.000460797309265,1.0,57.0,0.0,0.0,0.6,0,5,32787,DT-Top1,SLA-Rule-Shield,5
0,2,5,1.0,0.0,0.76278657,0.6682329,0.8760417740431953,1.0,21.0,0.0,0.0,0.6,0,5,32787,DT-Top1,Fixed-UCB-1sigma-Shield,5
0,2,5,1.0,0.0,0.76278657,0.6682329,0.8760417740431953,1.0,21.0,0.0,0.0,0.6,0,5,32787,DT-Top1,Fixed-UCB-1.64sigma-Shield,5
2,2,5,0.0,0.0,0.6677499,0.6677499,0.9999999999985024,0.0,0.0,0.0,0.0,0.6,0,5,41869,PF,Full-CertiTwin-q90,5
2,2,5,0.0,0.0,0.6677499,0.6677499,0.9999999999985024,0.0,0.0,0.0,0.0,0.6,0,5,41869,PF,SLA-Rule-Shield,5
2,2,5,0.0,0.0,0.6677499,0.6677499,0.9999999999985024,0.0,0.0,0.0,0.0,0.6,0,5,41869,PF,Fixed-UCB-1sigma-Shield,5
2,2,5,0.0,0.0,0.6677499,0.6677499,0.9999999999985024,0.0,0.0,0.0,0.0,0.6,0,5,41869,PF,Fixed-UCB-1.64sigma-Shield,5
0,2,5,1.0,0.0,0.76278657,0.6677499,0.875408569397236,1.0,21.0,0.0,0.0,0.6,0,5,41869,Greedy-SLA,Full-CertiTwin-q90,5
0,4,5,1.0,0.0,0.76278657,0.7566483,0.9919528341971308,1.0,57.0,0.0,0.0,0.6,0,5,41869,Greedy-SLA,SLA-Rule-Shield,5
0,2,5,1.0,0.0,0.76278657,0.6677499,0.875408569397236,1.0,21.0,0.0,0.0,0.6,0,5,41869,Greedy-SLA,Fixed-UCB-1sigma-Shield,5
0,2,5,1.0,0.0,0.76278657,0.6677499,0.875408569397236,1.0,21.0,0.0,0.0,0.6,0,5,41869,Greedy-SLA,Fixed-UCB-1.64sigma-Shield,5
0,2,5,1.0,0.0,0.76278657,0.6677499,0.875408569397236,1.0,21.0,0.0,0.0,0.6,0,5,41869,DT-Top1,Full-CertiTwin-q90,5
0,4,5,1.0,0.0,0.76278657,0.7566483,0.9919528341971308,1.0,57.0,0.0,0.0,0.6,0,5,41869,DT-Top1,SLA-Rule-Shield,5
0,2,5,1.0,0.0,0.76278657,0.6677499,0.875408569397236,1.0,21.0,0.0,0.0,0.6,0,5,41869,DT-Top1,Fixed-UCB-1sigma-Shield,5
0,2,5,1.0,0.0,0.76278657,0.6677499,0.875408569397236,1.0,21.0,0.0,0.0,0.6,0,5,41869,DT-Top1,Fixed-UCB-1.64sigma-Shield,5
2,2,5,0.0,0.0,0.6677499,0.6677499,0.9999999999985024,0.0,0.0,0.0,0.0,0.6,0,5,57710,PF,Full-CertiTwin-q90,5
2,2,5,0.0,0.0,0.6677499,0.6677499,0.9999999999985024,0.0,0.0,0.0,0.0,0.6,0,5,57710,PF,SLA-Rule-Shield,5
2,2,5,0.0,0.0,0.6677499,0.6677499,0.9999999999985024,0.0,0.0,0.0,0.0,0.6,0,5,57710,PF,Fixed-UCB-1sigma-Shield,5
2,2,5,0.0,0.0,0.6677499,0.6677499,0.9999999999985024,0.0,0.0,0.0,0.0,0.6,0,5,57710,PF,Fixed-UCB-1.64sigma-Shield,5
0,2,5,1.0,0.0,0.76278657,0.6677499,0.875408569397236,1.0,21.0,0.0,0.0,0.6,0,5,57710,Greedy-SLA,Full-CertiTwin-q90,5
0,4,5,1.0,0.0,0.76278657,0.76313806,1.000460797309265,1.0,57.0,0.0,0.0,0.6,0,5,57710,Greedy-SLA,SLA-Rule-Shield,5
0,2,5,1.0,0.0,0.76278657,0.6677499,0.875408569397236,1.0,21.0,0.0,0.0,0.6,0,5,57710,Greedy-SLA,Fixed-UCB-1sigma-Shield,5
0,2,5,1.0,0.0,0.76278657,0.6677499,0.875408569397236,1.0,21.0,0.0,0.0,0.6,0,5,57710,Greedy-SLA,Fixed-UCB-1.64sigma-Shield,5
0,2,5,1.0,0.0,0.76278657,0.6677499,0.875408569397236,1.0,21.0,0.0,0.0,0.6,0,5,57710,DT-Top1,Full-CertiTwin-q90,5
0,4,5,1.0,0.0,0.76278657,0.76313806,1.000460797309265,1.0,57.0,0.0,0.0,0.6,0,5,57710,DT-Top1,SLA-Rule-Shield,5
0,2,5,1.0,0.0,0.76278657,0.6677499,0.875408569397236,1.0,21.0,0.0,0.0,0.6,0,5,57710,DT-Top1,Fixed-UCB-1sigma-Shield,5
0,2,5,1.0,0.0,0.76278657,0.6677499,0.875408569397236,1.0,21.0,0.0,0.0,0.6,0,5,57710,DT-Top1,Fixed-UCB-1.64sigma-Shield,5
2,2,5,0.0,0.0,0.6677499,0.6677499,0.9999999999985024,0.0,0.0,0.0,0.0,0.6,0,5,18855,PF,Full-CertiTwin-q90,5
2,2,5,0.0,0.0,0.6677499,0.6677499,0.9999999999985024,0.0,0.0,0.0,0.0,0.6,0,5,18855,PF,SLA-Rule-Shield,5
2,2,5,0.0,0.0,0.6677499,0.6677499,0.9999999999985024,0.0,0.0,0.0,0.0,0.6,0,5,18855,PF,Fixed-UCB-1sigma-Shield,5
2,2,5,0.0,0.0,0.6677499,0.6677499,0.9999999999985024,0.0,0.0,0.0,0.0,0.6,0,5,18855,PF,Fixed-UCB-1.64sigma-Shield,5
4,4,5,0.0,0.0,0.76313806,0.76313806,0.9999999999986896,0.0,0.0,0.0,0.0,0.6,0,5,18855,Greedy-SLA,Full-CertiTwin-q90,5
4,4,5,0.0,0.0,0.76313806,0.76313806,0.9999999999986896,0.0,0.0,0.0,0.0,0.6,0,5,18855,Greedy-SLA,SLA-Rule-Shield,5
4,4,5,0.0,0.0,0.76313806,0.76313806,0.9999999999986896,0.0,0.0,0.0,0.0,0.6,0,5,18855,Greedy-SLA,Fixed-UCB-1sigma-Shield,5
4,4,5,0.0,0.0,0.76313806,0.76313806,0.9999999999986896,0.0,0.0,0.0,0.0,0.6,0,5,18855,Greedy-SLA,Fixed-UCB-1.64sigma-Shield,5
4,4,5,0.0,0.0,0.76313806,0.76313806,0.9999999999986896,0.0,0.0,0.0,0.0,0.6,0,5,18855,DT-Top1,Full-CertiTwin-q90,5
4,4,5,0.0,0.0,0.76313806,0.76313806,0.9999999999986896,0.0,0.0,0.0,0.0,0.6,0,5,18855,DT-Top1,SLA-Rule-Shield,5
4,4,5,0.0,0.0,0.76313806,0.76313806,0.9999999999986896,0.0,0.0,0.0,0.0,0.6,0,5,18855,DT-Top1,Fixed-UCB-1sigma-Shield,5
4,4,5,0.0,0.0,0.76313806,0.76313806,0.9999999999986896,0.0,0.0,0.0,0.0,0.6,0,5,18855,DT-Top1,Fixed-UCB-1.64sigma-Shield,5
2,2,5,0.0,0.0,0.6677499,0.6677499,0.9999999999985024,0.0,0.0,0.0,0.0,0.6,0,5,59660,PF,Full-CertiTwin-q90,5
2,2,5,0.0,0.0,0.6677499,0.6677499,0.9999999999985024,0.0,0.0,0.0,0.0,0.6,0,5,59660,PF,SLA-Rule-Shield,5
2,2,5,0.0,0.0,0.6677499,0.6677499,0.9999999999985024,0.0,0.0,0.0,0.0,0.6,0,5,59660,PF,Fixed-UCB-1sigma-Shield,5
2,2,5,0.0,0.0,0.6677499,0.6677499,0.9999999999985024,0.0,0.0,0.0,0.0,0.6,0,5,59660,PF,Fixed-UCB-1.64sigma-Shield,5
4,4,5,0.0,0.0,0.76313806,0.76313806,0.9999999999986896,0.0,0.0,0.0,0.0,0.6,0,5,59660,Greedy-SLA,Full-CertiTwin-q90,5
4,4,5,0.0,0.0,0.76313806,0.76313806,0.9999999999986896,0.0,0.0,0.0,0.0,0.6,0,5,59660,Greedy-SLA,SLA-Rule-Shield,5
4,4,5,0.0,0.0,0.76313806,0.76313806,0.9999999999986896,0.0,0.0,0.0,0.0,0.6,0,5,59660,Greedy-SLA,Fixed-UCB-1sigma-Shield,5
4,4,5,0.0,0.0,0.76313806,0.76313806,0.9999999999986896,0.0,0.0,0.0,0.0,0.6,0,5,59660,Greedy-SLA,Fixed-UCB-1.64sigma-Shield,5
4,4,5,0.0,0.0,0.76313806,0.76313806,0.9999999999986896,0.0,0.0,0.0,0.0,0.6,0,5,59660,DT-Top1,Full-CertiTwin-q90,5
4,4,5,0.0,0.0,0.76313806,0.76313806,0.9999999999986896,0.0,0.0,0.0,0.0,0.6,0,5,59660,DT-Top1,SLA-Rule-Shield,5
4,4,5,0.0,0.0,0.76313806,0.76313806,0.9999999999986896,0.0,0.0,0.0,0.0,0.6,0,5,59660,DT-Top1,Fixed-UCB-1sigma-Shield,5
4,4,5,0.0,0.0,0.76313806,0.76313806,0.9999999999986896,0.0,0.0,0.0,0.0,0.6,0,5,59660,DT-Top1,Fixed-UCB-1.64sigma-Shield,5
2,2,5,0.0,0.0,0.6677499,0.6677499,0.9999999999985024,0.0,0.0,0.0,0.0,0.6,0,5,42277,PF,Full-CertiTwin-q90,5
2,2,5,0.0,0.0,0.6677499,0.6677499,0.9999999999985024,0.0,0.0,0.0,0.0,0.6,0,5,42277,PF,SLA-Rule-Shield,5
2,2,5,0.0,0.0,0.6677499,0.6677499,0.9999999999985024,0.0,0.0,0.0,0.0,0.6,0,5,42277,PF,Fixed-UCB-1sigma-Shield,5
2,2,5,0.0,0.0,0.6677499,0.6677499,0.9999999999985024,0.0,0.0,0.0,0.0,0.6,0,5,42277,PF,Fixed-UCB-1.64sigma-Shield,5
4,4,5,0.0,0.0,0.76313806,0.76313806,0.9999999999986896,0.0,0.0,0.0,0.0,0.6,0,5,42277,Greedy-SLA,Full-CertiTwin-q90,5
4,4,5,0.0,0.0,0.76313806,0.76313806,0.9999999999986896,0.0,0.0,0.0,0.0,0.6,0,5,42277,Greedy-SLA,SLA-Rule-Shield,5
4,4,5,0.0,0.0,0.76313806,0.76313806,0.9999999999986896,0.0,0.0,0.0,0.0,0.6,0,5,42277,Greedy-SLA,Fixed-UCB-1sigma-Shield,5
4,4,5,0.0,0.0,0.76313806,0.76313806,0.9999999999986896,0.0,0.0,0.0,0.0,0.6,0,5,42277,Greedy-SLA,Fixed-UCB-1.64sigma-Shield,5
4,4,5,0.0,0.0,0.76313806,0.76313806,0.9999999999986896,0.0,0.0,0.0,0.0,0.6,0,5,42277,DT-Top1,Full-CertiTwin-q90,5
4,4,5,0.0,0.0,0.76313806,0.76313806,0.9999999999986896,0.0,0.0,0.0,0.0,0.6,0,5,42277,DT-Top1,SLA-Rule-Shield,5
4,4,5,0.0,0.0,0.76313806,0.76313806,0.9999999999986896,0.0,0.0,0.0,0.0,0.6,0,5,42277,DT-Top1,Fixed-UCB-1sigma-Shield,5
4,4,5,0.0,0.0,0.76313806,0.76313806,0.9999999999986896,0.0,0.0,0.0,0.0,0.6,0,5,42277,DT-Top1,Fixed-UCB-1.64sigma-Shield,5
2,2,5,0.0,0.0,0.6677499,0.6677499,0.9999999999985024,0.0,0.0,0.0,0.0,0.6,0,5,30741,PF,Full-CertiTwin-q90,5
2,2,5,0.0,0.0,0.6677499,0.6677499,0.9999999999985024,0.0,0.0,0.0,0.0,0.6,0,5,30741,PF,SLA-Rule-Shield,5
2,2,5,0.0,0.0,0.6677499,0.6677499,0.9999999999985024,0.0,0.0,0.0,0.0,0.6,0,5,30741,PF,Fixed-UCB-1sigma-Shield,5
2,2,5,0.0,0.0,0.6677499,0.6677499,0.9999999999985024,0.0,0.0,0.0,0.0,0.6,0,5,30741,PF,Fixed-UCB-1.64sigma-Shield,5
4,4,5,0.0,0.0,0.7526786,0.7526786,0.9999999999986714,0.0,0.0,0.0,0.0,0.6,0,5,30741,Greedy-SLA,Full-CertiTwin-q90,5
4,4,5,0.0,0.0,0.7526786,0.7526786,0.9999999999986714,0.0,0.0,0.0,0.0,0.6,0,5,30741,Greedy-SLA,SLA-Rule-Shield,5
4,4,5,0.0,0.0,0.7526786,0.7526786,0.9999999999986714,0.0,0.0,0.0,0.0,0.6,0,5,30741,Greedy-SLA,Fixed-UCB-1sigma-Shield,5
4,4,5,0.0,0.0,0.7526786,0.7526786,0.9999999999986714,0.0,0.0,0.0,0.0,0.6,0,5,30741,Greedy-SLA,Fixed-UCB-1.64sigma-Shield,5
0,2,5,1.0,0.0,0.76278657,0.6677499,0.875408569397236,1.0,21.0,0.0,0.0,0.6,0,5,30741,DT-Top1,Full-CertiTwin-q90,5
0,4,5,1.0,0.0,0.76278657,0.7526786,0.9867486261576592,1.0,57.0,0.0,0.0,0.6,0,5,30741,DT-Top1,SLA-Rule-Shield,5
0,2,5,1.0,0.0,0.76278657,0.6677499,0.875408569397236,1.0,21.0,0.0,0.0,0.6,0,5,30741,DT-Top1,Fixed-UCB-1sigma-Shield,5
0,2,5,1.0,0.0,0.76278657,0.6677499,0.875408569397236,1.0,21.0,0.0,0.0,0.6,0,5,30741,DT-Top1,Fixed-UCB-1.64sigma-Shield,5
2,2,5,0.0,0.0,0.6677499,0.6677499,0.9999999999985024,0.0,0.0,0.0,0.0,0.6,0,5,33150,PF,Full-CertiTwin-q90,5
2,2,5,0.0,0.0,0.6677499,0.6677499,0.9999999999985024,0.0,0.0,0.0,0.0,0.6,0,5,33150,PF,SLA-Rule-Shield,5
2,2,5,0.0,0.0,0.6677499,0.6677499,0.9999999999985024,0.0,0.0,0.0,0.0,0.6,0,5,33150,PF,Fixed-UCB-1sigma-Shield,5
2,2,5,0.0,0.0,0.6677499,0.6677499,0.9999999999985024,0.0,0.0,0.0,0.0,0.6,0,5,33150,PF,Fixed-UCB-1.64sigma-Shield,5
4,4,5,0.0,0.0,0.76313806,0.76313806,0.9999999999986896,0.0,0.0,0.0,0.0,0.6,0,5,33150,Greedy-SLA,Full-CertiTwin-q90,5
4,4,5,0.0,0.0,0.76313806,0.76313806,0.9999999999986896,0.0,0.0,0.0,0.0,0.6,0,5,33150,Greedy-SLA,SLA-Rule-Shield,5
4,4,5,0.0,0.0,0.76313806,0.76313806,0.9999999999986896,0.0,0.0,0.0,0.0,0.6,0,5,33150,Greedy-SLA,Fixed-UCB-1sigma-Shield,5
4,4,5,0.0,0.0,0.76313806,0.76313806,0.9999999999986896,0.0,0.0,0.0,0.0,0.6,0,5,33150,Greedy-SLA,Fixed-UCB-1.64sigma-Shield,5
0,2,5,1.0,0.0,0.77741534,0.6677499,0.8589358424534574,1.0,21.0,0.0,0.0,0.6,0,5,33150,DT-Top1,Full-CertiTwin-q90,5
0,4,5,1.0,0.0,0.77741534,0.76313806,0.981634939180668,1.0,57.0,0.0,0.0,0.6,0,5,33150,DT-Top1,SLA-Rule-Shield,5
0,2,5,1.0,0.0,0.77741534,0.6677499,0.8589358424534574,1.0,21.0,0.0,0.0,0.6,0,5,33150,DT-Top1,Fixed-UCB-1sigma-Shield,5
0,2,5,1.0,0.0,0.77741534,0.6677499,0.8589358424534574,1.0,21.0,0.0,0.0,0.6,0,5,33150,DT-Top1,Fixed-UCB-1.64sigma-Shield,5
2,2,5,0.0,0.0,0.6677499,0.6677499,0.9999999999985024,0.0,0.0,0.0,0.0,0.6,0,5,13705,PF,Full-CertiTwin-q90,5
2,2,5,0.0,0.0,0.6677499,0.6677499,0.9999999999985024,0.0,0.0,0.0,0.0,0.6,0,5,13705,PF,SLA-Rule-Shield,5
2,2,5,0.0,0.0,0.6677499,0.6677499,0.9999999999985024,0.0,0.0,0.0,0.0,0.6,0,5,13705,PF,Fixed-UCB-1sigma-Shield,5
2,2,5,0.0,0.0,0.6677499,0.6677499,0.9999999999985024,0.0,0.0,0.0,0.0,0.6,0,5,13705,PF,Fixed-UCB-1.64sigma-Shield,5
4,4,5,0.0,0.0,0.76313806,0.76313806,0.9999999999986896,0.0,0.0,0.0,0.0,0.6,0,5,13705,Greedy-SLA,Full-CertiTwin-q90,5
4,4,5,0.0,0.0,0.76313806,0.76313806,0.9999999999986896,0.0,0.0,0.0,0.0,0.6,0,5,13705,Greedy-SLA,SLA-Rule-Shield,5
4,4,5,0.0,0.0,0.76313806,0.76313806,0.9999999999986896,0.0,0.0,0.0,0.0,0.6,0,5,13705,Greedy-SLA,Fixed-UCB-1sigma-Shield,5
4,4,5,0.0,0.0,0.76313806,0.76313806,0.9999999999986896,0.0,0.0,0.0,0.0,0.6,0,5,13705,Greedy-SLA,Fixed-UCB-1.64sigma-Shield,5
0,2,5,1.0,0.0,0.76278657,0.6677499,0.875408569397236,1.0,21.0,0.0,0.0,0.6,0,5,13705,DT-Top1,Full-CertiTwin-q90,5
0,4,5,1.0,0.0,0.76278657,0.76313806,1.000460797309265,1.0,57.0,0.0,0.0,0.6,0,5,13705,DT-Top1,SLA-Rule-Shield,5
0,2,5,1.0,0.0,0.76278657,0.6677499,0.875408569397236,1.0,21.0,0.0,0.0,0.6,0,5,13705,DT-Top1,Fixed-UCB-1sigma-Shield,5
0,2,5,1.0,0.0,0.76278657,0.6677499,0.875408569397236,1.0,21.0,0.0,0.0,0.6,0,5,13705,DT-Top1,Fixed-UCB-1.64sigma-Shield,5
2,2,5,0.0,0.0,0.6677499,0.6677499,0.9999999999985024,0.0,0.0,0.0,0.0,0.6,0,5,10071,PF,Full-CertiTwin-q90,5
2,2,5,0.0,0.0,0.6677499,0.6677499,0.9999999999985024,0.0,0.0,0.0,0.0,0.6,0,5,10071,PF,SLA-Rule-Shield,5
2,2,5,0.0,0.0,0.6677499,0.6677499,0.9999999999985024,0.0,0.0,0.0,0.0,0.6,0,5,10071,PF,Fixed-UCB-1sigma-Shield,5
2,2,5,0.0,0.0,0.6677499,0.6677499,0.9999999999985024,0.0,0.0,0.0,0.0,0.6,0,5,10071,PF,Fixed-UCB-1.64sigma-Shield,5
0,2,5,1.0,0.0,0.76278657,0.6677499,0.875408569397236,1.0,21.0,0.0,0.0,0.6,0,5,10071,Greedy-SLA,Full-CertiTwin-q90,5
0,4,5,1.0,0.0,0.76278657,0.76313806,1.000460797309265,1.0,57.0,0.0,0.0,0.6,0,5,10071,Greedy-SLA,SLA-Rule-Shield,5
0,2,5,1.0,0.0,0.76278657,0.6677499,0.875408569397236,1.0,21.0,0.0,0.0,0.6,0,5,10071,Greedy-SLA,Fixed-UCB-1sigma-Shield,5
0,2,5,1.0,0.0,0.76278657,0.6677499,0.875408569397236,1.0,21.0,0.0,0.0,0.6,0,5,10071,Greedy-SLA,Fixed-UCB-1.64sigma-Shield,5
0,2,5,1.0,0.0,0.76278657,0.6677499,0.875408569397236,1.0,21.0,0.0,0.0,0.6,0,5,10071,DT-Top1,Full-CertiTwin-q90,5
0,4,5,1.0,0.0,0.76278657,0.76313806,1.000460797309265,1.0,57.0,0.0,0.0,0.6,0,5,10071,DT-Top1,SLA-Rule-Shield,5
0,2,5,1.0,0.0,0.76278657,0.6677499,0.875408569397236,1.0,21.0,0.0,0.0,0.6,0,5,10071,DT-Top1,Fixed-UCB-1sigma-Shield,5
0,2,5,1.0,0.0,0.76278657,0.6677499,0.875408569397236,1.0,21.0,0.0,0.0,0.6,0,5,10071,DT-Top1,Fixed-UCB-1.64sigma-Shield,5
2,2,5,0.0,0.0,0.65129316,0.65129316,0.9999999999984648,0.0,0.0,0.0,0.0,0.6,0,5,26367,PF,Full-CertiTwin-q90,5
2,2,5,0.0,0.0,0.65129316,0.65129316,0.9999999999984648,0.0,0.0,0.0,0.0,0.6,0,5,26367,PF,SLA-Rule-Shield,5
2,2,5,0.0,0.0,0.65129316,0.65129316,0.9999999999984648,0.0,0.0,0.0,0.0,0.6,0,5,26367,PF,Fixed-UCB-1sigma-Shield,5
2,2,5,0.0,0.0,0.65129316,0.65129316,0.9999999999984648,0.0,0.0,0.0,0.0,0.6,0,5,26367,PF,Fixed-UCB-1.64sigma-Shield,5
4,4,5,0.0,0.0,0.76313806,0.76313806,0.9999999999986896,0.0,0.0,0.0,0.0,0.6,0,5,26367,Greedy-SLA,Full-CertiTwin-q90,5
4,4,5,0.0,0.0,0.76313806,0.76313806,0.9999999999986896,0.0,0.0,0.0,0.0,0.6,0,5,26367,Greedy-SLA,SLA-Rule-Shield,5
4,4,5,0.0,0.0,0.76313806,0.76313806,0.9999999999986896,0.0,0.0,0.0,0.0,0.6,0,5,26367,Greedy-SLA,Fixed-UCB-1sigma-Shield,5
4,4,5,0.0,0.0,0.76313806,0.76313806,0.9999999999986896,0.0,0.0,0.0,0.0,0.6,0,5,26367,Greedy-SLA,Fixed-UCB-1.64sigma-Shield,5
0,2,5,1.0,0.0,0.76278657,0.65129316,0.8538340678954877,1.0,21.0,0.0,0.0,0.6,0,5,26367,DT-Top1,Full-CertiTwin-q90,5
0,4,5,1.0,0.0,0.76278657,0.76313806,1.000460797309265,1.0,57.0,0.0,0.0,0.6,0,5,26367,DT-Top1,SLA-Rule-Shield,5
0,2,5,1.0,0.0,0.76278657,0.65129316,0.8538340678954877,1.0,21.0,0.0,0.0,0.6,0,5,26367,DT-Top1,Fixed-UCB-1sigma-Shield,5
0,2,5,1.0,0.0,0.76278657,0.65129316,0.8538340678954877,1.0,21.0,0.0,0.0,0.6,0,5,26367,DT-Top1,Fixed-UCB-1.64sigma-Shield,5
2,2,5,0.0,0.0,0.6677499,0.6677499,0.9999999999985024,0.0,0.0,0.0,0.0,0.6,0,5,37215,PF,Full-CertiTwin-q90,5
2,2,5,0.0,0.0,0.6677499,0.6677499,0.9999999999985024,0.0,0.0,0.0,0.0,0.6,0,5,37215,PF,SLA-Rule-Shield,5
2,2,5,0.0,0.0,0.6677499,0.6677499,0.9999999999985024,0.0,0.0,0.0,0.0,0.6,0,5,37215,PF,Fixed-UCB-1sigma-Shield,5
2,2,5,0.0,0.0,0.6677499,0.6677499,0.9999999999985024,0.0,0.0,0.0,0.0,0.6,0,5,37215,PF,Fixed-UCB-1.64sigma-Shield,5
4,4,5,0.0,0.0,0.76313806,0.76313806,0.9999999999986896,0.0,0.0,0.0,0.0,0.6,0,5,37215,Greedy-SLA,Full-CertiTwin-q90,5
4,4,5,0.0,0.0,0.76313806,0.76313806,0.9999999999986896,0.0,0.0,0.0,0.0,0.6,0,5,37215,Greedy-SLA,SLA-Rule-Shield,5
4,4,5,0.0,0.0,0.76313806,0.76313806,0.9999999999986896,0.0,0.0,0.0,0.0,0.6,0,5,37215,Greedy-SLA,Fixed-UCB-1sigma-Shield,5
4,4,5,0.0,0.0,0.76313806,0.76313806,0.9999999999986896,0.0,0.0,0.0,0.0,0.6,0,5,37215,Greedy-SLA,Fixed-UCB-1.64sigma-Shield,5
4,4,5,0.0,0.0,0.76313806,0.76313806,0.9999999999986896,0.0,0.0,0.0,0.0,0.6,0,5,37215,DT-Top1,Full-CertiTwin-q90,5
4,4,5,0.0,0.0,0.76313806,0.76313806,0.9999999999986896,0.0,0.0,0.0,0.0,0.6,0,5,37215,DT-Top1,SLA-Rule-Shield,5
4,4,5,0.0,0.0,0.76313806,0.76313806,0.9999999999986896,0.0,0.0,0.0,0.0,0.6,0,5,37215,DT-Top1,Fixed-UCB-1sigma-Shield,5
4,4,5,0.0,0.0,0.76313806,0.76313806,0.9999999999986896,0.0,0.0,0.0,0.0,0.6,0,5,37215,DT-Top1,Fixed-UCB-1.64sigma-Shield,5
2,2,5,0.0,0.0,0.6677499,0.6677499,0.9999999999985024,0.0,0.0,0.0,0.0,0.6,0,5,52886,PF,Full-CertiTwin-q90,5
2,2,5,0.0,0.0,0.6677499,0.6677499,0.9999999999985024,0.0,0.0,0.0,0.0,0.6,0,5,52886,PF,SLA-Rule-Shield,5
2,2,5,0.0,0.0,0.6677499,0.6677499,0.9999999999985024,0.0,0.0,0.0,0.0,0.6,0,5,52886,PF,Fixed-UCB-1sigma-Shield,5
2,2,5,0.0,0.0,0.6677499,0.6677499,0.9999999999985024,0.0,0.0,0.0,0.0,0.6,0,5,52886,PF,Fixed-UCB-1.64sigma-Shield,5
0,2,5,1.0,0.0,0.76278657,0.6677499,0.875408569397236,1.0,21.0,0.0,0.0,0.6,0,5,52886,Greedy-SLA,Full-CertiTwin-q90,5
0,4,5,1.0,0.0,0.76278657,0.7526786,0.9867486261576592,1.0,57.0,0.0,0.0,0.6,0,5,52886,Greedy-SLA,SLA-Rule-Shield,5
0,2,5,1.0,0.0,0.76278657,0.6677499,0.875408569397236,1.0,21.0,0.0,0.0,0.6,0,5,52886,Greedy-SLA,Fixed-UCB-1sigma-Shield,5
0,2,5,1.0,0.0,0.76278657,0.6677499,0.875408569397236,1.0,21.0,0.0,0.0,0.6,0,5,52886,Greedy-SLA,Fixed-UCB-1.64sigma-Shield,5
0,2,5,1.0,0.0,0.76278657,0.6677499,0.875408569397236,1.0,21.0,0.0,0.0,0.6,0,5,52886,DT-Top1,Full-CertiTwin-q90,5
0,4,5,1.0,0.0,0.76278657,0.7526786,0.9867486261576592,1.0,57.0,0.0,0.0,0.6,0,5,52886,DT-Top1,SLA-Rule-Shield,5
0,2,5,1.0,0.0,0.76278657,0.6677499,0.875408569397236,1.0,21.0,0.0,0.0,0.6,0,5,52886,DT-Top1,Fixed-UCB-1sigma-Shield,5
0,2,5,1.0,0.0,0.76278657,0.6677499,0.875408569397236,1.0,21.0,0.0,0.0,0.6,0,5,52886,DT-Top1,Fixed-UCB-1.64sigma-Shield,5
2,2,5,0.0,0.0,0.6677499,0.6677499,0.9999999999985024,0.0,0.0,0.0,0.0,0.6,0,5,42431,PF,Full-CertiTwin-q90,5
2,2,5,0.0,0.0,0.6677499,0.6677499,0.9999999999985024,0.0,0.0,0.0,0.0,0.6,0,5,42431,PF,SLA-Rule-Shield,5
2,2,5,0.0,0.0,0.6677499,0.6677499,0.9999999999985024,0.0,0.0,0.0,0.0,0.6,0,5,42431,PF,Fixed-UCB-1sigma-Shield,5
2,2,5,0.0,0.0,0.6677499,0.6677499,0.9999999999985024,0.0,0.0,0.0,0.0,0.6,0,5,42431,PF,Fixed-UCB-1.64sigma-Shield,5
4,4,5,0.0,0.0,0.76313806,0.76313806,0.9999999999986896,0.0,0.0,0.0,0.0,0.6,0,5,42431,Greedy-SLA,Full-CertiTwin-q90,5
4,4,5,0.0,0.0,0.76313806,0.76313806,0.9999999999986896,0.0,0.0,0.0,0.0,0.6,0,5,42431,Greedy-SLA,SLA-Rule-Shield,5
4,4,5,0.0,0.0,0.76313806,0.76313806,0.9999999999986896,0.0,0.0,0.0,0.0,0.6,0,5,42431,Greedy-SLA,Fixed-UCB-1sigma-Shield,5
4,4,5,0.0,0.0,0.76313806,0.76313806,0.9999999999986896,0.0,0.0,0.0,0.0,0.6,0,5,42431,Greedy-SLA,Fixed-UCB-1.64sigma-Shield,5
0,2,5,1.0,0.0,0.76278657,0.6677499,0.875408569397236,1.0,21.0,0.0,0.0,0.6,0,5,42431,DT-Top1,Full-CertiTwin-q90,5
0,4,5,1.0,0.0,0.76278657,0.76313806,1.000460797309265,1.0,57.0,0.0,0.0,0.6,0,5,42431,DT-Top1,SLA-Rule-Shield,5
0,2,5,1.0,0.0,0.76278657,0.6677499,0.875408569397236,1.0,21.0,0.0,0.0,0.6,0,5,42431,DT-Top1,Fixed-UCB-1sigma-Shield,5
0,2,5,1.0,0.0,0.76278657,0.6677499,0.875408569397236,1.0,21.0,0.0,0.0,0.6,0,5,42431,DT-Top1,Fixed-UCB-1.64sigma-Shield,5
2,2,5,0.0,0.0,0.6506768,0.6506768,0.9999999999984632,0.0,0.0,0.0,0.0,0.6,0,5,2404,PF,Full-CertiTwin-q90,5
2,2,5,0.0,0.0,0.6506768,0.6506768,0.9999999999984632,0.0,0.0,0.0,0.0,0.6,0,5,2404,PF,SLA-Rule-Shield,5
2,2,5,0.0,0.0,0.6506768,0.6506768,0.9999999999984632,0.0,0.0,0.0,0.0,0.6,0,5,2404,PF,Fixed-UCB-1sigma-Shield,5
2,2,5,0.0,0.0,0.6506768,0.6506768,0.9999999999984632,0.0,0.0,0.0,0.0,0.6,0,5,2404,PF,Fixed-UCB-1.64sigma-Shield,5
4,4,5,0.0,0.0,0.76313806,0.76313806,0.9999999999986896,0.0,0.0,0.0,0.0,0.6,0,5,2404,Greedy-SLA,Full-CertiTwin-q90,5
4,4,5,0.0,0.0,0.76313806,0.76313806,0.9999999999986896,0.0,0.0,0.0,0.0,0.6,0,5,2404,Greedy-SLA,SLA-Rule-Shield,5
4,4,5,0.0,0.0,0.76313806,0.76313806,0.9999999999986896,0.0,0.0,0.0,0.0,0.6,0,5,2404,Greedy-SLA,Fixed-UCB-1sigma-Shield,5
4,4,5,0.0,0.0,0.76313806,0.76313806,0.9999999999986896,0.0,0.0,0.0,0.0,0.6,0,5,2404,Greedy-SLA,Fixed-UCB-1.64sigma-Shield,5
0,2,5,1.0,0.0,0.76278657,0.6506768,0.853026030596143,1.0,21.0,0.0,0.0,0.6,0,5,2404,DT-Top1,Full-CertiTwin-q90,5
0,4,5,1.0,0.0,0.76278657,0.76313806,1.000460797309265,1.0,57.0,0.0,0.0,0.6,0,5,2404,DT-Top1,SLA-Rule-Shield,5
0,2,5,1.0,0.0,0.76278657,0.6506768,0.853026030596143,1.0,21.0,0.0,0.0,0.6,0,5,2404,DT-Top1,Fixed-UCB-1sigma-Shield,5
0,2,5,1.0,0.0,0.76278657,0.6506768,0.853026030596143,1.0,21.0,0.0,0.0,0.6,0,5,2404,DT-Top1,Fixed-UCB-1.64sigma-Shield,5
2,2,5,0.0,0.0,0.6677499,0.6677499,0.9999999999985024,0.0,0.0,0.0,0.0,0.6,0,5,15691,PF,Full-CertiTwin-q90,5
2,2,5,0.0,0.0,0.6677499,0.6677499,0.9999999999985024,0.0,0.0,0.0,0.0,0.6,0,5,15691,PF,SLA-Rule-Shield,5
2,2,5,0.0,0.0,0.6677499,0.6677499,0.9999999999985024,0.0,0.0,0.0,0.0,0.6,0,5,15691,PF,Fixed-UCB-1sigma-Shield,5
2,2,5,0.0,0.0,0.6677499,0.6677499,0.9999999999985024,0.0,0.0,0.0,0.0,0.6,0,5,15691,PF,Fixed-UCB-1.64sigma-Shield,5
4,4,5,0.0,0.0,0.76313806,0.76313806,0.9999999999986896,0.0,0.0,0.0,0.0,0.6,0,5,15691,Greedy-SLA,Full-CertiTwin-q90,5
4,4,5,0.0,0.0,0.76313806,0.76313806,0.9999999999986896,0.0,0.0,0.0,0.0,0.6,0,5,15691,Greedy-SLA,SLA-Rule-Shield,5
4,4,5,0.0,0.0,0.76313806,0.76313806,0.9999999999986896,0.0,0.0,0.0,0.0,0.6,0,5,15691,Greedy-SLA,Fixed-UCB-1sigma-Shield,5
4,4,5,0.0,0.0,0.76313806,0.76313806,0.9999999999986896,0.0,0.0,0.0,0.0,0.6,0,5,15691,Greedy-SLA,Fixed-UCB-1.64sigma-Shield,5
0,2,5,1.0,0.0,0.76278657,0.6677499,0.875408569397236,1.0,21.0,0.0,0.0,0.6,0,5,15691,DT-Top1,Full-CertiTwin-q90,5
0,4,5,1.0,0.0,0.76278657,0.76313806,1.000460797309265,1.0,57.0,0.0,0.0,0.6,0,5,15691,DT-Top1,SLA-Rule-Shield,5
0,2,5,1.0,0.0,0.76278657,0.6677499,0.875408569397236,1.0,21.0,0.0,0.0,0.6,0,5,15691,DT-Top1,Fixed-UCB-1sigma-Shield,5
0,2,5,1.0,0.0,0.76278657,0.6677499,0.875408569397236,1.0,21.0,0.0,0.0,0.6,0,5,15691,DT-Top1,Fixed-UCB-1.64sigma-Shield,5
2,2,5,0.0,0.0,0.6677499,0.6677499,0.9999999999985024,0.0,0.0,0.0,0.0,0.6,0,5,28375,PF,Full-CertiTwin-q90,5
2,2,5,0.0,0.0,0.6677499,0.6677499,0.9999999999985024,0.0,0.0,0.0,0.0,0.6,0,5,28375,PF,SLA-Rule-Shield,5
2,2,5,0.0,0.0,0.6677499,0.6677499,0.9999999999985024,0.0,0.0,0.0,0.0,0.6,0,5,28375,PF,Fixed-UCB-1sigma-Shield,5
2,2,5,0.0,0.0,0.6677499,0.6677499,0.9999999999985024,0.0,0.0,0.0,0.0,0.6,0,5,28375,PF,Fixed-UCB-1.64sigma-Shield,5
0,2,5,1.0,0.0,0.76278657,0.6677499,0.875408569397236,1.0,21.0,0.0,0.0,0.6,0,5,28375,Greedy-SLA,Full-CertiTwin-q90,5
0,4,5,1.0,0.0,0.76278657,0.7777951,1.0196759232388952,1.0,57.0,0.0,0.0,0.6,0,5,28375,Greedy-SLA,SLA-Rule-Shield,5
0,2,5,1.0,0.0,0.76278657,0.6677499,0.875408569397236,1.0,21.0,0.0,0.0,0.6,0,5,28375,Greedy-SLA,Fixed-UCB-1sigma-Shield,5
0,2,5,1.0,0.0,0.76278657,0.6677499,0.875408569397236,1.0,21.0,0.0,0.0,0.6,0,5,28375,Greedy-SLA,Fixed-UCB-1.64sigma-Shield,5
0,2,5,1.0,0.0,0.76278657,0.6677499,0.875408569397236,1.0,21.0,0.0,0.0,0.6,0,5,28375,DT-Top1,Full-CertiTwin-q90,5
0,4,5,1.0,0.0,0.76278657,0.7777951,1.0196759232388952,1.0,57.0,0.0,0.0,0.6,0,5,28375,DT-Top1,SLA-Rule-Shield,5
0,2,5,1.0,0.0,0.76278657,0.6677499,0.875408569397236,1.0,21.0,0.0,0.0,0.6,0,5,28375,DT-Top1,Fixed-UCB-1sigma-Shield,5
0,2,5,1.0,0.0,0.76278657,0.6677499,0.875408569397236,1.0,21.0,0.0,0.0,0.6,0,5,28375,DT-Top1,Fixed-UCB-1.64sigma-Shield,5
2,2,5,0.0,0.0,0.6677499,0.6677499,0.9999999999985024,0.0,0.0,0.0,0.0,0.6,0,5,54383,PF,Full-CertiTwin-q90,5
2,2,5,0.0,0.0,0.6677499,0.6677499,0.9999999999985024,0.0,0.0,0.0,0.0,0.6,0,5,54383,PF,SLA-Rule-Shield,5
2,2,5,0.0,0.0,0.6677499,0.6677499,0.9999999999985024,0.0,0.0,0.0,0.0,0.6,0,5,54383,PF,Fixed-UCB-1sigma-Shield,5
2,2,5,0.0,0.0,0.6677499,0.6677499,0.9999999999985024,0.0,0.0,0.0,0.0,0.6,0,5,54383,PF,Fixed-UCB-1.64sigma-Shield,5
0,2,5,1.0,0.0,0.76278657,0.6677499,0.875408569397236,1.0,21.0,0.0,0.0,0.6,0,5,54383,Greedy-SLA,Full-CertiTwin-q90,5
0,4,5,1.0,0.0,0.76278657,0.7777951,1.0196759232388952,1.0,57.0,0.0,0.0,0.6,0,5,54383,Greedy-SLA,SLA-Rule-Shield,5
0,2,5,1.0,0.0,0.76278657,0.6677499,0.875408569397236,1.0,21.0,0.0,0.0,0.6,0,5,54383,Greedy-SLA,Fixed-UCB-1sigma-Shield,5
0,2,5,1.0,0.0,0.76278657,0.6677499,0.875408569397236,1.0,21.0,0.0,0.0,0.6,0,5,54383,Greedy-SLA,Fixed-UCB-1.64sigma-Shield,5
0,2,5,1.0,0.0,0.76278657,0.6677499,0.875408569397236,1.0,21.0,0.0,0.0,0.6,0,5,54383,DT-Top1,Full-CertiTwin-q90,5
0,4,5,1.0,0.0,0.76278657,0.7777951,1.0196759232388952,1.0,57.0,0.0,0.0,0.6,0,5,54383,DT-Top1,SLA-Rule-Shield,5
0,2,5,1.0,0.0,0.76278657,0.6677499,0.875408569397236,1.0,21.0,0.0,0.0,0.6,0,5,54383,DT-Top1,Fixed-UCB-1sigma-Shield,5
0,2,5,1.0,0.0,0.76278657,0.6677499,0.875408569397236,1.0,21.0,0.0,0.0,0.6,0,5,54383,DT-Top1,Fixed-UCB-1.64sigma-Shield,5
2,2,5,0.0,0.0,0.6677499,0.6677499,0.9999999999985024,0.0,0.0,0.0,0.0,0.6,0,5,59762,PF,Full-CertiTwin-q90,5
2,2,5,0.0,0.0,0.6677499,0.6677499,0.9999999999985024,0.0,0.0,0.0,0.0,0.6,0,5,59762,PF,SLA-Rule-Shield,5
2,2,5,0.0,0.0,0.6677499,0.6677499,0.9999999999985024,0.0,0.0,0.0,0.0,0.6,0,5,59762,PF,Fixed-UCB-1sigma-Shield,5
2,2,5,0.0,0.0,0.6677499,0.6677499,0.9999999999985024,0.0,0.0,0.0,0.0,0.6,0,5,59762,PF,Fixed-UCB-1.64sigma-Shield,5
4,4,5,0.0,0.0,0.76313806,0.76313806,0.9999999999986896,0.0,0.0,0.0,0.0,0.6,0,5,59762,Greedy-SLA,Full-CertiTwin-q90,5
4,4,5,0.0,0.0,0.76313806,0.76313806,0.9999999999986896,0.0,0.0,0.0,0.0,0.6,0,5,59762,Greedy-SLA,SLA-Rule-Shield,5
4,4,5,0.0,0.0,0.76313806,0.76313806,0.9999999999986896,0.0,0.0,0.0,0.0,0.6,0,5,59762,Greedy-SLA,Fixed-UCB-1sigma-Shield,5
4,4,5,0.0,0.0,0.76313806,0.76313806,0.9999999999986896,0.0,0.0,0.0,0.0,0.6,0,5,59762,Greedy-SLA,Fixed-UCB-1.64sigma-Shield,5
0,2,5,1.0,0.0,0.77050835,0.6677499,0.8666355140721491,1.0,21.0,0.0,0.0,0.6,0,5,59762,DT-Top1,Full-CertiTwin-q90,5
0,4,5,1.0,0.0,0.77050835,0.76313806,0.990434509890788,1.0,57.0,0.0,0.0,0.6,0,5,59762,DT-Top1,SLA-Rule-Shield,5
0,2,5,1.0,0.0,0.77050835,0.6677499,0.8666355140721491,1.0,21.0,0.0,0.0,0.6,0,5,59762,DT-Top1,Fixed-UCB-1sigma-Shield,5
0,2,5,1.0,0.0,0.77050835,0.6677499,0.8666355140721491,1.0,21.0,0.0,0.0,0.6,0,5,59762,DT-Top1,Fixed-UCB-1.64sigma-Shield,5
2,2,5,0.0,0.0,0.7186651,0.7186651,0.9999999999986086,0.0,0.0,0.0,0.0,0.6,0,5,9577,PF,Full-CertiTwin-q90,5
2,2,5,0.0,0.0,0.7186651,0.7186651,0.9999999999986086,0.0,0.0,0.0,0.0,0.6,0,5,9577,PF,SLA-Rule-Shield,5
2,2,5,0.0,0.0,0.7186651,0.7186651,0.9999999999986086,0.0,0.0,0.0,0.0,0.6,0,5,9577,PF,Fixed-UCB-1sigma-Shield,5
2,2,5,0.0,0.0,0.7186651,0.7186651,0.9999999999986086,0.0,0.0,0.0,0.0,0.6,0,5,9577,PF,Fixed-UCB-1.64sigma-Shield,5
4,4,5,0.0,0.0,0.76313806,0.76313806,0.9999999999986896,0.0,0.0,0.0,0.0,0.6,0,5,9577,Greedy-SLA,Full-CertiTwin-q90,5
4,4,5,0.0,0.0,0.76313806,0.76313806,0.9999999999986896,0.0,0.0,0.0,0.0,0.6,0,5,9577,Greedy-SLA,SLA-Rule-Shield,5
4,4,5,0.0,0.0,0.76313806,0.76313806,0.9999999999986896,0.0,0.0,0.0,0.0,0.6,0,5,9577,Greedy-SLA,Fixed-UCB-1sigma-Shield,5
4,4,5,0.0,0.0,0.76313806,0.76313806,0.9999999999986896,0.0,0.0,0.0,0.0,0.6,0,5,9577,Greedy-SLA,Fixed-UCB-1.64sigma-Shield,5
0,2,5,1.0,0.0,0.76278657,0.7186651,0.942157515960274,1.0,21.0,0.0,0.0,0.6,0,5,9577,DT-Top1,Full-CertiTwin-q90,5
0,4,5,1.0,0.0,0.76278657,0.76313806,1.000460797309265,1.0,57.0,0.0,0.0,0.6,0,5,9577,DT-Top1,SLA-Rule-Shield,5
0,2,5,1.0,0.0,0.76278657,0.7186651,0.942157515960274,1.0,21.0,0.0,0.0,0.6,0,5,9577,DT-Top1,Fixed-UCB-1sigma-Shield,5
0,2,5,1.0,0.0,0.76278657,0.7186651,0.942157515960274,1.0,21.0,0.0,0.0,0.6,0,5,9577,DT-Top1,Fixed-UCB-1.64sigma-Shield,5
2,2,5,0.0,0.0,0.6677499,0.6677499,0.9999999999985024,0.0,0.0,0.0,0.0,0.6,0,5,8473,PF,Full-CertiTwin-q90,5
2,2,5,0.0,0.0,0.6677499,0.6677499,0.9999999999985024,0.0,0.0,0.0,0.0,0.6,0,5,8473,PF,SLA-Rule-Shield,5
2,2,5,0.0,0.0,0.6677499,0.6677499,0.9999999999985024,0.0,0.0,0.0,0.0,0.6,0,5,8473,PF,Fixed-UCB-1sigma-Shield,5
2,2,5,0.0,0.0,0.6677499,0.6677499,0.9999999999985024,0.0,0.0,0.0,0.0,0.6,0,5,8473,PF,Fixed-UCB-1.64sigma-Shield,5
0,2,5,1.0,0.0,0.76278657,0.6677499,0.875408569397236,1.0,21.0,0.0,0.0,0.6,0,5,8473,Greedy-SLA,Full-CertiTwin-q90,5
0,4,5,1.0,0.0,0.76278657,0.76313806,1.000460797309265,1.0,57.0,0.0,0.0,0.6,0,5,8473,Greedy-SLA,SLA-Rule-Shield,5
0,2,5,1.0,0.0,0.76278657,0.6677499,0.875408569397236,1.0,21.0,0.0,0.0,0.6,0,5,8473,Greedy-SLA,Fixed-UCB-1sigma-Shield,5
0,2,5,1.0,0.0,0.76278657,0.6677499,0.875408569397236,1.0,21.0,0.0,0.0,0.6,0,5,8473,Greedy-SLA,Fixed-UCB-1.64sigma-Shield,5
0,2,5,1.0,0.0,0.76278657,0.6677499,0.875408569397236,1.0,21.0,0.0,0.0,0.6,0,5,8473,DT-Top1,Full-CertiTwin-q90,5
0,4,5,1.0,0.0,0.76278657,0.76313806,1.000460797309265,1.0,57.0,0.0,0.0,0.6,0,5,8473,DT-Top1,SLA-Rule-Shield,5
0,2,5,1.0,0.0,0.76278657,0.6677499,0.875408569397236,1.0,21.0,0.0,0.0,0.6,0,5,8473,DT-Top1,Fixed-UCB-1sigma-Shield,5
0,2,5,1.0,0.0,0.76278657,0.6677499,0.875408569397236,1.0,21.0,0.0,0.0,0.6,0,5,8473,DT-Top1,Fixed-UCB-1.64sigma-Shield,5
2,2,5,0.0,0.0,0.6780778,0.6780778,0.9999999999985252,0.0,0.0,0.0,0.0,0.6,0,5,11863,PF,Full-CertiTwin-q90,5
2,2,5,0.0,0.0,0.6780778,0.6780778,0.9999999999985252,0.0,0.0,0.0,0.0,0.6,0,5,11863,PF,SLA-Rule-Shield,5
2,2,5,0.0,0.0,0.6780778,0.6780778,0.9999999999985252,0.0,0.0,0.0,0.0,0.6,0,5,11863,PF,Fixed-UCB-1sigma-Shield,5
2,2,5,0.0,0.0,0.6780778,0.6780778,0.9999999999985252,0.0,0.0,0.0,0.0,0.6,0,5,11863,PF,Fixed-UCB-1.64sigma-Shield,5
4,4,5,0.0,0.0,0.76313806,0.76313806,0.9999999999986896,0.0,0.0,0.0,0.0,0.6,0,5,11863,Greedy-SLA,Full-CertiTwin-q90,5
4,4,5,0.0,0.0,0.76313806,0.76313806,0.9999999999986896,0.0,0.0,0.0,0.0,0.6,0,5,11863,Greedy-SLA,SLA-Rule-Shield,5
4,4,5,0.0,0.0,0.76313806,0.76313806,0.9999999999986896,0.0,0.0,0.0,0.0,0.6,0,5,11863,Greedy-SLA,Fixed-UCB-1sigma-Shield,5
4,4,5,0.0,0.0,0.76313806,0.76313806,0.9999999999986896,0.0,0.0,0.0,0.0,0.6,0,5,11863,Greedy-SLA,Fixed-UCB-1.64sigma-Shield,5
4,4,5,0.0,0.0,0.76313806,0.76313806,0.9999999999986896,0.0,0.0,0.0,0.0,0.6,0,5,11863,DT-Top1,Full-CertiTwin-q90,5
4,4,5,0.0,0.0,0.76313806,0.76313806,0.9999999999986896,0.0,0.0,0.0,0.0,0.6,0,5,11863,DT-Top1,SLA-Rule-Shield,5
4,4,5,0.0,0.0,0.76313806,0.76313806,0.9999999999986896,0.0,0.0,0.0,0.0,0.6,0,5,11863,DT-Top1,Fixed-UCB-1sigma-Shield,5
4,4,5,0.0,0.0,0.76313806,0.76313806,0.9999999999986896,0.0,0.0,0.0,0.0,0.6,0,5,11863,DT-Top1,Fixed-UCB-1.64sigma-Shield,5
2,2,5,0.0,0.0,0.6677499,0.6677499,0.9999999999985024,0.0,0.0,0.0,0.0,0.6,0,5,20756,PF,Full-CertiTwin-q90,5
2,2,5,0.0,0.0,0.6677499,0.6677499,0.9999999999985024,0.0,0.0,0.0,0.0,0.6,0,5,20756,PF,SLA-Rule-Shield,5
2,2,5,0.0,0.0,0.6677499,0.6677499,0.9999999999985024,0.0,0.0,0.0,0.0,0.6,0,5,20756,PF,Fixed-UCB-1sigma-Shield,5
2,2,5,0.0,0.0,0.6677499,0.6677499,0.9999999999985024,0.0,0.0,0.0,0.0,0.6,0,5,20756,PF,Fixed-UCB-1.64sigma-Shield,5
0,2,5,1.0,0.0,0.76278657,0.6677499,0.875408569397236,1.0,21.0,0.0,0.0,0.6,0,5,20756,Greedy-SLA,Full-CertiTwin-q90,5
0,4,5,1.0,0.0,0.76278657,0.7566483,0.9919528341971308,1.0,57.0,0.0,0.0,0.6,0,5,20756,Greedy-SLA,SLA-Rule-Shield,5
0,2,5,1.0,0.0,0.76278657,0.6677499,0.875408569397236,1.0,21.0,0.0,0.0,0.6,0,5,20756,Greedy-SLA,Fixed-UCB-1sigma-Shield,5
0,2,5,1.0,0.0,0.76278657,0.6677499,0.875408569397236,1.0,21.0,0.0,0.0,0.6,0,5,20756,Greedy-SLA,Fixed-UCB-1.64sigma-Shield,5
0,2,5,1.0,0.0,0.76278657,0.6677499,0.875408569397236,1.0,21.0,0.0,0.0,0.6,0,5,20756,DT-Top1,Full-CertiTwin-q90,5
0,4,5,1.0,0.0,0.76278657,0.7566483,0.9919528341971308,1.0,57.0,0.0,0.0,0.6,0,5,20756,DT-Top1,SLA-Rule-Shield,5
0,2,5,1.0,0.0,0.76278657,0.6677499,0.875408569397236,1.0,21.0,0.0,0.0,0.6,0,5,20756,DT-Top1,Fixed-UCB-1sigma-Shield,5
0,2,5,1.0,0.0,0.76278657,0.6677499,0.875408569397236,1.0,21.0,0.0,0.0,0.6,0,5,20756,DT-Top1,Fixed-UCB-1.64sigma-Shield,5
2,2,5,0.0,0.0,0.6677499,0.6677499,0.9999999999985024,0.0,0.0,0.0,0.0,0.6,0,5,23163,PF,Full-CertiTwin-q90,5
2,2,5,0.0,0.0,0.6677499,0.6677499,0.9999999999985024,0.0,0.0,0.0,0.0,0.6,0,5,23163,PF,SLA-Rule-Shield,5
2,2,5,0.0,0.0,0.6677499,0.6677499,0.9999999999985024,0.0,0.0,0.0,0.0,0.6,0,5,23163,PF,Fixed-UCB-1sigma-Shield,5
2,2,5,0.0,0.0,0.6677499,0.6677499,0.9999999999985024,0.0,0.0,0.0,0.0,0.6,0,5,23163,PF,Fixed-UCB-1.64sigma-Shield,5
4,4,5,0.0,0.0,0.76313806,0.76313806,0.9999999999986896,0.0,0.0,0.0,0.0,0.6,0,5,23163,Greedy-SLA,Full-CertiTwin-q90,5
4,4,5,0.0,0.0,0.76313806,0.76313806,0.9999999999986896,0.0,0.0,0.0,0.0,0.6,0,5,23163,Greedy-SLA,SLA-Rule-Shield,5
4,4,5,0.0,0.0,0.76313806,0.76313806,0.9999999999986896,0.0,0.0,0.0,0.0,0.6,0,5,23163,Greedy-SLA,Fixed-UCB-1sigma-Shield,5
4,4,5,0.0,0.0,0.76313806,0.76313806,0.9999999999986896,0.0,0.0,0.0,0.0,0.6,0,5,23163,Greedy-SLA,Fixed-UCB-1.64sigma-Shield,5
0,2,5,1.0,0.0,0.77741534,0.6677499,0.8589358424534574,1.0,21.0,0.0,0.0,0.6,0,5,23163,DT-Top1,Full-CertiTwin-q90,5
0,4,5,1.0,0.0,0.77741534,0.76313806,0.981634939180668,1.0,57.0,0.0,0.0,0.6,0,5,23163,DT-Top1,SLA-Rule-Shield,5
0,2,5,1.0,0.0,0.77741534,0.6677499,0.8589358424534574,1.0,21.0,0.0,0.0,0.6,0,5,23163,DT-Top1,Fixed-UCB-1sigma-Shield,5
0,2,5,1.0,0.0,0.77741534,0.6677499,0.8589358424534574,1.0,21.0,0.0,0.0,0.6,0,5,23163,DT-Top1,Fixed-UCB-1.64sigma-Shield,5
2,2,5,0.0,0.0,0.6677499,0.6677499,0.9999999999985024,0.0,0.0,0.0,0.0,0.6,0,5,38319,PF,Full-CertiTwin-q90,5
2,2,5,0.0,0.0,0.6677499,0.6677499,0.9999999999985024,0.0,0.0,0.0,0.0,0.6,0,5,38319,PF,SLA-Rule-Shield,5
2,2,5,0.0,0.0,0.6677499,0.6677499,0.9999999999985024,0.0,0.0,0.0,0.0,0.6,0,5,38319,PF,Fixed-UCB-1sigma-Shield,5
2,2,5,0.0,0.0,0.6677499,0.6677499,0.9999999999985024,0.0,0.0,0.0,0.0,0.6,0,5,38319,PF,Fixed-UCB-1.64sigma-Shield,5
4,4,5,0.0,0.0,0.76313806,0.76313806,0.9999999999986896,0.0,0.0,0.0,0.0,0.6,0,5,38319,Greedy-SLA,Full-CertiTwin-q90,5
4,4,5,0.0,0.0,0.76313806,0.76313806,0.9999999999986896,0.0,0.0,0.0,0.0,0.6,0,5,38319,Greedy-SLA,SLA-Rule-Shield,5
4,4,5,0.0,0.0,0.76313806,0.76313806,0.9999999999986896,0.0,0.0,0.0,0.0,0.6,0,5,38319,Greedy-SLA,Fixed-UCB-1sigma-Shield,5
4,4,5,0.0,0.0,0.76313806,0.76313806,0.9999999999986896,0.0,0.0,0.0,0.0,0.6,0,5,38319,Greedy-SLA,Fixed-UCB-1.64sigma-Shield,5
0,2,5,1.0,0.0,0.76278657,0.6677499,0.875408569397236,1.0,21.0,0.0,0.0,0.6,0,5,38319,DT-Top1,Full-CertiTwin-q90,5
0,4,5,1.0,0.0,0.76278657,0.76313806,1.000460797309265,1.0,57.0,0.0,0.0,0.6,0,5,38319,DT-Top1,SLA-Rule-Shield,5
0,2,5,1.0,0.0,0.76278657,0.6677499,0.875408569397236,1.0,21.0,0.0,0.0,0.6,0,5,38319,DT-Top1,Fixed-UCB-1sigma-Shield,5
0,2,5,1.0,0.0,0.76278657,0.6677499,0.875408569397236,1.0,21.0,0.0,0.0,0.6,0,5,38319,DT-Top1,Fixed-UCB-1.64sigma-Shield,5
2,2,5,0.0,0.0,0.6677499,0.6677499,0.9999999999985024,0.0,0.0,0.0,0.0,0.6,0,5,34836,PF,Full-CertiTwin-q90,5
2,2,5,0.0,0.0,0.6677499,0.6677499,0.9999999999985024,0.0,0.0,0.0,0.0,0.6,0,5,34836,PF,SLA-Rule-Shield,5
2,2,5,0.0,0.0,0.6677499,0.6677499,0.9999999999985024,0.0,0.0,0.0,0.0,0.6,0,5,34836,PF,Fixed-UCB-1sigma-Shield,5
2,2,5,0.0,0.0,0.6677499,0.6677499,0.9999999999985024,0.0,0.0,0.0,0.0,0.6,0,5,34836,PF,Fixed-UCB-1.64sigma-Shield,5
0,2,5,1.0,0.0,0.76278657,0.6677499,0.875408569397236,1.0,21.0,0.0,0.0,0.6,0,5,34836,Greedy-SLA,Full-CertiTwin-q90,5
0,4,5,1.0,0.0,0.76278657,0.76313806,1.000460797309265,1.0,57.0,0.0,0.0,0.6,0,5,34836,Greedy-SLA,SLA-Rule-Shield,5
0,2,5,1.0,0.0,0.76278657,0.6677499,0.875408569397236,1.0,21.0,0.0,0.0,0.6,0,5,34836,Greedy-SLA,Fixed-UCB-1sigma-Shield,5
0,2,5,1.0,0.0,0.76278657,0.6677499,0.875408569397236,1.0,21.0,0.0,0.0,0.6,0,5,34836,Greedy-SLA,Fixed-UCB-1.64sigma-Shield,5
0,2,5,1.0,0.0,0.76278657,0.6677499,0.875408569397236,1.0,21.0,0.0,0.0,0.6,0,5,34836,DT-Top1,Full-CertiTwin-q90,5
0,4,5,1.0,0.0,0.76278657,0.76313806,1.000460797309265,1.0,57.0,0.0,0.0,0.6,0,5,34836,DT-Top1,SLA-Rule-Shield,5
0,2,5,1.0,0.0,0.76278657,0.6677499,0.875408569397236,1.0,21.0,0.0,0.0,0.6,0,5,34836,DT-Top1,Fixed-UCB-1sigma-Shield,5
0,2,5,1.0,0.0,0.76278657,0.6677499,0.875408569397236,1.0,21.0,0.0,0.0,0.6,0,5,34836,DT-Top1,Fixed-UCB-1.64sigma-Shield,5
2,2,5,0.0,0.0,0.6677499,0.6677499,0.9999999999985024,0.0,0.0,0.0,0.0,0.6,0,5,27312,PF,Full-CertiTwin-q90,5
2,2,5,0.0,0.0,0.6677499,0.6677499,0.9999999999985024,0.0,0.0,0.0,0.0,0.6,0,5,27312,PF,SLA-Rule-Shield,5
2,2,5,0.0,0.0,0.6677499,0.6677499,0.9999999999985024,0.0,0.0,0.0,0.0,0.6,0,5,27312,PF,Fixed-UCB-1sigma-Shield,5
2,2,5,0.0,0.0,0.6677499,0.6677499,0.9999999999985024,0.0,0.0,0.0,0.0,0.6,0,5,27312,PF,Fixed-UCB-1.64sigma-Shield,5
4,4,5,0.0,0.0,0.76313806,0.76313806,0.9999999999986896,0.0,0.0,0.0,0.0,0.6,0,5,27312,Greedy-SLA,Full-CertiTwin-q90,5
4,4,5,0.0,0.0,0.76313806,0.76313806,0.9999999999986896,0.0,0.0,0.0,0.0,0.6,0,5,27312,Greedy-SLA,SLA-Rule-Shield,5
4,4,5,0.0,0.0,0.76313806,0.76313806,0.9999999999986896,0.0,0.0,0.0,0.0,0.6,0,5,27312,Greedy-SLA,Fixed-UCB-1sigma-Shield,5
4,4,5,0.0,0.0,0.76313806,0.76313806,0.9999999999986896,0.0,0.0,0.0,0.0,0.6,0,5,27312,Greedy-SLA,Fixed-UCB-1.64sigma-Shield,5
4,4,5,0.0,0.0,0.76313806,0.76313806,0.9999999999986896,0.0,0.0,0.0,0.0,0.6,0,5,27312,DT-Top1,Full-CertiTwin-q90,5
4,4,5,0.0,0.0,0.76313806,0.76313806,0.9999999999986896,0.0,0.0,0.0,0.0,0.6,0,5,27312,DT-Top1,SLA-Rule-Shield,5
4,4,5,0.0,0.0,0.76313806,0.76313806,0.9999999999986896,0.0,0.0,0.0,0.0,0.6,0,5,27312,DT-Top1,Fixed-UCB-1sigma-Shield,5
4,4,5,0.0,0.0,0.76313806,0.76313806,0.9999999999986896,0.0,0.0,0.0,0.0,0.6,0,5,27312,DT-Top1,Fixed-UCB-1.64sigma-Shield,5
2,2,5,0.0,0.0,0.6677499,0.6677499,0.9999999999985024,0.0,0.0,0.0,0.0,0.6,0,5,40368,PF,Full-CertiTwin-q90,5
2,2,5,0.0,0.0,0.6677499,0.6677499,0.9999999999985024,0.0,0.0,0.0,0.0,0.6,0,5,40368,PF,SLA-Rule-Shield,5
2,2,5,0.0,0.0,0.6677499,0.6677499,0.9999999999985024,0.0,0.0,0.0,0.0,0.6,0,5,40368,PF,Fixed-UCB-1sigma-Shield,5
2,2,5,0.0,0.0,0.6677499,0.6677499,0.9999999999985024,0.0,0.0,0.0,0.0,0.6,0,5,40368,PF,Fixed-UCB-1.64sigma-Shield,5
4,4,5,0.0,0.0,0.76313806,0.76313806,0.9999999999986896,0.0,0.0,0.0,0.0,0.6,0,5,40368,Greedy-SLA,Full-CertiTwin-q90,5
4,4,5,0.0,0.0,0.76313806,0.76313806,0.9999999999986896,0.0,0.0,0.0,0.0,0.6,0,5,40368,Greedy-SLA,SLA-Rule-Shield,5
4,4,5,0.0,0.0,0.76313806,0.76313806,0.9999999999986896,0.0,0.0,0.0,0.0,0.6,0,5,40368,Greedy-SLA,Fixed-UCB-1sigma-Shield,5
4,4,5,0.0,0.0,0.76313806,0.76313806,0.9999999999986896,0.0,0.0,0.0,0.0,0.6,0,5,40368,Greedy-SLA,Fixed-UCB-1.64sigma-Shield,5
4,4,5,0.0,0.0,0.76313806,0.76313806,0.9999999999986896,0.0,0.0,0.0,0.0,0.6,0,5,40368,DT-Top1,Full-CertiTwin-q90,5
4,4,5,0.0,0.0,0.76313806,0.76313806,0.9999999999986896,0.0,0.0,0.0,0.0,0.6,0,5,40368,DT-Top1,SLA-Rule-Shield,5
4,4,5,0.0,0.0,0.76313806,0.76313806,0.9999999999986896,0.0,0.0,0.0,0.0,0.6,0,5,40368,DT-Top1,Fixed-UCB-1sigma-Shield,5
4,4,5,0.0,0.0,0.76313806,0.76313806,0.9999999999986896,0.0,0.0,0.0,0.0,0.6,0,5,40368,DT-Top1,Fixed-UCB-1.64sigma-Shield,5
2,2,5,0.0,0.0,0.7186651,0.7186651,0.9999999999986086,0.0,0.0,0.0,0.0,0.6,0,5,9441,PF,Full-CertiTwin-q90,5
2,2,5,0.0,0.0,0.7186651,0.7186651,0.9999999999986086,0.0,0.0,0.0,0.0,0.6,0,5,9441,PF,SLA-Rule-Shield,5
2,2,5,0.0,0.0,0.7186651,0.7186651,0.9999999999986086,0.0,0.0,0.0,0.0,0.6,0,5,9441,PF,Fixed-UCB-1sigma-Shield,5
2,2,5,0.0,0.0,0.7186651,0.7186651,0.9999999999986086,0.0,0.0,0.0,0.0,0.6,0,5,9441,PF,Fixed-UCB-1.64sigma-Shield,5
4,4,5,0.0,0.0,0.76313806,0.76313806,0.9999999999986896,0.0,0.0,0.0,0.0,0.6,0,5,9441,Greedy-SLA,Full-CertiTwin-q90,5
4,4,5,0.0,0.0,0.76313806,0.76313806,0.9999999999986896,0.0,0.0,0.0,0.0,0.6,0,5,9441,Greedy-SLA,SLA-Rule-Shield,5
4,4,5,0.0,0.0,0.76313806,0.76313806,0.9999999999986896,0.0,0.0,0.0,0.0,0.6,0,5,9441,Greedy-SLA,Fixed-UCB-1sigma-Shield,5
4,4,5,0.0,0.0,0.76313806,0.76313806,0.9999999999986896,0.0,0.0,0.0,0.0,0.6,0,5,9441,Greedy-SLA,Fixed-UCB-1.64sigma-Shield,5
0,2,5,1.0,0.0,0.76278657,0.7186651,0.942157515960274,1.0,21.0,0.0,0.0,0.6,0,5,9441,DT-Top1,Full-CertiTwin-q90,5
0,4,5,1.0,0.0,0.76278657,0.76313806,1.000460797309265,1.0,57.0,0.0,0.0,0.6,0,5,9441,DT-Top1,SLA-Rule-Shield,5
0,2,5,1.0,0.0,0.76278657,0.7186651,0.942157515960274,1.0,21.0,0.0,0.0,0.6,0,5,9441,DT-Top1,Fixed-UCB-1sigma-Shield,5
0,2,5,1.0,0.0,0.76278657,0.7186651,0.942157515960274,1.0,21.0,0.0,0.0,0.6,0,5,9441,DT-Top1,Fixed-UCB-1.64sigma-Shield,5
2,2,5,0.0,0.0,0.6682329,0.6682329,0.9999999999985036,0.0,0.0,0.0,0.0,0.6,0,5,11892,PF,Full-CertiTwin-q90,5
2,2,5,0.0,0.0,0.6682329,0.6682329,0.9999999999985036,0.0,0.0,0.0,0.0,0.6,0,5,11892,PF,SLA-Rule-Shield,5
2,2,5,0.0,0.0,0.6682329,0.6682329,0.9999999999985036,0.0,0.0,0.0,0.0,0.6,0,5,11892,PF,Fixed-UCB-1sigma-Shield,5
2,2,5,0.0,0.0,0.6682329,0.6682329,0.9999999999985036,0.0,0.0,0.0,0.0,0.6,0,5,11892,PF,Fixed-UCB-1.64sigma-Shield,5
4,4,5,0.0,0.0,0.76313806,0.76313806,0.9999999999986896,0.0,0.0,0.0,0.0,0.6,0,5,11892,Greedy-SLA,Full-CertiTwin-q90,5
4,4,5,0.0,0.0,0.76313806,0.76313806,0.9999999999986896,0.0,0.0,0.0,0.0,0.6,0,5,11892,Greedy-SLA,SLA-Rule-Shield,5
4,4,5,0.0,0.0,0.76313806,0.76313806,0.9999999999986896,0.0,0.0,0.0,0.0,0.6,0,5,11892,Greedy-SLA,Fixed-UCB-1sigma-Shield,5
4,4,5,0.0,0.0,0.76313806,0.76313806,0.9999999999986896,0.0,0.0,0.0,0.0,0.6,0,5,11892,Greedy-SLA,Fixed-UCB-1.64sigma-Shield,5
4,4,5,0.0,0.0,0.76313806,0.76313806,0.9999999999986896,0.0,0.0,0.0,0.0,0.6,0,5,11892,DT-Top1,Full-CertiTwin-q90,5
4,4,5,0.0,0.0,0.76313806,0.76313806,0.9999999999986896,0.0,0.0,0.0,0.0,0.6,0,5,11892,DT-Top1,SLA-Rule-Shield,5
4,4,5,0.0,0.0,0.76313806,0.76313806,0.9999999999986896,0.0,0.0,0.0,0.0,0.6,0,5,11892,DT-Top1,Fixed-UCB-1sigma-Shield,5
4,4,5,0.0,0.0,0.76313806,0.76313806,0.9999999999986896,0.0,0.0,0.0,0.0,0.6,0,5,11892,DT-Top1,Fixed-UCB-1.64sigma-Shield,5
2,2,5,0.0,0.0,0.6677499,0.6677499,0.9999999999985024,0.0,0.0,0.0,0.0,0.6,0,5,51545,PF,Full-CertiTwin-q90,5
2,2,5,0.0,0.0,0.6677499,0.6677499,0.9999999999985024,0.0,0.0,0.0,0.0,0.6,0,5,51545,PF,SLA-Rule-Shield,5
2,2,5,0.0,0.0,0.6677499,0.6677499,0.9999999999985024,0.0,0.0,0.0,0.0,0.6,0,5,51545,PF,Fixed-UCB-1sigma-Shield,5
2,2,5,0.0,0.0,0.6677499,0.6677499,0.9999999999985024,0.0,0.0,0.0,0.0,0.6,0,5,51545,PF,Fixed-UCB-1.64sigma-Shield,5
0,2,5,1.0,0.0,0.76278657,0.6677499,0.875408569397236,1.0,21.0,0.0,0.0,0.6,0,5,51545,Greedy-SLA,Full-CertiTwin-q90,5
0,4,5,1.0,0.0,0.76278657,0.75664926,0.9919540927405264,1.0,57.0,0.0,0.0,0.6,0,5,51545,Greedy-SLA,SLA-Rule-Shield,5
0,2,5,1.0,0.0,0.76278657,0.6677499,0.875408569397236,1.0,21.0,0.0,0.0,0.6,0,5,51545,Greedy-SLA,Fixed-UCB-1sigma-Shield,5
0,2,5,1.0,0.0,0.76278657,0.6677499,0.875408569397236,1.0,21.0,0.0,0.0,0.6,0,5,51545,Greedy-SLA,Fixed-UCB-1.64sigma-Shield,5
0,2,5,1.0,0.0,0.76278657,0.6677499,0.875408569397236,1.0,21.0,0.0,0.0,0.6,0,5,51545,DT-Top1,Full-CertiTwin-q90,5
0,4,5,1.0,0.0,0.76278657,0.75664926,0.9919540927405264,1.0,57.0,0.0,0.0,0.6,0,5,51545,DT-Top1,SLA-Rule-Shield,5
0,2,5,1.0,0.0,0.76278657,0.6677499,0.875408569397236,1.0,21.0,0.0,0.0,0.6,0,5,51545,DT-Top1,Fixed-UCB-1sigma-Shield,5
0,2,5,1.0,0.0,0.76278657,0.6677499,0.875408569397236,1.0,21.0,0.0,0.0,0.6,0,5,51545,DT-Top1,Fixed-UCB-1.64sigma-Shield,5
2,2,5,0.0,0.0,0.6677499,0.6677499,0.9999999999985024,0.0,0.0,0.0,0.0,0.6,0,5,9615,PF,Full-CertiTwin-q90,5
2,2,5,0.0,0.0,0.6677499,0.6677499,0.9999999999985024,0.0,0.0,0.0,0.0,0.6,0,5,9615,PF,SLA-Rule-Shield,5
2,2,5,0.0,0.0,0.6677499,0.6677499,0.9999999999985024,0.0,0.0,0.0,0.0,0.6,0,5,9615,PF,Fixed-UCB-1sigma-Shield,5
2,2,5,0.0,0.0,0.6677499,0.6677499,0.9999999999985024,0.0,0.0,0.0,0.0,0.6,0,5,9615,PF,Fixed-UCB-1.64sigma-Shield,5
4,4,5,0.0,0.0,0.76313806,0.76313806,0.9999999999986896,0.0,0.0,0.0,0.0,0.6,0,5,9615,Greedy-SLA,Full-CertiTwin-q90,5
4,4,5,0.0,0.0,0.76313806,0.76313806,0.9999999999986896,0.0,0.0,0.0,0.0,0.6,0,5,9615,Greedy-SLA,SLA-Rule-Shield,5
4,4,5,0.0,0.0,0.76313806,0.76313806,0.9999999999986896,0.0,0.0,0.0,0.0,0.6,0,5,9615,Greedy-SLA,Fixed-UCB-1sigma-Shield,5
4,4,5,0.0,0.0,0.76313806,0.76313806,0.9999999999986896,0.0,0.0,0.0,0.0,0.6,0,5,9615,Greedy-SLA,Fixed-UCB-1.64sigma-Shield,5
0,2,5,1.0,0.0,0.7864371,0.6677499,0.8490823995957858,1.0,21.0,0.0,0.0,0.6,0,5,9615,DT-Top1,Full-CertiTwin-q90,5
0,4,5,1.0,0.0,0.7864371,0.76313806,0.970373930730162,1.0,57.0,0.0,0.0,0.6,0,5,9615,DT-Top1,SLA-Rule-Shield,5
0,2,5,1.0,0.0,0.7864371,0.6677499,0.8490823995957858,1.0,21.0,0.0,0.0,0.6,0,5,9615,DT-Top1,Fixed-UCB-1sigma-Shield,5
0,2,5,1.0,0.0,0.7864371,0.6677499,0.8490823995957858,1.0,21.0,0.0,0.0,0.6,0,5,9615,DT-Top1,Fixed-UCB-1.64sigma-Shield,5
2,2,5,0.0,0.0,0.6677499,0.6677499,0.9999999999985024,0.0,0.0,0.0,0.0,0.6,0,5,47308,PF,Full-CertiTwin-q90,5
2,2,5,0.0,0.0,0.6677499,0.6677499,0.9999999999985024,0.0,0.0,0.0,0.0,0.6,0,5,47308,PF,SLA-Rule-Shield,5
2,2,5,0.0,0.0,0.6677499,0.6677499,0.9999999999985024,0.0,0.0,0.0,0.0,0.6,0,5,47308,PF,Fixed-UCB-1sigma-Shield,5
2,2,5,0.0,0.0,0.6677499,0.6677499,0.9999999999985024,0.0,0.0,0.0,0.0,0.6,0,5,47308,PF,Fixed-UCB-1.64sigma-Shield,5
4,4,5,0.0,0.0,0.76313806,0.76313806,0.9999999999986896,0.0,0.0,0.0,0.0,0.6,0,5,47308,Greedy-SLA,Full-CertiTwin-q90,5
4,4,5,0.0,0.0,0.76313806,0.76313806,0.9999999999986896,0.0,0.0,0.0,0.0,0.6,0,5,47308,Greedy-SLA,SLA-Rule-Shield,5
4,4,5,0.0,0.0,0.76313806,0.76313806,0.9999999999986896,0.0,0.0,0.0,0.0,0.6,0,5,47308,Greedy-SLA,Fixed-UCB-1sigma-Shield,5
4,4,5,0.0,0.0,0.76313806,0.76313806,0.9999999999986896,0.0,0.0,0.0,0.0,0.6,0,5,47308,Greedy-SLA,Fixed-UCB-1.64sigma-Shield,5
0,2,5,1.0,0.0,0.76278657,0.6677499,0.875408569397236,1.0,21.0,0.0,0.0,0.6,0,5,47308,DT-Top1,Full-CertiTwin-q90,5
0,4,5,1.0,0.0,0.76278657,0.76313806,1.000460797309265,1.0,57.0,0.0,0.0,0.6,0,5,47308,DT-Top1,SLA-Rule-Shield,5
0,2,5,1.0,0.0,0.76278657,0.6677499,0.875408569397236,1.0,21.0,0.0,0.0,0.6,0,5,47308,DT-Top1,Fixed-UCB-1sigma-Shield,5
0,2,5,1.0,0.0,0.76278657,0.6677499,0.875408569397236,1.0,21.0,0.0,0.0,0.6,0,5,47308,DT-Top1,Fixed-UCB-1.64sigma-Shield,5
2,2,5,0.0,0.0,0.6677499,0.6677499,0.9999999999985024,0.0,0.0,0.0,0.0,0.6,0,5,30537,PF,Full-CertiTwin-q90,5
2,2,5,0.0,0.0,0.6677499,0.6677499,0.9999999999985024,0.0,0.0,0.0,0.0,0.6,0,5,30537,PF,SLA-Rule-Shield,5
2,2,5,0.0,0.0,0.6677499,0.6677499,0.9999999999985024,0.0,0.0,0.0,0.0,0.6,0,5,30537,PF,Fixed-UCB-1sigma-Shield,5
2,2,5,0.0,0.0,0.6677499,0.6677499,0.9999999999985024,0.0,0.0,0.0,0.0,0.6,0,5,30537,PF,Fixed-UCB-1.64sigma-Shield,5
0,2,5,1.0,0.0,0.76278657,0.6677499,0.875408569397236,1.0,21.0,0.0,0.0,0.6,0,5,30537,Greedy-SLA,Full-CertiTwin-q90,5
0,4,5,1.0,0.0,0.76278657,0.76313806,1.000460797309265,1.0,57.0,0.0,0.0,0.6,0,5,30537,Greedy-SLA,SLA-Rule-Shield,5
0,2,5,1.0,0.0,0.76278657,0.6677499,0.875408569397236,1.0,21.0,0.0,0.0,0.6,0,5,30537,Greedy-SLA,Fixed-UCB-1sigma-Shield,5
0,2,5,1.0,0.0,0.76278657,0.6677499,0.875408569397236,1.0,21.0,0.0,0.0,0.6,0,5,30537,Greedy-SLA,Fixed-UCB-1.64sigma-Shield,5
0,2,5,1.0,0.0,0.76278657,0.6677499,0.875408569397236,1.0,21.0,0.0,0.0,0.6,0,5,30537,DT-Top1,Full-CertiTwin-q90,5
0,4,5,1.0,0.0,0.76278657,0.76313806,1.000460797309265,1.0,57.0,0.0,0.0,0.6,0,5,30537,DT-Top1,SLA-Rule-Shield,5
0,2,5,1.0,0.0,0.76278657,0.6677499,0.875408569397236,1.0,21.0,0.0,0.0,0.6,0,5,30537,DT-Top1,Fixed-UCB-1sigma-Shield,5
0,2,5,1.0,0.0,0.76278657,0.6677499,0.875408569397236,1.0,21.0,0.0,0.0,0.6,0,5,30537,DT-Top1,Fixed-UCB-1.64sigma-Shield,5
2,2,5,0.0,0.0,0.6682329,0.6682329,0.9999999999985036,0.0,0.0,0.0,0.0,0.6,0,5,31582,PF,Full-CertiTwin-q90,5
2,2,5,0.0,0.0,0.6682329,0.6682329,0.9999999999985036,0.0,0.0,0.0,0.0,0.6,0,5,31582,PF,SLA-Rule-Shield,5
2,2,5,0.0,0.0,0.6682329,0.6682329,0.9999999999985036,0.0,0.0,0.0,0.0,0.6,0,5,31582,PF,Fixed-UCB-1sigma-Shield,5
2,2,5,0.0,0.0,0.6682329,0.6682329,0.9999999999985036,0.0,0.0,0.0,0.0,0.6,0,5,31582,PF,Fixed-UCB-1.64sigma-Shield,5
4,4,5,0.0,0.0,0.76313806,0.76313806,0.9999999999986896,0.0,0.0,0.0,0.0,0.6,0,5,31582,Greedy-SLA,Full-CertiTwin-q90,5
4,4,5,0.0,0.0,0.76313806,0.76313806,0.9999999999986896,0.0,0.0,0.0,0.0,0.6,0,5,31582,Greedy-SLA,SLA-Rule-Shield,5
4,4,5,0.0,0.0,0.76313806,0.76313806,0.9999999999986896,0.0,0.0,0.0,0.0,0.6,0,5,31582,Greedy-SLA,Fixed-UCB-1sigma-Shield,5
4,4,5,0.0,0.0,0.76313806,0.76313806,0.9999999999986896,0.0,0.0,0.0,0.0,0.6,0,5,31582,Greedy-SLA,Fixed-UCB-1.64sigma-Shield,5
0,2,5,1.0,0.0,0.76278657,0.6682329,0.8760417740431953,1.0,21.0,0.0,0.0,0.6,0,5,31582,DT-Top1,Full-CertiTwin-q90,5
0,4,5,1.0,0.0,0.76278657,0.76313806,1.000460797309265,1.0,57.0,0.0,0.0,0.6,0,5,31582,DT-Top1,SLA-Rule-Shield,5
0,2,5,1.0,0.0,0.76278657,0.6682329,0.8760417740431953,1.0,21.0,0.0,0.0,0.6,0,5,31582,DT-Top1,Fixed-UCB-1sigma-Shield,5
0,2,5,1.0,0.0,0.76278657,0.6682329,0.8760417740431953,1.0,21.0,0.0,0.0,0.6,0,5,31582,DT-Top1,Fixed-UCB-1.64sigma-Shield,5
2,2,5,0.0,0.0,0.6677499,0.6677499,0.9999999999985024,0.0,0.0,0.0,0.0,0.6,0,5,6882,PF,Full-CertiTwin-q90,5
2,2,5,0.0,0.0,0.6677499,0.6677499,0.9999999999985024,0.0,0.0,0.0,0.0,0.6,0,5,6882,PF,SLA-Rule-Shield,5
2,2,5,0.0,0.0,0.6677499,0.6677499,0.9999999999985024,0.0,0.0,0.0,0.0,0.6,0,5,6882,PF,Fixed-UCB-1sigma-Shield,5
2,2,5,0.0,0.0,0.6677499,0.6677499,0.9999999999985024,0.0,0.0,0.0,0.0,0.6,0,5,6882,PF,Fixed-UCB-1.64sigma-Shield,5
4,4,5,0.0,0.0,0.76313806,0.76313806,0.9999999999986896,0.0,0.0,0.0,0.0,0.6,0,5,6882,Greedy-SLA,Full-CertiTwin-q90,5
4,4,5,0.0,0.0,0.76313806,0.76313806,0.9999999999986896,0.0,0.0,0.0,0.0,0.6,0,5,6882,Greedy-SLA,SLA-Rule-Shield,5
4,4,5,0.0,0.0,0.76313806,0.76313806,0.9999999999986896,0.0,0.0,0.0,0.0,0.6,0,5,6882,Greedy-SLA,Fixed-UCB-1sigma-Shield,5
4,4,5,0.0,0.0,0.76313806,0.76313806,0.9999999999986896,0.0,0.0,0.0,0.0,0.6,0,5,6882,Greedy-SLA,Fixed-UCB-1.64sigma-Shield,5
0,2,5,1.0,0.0,0.76278657,0.6677499,0.875408569397236,1.0,21.0,0.0,0.0,0.6,0,5,6882,DT-Top1,Full-CertiTwin-q90,5
0,4,5,1.0,0.0,0.76278657,0.76313806,1.000460797309265,1.0,57.0,0.0,0.0,0.6,0,5,6882,DT-Top1,SLA-Rule-Shield,5
0,2,5,1.0,0.0,0.76278657,0.6677499,0.875408569397236,1.0,21.0,0.0,0.0,0.6,0,5,6882,DT-Top1,Fixed-UCB-1sigma-Shield,5
0,2,5,1.0,0.0,0.76278657,0.6677499,0.875408569397236,1.0,21.0,0.0,0.0,0.6,0,5,6882,DT-Top1,Fixed-UCB-1.64sigma-Shield,5
2,2,5,0.0,0.0,0.6677499,0.6677499,0.9999999999985024,0.0,0.0,0.0,0.0,0.6,0,5,52558,PF,Full-CertiTwin-q90,5
2,2,5,0.0,0.0,0.6677499,0.6677499,0.9999999999985024,0.0,0.0,0.0,0.0,0.6,0,5,52558,PF,SLA-Rule-Shield,5
2,2,5,0.0,0.0,0.6677499,0.6677499,0.9999999999985024,0.0,0.0,0.0,0.0,0.6,0,5,52558,PF,Fixed-UCB-1sigma-Shield,5
2,2,5,0.0,0.0,0.6677499,0.6677499,0.9999999999985024,0.0,0.0,0.0,0.0,0.6,0,5,52558,PF,Fixed-UCB-1.64sigma-Shield,5
4,4,5,0.0,0.0,0.76313806,0.76313806,0.9999999999986896,0.0,0.0,0.0,0.0,0.6,0,5,52558,Greedy-SLA,Full-CertiTwin-q90,5
4,4,5,0.0,0.0,0.76313806,0.76313806,0.9999999999986896,0.0,0.0,0.0,0.0,0.6,0,5,52558,Greedy-SLA,SLA-Rule-Shield,5
4,4,5,0.0,0.0,0.76313806,0.76313806,0.9999999999986896,0.0,0.0,0.0,0.0,0.6,0,5,52558,Greedy-SLA,Fixed-UCB-1sigma-Shield,5
4,4,5,0.0,0.0,0.76313806,0.76313806,0.9999999999986896,0.0,0.0,0.0,0.0,0.6,0,5,52558,Greedy-SLA,Fixed-UCB-1.64sigma-Shield,5
0,2,5,1.0,0.0,0.76278657,0.6677499,0.875408569397236,1.0,21.0,0.0,0.0,0.6,0,5,52558,DT-Top1,Full-CertiTwin-q90,5
0,4,5,1.0,0.0,0.76278657,0.76313806,1.000460797309265,1.0,57.0,0.0,0.0,0.6,0,5,52558,DT-Top1,SLA-Rule-Shield,5
0,2,5,1.0,0.0,0.76278657,0.6677499,0.875408569397236,1.0,21.0,0.0,0.0,0.6,0,5,52558,DT-Top1,Fixed-UCB-1sigma-Shield,5
0,2,5,1.0,0.0,0.76278657,0.6677499,0.875408569397236,1.0,21.0,0.0,0.0,0.6,0,5,52558,DT-Top1,Fixed-UCB-1.64sigma-Shield,5
2,2,5,0.0,0.0,0.6677499,0.6677499,0.9999999999985024,0.0,0.0,0.0,0.0,0.6,0,5,25219,PF,Full-CertiTwin-q90,5
2,2,5,0.0,0.0,0.6677499,0.6677499,0.9999999999985024,0.0,0.0,0.0,0.0,0.6,0,5,25219,PF,SLA-Rule-Shield,5
2,2,5,0.0,0.0,0.6677499,0.6677499,0.9999999999985024,0.0,0.0,0.0,0.0,0.6,0,5,25219,PF,Fixed-UCB-1sigma-Shield,5
2,2,5,0.0,0.0,0.6677499,0.6677499,0.9999999999985024,0.0,0.0,0.0,0.0,0.6,0,5,25219,PF,Fixed-UCB-1.64sigma-Shield,5
4,4,5,0.0,0.0,0.76313806,0.76313806,0.9999999999986896,0.0,0.0,0.0,0.0,0.6,0,5,25219,Greedy-SLA,Full-CertiTwin-q90,5
4,4,5,0.0,0.0,0.76313806,0.76313806,0.9999999999986896,0.0,0.0,0.0,0.0,0.6,0,5,25219,Greedy-SLA,SLA-Rule-Shield,5
4,4,5,0.0,0.0,0.76313806,0.76313806,0.9999999999986896,0.0,0.0,0.0,0.0,0.6,0,5,25219,Greedy-SLA,Fixed-UCB-1sigma-Shield,5
4,4,5,0.0,0.0,0.76313806,0.76313806,0.9999999999986896,0.0,0.0,0.0,0.0,0.6,0,5,25219,Greedy-SLA,Fixed-UCB-1.64sigma-Shield,5
0,2,5,1.0,0.0,0.76278657,0.6677499,0.875408569397236,1.0,21.0,0.0,0.0,0.6,0,5,25219,DT-Top1,Full-CertiTwin-q90,5
0,4,5,1.0,0.0,0.76278657,0.76313806,1.000460797309265,1.0,57.0,0.0,0.0,0.6,0,5,25219,DT-Top1,SLA-Rule-Shield,5
0,2,5,1.0,0.0,0.76278657,0.6677499,0.875408569397236,1.0,21.0,0.0,0.0,0.6,0,5,25219,DT-Top1,Fixed-UCB-1sigma-Shield,5
0,2,5,1.0,0.0,0.76278657,0.6677499,0.875408569397236,1.0,21.0,0.0,0.0,0.6,0,5,25219,DT-Top1,Fixed-UCB-1.64sigma-Shield,5
2,2,5,0.0,0.0,0.65129316,0.65129316,0.9999999999984648,0.0,0.0,0.0,0.0,0.6,0,5,15648,PF,Full-CertiTwin-q90,5
2,2,5,0.0,0.0,0.65129316,0.65129316,0.9999999999984648,0.0,0.0,0.0,0.0,0.6,0,5,15648,PF,SLA-Rule-Shield,5
2,2,5,0.0,0.0,0.65129316,0.65129316,0.9999999999984648,0.0,0.0,0.0,0.0,0.6,0,5,15648,PF,Fixed-UCB-1sigma-Shield,5
2,2,5,0.0,0.0,0.65129316,0.65129316,0.9999999999984648,0.0,0.0,0.0,0.0,0.6,0,5,15648,PF,Fixed-UCB-1.64sigma-Shield,5
4,4,5,0.0,0.0,0.76313806,0.76313806,0.9999999999986896,0.0,0.0,0.0,0.0,0.6,0,5,15648,Greedy-SLA,Full-CertiTwin-q90,5
4,4,5,0.0,0.0,0.76313806,0.76313806,0.9999999999986896,0.0,0.0,0.0,0.0,0.6,0,5,15648,Greedy-SLA,SLA-Rule-Shield,5
4,4,5,0.0,0.0,0.76313806,0.76313806,0.9999999999986896,0.0,0.0,0.0,0.0,0.6,0,5,15648,Greedy-SLA,Fixed-UCB-1sigma-Shield,5
4,4,5,0.0,0.0,0.76313806,0.76313806,0.9999999999986896,0.0,0.0,0.0,0.0,0.6,0,5,15648,Greedy-SLA,Fixed-UCB-1.64sigma-Shield,5
4,4,5,0.0,0.0,0.76313806,0.76313806,0.9999999999986896,0.0,0.0,0.0,0.0,0.6,0,5,15648,DT-Top1,Full-CertiTwin-q90,5
4,4,5,0.0,0.0,0.76313806,0.76313806,0.9999999999986896,0.0,0.0,0.0,0.0,0.6,0,5,15648,DT-Top1,SLA-Rule-Shield,5
4,4,5,0.0,0.0,0.76313806,0.76313806,0.9999999999986896,0.0,0.0,0.0,0.0,0.6,0,5,15648,DT-Top1,Fixed-UCB-1sigma-Shield,5
4,4,5,0.0,0.0,0.76313806,0.76313806,0.9999999999986896,0.0,0.0,0.0,0.0,0.6,0,5,15648,DT-Top1,Fixed-UCB-1.64sigma-Shield,5
2,2,5,0.0,0.0,0.6374081,0.6374081,0.9999999999984313,0.0,0.0,0.0,0.0,0.6,0,5,37166,PF,Full-CertiTwin-q90,5
2,2,5,0.0,0.0,0.6374081,0.6374081,0.9999999999984313,0.0,0.0,0.0,0.0,0.6,0,5,37166,PF,SLA-Rule-Shield,5
2,2,5,0.0,0.0,0.6374081,0.6374081,0.9999999999984313,0.0,0.0,0.0,0.0,0.6,0,5,37166,PF,Fixed-UCB-1sigma-Shield,5
2,2,5,0.0,0.0,0.6374081,0.6374081,0.9999999999984313,0.0,0.0,0.0,0.0,0.6,0,5,37166,PF,Fixed-UCB-1.64sigma-Shield,5
4,4,5,0.0,0.0,0.76313806,0.76313806,0.9999999999986896,0.0,0.0,0.0,0.0,0.6,0,5,37166,Greedy-SLA,Full-CertiTwin-q90,5
4,4,5,0.0,0.0,0.76313806,0.76313806,0.9999999999986896,0.0,0.0,0.0,0.0,0.6,0,5,37166,Greedy-SLA,SLA-Rule-Shield,5
4,4,5,0.0,0.0,0.76313806,0.76313806,0.9999999999986896,0.0,0.0,0.0,0.0,0.6,0,5,37166,Greedy-SLA,Fixed-UCB-1sigma-Shield,5
4,4,5,0.0,0.0,0.76313806,0.76313806,0.9999999999986896,0.0,0.0,0.0,0.0,0.6,0,5,37166,Greedy-SLA,Fixed-UCB-1.64sigma-Shield,5
0,2,5,1.0,0.0,0.76278657,0.6374081,0.8356309943935751,1.0,21.0,0.0,0.0,0.6,0,5,37166,DT-Top1,Full-CertiTwin-q90,5
0,4,5,1.0,0.0,0.76278657,0.76313806,1.000460797309265,1.0,57.0,0.0,0.0,0.6,0,5,37166,DT-Top1,SLA-Rule-Shield,5
0,2,5,1.0,0.0,0.76278657,0.6374081,0.8356309943935751,1.0,21.0,0.0,0.0,0.6,0,5,37166,DT-Top1,Fixed-UCB-1sigma-Shield,5
0,2,5,1.0,0.0,0.76278657,0.6374081,0.8356309943935751,1.0,21.0,0.0,0.0,0.6,0,5,37166,DT-Top1,Fixed-UCB-1.64sigma-Shield,5
2,2,5,0.0,0.0,0.6677499,0.6677499,0.9999999999985024,0.0,0.0,0.0,0.0,0.6,0,5,32624,PF,Full-CertiTwin-q90,5
2,2,5,0.0,0.0,0.6677499,0.6677499,0.9999999999985024,0.0,0.0,0.0,0.0,0.6,0,5,32624,PF,SLA-Rule-Shield,5
2,2,5,0.0,0.0,0.6677499,0.6677499,0.9999999999985024,0.0,0.0,0.0,0.0,0.6,0,5,32624,PF,Fixed-UCB-1sigma-Shield,5
2,2,5,0.0,0.0,0.6677499,0.6677499,0.9999999999985024,0.0,0.0,0.0,0.0,0.6,0,5,32624,PF,Fixed-UCB-1.64sigma-Shield,5
4,4,5,0.0,0.0,0.7566483,0.7566483,0.9999999999986784,0.0,0.0,0.0,0.0,0.6,0,5,32624,Greedy-SLA,Full-CertiTwin-q90,5
4,4,5,0.0,0.0,0.7566483,0.7566483,0.9999999999986784,0.0,0.0,0.0,0.0,0.6,0,5,32624,Greedy-SLA,SLA-Rule-Shield,5
4,4,5,0.0,0.0,0.7566483,0.7566483,0.9999999999986784,0.0,0.0,0.0,0.0,0.6,0,5,32624,Greedy-SLA,Fixed-UCB-1sigma-Shield,5
4,4,5,0.0,0.0,0.7566483,0.7566483,0.9999999999986784,0.0,0.0,0.0,0.0,0.6,0,5,32624,Greedy-SLA,Fixed-UCB-1.64sigma-Shield,5
0,2,5,1.0,0.0,0.76278657,0.6677499,0.875408569397236,1.0,21.0,0.0,0.0,0.6,0,5,32624,DT-Top1,Full-CertiTwin-q90,5
0,4,5,1.0,0.0,0.76278657,0.7566483,0.9919528341971308,1.0,57.0,0.0,0.0,0.6,0,5,32624,DT-Top1,SLA-Rule-Shield,5
0,2,5,1.0,0.0,0.76278657,0.6677499,0.875408569397236,1.0,21.0,0.0,0.0,0.6,0,5,32624,DT-Top1,Fixed-UCB-1sigma-Shield,5
0,2,5,1.0,0.0,0.76278657,0.6677499,0.875408569397236,1.0,21.0,0.0,0.0,0.6,0,5,32624,DT-Top1,Fixed-UCB-1.64sigma-Shield,5
2,2,5,0.0,0.0,0.6677499,0.6677499,0.9999999999985024,0.0,0.0,0.0,0.0,0.6,0,5,3149,PF,Full-CertiTwin-q90,5
2,2,5,0.0,0.0,0.6677499,0.6677499,0.9999999999985024,0.0,0.0,0.0,0.0,0.6,0,5,3149,PF,SLA-Rule-Shield,5
2,2,5,0.0,0.0,0.6677499,0.6677499,0.9999999999985024,0.0,0.0,0.0,0.0,0.6,0,5,3149,PF,Fixed-UCB-1sigma-Shield,5
2,2,5,0.0,0.0,0.6677499,0.6677499,0.9999999999985024,0.0,0.0,0.0,0.0,0.6,0,5,3149,PF,Fixed-UCB-1.64sigma-Shield,5
4,4,5,0.0,0.0,0.76313806,0.76313806,0.9999999999986896,0.0,0.0,0.0,0.0,0.6,0,5,3149,Greedy-SLA,Full-CertiTwin-q90,5
4,4,5,0.0,0.0,0.76313806,0.76313806,0.9999999999986896,0.0,0.0,0.0,0.0,0.6,0,5,3149,Greedy-SLA,SLA-Rule-Shield,5
4,4,5,0.0,0.0,0.76313806,0.76313806,0.9999999999986896,0.0,0.0,0.0,0.0,0.6,0,5,3149,Greedy-SLA,Fixed-UCB-1sigma-Shield,5
4,4,5,0.0,0.0,0.76313806,0.76313806,0.9999999999986896,0.0,0.0,0.0,0.0,0.6,0,5,3149,Greedy-SLA,Fixed-UCB-1.64sigma-Shield,5
0,2,5,1.0,0.0,0.76278657,0.6677499,0.875408569397236,1.0,21.0,0.0,0.0,0.6,0,5,3149,DT-Top1,Full-CertiTwin-q90,5
0,4,5,1.0,0.0,0.76278657,0.76313806,1.000460797309265,1.0,57.0,0.0,0.0,0.6,0,5,3149,DT-Top1,SLA-Rule-Shield,5
0,2,5,1.0,0.0,0.76278657,0.6677499,0.875408569397236,1.0,21.0,0.0,0.0,0.6,0,5,3149,DT-Top1,Fixed-UCB-1sigma-Shield,5
0,2,5,1.0,0.0,0.76278657,0.6677499,0.875408569397236,1.0,21.0,0.0,0.0,0.6,0,5,3149,DT-Top1,Fixed-UCB-1.64sigma-Shield,5
2,2,5,0.0,0.0,0.6677499,0.6677499,0.9999999999985024,0.0,0.0,0.0,0.0,0.6,0,5,35510,PF,Full-CertiTwin-q90,5
2,2,5,0.0,0.0,0.6677499,0.6677499,0.9999999999985024,0.0,0.0,0.0,0.0,0.6,0,5,35510,PF,SLA-Rule-Shield,5
2,2,5,0.0,0.0,0.6677499,0.6677499,0.9999999999985024,0.0,0.0,0.0,0.0,0.6,0,5,35510,PF,Fixed-UCB-1sigma-Shield,5
2,2,5,0.0,0.0,0.6677499,0.6677499,0.9999999999985024,0.0,0.0,0.0,0.0,0.6,0,5,35510,PF,Fixed-UCB-1.64sigma-Shield,5
4,4,5,0.0,0.0,0.76313806,0.76313806,0.9999999999986896,0.0,0.0,0.0,0.0,0.6,0,5,35510,Greedy-SLA,Full-CertiTwin-q90,5
4,4,5,0.0,0.0,0.76313806,0.76313806,0.9999999999986896,0.0,0.0,0.0,0.0,0.6,0,5,35510,Greedy-SLA,SLA-Rule-Shield,5
4,4,5,0.0,0.0,0.76313806,0.76313806,0.9999999999986896,0.0,0.0,0.0,0.0,0.6,0,5,35510,Greedy-SLA,Fixed-UCB-1sigma-Shield,5
4,4,5,0.0,0.0,0.76313806,0.76313806,0.9999999999986896,0.0,0.0,0.0,0.0,0.6,0,5,35510,Greedy-SLA,Fixed-UCB-1.64sigma-Shield,5
0,2,5,1.0,0.0,0.76278657,0.6677499,0.875408569397236,1.0,21.0,0.0,0.0,0.6,0,5,35510,DT-Top1,Full-CertiTwin-q90,5
0,4,5,1.0,0.0,0.76278657,0.76313806,1.000460797309265,1.0,57.0,0.0,0.0,0.6,0,5,35510,DT-Top1,SLA-Rule-Shield,5
0,2,5,1.0,0.0,0.76278657,0.6677499,0.875408569397236,1.0,21.0,0.0,0.0,0.6,0,5,35510,DT-Top1,Fixed-UCB-1sigma-Shield,5
0,2,5,1.0,0.0,0.76278657,0.6677499,0.875408569397236,1.0,21.0,0.0,0.0,0.6,0,5,35510,DT-Top1,Fixed-UCB-1.64sigma-Shield,5
2,2,5,0.0,0.0,0.6506768,0.6506768,0.9999999999984632,0.0,0.0,0.0,0.0,0.6,0,5,8128,PF,Full-CertiTwin-q90,5
2,2,5,0.0,0.0,0.6506768,0.6506768,0.9999999999984632,0.0,0.0,0.0,0.0,0.6,0,5,8128,PF,SLA-Rule-Shield,5
2,2,5,0.0,0.0,0.6506768,0.6506768,0.9999999999984632,0.0,0.0,0.0,0.0,0.6,0,5,8128,PF,Fixed-UCB-1sigma-Shield,5
2,2,5,0.0,0.0,0.6506768,0.6506768,0.9999999999984632,0.0,0.0,0.0,0.0,0.6,0,5,8128,PF,Fixed-UCB-1.64sigma-Shield,5
4,4,5,0.0,0.0,0.76313806,0.76313806,0.9999999999986896,0.0,0.0,0.0,0.0,0.6,0,5,8128,Greedy-SLA,Full-CertiTwin-q90,5
4,4,5,0.0,0.0,0.76313806,0.76313806,0.9999999999986896,0.0,0.0,0.0,0.0,0.6,0,5,8128,Greedy-SLA,SLA-Rule-Shield,5
4,4,5,0.0,0.0,0.76313806,0.76313806,0.9999999999986896,0.0,0.0,0.0,0.0,0.6,0,5,8128,Greedy-SLA,Fixed-UCB-1sigma-Shield,5
4,4,5,0.0,0.0,0.76313806,0.76313806,0.9999999999986896,0.0,0.0,0.0,0.0,0.6,0,5,8128,Greedy-SLA,Fixed-UCB-1.64sigma-Shield,5
0,2,5,1.0,0.0,0.76278657,0.6506768,0.853026030596143,1.0,21.0,0.0,0.0,0.6,0,5,8128,DT-Top1,Full-CertiTwin-q90,5
0,4,5,1.0,0.0,0.76278657,0.76313806,1.000460797309265,1.0,57.0,0.0,0.0,0.6,0,5,8128,DT-Top1,SLA-Rule-Shield,5
0,2,5,1.0,0.0,0.76278657,0.6506768,0.853026030596143,1.0,21.0,0.0,0.0,0.6,0,5,8128,DT-Top1,Fixed-UCB-1sigma-Shield,5
0,2,5,1.0,0.0,0.76278657,0.6506768,0.853026030596143,1.0,21.0,0.0,0.0,0.6,0,5,8128,DT-Top1,Fixed-UCB-1.64sigma-Shield,5
2,2,5,0.0,0.0,0.6677499,0.6677499,0.9999999999985024,0.0,0.0,0.0,0.0,0.6,0,5,41197,PF,Full-CertiTwin-q90,5
2,2,5,0.0,0.0,0.6677499,0.6677499,0.9999999999985024,0.0,0.0,0.0,0.0,0.6,0,5,41197,PF,SLA-Rule-Shield,5
2,2,5,0.0,0.0,0.6677499,0.6677499,0.9999999999985024,0.0,0.0,0.0,0.0,0.6,0,5,41197,PF,Fixed-UCB-1sigma-Shield,5
2,2,5,0.0,0.0,0.6677499,0.6677499,0.9999999999985024,0.0,0.0,0.0,0.0,0.6,0,5,41197,PF,Fixed-UCB-1.64sigma-Shield,5
4,4,5,0.0,0.0,0.76313806,0.76313806,0.9999999999986896,0.0,0.0,0.0,0.0,0.6,0,5,41197,Greedy-SLA,Full-CertiTwin-q90,5
4,4,5,0.0,0.0,0.76313806,0.76313806,0.9999999999986896,0.0,0.0,0.0,0.0,0.6,0,5,41197,Greedy-SLA,SLA-Rule-Shield,5
4,4,5,0.0,0.0,0.76313806,0.76313806,0.9999999999986896,0.0,0.0,0.0,0.0,0.6,0,5,41197,Greedy-SLA,Fixed-UCB-1sigma-Shield,5
4,4,5,0.0,0.0,0.76313806,0.76313806,0.9999999999986896,0.0,0.0,0.0,0.0,0.6,0,5,41197,Greedy-SLA,Fixed-UCB-1.64sigma-Shield,5
0,2,5,1.0,0.0,0.76278657,0.6677499,0.875408569397236,1.0,21.0,0.0,0.0,0.6,0,5,41197,DT-Top1,Full-CertiTwin-q90,5
0,4,5,1.0,0.0,0.76278657,0.76313806,1.000460797309265,1.0,57.0,0.0,0.0,0.6,0,5,41197,DT-Top1,SLA-Rule-Shield,5
0,2,5,1.0,0.0,0.76278657,0.6677499,0.875408569397236,1.0,21.0,0.0,0.0,0.6,0,5,41197,DT-Top1,Fixed-UCB-1sigma-Shield,5
0,2,5,1.0,0.0,0.76278657,0.6677499,0.875408569397236,1.0,21.0,0.0,0.0,0.6,0,5,41197,DT-Top1,Fixed-UCB-1.64sigma-Shield,5
2,2,5,0.0,0.0,0.6677499,0.6677499,0.9999999999985024,0.0,0.0,0.0,0.0,0.6,0,5,3792,PF,Full-CertiTwin-q90,5
2,2,5,0.0,0.0,0.6677499,0.6677499,0.9999999999985024,0.0,0.0,0.0,0.0,0.6,0,5,3792,PF,SLA-Rule-Shield,5
2,2,5,0.0,0.0,0.6677499,0.6677499,0.9999999999985024,0.0,0.0,0.0,0.0,0.6,0,5,3792,PF,Fixed-UCB-1sigma-Shield,5
2,2,5,0.0,0.0,0.6677499,0.6677499,0.9999999999985024,0.0,0.0,0.0,0.0,0.6,0,5,3792,PF,Fixed-UCB-1.64sigma-Shield,5
4,4,5,0.0,0.0,0.76313806,0.76313806,0.9999999999986896,0.0,0.0,0.0,0.0,0.6,0,5,3792,Greedy-SLA,Full-CertiTwin-q90,5
4,4,5,0.0,0.0,0.76313806,0.76313806,0.9999999999986896,0.0,0.0,0.0,0.0,0.6,0,5,3792,Greedy-SLA,SLA-Rule-Shield,5
4,4,5,0.0,0.0,0.76313806,0.76313806,0.9999999999986896,0.0,0.0,0.0,0.0,0.6,0,5,3792,Greedy-SLA,Fixed-UCB-1sigma-Shield,5
4,4,5,0.0,0.0,0.76313806,0.76313806,0.9999999999986896,0.0,0.0,0.0,0.0,0.6,0,5,3792,Greedy-SLA,Fixed-UCB-1.64sigma-Shield,5
0,2,5,1.0,0.0,0.77741534,0.6677499,0.8589358424534574,1.0,21.0,0.0,0.0,0.6,0,5,3792,DT-Top1,Full-CertiTwin-q90,5
0,4,5,1.0,0.0,0.77741534,0.76313806,0.981634939180668,1.0,57.0,0.0,0.0,0.6,0,5,3792,DT-Top1,SLA-Rule-Shield,5
0,2,5,1.0,0.0,0.77741534,0.6677499,0.8589358424534574,1.0,21.0,0.0,0.0,0.6,0,5,3792,DT-Top1,Fixed-UCB-1sigma-Shield,5
0,2,5,1.0,0.0,0.77741534,0.6677499,0.8589358424534574,1.0,21.0,0.0,0.0,0.6,0,5,3792,DT-Top1,Fixed-UCB-1.64sigma-Shield,5
2,2,5,0.0,0.0,0.6677499,0.6677499,0.9999999999985024,0.0,0.0,0.0,0.0,0.6,0,5,16507,PF,Full-CertiTwin-q90,5
2,2,5,0.0,0.0,0.6677499,0.6677499,0.9999999999985024,0.0,0.0,0.0,0.0,0.6,0,5,16507,PF,SLA-Rule-Shield,5
2,2,5,0.0,0.0,0.6677499,0.6677499,0.9999999999985024,0.0,0.0,0.0,0.0,0.6,0,5,16507,PF,Fixed-UCB-1sigma-Shield,5
2,2,5,0.0,0.0,0.6677499,0.6677499,0.9999999999985024,0.0,0.0,0.0,0.0,0.6,0,5,16507,PF,Fixed-UCB-1.64sigma-Shield,5
4,4,5,0.0,0.0,0.76313806,0.76313806,0.9999999999986896,0.0,0.0,0.0,0.0,0.6,0,5,16507,Greedy-SLA,Full-CertiTwin-q90,5
4,4,5,0.0,0.0,0.76313806,0.76313806,0.9999999999986896,0.0,0.0,0.0,0.0,0.6,0,5,16507,Greedy-SLA,SLA-Rule-Shield,5
4,4,5,0.0,0.0,0.76313806,0.76313806,0.9999999999986896,0.0,0.0,0.0,0.0,0.6,0,5,16507,Greedy-SLA,Fixed-UCB-1sigma-Shield,5
4,4,5,0.0,0.0,0.76313806,0.76313806,0.9999999999986896,0.0,0.0,0.0,0.0,0.6,0,5,16507,Greedy-SLA,Fixed-UCB-1.64sigma-Shield,5
4,4,5,0.0,0.0,0.76313806,0.76313806,0.9999999999986896,0.0,0.0,0.0,0.0,0.6,0,5,16507,DT-Top1,Full-CertiTwin-q90,5
4,4,5,0.0,0.0,0.76313806,0.76313806,0.9999999999986896,0.0,0.0,0.0,0.0,0.6,0,5,16507,DT-Top1,SLA-Rule-Shield,5
4,4,5,0.0,0.0,0.76313806,0.76313806,0.9999999999986896,0.0,0.0,0.0,0.0,0.6,0,5,16507,DT-Top1,Fixed-UCB-1sigma-Shield,5
4,4,5,0.0,0.0,0.76313806,0.76313806,0.9999999999986896,0.0,0.0,0.0,0.0,0.6,0,5,16507,DT-Top1,Fixed-UCB-1.64sigma-Shield,5
2,2,5,0.0,0.0,0.6677499,0.6677499,0.9999999999985024,0.0,0.0,0.0,0.0,0.6,0,5,29049,PF,Full-CertiTwin-q90,5
2,2,5,0.0,0.0,0.6677499,0.6677499,0.9999999999985024,0.0,0.0,0.0,0.0,0.6,0,5,29049,PF,SLA-Rule-Shield,5
2,2,5,0.0,0.0,0.6677499,0.6677499,0.9999999999985024,0.0,0.0,0.0,0.0,0.6,0,5,29049,PF,Fixed-UCB-1sigma-Shield,5
2,2,5,0.0,0.0,0.6677499,0.6677499,0.9999999999985024,0.0,0.0,0.0,0.0,0.6,0,5,29049,PF,Fixed-UCB-1.64sigma-Shield,5
4,4,5,0.0,0.0,0.76313806,0.76313806,0.9999999999986896,0.0,0.0,0.0,0.0,0.6,0,5,29049,Greedy-SLA,Full-CertiTwin-q90,5
4,4,5,0.0,0.0,0.76313806,0.76313806,0.9999999999986896,0.0,0.0,0.0,0.0,0.6,0,5,29049,Greedy-SLA,SLA-Rule-Shield,5
4,4,5,0.0,0.0,0.76313806,0.76313806,0.9999999999986896,0.0,0.0,0.0,0.0,0.6,0,5,29049,Greedy-SLA,Fixed-UCB-1sigma-Shield,5
4,4,5,0.0,0.0,0.76313806,0.76313806,0.9999999999986896,0.0,0.0,0.0,0.0,0.6,0,5,29049,Greedy-SLA,Fixed-UCB-1.64sigma-Shield,5
0,2,5,1.0,0.0,0.77741534,0.6677499,0.8589358424534574,1.0,21.0,0.0,0.0,0.6,0,5,29049,DT-Top1,Full-CertiTwin-q90,5
0,4,5,1.0,0.0,0.77741534,0.76313806,0.981634939180668,1.0,57.0,0.0,0.0,0.6,0,5,29049,DT-Top1,SLA-Rule-Shield,5
0,2,5,1.0,0.0,0.77741534,0.6677499,0.8589358424534574,1.0,21.0,0.0,0.0,0.6,0,5,29049,DT-Top1,Fixed-UCB-1sigma-Shield,5
0,2,5,1.0,0.0,0.77741534,0.6677499,0.8589358424534574,1.0,21.0,0.0,0.0,0.6,0,5,29049,DT-Top1,Fixed-UCB-1.64sigma-Shield,5
2,2,5,0.0,0.0,0.6677499,0.6677499,0.9999999999985024,0.0,0.0,0.0,0.0,0.6,0,5,59648,PF,Full-CertiTwin-q90,5
2,2,5,0.0,0.0,0.6677499,0.6677499,0.9999999999985024,0.0,0.0,0.0,0.0,0.6,0,5,59648,PF,SLA-Rule-Shield,5
2,2,5,0.0,0.0,0.6677499,0.6677499,0.9999999999985024,0.0,0.0,0.0,0.0,0.6,0,5,59648,PF,Fixed-UCB-1sigma-Shield,5
2,2,5,0.0,0.0,0.6677499,0.6677499,0.9999999999985024,0.0,0.0,0.0,0.0,0.6,0,5,59648,PF,Fixed-UCB-1.64sigma-Shield,5
4,4,5,0.0,0.0,0.76313806,0.76313806,0.9999999999986896,0.0,0.0,0.0,0.0,0.6,0,5,59648,Greedy-SLA,Full-CertiTwin-q90,5
4,4,5,0.0,0.0,0.76313806,0.76313806,0.9999999999986896,0.0,0.0,0.0,0.0,0.6,0,5,59648,Greedy-SLA,SLA-Rule-Shield,5
4,4,5,0.0,0.0,0.76313806,0.76313806,0.9999999999986896,0.0,0.0,0.0,0.0,0.6,0,5,59648,Greedy-SLA,Fixed-UCB-1sigma-Shield,5
4,4,5,0.0,0.0,0.76313806,0.76313806,0.9999999999986896,0.0,0.0,0.0,0.0,0.6,0,5,59648,Greedy-SLA,Fixed-UCB-1.64sigma-Shield,5
0,2,5,1.0,0.0,0.76278657,0.6677499,0.875408569397236,1.0,21.0,0.0,0.0,0.6,0,5,59648,DT-Top1,Full-CertiTwin-q90,5
0,4,5,1.0,0.0,0.76278657,0.76313806,1.000460797309265,1.0,57.0,0.0,0.0,0.6,0,5,59648,DT-Top1,SLA-Rule-Shield,5
0,2,5,1.0,0.0,0.76278657,0.6677499,0.875408569397236,1.0,21.0,0.0,0.0,0.6,0,5,59648,DT-Top1,Fixed-UCB-1sigma-Shield,5
0,2,5,1.0,0.0,0.76278657,0.6677499,0.875408569397236,1.0,21.0,0.0,0.0,0.6,0,5,59648,DT-Top1,Fixed-UCB-1.64sigma-Shield,5
2,2,5,0.0,0.0,0.6677499,0.6677499,0.9999999999985024,0.0,0.0,0.0,0.0,0.6,0,5,37355,PF,Full-CertiTwin-q90,5
2,2,5,0.0,0.0,0.6677499,0.6677499,0.9999999999985024,0.0,0.0,0.0,0.0,0.6,0,5,37355,PF,SLA-Rule-Shield,5
2,2,5,0.0,0.0,0.6677499,0.6677499,0.9999999999985024,0.0,0.0,0.0,0.0,0.6,0,5,37355,PF,Fixed-UCB-1sigma-Shield,5
2,2,5,0.0,0.0,0.6677499,0.6677499,0.9999999999985024,0.0,0.0,0.0,0.0,0.6,0,5,37355,PF,Fixed-UCB-1.64sigma-Shield,5
4,4,5,0.0,0.0,0.76313806,0.76313806,0.9999999999986896,0.0,0.0,0.0,0.0,0.6,0,5,37355,Greedy-SLA,Full-CertiTwin-q90,5
4,4,5,0.0,0.0,0.76313806,0.76313806,0.9999999999986896,0.0,0.0,0.0,0.0,0.6,0,5,37355,Greedy-SLA,SLA-Rule-Shield,5
4,4,5,0.0,0.0,0.76313806,0.76313806,0.9999999999986896,0.0,0.0,0.0,0.0,0.6,0,5,37355,Greedy-SLA,Fixed-UCB-1sigma-Shield,5
4,4,5,0.0,0.0,0.76313806,0.76313806,0.9999999999986896,0.0,0.0,0.0,0.0,0.6,0,5,37355,Greedy-SLA,Fixed-UCB-1.64sigma-Shield,5
4,4,5,0.0,0.0,0.76313806,0.76313806,0.9999999999986896,0.0,0.0,0.0,0.0,0.6,0,5,37355,DT-Top1,Full-CertiTwin-q90,5
4,4,5,0.0,0.0,0.76313806,0.76313806,0.9999999999986896,0.0,0.0,0.0,0.0,0.6,0,5,37355,DT-Top1,SLA-Rule-Shield,5
4,4,5,0.0,0.0,0.76313806,0.76313806,0.9999999999986896,0.0,0.0,0.0,0.0,0.6,0,5,37355,DT-Top1,Fixed-UCB-1sigma-Shield,5
4,4,5,0.0,0.0,0.76313806,0.76313806,0.9999999999986896,0.0,0.0,0.0,0.0,0.6,0,5,37355,DT-Top1,Fixed-UCB-1.64sigma-Shield,5
2,2,5,0.0,0.0,0.6677499,0.6677499,0.9999999999985024,0.0,0.0,0.0,0.0,0.6,0,5,38478,PF,Full-CertiTwin-q90,5
2,2,5,0.0,0.0,0.6677499,0.6677499,0.9999999999985024,0.0,0.0,0.0,0.0,0.6,0,5,38478,PF,SLA-Rule-Shield,5
2,2,5,0.0,0.0,0.6677499,0.6677499,0.9999999999985024,0.0,0.0,0.0,0.0,0.6,0,5,38478,PF,Fixed-UCB-1sigma-Shield,5
2,2,5,0.0,0.0,0.6677499,0.6677499,0.9999999999985024,0.0,0.0,0.0,0.0,0.6,0,5,38478,PF,Fixed-UCB-1.64sigma-Shield,5
4,4,5,0.0,0.0,0.76313806,0.76313806,0.9999999999986896,0.0,0.0,0.0,0.0,0.6,0,5,38478,Greedy-SLA,Full-CertiTwin-q90,5
4,4,5,0.0,0.0,0.76313806,0.76313806,0.9999999999986896,0.0,0.0,0.0,0.0,0.6,0,5,38478,Greedy-SLA,SLA-Rule-Shield,5
4,4,5,0.0,0.0,0.76313806,0.76313806,0.9999999999986896,0.0,0.0,0.0,0.0,0.6,0,5,38478,Greedy-SLA,Fixed-UCB-1sigma-Shield,5
4,4,5,0.0,0.0,0.76313806,0.76313806,0.9999999999986896,0.0,0.0,0.0,0.0,0.6,0,5,38478,Greedy-SLA,Fixed-UCB-1.64sigma-Shield,5
0,2,5,1.0,0.0,0.76278657,0.6677499,0.875408569397236,1.0,21.0,0.0,0.0,0.6,0,5,38478,DT-Top1,Full-CertiTwin-q90,5
0,4,5,1.0,0.0,0.76278657,0.76313806,1.000460797309265,1.0,57.0,0.0,0.0,0.6,0,5,38478,DT-Top1,SLA-Rule-Shield,5
0,2,5,1.0,0.0,0.76278657,0.6677499,0.875408569397236,1.0,21.0,0.0,0.0,0.6,0,5,38478,DT-Top1,Fixed-UCB-1sigma-Shield,5
0,2,5,1.0,0.0,0.76278657,0.6677499,0.875408569397236,1.0,21.0,0.0,0.0,0.6,0,5,38478,DT-Top1,Fixed-UCB-1.64sigma-Shield,5
2,2,5,0.0,0.0,0.6677499,0.6677499,0.9999999999985024,0.0,0.0,0.0,0.0,0.6,0,5,35307,PF,Full-CertiTwin-q90,5
2,2,5,0.0,0.0,0.6677499,0.6677499,0.9999999999985024,0.0,0.0,0.0,0.0,0.6,0,5,35307,PF,SLA-Rule-Shield,5
2,2,5,0.0,0.0,0.6677499,0.6677499,0.9999999999985024,0.0,0.0,0.0,0.0,0.6,0,5,35307,PF,Fixed-UCB-1sigma-Shield,5
2,2,5,0.0,0.0,0.6677499,0.6677499,0.9999999999985024,0.0,0.0,0.0,0.0,0.6,0,5,35307,PF,Fixed-UCB-1.64sigma-Shield,5
4,4,5,0.0,0.0,0.76313806,0.76313806,0.9999999999986896,0.0,0.0,0.0,0.0,0.6,0,5,35307,Greedy-SLA,Full-CertiTwin-q90,5
4,4,5,0.0,0.0,0.76313806,0.76313806,0.9999999999986896,0.0,0.0,0.0,0.0,0.6,0,5,35307,Greedy-SLA,SLA-Rule-Shield,5
4,4,5,0.0,0.0,0.76313806,0.76313806,0.9999999999986896,0.0,0.0,0.0,0.0,0.6,0,5,35307,Greedy-SLA,Fixed-UCB-1sigma-Shield,5
4,4,5,0.0,0.0,0.76313806,0.76313806,0.9999999999986896,0.0,0.0,0.0,0.0,0.6,0,5,35307,Greedy-SLA,Fixed-UCB-1.64sigma-Shield,5
4,4,5,0.0,0.0,0.76313806,0.76313806,0.9999999999986896,0.0,0.0,0.0,0.0,0.6,0,5,35307,DT-Top1,Full-CertiTwin-q90,5
4,4,5,0.0,0.0,0.76313806,0.76313806,0.9999999999986896,0.0,0.0,0.0,0.0,0.6,0,5,35307,DT-Top1,SLA-Rule-Shield,5
4,4,5,0.0,0.0,0.76313806,0.76313806,0.9999999999986896,0.0,0.0,0.0,0.0,0.6,0,5,35307,DT-Top1,Fixed-UCB-1sigma-Shield,5
4,4,5,0.0,0.0,0.76313806,0.76313806,0.9999999999986896,0.0,0.0,0.0,0.0,0.6,0,5,35307,DT-Top1,Fixed-UCB-1.64sigma-Shield,5
2,2,5,0.0,0.0,0.6677499,0.6677499,0.9999999999985024,0.0,0.0,0.0,0.0,0.6,0,5,11773,PF,Full-CertiTwin-q90,5
2,2,5,0.0,0.0,0.6677499,0.6677499,0.9999999999985024,0.0,0.0,0.0,0.0,0.6,0,5,11773,PF,SLA-Rule-Shield,5
2,2,5,0.0,0.0,0.6677499,0.6677499,0.9999999999985024,0.0,0.0,0.0,0.0,0.6,0,5,11773,PF,Fixed-UCB-1sigma-Shield,5
2,2,5,0.0,0.0,0.6677499,0.6677499,0.9999999999985024,0.0,0.0,0.0,0.0,0.6,0,5,11773,PF,Fixed-UCB-1.64sigma-Shield,5
4,4,5,0.0,0.0,0.76313806,0.76313806,0.9999999999986896,0.0,0.0,0.0,0.0,0.6,0,5,11773,Greedy-SLA,Full-CertiTwin-q90,5
4,4,5,0.0,0.0,0.76313806,0.76313806,0.9999999999986896,0.0,0.0,0.0,0.0,0.6,0,5,11773,Greedy-SLA,SLA-Rule-Shield,5
4,4,5,0.0,0.0,0.76313806,0.76313806,0.9999999999986896,0.0,0.0,0.0,0.0,0.6,0,5,11773,Greedy-SLA,Fixed-UCB-1sigma-Shield,5
4,4,5,0.0,0.0,0.76313806,0.76313806,0.9999999999986896,0.0,0.0,0.0,0.0,0.6,0,5,11773,Greedy-SLA,Fixed-UCB-1.64sigma-Shield,5
0,2,5,1.0,0.0,0.76278657,0.6677499,0.875408569397236,1.0,21.0,0.0,0.0,0.6,0,5,11773,DT-Top1,Full-CertiTwin-q90,5
0,4,5,1.0,0.0,0.76278657,0.76313806,1.000460797309265,1.0,57.0,0.0,0.0,0.6,0,5,11773,DT-Top1,SLA-Rule-Shield,5
0,2,5,1.0,0.0,0.76278657,0.6677499,0.875408569397236,1.0,21.0,0.0,0.0,0.6,0,5,11773,DT-Top1,Fixed-UCB-1sigma-Shield,5
0,2,5,1.0,0.0,0.76278657,0.6677499,0.875408569397236,1.0,21.0,0.0,0.0,0.6,0,5,11773,DT-Top1,Fixed-UCB-1.64sigma-Shield,5
2,2,5,0.0,0.0,0.6677499,0.6677499,0.9999999999985024,0.0,0.0,0.0,0.0,0.6,0,5,19545,PF,Full-CertiTwin-q90,5
2,2,5,0.0,0.0,0.6677499,0.6677499,0.9999999999985024,0.0,0.0,0.0,0.0,0.6,0,5,19545,PF,SLA-Rule-Shield,5
2,2,5,0.0,0.0,0.6677499,0.6677499,0.9999999999985024,0.0,0.0,0.0,0.0,0.6,0,5,19545,PF,Fixed-UCB-1sigma-Shield,5
2,2,5,0.0,0.0,0.6677499,0.6677499,0.9999999999985024,0.0,0.0,0.0,0.0,0.6,0,5,19545,PF,Fixed-UCB-1.64sigma-Shield,5
4,4,5,0.0,0.0,0.76313806,0.76313806,0.9999999999986896,0.0,0.0,0.0,0.0,0.6,0,5,19545,Greedy-SLA,Full-CertiTwin-q90,5
4,4,5,0.0,0.0,0.76313806,0.76313806,0.9999999999986896,0.0,0.0,0.0,0.0,0.6,0,5,19545,Greedy-SLA,SLA-Rule-Shield,5
4,4,5,0.0,0.0,0.76313806,0.76313806,0.9999999999986896,0.0,0.0,0.0,0.0,0.6,0,5,19545,Greedy-SLA,Fixed-UCB-1sigma-Shield,5
4,4,5,0.0,0.0,0.76313806,0.76313806,0.9999999999986896,0.0,0.0,0.0,0.0,0.6,0,5,19545,Greedy-SLA,Fixed-UCB-1.64sigma-Shield,5
0,2,5,1.0,0.0,0.76278657,0.6677499,0.875408569397236,1.0,21.0,0.0,0.0,0.6,0,5,19545,DT-Top1,Full-CertiTwin-q90,5
0,4,5,1.0,0.0,0.76278657,0.76313806,1.000460797309265,1.0,57.0,0.0,0.0,0.6,0,5,19545,DT-Top1,SLA-Rule-Shield,5
0,2,5,1.0,0.0,0.76278657,0.6677499,0.875408569397236,1.0,21.0,0.0,0.0,0.6,0,5,19545,DT-Top1,Fixed-UCB-1sigma-Shield,5
0,2,5,1.0,0.0,0.76278657,0.6677499,0.875408569397236,1.0,21.0,0.0,0.0,0.6,0,5,19545,DT-Top1,Fixed-UCB-1.64sigma-Shield,5
2,2,5,0.0,0.0,0.6677499,0.6677499,0.9999999999985024,0.0,0.0,0.0,0.0,0.6,0,5,55579,PF,Full-CertiTwin-q90,5
2,2,5,0.0,0.0,0.6677499,0.6677499,0.9999999999985024,0.0,0.0,0.0,0.0,0.6,0,5,55579,PF,SLA-Rule-Shield,5
2,2,5,0.0,0.0,0.6677499,0.6677499,0.9999999999985024,0.0,0.0,0.0,0.0,0.6,0,5,55579,PF,Fixed-UCB-1sigma-Shield,5
2,2,5,0.0,0.0,0.6677499,0.6677499,0.9999999999985024,0.0,0.0,0.0,0.0,0.6,0,5,55579,PF,Fixed-UCB-1.64sigma-Shield,5
4,4,5,0.0,0.0,0.76313806,0.76313806,0.9999999999986896,0.0,0.0,0.0,0.0,0.6,0,5,55579,Greedy-SLA,Full-CertiTwin-q90,5
4,4,5,0.0,0.0,0.76313806,0.76313806,0.9999999999986896,0.0,0.0,0.0,0.0,0.6,0,5,55579,Greedy-SLA,SLA-Rule-Shield,5
4,4,5,0.0,0.0,0.76313806,0.76313806,0.9999999999986896,0.0,0.0,0.0,0.0,0.6,0,5,55579,Greedy-SLA,Fixed-UCB-1sigma-Shield,5
4,4,5,0.0,0.0,0.76313806,0.76313806,0.9999999999986896,0.0,0.0,0.0,0.0,0.6,0,5,55579,Greedy-SLA,Fixed-UCB-1.64sigma-Shield,5
0,2,5,1.0,0.0,0.76278657,0.6677499,0.875408569397236,1.0,21.0,0.0,0.0,0.6,0,5,55579,DT-Top1,Full-CertiTwin-q90,5
0,4,5,1.0,0.0,0.76278657,0.76313806,1.000460797309265,1.0,57.0,0.0,0.0,0.6,0,5,55579,DT-Top1,SLA-Rule-Shield,5
0,2,5,1.0,0.0,0.76278657,0.6677499,0.875408569397236,1.0,21.0,0.0,0.0,0.6,0,5,55579,DT-Top1,Fixed-UCB-1sigma-Shield,5
0,2,5,1.0,0.0,0.76278657,0.6677499,0.875408569397236,1.0,21.0,0.0,0.0,0.6,0,5,55579,DT-Top1,Fixed-UCB-1.64sigma-Shield,5
2,2,5,0.0,0.0,0.6677499,0.6677499,0.9999999999985024,0.0,0.0,0.0,0.0,0.6,0,5,17926,PF,Full-CertiTwin-q90,5
2,2,5,0.0,0.0,0.6677499,0.6677499,0.9999999999985024,0.0,0.0,0.0,0.0,0.6,0,5,17926,PF,SLA-Rule-Shield,5
2,2,5,0.0,0.0,0.6677499,0.6677499,0.9999999999985024,0.0,0.0,0.0,0.0,0.6,0,5,17926,PF,Fixed-UCB-1sigma-Shield,5
2,2,5,0.0,0.0,0.6677499,0.6677499,0.9999999999985024,0.0,0.0,0.0,0.0,0.6,0,5,17926,PF,Fixed-UCB-1.64sigma-Shield,5
4,4,5,0.0,0.0,0.76313806,0.76313806,0.9999999999986896,0.0,0.0,0.0,0.0,0.6,0,5,17926,Greedy-SLA,Full-CertiTwin-q90,5
4,4,5,0.0,0.0,0.76313806,0.76313806,0.9999999999986896,0.0,0.0,0.0,0.0,0.6,0,5,17926,Greedy-SLA,SLA-Rule-Shield,5
4,4,5,0.0,0.0,0.76313806,0.76313806,0.9999999999986896,0.0,0.0,0.0,0.0,0.6,0,5,17926,Greedy-SLA,Fixed-UCB-1sigma-Shield,5
4,4,5,0.0,0.0,0.76313806,0.76313806,0.9999999999986896,0.0,0.0,0.0,0.0,0.6,0,5,17926,Greedy-SLA,Fixed-UCB-1.64sigma-Shield,5
0,2,5,1.0,0.0,0.76278657,0.6677499,0.875408569397236,1.0,21.0,0.0,0.0,0.6,0,5,17926,DT-Top1,Full-CertiTwin-q90,5
0,4,5,1.0,0.0,0.76278657,0.76313806,1.000460797309265,1.0,57.0,0.0,0.0,0.6,0,5,17926,DT-Top1,SLA-Rule-Shield,5
0,2,5,1.0,0.0,0.76278657,0.6677499,0.875408569397236,1.0,21.0,0.0,0.0,0.6,0,5,17926,DT-Top1,Fixed-UCB-1sigma-Shield,5
0,2,5,1.0,0.0,0.76278657,0.6677499,0.875408569397236,1.0,21.0,0.0,0.0,0.6,0,5,17926,DT-Top1,Fixed-UCB-1.64sigma-Shield,5
2,2,5,0.0,0.0,0.6677499,0.6677499,0.9999999999985024,0.0,0.0,0.0,0.0,0.6,0,5,54159,PF,Full-CertiTwin-q90,5
2,2,5,0.0,0.0,0.6677499,0.6677499,0.9999999999985024,0.0,0.0,0.0,0.0,0.6,0,5,54159,PF,SLA-Rule-Shield,5
2,2,5,0.0,0.0,0.6677499,0.6677499,0.9999999999985024,0.0,0.0,0.0,0.0,0.6,0,5,54159,PF,Fixed-UCB-1sigma-Shield,5
2,2,5,0.0,0.0,0.6677499,0.6677499,0.9999999999985024,0.0,0.0,0.0,0.0,0.6,0,5,54159,PF,Fixed-UCB-1.64sigma-Shield,5
4,4,5,0.0,0.0,0.7566483,0.7566483,0.9999999999986784,0.0,0.0,0.0,0.0,0.6,0,5,54159,Greedy-SLA,Full-CertiTwin-q90,5
4,4,5,0.0,0.0,0.7566483,0.7566483,0.9999999999986784,0.0,0.0,0.0,0.0,0.6,0,5,54159,Greedy-SLA,SLA-Rule-Shield,5
4,4,5,0.0,0.0,0.7566483,0.7566483,0.9999999999986784,0.0,0.0,0.0,0.0,0.6,0,5,54159,Greedy-SLA,Fixed-UCB-1sigma-Shield,5
4,4,5,0.0,0.0,0.7566483,0.7566483,0.9999999999986784,0.0,0.0,0.0,0.0,0.6,0,5,54159,Greedy-SLA,Fixed-UCB-1.64sigma-Shield,5
0,2,5,1.0,0.0,0.76278657,0.6677499,0.875408569397236,1.0,21.0,0.0,0.0,0.6,0,5,54159,DT-Top1,Full-CertiTwin-q90,5
0,4,5,1.0,0.0,0.76278657,0.7566483,0.9919528341971308,1.0,57.0,0.0,0.0,0.6,0,5,54159,DT-Top1,SLA-Rule-Shield,5
0,2,5,1.0,0.0,0.76278657,0.6677499,0.875408569397236,1.0,21.0,0.0,0.0,0.6,0,5,54159,DT-Top1,Fixed-UCB-1sigma-Shield,5
0,2,5,1.0,0.0,0.76278657,0.6677499,0.875408569397236,1.0,21.0,0.0,0.0,0.6,0,5,54159,DT-Top1,Fixed-UCB-1.64sigma-Shield,5
2,2,5,0.0,0.0,0.6677499,0.6677499,0.9999999999985024,0.0,0.0,0.0,0.0,0.6,0,5,29726,PF,Full-CertiTwin-q90,5
2,2,5,0.0,0.0,0.6677499,0.6677499,0.9999999999985024,0.0,0.0,0.0,0.0,0.6,0,5,29726,PF,SLA-Rule-Shield,5
2,2,5,0.0,0.0,0.6677499,0.6677499,0.9999999999985024,0.0,0.0,0.0,0.0,0.6,0,5,29726,PF,Fixed-UCB-1sigma-Shield,5
2,2,5,0.0,0.0,0.6677499,0.6677499,0.9999999999985024,0.0,0.0,0.0,0.0,0.6,0,5,29726,PF,Fixed-UCB-1.64sigma-Shield,5
4,4,5,0.0,0.0,0.76313806,0.76313806,0.9999999999986896,0.0,0.0,0.0,0.0,0.6,0,5,29726,Greedy-SLA,Full-CertiTwin-q90,5
4,4,5,0.0,0.0,0.76313806,0.76313806,0.9999999999986896,0.0,0.0,0.0,0.0,0.6,0,5,29726,Greedy-SLA,SLA-Rule-Shield,5
4,4,5,0.0,0.0,0.76313806,0.76313806,0.9999999999986896,0.0,0.0,0.0,0.0,0.6,0,5,29726,Greedy-SLA,Fixed-UCB-1sigma-Shield,5
4,4,5,0.0,0.0,0.76313806,0.76313806,0.9999999999986896,0.0,0.0,0.0,0.0,0.6,0,5,29726,Greedy-SLA,Fixed-UCB-1.64sigma-Shield,5
0,2,5,1.0,0.0,0.76278657,0.6677499,0.875408569397236,1.0,21.0,0.0,0.0,0.6,0,5,29726,DT-Top1,Full-CertiTwin-q90,5
0,4,5,1.0,0.0,0.76278657,0.76313806,1.000460797309265,1.0,57.0,0.0,0.0,0.6,0,5,29726,DT-Top1,SLA-Rule-Shield,5
0,2,5,1.0,0.0,0.76278657,0.6677499,0.875408569397236,1.0,21.0,0.0,0.0,0.6,0,5,29726,DT-Top1,Fixed-UCB-1sigma-Shield,5
0,2,5,1.0,0.0,0.76278657,0.6677499,0.875408569397236,1.0,21.0,0.0,0.0,0.6,0,5,29726,DT-Top1,Fixed-UCB-1.64sigma-Shield,5
2,2,5,0.0,0.0,0.6677499,0.6677499,0.9999999999985024,0.0,0.0,0.0,0.0,0.6,0,5,44946,PF,Full-CertiTwin-q90,5
2,2,5,0.0,0.0,0.6677499,0.6677499,0.9999999999985024,0.0,0.0,0.0,0.0,0.6,0,5,44946,PF,SLA-Rule-Shield,5
2,2,5,0.0,0.0,0.6677499,0.6677499,0.9999999999985024,0.0,0.0,0.0,0.0,0.6,0,5,44946,PF,Fixed-UCB-1sigma-Shield,5
2,2,5,0.0,0.0,0.6677499,0.6677499,0.9999999999985024,0.0,0.0,0.0,0.0,0.6,0,5,44946,PF,Fixed-UCB-1.64sigma-Shield,5
0,2,5,1.0,0.0,0.76278657,0.6677499,0.875408569397236,1.0,21.0,0.0,0.0,0.6,0,5,44946,Greedy-SLA,Full-CertiTwin-q90,5
0,4,5,1.0,0.0,0.76278657,0.76313806,1.000460797309265,1.0,57.0,0.0,0.0,0.6,0,5,44946,Greedy-SLA,SLA-Rule-Shield,5
0,2,5,1.0,0.0,0.76278657,0.6677499,0.875408569397236,1.0,21.0,0.0,0.0,0.6,0,5,44946,Greedy-SLA,Fixed-UCB-1sigma-Shield,5
0,2,5,1.0,0.0,0.76278657,0.6677499,0.875408569397236,1.0,21.0,0.0,0.0,0.6,0,5,44946,Greedy-SLA,Fixed-UCB-1.64sigma-Shield,5
0,2,5,1.0,0.0,0.76278657,0.6677499,0.875408569397236,1.0,21.0,0.0,0.0,0.6,0,5,44946,DT-Top1,Full-CertiTwin-q90,5
0,4,5,1.0,0.0,0.76278657,0.76313806,1.000460797309265,1.0,57.0,0.0,0.0,0.6,0,5,44946,DT-Top1,SLA-Rule-Shield,5
0,2,5,1.0,0.0,0.76278657,0.6677499,0.875408569397236,1.0,21.0,0.0,0.0,0.6,0,5,44946,DT-Top1,Fixed-UCB-1sigma-Shield,5
0,2,5,1.0,0.0,0.76278657,0.6677499,0.875408569397236,1.0,21.0,0.0,0.0,0.6,0,5,44946,DT-Top1,Fixed-UCB-1.64sigma-Shield,5
2,2,5,0.0,0.0,0.6677499,0.6677499,0.9999999999985024,0.0,0.0,0.0,0.0,0.6,0,5,56690,PF,Full-CertiTwin-q90,5
2,2,5,0.0,0.0,0.6677499,0.6677499,0.9999999999985024,0.0,0.0,0.0,0.0,0.6,0,5,56690,PF,SLA-Rule-Shield,5
2,2,5,0.0,0.0,0.6677499,0.6677499,0.9999999999985024,0.0,0.0,0.0,0.0,0.6,0,5,56690,PF,Fixed-UCB-1sigma-Shield,5
2,2,5,0.0,0.0,0.6677499,0.6677499,0.9999999999985024,0.0,0.0,0.0,0.0,0.6,0,5,56690,PF,Fixed-UCB-1.64sigma-Shield,5
4,4,5,0.0,0.0,0.75664926,0.75664926,0.9999999999986784,0.0,0.0,0.0,0.0,0.6,0,5,56690,Greedy-SLA,Full-CertiTwin-q90,5
4,4,5,0.0,0.0,0.75664926,0.75664926,0.9999999999986784,0.0,0.0,0.0,0.0,0.6,0,5,56690,Greedy-SLA,SLA-Rule-Shield,5
4,4,5,0.0,0.0,0.75664926,0.75664926,0.9999999999986784,0.0,0.0,0.0,0.0,0.6,0,5,56690,Greedy-SLA,Fixed-UCB-1sigma-Shield,5
4,4,5,0.0,0.0,0.75664926,0.75664926,0.9999999999986784,0.0,0.0,0.0,0.0,0.6,0,5,56690,Greedy-SLA,Fixed-UCB-1.64sigma-Shield,5
0,2,5,1.0,0.0,0.76278657,0.6677499,0.875408569397236,1.0,21.0,0.0,0.0,0.6,0,5,56690,DT-Top1,Full-CertiTwin-q90,5
0,4,5,1.0,0.0,0.76278657,0.75664926,0.9919540927405264,1.0,57.0,0.0,0.0,0.6,0,5,56690,DT-Top1,SLA-Rule-Shield,5
0,2,5,1.0,0.0,0.76278657,0.6677499,0.875408569397236,1.0,21.0,0.0,0.0,0.6,0,5,56690,DT-Top1,Fixed-UCB-1sigma-Shield,5
0,2,5,1.0,0.0,0.76278657,0.6677499,0.875408569397236,1.0,21.0,0.0,0.0,0.6,0,5,56690,DT-Top1,Fixed-UCB-1.64sigma-Shield,5
2,2,5,0.0,0.0,0.6677499,0.6677499,0.9999999999985024,0.0,0.0,0.0,0.0,0.6,0,5,51427,PF,Full-CertiTwin-q90,5
2,2,5,0.0,0.0,0.6677499,0.6677499,0.9999999999985024,0.0,0.0,0.0,0.0,0.6,0,5,51427,PF,SLA-Rule-Shield,5
2,2,5,0.0,0.0,0.6677499,0.6677499,0.9999999999985024,0.0,0.0,0.0,0.0,0.6,0,5,51427,PF,Fixed-UCB-1sigma-Shield,5
2,2,5,0.0,0.0,0.6677499,0.6677499,0.9999999999985024,0.0,0.0,0.0,0.0,0.6,0,5,51427,PF,Fixed-UCB-1.64sigma-Shield,5
4,4,5,0.0,0.0,0.76313806,0.76313806,0.9999999999986896,0.0,0.0,0.0,0.0,0.6,0,5,51427,Greedy-SLA,Full-CertiTwin-q90,5
4,4,5,0.0,0.0,0.76313806,0.76313806,0.9999999999986896,0.0,0.0,0.0,0.0,0.6,0,5,51427,Greedy-SLA,SLA-Rule-Shield,5
4,4,5,0.0,0.0,0.76313806,0.76313806,0.9999999999986896,0.0,0.0,0.0,0.0,0.6,0,5,51427,Greedy-SLA,Fixed-UCB-1sigma-Shield,5
4,4,5,0.0,0.0,0.76313806,0.76313806,0.9999999999986896,0.0,0.0,0.0,0.0,0.6,0,5,51427,Greedy-SLA,Fixed-UCB-1.64sigma-Shield,5
0,2,5,1.0,0.0,0.76278657,0.6677499,0.875408569397236,1.0,21.0,0.0,0.0,0.6,0,5,51427,DT-Top1,Full-CertiTwin-q90,5
0,4,5,1.0,0.0,0.76278657,0.76313806,1.000460797309265,1.0,57.0,0.0,0.0,0.6,0,5,51427,DT-Top1,SLA-Rule-Shield,5
0,2,5,1.0,0.0,0.76278657,0.6677499,0.875408569397236,1.0,21.0,0.0,0.0,0.6,0,5,51427,DT-Top1,Fixed-UCB-1sigma-Shield,5
0,2,5,1.0,0.0,0.76278657,0.6677499,0.875408569397236,1.0,21.0,0.0,0.0,0.6,0,5,51427,DT-Top1,Fixed-UCB-1.64sigma-Shield,5
2,2,5,0.0,0.0,0.6677499,0.6677499,0.9999999999985024,0.0,0.0,0.0,0.0,0.6,0,5,15559,PF,Full-CertiTwin-q90,5
2,2,5,0.0,0.0,0.6677499,0.6677499,0.9999999999985024,0.0,0.0,0.0,0.0,0.6,0,5,15559,PF,SLA-Rule-Shield,5
2,2,5,0.0,0.0,0.6677499,0.6677499,0.9999999999985024,0.0,0.0,0.0,0.0,0.6,0,5,15559,PF,Fixed-UCB-1sigma-Shield,5
2,2,5,0.0,0.0,0.6677499,0.6677499,0.9999999999985024,0.0,0.0,0.0,0.0,0.6,0,5,15559,PF,Fixed-UCB-1.64sigma-Shield,5
0,2,5,1.0,0.0,0.76278657,0.6677499,0.875408569397236,1.0,21.0,0.0,0.0,0.6,0,5,15559,Greedy-SLA,Full-CertiTwin-q90,5
0,4,5,1.0,0.0,0.76278657,0.76313806,1.000460797309265,1.0,57.0,0.0,0.0,0.6,0,5,15559,Greedy-SLA,SLA-Rule-Shield,5
0,2,5,1.0,0.0,0.76278657,0.6677499,0.875408569397236,1.0,21.0,0.0,0.0,0.6,0,5,15559,Greedy-SLA,Fixed-UCB-1sigma-Shield,5
0,2,5,1.0,0.0,0.76278657,0.6677499,0.875408569397236,1.0,21.0,0.0,0.0,0.6,0,5,15559,Greedy-SLA,Fixed-UCB-1.64sigma-Shield,5
0,2,5,1.0,0.0,0.76278657,0.6677499,0.875408569397236,1.0,21.0,0.0,0.0,0.6,0,5,15559,DT-Top1,Full-CertiTwin-q90,5
0,4,5,1.0,0.0,0.76278657,0.76313806,1.000460797309265,1.0,57.0,0.0,0.0,0.6,0,5,15559,DT-Top1,SLA-Rule-Shield,5
0,2,5,1.0,0.0,0.76278657,0.6677499,0.875408569397236,1.0,21.0,0.0,0.0,0.6,0,5,15559,DT-Top1,Fixed-UCB-1sigma-Shield,5
0,2,5,1.0,0.0,0.76278657,0.6677499,0.875408569397236,1.0,21.0,0.0,0.0,0.6,0,5,15559,DT-Top1,Fixed-UCB-1.64sigma-Shield,5
2,2,5,0.0,0.0,0.6677499,0.6677499,0.9999999999985024,0.0,0.0,0.0,0.0,0.6,0,5,40891,PF,Full-CertiTwin-q90,5
2,2,5,0.0,0.0,0.6677499,0.6677499,0.9999999999985024,0.0,0.0,0.0,0.0,0.6,0,5,40891,PF,SLA-Rule-Shield,5
2,2,5,0.0,0.0,0.6677499,0.6677499,0.9999999999985024,0.0,0.0,0.0,0.0,0.6,0,5,40891,PF,Fixed-UCB-1sigma-Shield,5
2,2,5,0.0,0.0,0.6677499,0.6677499,0.9999999999985024,0.0,0.0,0.0,0.0,0.6,0,5,40891,PF,Fixed-UCB-1.64sigma-Shield,5
4,4,5,0.0,0.0,0.76313806,0.76313806,0.9999999999986896,0.0,0.0,0.0,0.0,0.6,0,5,40891,Greedy-SLA,Full-CertiTwin-q90,5
4,4,5,0.0,0.0,0.76313806,0.76313806,0.9999999999986896,0.0,0.0,0.0,0.0,0.6,0,5,40891,Greedy-SLA,SLA-Rule-Shield,5
4,4,5,0.0,0.0,0.76313806,0.76313806,0.9999999999986896,0.0,0.0,0.0,0.0,0.6,0,5,40891,Greedy-SLA,Fixed-UCB-1sigma-Shield,5
4,4,5,0.0,0.0,0.76313806,0.76313806,0.9999999999986896,0.0,0.0,0.0,0.0,0.6,0,5,40891,Greedy-SLA,Fixed-UCB-1.64sigma-Shield,5
4,4,5,0.0,0.0,0.76313806,0.76313806,0.9999999999986896,0.0,0.0,0.0,0.0,0.6,0,5,40891,DT-Top1,Full-CertiTwin-q90,5
4,4,5,0.0,0.0,0.76313806,0.76313806,0.9999999999986896,0.0,0.0,0.0,0.0,0.6,0,5,40891,DT-Top1,SLA-Rule-Shield,5
4,4,5,0.0,0.0,0.76313806,0.76313806,0.9999999999986896,0.0,0.0,0.0,0.0,0.6,0,5,40891,DT-Top1,Fixed-UCB-1sigma-Shield,5
4,4,5,0.0,0.0,0.76313806,0.76313806,0.9999999999986896,0.0,0.0,0.0,0.0,0.6,0,5,40891,DT-Top1,Fixed-UCB-1.64sigma-Shield,5
2,2,5,0.0,0.0,0.6677499,0.6677499,0.9999999999985024,0.0,0.0,0.0,0.0,0.6,0,5,50305,PF,Full-CertiTwin-q90,5
2,2,5,0.0,0.0,0.6677499,0.6677499,0.9999999999985024,0.0,0.0,0.0,0.0,0.6,0,5,50305,PF,SLA-Rule-Shield,5
2,2,5,0.0,0.0,0.6677499,0.6677499,0.9999999999985024,0.0,0.0,0.0,0.0,0.6,0,5,50305,PF,Fixed-UCB-1sigma-Shield,5
2,2,5,0.0,0.0,0.6677499,0.6677499,0.9999999999985024,0.0,0.0,0.0,0.0,0.6,0,5,50305,PF,Fixed-UCB-1.64sigma-Shield,5
4,4,5,0.0,0.0,0.7777951,0.7777951,0.9999999999987144,0.0,0.0,0.0,0.0,0.6,0,5,50305,Greedy-SLA,Full-CertiTwin-q90,5
4,4,5,0.0,0.0,0.7777951,0.7777951,0.9999999999987144,0.0,0.0,0.0,0.0,0.6,0,5,50305,Greedy-SLA,SLA-Rule-Shield,5
4,4,5,0.0,0.0,0.7777951,0.7777951,0.9999999999987144,0.0,0.0,0.0,0.0,0.6,0,5,50305,Greedy-SLA,Fixed-UCB-1sigma-Shield,5
4,4,5,0.0,0.0,0.7777951,0.7777951,0.9999999999987144,0.0,0.0,0.0,0.0,0.6,0,5,50305,Greedy-SLA,Fixed-UCB-1.64sigma-Shield,5
0,2,5,1.0,0.0,0.76278657,0.6677499,0.875408569397236,1.0,21.0,0.0,0.0,0.6,0,5,50305,DT-Top1,Full-CertiTwin-q90,5
0,4,5,1.0,0.0,0.76278657,0.7777951,1.0196759232388952,1.0,57.0,0.0,0.0,0.6,0,5,50305,DT-Top1,SLA-Rule-Shield,5
0,2,5,1.0,0.0,0.76278657,0.6677499,0.875408569397236,1.0,21.0,0.0,0.0,0.6,0,5,50305,DT-Top1,Fixed-UCB-1sigma-Shield,5
0,2,5,1.0,0.0,0.76278657,0.6677499,0.875408569397236,1.0,21.0,0.0,0.0,0.6,0,5,50305,DT-Top1,Fixed-UCB-1.64sigma-Shield,5
2,2,5,0.0,0.0,0.6677499,0.6677499,0.9999999999985024,0.0,0.0,0.0,0.0,0.6,0,5,38614,PF,Full-CertiTwin-q90,5
2,2,5,0.0,0.0,0.6677499,0.6677499,0.9999999999985024,0.0,0.0,0.0,0.0,0.6,0,5,38614,PF,SLA-Rule-Shield,5
2,2,5,0.0,0.0,0.6677499,0.6677499,0.9999999999985024,0.0,0.0,0.0,0.0,0.6,0,5,38614,PF,Fixed-UCB-1sigma-Shield,5
2,2,5,0.0,0.0,0.6677499,0.6677499,0.9999999999985024,0.0,0.0,0.0,0.0,0.6,0,5,38614,PF,Fixed-UCB-1.64sigma-Shield,5
4,4,5,0.0,0.0,0.76313806,0.76313806,0.9999999999986896,0.0,0.0,0.0,0.0,0.6,0,5,38614,Greedy-SLA,Full-CertiTwin-q90,5
4,4,5,0.0,0.0,0.76313806,0.76313806,0.9999999999986896,0.0,0.0,0.0,0.0,0.6,0,5,38614,Greedy-SLA,SLA-Rule-Shield,5
4,4,5,0.0,0.0,0.76313806,0.76313806,0.9999999999986896,0.0,0.0,0.0,0.0,0.6,0,5,38614,Greedy-SLA,Fixed-UCB-1sigma-Shield,5
4,4,5,0.0,0.0,0.76313806,0.76313806,0.9999999999986896,0.0,0.0,0.0,0.0,0.6,0,5,38614,Greedy-SLA,Fixed-UCB-1.64sigma-Shield,5
0,2,5,1.0,0.0,0.77741534,0.6677499,0.8589358424534574,1.0,21.0,0.0,0.0,0.6,0,5,38614,DT-Top1,Full-CertiTwin-q90,5
0,4,5,1.0,0.0,0.77741534,0.76313806,0.981634939180668,1.0,57.0,0.0,0.0,0.6,0,5,38614,DT-Top1,SLA-Rule-Shield,5
0,2,5,1.0,0.0,0.77741534,0.6677499,0.8589358424534574,1.0,21.0,0.0,0.0,0.6,0,5,38614,DT-Top1,Fixed-UCB-1sigma-Shield,5
0,2,5,1.0,0.0,0.77741534,0.6677499,0.8589358424534574,1.0,21.0,0.0,0.0,0.6,0,5,38614,DT-Top1,Fixed-UCB-1.64sigma-Shield,5
2,2,5,0.0,0.0,0.6677499,0.6677499,0.9999999999985024,0.0,0.0,0.0,0.0,0.6,0,5,55560,PF,Full-CertiTwin-q90,5
2,2,5,0.0,0.0,0.6677499,0.6677499,0.9999999999985024,0.0,0.0,0.0,0.0,0.6,0,5,55560,PF,SLA-Rule-Shield,5
2,2,5,0.0,0.0,0.6677499,0.6677499,0.9999999999985024,0.0,0.0,0.0,0.0,0.6,0,5,55560,PF,Fixed-UCB-1sigma-Shield,5
2,2,5,0.0,0.0,0.6677499,0.6677499,0.9999999999985024,0.0,0.0,0.0,0.0,0.6,0,5,55560,PF,Fixed-UCB-1.64sigma-Shield,5
4,4,5,0.0,0.0,0.7526786,0.7526786,0.9999999999986714,0.0,0.0,0.0,0.0,0.6,0,5,55560,Greedy-SLA,Full-CertiTwin-q90,5
4,4,5,0.0,0.0,0.7526786,0.7526786,0.9999999999986714,0.0,0.0,0.0,0.0,0.6,0,5,55560,Greedy-SLA,SLA-Rule-Shield,5
4,4,5,0.0,0.0,0.7526786,0.7526786,0.9999999999986714,0.0,0.0,0.0,0.0,0.6,0,5,55560,Greedy-SLA,Fixed-UCB-1sigma-Shield,5
4,4,5,0.0,0.0,0.7526786,0.7526786,0.9999999999986714,0.0,0.0,0.0,0.0,0.6,0,5,55560,Greedy-SLA,Fixed-UCB-1.64sigma-Shield,5
0,2,5,1.0,0.0,0.76278657,0.6677499,0.875408569397236,1.0,21.0,0.0,0.0,0.6,0,5,55560,DT-Top1,Full-CertiTwin-q90,5
0,4,5,1.0,0.0,0.76278657,0.7526786,0.9867486261576592,1.0,57.0,0.0,0.0,0.6,0,5,55560,DT-Top1,SLA-Rule-Shield,5
0,2,5,1.0,0.0,0.76278657,0.6677499,0.875408569397236,1.0,21.0,0.0,0.0,0.6,0,5,55560,DT-Top1,Fixed-UCB-1sigma-Shield,5
0,2,5,1.0,0.0,0.76278657,0.6677499,0.875408569397236,1.0,21.0,0.0,0.0,0.6,0,5,55560,DT-Top1,Fixed-UCB-1.64sigma-Shield,5
2,2,5,0.0,0.0,0.65129316,0.65129316,0.9999999999984648,0.0,0.0,0.0,0.0,0.6,0,5,28846,PF,Full-CertiTwin-q90,5
2,2,5,0.0,0.0,0.65129316,0.65129316,0.9999999999984648,0.0,0.0,0.0,0.0,0.6,0,5,28846,PF,SLA-Rule-Shield,5
2,2,5,0.0,0.0,0.65129316,0.65129316,0.9999999999984648,0.0,0.0,0.0,0.0,0.6,0,5,28846,PF,Fixed-UCB-1sigma-Shield,5
2,2,5,0.0,0.0,0.65129316,0.65129316,0.9999999999984648,0.0,0.0,0.0,0.0,0.6,0,5,28846,PF,Fixed-UCB-1.64sigma-Shield,5
4,4,5,0.0,0.0,0.76313806,0.76313806,0.9999999999986896,0.0,0.0,0.0,0.0,0.6,0,5,28846,Greedy-SLA,Full-CertiTwin-q90,5
4,4,5,0.0,0.0,0.76313806,0.76313806,0.9999999999986896,0.0,0.0,0.0,0.0,0.6,0,5,28846,Greedy-SLA,SLA-Rule-Shield,5
4,4,5,0.0,0.0,0.76313806,0.76313806,0.9999999999986896,0.0,0.0,0.0,0.0,0.6,0,5,28846,Greedy-SLA,Fixed-UCB-1sigma-Shield,5
4,4,5,0.0,0.0,0.76313806,0.76313806,0.9999999999986896,0.0,0.0,0.0,0.0,0.6,0,5,28846,Greedy-SLA,Fixed-UCB-1.64sigma-Shield,5
0,2,5,1.0,0.0,0.76278657,0.65129316,0.8538340678954877,1.0,21.0,0.0,0.0,0.6,0,5,28846,DT-Top1,Full-CertiTwin-q90,5
0,4,5,1.0,0.0,0.76278657,0.76313806,1.000460797309265,1.0,57.0,0.0,0.0,0.6,0,5,28846,DT-Top1,SLA-Rule-Shield,5
0,2,5,1.0,0.0,0.76278657,0.65129316,0.8538340678954877,1.0,21.0,0.0,0.0,0.6,0,5,28846,DT-Top1,Fixed-UCB-1sigma-Shield,5
0,2,5,1.0,0.0,0.76278657,0.65129316,0.8538340678954877,1.0,21.0,0.0,0.0,0.6,0,5,28846,DT-Top1,Fixed-UCB-1.64sigma-Shield,5
2,2,5,0.0,0.0,0.6677499,0.6677499,0.9999999999985024,0.0,0.0,0.0,0.0,0.6,0,5,10620,PF,Full-CertiTwin-q90,5
2,2,5,0.0,0.0,0.6677499,0.6677499,0.9999999999985024,0.0,0.0,0.0,0.0,0.6,0,5,10620,PF,SLA-Rule-Shield,5
2,2,5,0.0,0.0,0.6677499,0.6677499,0.9999999999985024,0.0,0.0,0.0,0.0,0.6,0,5,10620,PF,Fixed-UCB-1sigma-Shield,5
2,2,5,0.0,0.0,0.6677499,0.6677499,0.9999999999985024,0.0,0.0,0.0,0.0,0.6,0,5,10620,PF,Fixed-UCB-1.64sigma-Shield,5
4,4,5,0.0,0.0,0.76313806,0.76313806,0.9999999999986896,0.0,0.0,0.0,0.0,0.6,0,5,10620,Greedy-SLA,Full-CertiTwin-q90,5
4,4,5,0.0,0.0,0.76313806,0.76313806,0.9999999999986896,0.0,0.0,0.0,0.0,0.6,0,5,10620,Greedy-SLA,SLA-Rule-Shield,5
4,4,5,0.0,0.0,0.76313806,0.76313806,0.9999999999986896,0.0,0.0,0.0,0.0,0.6,0,5,10620,Greedy-SLA,Fixed-UCB-1sigma-Shield,5
4,4,5,0.0,0.0,0.76313806,0.76313806,0.9999999999986896,0.0,0.0,0.0,0.0,0.6,0,5,10620,Greedy-SLA,Fixed-UCB-1.64sigma-Shield,5
0,2,5,1.0,0.0,0.7592471,0.6677499,0.8794895627512053,1.0,21.0,0.0,0.0,0.6,0,5,10620,DT-Top1,Full-CertiTwin-q90,5
0,4,5,1.0,0.0,0.7592471,0.76313806,1.0051247610942404,1.0,57.0,0.0,0.0,0.6,0,5,10620,DT-Top1,SLA-Rule-Shield,5
0,2,5,1.0,0.0,0.7592471,0.6677499,0.8794895627512053,1.0,21.0,0.0,0.0,0.6,0,5,10620,DT-Top1,Fixed-UCB-1sigma-Shield,5
0,2,5,1.0,0.0,0.7592471,0.6677499,0.8794895627512053,1.0,21.0,0.0,0.0,0.6,0,5,10620,DT-Top1,Fixed-UCB-1.64sigma-Shield,5
2,2,5,0.0,0.0,0.6677499,0.6677499,0.9999999999985024,0.0,0.0,0.0,0.0,0.6,0,5,58049,PF,Full-CertiTwin-q90,5
2,2,5,0.0,0.0,0.6677499,0.6677499,0.9999999999985024,0.0,0.0,0.0,0.0,0.6,0,5,58049,PF,SLA-Rule-Shield,5
2,2,5,0.0,0.0,0.6677499,0.6677499,0.9999999999985024,0.0,0.0,0.0,0.0,0.6,0,5,58049,PF,Fixed-UCB-1sigma-Shield,5
2,2,5,0.0,0.0,0.6677499,0.6677499,0.9999999999985024,0.0,0.0,0.0,0.0,0.6,0,5,58049,PF,Fixed-UCB-1.64sigma-Shield,5
4,4,5,0.0,0.0,0.76313806,0.76313806,0.9999999999986896,0.0,0.0,0.0,0.0,0.6,0,5,58049,Greedy-SLA,Full-CertiTwin-q90,5
4,4,5,0.0,0.0,0.76313806,0.76313806,0.9999999999986896,0.0,0.0,0.0,0.0,0.6,0,5,58049,Greedy-SLA,SLA-Rule-Shield,5
4,4,5,0.0,0.0,0.76313806,0.76313806,0.9999999999986896,0.0,0.0,0.0,0.0,0.6,0,5,58049,Greedy-SLA,Fixed-UCB-1sigma-Shield,5
4,4,5,0.0,0.0,0.76313806,0.76313806,0.9999999999986896,0.0,0.0,0.0,0.0,0.6,0,5,58049,Greedy-SLA,Fixed-UCB-1.64sigma-Shield,5
4,4,5,0.0,0.0,0.76313806,0.76313806,0.9999999999986896,0.0,0.0,0.0,0.0,0.6,0,5,58049,DT-Top1,Full-CertiTwin-q90,5
4,4,5,0.0,0.0,0.76313806,0.76313806,0.9999999999986896,0.0,0.0,0.0,0.0,0.6,0,5,58049,DT-Top1,SLA-Rule-Shield,5
4,4,5,0.0,0.0,0.76313806,0.76313806,0.9999999999986896,0.0,0.0,0.0,0.0,0.6,0,5,58049,DT-Top1,Fixed-UCB-1sigma-Shield,5
4,4,5,0.0,0.0,0.76313806,0.76313806,0.9999999999986896,0.0,0.0,0.0,0.0,0.6,0,5,58049,DT-Top1,Fixed-UCB-1.64sigma-Shield,5
2,2,5,0.0,0.0,0.6682329,0.6682329,0.9999999999985036,0.0,0.0,0.0,0.0,0.6,0,5,29544,PF,Full-CertiTwin-q90,5
2,2,5,0.0,0.0,0.6682329,0.6682329,0.9999999999985036,0.0,0.0,0.0,0.0,0.6,0,5,29544,PF,SLA-Rule-Shield,5
2,2,5,0.0,0.0,0.6682329,0.6682329,0.9999999999985036,0.0,0.0,0.0,0.0,0.6,0,5,29544,PF,Fixed-UCB-1sigma-Shield,5
2,2,5,0.0,0.0,0.6682329,0.6682329,0.9999999999985036,0.0,0.0,0.0,0.0,0.6,0,5,29544,PF,Fixed-UCB-1.64sigma-Shield,5
4,4,5,0.0,0.0,0.76313806,0.76313806,0.9999999999986896,0.0,0.0,0.0,0.0,0.6,0,5,29544,Greedy-SLA,Full-CertiTwin-q90,5
4,4,5,0.0,0.0,0.76313806,0.76313806,0.9999999999986896,0.0,0.0,0.0,0.0,0.6,0,5,29544,Greedy-SLA,SLA-Rule-Shield,5
4,4,5,0.0,0.0,0.76313806,0.76313806,0.9999999999986896,0.0,0.0,0.0,0.0,0.6,0,5,29544,Greedy-SLA,Fixed-UCB-1sigma-Shield,5
4,4,5,0.0,0.0,0.76313806,0.76313806,0.9999999999986896,0.0,0.0,0.0,0.0,0.6,0,5,29544,Greedy-SLA,Fixed-UCB-1.64sigma-Shield,5
4,4,5,0.0,0.0,0.76313806,0.76313806,0.9999999999986896,0.0,0.0,0.0,0.0,0.6,0,5,29544,DT-Top1,Full-CertiTwin-q90,5
4,4,5,0.0,0.0,0.76313806,0.76313806,0.9999999999986896,0.0,0.0,0.0,0.0,0.6,0,5,29544,DT-Top1,SLA-Rule-Shield,5
4,4,5,0.0,0.0,0.76313806,0.76313806,0.9999999999986896,0.0,0.0,0.0,0.0,0.6,0,5,29544,DT-Top1,Fixed-UCB-1sigma-Shield,5
4,4,5,0.0,0.0,0.76313806,0.76313806,0.9999999999986896,0.0,0.0,0.0,0.0,0.6,0,5,29544,DT-Top1,Fixed-UCB-1.64sigma-Shield,5
2,2,5,0.0,0.0,0.6677499,0.6677499,0.9999999999985024,0.0,0.0,0.0,0.0,0.6,0,5,47195,PF,Full-CertiTwin-q90,5
2,2,5,0.0,0.0,0.6677499,0.6677499,0.9999999999985024,0.0,0.0,0.0,0.0,0.6,0,5,47195,PF,SLA-Rule-Shield,5
2,2,5,0.0,0.0,0.6677499,0.6677499,0.9999999999985024,0.0,0.0,0.0,0.0,0.6,0,5,47195,PF,Fixed-UCB-1sigma-Shield,5
2,2,5,0.0,0.0,0.6677499,0.6677499,0.9999999999985024,0.0,0.0,0.0,0.0,0.6,0,5,47195,PF,Fixed-UCB-1.64sigma-Shield,5
4,4,5,0.0,0.0,0.76313806,0.76313806,0.9999999999986896,0.0,0.0,0.0,0.0,0.6,0,5,47195,Greedy-SLA,Full-CertiTwin-q90,5
4,4,5,0.0,0.0,0.76313806,0.76313806,0.9999999999986896,0.0,0.0,0.0,0.0,0.6,0,5,47195,Greedy-SLA,SLA-Rule-Shield,5
4,4,5,0.0,0.0,0.76313806,0.76313806,0.9999999999986896,0.0,0.0,0.0,0.0,0.6,0,5,47195,Greedy-SLA,Fixed-UCB-1sigma-Shield,5
4,4,5,0.0,0.0,0.76313806,0.76313806,0.9999999999986896,0.0,0.0,0.0,0.0,0.6,0,5,47195,Greedy-SLA,Fixed-UCB-1.64sigma-Shield,5
0,2,5,1.0,0.0,0.77741534,0.6677499,0.8589358424534574,1.0,21.0,0.0,0.0,0.6,0,5,47195,DT-Top1,Full-CertiTwin-q90,5
0,0,5,1.0,1.0,0.77741534,0.77741534,0.9999999999987136,0.0,0.0,0.0,1.0,0.6,0,5,47195,DT-Top1,SLA-Rule-Shield,5
0,2,5,1.0,0.0,0.77741534,0.6677499,0.8589358424534574,1.0,21.0,0.0,0.0,0.6,0,5,47195,DT-Top1,Fixed-UCB-1sigma-Shield,5
0,2,5,1.0,0.0,0.77741534,0.6677499,0.8589358424534574,1.0,21.0,0.0,0.0,0.6,0,5,47195,DT-Top1,Fixed-UCB-1.64sigma-Shield,5
2,2,5,0.0,0.0,0.6677499,0.6677499,0.9999999999985024,0.0,0.0,0.0,0.0,0.6,0,5,7065,PF,Full-CertiTwin-q90,5
2,2,5,0.0,0.0,0.6677499,0.6677499,0.9999999999985024,0.0,0.0,0.0,0.0,0.6,0,5,7065,PF,SLA-Rule-Shield,5
2,2,5,0.0,0.0,0.6677499,0.6677499,0.9999999999985024,0.0,0.0,0.0,0.0,0.6,0,5,7065,PF,Fixed-UCB-1sigma-Shield,5
2,2,5,0.0,0.0,0.6677499,0.6677499,0.9999999999985024,0.0,0.0,0.0,0.0,0.6,0,5,7065,PF,Fixed-UCB-1.64sigma-Shield,5
4,4,5,0.0,0.0,0.76313806,0.76313806,0.9999999999986896,0.0,0.0,0.0,0.0,0.6,0,5,7065,Greedy-SLA,Full-CertiTwin-q90,5
4,4,5,0.0,0.0,0.76313806,0.76313806,0.9999999999986896,0.0,0.0,0.0,0.0,0.6,0,5,7065,Greedy-SLA,SLA-Rule-Shield,5
4,4,5,0.0,0.0,0.76313806,0.76313806,0.9999999999986896,0.0,0.0,0.0,0.0,0.6,0,5,7065,Greedy-SLA,Fixed-UCB-1sigma-Shield,5
4,4,5,0.0,0.0,0.76313806,0.76313806,0.9999999999986896,0.0,0.0,0.0,0.0,0.6,0,5,7065,Greedy-SLA,Fixed-UCB-1.64sigma-Shield,5
0,2,5,1.0,0.0,0.77741534,0.6677499,0.8589358424534574,1.0,21.0,0.0,0.0,0.6,0,5,7065,DT-Top1,Full-CertiTwin-q90,5
0,4,5,1.0,0.0,0.77741534,0.76313806,0.981634939180668,1.0,57.0,0.0,0.0,0.6,0,5,7065,DT-Top1,SLA-Rule-Shield,5
0,2,5,1.0,0.0,0.77741534,0.6677499,0.8589358424534574,1.0,21.0,0.0,0.0,0.6,0,5,7065,DT-Top1,Fixed-UCB-1sigma-Shield,5
0,2,5,1.0,0.0,0.77741534,0.6677499,0.8589358424534574,1.0,21.0,0.0,0.0,0.6,0,5,7065,DT-Top1,Fixed-UCB-1.64sigma-Shield,5
2,2,5,0.0,0.0,0.6677499,0.6677499,0.9999999999985024,0.0,0.0,0.0,0.0,0.6,0,5,57996,PF,Full-CertiTwin-q90,5
2,2,5,0.0,0.0,0.6677499,0.6677499,0.9999999999985024,0.0,0.0,0.0,0.0,0.6,0,5,57996,PF,SLA-Rule-Shield,5
2,2,5,0.0,0.0,0.6677499,0.6677499,0.9999999999985024,0.0,0.0,0.0,0.0,0.6,0,5,57996,PF,Fixed-UCB-1sigma-Shield,5
2,3,5,0.0,0.0,0.6677499,0.72676647,1.0883812487263744,1.0,18.0,0.0,0.0,0.6,0,5,57996,PF,Fixed-UCB-1.64sigma-Shield,5
0,2,5,1.0,0.0,0.76278657,0.6677499,0.875408569397236,1.0,21.0,0.0,0.0,0.6,0,5,57996,Greedy-SLA,Full-CertiTwin-q90,5
0,4,5,1.0,0.0,0.76278657,0.78614604,1.0306238611397804,1.0,57.0,0.0,0.0,0.6,0,5,57996,Greedy-SLA,SLA-Rule-Shield,5
0,2,5,1.0,0.0,0.76278657,0.6677499,0.875408569397236,1.0,21.0,0.0,0.0,0.6,0,5,57996,Greedy-SLA,Fixed-UCB-1sigma-Shield,5
0,3,5,1.0,0.0,0.76278657,0.72676647,0.9527782719077597,1.0,39.0,0.0,0.0,0.6,0,5,57996,Greedy-SLA,Fixed-UCB-1.64sigma-Shield,5
0,2,5,1.0,0.0,0.76278657,0.6677499,0.875408569397236,1.0,21.0,0.0,0.0,0.6,0,5,57996,DT-Top1,Full-CertiTwin-q90,5
0,4,5,1.0,0.0,0.76278657,0.78614604,1.0306238611397804,1.0,57.0,0.0,0.0,0.6,0,5,57996,DT-Top1,SLA-Rule-Shield,5
0,2,5,1.0,0.0,0.76278657,0.6677499,0.875408569397236,1.0,21.0,0.0,0.0,0.6,0,5,57996,DT-Top1,Fixed-UCB-1sigma-Shield,5
0,3,5,1.0,0.0,0.76278657,0.72676647,0.9527782719077597,1.0,39.0,0.0,0.0,0.6,0,5,57996,DT-Top1,Fixed-UCB-1.64sigma-Shield,5
2,2,5,0.0,0.0,0.6677499,0.6677499,0.9999999999985024,0.0,0.0,0.0,0.0,0.6,0,5,4053,PF,Full-CertiTwin-q90,5
2,2,5,0.0,0.0,0.6677499,0.6677499,0.9999999999985024,0.0,0.0,0.0,0.0,0.6,0,5,4053,PF,SLA-Rule-Shield,5
2,2,5,0.0,0.0,0.6677499,0.6677499,0.9999999999985024,0.0,0.0,0.0,0.0,0.6,0,5,4053,PF,Fixed-UCB-1sigma-Shield,5
2,2,5,0.0,0.0,0.6677499,0.6677499,0.9999999999985024,0.0,0.0,0.0,0.0,0.6,0,5,4053,PF,Fixed-UCB-1.64sigma-Shield,5
4,4,5,0.0,0.0,0.76313806,0.76313806,0.9999999999986896,0.0,0.0,0.0,0.0,0.6,0,5,4053,Greedy-SLA,Full-CertiTwin-q90,5
4,4,5,0.0,0.0,0.76313806,0.76313806,0.9999999999986896,0.0,0.0,0.0,0.0,0.6,0,5,4053,Greedy-SLA,SLA-Rule-Shield,5
4,4,5,0.0,0.0,0.76313806,0.76313806,0.9999999999986896,0.0,0.0,0.0,0.0,0.6,0,5,4053,Greedy-SLA,Fixed-UCB-1sigma-Shield,5
4,4,5,0.0,0.0,0.76313806,0.76313806,0.9999999999986896,0.0,0.0,0.0,0.0,0.6,0,5,4053,Greedy-SLA,Fixed-UCB-1.64sigma-Shield,5
0,2,5,1.0,0.0,0.77741534,0.6677499,0.8589358424534574,1.0,21.0,0.0,0.0,0.6,0,5,4053,DT-Top1,Full-CertiTwin-q90,5
0,4,5,1.0,0.0,0.77741534,0.76313806,0.981634939180668,1.0,57.0,0.0,0.0,0.6,0,5,4053,DT-Top1,SLA-Rule-Shield,5
0,2,5,1.0,0.0,0.77741534,0.6677499,0.8589358424534574,1.0,21.0,0.0,0.0,0.6,0,5,4053,DT-Top1,Fixed-UCB-1sigma-Shield,5
0,2,5,1.0,0.0,0.77741534,0.6677499,0.8589358424534574,1.0,21.0,0.0,0.0,0.6,0,5,4053,DT-Top1,Fixed-UCB-1.64sigma-Shield,5
2,2,5,0.0,0.0,0.6677499,0.6677499,0.9999999999985024,0.0,0.0,0.0,0.0,0.6,0,5,37238,PF,Full-CertiTwin-q90,5
2,2,5,0.0,0.0,0.6677499,0.6677499,0.9999999999985024,0.0,0.0,0.0,0.0,0.6,0,5,37238,PF,SLA-Rule-Shield,5
2,2,5,0.0,0.0,0.6677499,0.6677499,0.9999999999985024,0.0,0.0,0.0,0.0,0.6,0,5,37238,PF,Fixed-UCB-1sigma-Shield,5
2,2,5,0.0,0.0,0.6677499,0.6677499,0.9999999999985024,0.0,0.0,0.0,0.0,0.6,0,5,37238,PF,Fixed-UCB-1.64sigma-Shield,5
4,4,5,0.0,0.0,0.7566483,0.7566483,0.9999999999986784,0.0,0.0,0.0,0.0,0.6,0,5,37238,Greedy-SLA,Full-CertiTwin-q90,5
4,4,5,0.0,0.0,0.7566483,0.7566483,0.9999999999986784,0.0,0.0,0.0,0.0,0.6,0,5,37238,Greedy-SLA,SLA-Rule-Shield,5
4,4,5,0.0,0.0,0.7566483,0.7566483,0.9999999999986784,0.0,0.0,0.0,0.0,0.6,0,5,37238,Greedy-SLA,Fixed-UCB-1sigma-Shield,5
4,4,5,0.0,0.0,0.7566483,0.7566483,0.9999999999986784,0.0,0.0,0.0,0.0,0.6,0,5,37238,Greedy-SLA,Fixed-UCB-1.64sigma-Shield,5
0,2,5,1.0,0.0,0.76278657,0.6677499,0.875408569397236,1.0,21.0,0.0,0.0,0.6,0,5,37238,DT-Top1,Full-CertiTwin-q90,5
0,4,5,1.0,0.0,0.76278657,0.7566483,0.9919528341971308,1.0,57.0,0.0,0.0,0.6,0,5,37238,DT-Top1,SLA-Rule-Shield,5
0,2,5,1.0,0.0,0.76278657,0.6677499,0.875408569397236,1.0,21.0,0.0,0.0,0.6,0,5,37238,DT-Top1,Fixed-UCB-1sigma-Shield,5
0,2,5,1.0,0.0,0.76278657,0.6677499,0.875408569397236,1.0,21.0,0.0,0.0,0.6,0,5,37238,DT-Top1,Fixed-UCB-1.64sigma-Shield,5
2,2,5,0.0,0.0,0.6677499,0.6677499,0.9999999999985024,0.0,0.0,0.0,0.0,0.6,0,5,33765,PF,Full-CertiTwin-q90,5
2,2,5,0.0,0.0,0.6677499,0.6677499,0.9999999999985024,0.0,0.0,0.0,0.0,0.6,0,5,33765,PF,SLA-Rule-Shield,5
2,2,5,0.0,0.0,0.6677499,0.6677499,0.9999999999985024,0.0,0.0,0.0,0.0,0.6,0,5,33765,PF,Fixed-UCB-1sigma-Shield,5
2,2,5,0.0,0.0,0.6677499,0.6677499,0.9999999999985024,0.0,0.0,0.0,0.0,0.6,0,5,33765,PF,Fixed-UCB-1.64sigma-Shield,5
4,4,5,0.0,0.0,0.76313806,0.76313806,0.9999999999986896,0.0,0.0,0.0,0.0,0.6,0,5,33765,Greedy-SLA,Full-CertiTwin-q90,5
4,4,5,0.0,0.0,0.76313806,0.76313806,0.9999999999986896,0.0,0.0,0.0,0.0,0.6,0,5,33765,Greedy-SLA,SLA-Rule-Shield,5
4,4,5,0.0,0.0,0.76313806,0.76313806,0.9999999999986896,0.0,0.0,0.0,0.0,0.6,0,5,33765,Greedy-SLA,Fixed-UCB-1sigma-Shield,5
4,4,5,0.0,0.0,0.76313806,0.76313806,0.9999999999986896,0.0,0.0,0.0,0.0,0.6,0,5,33765,Greedy-SLA,Fixed-UCB-1.64sigma-Shield,5
0,2,5,1.0,0.0,0.76278657,0.6677499,0.875408569397236,1.0,21.0,0.0,0.0,0.6,0,5,33765,DT-Top1,Full-CertiTwin-q90,5
0,4,5,1.0,0.0,0.76278657,0.76313806,1.000460797309265,1.0,57.0,0.0,0.0,0.6,0,5,33765,DT-Top1,SLA-Rule-Shield,5
0,2,5,1.0,0.0,0.76278657,0.6677499,0.875408569397236,1.0,21.0,0.0,0.0,0.6,0,5,33765,DT-Top1,Fixed-UCB-1sigma-Shield,5
0,2,5,1.0,0.0,0.76278657,0.6677499,0.875408569397236,1.0,21.0,0.0,0.0,0.6,0,5,33765,DT-Top1,Fixed-UCB-1.64sigma-Shield,5
2,2,5,0.0,0.0,0.6677499,0.6677499,0.9999999999985024,0.0,0.0,0.0,0.0,0.6,0,5,23240,PF,Full-CertiTwin-q90,5
2,2,5,0.0,0.0,0.6677499,0.6677499,0.9999999999985024,0.0,0.0,0.0,0.0,0.6,0,5,23240,PF,SLA-Rule-Shield,5
2,2,5,0.0,0.0,0.6677499,0.6677499,0.9999999999985024,0.0,0.0,0.0,0.0,0.6,0,5,23240,PF,Fixed-UCB-1sigma-Shield,5
2,2,5,0.0,0.0,0.6677499,0.6677499,0.9999999999985024,0.0,0.0,0.0,0.0,0.6,0,5,23240,PF,Fixed-UCB-1.64sigma-Shield,5
4,4,5,0.0,0.0,0.7566483,0.7566483,0.9999999999986784,0.0,0.0,0.0,0.0,0.6,0,5,23240,Greedy-SLA,Full-CertiTwin-q90,5
4,4,5,0.0,0.0,0.7566483,0.7566483,0.9999999999986784,0.0,0.0,0.0,0.0,0.6,0,5,23240,Greedy-SLA,SLA-Rule-Shield,5
4,4,5,0.0,0.0,0.7566483,0.7566483,0.9999999999986784,0.0,0.0,0.0,0.0,0.6,0,5,23240,Greedy-SLA,Fixed-UCB-1sigma-Shield,5
4,4,5,0.0,0.0,0.7566483,0.7566483,0.9999999999986784,0.0,0.0,0.0,0.0,0.6,0,5,23240,Greedy-SLA,Fixed-UCB-1.64sigma-Shield,5
0,2,5,1.0,0.0,0.76278657,0.6677499,0.875408569397236,1.0,21.0,0.0,0.0,0.6,0,5,23240,DT-Top1,Full-CertiTwin-q90,5
0,4,5,1.0,0.0,0.76278657,0.7566483,0.9919528341971308,1.0,57.0,0.0,0.0,0.6,0,5,23240,DT-Top1,SLA-Rule-Shield,5
0,2,5,1.0,0.0,0.76278657,0.6677499,0.875408569397236,1.0,21.0,0.0,0.0,0.6,0,5,23240,DT-Top1,Fixed-UCB-1sigma-Shield,5
0,2,5,1.0,0.0,0.76278657,0.6677499,0.875408569397236,1.0,21.0,0.0,0.0,0.6,0,5,23240,DT-Top1,Fixed-UCB-1.64sigma-Shield,5
2,2,5,0.0,0.0,0.6677499,0.6677499,0.9999999999985024,0.0,0.0,0.0,0.0,0.6,0,5,35699,PF,Full-CertiTwin-q90,5
2,2,5,0.0,0.0,0.6677499,0.6677499,0.9999999999985024,0.0,0.0,0.0,0.0,0.6,0,5,35699,PF,SLA-Rule-Shield,5
2,2,5,0.0,0.0,0.6677499,0.6677499,0.9999999999985024,0.0,0.0,0.0,0.0,0.6,0,5,35699,PF,Fixed-UCB-1sigma-Shield,5
2,2,5,0.0,0.0,0.6677499,0.6677499,0.9999999999985024,0.0,0.0,0.0,0.0,0.6,0,5,35699,PF,Fixed-UCB-1.64sigma-Shield,5
4,4,5,0.0,0.0,0.76313806,0.76313806,0.9999999999986896,0.0,0.0,0.0,0.0,0.6,0,5,35699,Greedy-SLA,Full-CertiTwin-q90,5
4,4,5,0.0,0.0,0.76313806,0.76313806,0.9999999999986896,0.0,0.0,0.0,0.0,0.6,0,5,35699,Greedy-SLA,SLA-Rule-Shield,5
4,4,5,0.0,0.0,0.76313806,0.76313806,0.9999999999986896,0.0,0.0,0.0,0.0,0.6,0,5,35699,Greedy-SLA,Fixed-UCB-1sigma-Shield,5
4,4,5,0.0,0.0,0.76313806,0.76313806,0.9999999999986896,0.0,0.0,0.0,0.0,0.6,0,5,35699,Greedy-SLA,Fixed-UCB-1.64sigma-Shield,5
4,4,5,0.0,0.0,0.76313806,0.76313806,0.9999999999986896,0.0,0.0,0.0,0.0,0.6,0,5,35699,DT-Top1,Full-CertiTwin-q90,5
4,4,5,0.0,0.0,0.76313806,0.76313806,0.9999999999986896,0.0,0.0,0.0,0.0,0.6,0,5,35699,DT-Top1,SLA-Rule-Shield,5
4,4,5,0.0,0.0,0.76313806,0.76313806,0.9999999999986896,0.0,0.0,0.0,0.0,0.6,0,5,35699,DT-Top1,Fixed-UCB-1sigma-Shield,5
4,4,5,0.0,0.0,0.76313806,0.76313806,0.9999999999986896,0.0,0.0,0.0,0.0,0.6,0,5,35699,DT-Top1,Fixed-UCB-1.64sigma-Shield,5
2,2,5,0.0,0.0,0.65129316,0.65129316,0.9999999999984648,0.0,0.0,0.0,0.0,0.6,0,5,5785,PF,Full-CertiTwin-q90,5
2,2,5,0.0,0.0,0.65129316,0.65129316,0.9999999999984648,0.0,0.0,0.0,0.0,0.6,0,5,5785,PF,SLA-Rule-Shield,5
2,2,5,0.0,0.0,0.65129316,0.65129316,0.9999999999984648,0.0,0.0,0.0,0.0,0.6,0,5,5785,PF,Fixed-UCB-1sigma-Shield,5
2,2,5,0.0,0.0,0.65129316,0.65129316,0.9999999999984648,0.0,0.0,0.0,0.0,0.6,0,5,5785,PF,Fixed-UCB-1.64sigma-Shield,5
4,4,5,0.0,0.0,0.76313806,0.76313806,0.9999999999986896,0.0,0.0,0.0,0.0,0.6,0,5,5785,Greedy-SLA,Full-CertiTwin-q90,5
4,4,5,0.0,0.0,0.76313806,0.76313806,0.9999999999986896,0.0,0.0,0.0,0.0,0.6,0,5,5785,Greedy-SLA,SLA-Rule-Shield,5
4,4,5,0.0,0.0,0.76313806,0.76313806,0.9999999999986896,0.0,0.0,0.0,0.0,0.6,0,5,5785,Greedy-SLA,Fixed-UCB-1sigma-Shield,5
4,4,5,0.0,0.0,0.76313806,0.76313806,0.9999999999986896,0.0,0.0,0.0,0.0,0.6,0,5,5785,Greedy-SLA,Fixed-UCB-1.64sigma-Shield,5
4,4,5,0.0,0.0,0.76313806,0.76313806,0.9999999999986896,0.0,0.0,0.0,0.0,0.6,0,5,5785,DT-Top1,Full-CertiTwin-q90,5
4,4,5,0.0,0.0,0.76313806,0.76313806,0.9999999999986896,0.0,0.0,0.0,0.0,0.6,0,5,5785,DT-Top1,SLA-Rule-Shield,5
4,4,5,0.0,0.0,0.76313806,0.76313806,0.9999999999986896,0.0,0.0,0.0,0.0,0.6,0,5,5785,DT-Top1,Fixed-UCB-1sigma-Shield,5
4,4,5,0.0,0.0,0.76313806,0.76313806,0.9999999999986896,0.0,0.0,0.0,0.0,0.6,0,5,5785,DT-Top1,Fixed-UCB-1.64sigma-Shield,5
2,2,5,0.0,0.0,0.6677499,0.6677499,0.9999999999985024,0.0,0.0,0.0,0.0,0.6,0,5,37808,PF,Full-CertiTwin-q90,5
2,2,5,0.0,0.0,0.6677499,0.6677499,0.9999999999985024,0.0,0.0,0.0,0.0,0.6,0,5,37808,PF,SLA-Rule-Shield,5
2,2,5,0.0,0.0,0.6677499,0.6677499,0.9999999999985024,0.0,0.0,0.0,0.0,0.6,0,5,37808,PF,Fixed-UCB-1sigma-Shield,5
2,2,5,0.0,0.0,0.6677499,0.6677499,0.9999999999985024,0.0,0.0,0.0,0.0,0.6,0,5,37808,PF,Fixed-UCB-1.64sigma-Shield,5
4,4,5,0.0,0.0,0.76313806,0.76313806,0.9999999999986896,0.0,0.0,0.0,0.0,0.6,0,5,37808,Greedy-SLA,Full-CertiTwin-q90,5
4,4,5,0.0,0.0,0.76313806,0.76313806,0.9999999999986896,0.0,0.0,0.0,0.0,0.6,0,5,37808,Greedy-SLA,SLA-Rule-Shield,5
4,4,5,0.0,0.0,0.76313806,0.76313806,0.9999999999986896,0.0,0.0,0.0,0.0,0.6,0,5,37808,Greedy-SLA,Fixed-UCB-1sigma-Shield,5
4,4,5,0.0,0.0,0.76313806,0.76313806,0.9999999999986896,0.0,0.0,0.0,0.0,0.6,0,5,37808,Greedy-SLA,Fixed-UCB-1.64sigma-Shield,5
4,4,5,0.0,0.0,0.76313806,0.76313806,0.9999999999986896,0.0,0.0,0.0,0.0,0.6,0,5,37808,DT-Top1,Full-CertiTwin-q90,5
4,4,5,0.0,0.0,0.76313806,0.76313806,0.9999999999986896,0.0,0.0,0.0,0.0,0.6,0,5,37808,DT-Top1,SLA-Rule-Shield,5
4,4,5,0.0,0.0,0.76313806,0.76313806,0.9999999999986896,0.0,0.0,0.0,0.0,0.6,0,5,37808,DT-Top1,Fixed-UCB-1sigma-Shield,5
4,4,5,0.0,0.0,0.76313806,0.76313806,0.9999999999986896,0.0,0.0,0.0,0.0,0.6,0,5,37808,DT-Top1,Fixed-UCB-1.64sigma-Shield,5
2,2,5,0.0,0.0,0.6677499,0.6677499,0.9999999999985024,0.0,0.0,0.0,0.0,0.6,0,5,19164,PF,Full-CertiTwin-q90,5
2,2,5,0.0,0.0,0.6677499,0.6677499,0.9999999999985024,0.0,0.0,0.0,0.0,0.6,0,5,19164,PF,SLA-Rule-Shield,5
2,2,5,0.0,0.0,0.6677499,0.6677499,0.9999999999985024,0.0,0.0,0.0,0.0,0.6,0,5,19164,PF,Fixed-UCB-1sigma-Shield,5
2,2,5,0.0,0.0,0.6677499,0.6677499,0.9999999999985024,0.0,0.0,0.0,0.0,0.6,0,5,19164,PF,Fixed-UCB-1.64sigma-Shield,5
4,4,5,0.0,0.0,0.76313806,0.76313806,0.9999999999986896,0.0,0.0,0.0,0.0,0.6,0,5,19164,Greedy-SLA,Full-CertiTwin-q90,5
4,4,5,0.0,0.0,0.76313806,0.76313806,0.9999999999986896,0.0,0.0,0.0,0.0,0.6,0,5,19164,Greedy-SLA,SLA-Rule-Shield,5
4,4,5,0.0,0.0,0.76313806,0.76313806,0.9999999999986896,0.0,0.0,0.0,0.0,0.6,0,5,19164,Greedy-SLA,Fixed-UCB-1sigma-Shield,5
4,4,5,0.0,0.0,0.76313806,0.76313806,0.9999999999986896,0.0,0.0,0.0,0.0,0.6,0,5,19164,Greedy-SLA,Fixed-UCB-1.64sigma-Shield,5
4,4,5,0.0,0.0,0.76313806,0.76313806,0.9999999999986896,0.0,0.0,0.0,0.0,0.6,0,5,19164,DT-Top1,Full-CertiTwin-q90,5
4,4,5,0.0,0.0,0.76313806,0.76313806,0.9999999999986896,0.0,0.0,0.0,0.0,0.6,0,5,19164,DT-Top1,SLA-Rule-Shield,5
4,4,5,0.0,0.0,0.76313806,0.76313806,0.9999999999986896,0.0,0.0,0.0,0.0,0.6,0,5,19164,DT-Top1,Fixed-UCB-1sigma-Shield,5
4,4,5,0.0,0.0,0.76313806,0.76313806,0.9999999999986896,0.0,0.0,0.0,0.0,0.6,0,5,19164,DT-Top1,Fixed-UCB-1.64sigma-Shield,5
2,2,5,0.0,0.0,0.6677499,0.6677499,0.9999999999985024,0.0,0.0,0.0,0.0,0.6,0,5,39614,PF,Full-CertiTwin-q90,5
2,2,5,0.0,0.0,0.6677499,0.6677499,0.9999999999985024,0.0,0.0,0.0,0.0,0.6,0,5,39614,PF,SLA-Rule-Shield,5
2,2,5,0.0,0.0,0.6677499,0.6677499,0.9999999999985024,0.0,0.0,0.0,0.0,0.6,0,5,39614,PF,Fixed-UCB-1sigma-Shield,5
2,2,5,0.0,0.0,0.6677499,0.6677499,0.9999999999985024,0.0,0.0,0.0,0.0,0.6,0,5,39614,PF,Fixed-UCB-1.64sigma-Shield,5
4,4,5,0.0,0.0,0.76313806,0.76313806,0.9999999999986896,0.0,0.0,0.0,0.0,0.6,0,5,39614,Greedy-SLA,Full-CertiTwin-q90,5
4,4,5,0.0,0.0,0.76313806,0.76313806,0.9999999999986896,0.0,0.0,0.0,0.0,0.6,0,5,39614,Greedy-SLA,SLA-Rule-Shield,5
4,4,5,0.0,0.0,0.76313806,0.76313806,0.9999999999986896,0.0,0.0,0.0,0.0,0.6,0,5,39614,Greedy-SLA,Fixed-UCB-1sigma-Shield,5
4,4,5,0.0,0.0,0.76313806,0.76313806,0.9999999999986896,0.0,0.0,0.0,0.0,0.6,0,5,39614,Greedy-SLA,Fixed-UCB-1.64sigma-Shield,5
4,4,5,0.0,0.0,0.76313806,0.76313806,0.9999999999986896,0.0,0.0,0.0,0.0,0.6,0,5,39614,DT-Top1,Full-CertiTwin-q90,5
4,4,5,0.0,0.0,0.76313806,0.76313806,0.9999999999986896,0.0,0.0,0.0,0.0,0.6,0,5,39614,DT-Top1,SLA-Rule-Shield,5
4,4,5,0.0,0.0,0.76313806,0.76313806,0.9999999999986896,0.0,0.0,0.0,0.0,0.6,0,5,39614,DT-Top1,Fixed-UCB-1sigma-Shield,5
4,4,5,0.0,0.0,0.76313806,0.76313806,0.9999999999986896,0.0,0.0,0.0,0.0,0.6,0,5,39614,DT-Top1,Fixed-UCB-1.64sigma-Shield,5
2,2,5,0.0,0.0,0.6677499,0.6677499,0.9999999999985024,0.0,0.0,0.0,0.0,0.6,0,5,14580,PF,Full-CertiTwin-q90,5
2,2,5,0.0,0.0,0.6677499,0.6677499,0.9999999999985024,0.0,0.0,0.0,0.0,0.6,0,5,14580,PF,SLA-Rule-Shield,5
2,2,5,0.0,0.0,0.6677499,0.6677499,0.9999999999985024,0.0,0.0,0.0,0.0,0.6,0,5,14580,PF,Fixed-UCB-1sigma-Shield,5
2,2,5,0.0,0.0,0.6677499,0.6677499,0.9999999999985024,0.0,0.0,0.0,0.0,0.6,0,5,14580,PF,Fixed-UCB-1.64sigma-Shield,5
4,4,5,0.0,0.0,0.76313806,0.76313806,0.9999999999986896,0.0,0.0,0.0,0.0,0.6,0,5,14580,Greedy-SLA,Full-CertiTwin-q90,5
4,4,5,0.0,0.0,0.76313806,0.76313806,0.9999999999986896,0.0,0.0,0.0,0.0,0.6,0,5,14580,Greedy-SLA,SLA-Rule-Shield,5
4,4,5,0.0,0.0,0.76313806,0.76313806,0.9999999999986896,0.0,0.0,0.0,0.0,0.6,0,5,14580,Greedy-SLA,Fixed-UCB-1sigma-Shield,5
4,4,5,0.0,0.0,0.76313806,0.76313806,0.9999999999986896,0.0,0.0,0.0,0.0,0.6,0,5,14580,Greedy-SLA,Fixed-UCB-1.64sigma-Shield,5
4,4,5,0.0,0.0,0.76313806,0.76313806,0.9999999999986896,0.0,0.0,0.0,0.0,0.6,0,5,14580,DT-Top1,Full-CertiTwin-q90,5
4,4,5,0.0,0.0,0.76313806,0.76313806,0.9999999999986896,0.0,0.0,0.0,0.0,0.6,0,5,14580,DT-Top1,SLA-Rule-Shield,5
4,4,5,0.0,0.0,0.76313806,0.76313806,0.9999999999986896,0.0,0.0,0.0,0.0,0.6,0,5,14580,DT-Top1,Fixed-UCB-1sigma-Shield,5
4,4,5,0.0,0.0,0.76313806,0.76313806,0.9999999999986896,0.0,0.0,0.0,0.0,0.6,0,5,14580,DT-Top1,Fixed-UCB-1.64sigma-Shield,5
2,2,5,0.0,0.0,0.6677499,0.6677499,0.9999999999985024,0.0,0.0,0.0,0.0,0.6,0,5,3758,PF,Full-CertiTwin-q90,5
2,2,5,0.0,0.0,0.6677499,0.6677499,0.9999999999985024,0.0,0.0,0.0,0.0,0.6,0,5,3758,PF,SLA-Rule-Shield,5
2,2,5,0.0,0.0,0.6677499,0.6677499,0.9999999999985024,0.0,0.0,0.0,0.0,0.6,0,5,3758,PF,Fixed-UCB-1sigma-Shield,5
2,2,5,0.0,0.0,0.6677499,0.6677499,0.9999999999985024,0.0,0.0,0.0,0.0,0.6,0,5,3758,PF,Fixed-UCB-1.64sigma-Shield,5
4,4,5,0.0,0.0,0.7777951,0.7777951,0.9999999999987144,0.0,0.0,0.0,0.0,0.6,0,5,3758,Greedy-SLA,Full-CertiTwin-q90,5
4,4,5,0.0,0.0,0.7777951,0.7777951,0.9999999999987144,0.0,0.0,0.0,0.0,0.6,0,5,3758,Greedy-SLA,SLA-Rule-Shield,5
4,4,5,0.0,0.0,0.7777951,0.7777951,0.9999999999987144,0.0,0.0,0.0,0.0,0.6,0,5,3758,Greedy-SLA,Fixed-UCB-1sigma-Shield,5
4,4,5,0.0,0.0,0.7777951,0.7777951,0.9999999999987144,0.0,0.0,0.0,0.0,0.6,0,5,3758,Greedy-SLA,Fixed-UCB-1.64sigma-Shield,5
0,2,5,1.0,0.0,0.76278657,0.6677499,0.875408569397236,1.0,21.0,0.0,0.0,0.6,0,5,3758,DT-Top1,Full-CertiTwin-q90,5
0,4,5,1.0,0.0,0.76278657,0.7777951,1.0196759232388952,1.0,57.0,0.0,0.0,0.6,0,5,3758,DT-Top1,SLA-Rule-Shield,5
0,2,5,1.0,0.0,0.76278657,0.6677499,0.875408569397236,1.0,21.0,0.0,0.0,0.6,0,5,3758,DT-Top1,Fixed-UCB-1sigma-Shield,5
0,2,5,1.0,0.0,0.76278657,0.6677499,0.875408569397236,1.0,21.0,0.0,0.0,0.6,0,5,3758,DT-Top1,Fixed-UCB-1.64sigma-Shield,5
2,2,5,0.0,0.0,0.6677499,0.6677499,0.9999999999985024,0.0,0.0,0.0,0.0,0.6,0,5,30685,PF,Full-CertiTwin-q90,5
2,2,5,0.0,0.0,0.6677499,0.6677499,0.9999999999985024,0.0,0.0,0.0,0.0,0.6,0,5,30685,PF,SLA-Rule-Shield,5
2,2,5,0.0,0.0,0.6677499,0.6677499,0.9999999999985024,0.0,0.0,0.0,0.0,0.6,0,5,30685,PF,Fixed-UCB-1sigma-Shield,5
2,2,5,0.0,0.0,0.6677499,0.6677499,0.9999999999985024,0.0,0.0,0.0,0.0,0.6,0,5,30685,PF,Fixed-UCB-1.64sigma-Shield,5
4,4,5,0.0,0.0,0.7777951,0.7777951,0.9999999999987144,0.0,0.0,0.0,0.0,0.6,0,5,30685,Greedy-SLA,Full-CertiTwin-q90,5
4,4,5,0.0,0.0,0.7777951,0.7777951,0.9999999999987144,0.0,0.0,0.0,0.0,0.6,0,5,30685,Greedy-SLA,SLA-Rule-Shield,5
4,4,5,0.0,0.0,0.7777951,0.7777951,0.9999999999987144,0.0,0.0,0.0,0.0,0.6,0,5,30685,Greedy-SLA,Fixed-UCB-1sigma-Shield,5
4,4,5,0.0,0.0,0.7777951,0.7777951,0.9999999999987144,0.0,0.0,0.0,0.0,0.6,0,5,30685,Greedy-SLA,Fixed-UCB-1.64sigma-Shield,5
0,2,5,1.0,0.0,0.76278657,0.6677499,0.875408569397236,1.0,21.0,0.0,0.0,0.6,0,5,30685,DT-Top1,Full-CertiTwin-q90,5
0,4,5,1.0,0.0,0.76278657,0.7777951,1.0196759232388952,1.0,57.0,0.0,0.0,0.6,0,5,30685,DT-Top1,SLA-Rule-Shield,5
0,2,5,1.0,0.0,0.76278657,0.6677499,0.875408569397236,1.0,21.0,0.0,0.0,0.6,0,5,30685,DT-Top1,Fixed-UCB-1sigma-Shield,5
0,2,5,1.0,0.0,0.76278657,0.6677499,0.875408569397236,1.0,21.0,0.0,0.0,0.6,0,5,30685,DT-Top1,Fixed-UCB-1.64sigma-Shield,5
2,2,5,0.0,0.0,0.6677499,0.6677499,0.9999999999985024,0.0,0.0,0.0,0.0,0.6,0,5,32311,PF,Full-CertiTwin-q90,5
2,2,5,0.0,0.0,0.6677499,0.6677499,0.9999999999985024,0.0,0.0,0.0,0.0,0.6,0,5,32311,PF,SLA-Rule-Shield,5
2,2,5,0.0,0.0,0.6677499,0.6677499,0.9999999999985024,0.0,0.0,0.0,0.0,0.6,0,5,32311,PF,Fixed-UCB-1sigma-Shield,5
2,2,5,0.0,0.0,0.6677499,0.6677499,0.9999999999985024,0.0,0.0,0.0,0.0,0.6,0,5,32311,PF,Fixed-UCB-1.64sigma-Shield,5
4,4,5,0.0,0.0,0.76313806,0.76313806,0.9999999999986896,0.0,0.0,0.0,0.0,0.6,0,5,32311,Greedy-SLA,Full-CertiTwin-q90,5
4,4,5,0.0,0.0,0.76313806,0.76313806,0.9999999999986896,0.0,0.0,0.0,0.0,0.6,0,5,32311,Greedy-SLA,SLA-Rule-Shield,5
4,4,5,0.0,0.0,0.76313806,0.76313806,0.9999999999986896,0.0,0.0,0.0,0.0,0.6,0,5,32311,Greedy-SLA,Fixed-UCB-1sigma-Shield,5
4,4,5,0.0,0.0,0.76313806,0.76313806,0.9999999999986896,0.0,0.0,0.0,0.0,0.6,0,5,32311,Greedy-SLA,Fixed-UCB-1.64sigma-Shield,5
0,2,5,1.0,0.0,0.77741534,0.6677499,0.8589358424534574,1.0,21.0,0.0,0.0,0.6,0,5,32311,DT-Top1,Full-CertiTwin-q90,5
0,4,5,1.0,0.0,0.77741534,0.76313806,0.981634939180668,1.0,57.0,0.0,0.0,0.6,0,5,32311,DT-Top1,SLA-Rule-Shield,5
0,2,5,1.0,0.0,0.77741534,0.6677499,0.8589358424534574,1.0,21.0,0.0,0.0,0.6,0,5,32311,DT-Top1,Fixed-UCB-1sigma-Shield,5
0,2,5,1.0,0.0,0.77741534,0.6677499,0.8589358424534574,1.0,21.0,0.0,0.0,0.6,0,5,32311,DT-Top1,Fixed-UCB-1.64sigma-Shield,5
2,2,5,0.0,0.0,0.6677499,0.6677499,0.9999999999985024,0.0,0.0,0.0,0.0,0.6,0,5,1973,PF,Full-CertiTwin-q90,5
2,2,5,0.0,0.0,0.6677499,0.6677499,0.9999999999985024,0.0,0.0,0.0,0.0,0.6,0,5,1973,PF,SLA-Rule-Shield,5
2,2,5,0.0,0.0,0.6677499,0.6677499,0.9999999999985024,0.0,0.0,0.0,0.0,0.6,0,5,1973,PF,Fixed-UCB-1sigma-Shield,5
2,2,5,0.0,0.0,0.6677499,0.6677499,0.9999999999985024,0.0,0.0,0.0,0.0,0.6,0,5,1973,PF,Fixed-UCB-1.64sigma-Shield,5
4,4,5,0.0,0.0,0.76313806,0.76313806,0.9999999999986896,0.0,0.0,0.0,0.0,0.6,0,5,1973,Greedy-SLA,Full-CertiTwin-q90,5
4,4,5,0.0,0.0,0.76313806,0.76313806,0.9999999999986896,0.0,0.0,0.0,0.0,0.6,0,5,1973,Greedy-SLA,SLA-Rule-Shield,5
4,4,5,0.0,0.0,0.76313806,0.76313806,0.9999999999986896,0.0,0.0,0.0,0.0,0.6,0,5,1973,Greedy-SLA,Fixed-UCB-1sigma-Shield,5
4,4,5,0.0,0.0,0.76313806,0.76313806,0.9999999999986896,0.0,0.0,0.0,0.0,0.6,0,5,1973,Greedy-SLA,Fixed-UCB-1.64sigma-Shield,5
0,2,5,1.0,0.0,0.76278657,0.6677499,0.875408569397236,1.0,21.0,0.0,0.0,0.6,0,5,1973,DT-Top1,Full-CertiTwin-q90,5
0,4,5,1.0,0.0,0.76278657,0.76313806,1.000460797309265,1.0,57.0,0.0,0.0,0.6,0,5,1973,DT-Top1,SLA-Rule-Shield,5
0,2,5,1.0,0.0,0.76278657,0.6677499,0.875408569397236,1.0,21.0,0.0,0.0,0.6,0,5,1973,DT-Top1,Fixed-UCB-1sigma-Shield,5
0,2,5,1.0,0.0,0.76278657,0.6677499,0.875408569397236,1.0,21.0,0.0,0.0,0.6,0,5,1973,DT-Top1,Fixed-UCB-1.64sigma-Shield,5
2,2,5,0.0,0.0,0.6677499,0.6677499,0.9999999999985024,0.0,0.0,0.0,0.0,0.6,0,5,3718,PF,Full-CertiTwin-q90,5
2,2,5,0.0,0.0,0.6677499,0.6677499,0.9999999999985024,0.0,0.0,0.0,0.0,0.6,0,5,3718,PF,SLA-Rule-Shield,5
2,2,5,0.0,0.0,0.6677499,0.6677499,0.9999999999985024,0.0,0.0,0.0,0.0,0.6,0,5,3718,PF,Fixed-UCB-1sigma-Shield,5
2,2,5,0.0,0.0,0.6677499,0.6677499,0.9999999999985024,0.0,0.0,0.0,0.0,0.6,0,5,3718,PF,Fixed-UCB-1.64sigma-Shield,5
0,2,5,1.0,0.0,0.76278657,0.6677499,0.875408569397236,1.0,21.0,0.0,0.0,0.6,0,5,3718,Greedy-SLA,Full-CertiTwin-q90,5
0,4,5,1.0,0.0,0.76278657,0.78614604,1.0306238611397804,1.0,57.0,0.0,0.0,0.6,0,5,3718,Greedy-SLA,SLA-Rule-Shield,5
0,2,5,1.0,0.0,0.76278657,0.6677499,0.875408569397236,1.0,21.0,0.0,0.0,0.6,0,5,3718,Greedy-SLA,Fixed-UCB-1sigma-Shield,5
0,2,5,1.0,0.0,0.76278657,0.6677499,0.875408569397236,1.0,21.0,0.0,0.0,0.6,0,5,3718,Greedy-SLA,Fixed-UCB-1.64sigma-Shield,5
0,2,5,1.0,0.0,0.76278657,0.6677499,0.875408569397236,1.0,21.0,0.0,0.0,0.6,0,5,3718,DT-Top1,Full-CertiTwin-q90,5
0,4,5,1.0,0.0,0.76278657,0.78614604,1.0306238611397804,1.0,57.0,0.0,0.0,0.6,0,5,3718,DT-Top1,SLA-Rule-Shield,5
0,2,5,1.0,0.0,0.76278657,0.6677499,0.875408569397236,1.0,21.0,0.0,0.0,0.6,0,5,3718,DT-Top1,Fixed-UCB-1sigma-Shield,5
0,2,5,1.0,0.0,0.76278657,0.6677499,0.875408569397236,1.0,21.0,0.0,0.0,0.6,0,5,3718,DT-Top1,Fixed-UCB-1.64sigma-Shield,5
2,2,5,0.0,0.0,0.6677499,0.6677499,0.9999999999985024,0.0,0.0,0.0,0.0,0.6,0,5,12175,PF,Full-CertiTwin-q90,5
2,2,5,0.0,0.0,0.6677499,0.6677499,0.9999999999985024,0.0,0.0,0.0,0.0,0.6,0,5,12175,PF,SLA-Rule-Shield,5
2,2,5,0.0,0.0,0.6677499,0.6677499,0.9999999999985024,0.0,0.0,0.0,0.0,0.6,0,5,12175,PF,Fixed-UCB-1sigma-Shield,5
2,2,5,0.0,0.0,0.6677499,0.6677499,0.9999999999985024,0.0,0.0,0.0,0.0,0.6,0,5,12175,PF,Fixed-UCB-1.64sigma-Shield,5
4,4,5,0.0,0.0,0.76313806,0.76313806,0.9999999999986896,0.0,0.0,0.0,0.0,0.6,0,5,12175,Greedy-SLA,Full-CertiTwin-q90,5
4,4,5,0.0,0.0,0.76313806,0.76313806,0.9999999999986896,0.0,0.0,0.0,0.0,0.6,0,5,12175,Greedy-SLA,SLA-Rule-Shield,5
4,4,5,0.0,0.0,0.76313806,0.76313806,0.9999999999986896,0.0,0.0,0.0,0.0,0.6,0,5,12175,Greedy-SLA,Fixed-UCB-1sigma-Shield,5
4,4,5,0.0,0.0,0.76313806,0.76313806,0.9999999999986896,0.0,0.0,0.0,0.0,0.6,0,5,12175,Greedy-SLA,Fixed-UCB-1.64sigma-Shield,5
0,2,5,1.0,0.0,0.76278657,0.6677499,0.875408569397236,1.0,21.0,0.0,0.0,0.6,0,5,12175,DT-Top1,Full-CertiTwin-q90,5
0,4,5,1.0,0.0,0.76278657,0.76313806,1.000460797309265,1.0,57.0,0.0,0.0,0.6,0,5,12175,DT-Top1,SLA-Rule-Shield,5
0,2,5,1.0,0.0,0.76278657,0.6677499,0.875408569397236,1.0,21.0,0.0,0.0,0.6,0,5,12175,DT-Top1,Fixed-UCB-1sigma-Shield,5
0,2,5,1.0,0.0,0.76278657,0.6677499,0.875408569397236,1.0,21.0,0.0,0.0,0.6,0,5,12175,DT-Top1,Fixed-UCB-1.64sigma-Shield,5
2,2,5,0.0,0.0,0.6677499,0.6677499,0.9999999999985024,0.0,0.0,0.0,0.0,0.6,0,5,24016,PF,Full-CertiTwin-q90,5
2,2,5,0.0,0.0,0.6677499,0.6677499,0.9999999999985024,0.0,0.0,0.0,0.0,0.6,0,5,24016,PF,SLA-Rule-Shield,5
2,2,5,0.0,0.0,0.6677499,0.6677499,0.9999999999985024,0.0,0.0,0.0,0.0,0.6,0,5,24016,PF,Fixed-UCB-1sigma-Shield,5
2,2,5,0.0,0.0,0.6677499,0.6677499,0.9999999999985024,0.0,0.0,0.0,0.0,0.6,0,5,24016,PF,Fixed-UCB-1.64sigma-Shield,5
4,4,5,0.0,0.0,0.76313806,0.76313806,0.9999999999986896,0.0,0.0,0.0,0.0,0.6,0,5,24016,Greedy-SLA,Full-CertiTwin-q90,5
4,4,5,0.0,0.0,0.76313806,0.76313806,0.9999999999986896,0.0,0.0,0.0,0.0,0.6,0,5,24016,Greedy-SLA,SLA-Rule-Shield,5
4,4,5,0.0,0.0,0.76313806,0.76313806,0.9999999999986896,0.0,0.0,0.0,0.0,0.6,0,5,24016,Greedy-SLA,Fixed-UCB-1sigma-Shield,5
4,4,5,0.0,0.0,0.76313806,0.76313806,0.9999999999986896,0.0,0.0,0.0,0.0,0.6,0,5,24016,Greedy-SLA,Fixed-UCB-1.64sigma-Shield,5
0,2,5,1.0,0.0,0.76278657,0.6677499,0.875408569397236,1.0,21.0,0.0,0.0,0.6,0,5,24016,DT-Top1,Full-CertiTwin-q90,5
0,4,5,1.0,0.0,0.76278657,0.76313806,1.000460797309265,1.0,57.0,0.0,0.0,0.6,0,5,24016,DT-Top1,SLA-Rule-Shield,5
0,2,5,1.0,0.0,0.76278657,0.6677499,0.875408569397236,1.0,21.0,0.0,0.0,0.6,0,5,24016,DT-Top1,Fixed-UCB-1sigma-Shield,5
0,2,5,1.0,0.0,0.76278657,0.6677499,0.875408569397236,1.0,21.0,0.0,0.0,0.6,0,5,24016,DT-Top1,Fixed-UCB-1.64sigma-Shield,5
2,2,5,0.0,0.0,0.6677499,0.6677499,0.9999999999985024,0.0,0.0,0.0,0.0,0.6,0,5,53719,PF,Full-CertiTwin-q90,5
2,2,5,0.0,0.0,0.6677499,0.6677499,0.9999999999985024,0.0,0.0,0.0,0.0,0.6,0,5,53719,PF,SLA-Rule-Shield,5
2,2,5,0.0,0.0,0.6677499,0.6677499,0.9999999999985024,0.0,0.0,0.0,0.0,0.6,0,5,53719,PF,Fixed-UCB-1sigma-Shield,5
2,2,5,0.0,0.0,0.6677499,0.6677499,0.9999999999985024,0.0,0.0,0.0,0.0,0.6,0,5,53719,PF,Fixed-UCB-1.64sigma-Shield,5
4,4,5,0.0,0.0,0.76313806,0.76313806,0.9999999999986896,0.0,0.0,0.0,0.0,0.6,0,5,53719,Greedy-SLA,Full-CertiTwin-q90,5
4,4,5,0.0,0.0,0.76313806,0.76313806,0.9999999999986896,0.0,0.0,0.0,0.0,0.6,0,5,53719,Greedy-SLA,SLA-Rule-Shield,5
4,4,5,0.0,0.0,0.76313806,0.76313806,0.9999999999986896,0.0,0.0,0.0,0.0,0.6,0,5,53719,Greedy-SLA,Fixed-UCB-1sigma-Shield,5
4,4,5,0.0,0.0,0.76313806,0.76313806,0.9999999999986896,0.0,0.0,0.0,0.0,0.6,0,5,53719,Greedy-SLA,Fixed-UCB-1.64sigma-Shield,5
0,2,5,1.0,0.0,0.77741534,0.6677499,0.8589358424534574,1.0,21.0,0.0,0.0,0.6,0,5,53719,DT-Top1,Full-CertiTwin-q90,5
0,4,5,1.0,0.0,0.77741534,0.76313806,0.981634939180668,1.0,57.0,0.0,0.0,0.6,0,5,53719,DT-Top1,SLA-Rule-Shield,5
0,2,5,1.0,0.0,0.77741534,0.6677499,0.8589358424534574,1.0,21.0,0.0,0.0,0.6,0,5,53719,DT-Top1,Fixed-UCB-1sigma-Shield,5
0,2,5,1.0,0.0,0.77741534,0.6677499,0.8589358424534574,1.0,21.0,0.0,0.0,0.6,0,5,53719,DT-Top1,Fixed-UCB-1.64sigma-Shield,5
2,2,5,0.0,0.0,0.6677499,0.6677499,0.9999999999985024,0.0,0.0,0.0,0.0,0.6,0,5,380,PF,Full-CertiTwin-q90,5
2,2,5,0.0,0.0,0.6677499,0.6677499,0.9999999999985024,0.0,0.0,0.0,0.0,0.6,0,5,380,PF,SLA-Rule-Shield,5
2,2,5,0.0,0.0,0.6677499,0.6677499,0.9999999999985024,0.0,0.0,0.0,0.0,0.6,0,5,380,PF,Fixed-UCB-1sigma-Shield,5
2,2,5,0.0,0.0,0.6677499,0.6677499,0.9999999999985024,0.0,0.0,0.0,0.0,0.6,0,5,380,PF,Fixed-UCB-1.64sigma-Shield,5
4,4,5,0.0,0.0,0.76313806,0.76313806,0.9999999999986896,0.0,0.0,0.0,0.0,0.6,0,5,380,Greedy-SLA,Full-CertiTwin-q90,5
4,4,5,0.0,0.0,0.76313806,0.76313806,0.9999999999986896,0.0,0.0,0.0,0.0,0.6,0,5,380,Greedy-SLA,SLA-Rule-Shield,5
4,4,5,0.0,0.0,0.76313806,0.76313806,0.9999999999986896,0.0,0.0,0.0,0.0,0.6,0,5,380,Greedy-SLA,Fixed-UCB-1sigma-Shield,5
4,4,5,0.0,0.0,0.76313806,0.76313806,0.9999999999986896,0.0,0.0,0.0,0.0,0.6,0,5,380,Greedy-SLA,Fixed-UCB-1.64sigma-Shield,5
0,2,5,1.0,0.0,0.7864371,0.6677499,0.8490823995957858,1.0,21.0,0.0,0.0,0.6,0,5,380,DT-Top1,Full-CertiTwin-q90,5
0,4,5,1.0,0.0,0.7864371,0.76313806,0.970373930730162,1.0,57.0,0.0,0.0,0.6,0,5,380,DT-Top1,SLA-Rule-Shield,5
0,2,5,1.0,0.0,0.7864371,0.6677499,0.8490823995957858,1.0,21.0,0.0,0.0,0.6,0,5,380,DT-Top1,Fixed-UCB-1sigma-Shield,5
0,2,5,1.0,0.0,0.7864371,0.6677499,0.8490823995957858,1.0,21.0,0.0,0.0,0.6,0,5,380,DT-Top1,Fixed-UCB-1.64sigma-Shield,5
2,2,5,0.0,0.0,0.65129316,0.65129316,0.9999999999984648,0.0,0.0,0.0,0.0,0.6,0,5,18482,PF,Full-CertiTwin-q90,5
2,2,5,0.0,0.0,0.65129316,0.65129316,0.9999999999984648,0.0,0.0,0.0,0.0,0.6,0,5,18482,PF,SLA-Rule-Shield,5
2,2,5,0.0,0.0,0.65129316,0.65129316,0.9999999999984648,0.0,0.0,0.0,0.0,0.6,0,5,18482,PF,Fixed-UCB-1sigma-Shield,5
2,2,5,0.0,0.0,0.65129316,0.65129316,0.9999999999984648,0.0,0.0,0.0,0.0,0.6,0,5,18482,PF,Fixed-UCB-1.64sigma-Shield,5
4,4,5,0.0,0.0,0.76313806,0.76313806,0.9999999999986896,0.0,0.0,0.0,0.0,0.6,0,5,18482,Greedy-SLA,Full-CertiTwin-q90,5
4,4,5,0.0,0.0,0.76313806,0.76313806,0.9999999999986896,0.0,0.0,0.0,0.0,0.6,0,5,18482,Greedy-SLA,SLA-Rule-Shield,5
4,4,5,0.0,0.0,0.76313806,0.76313806,0.9999999999986896,0.0,0.0,0.0,0.0,0.6,0,5,18482,Greedy-SLA,Fixed-UCB-1sigma-Shield,5
4,4,5,0.0,0.0,0.76313806,0.76313806,0.9999999999986896,0.0,0.0,0.0,0.0,0.6,0,5,18482,Greedy-SLA,Fixed-UCB-1.64sigma-Shield,5
4,4,5,0.0,0.0,0.76313806,0.76313806,0.9999999999986896,0.0,0.0,0.0,0.0,0.6,0,5,18482,DT-Top1,Full-CertiTwin-q90,5
4,4,5,0.0,0.0,0.76313806,0.76313806,0.9999999999986896,0.0,0.0,0.0,0.0,0.6,0,5,18482,DT-Top1,SLA-Rule-Shield,5
4,4,5,0.0,0.0,0.76313806,0.76313806,0.9999999999986896,0.0,0.0,0.0,0.0,0.6,0,5,18482,DT-Top1,Fixed-UCB-1sigma-Shield,5
4,4,5,0.0,0.0,0.76313806,0.76313806,0.9999999999986896,0.0,0.0,0.0,0.0,0.6,0,5,18482,DT-Top1,Fixed-UCB-1.64sigma-Shield,5
2,2,5,0.0,0.0,0.6677499,0.6677499,0.9999999999985024,0.0,0.0,0.0,0.0,0.6,0,5,7195,PF,Full-CertiTwin-q90,5
2,2,5,0.0,0.0,0.6677499,0.6677499,0.9999999999985024,0.0,0.0,0.0,0.0,0.6,0,5,7195,PF,SLA-Rule-Shield,5
2,2,5,0.0,0.0,0.6677499,0.6677499,0.9999999999985024,0.0,0.0,0.0,0.0,0.6,0,5,7195,PF,Fixed-UCB-1sigma-Shield,5
2,2,5,0.0,0.0,0.6677499,0.6677499,0.9999999999985024,0.0,0.0,0.0,0.0,0.6,0,5,7195,PF,Fixed-UCB-1.64sigma-Shield,5
4,4,5,0.0,0.0,0.76313806,0.76313806,0.9999999999986896,0.0,0.0,0.0,0.0,0.6,0,5,7195,Greedy-SLA,Full-CertiTwin-q90,5
4,4,5,0.0,0.0,0.76313806,0.76313806,0.9999999999986896,0.0,0.0,0.0,0.0,0.6,0,5,7195,Greedy-SLA,SLA-Rule-Shield,5
4,4,5,0.0,0.0,0.76313806,0.76313806,0.9999999999986896,0.0,0.0,0.0,0.0,0.6,0,5,7195,Greedy-SLA,Fixed-UCB-1sigma-Shield,5
4,4,5,0.0,0.0,0.76313806,0.76313806,0.9999999999986896,0.0,0.0,0.0,0.0,0.6,0,5,7195,Greedy-SLA,Fixed-UCB-1.64sigma-Shield,5
0,2,5,1.0,0.0,0.77050835,0.6677499,0.8666355140721491,1.0,21.0,0.0,0.0,0.6,0,5,7195,DT-Top1,Full-CertiTwin-q90,5
0,4,5,1.0,0.0,0.77050835,0.76313806,0.990434509890788,1.0,57.0,0.0,0.0,0.6,0,5,7195,DT-Top1,SLA-Rule-Shield,5
0,2,5,1.0,0.0,0.77050835,0.6677499,0.8666355140721491,1.0,21.0,0.0,0.0,0.6,0,5,7195,DT-Top1,Fixed-UCB-1sigma-Shield,5
0,2,5,1.0,0.0,0.77050835,0.6677499,0.8666355140721491,1.0,21.0,0.0,0.0,0.6,0,5,7195,DT-Top1,Fixed-UCB-1.64sigma-Shield,5
2,2,5,0.0,0.0,0.6677499,0.6677499,0.9999999999985024,0.0,0.0,0.0,0.0,0.6,0,5,27328,PF,Full-CertiTwin-q90,5
2,2,5,0.0,0.0,0.6677499,0.6677499,0.9999999999985024,0.0,0.0,0.0,0.0,0.6,0,5,27328,PF,SLA-Rule-Shield,5
2,2,5,0.0,0.0,0.6677499,0.6677499,0.9999999999985024,0.0,0.0,0.0,0.0,0.6,0,5,27328,PF,Fixed-UCB-1sigma-Shield,5
2,2,5,0.0,0.0,0.6677499,0.6677499,0.9999999999985024,0.0,0.0,0.0,0.0,0.6,0,5,27328,PF,Fixed-UCB-1.64sigma-Shield,5
4,4,5,0.0,0.0,0.76313806,0.76313806,0.9999999999986896,0.0,0.0,0.0,0.0,0.6,0,5,27328,Greedy-SLA,Full-CertiTwin-q90,5
4,4,5,0.0,0.0,0.76313806,0.76313806,0.9999999999986896,0.0,0.0,0.0,0.0,0.6,0,5,27328,Greedy-SLA,SLA-Rule-Shield,5
4,4,5,0.0,0.0,0.76313806,0.76313806,0.9999999999986896,0.0,0.0,0.0,0.0,0.6,0,5,27328,Greedy-SLA,Fixed-UCB-1sigma-Shield,5
4,4,5,0.0,0.0,0.76313806,0.76313806,0.9999999999986896,0.0,0.0,0.0,0.0,0.6,0,5,27328,Greedy-SLA,Fixed-UCB-1.64sigma-Shield,5
0,2,5,1.0,0.0,0.76278657,0.6677499,0.875408569397236,1.0,21.0,0.0,0.0,0.6,0,5,27328,DT-Top1,Full-CertiTwin-q90,5
0,4,5,1.0,0.0,0.76278657,0.76313806,1.000460797309265,1.0,57.0,0.0,0.0,0.6,0,5,27328,DT-Top1,SLA-Rule-Shield,5
0,2,5,1.0,0.0,0.76278657,0.6677499,0.875408569397236,1.0,21.0,0.0,0.0,0.6,0,5,27328,DT-Top1,Fixed-UCB-1sigma-Shield,5
0,2,5,1.0,0.0,0.76278657,0.6677499,0.875408569397236,1.0,21.0,0.0,0.0,0.6,0,5,27328,DT-Top1,Fixed-UCB-1.64sigma-Shield,5
2,2,5,0.0,0.0,0.6677499,0.6677499,0.9999999999985024,0.0,0.0,0.0,0.0,0.6,0,5,31292,PF,Full-CertiTwin-q90,5
2,2,5,0.0,0.0,0.6677499,0.6677499,0.9999999999985024,0.0,0.0,0.0,0.0,0.6,0,5,31292,PF,SLA-Rule-Shield,5
2,2,5,0.0,0.0,0.6677499,0.6677499,0.9999999999985024,0.0,0.0,0.0,0.0,0.6,0,5,31292,PF,Fixed-UCB-1sigma-Shield,5
2,2,5,0.0,0.0,0.6677499,0.6677499,0.9999999999985024,0.0,0.0,0.0,0.0,0.6,0,5,31292,PF,Fixed-UCB-1.64sigma-Shield,5
4,4,5,0.0,0.0,0.76313806,0.76313806,0.9999999999986896,0.0,0.0,0.0,0.0,0.6,0,5,31292,Greedy-SLA,Full-CertiTwin-q90,5
4,4,5,0.0,0.0,0.76313806,0.76313806,0.9999999999986896,0.0,0.0,0.0,0.0,0.6,0,5,31292,Greedy-SLA,SLA-Rule-Shield,5
4,4,5,0.0,0.0,0.76313806,0.76313806,0.9999999999986896,0.0,0.0,0.0,0.0,0.6,0,5,31292,Greedy-SLA,Fixed-UCB-1sigma-Shield,5
4,4,5,0.0,0.0,0.76313806,0.76313806,0.9999999999986896,0.0,0.0,0.0,0.0,0.6,0,5,31292,Greedy-SLA,Fixed-UCB-1.64sigma-Shield,5
4,4,5,0.0,0.0,0.76313806,0.76313806,0.9999999999986896,0.0,0.0,0.0,0.0,0.6,0,5,31292,DT-Top1,Full-CertiTwin-q90,5
4,4,5,0.0,0.0,0.76313806,0.76313806,0.9999999999986896,0.0,0.0,0.0,0.0,0.6,0,5,31292,DT-Top1,SLA-Rule-Shield,5
4,4,5,0.0,0.0,0.76313806,0.76313806,0.9999999999986896,0.0,0.0,0.0,0.0,0.6,0,5,31292,DT-Top1,Fixed-UCB-1sigma-Shield,5
4,4,5,0.0,0.0,0.76313806,0.76313806,0.9999999999986896,0.0,0.0,0.0,0.0,0.6,0,5,31292,DT-Top1,Fixed-UCB-1.64sigma-Shield,5
2,2,5,0.0,0.0,0.6682329,0.6682329,0.9999999999985036,0.0,0.0,0.0,0.0,0.6,0,5,8141,PF,Full-CertiTwin-q90,5
2,2,5,0.0,0.0,0.6682329,0.6682329,0.9999999999985036,0.0,0.0,0.0,0.0,0.6,0,5,8141,PF,SLA-Rule-Shield,5
2,2,5,0.0,0.0,0.6682329,0.6682329,0.9999999999985036,0.0,0.0,0.0,0.0,0.6,0,5,8141,PF,Fixed-UCB-1sigma-Shield,5
2,2,5,0.0,0.0,0.6682329,0.6682329,0.9999999999985036,0.0,0.0,0.0,0.0,0.6,0,5,8141,PF,Fixed-UCB-1.64sigma-Shield,5
4,4,5,0.0,0.0,0.76313806,0.76313806,0.9999999999986896,0.0,0.0,0.0,0.0,0.6,0,5,8141,Greedy-SLA,Full-CertiTwin-q90,5
4,4,5,0.0,0.0,0.76313806,0.76313806,0.9999999999986896,0.0,0.0,0.0,0.0,0.6,0,5,8141,Greedy-SLA,SLA-Rule-Shield,5
4,4,5,0.0,0.0,0.76313806,0.76313806,0.9999999999986896,0.0,0.0,0.0,0.0,0.6,0,5,8141,Greedy-SLA,Fixed-UCB-1sigma-Shield,5
4,4,5,0.0,0.0,0.76313806,0.76313806,0.9999999999986896,0.0,0.0,0.0,0.0,0.6,0,5,8141,Greedy-SLA,Fixed-UCB-1.64sigma-Shield,5
4,4,5,0.0,0.0,0.76313806,0.76313806,0.9999999999986896,0.0,0.0,0.0,0.0,0.6,0,5,8141,DT-Top1,Full-CertiTwin-q90,5
4,4,5,0.0,0.0,0.76313806,0.76313806,0.9999999999986896,0.0,0.0,0.0,0.0,0.6,0,5,8141,DT-Top1,SLA-Rule-Shield,5
4,4,5,0.0,0.0,0.76313806,0.76313806,0.9999999999986896,0.0,0.0,0.0,0.0,0.6,0,5,8141,DT-Top1,Fixed-UCB-1sigma-Shield,5
4,4,5,0.0,0.0,0.76313806,0.76313806,0.9999999999986896,0.0,0.0,0.0,0.0,0.6,0,5,8141,DT-Top1,Fixed-UCB-1.64sigma-Shield,5
2,2,5,0.0,0.0,0.6677499,0.6677499,0.9999999999985024,0.0,0.0,0.0,0.0,0.6,0,5,37795,PF,Full-CertiTwin-q90,5
2,2,5,0.0,0.0,0.6677499,0.6677499,0.9999999999985024,0.0,0.0,0.0,0.0,0.6,0,5,37795,PF,SLA-Rule-Shield,5
2,2,5,0.0,0.0,0.6677499,0.6677499,0.9999999999985024,0.0,0.0,0.0,0.0,0.6,0,5,37795,PF,Fixed-UCB-1sigma-Shield,5
2,2,5,0.0,0.0,0.6677499,0.6677499,0.9999999999985024,0.0,0.0,0.0,0.0,0.6,0,5,37795,PF,Fixed-UCB-1.64sigma-Shield,5
4,4,5,0.0,0.0,0.7777951,0.7777951,0.9999999999987144,0.0,0.0,0.0,0.0,0.6,0,5,37795,Greedy-SLA,Full-CertiTwin-q90,5
4,4,5,0.0,0.0,0.7777951,0.7777951,0.9999999999987144,0.0,0.0,0.0,0.0,0.6,0,5,37795,Greedy-SLA,SLA-Rule-Shield,5
4,4,5,0.0,0.0,0.7777951,0.7777951,0.9999999999987144,0.0,0.0,0.0,0.0,0.6,0,5,37795,Greedy-SLA,Fixed-UCB-1sigma-Shield,5
4,4,5,0.0,0.0,0.7777951,0.7777951,0.9999999999987144,0.0,0.0,0.0,0.0,0.6,0,5,37795,Greedy-SLA,Fixed-UCB-1.64sigma-Shield,5
0,2,5,1.0,0.0,0.76278657,0.6677499,0.875408569397236,1.0,21.0,0.0,0.0,0.6,0,5,37795,DT-Top1,Full-CertiTwin-q90,5
0,4,5,1.0,0.0,0.76278657,0.7777951,1.0196759232388952,1.0,57.0,0.0,0.0,0.6,0,5,37795,DT-Top1,SLA-Rule-Shield,5
0,2,5,1.0,0.0,0.76278657,0.6677499,0.875408569397236,1.0,21.0,0.0,0.0,0.6,0,5,37795,DT-Top1,Fixed-UCB-1sigma-Shield,5
0,2,5,1.0,0.0,0.76278657,0.6677499,0.875408569397236,1.0,21.0,0.0,0.0,0.6,0,5,37795,DT-Top1,Fixed-UCB-1.64sigma-Shield,5
2,2,5,0.0,0.0,0.6677499,0.6677499,0.9999999999985024,0.0,0.0,0.0,0.0,0.6,0,5,55471,PF,Full-CertiTwin-q90,5
2,2,5,0.0,0.0,0.6677499,0.6677499,0.9999999999985024,0.0,0.0,0.0,0.0,0.6,0,5,55471,PF,SLA-Rule-Shield,5
2,2,5,0.0,0.0,0.6677499,0.6677499,0.9999999999985024,0.0,0.0,0.0,0.0,0.6,0,5,55471,PF,Fixed-UCB-1sigma-Shield,5
2,2,5,0.0,0.0,0.6677499,0.6677499,0.9999999999985024,0.0,0.0,0.0,0.0,0.6,0,5,55471,PF,Fixed-UCB-1.64sigma-Shield,5
4,4,5,0.0,0.0,0.76313806,0.76313806,0.9999999999986896,0.0,0.0,0.0,0.0,0.6,0,5,55471,Greedy-SLA,Full-CertiTwin-q90,5
4,4,5,0.0,0.0,0.76313806,0.76313806,0.9999999999986896,0.0,0.0,0.0,0.0,0.6,0,5,55471,Greedy-SLA,SLA-Rule-Shield,5
4,4,5,0.0,0.0,0.76313806,0.76313806,0.9999999999986896,0.0,0.0,0.0,0.0,0.6,0,5,55471,Greedy-SLA,Fixed-UCB-1sigma-Shield,5
4,4,5,0.0,0.0,0.76313806,0.76313806,0.9999999999986896,0.0,0.0,0.0,0.0,0.6,0,5,55471,Greedy-SLA,Fixed-UCB-1.64sigma-Shield,5
0,2,5,1.0,0.0,0.76278657,0.6677499,0.875408569397236,1.0,21.0,0.0,0.0,0.6,0,5,55471,DT-Top1,Full-CertiTwin-q90,5
0,4,5,1.0,0.0,0.76278657,0.76313806,1.000460797309265,1.0,57.0,0.0,0.0,0.6,0,5,55471,DT-Top1,SLA-Rule-Shield,5
0,2,5,1.0,0.0,0.76278657,0.6677499,0.875408569397236,1.0,21.0,0.0,0.0,0.6,0,5,55471,DT-Top1,Fixed-UCB-1sigma-Shield,5
0,2,5,1.0,0.0,0.76278657,0.6677499,0.875408569397236,1.0,21.0,0.0,0.0,0.6,0,5,55471,DT-Top1,Fixed-UCB-1.64sigma-Shield,5
2,2,5,0.0,0.0,0.6677499,0.6677499,0.9999999999985024,0.0,0.0,0.0,0.0,0.6,0,5,23824,PF,Full-CertiTwin-q90,5
2,2,5,0.0,0.0,0.6677499,0.6677499,0.9999999999985024,0.0,0.0,0.0,0.0,0.6,0,5,23824,PF,SLA-Rule-Shield,5
2,2,5,0.0,0.0,0.6677499,0.6677499,0.9999999999985024,0.0,0.0,0.0,0.0,0.6,0,5,23824,PF,Fixed-UCB-1sigma-Shield,5
2,2,5,0.0,0.0,0.6677499,0.6677499,0.9999999999985024,0.0,0.0,0.0,0.0,0.6,0,5,23824,PF,Fixed-UCB-1.64sigma-Shield,5
4,4,5,0.0,0.0,0.76313806,0.76313806,0.9999999999986896,0.0,0.0,0.0,0.0,0.6,0,5,23824,Greedy-SLA,Full-CertiTwin-q90,5
4,4,5,0.0,0.0,0.76313806,0.76313806,0.9999999999986896,0.0,0.0,0.0,0.0,0.6,0,5,23824,Greedy-SLA,SLA-Rule-Shield,5
4,4,5,0.0,0.0,0.76313806,0.76313806,0.9999999999986896,0.0,0.0,0.0,0.0,0.6,0,5,23824,Greedy-SLA,Fixed-UCB-1sigma-Shield,5
4,4,5,0.0,0.0,0.76313806,0.76313806,0.9999999999986896,0.0,0.0,0.0,0.0,0.6,0,5,23824,Greedy-SLA,Fixed-UCB-1.64sigma-Shield,5
0,2,5,1.0,0.0,0.76278657,0.6677499,0.875408569397236,1.0,21.0,0.0,0.0,0.6,0,5,23824,DT-Top1,Full-CertiTwin-q90,5
0,4,5,1.0,0.0,0.76278657,0.76313806,1.000460797309265,1.0,57.0,0.0,0.0,0.6,0,5,23824,DT-Top1,SLA-Rule-Shield,5
0,2,5,1.0,0.0,0.76278657,0.6677499,0.875408569397236,1.0,21.0,0.0,0.0,0.6,0,5,23824,DT-Top1,Fixed-UCB-1sigma-Shield,5
0,2,5,1.0,0.0,0.76278657,0.6677499,0.875408569397236,1.0,21.0,0.0,0.0,0.6,0,5,23824,DT-Top1,Fixed-UCB-1.64sigma-Shield,5
2,2,5,0.0,0.0,0.6677499,0.6677499,0.9999999999985024,0.0,0.0,0.0,0.0,0.6,0,5,49634,PF,Full-CertiTwin-q90,5
2,2,5,0.0,0.0,0.6677499,0.6677499,0.9999999999985024,0.0,0.0,0.0,0.0,0.6,0,5,49634,PF,SLA-Rule-Shield,5
2,2,5,0.0,0.0,0.6677499,0.6677499,0.9999999999985024,0.0,0.0,0.0,0.0,0.6,0,5,49634,PF,Fixed-UCB-1sigma-Shield,5
2,2,5,0.0,0.0,0.6677499,0.6677499,0.9999999999985024,0.0,0.0,0.0,0.0,0.6,0,5,49634,PF,Fixed-UCB-1.64sigma-Shield,5
4,4,5,0.0,0.0,0.76313806,0.76313806,0.9999999999986896,0.0,0.0,0.0,0.0,0.6,0,5,49634,Greedy-SLA,Full-CertiTwin-q90,5
4,4,5,0.0,0.0,0.76313806,0.76313806,0.9999999999986896,0.0,0.0,0.0,0.0,0.6,0,5,49634,Greedy-SLA,SLA-Rule-Shield,5
4,4,5,0.0,0.0,0.76313806,0.76313806,0.9999999999986896,0.0,0.0,0.0,0.0,0.6,0,5,49634,Greedy-SLA,Fixed-UCB-1sigma-Shield,5
4,4,5,0.0,0.0,0.76313806,0.76313806,0.9999999999986896,0.0,0.0,0.0,0.0,0.6,0,5,49634,Greedy-SLA,Fixed-UCB-1.64sigma-Shield,5
0,2,5,1.0,0.0,0.7592471,0.6677499,0.8794895627512053,1.0,21.0,0.0,0.0,0.6,0,5,49634,DT-Top1,Full-CertiTwin-q90,5
0,4,5,1.0,0.0,0.7592471,0.76313806,1.0051247610942404,1.0,57.0,0.0,0.0,0.6,0,5,49634,DT-Top1,SLA-Rule-Shield,5
0,2,5,1.0,0.0,0.7592471,0.6677499,0.8794895627512053,1.0,21.0,0.0,0.0,0.6,0,5,49634,DT-Top1,Fixed-UCB-1sigma-Shield,5
0,2,5,1.0,0.0,0.7592471,0.6677499,0.8794895627512053,1.0,21.0,0.0,0.0,0.6,0,5,49634,DT-Top1,Fixed-UCB-1.64sigma-Shield,5
2,2,5,0.0,0.0,0.6677499,0.6677499,0.9999999999985024,0.0,0.0,0.0,0.0,0.6,0,5,30233,PF,Full-CertiTwin-q90,5
2,2,5,0.0,0.0,0.6677499,0.6677499,0.9999999999985024,0.0,0.0,0.0,0.0,0.6,0,5,30233,PF,SLA-Rule-Shield,5
2,2,5,0.0,0.0,0.6677499,0.6677499,0.9999999999985024,0.0,0.0,0.0,0.0,0.6,0,5,30233,PF,Fixed-UCB-1sigma-Shield,5
2,2,5,0.0,0.0,0.6677499,0.6677499,0.9999999999985024,0.0,0.0,0.0,0.0,0.6,0,5,30233,PF,Fixed-UCB-1.64sigma-Shield,5
4,4,5,0.0,0.0,0.76313806,0.76313806,0.9999999999986896,0.0,0.0,0.0,0.0,0.6,0,5,30233,Greedy-SLA,Full-CertiTwin-q90,5
4,4,5,0.0,0.0,0.76313806,0.76313806,0.9999999999986896,0.0,0.0,0.0,0.0,0.6,0,5,30233,Greedy-SLA,SLA-Rule-Shield,5
4,4,5,0.0,0.0,0.76313806,0.76313806,0.9999999999986896,0.0,0.0,0.0,0.0,0.6,0,5,30233,Greedy-SLA,Fixed-UCB-1sigma-Shield,5
4,4,5,0.0,0.0,0.76313806,0.76313806,0.9999999999986896,0.0,0.0,0.0,0.0,0.6,0,5,30233,Greedy-SLA,Fixed-UCB-1.64sigma-Shield,5
0,2,5,1.0,0.0,0.76278657,0.6677499,0.875408569397236,1.0,21.0,0.0,0.0,0.6,0,5,30233,DT-Top1,Full-CertiTwin-q90,5
0,4,5,1.0,0.0,0.76278657,0.76313806,1.000460797309265,1.0,57.0,0.0,0.0,0.6,0,5,30233,DT-Top1,SLA-Rule-Shield,5
0,2,5,1.0,0.0,0.76278657,0.6677499,0.875408569397236,1.0,21.0,0.0,0.0,0.6,0,5,30233,DT-Top1,Fixed-UCB-1sigma-Shield,5
0,2,5,1.0,0.0,0.76278657,0.6677499,0.875408569397236,1.0,21.0,0.0,0.0,0.6,0,5,30233,DT-Top1,Fixed-UCB-1.64sigma-Shield,5
2,2,5,0.0,0.0,0.6677499,0.6677499,0.9999999999985024,0.0,0.0,0.0,0.0,0.6,0,5,49218,PF,Full-CertiTwin-q90,5
2,2,5,0.0,0.0,0.6677499,0.6677499,0.9999999999985024,0.0,0.0,0.0,0.0,0.6,0,5,49218,PF,SLA-Rule-Shield,5
2,2,5,0.0,0.0,0.6677499,0.6677499,0.9999999999985024,0.0,0.0,0.0,0.0,0.6,0,5,49218,PF,Fixed-UCB-1sigma-Shield,5
2,2,5,0.0,0.0,0.6677499,0.6677499,0.9999999999985024,0.0,0.0,0.0,0.0,0.6,0,5,49218,PF,Fixed-UCB-1.64sigma-Shield,5
4,4,5,0.0,0.0,0.76313806,0.76313806,0.9999999999986896,0.0,0.0,0.0,0.0,0.6,0,5,49218,Greedy-SLA,Full-CertiTwin-q90,5
4,4,5,0.0,0.0,0.76313806,0.76313806,0.9999999999986896,0.0,0.0,0.0,0.0,0.6,0,5,49218,Greedy-SLA,SLA-Rule-Shield,5
4,4,5,0.0,0.0,0.76313806,0.76313806,0.9999999999986896,0.0,0.0,0.0,0.0,0.6,0,5,49218,Greedy-SLA,Fixed-UCB-1sigma-Shield,5
4,4,5,0.0,0.0,0.76313806,0.76313806,0.9999999999986896,0.0,0.0,0.0,0.0,0.6,0,5,49218,Greedy-SLA,Fixed-UCB-1.64sigma-Shield,5
0,2,5,1.0,0.0,0.77050835,0.6677499,0.8666355140721491,1.0,21.0,0.0,0.0,0.6,0,5,49218,DT-Top1,Full-CertiTwin-q90,5
0,4,5,1.0,0.0,0.77050835,0.76313806,0.990434509890788,1.0,57.0,0.0,0.0,0.6,0,5,49218,DT-Top1,SLA-Rule-Shield,5
0,2,5,1.0,0.0,0.77050835,0.6677499,0.8666355140721491,1.0,21.0,0.0,0.0,0.6,0,5,49218,DT-Top1,Fixed-UCB-1sigma-Shield,5
0,2,5,1.0,0.0,0.77050835,0.6677499,0.8666355140721491,1.0,21.0,0.0,0.0,0.6,0,5,49218,DT-Top1,Fixed-UCB-1.64sigma-Shield,5
2,2,5,0.0,0.0,0.6677499,0.6677499,0.9999999999985024,0.0,0.0,0.0,0.0,0.6,0,5,45428,PF,Full-CertiTwin-q90,5
2,2,5,0.0,0.0,0.6677499,0.6677499,0.9999999999985024,0.0,0.0,0.0,0.0,0.6,0,5,45428,PF,SLA-Rule-Shield,5
2,2,5,0.0,0.0,0.6677499,0.6677499,0.9999999999985024,0.0,0.0,0.0,0.0,0.6,0,5,45428,PF,Fixed-UCB-1sigma-Shield,5
2,2,5,0.0,0.0,0.6677499,0.6677499,0.9999999999985024,0.0,0.0,0.0,0.0,0.6,0,5,45428,PF,Fixed-UCB-1.64sigma-Shield,5
4,4,5,0.0,0.0,0.76313806,0.76313806,0.9999999999986896,0.0,0.0,0.0,0.0,0.6,0,5,45428,Greedy-SLA,Full-CertiTwin-q90,5
4,4,5,0.0,0.0,0.76313806,0.76313806,0.9999999999986896,0.0,0.0,0.0,0.0,0.6,0,5,45428,Greedy-SLA,SLA-Rule-Shield,5
4,4,5,0.0,0.0,0.76313806,0.76313806,0.9999999999986896,0.0,0.0,0.0,0.0,0.6,0,5,45428,Greedy-SLA,Fixed-UCB-1sigma-Shield,5
4,4,5,0.0,0.0,0.76313806,0.76313806,0.9999999999986896,0.0,0.0,0.0,0.0,0.6,0,5,45428,Greedy-SLA,Fixed-UCB-1.64sigma-Shield,5
4,4,5,0.0,0.0,0.76313806,0.76313806,0.9999999999986896,0.0,0.0,0.0,0.0,0.6,0,5,45428,DT-Top1,Full-CertiTwin-q90,5
4,4,5,0.0,0.0,0.76313806,0.76313806,0.9999999999986896,0.0,0.0,0.0,0.0,0.6,0,5,45428,DT-Top1,SLA-Rule-Shield,5
4,4,5,0.0,0.0,0.76313806,0.76313806,0.9999999999986896,0.0,0.0,0.0,0.0,0.6,0,5,45428,DT-Top1,Fixed-UCB-1sigma-Shield,5
4,4,5,0.0,0.0,0.76313806,0.76313806,0.9999999999986896,0.0,0.0,0.0,0.0,0.6,0,5,45428,DT-Top1,Fixed-UCB-1.64sigma-Shield,5
2,2,5,0.0,0.0,0.6677499,0.6677499,0.9999999999985024,0.0,0.0,0.0,0.0,0.6,0,5,32782,PF,Full-CertiTwin-q90,5
2,2,5,0.0,0.0,0.6677499,0.6677499,0.9999999999985024,0.0,0.0,0.0,0.0,0.6,0,5,32782,PF,SLA-Rule-Shield,5
2,2,5,0.0,0.0,0.6677499,0.6677499,0.9999999999985024,0.0,0.0,0.0,0.0,0.6,0,5,32782,PF,Fixed-UCB-1sigma-Shield,5
2,2,5,0.0,0.0,0.6677499,0.6677499,0.9999999999985024,0.0,0.0,0.0,0.0,0.6,0,5,32782,PF,Fixed-UCB-1.64sigma-Shield,5
4,4,5,0.0,0.0,0.76313806,0.76313806,0.9999999999986896,0.0,0.0,0.0,0.0,0.6,0,5,32782,Greedy-SLA,Full-CertiTwin-q90,5
4,4,5,0.0,0.0,0.76313806,0.76313806,0.9999999999986896,0.0,0.0,0.0,0.0,0.6,0,5,32782,Greedy-SLA,SLA-Rule-Shield,5
4,4,5,0.0,0.0,0.76313806,0.76313806,0.9999999999986896,0.0,0.0,0.0,0.0,0.6,0,5,32782,Greedy-SLA,Fixed-UCB-1sigma-Shield,5
4,4,5,0.0,0.0,0.76313806,0.76313806,0.9999999999986896,0.0,0.0,0.0,0.0,0.6,0,5,32782,Greedy-SLA,Fixed-UCB-1.64sigma-Shield,5
0,2,5,1.0,0.0,0.76278657,0.6677499,0.875408569397236,1.0,21.0,0.0,0.0,0.6,0,5,32782,DT-Top1,Full-CertiTwin-q90,5
0,4,5,1.0,0.0,0.76278657,0.76313806,1.000460797309265,1.0,57.0,0.0,0.0,0.6,0,5,32782,DT-Top1,SLA-Rule-Shield,5
0,2,5,1.0,0.0,0.76278657,0.6677499,0.875408569397236,1.0,21.0,0.0,0.0,0.6,0,5,32782,DT-Top1,Fixed-UCB-1sigma-Shield,5
0,2,5,1.0,0.0,0.76278657,0.6677499,0.875408569397236,1.0,21.0,0.0,0.0,0.6,0,5,32782,DT-Top1,Fixed-UCB-1.64sigma-Shield,5
2,2,5,0.0,0.0,0.6677499,0.6677499,0.9999999999985024,0.0,0.0,0.0,0.0,0.6,0,5,26496,PF,Full-CertiTwin-q90,5
2,2,5,0.0,0.0,0.6677499,0.6677499,0.9999999999985024,0.0,0.0,0.0,0.0,0.6,0,5,26496,PF,SLA-Rule-Shield,5
2,2,5,0.0,0.0,0.6677499,0.6677499,0.9999999999985024,0.0,0.0,0.0,0.0,0.6,0,5,26496,PF,Fixed-UCB-1sigma-Shield,5
2,2,5,0.0,0.0,0.6677499,0.6677499,0.9999999999985024,0.0,0.0,0.0,0.0,0.6,0,5,26496,PF,Fixed-UCB-1.64sigma-Shield,5
4,4,5,0.0,0.0,0.76313806,0.76313806,0.9999999999986896,0.0,0.0,0.0,0.0,0.6,0,5,26496,Greedy-SLA,Full-CertiTwin-q90,5
4,4,5,0.0,0.0,0.76313806,0.76313806,0.9999999999986896,0.0,0.0,0.0,0.0,0.6,0,5,26496,Greedy-SLA,SLA-Rule-Shield,5
4,4,5,0.0,0.0,0.76313806,0.76313806,0.9999999999986896,0.0,0.0,0.0,0.0,0.6,0,5,26496,Greedy-SLA,Fixed-UCB-1sigma-Shield,5
4,4,5,0.0,0.0,0.76313806,0.76313806,0.9999999999986896,0.0,0.0,0.0,0.0,0.6,0,5,26496,Greedy-SLA,Fixed-UCB-1.64sigma-Shield,5
4,4,5,0.0,0.0,0.76313806,0.76313806,0.9999999999986896,0.0,0.0,0.0,0.0,0.6,0,5,26496,DT-Top1,Full-CertiTwin-q90,5
4,4,5,0.0,0.0,0.76313806,0.76313806,0.9999999999986896,0.0,0.0,0.0,0.0,0.6,0,5,26496,DT-Top1,SLA-Rule-Shield,5
4,4,5,0.0,0.0,0.76313806,0.76313806,0.9999999999986896,0.0,0.0,0.0,0.0,0.6,0,5,26496,DT-Top1,Fixed-UCB-1sigma-Shield,5
4,4,5,0.0,0.0,0.76313806,0.76313806,0.9999999999986896,0.0,0.0,0.0,0.0,0.6,0,5,26496,DT-Top1,Fixed-UCB-1.64sigma-Shield,5
2,2,5,0.0,0.0,0.65129316,0.65129316,0.9999999999984648,0.0,0.0,0.0,0.0,0.6,0,5,41527,PF,Full-CertiTwin-q90,5
2,2,5,0.0,0.0,0.65129316,0.65129316,0.9999999999984648,0.0,0.0,0.0,0.0,0.6,0,5,41527,PF,SLA-Rule-Shield,5
2,2,5,0.0,0.0,0.65129316,0.65129316,0.9999999999984648,0.0,0.0,0.0,0.0,0.6,0,5,41527,PF,Fixed-UCB-1sigma-Shield,5
2,2,5,0.0,0.0,0.65129316,0.65129316,0.9999999999984648,0.0,0.0,0.0,0.0,0.6,0,5,41527,PF,Fixed-UCB-1.64sigma-Shield,5
4,4,5,0.0,0.0,0.76313806,0.76313806,0.9999999999986896,0.0,0.0,0.0,0.0,0.6,0,5,41527,Greedy-SLA,Full-CertiTwin-q90,5
4,4,5,0.0,0.0,0.76313806,0.76313806,0.9999999999986896,0.0,0.0,0.0,0.0,0.6,0,5,41527,Greedy-SLA,SLA-Rule-Shield,5
4,4,5,0.0,0.0,0.76313806,0.76313806,0.9999999999986896,0.0,0.0,0.0,0.0,0.6,0,5,41527,Greedy-SLA,Fixed-UCB-1sigma-Shield,5
4,4,5,0.0,0.0,0.76313806,0.76313806,0.9999999999986896,0.0,0.0,0.0,0.0,0.6,0,5,41527,Greedy-SLA,Fixed-UCB-1.64sigma-Shield,5
0,2,5,1.0,0.0,0.76278657,0.65129316,0.8538340678954877,1.0,21.0,0.0,0.0,0.6,0,5,41527,DT-Top1,Full-CertiTwin-q90,5
0,4,5,1.0,0.0,0.76278657,0.76313806,1.000460797309265,1.0,57.0,0.0,0.0,0.6,0,5,41527,DT-Top1,SLA-Rule-Shield,5
0,2,5,1.0,0.0,0.76278657,0.65129316,0.8538340678954877,1.0,21.0,0.0,0.0,0.6,0,5,41527,DT-Top1,Fixed-UCB-1sigma-Shield,5
0,2,5,1.0,0.0,0.76278657,0.65129316,0.8538340678954877,1.0,21.0,0.0,0.0,0.6,0,5,41527,DT-Top1,Fixed-UCB-1.64sigma-Shield,5
2,2,5,0.0,0.0,0.6677499,0.6677499,0.9999999999985024,0.0,0.0,0.0,0.0,0.6,0,5,3584,PF,Full-CertiTwin-q90,5
2,2,5,0.0,0.0,0.6677499,0.6677499,0.9999999999985024,0.0,0.0,0.0,0.0,0.6,0,5,3584,PF,SLA-Rule-Shield,5
2,2,5,0.0,0.0,0.6677499,0.6677499,0.9999999999985024,0.0,0.0,0.0,0.0,0.6,0,5,3584,PF,Fixed-UCB-1sigma-Shield,5
2,2,5,0.0,0.0,0.6677499,0.6677499,0.9999999999985024,0.0,0.0,0.0,0.0,0.6,0,5,3584,PF,Fixed-UCB-1.64sigma-Shield,5
4,4,5,0.0,0.0,0.76313806,0.76313806,0.9999999999986896,0.0,0.0,0.0,0.0,0.6,0,5,3584,Greedy-SLA,Full-CertiTwin-q90,5
4,4,5,0.0,0.0,0.76313806,0.76313806,0.9999999999986896,0.0,0.0,0.0,0.0,0.6,0,5,3584,Greedy-SLA,SLA-Rule-Shield,5
4,4,5,0.0,0.0,0.76313806,0.76313806,0.9999999999986896,0.0,0.0,0.0,0.0,0.6,0,5,3584,Greedy-SLA,Fixed-UCB-1sigma-Shield,5
4,4,5,0.0,0.0,0.76313806,0.76313806,0.9999999999986896,0.0,0.0,0.0,0.0,0.6,0,5,3584,Greedy-SLA,Fixed-UCB-1.64sigma-Shield,5
0,2,5,1.0,0.0,0.76278657,0.6677499,0.875408569397236,1.0,21.0,0.0,0.0,0.6,0,5,3584,DT-Top1,Full-CertiTwin-q90,5
0,4,5,1.0,0.0,0.76278657,0.76313806,1.000460797309265,1.0,57.0,0.0,0.0,0.6,0,5,3584,DT-Top1,SLA-Rule-Shield,5
0,2,5,1.0,0.0,0.76278657,0.6677499,0.875408569397236,1.0,21.0,0.0,0.0,0.6,0,5,3584,DT-Top1,Fixed-UCB-1sigma-Shield,5
0,2,5,1.0,0.0,0.76278657,0.6677499,0.875408569397236,1.0,21.0,0.0,0.0,0.6,0,5,3584,DT-Top1,Fixed-UCB-1.64sigma-Shield,5
2,2,5,0.0,0.0,0.6682329,0.6682329,0.9999999999985036,0.0,0.0,0.0,0.0,0.6,0,5,4530,PF,Full-CertiTwin-q90,5
2,2,5,0.0,0.0,0.6682329,0.6682329,0.9999999999985036,0.0,0.0,0.0,0.0,0.6,0,5,4530,PF,SLA-Rule-Shield,5
2,2,5,0.0,0.0,0.6682329,0.6682329,0.9999999999985036,0.0,0.0,0.0,0.0,0.6,0,5,4530,PF,Fixed-UCB-1sigma-Shield,5
2,2,5,0.0,0.0,0.6682329,0.6682329,0.9999999999985036,0.0,0.0,0.0,0.0,0.6,0,5,4530,PF,Fixed-UCB-1.64sigma-Shield,5
4,4,5,0.0,0.0,0.76313806,0.76313806,0.9999999999986896,0.0,0.0,0.0,0.0,0.6,0,5,4530,Greedy-SLA,Full-CertiTwin-q90,5
4,4,5,0.0,0.0,0.76313806,0.76313806,0.9999999999986896,0.0,0.0,0.0,0.0,0.6,0,5,4530,Greedy-SLA,SLA-Rule-Shield,5
4,4,5,0.0,0.0,0.76313806,0.76313806,0.9999999999986896,0.0,0.0,0.0,0.0,0.6,0,5,4530,Greedy-SLA,Fixed-UCB-1sigma-Shield,5
4,4,5,0.0,0.0,0.76313806,0.76313806,0.9999999999986896,0.0,0.0,0.0,0.0,0.6,0,5,4530,Greedy-SLA,Fixed-UCB-1.64sigma-Shield,5
0,2,5,1.0,0.0,0.76278657,0.6682329,0.8760417740431953,1.0,21.0,0.0,0.0,0.6,0,5,4530,DT-Top1,Full-CertiTwin-q90,5
0,4,5,1.0,0.0,0.76278657,0.76313806,1.000460797309265,1.0,57.0,0.0,0.0,0.6,0,5,4530,DT-Top1,SLA-Rule-Shield,5
0,2,5,1.0,0.0,0.76278657,0.6682329,0.8760417740431953,1.0,21.0,0.0,0.0,0.6,0,5,4530,DT-Top1,Fixed-UCB-1sigma-Shield,5
0,2,5,1.0,0.0,0.76278657,0.6682329,0.8760417740431953,1.0,21.0,0.0,0.0,0.6,0,5,4530,DT-Top1,Fixed-UCB-1.64sigma-Shield,5
2,2,5,0.0,0.0,0.65129316,0.65129316,0.9999999999984648,0.0,0.0,0.0,0.0,0.6,0,5,19093,PF,Full-CertiTwin-q90,5
2,2,5,0.0,0.0,0.65129316,0.65129316,0.9999999999984648,0.0,0.0,0.0,0.0,0.6,0,5,19093,PF,SLA-Rule-Shield,5
2,2,5,0.0,0.0,0.65129316,0.65129316,0.9999999999984648,0.0,0.0,0.0,0.0,0.6,0,5,19093,PF,Fixed-UCB-1sigma-Shield,5
2,2,5,0.0,0.0,0.65129316,0.65129316,0.9999999999984648,0.0,0.0,0.0,0.0,0.6,0,5,19093,PF,Fixed-UCB-1.64sigma-Shield,5
4,4,5,0.0,0.0,0.76313806,0.76313806,0.9999999999986896,0.0,0.0,0.0,0.0,0.6,0,5,19093,Greedy-SLA,Full-CertiTwin-q90,5
4,4,5,0.0,0.0,0.76313806,0.76313806,0.9999999999986896,0.0,0.0,0.0,0.0,0.6,0,5,19093,Greedy-SLA,SLA-Rule-Shield,5
4,4,5,0.0,0.0,0.76313806,0.76313806,0.9999999999986896,0.0,0.0,0.0,0.0,0.6,0,5,19093,Greedy-SLA,Fixed-UCB-1sigma-Shield,5
4,4,5,0.0,0.0,0.76313806,0.76313806,0.9999999999986896,0.0,0.0,0.0,0.0,0.6,0,5,19093,Greedy-SLA,Fixed-UCB-1.64sigma-Shield,5
4,4,5,0.0,0.0,0.76313806,0.76313806,0.9999999999986896,0.0,0.0,0.0,0.0,0.6,0,5,19093,DT-Top1,Full-CertiTwin-q90,5
4,4,5,0.0,0.0,0.76313806,0.76313806,0.9999999999986896,0.0,0.0,0.0,0.0,0.6,0,5,19093,DT-Top1,SLA-Rule-Shield,5
4,4,5,0.0,0.0,0.76313806,0.76313806,0.9999999999986896,0.0,0.0,0.0,0.0,0.6,0,5,19093,DT-Top1,Fixed-UCB-1sigma-Shield,5
4,4,5,0.0,0.0,0.76313806,0.76313806,0.9999999999986896,0.0,0.0,0.0,0.0,0.6,0,5,19093,DT-Top1,Fixed-UCB-1.64sigma-Shield,5
2,2,5,0.0,0.0,0.6677499,0.6677499,0.9999999999985024,0.0,0.0,0.0,0.0,0.6,0,5,7048,PF,Full-CertiTwin-q90,5
2,2,5,0.0,0.0,0.6677499,0.6677499,0.9999999999985024,0.0,0.0,0.0,0.0,0.6,0,5,7048,PF,SLA-Rule-Shield,5
2,2,5,0.0,0.0,0.6677499,0.6677499,0.9999999999985024,0.0,0.0,0.0,0.0,0.6,0,5,7048,PF,Fixed-UCB-1sigma-Shield,5
2,2,5,0.0,0.0,0.6677499,0.6677499,0.9999999999985024,0.0,0.0,0.0,0.0,0.6,0,5,7048,PF,Fixed-UCB-1.64sigma-Shield,5
4,4,5,0.0,0.0,0.76313806,0.76313806,0.9999999999986896,0.0,0.0,0.0,0.0,0.6,0,5,7048,Greedy-SLA,Full-CertiTwin-q90,5
4,4,5,0.0,0.0,0.76313806,0.76313806,0.9999999999986896,0.0,0.0,0.0,0.0,0.6,0,5,7048,Greedy-SLA,SLA-Rule-Shield,5
4,4,5,0.0,0.0,0.76313806,0.76313806,0.9999999999986896,0.0,0.0,0.0,0.0,0.6,0,5,7048,Greedy-SLA,Fixed-UCB-1sigma-Shield,5
4,4,5,0.0,0.0,0.76313806,0.76313806,0.9999999999986896,0.0,0.0,0.0,0.0,0.6,0,5,7048,Greedy-SLA,Fixed-UCB-1.64sigma-Shield,5
4,4,5,0.0,0.0,0.76313806,0.76313806,0.9999999999986896,0.0,0.0,0.0,0.0,0.6,0,5,7048,DT-Top1,Full-CertiTwin-q90,5
4,4,5,0.0,0.0,0.76313806,0.76313806,0.9999999999986896,0.0,0.0,0.0,0.0,0.6,0,5,7048,DT-Top1,SLA-Rule-Shield,5
4,4,5,0.0,0.0,0.76313806,0.76313806,0.9999999999986896,0.0,0.0,0.0,0.0,0.6,0,5,7048,DT-Top1,Fixed-UCB-1sigma-Shield,5
4,4,5,0.0,0.0,0.76313806,0.76313806,0.9999999999986896,0.0,0.0,0.0,0.0,0.6,0,5,7048,DT-Top1,Fixed-UCB-1.64sigma-Shield,5
2,2,5,0.0,0.0,0.6677499,0.6677499,0.9999999999985024,0.0,0.0,0.0,0.0,0.6,0,5,21972,PF,Full-CertiTwin-q90,5
2,2,5,0.0,0.0,0.6677499,0.6677499,0.9999999999985024,0.0,0.0,0.0,0.0,0.6,0,5,21972,PF,SLA-Rule-Shield,5
2,2,5,0.0,0.0,0.6677499,0.6677499,0.9999999999985024,0.0,0.0,0.0,0.0,0.6,0,5,21972,PF,Fixed-UCB-1sigma-Shield,5
2,2,5,0.0,0.0,0.6677499,0.6677499,0.9999999999985024,0.0,0.0,0.0,0.0,0.6,0,5,21972,PF,Fixed-UCB-1.64sigma-Shield,5
4,4,5,0.0,0.0,0.76313806,0.76313806,0.9999999999986896,0.0,0.0,0.0,0.0,0.6,0,5,21972,Greedy-SLA,Full-CertiTwin-q90,5
4,4,5,0.0,0.0,0.76313806,0.76313806,0.9999999999986896,0.0,0.0,0.0,0.0,0.6,0,5,21972,Greedy-SLA,SLA-Rule-Shield,5
4,4,5,0.0,0.0,0.76313806,0.76313806,0.9999999999986896,0.0,0.0,0.0,0.0,0.6,0,5,21972,Greedy-SLA,Fixed-UCB-1sigma-Shield,5
4,4,5,0.0,0.0,0.76313806,0.76313806,0.9999999999986896,0.0,0.0,0.0,0.0,0.6,0,5,21972,Greedy-SLA,Fixed-UCB-1.64sigma-Shield,5
0,2,5,1.0,0.0,0.76278657,0.6677499,0.875408569397236,1.0,21.0,0.0,0.0,0.6,0,5,21972,DT-Top1,Full-CertiTwin-q90,5
0,4,5,1.0,0.0,0.76278657,0.76313806,1.000460797309265,1.0,57.0,0.0,0.0,0.6,0,5,21972,DT-Top1,SLA-Rule-Shield,5
0,2,5,1.0,0.0,0.76278657,0.6677499,0.875408569397236,1.0,21.0,0.0,0.0,0.6,0,5,21972,DT-Top1,Fixed-UCB-1sigma-Shield,5
0,2,5,1.0,0.0,0.76278657,0.6677499,0.875408569397236,1.0,21.0,0.0,0.0,0.6,0,5,21972,DT-Top1,Fixed-UCB-1.64sigma-Shield,5
2,2,5,0.0,0.0,0.6677499,0.6677499,0.9999999999985024,0.0,0.0,0.0,0.0,0.6,0,5,2648,PF,Full-CertiTwin-q90,5
2,2,5,0.0,0.0,0.6677499,0.6677499,0.9999999999985024,0.0,0.0,0.0,0.0,0.6,0,5,2648,PF,SLA-Rule-Shield,5
2,2,5,0.0,0.0,0.6677499,0.6677499,0.9999999999985024,0.0,0.0,0.0,0.0,0.6,0,5,2648,PF,Fixed-UCB-1sigma-Shield,5
2,2,5,0.0,0.0,0.6677499,0.6677499,0.9999999999985024,0.0,0.0,0.0,0.0,0.6,0,5,2648,PF,Fixed-UCB-1.64sigma-Shield,5
0,2,5,1.0,0.0,0.76278657,0.6677499,0.875408569397236,1.0,21.0,0.0,0.0,0.6,0,5,2648,Greedy-SLA,Full-CertiTwin-q90,5
0,4,5,1.0,0.0,0.76278657,0.7566483,0.9919528341971308,1.0,57.0,0.0,0.0,0.6,0,5,2648,Greedy-SLA,SLA-Rule-Shield,5
0,2,5,1.0,0.0,0.76278657,0.6677499,0.875408569397236,1.0,21.0,0.0,0.0,0.6,0,5,2648,Greedy-SLA,Fixed-UCB-1sigma-Shield,5
0,2,5,1.0,0.0,0.76278657,0.6677499,0.875408569397236,1.0,21.0,0.0,0.0,0.6,0,5,2648,Greedy-SLA,Fixed-UCB-1.64sigma-Shield,5
0,2,5,1.0,0.0,0.76278657,0.6677499,0.875408569397236,1.0,21.0,0.0,0.0,0.6,0,5,2648,DT-Top1,Full-CertiTwin-q90,5
0,4,5,1.0,0.0,0.76278657,0.7566483,0.9919528341971308,1.0,57.0,0.0,0.0,0.6,0,5,2648,DT-Top1,SLA-Rule-Shield,5
0,2,5,1.0,0.0,0.76278657,0.6677499,0.875408569397236,1.0,21.0,0.0,0.0,0.6,0,5,2648,DT-Top1,Fixed-UCB-1sigma-Shield,5
0,2,5,1.0,0.0,0.76278657,0.6677499,0.875408569397236,1.0,21.0,0.0,0.0,0.6,0,5,2648,DT-Top1,Fixed-UCB-1.64sigma-Shield,5
2,2,5,0.0,0.0,0.6677499,0.6677499,0.9999999999985024,0.0,0.0,0.0,0.0,0.6,0,5,2737,PF,Full-CertiTwin-q90,5
2,2,5,0.0,0.0,0.6677499,0.6677499,0.9999999999985024,0.0,0.0,0.0,0.0,0.6,0,5,2737,PF,SLA-Rule-Shield,5
2,2,5,0.0,0.0,0.6677499,0.6677499,0.9999999999985024,0.0,0.0,0.0,0.0,0.6,0,5,2737,PF,Fixed-UCB-1sigma-Shield,5
2,2,5,0.0,0.0,0.6677499,0.6677499,0.9999999999985024,0.0,0.0,0.0,0.0,0.6,0,5,2737,PF,Fixed-UCB-1.64sigma-Shield,5
4,4,5,0.0,0.0,0.76313806,0.76313806,0.9999999999986896,0.0,0.0,0.0,0.0,0.6,0,5,2737,Greedy-SLA,Full-CertiTwin-q90,5
4,4,5,0.0,0.0,0.76313806,0.76313806,0.9999999999986896,0.0,0.0,0.0,0.0,0.6,0,5,2737,Greedy-SLA,SLA-Rule-Shield,5
4,4,5,0.0,0.0,0.76313806,0.76313806,0.9999999999986896,0.0,0.0,0.0,0.0,0.6,0,5,2737,Greedy-SLA,Fixed-UCB-1sigma-Shield,5
4,4,5,0.0,0.0,0.76313806,0.76313806,0.9999999999986896,0.0,0.0,0.0,0.0,0.6,0,5,2737,Greedy-SLA,Fixed-UCB-1.64sigma-Shield,5
0,2,5,1.0,0.0,0.76278657,0.6677499,0.875408569397236,1.0,21.0,0.0,0.0,0.6,0,5,2737,DT-Top1,Full-CertiTwin-q90,5
0,4,5,1.0,0.0,0.76278657,0.76313806,1.000460797309265,1.0,57.0,0.0,0.0,0.6,0,5,2737,DT-Top1,SLA-Rule-Shield,5
0,2,5,1.0,0.0,0.76278657,0.6677499,0.875408569397236,1.0,21.0,0.0,0.0,0.6,0,5,2737,DT-Top1,Fixed-UCB-1sigma-Shield,5
0,2,5,1.0,0.0,0.76278657,0.6677499,0.875408569397236,1.0,21.0,0.0,0.0,0.6,0,5,2737,DT-Top1,Fixed-UCB-1.64sigma-Shield,5
2,2,5,0.0,0.0,0.6677499,0.6677499,0.9999999999985024,0.0,0.0,0.0,0.0,0.6,0,5,33186,PF,Full-CertiTwin-q90,5
2,2,5,0.0,0.0,0.6677499,0.6677499,0.9999999999985024,0.0,0.0,0.0,0.0,0.6,0,5,33186,PF,SLA-Rule-Shield,5
2,2,5,0.0,0.0,0.6677499,0.6677499,0.9999999999985024,0.0,0.0,0.0,0.0,0.6,0,5,33186,PF,Fixed-UCB-1sigma-Shield,5
2,2,5,0.0,0.0,0.6677499,0.6677499,0.9999999999985024,0.0,0.0,0.0,0.0,0.6,0,5,33186,PF,Fixed-UCB-1.64sigma-Shield,5
0,2,5,1.0,0.0,0.76278657,0.6677499,0.875408569397236,1.0,21.0,0.0,0.0,0.6,0,5,33186,Greedy-SLA,Full-CertiTwin-q90,5
0,4,5,1.0,0.0,0.76278657,0.76313806,1.000460797309265,1.0,57.0,0.0,0.0,0.6,0,5,33186,Greedy-SLA,SLA-Rule-Shield,5
0,2,5,1.0,0.0,0.76278657,0.6677499,0.875408569397236,1.0,21.0,0.0,0.0,0.6,0,5,33186,Greedy-SLA,Fixed-UCB-1sigma-Shield,5
0,2,5,1.0,0.0,0.76278657,0.6677499,0.875408569397236,1.0,21.0,0.0,0.0,0.6,0,5,33186,Greedy-SLA,Fixed-UCB-1.64sigma-Shield,5
0,2,5,1.0,0.0,0.76278657,0.6677499,0.875408569397236,1.0,21.0,0.0,0.0,0.6,0,5,33186,DT-Top1,Full-CertiTwin-q90,5
0,4,5,1.0,0.0,0.76278657,0.76313806,1.000460797309265,1.0,57.0,0.0,0.0,0.6,0,5,33186,DT-Top1,SLA-Rule-Shield,5
0,2,5,1.0,0.0,0.76278657,0.6677499,0.875408569397236,1.0,21.0,0.0,0.0,0.6,0,5,33186,DT-Top1,Fixed-UCB-1sigma-Shield,5
0,2,5,1.0,0.0,0.76278657,0.6677499,0.875408569397236,1.0,21.0,0.0,0.0,0.6,0,5,33186,DT-Top1,Fixed-UCB-1.64sigma-Shield,5
2,2,5,0.0,0.0,0.6677499,0.6677499,0.9999999999985024,0.0,0.0,0.0,0.0,0.6,0,5,51787,PF,Full-CertiTwin-q90,5
2,2,5,0.0,0.0,0.6677499,0.6677499,0.9999999999985024,0.0,0.0,0.0,0.0,0.6,0,5,51787,PF,SLA-Rule-Shield,5
2,2,5,0.0,0.0,0.6677499,0.6677499,0.9999999999985024,0.0,0.0,0.0,0.0,0.6,0,5,51787,PF,Fixed-UCB-1sigma-Shield,5
2,2,5,0.0,0.0,0.6677499,0.6677499,0.9999999999985024,0.0,0.0,0.0,0.0,0.6,0,5,51787,PF,Fixed-UCB-1.64sigma-Shield,5
4,4,5,0.0,0.0,0.76313806,0.76313806,0.9999999999986896,0.0,0.0,0.0,0.0,0.6,0,5,51787,Greedy-SLA,Full-CertiTwin-q90,5
4,4,5,0.0,0.0,0.76313806,0.76313806,0.9999999999986896,0.0,0.0,0.0,0.0,0.6,0,5,51787,Greedy-SLA,SLA-Rule-Shield,5
4,4,5,0.0,0.0,0.76313806,0.76313806,0.9999999999986896,0.0,0.0,0.0,0.0,0.6,0,5,51787,Greedy-SLA,Fixed-UCB-1sigma-Shield,5
4,4,5,0.0,0.0,0.76313806,0.76313806,0.9999999999986896,0.0,0.0,0.0,0.0,0.6,0,5,51787,Greedy-SLA,Fixed-UCB-1.64sigma-Shield,5
0,2,5,1.0,0.0,0.76278657,0.6677499,0.875408569397236,1.0,21.0,0.0,0.0,0.6,0,5,51787,DT-Top1,Full-CertiTwin-q90,5
0,4,5,1.0,0.0,0.76278657,0.76313806,1.000460797309265,1.0,57.0,0.0,0.0,0.6,0,5,51787,DT-Top1,SLA-Rule-Shield,5
0,2,5,1.0,0.0,0.76278657,0.6677499,0.875408569397236,1.0,21.0,0.0,0.0,0.6,0,5,51787,DT-Top1,Fixed-UCB-1sigma-Shield,5
0,2,5,1.0,0.0,0.76278657,0.6677499,0.875408569397236,1.0,21.0,0.0,0.0,0.6,0,5,51787,DT-Top1,Fixed-UCB-1.64sigma-Shield,5
2,2,5,0.0,0.0,0.6677499,0.6677499,0.9999999999985024,0.0,0.0,0.0,0.0,0.6,0,5,14856,PF,Full-CertiTwin-q90,5
2,2,5,0.0,0.0,0.6677499,0.6677499,0.9999999999985024,0.0,0.0,0.0,0.0,0.6,0,5,14856,PF,SLA-Rule-Shield,5
2,2,5,0.0,0.0,0.6677499,0.6677499,0.9999999999985024,0.0,0.0,0.0,0.0,0.6,0,5,14856,PF,Fixed-UCB-1sigma-Shield,5
2,2,5,0.0,0.0,0.6677499,0.6677499,0.9999999999985024,0.0,0.0,0.0,0.0,0.6,0,5,14856,PF,Fixed-UCB-1.64sigma-Shield,5
4,4,5,0.0,0.0,0.76313806,0.76313806,0.9999999999986896,0.0,0.0,0.0,0.0,0.6,0,5,14856,Greedy-SLA,Full-CertiTwin-q90,5
4,4,5,0.0,0.0,0.76313806,0.76313806,0.9999999999986896,0.0,0.0,0.0,0.0,0.6,0,5,14856,Greedy-SLA,SLA-Rule-Shield,5
4,4,5,0.0,0.0,0.76313806,0.76313806,0.9999999999986896,0.0,0.0,0.0,0.0,0.6,0,5,14856,Greedy-SLA,Fixed-UCB-1sigma-Shield,5
4,4,5,0.0,0.0,0.76313806,0.76313806,0.9999999999986896,0.0,0.0,0.0,0.0,0.6,0,5,14856,Greedy-SLA,Fixed-UCB-1.64sigma-Shield,5
0,2,5,1.0,0.0,0.77741534,0.6677499,0.8589358424534574,1.0,21.0,0.0,0.0,0.6,0,5,14856,DT-Top1,Full-CertiTwin-q90,5
0,4,5,1.0,0.0,0.77741534,0.76313806,0.981634939180668,1.0,57.0,0.0,0.0,0.6,0,5,14856,DT-Top1,SLA-Rule-Shield,5
0,2,5,1.0,0.0,0.77741534,0.6677499,0.8589358424534574,1.0,21.0,0.0,0.0,0.6,0,5,14856,DT-Top1,Fixed-UCB-1sigma-Shield,5
0,2,5,1.0,0.0,0.77741534,0.6677499,0.8589358424534574,1.0,21.0,0.0,0.0,0.6,0,5,14856,DT-Top1,Fixed-UCB-1.64sigma-Shield,5
2,2,5,0.0,0.0,0.7186651,0.7186651,0.9999999999986086,0.0,0.0,0.0,0.0,0.6,0,5,46725,PF,Full-CertiTwin-q90,5
2,2,5,0.0,0.0,0.7186651,0.7186651,0.9999999999986086,0.0,0.0,0.0,0.0,0.6,0,5,46725,PF,SLA-Rule-Shield,5
2,2,5,0.0,0.0,0.7186651,0.7186651,0.9999999999986086,0.0,0.0,0.0,0.0,0.6,0,5,46725,PF,Fixed-UCB-1sigma-Shield,5
2,2,5,0.0,0.0,0.7186651,0.7186651,0.9999999999986086,0.0,0.0,0.0,0.0,0.6,0,5,46725,PF,Fixed-UCB-1.64sigma-Shield,5
4,4,5,0.0,0.0,0.76313806,0.76313806,0.9999999999986896,0.0,0.0,0.0,0.0,0.6,0,5,46725,Greedy-SLA,Full-CertiTwin-q90,5
4,4,5,0.0,0.0,0.76313806,0.76313806,0.9999999999986896,0.0,0.0,0.0,0.0,0.6,0,5,46725,Greedy-SLA,SLA-Rule-Shield,5
4,4,5,0.0,0.0,0.76313806,0.76313806,0.9999999999986896,0.0,0.0,0.0,0.0,0.6,0,5,46725,Greedy-SLA,Fixed-UCB-1sigma-Shield,5
4,4,5,0.0,0.0,0.76313806,0.76313806,0.9999999999986896,0.0,0.0,0.0,0.0,0.6,0,5,46725,Greedy-SLA,Fixed-UCB-1.64sigma-Shield,5
4,4,5,0.0,0.0,0.76313806,0.76313806,0.9999999999986896,0.0,0.0,0.0,0.0,0.6,0,5,46725,DT-Top1,Full-CertiTwin-q90,5
4,4,5,0.0,0.0,0.76313806,0.76313806,0.9999999999986896,0.0,0.0,0.0,0.0,0.6,0,5,46725,DT-Top1,SLA-Rule-Shield,5
4,4,5,0.0,0.0,0.76313806,0.76313806,0.9999999999986896,0.0,0.0,0.0,0.0,0.6,0,5,46725,DT-Top1,Fixed-UCB-1sigma-Shield,5
4,4,5,0.0,0.0,0.76313806,0.76313806,0.9999999999986896,0.0,0.0,0.0,0.0,0.6,0,5,46725,DT-Top1,Fixed-UCB-1.64sigma-Shield,5
2,2,5,0.0,0.0,0.6677499,0.6677499,0.9999999999985024,0.0,0.0,0.0,0.0,0.6,0,5,16189,PF,Full-CertiTwin-q90,5
2,2,5,0.0,0.0,0.6677499,0.6677499,0.9999999999985024,0.0,0.0,0.0,0.0,0.6,0,5,16189,PF,SLA-Rule-Shield,5
2,2,5,0.0,0.0,0.6677499,0.6677499,0.9999999999985024,0.0,0.0,0.0,0.0,0.6,0,5,16189,PF,Fixed-UCB-1sigma-Shield,5
2,2,5,0.0,0.0,0.6677499,0.6677499,0.9999999999985024,0.0,0.0,0.0,0.0,0.6,0,5,16189,PF,Fixed-UCB-1.64sigma-Shield,5
4,4,5,0.0,0.0,0.78614604,0.78614604,0.999999999998728,0.0,0.0,0.0,0.0,0.6,0,5,16189,Greedy-SLA,Full-CertiTwin-q90,5
4,4,5,0.0,0.0,0.78614604,0.78614604,0.999999999998728,0.0,0.0,0.0,0.0,0.6,0,5,16189,Greedy-SLA,SLA-Rule-Shield,5
4,4,5,0.0,0.0,0.78614604,0.78614604,0.999999999998728,0.0,0.0,0.0,0.0,0.6,0,5,16189,Greedy-SLA,Fixed-UCB-1sigma-Shield,5
4,4,5,0.0,0.0,0.78614604,0.78614604,0.999999999998728,0.0,0.0,0.0,0.0,0.6,0,5,16189,Greedy-SLA,Fixed-UCB-1.64sigma-Shield,5
0,2,5,1.0,0.0,0.76278657,0.6677499,0.875408569397236,1.0,21.0,0.0,0.0,0.6,0,5,16189,DT-Top1,Full-CertiTwin-q90,5
0,4,5,1.0,0.0,0.76278657,0.78614604,1.0306238611397804,1.0,57.0,0.0,0.0,0.6,0,5,16189,DT-Top1,SLA-Rule-Shield,5
0,2,5,1.0,0.0,0.76278657,0.6677499,0.875408569397236,1.0,21.0,0.0,0.0,0.6,0,5,16189,DT-Top1,Fixed-UCB-1sigma-Shield,5
0,2,5,1.0,0.0,0.76278657,0.6677499,0.875408569397236,1.0,21.0,0.0,0.0,0.6,0,5,16189,DT-Top1,Fixed-UCB-1.64sigma-Shield,5
2,2,5,0.0,0.0,0.7186651,0.7186651,0.9999999999986086,0.0,0.0,0.0,0.0,0.6,0,5,19799,PF,Full-CertiTwin-q90,5
2,2,5,0.0,0.0,0.7186651,0.7186651,0.9999999999986086,0.0,0.0,0.0,0.0,0.6,0,5,19799,PF,SLA-Rule-Shield,5
2,2,5,0.0,0.0,0.7186651,0.7186651,0.9999999999986086,0.0,0.0,0.0,0.0,0.6,0,5,19799,PF,Fixed-UCB-1sigma-Shield,5
2,2,5,0.0,0.0,0.7186651,0.7186651,0.9999999999986086,0.0,0.0,0.0,0.0,0.6,0,5,19799,PF,Fixed-UCB-1.64sigma-Shield,5
4,4,5,0.0,0.0,0.76313806,0.76313806,0.9999999999986896,0.0,0.0,0.0,0.0,0.6,0,5,19799,Greedy-SLA,Full-CertiTwin-q90,5
4,4,5,0.0,0.0,0.76313806,0.76313806,0.9999999999986896,0.0,0.0,0.0,0.0,0.6,0,5,19799,Greedy-SLA,SLA-Rule-Shield,5
4,4,5,0.0,0.0,0.76313806,0.76313806,0.9999999999986896,0.0,0.0,0.0,0.0,0.6,0,5,19799,Greedy-SLA,Fixed-UCB-1sigma-Shield,5
4,4,5,0.0,0.0,0.76313806,0.76313806,0.9999999999986896,0.0,0.0,0.0,0.0,0.6,0,5,19799,Greedy-SLA,Fixed-UCB-1.64sigma-Shield,5
4,4,5,0.0,0.0,0.76313806,0.76313806,0.9999999999986896,0.0,0.0,0.0,0.0,0.6,0,5,19799,DT-Top1,Full-CertiTwin-q90,5
4,4,5,0.0,0.0,0.76313806,0.76313806,0.9999999999986896,0.0,0.0,0.0,0.0,0.6,0,5,19799,DT-Top1,SLA-Rule-Shield,5
4,4,5,0.0,0.0,0.76313806,0.76313806,0.9999999999986896,0.0,0.0,0.0,0.0,0.6,0,5,19799,DT-Top1,Fixed-UCB-1sigma-Shield,5
4,4,5,0.0,0.0,0.76313806,0.76313806,0.9999999999986896,0.0,0.0,0.0,0.0,0.6,0,5,19799,DT-Top1,Fixed-UCB-1.64sigma-Shield,5
2,2,5,0.0,0.0,0.6780778,0.6780778,0.9999999999985252,0.0,0.0,0.0,0.0,0.6,0,5,8665,PF,Full-CertiTwin-q90,5
2,2,5,0.0,0.0,0.6780778,0.6780778,0.9999999999985252,0.0,0.0,0.0,0.0,0.6,0,5,8665,PF,SLA-Rule-Shield,5
2,2,5,0.0,0.0,0.6780778,0.6780778,0.9999999999985252,0.0,0.0,0.0,0.0,0.6,0,5,8665,PF,Fixed-UCB-1sigma-Shield,5
2,2,5,0.0,0.0,0.6780778,0.6780778,0.9999999999985252,0.0,0.0,0.0,0.0,0.6,0,5,8665,PF,Fixed-UCB-1.64sigma-Shield,5
4,4,5,0.0,0.0,0.76313806,0.76313806,0.9999999999986896,0.0,0.0,0.0,0.0,0.6,0,5,8665,Greedy-SLA,Full-CertiTwin-q90,5
4,4,5,0.0,0.0,0.76313806,0.76313806,0.9999999999986896,0.0,0.0,0.0,0.0,0.6,0,5,8665,Greedy-SLA,SLA-Rule-Shield,5
4,4,5,0.0,0.0,0.76313806,0.76313806,0.9999999999986896,0.0,0.0,0.0,0.0,0.6,0,5,8665,Greedy-SLA,Fixed-UCB-1sigma-Shield,5
4,4,5,0.0,0.0,0.76313806,0.76313806,0.9999999999986896,0.0,0.0,0.0,0.0,0.6,0,5,8665,Greedy-SLA,Fixed-UCB-1.64sigma-Shield,5
4,4,5,0.0,0.0,0.76313806,0.76313806,0.9999999999986896,0.0,0.0,0.0,0.0,0.6,0,5,8665,DT-Top1,Full-CertiTwin-q90,5
4,4,5,0.0,0.0,0.76313806,0.76313806,0.9999999999986896,0.0,0.0,0.0,0.0,0.6,0,5,8665,DT-Top1,SLA-Rule-Shield,5
4,4,5,0.0,0.0,0.76313806,0.76313806,0.9999999999986896,0.0,0.0,0.0,0.0,0.6,0,5,8665,DT-Top1,Fixed-UCB-1sigma-Shield,5
4,4,5,0.0,0.0,0.76313806,0.76313806,0.9999999999986896,0.0,0.0,0.0,0.0,0.6,0,5,8665,DT-Top1,Fixed-UCB-1.64sigma-Shield,5
2,2,5,0.0,0.0,0.6677499,0.6677499,0.9999999999985024,0.0,0.0,0.0,0.0,0.6,0,5,14347,PF,Full-CertiTwin-q90,5
2,2,5,0.0,0.0,0.6677499,0.6677499,0.9999999999985024,0.0,0.0,0.0,0.0,0.6,0,5,14347,PF,SLA-Rule-Shield,5
2,2,5,0.0,0.0,0.6677499,0.6677499,0.9999999999985024,0.0,0.0,0.0,0.0,0.6,0,5,14347,PF,Fixed-UCB-1sigma-Shield,5
2,2,5,0.0,0.0,0.6677499,0.6677499,0.9999999999985024,0.0,0.0,0.0,0.0,0.6,0,5,14347,PF,Fixed-UCB-1.64sigma-Shield,5
4,4,5,0.0,0.0,0.76313806,0.76313806,0.9999999999986896,0.0,0.0,0.0,0.0,0.6,0,5,14347,Greedy-SLA,Full-CertiTwin-q90,5
4,4,5,0.0,0.0,0.76313806,0.76313806,0.9999999999986896,0.0,0.0,0.0,0.0,0.6,0,5,14347,Greedy-SLA,SLA-Rule-Shield,5
4,4,5,0.0,0.0,0.76313806,0.76313806,0.9999999999986896,0.0,0.0,0.0,0.0,0.6,0,5,14347,Greedy-SLA,Fixed-UCB-1sigma-Shield,5
4,4,5,0.0,0.0,0.76313806,0.76313806,0.9999999999986896,0.0,0.0,0.0,0.0,0.6,0,5,14347,Greedy-SLA,Fixed-UCB-1.64sigma-Shield,5
0,2,5,1.0,0.0,0.77741534,0.6677499,0.8589358424534574,1.0,21.0,0.0,0.0,0.6,0,5,14347,DT-Top1,Full-CertiTwin-q90,5
0,4,5,1.0,0.0,0.77741534,0.76313806,0.981634939180668,1.0,57.0,0.0,0.0,0.6,0,5,14347,DT-Top1,SLA-Rule-Shield,5
0,2,5,1.0,0.0,0.77741534,0.6677499,0.8589358424534574,1.0,21.0,0.0,0.0,0.6,0,5,14347,DT-Top1,Fixed-UCB-1sigma-Shield,5
0,2,5,1.0,0.0,0.77741534,0.6677499,0.8589358424534574,1.0,21.0,0.0,0.0,0.6,0,5,14347,DT-Top1,Fixed-UCB-1.64sigma-Shield,5
2,2,5,0.0,0.0,0.6677499,0.6677499,0.9999999999985024,0.0,0.0,0.0,0.0,0.6,0,5,32060,PF,Full-CertiTwin-q90,5
2,2,5,0.0,0.0,0.6677499,0.6677499,0.9999999999985024,0.0,0.0,0.0,0.0,0.6,0,5,32060,PF,SLA-Rule-Shield,5
2,2,5,0.0,0.0,0.6677499,0.6677499,0.9999999999985024,0.0,0.0,0.0,0.0,0.6,0,5,32060,PF,Fixed-UCB-1sigma-Shield,5
2,2,5,0.0,0.0,0.6677499,0.6677499,0.9999999999985024,0.0,0.0,0.0,0.0,0.6,0,5,32060,PF,Fixed-UCB-1.64sigma-Shield,5
4,4,5,0.0,0.0,0.76313806,0.76313806,0.9999999999986896,0.0,0.0,0.0,0.0,0.6,0,5,32060,Greedy-SLA,Full-CertiTwin-q90,5
4,4,5,0.0,0.0,0.76313806,0.76313806,0.9999999999986896,0.0,0.0,0.0,0.0,0.6,0,5,32060,Greedy-SLA,SLA-Rule-Shield,5
4,4,5,0.0,0.0,0.76313806,0.76313806,0.9999999999986896,0.0,0.0,0.0,0.0,0.6,0,5,32060,Greedy-SLA,Fixed-UCB-1sigma-Shield,5
4,4,5,0.0,0.0,0.76313806,0.76313806,0.9999999999986896,0.0,0.0,0.0,0.0,0.6,0,5,32060,Greedy-SLA,Fixed-UCB-1.64sigma-Shield,5
0,2,5,1.0,0.0,0.77741534,0.6677499,0.8589358424534574,1.0,21.0,0.0,0.0,0.6,0,5,32060,DT-Top1,Full-CertiTwin-q90,5
0,4,5,1.0,0.0,0.77741534,0.76313806,0.981634939180668,1.0,57.0,0.0,0.0,0.6,0,5,32060,DT-Top1,SLA-Rule-Shield,5
0,2,5,1.0,0.0,0.77741534,0.6677499,0.8589358424534574,1.0,21.0,0.0,0.0,0.6,0,5,32060,DT-Top1,Fixed-UCB-1sigma-Shield,5
0,2,5,1.0,0.0,0.77741534,0.6677499,0.8589358424534574,1.0,21.0,0.0,0.0,0.6,0,5,32060,DT-Top1,Fixed-UCB-1.64sigma-Shield,5
2,2,5,0.0,0.0,0.6677499,0.6677499,0.9999999999985024,0.0,0.0,0.0,0.0,0.6,0,5,6984,PF,Full-CertiTwin-q90,5
2,2,5,0.0,0.0,0.6677499,0.6677499,0.9999999999985024,0.0,0.0,0.0,0.0,0.6,0,5,6984,PF,SLA-Rule-Shield,5
2,2,5,0.0,0.0,0.6677499,0.6677499,0.9999999999985024,0.0,0.0,0.0,0.0,0.6,0,5,6984,PF,Fixed-UCB-1sigma-Shield,5
2,2,5,0.0,0.0,0.6677499,0.6677499,0.9999999999985024,0.0,0.0,0.0,0.0,0.6,0,5,6984,PF,Fixed-UCB-1.64sigma-Shield,5
4,4,5,0.0,0.0,0.76313806,0.76313806,0.9999999999986896,0.0,0.0,0.0,0.0,0.6,0,5,6984,Greedy-SLA,Full-CertiTwin-q90,5
4,4,5,0.0,0.0,0.76313806,0.76313806,0.9999999999986896,0.0,0.0,0.0,0.0,0.6,0,5,6984,Greedy-SLA,SLA-Rule-Shield,5
4,4,5,0.0,0.0,0.76313806,0.76313806,0.9999999999986896,0.0,0.0,0.0,0.0,0.6,0,5,6984,Greedy-SLA,Fixed-UCB-1sigma-Shield,5
4,4,5,0.0,0.0,0.76313806,0.76313806,0.9999999999986896,0.0,0.0,0.0,0.0,0.6,0,5,6984,Greedy-SLA,Fixed-UCB-1.64sigma-Shield,5
4,4,5,0.0,0.0,0.76313806,0.76313806,0.9999999999986896,0.0,0.0,0.0,0.0,0.6,0,5,6984,DT-Top1,Full-CertiTwin-q90,5
4,4,5,0.0,0.0,0.76313806,0.76313806,0.9999999999986896,0.0,0.0,0.0,0.0,0.6,0,5,6984,DT-Top1,SLA-Rule-Shield,5
4,4,5,0.0,0.0,0.76313806,0.76313806,0.9999999999986896,0.0,0.0,0.0,0.0,0.6,0,5,6984,DT-Top1,Fixed-UCB-1sigma-Shield,5
4,4,5,0.0,0.0,0.76313806,0.76313806,0.9999999999986896,0.0,0.0,0.0,0.0,0.6,0,5,6984,DT-Top1,Fixed-UCB-1.64sigma-Shield,5
2,2,5,0.0,0.0,0.6677499,0.6677499,0.9999999999985024,0.0,0.0,0.0,0.0,0.6,0,5,6585,PF,Full-CertiTwin-q90,5
2,2,5,0.0,0.0,0.6677499,0.6677499,0.9999999999985024,0.0,0.0,0.0,0.0,0.6,0,5,6585,PF,SLA-Rule-Shield,5
2,2,5,0.0,0.0,0.6677499,0.6677499,0.9999999999985024,0.0,0.0,0.0,0.0,0.6,0,5,6585,PF,Fixed-UCB-1sigma-Shield,5
2,2,5,0.0,0.0,0.6677499,0.6677499,0.9999999999985024,0.0,0.0,0.0,0.0,0.6,0,5,6585,PF,Fixed-UCB-1.64sigma-Shield,5
4,4,5,0.0,0.0,0.76313806,0.76313806,0.9999999999986896,0.0,0.0,0.0,0.0,0.6,0,5,6585,Greedy-SLA,Full-CertiTwin-q90,5
4,4,5,0.0,0.0,0.76313806,0.76313806,0.9999999999986896,0.0,0.0,0.0,0.0,0.6,0,5,6585,Greedy-SLA,SLA-Rule-Shield,5
4,4,5,0.0,0.0,0.76313806,0.76313806,0.9999999999986896,0.0,0.0,0.0,0.0,0.6,0,5,6585,Greedy-SLA,Fixed-UCB-1sigma-Shield,5
4,4,5,0.0,0.0,0.76313806,0.76313806,0.9999999999986896,0.0,0.0,0.0,0.0,0.6,0,5,6585,Greedy-SLA,Fixed-UCB-1.64sigma-Shield,5
0,2,5,1.0,0.0,0.77741534,0.6677499,0.8589358424534574,1.0,21.0,0.0,0.0,0.6,0,5,6585,DT-Top1,Full-CertiTwin-q90,5
0,4,5,1.0,0.0,0.77741534,0.76313806,0.981634939180668,1.0,57.0,0.0,0.0,0.6,0,5,6585,DT-Top1,SLA-Rule-Shield,5
0,2,5,1.0,0.0,0.77741534,0.6677499,0.8589358424534574,1.0,21.0,0.0,0.0,0.6,0,5,6585,DT-Top1,Fixed-UCB-1sigma-Shield,5
0,2,5,1.0,0.0,0.77741534,0.6677499,0.8589358424534574,1.0,21.0,0.0,0.0,0.6,0,5,6585,DT-Top1,Fixed-UCB-1.64sigma-Shield,5
2,2,5,0.0,0.0,0.6677499,0.6677499,0.9999999999985024,0.0,0.0,0.0,0.0,0.6,0,5,1023,PF,Full-CertiTwin-q90,5
2,2,5,0.0,0.0,0.6677499,0.6677499,0.9999999999985024,0.0,0.0,0.0,0.0,0.6,0,5,1023,PF,SLA-Rule-Shield,5
2,2,5,0.0,0.0,0.6677499,0.6677499,0.9999999999985024,0.0,0.0,0.0,0.0,0.6,0,5,1023,PF,Fixed-UCB-1sigma-Shield,5
2,2,5,0.0,0.0,0.6677499,0.6677499,0.9999999999985024,0.0,0.0,0.0,0.0,0.6,0,5,1023,PF,Fixed-UCB-1.64sigma-Shield,5
4,4,5,0.0,0.0,0.7566483,0.7566483,0.9999999999986784,0.0,0.0,0.0,0.0,0.6,0,5,1023,Greedy-SLA,Full-CertiTwin-q90,5
4,4,5,0.0,0.0,0.7566483,0.7566483,0.9999999999986784,0.0,0.0,0.0,0.0,0.6,0,5,1023,Greedy-SLA,SLA-Rule-Shield,5
4,4,5,0.0,0.0,0.7566483,0.7566483,0.9999999999986784,0.0,0.0,0.0,0.0,0.6,0,5,1023,Greedy-SLA,Fixed-UCB-1sigma-Shield,5
4,4,5,0.0,0.0,0.7566483,0.7566483,0.9999999999986784,0.0,0.0,0.0,0.0,0.6,0,5,1023,Greedy-SLA,Fixed-UCB-1.64sigma-Shield,5
0,2,5,1.0,0.0,0.76278657,0.6677499,0.875408569397236,1.0,21.0,0.0,0.0,0.6,0,5,1023,DT-Top1,Full-CertiTwin-q90,5
0,4,5,1.0,0.0,0.76278657,0.7566483,0.9919528341971308,1.0,57.0,0.0,0.0,0.6,0,5,1023,DT-Top1,SLA-Rule-Shield,5
0,2,5,1.0,0.0,0.76278657,0.6677499,0.875408569397236,1.0,21.0,0.0,0.0,0.6,0,5,1023,DT-Top1,Fixed-UCB-1sigma-Shield,5
0,2,5,1.0,0.0,0.76278657,0.6677499,0.875408569397236,1.0,21.0,0.0,0.0,0.6,0,5,1023,DT-Top1,Fixed-UCB-1.64sigma-Shield,5
2,2,5,0.0,0.0,0.6677499,0.6677499,0.9999999999985024,0.0,0.0,0.0,0.0,0.6,0,5,55570,PF,Full-CertiTwin-q90,5
2,2,5,0.0,0.0,0.6677499,0.6677499,0.9999999999985024,0.0,0.0,0.0,0.0,0.6,0,5,55570,PF,SLA-Rule-Shield,5
2,2,5,0.0,0.0,0.6677499,0.6677499,0.9999999999985024,0.0,0.0,0.0,0.0,0.6,0,5,55570,PF,Fixed-UCB-1sigma-Shield,5
2,2,5,0.0,0.0,0.6677499,0.6677499,0.9999999999985024,0.0,0.0,0.0,0.0,0.6,0,5,55570,PF,Fixed-UCB-1.64sigma-Shield,5
4,4,5,0.0,0.0,0.7566483,0.7566483,0.9999999999986784,0.0,0.0,0.0,0.0,0.6,0,5,55570,Greedy-SLA,Full-CertiTwin-q90,5
4,4,5,0.0,0.0,0.7566483,0.7566483,0.9999999999986784,0.0,0.0,0.0,0.0,0.6,0,5,55570,Greedy-SLA,SLA-Rule-Shield,5
4,4,5,0.0,0.0,0.7566483,0.7566483,0.9999999999986784,0.0,0.0,0.0,0.0,0.6,0,5,55570,Greedy-SLA,Fixed-UCB-1sigma-Shield,5
4,4,5,0.0,0.0,0.7566483,0.7566483,0.9999999999986784,0.0,0.0,0.0,0.0,0.6,0,5,55570,Greedy-SLA,Fixed-UCB-1.64sigma-Shield,5
4,4,5,0.0,0.0,0.7566483,0.7566483,0.9999999999986784,0.0,0.0,0.0,0.0,0.6,0,5,55570,DT-Top1,Full-CertiTwin-q90,5
4,4,5,0.0,0.0,0.7566483,0.7566483,0.9999999999986784,0.0,0.0,0.0,0.0,0.6,0,5,55570,DT-Top1,SLA-Rule-Shield,5
4,4,5,0.0,0.0,0.7566483,0.7566483,0.9999999999986784,0.0,0.0,0.0,0.0,0.6,0,5,55570,DT-Top1,Fixed-UCB-1sigma-Shield,5
4,4,5,0.0,0.0,0.7566483,0.7566483,0.9999999999986784,0.0,0.0,0.0,0.0,0.6,0,5,55570,DT-Top1,Fixed-UCB-1.64sigma-Shield,5
2,2,5,0.0,0.0,0.6677499,0.6677499,0.9999999999985024,0.0,0.0,0.0,0.0,0.6,0,5,45359,PF,Full-CertiTwin-q90,5
2,2,5,0.0,0.0,0.6677499,0.6677499,0.9999999999985024,0.0,0.0,0.0,0.0,0.6,0,5,45359,PF,SLA-Rule-Shield,5
2,2,5,0.0,0.0,0.6677499,0.6677499,0.9999999999985024,0.0,0.0,0.0,0.0,0.6,0,5,45359,PF,Fixed-UCB-1sigma-Shield,5
2,2,5,0.0,0.0,0.6677499,0.6677499,0.9999999999985024,0.0,0.0,0.0,0.0,0.6,0,5,45359,PF,Fixed-UCB-1.64sigma-Shield,5
4,4,5,0.0,0.0,0.76313806,0.76313806,0.9999999999986896,0.0,0.0,0.0,0.0,0.6,0,5,45359,Greedy-SLA,Full-CertiTwin-q90,5
4,4,5,0.0,0.0,0.76313806,0.76313806,0.9999999999986896,0.0,0.0,0.0,0.0,0.6,0,5,45359,Greedy-SLA,SLA-Rule-Shield,5
4,4,5,0.0,0.0,0.76313806,0.76313806,0.9999999999986896,0.0,0.0,0.0,0.0,0.6,0,5,45359,Greedy-SLA,Fixed-UCB-1sigma-Shield,5
4,4,5,0.0,0.0,0.76313806,0.76313806,0.9999999999986896,0.0,0.0,0.0,0.0,0.6,0,5,45359,Greedy-SLA,Fixed-UCB-1.64sigma-Shield,5
4,4,5,0.0,0.0,0.76313806,0.76313806,0.9999999999986896,0.0,0.0,0.0,0.0,0.6,0,5,45359,DT-Top1,Full-CertiTwin-q90,5
4,4,5,0.0,0.0,0.76313806,0.76313806,0.9999999999986896,0.0,0.0,0.0,0.0,0.6,0,5,45359,DT-Top1,SLA-Rule-Shield,5
4,4,5,0.0,0.0,0.76313806,0.76313806,0.9999999999986896,0.0,0.0,0.0,0.0,0.6,0,5,45359,DT-Top1,Fixed-UCB-1sigma-Shield,5
4,4,5,0.0,0.0,0.76313806,0.76313806,0.9999999999986896,0.0,0.0,0.0,0.0,0.6,0,5,45359,DT-Top1,Fixed-UCB-1.64sigma-Shield,5
2,2,5,0.0,0.0,0.6677499,0.6677499,0.9999999999985024,0.0,0.0,0.0,0.0,0.6,0,5,43866,PF,Full-CertiTwin-q90,5
2,2,5,0.0,0.0,0.6677499,0.6677499,0.9999999999985024,0.0,0.0,0.0,0.0,0.6,0,5,43866,PF,SLA-Rule-Shield,5
2,2,5,0.0,0.0,0.6677499,0.6677499,0.9999999999985024,0.0,0.0,0.0,0.0,0.6,0,5,43866,PF,Fixed-UCB-1sigma-Shield,5
2,2,5,0.0,0.0,0.6677499,0.6677499,0.9999999999985024,0.0,0.0,0.0,0.0,0.6,0,5,43866,PF,Fixed-UCB-1.64sigma-Shield,5
4,4,5,0.0,0.0,0.7566483,0.7566483,0.9999999999986784,0.0,0.0,0.0,0.0,0.6,0,5,43866,Greedy-SLA,Full-CertiTwin-q90,5
4,4,5,0.0,0.0,0.7566483,0.7566483,0.9999999999986784,0.0,0.0,0.0,0.0,0.6,0,5,43866,Greedy-SLA,SLA-Rule-Shield,5
4,4,5,0.0,0.0,0.7566483,0.7566483,0.9999999999986784,0.0,0.0,0.0,0.0,0.6,0,5,43866,Greedy-SLA,Fixed-UCB-1sigma-Shield,5
4,4,5,0.0,0.0,0.7566483,0.7566483,0.9999999999986784,0.0,0.0,0.0,0.0,0.6,0,5,43866,Greedy-SLA,Fixed-UCB-1.64sigma-Shield,5
0,2,5,1.0,0.0,0.76278657,0.6677499,0.875408569397236,1.0,21.0,0.0,0.0,0.6,0,5,43866,DT-Top1,Full-CertiTwin-q90,5
0,4,5,1.0,0.0,0.76278657,0.7566483,0.9919528341971308,1.0,57.0,0.0,0.0,0.6,0,5,43866,DT-Top1,SLA-Rule-Shield,5
0,2,5,1.0,0.0,0.76278657,0.6677499,0.875408569397236,1.0,21.0,0.0,0.0,0.6,0,5,43866,DT-Top1,Fixed-UCB-1sigma-Shield,5
0,2,5,1.0,0.0,0.76278657,0.6677499,0.875408569397236,1.0,21.0,0.0,0.0,0.6,0,5,43866,DT-Top1,Fixed-UCB-1.64sigma-Shield,5
2,2,5,0.0,0.0,0.6682329,0.6682329,0.9999999999985036,0.0,0.0,0.0,0.0,0.6,0,5,51647,PF,Full-CertiTwin-q90,5
2,2,5,0.0,0.0,0.6682329,0.6682329,0.9999999999985036,0.0,0.0,0.0,0.0,0.6,0,5,51647,PF,SLA-Rule-Shield,5
2,2,5,0.0,0.0,0.6682329,0.6682329,0.9999999999985036,0.0,0.0,0.0,0.0,0.6,0,5,51647,PF,Fixed-UCB-1sigma-Shield,5
2,2,5,0.0,0.0,0.6682329,0.6682329,0.9999999999985036,0.0,0.0,0.0,0.0,0.6,0,5,51647,PF,Fixed-UCB-1.64sigma-Shield,5
4,4,5,0.0,0.0,0.76313806,0.76313806,0.9999999999986896,0.0,0.0,0.0,0.0,0.6,0,5,51647,Greedy-SLA,Full-CertiTwin-q90,5
4,4,5,0.0,0.0,0.76313806,0.76313806,0.9999999999986896,0.0,0.0,0.0,0.0,0.6,0,5,51647,Greedy-SLA,SLA-Rule-Shield,5
4,4,5,0.0,0.0,0.76313806,0.76313806,0.9999999999986896,0.0,0.0,0.0,0.0,0.6,0,5,51647,Greedy-SLA,Fixed-UCB-1sigma-Shield,5
4,4,5,0.0,0.0,0.76313806,0.76313806,0.9999999999986896,0.0,0.0,0.0,0.0,0.6,0,5,51647,Greedy-SLA,Fixed-UCB-1.64sigma-Shield,5
4,4,5,0.0,0.0,0.76313806,0.76313806,0.9999999999986896,0.0,0.0,0.0,0.0,0.6,0,5,51647,DT-Top1,Full-CertiTwin-q90,5
4,4,5,0.0,0.0,0.76313806,0.76313806,0.9999999999986896,0.0,0.0,0.0,0.0,0.6,0,5,51647,DT-Top1,SLA-Rule-Shield,5
4,4,5,0.0,0.0,0.76313806,0.76313806,0.9999999999986896,0.0,0.0,0.0,0.0,0.6,0,5,51647,DT-Top1,Fixed-UCB-1sigma-Shield,5
4,4,5,0.0,0.0,0.76313806,0.76313806,0.9999999999986896,0.0,0.0,0.0,0.0,0.6,0,5,51647,DT-Top1,Fixed-UCB-1.64sigma-Shield,5
2,2,5,0.0,0.0,0.6677499,0.6677499,0.9999999999985024,0.0,0.0,0.0,0.0,0.6,0,5,10901,PF,Full-CertiTwin-q90,5
2,2,5,0.0,0.0,0.6677499,0.6677499,0.9999999999985024,0.0,0.0,0.0,0.0,0.6,0,5,10901,PF,SLA-Rule-Shield,5
2,2,5,0.0,0.0,0.6677499,0.6677499,0.9999999999985024,0.0,0.0,0.0,0.0,0.6,0,5,10901,PF,Fixed-UCB-1sigma-Shield,5
2,2,5,0.0,0.0,0.6677499,0.6677499,0.9999999999985024,0.0,0.0,0.0,0.0,0.6,0,5,10901,PF,Fixed-UCB-1.64sigma-Shield,5
4,4,5,0.0,0.0,0.76313806,0.76313806,0.9999999999986896,0.0,0.0,0.0,0.0,0.6,0,5,10901,Greedy-SLA,Full-CertiTwin-q90,5
4,4,5,0.0,0.0,0.76313806,0.76313806,0.9999999999986896,0.0,0.0,0.0,0.0,0.6,0,5,10901,Greedy-SLA,SLA-Rule-Shield,5
4,4,5,0.0,0.0,0.76313806,0.76313806,0.9999999999986896,0.0,0.0,0.0,0.0,0.6,0,5,10901,Greedy-SLA,Fixed-UCB-1sigma-Shield,5
4,4,5,0.0,0.0,0.76313806,0.76313806,0.9999999999986896,0.0,0.0,0.0,0.0,0.6,0,5,10901,Greedy-SLA,Fixed-UCB-1.64sigma-Shield,5
0,2,5,1.0,0.0,0.76278657,0.6677499,0.875408569397236,1.0,21.0,0.0,0.0,0.6,0,5,10901,DT-Top1,Full-CertiTwin-q90,5
0,4,5,1.0,0.0,0.76278657,0.76313806,1.000460797309265,1.0,57.0,0.0,0.0,0.6,0,5,10901,DT-Top1,SLA-Rule-Shield,5
0,2,5,1.0,0.0,0.76278657,0.6677499,0.875408569397236,1.0,21.0,0.0,0.0,0.6,0,5,10901,DT-Top1,Fixed-UCB-1sigma-Shield,5
0,2,5,1.0,0.0,0.76278657,0.6677499,0.875408569397236,1.0,21.0,0.0,0.0,0.6,0,5,10901,DT-Top1,Fixed-UCB-1.64sigma-Shield,5
2,2,5,0.0,0.0,0.6677499,0.6677499,0.9999999999985024,0.0,0.0,0.0,0.0,0.6,0,5,55794,PF,Full-CertiTwin-q90,5
2,2,5,0.0,0.0,0.6677499,0.6677499,0.9999999999985024,0.0,0.0,0.0,0.0,0.6,0,5,55794,PF,SLA-Rule-Shield,5
2,2,5,0.0,0.0,0.6677499,0.6677499,0.9999999999985024,0.0,0.0,0.0,0.0,0.6,0,5,55794,PF,Fixed-UCB-1sigma-Shield,5
2,2,5,0.0,0.0,0.6677499,0.6677499,0.9999999999985024,0.0,0.0,0.0,0.0,0.6,0,5,55794,PF,Fixed-UCB-1.64sigma-Shield,5
4,4,5,0.0,0.0,0.76313806,0.76313806,0.9999999999986896,0.0,0.0,0.0,0.0,0.6,0,5,55794,Greedy-SLA,Full-CertiTwin-q90,5
4,4,5,0.0,0.0,0.76313806,0.76313806,0.9999999999986896,0.0,0.0,0.0,0.0,0.6,0,5,55794,Greedy-SLA,SLA-Rule-Shield,5
4,4,5,0.0,0.0,0.76313806,0.76313806,0.9999999999986896,0.0,0.0,0.0,0.0,0.6,0,5,55794,Greedy-SLA,Fixed-UCB-1sigma-Shield,5
4,4,5,0.0,0.0,0.76313806,0.76313806,0.9999999999986896,0.0,0.0,0.0,0.0,0.6,0,5,55794,Greedy-SLA,Fixed-UCB-1.64sigma-Shield,5
0,2,5,1.0,0.0,0.76278657,0.6677499,0.875408569397236,1.0,21.0,0.0,0.0,0.6,0,5,55794,DT-Top1,Full-CertiTwin-q90,5
0,4,5,1.0,0.0,0.76278657,0.76313806,1.000460797309265,1.0,57.0,0.0,0.0,0.6,0,5,55794,DT-Top1,SLA-Rule-Shield,5
0,2,5,1.0,0.0,0.76278657,0.6677499,0.875408569397236,1.0,21.0,0.0,0.0,0.6,0,5,55794,DT-Top1,Fixed-UCB-1sigma-Shield,5
0,2,5,1.0,0.0,0.76278657,0.6677499,0.875408569397236,1.0,21.0,0.0,0.0,0.6,0,5,55794,DT-Top1,Fixed-UCB-1.64sigma-Shield,5
2,2,5,0.0,0.0,0.6780778,0.6780778,0.9999999999985252,0.0,0.0,0.0,0.0,0.6,0,5,11272,PF,Full-CertiTwin-q90,5
2,2,5,0.0,0.0,0.6780778,0.6780778,0.9999999999985252,0.0,0.0,0.0,0.0,0.6,0,5,11272,PF,SLA-Rule-Shield,5
2,2,5,0.0,0.0,0.6780778,0.6780778,0.9999999999985252,0.0,0.0,0.0,0.0,0.6,0,5,11272,PF,Fixed-UCB-1sigma-Shield,5
2,2,5,0.0,0.0,0.6780778,0.6780778,0.9999999999985252,0.0,0.0,0.0,0.0,0.6,0,5,11272,PF,Fixed-UCB-1.64sigma-Shield,5
4,4,5,0.0,0.0,0.76313806,0.76313806,0.9999999999986896,0.0,0.0,0.0,0.0,0.6,0,5,11272,Greedy-SLA,Full-CertiTwin-q90,5
4,4,5,0.0,0.0,0.76313806,0.76313806,0.9999999999986896,0.0,0.0,0.0,0.0,0.6,0,5,11272,Greedy-SLA,SLA-Rule-Shield,5
4,4,5,0.0,0.0,0.76313806,0.76313806,0.9999999999986896,0.0,0.0,0.0,0.0,0.6,0,5,11272,Greedy-SLA,Fixed-UCB-1sigma-Shield,5
4,4,5,0.0,0.0,0.76313806,0.76313806,0.9999999999986896,0.0,0.0,0.0,0.0,0.6,0,5,11272,Greedy-SLA,Fixed-UCB-1.64sigma-Shield,5
4,4,5,0.0,0.0,0.76313806,0.76313806,0.9999999999986896,0.0,0.0,0.0,0.0,0.6,0,5,11272,DT-Top1,Full-CertiTwin-q90,5
4,4,5,0.0,0.0,0.76313806,0.76313806,0.9999999999986896,0.0,0.0,0.0,0.0,0.6,0,5,11272,DT-Top1,SLA-Rule-Shield,5
4,4,5,0.0,0.0,0.76313806,0.76313806,0.9999999999986896,0.0,0.0,0.0,0.0,0.6,0,5,11272,DT-Top1,Fixed-UCB-1sigma-Shield,5
4,4,5,0.0,0.0,0.76313806,0.76313806,0.9999999999986896,0.0,0.0,0.0,0.0,0.6,0,5,11272,DT-Top1,Fixed-UCB-1.64sigma-Shield,5
2,2,5,0.0,0.0,0.65129316,0.65129316,0.9999999999984648,0.0,0.0,0.0,0.0,0.6,0,5,59419,PF,Full-CertiTwin-q90,5
2,2,5,0.0,0.0,0.65129316,0.65129316,0.9999999999984648,0.0,0.0,0.0,0.0,0.6,0,5,59419,PF,SLA-Rule-Shield,5
2,2,5,0.0,0.0,0.65129316,0.65129316,0.9999999999984648,0.0,0.0,0.0,0.0,0.6,0,5,59419,PF,Fixed-UCB-1sigma-Shield,5
2,2,5,0.0,0.0,0.65129316,0.65129316,0.9999999999984648,0.0,0.0,0.0,0.0,0.6,0,5,59419,PF,Fixed-UCB-1.64sigma-Shield,5
4,4,5,0.0,0.0,0.76313806,0.76313806,0.9999999999986896,0.0,0.0,0.0,0.0,0.6,0,5,59419,Greedy-SLA,Full-CertiTwin-q90,5
4,4,5,0.0,0.0,0.76313806,0.76313806,0.9999999999986896,0.0,0.0,0.0,0.0,0.6,0,5,59419,Greedy-SLA,SLA-Rule-Shield,5
4,4,5,0.0,0.0,0.76313806,0.76313806,0.9999999999986896,0.0,0.0,0.0,0.0,0.6,0,5,59419,Greedy-SLA,Fixed-UCB-1sigma-Shield,5
4,4,5,0.0,0.0,0.76313806,0.76313806,0.9999999999986896,0.0,0.0,0.0,0.0,0.6,0,5,59419,Greedy-SLA,Fixed-UCB-1.64sigma-Shield,5
4,4,5,0.0,0.0,0.76313806,0.76313806,0.9999999999986896,0.0,0.0,0.0,0.0,0.6,0,5,59419,DT-Top1,Full-CertiTwin-q90,5
4,4,5,0.0,0.0,0.76313806,0.76313806,0.9999999999986896,0.0,0.0,0.0,0.0,0.6,0,5,59419,DT-Top1,SLA-Rule-Shield,5
4,4,5,0.0,0.0,0.76313806,0.76313806,0.9999999999986896,0.0,0.0,0.0,0.0,0.6,0,5,59419,DT-Top1,Fixed-UCB-1sigma-Shield,5
4,4,5,0.0,0.0,0.76313806,0.76313806,0.9999999999986896,0.0,0.0,0.0,0.0,0.6,0,5,59419,DT-Top1,Fixed-UCB-1.64sigma-Shield,5
2,2,5,0.0,0.0,0.6677499,0.6677499,0.9999999999985024,0.0,0.0,0.0,0.0,0.6,0,5,41022,PF,Full-CertiTwin-q90,5
2,2,5,0.0,0.0,0.6677499,0.6677499,0.9999999999985024,0.0,0.0,0.0,0.0,0.6,0,5,41022,PF,SLA-Rule-Shield,5
2,2,5,0.0,0.0,0.6677499,0.6677499,0.9999999999985024,0.0,0.0,0.0,0.0,0.6,0,5,41022,PF,Fixed-UCB-1sigma-Shield,5
2,2,5,0.0,0.0,0.6677499,0.6677499,0.9999999999985024,0.0,0.0,0.0,0.0,0.6,0,5,41022,PF,Fixed-UCB-1.64sigma-Shield,5
4,4,5,0.0,0.0,0.7566483,0.7566483,0.9999999999986784,0.0,0.0,0.0,0.0,0.6,0,5,41022,Greedy-SLA,Full-CertiTwin-q90,5
4,4,5,0.0,0.0,0.7566483,0.7566483,0.9999999999986784,0.0,0.0,0.0,0.0,0.6,0,5,41022,Greedy-SLA,SLA-Rule-Shield,5
4,4,5,0.0,0.0,0.7566483,0.7566483,0.9999999999986784,0.0,0.0,0.0,0.0,0.6,0,5,41022,Greedy-SLA,Fixed-UCB-1sigma-Shield,5
4,4,5,0.0,0.0,0.7566483,0.7566483,0.9999999999986784,0.0,0.0,0.0,0.0,0.6,0,5,41022,Greedy-SLA,Fixed-UCB-1.64sigma-Shield,5
0,2,5,1.0,0.0,0.76278657,0.6677499,0.875408569397236,1.0,21.0,0.0,0.0,0.6,0,5,41022,DT-Top1,Full-CertiTwin-q90,5
0,4,5,1.0,0.0,0.76278657,0.7566483,0.9919528341971308,1.0,57.0,0.0,0.0,0.6,0,5,41022,DT-Top1,SLA-Rule-Shield,5
0,2,5,1.0,0.0,0.76278657,0.6677499,0.875408569397236,1.0,21.0,0.0,0.0,0.6,0,5,41022,DT-Top1,Fixed-UCB-1sigma-Shield,5
0,2,5,1.0,0.0,0.76278657,0.6677499,0.875408569397236,1.0,21.0,0.0,0.0,0.6,0,5,41022,DT-Top1,Fixed-UCB-1.64sigma-Shield,5
2,2,5,0.0,0.0,0.6677499,0.6677499,0.9999999999985024,0.0,0.0,0.0,0.0,0.6,0,5,37390,PF,Full-CertiTwin-q90,5
2,2,5,0.0,0.0,0.6677499,0.6677499,0.9999999999985024,0.0,0.0,0.0,0.0,0.6,0,5,37390,PF,SLA-Rule-Shield,5
2,2,5,0.0,0.0,0.6677499,0.6677499,0.9999999999985024,0.0,0.0,0.0,0.0,0.6,0,5,37390,PF,Fixed-UCB-1sigma-Shield,5
2,2,5,0.0,0.0,0.6677499,0.6677499,0.9999999999985024,0.0,0.0,0.0,0.0,0.6,0,5,37390,PF,Fixed-UCB-1.64sigma-Shield,5
4,4,5,0.0,0.0,0.76313806,0.76313806,0.9999999999986896,0.0,0.0,0.0,0.0,0.6,0,5,37390,Greedy-SLA,Full-CertiTwin-q90,5
4,4,5,0.0,0.0,0.76313806,0.76313806,0.9999999999986896,0.0,0.0,0.0,0.0,0.6,0,5,37390,Greedy-SLA,SLA-Rule-Shield,5
4,4,5,0.0,0.0,0.76313806,0.76313806,0.9999999999986896,0.0,0.0,0.0,0.0,0.6,0,5,37390,Greedy-SLA,Fixed-UCB-1sigma-Shield,5
4,4,5,0.0,0.0,0.76313806,0.76313806,0.9999999999986896,0.0,0.0,0.0,0.0,0.6,0,5,37390,Greedy-SLA,Fixed-UCB-1.64sigma-Shield,5
4,4,5,0.0,0.0,0.76313806,0.76313806,0.9999999999986896,0.0,0.0,0.0,0.0,0.6,0,5,37390,DT-Top1,Full-CertiTwin-q90,5
4,4,5,0.0,0.0,0.76313806,0.76313806,0.9999999999986896,0.0,0.0,0.0,0.0,0.6,0,5,37390,DT-Top1,SLA-Rule-Shield,5
4,4,5,0.0,0.0,0.76313806,0.76313806,0.9999999999986896,0.0,0.0,0.0,0.0,0.6,0,5,37390,DT-Top1,Fixed-UCB-1sigma-Shield,5
4,4,5,0.0,0.0,0.76313806,0.76313806,0.9999999999986896,0.0,0.0,0.0,0.0,0.6,0,5,37390,DT-Top1,Fixed-UCB-1.64sigma-Shield,5
2,2,5,0.0,0.0,0.6677499,0.6677499,0.9999999999985024,0.0,0.0,0.0,0.0,0.6,0,5,44351,PF,Full-CertiTwin-q90,5
2,2,5,0.0,0.0,0.6677499,0.6677499,0.9999999999985024,0.0,0.0,0.0,0.0,0.6,0,5,44351,PF,SLA-Rule-Shield,5
2,2,5,0.0,0.0,0.6677499,0.6677499,0.9999999999985024,0.0,0.0,0.0,0.0,0.6,0,5,44351,PF,Fixed-UCB-1sigma-Shield,5
2,2,5,0.0,0.0,0.6677499,0.6677499,0.9999999999985024,0.0,0.0,0.0,0.0,0.6,0,5,44351,PF,Fixed-UCB-1.64sigma-Shield,5
4,4,5,0.0,0.0,0.76313806,0.76313806,0.9999999999986896,0.0,0.0,0.0,0.0,0.6,0,5,44351,Greedy-SLA,Full-CertiTwin-q90,5
4,4,5,0.0,0.0,0.76313806,0.76313806,0.9999999999986896,0.0,0.0,0.0,0.0,0.6,0,5,44351,Greedy-SLA,SLA-Rule-Shield,5
4,4,5,0.0,0.0,0.76313806,0.76313806,0.9999999999986896,0.0,0.0,0.0,0.0,0.6,0,5,44351,Greedy-SLA,Fixed-UCB-1sigma-Shield,5
4,4,5,0.0,0.0,0.76313806,0.76313806,0.9999999999986896,0.0,0.0,0.0,0.0,0.6,0,5,44351,Greedy-SLA,Fixed-UCB-1.64sigma-Shield,5
0,2,5,1.0,0.0,0.77741534,0.6677499,0.8589358424534574,1.0,21.0,0.0,0.0,0.6,0,5,44351,DT-Top1,Full-CertiTwin-q90,5
0,0,5,1.0,1.0,0.77741534,0.77741534,0.9999999999987136,0.0,0.0,0.0,1.0,0.6,0,5,44351,DT-Top1,SLA-Rule-Shield,5
0,2,5,1.0,0.0,0.77741534,0.6677499,0.8589358424534574,1.0,21.0,0.0,0.0,0.6,0,5,44351,DT-Top1,Fixed-UCB-1sigma-Shield,5
0,2,5,1.0,0.0,0.77741534,0.6677499,0.8589358424534574,1.0,21.0,0.0,0.0,0.6,0,5,44351,DT-Top1,Fixed-UCB-1.64sigma-Shield,5
2,2,5,0.0,0.0,0.6677499,0.6677499,0.9999999999985024,0.0,0.0,0.0,0.0,0.6,0,5,28480,PF,Full-CertiTwin-q90,5
2,2,5,0.0,0.0,0.6677499,0.6677499,0.9999999999985024,0.0,0.0,0.0,0.0,0.6,0,5,28480,PF,SLA-Rule-Shield,5
2,2,5,0.0,0.0,0.6677499,0.6677499,0.9999999999985024,0.0,0.0,0.0,0.0,0.6,0,5,28480,PF,Fixed-UCB-1sigma-Shield,5
2,2,5,0.0,0.0,0.6677499,0.6677499,0.9999999999985024,0.0,0.0,0.0,0.0,0.6,0,5,28480,PF,Fixed-UCB-1.64sigma-Shield,5
4,4,5,0.0,0.0,0.7777951,0.7777951,0.9999999999987144,0.0,0.0,0.0,0.0,0.6,0,5,28480,Greedy-SLA,Full-CertiTwin-q90,5
4,4,5,0.0,0.0,0.7777951,0.7777951,0.9999999999987144,0.0,0.0,0.0,0.0,0.6,0,5,28480,Greedy-SLA,SLA-Rule-Shield,5
4,4,5,0.0,0.0,0.7777951,0.7777951,0.9999999999987144,0.0,0.0,0.0,0.0,0.6,0,5,28480,Greedy-SLA,Fixed-UCB-1sigma-Shield,5
4,4,5,0.0,0.0,0.7777951,0.7777951,0.9999999999987144,0.0,0.0,0.0,0.0,0.6,0,5,28480,Greedy-SLA,Fixed-UCB-1.64sigma-Shield,5
4,4,5,0.0,0.0,0.7777951,0.7777951,0.9999999999987144,0.0,0.0,0.0,0.0,0.6,0,5,28480,DT-Top1,Full-CertiTwin-q90,5
4,4,5,0.0,0.0,0.7777951,0.7777951,0.9999999999987144,0.0,0.0,0.0,0.0,0.6,0,5,28480,DT-Top1,SLA-Rule-Shield,5
4,4,5,0.0,0.0,0.7777951,0.7777951,0.9999999999987144,0.0,0.0,0.0,0.0,0.6,0,5,28480,DT-Top1,Fixed-UCB-1sigma-Shield,5
4,4,5,0.0,0.0,0.7777951,0.7777951,0.9999999999987144,0.0,0.0,0.0,0.0,0.6,0,5,28480,DT-Top1,Fixed-UCB-1.64sigma-Shield,5
2,2,5,0.0,0.0,0.6677499,0.6677499,0.9999999999985024,0.0,0.0,0.0,0.0,0.6,0,5,30072,PF,Full-CertiTwin-q90,5
2,2,5,0.0,0.0,0.6677499,0.6677499,0.9999999999985024,0.0,0.0,0.0,0.0,0.6,0,5,30072,PF,SLA-Rule-Shield,5
2,2,5,0.0,0.0,0.6677499,0.6677499,0.9999999999985024,0.0,0.0,0.0,0.0,0.6,0,5,30072,PF,Fixed-UCB-1sigma-Shield,5
2,2,5,0.0,0.0,0.6677499,0.6677499,0.9999999999985024,0.0,0.0,0.0,0.0,0.6,0,5,30072,PF,Fixed-UCB-1.64sigma-Shield,5
4,4,5,0.0,0.0,0.76313806,0.76313806,0.9999999999986896,0.0,0.0,0.0,0.0,0.6,0,5,30072,Greedy-SLA,Full-CertiTwin-q90,5
4,4,5,0.0,0.0,0.76313806,0.76313806,0.9999999999986896,0.0,0.0,0.0,0.0,0.6,0,5,30072,Greedy-SLA,SLA-Rule-Shield,5
4,4,5,0.0,0.0,0.76313806,0.76313806,0.9999999999986896,0.0,0.0,0.0,0.0,0.6,0,5,30072,Greedy-SLA,Fixed-UCB-1sigma-Shield,5
4,4,5,0.0,0.0,0.76313806,0.76313806,0.9999999999986896,0.0,0.0,0.0,0.0,0.6,0,5,30072,Greedy-SLA,Fixed-UCB-1.64sigma-Shield,5
0,2,5,1.0,0.0,0.76278657,0.6677499,0.875408569397236,1.0,21.0,0.0,0.0,0.6,0,5,30072,DT-Top1,Full-CertiTwin-q90,5
0,4,5,1.0,0.0,0.76278657,0.76313806,1.000460797309265,1.0,57.0,0.0,0.0,0.6,0,5,30072,DT-Top1,SLA-Rule-Shield,5
0,2,5,1.0,0.0,0.76278657,0.6677499,0.875408569397236,1.0,21.0,0.0,0.0,0.6,0,5,30072,DT-Top1,Fixed-UCB-1sigma-Shield,5
0,2,5,1.0,0.0,0.76278657,0.6677499,0.875408569397236,1.0,21.0,0.0,0.0,0.6,0,5,30072,DT-Top1,Fixed-UCB-1.64sigma-Shield,5
2,2,5,0.0,0.0,0.6677499,0.6677499,0.9999999999985024,0.0,0.0,0.0,0.0,0.6,0,5,12783,PF,Full-CertiTwin-q90,5
2,2,5,0.0,0.0,0.6677499,0.6677499,0.9999999999985024,0.0,0.0,0.0,0.0,0.6,0,5,12783,PF,SLA-Rule-Shield,5
2,2,5,0.0,0.0,0.6677499,0.6677499,0.9999999999985024,0.0,0.0,0.0,0.0,0.6,0,5,12783,PF,Fixed-UCB-1sigma-Shield,5
2,2,5,0.0,0.0,0.6677499,0.6677499,0.9999999999985024,0.0,0.0,0.0,0.0,0.6,0,5,12783,PF,Fixed-UCB-1.64sigma-Shield,5
4,4,5,0.0,0.0,0.76313806,0.76313806,0.9999999999986896,0.0,0.0,0.0,0.0,0.6,0,5,12783,Greedy-SLA,Full-CertiTwin-q90,5
4,4,5,0.0,0.0,0.76313806,0.76313806,0.9999999999986896,0.0,0.0,0.0,0.0,0.6,0,5,12783,Greedy-SLA,SLA-Rule-Shield,5
4,4,5,0.0,0.0,0.76313806,0.76313806,0.9999999999986896,0.0,0.0,0.0,0.0,0.6,0,5,12783,Greedy-SLA,Fixed-UCB-1sigma-Shield,5
4,4,5,0.0,0.0,0.76313806,0.76313806,0.9999999999986896,0.0,0.0,0.0,0.0,0.6,0,5,12783,Greedy-SLA,Fixed-UCB-1.64sigma-Shield,5
4,4,5,0.0,0.0,0.76313806,0.76313806,0.9999999999986896,0.0,0.0,0.0,0.0,0.6,0,5,12783,DT-Top1,Full-CertiTwin-q90,5
4,4,5,0.0,0.0,0.76313806,0.76313806,0.9999999999986896,0.0,0.0,0.0,0.0,0.6,0,5,12783,DT-Top1,SLA-Rule-Shield,5
4,4,5,0.0,0.0,0.76313806,0.76313806,0.9999999999986896,0.0,0.0,0.0,0.0,0.6,0,5,12783,DT-Top1,Fixed-UCB-1sigma-Shield,5
4,4,5,0.0,0.0,0.76313806,0.76313806,0.9999999999986896,0.0,0.0,0.0,0.0,0.6,0,5,12783,DT-Top1,Fixed-UCB-1.64sigma-Shield,5
2,2,5,0.0,0.0,0.6677499,0.6677499,0.9999999999985024,0.0,0.0,0.0,0.0,0.6,0,5,46006,PF,Full-CertiTwin-q90,5
2,2,5,0.0,0.0,0.6677499,0.6677499,0.9999999999985024,0.0,0.0,0.0,0.0,0.6,0,5,46006,PF,SLA-Rule-Shield,5
2,2,5,0.0,0.0,0.6677499,0.6677499,0.9999999999985024,0.0,0.0,0.0,0.0,0.6,0,5,46006,PF,Fixed-UCB-1sigma-Shield,5
2,2,5,0.0,0.0,0.6677499,0.6677499,0.9999999999985024,0.0,0.0,0.0,0.0,0.6,0,5,46006,PF,Fixed-UCB-1.64sigma-Shield,5
4,4,5,0.0,0.0,0.7566483,0.7566483,0.9999999999986784,0.0,0.0,0.0,0.0,0.6,0,5,46006,Greedy-SLA,Full-CertiTwin-q90,5
4,4,5,0.0,0.0,0.7566483,0.7566483,0.9999999999986784,0.0,0.0,0.0,0.0,0.6,0,5,46006,Greedy-SLA,SLA-Rule-Shield,5
4,4,5,0.0,0.0,0.7566483,0.7566483,0.9999999999986784,0.0,0.0,0.0,0.0,0.6,0,5,46006,Greedy-SLA,Fixed-UCB-1sigma-Shield,5
4,4,5,0.0,0.0,0.7566483,0.7566483,0.9999999999986784,0.0,0.0,0.0,0.0,0.6,0,5,46006,Greedy-SLA,Fixed-UCB-1.64sigma-Shield,5
0,2,5,1.0,0.0,0.76278657,0.6677499,0.875408569397236,1.0,21.0,0.0,0.0,0.6,0,5,46006,DT-Top1,Full-CertiTwin-q90,5
0,4,5,1.0,0.0,0.76278657,0.7566483,0.9919528341971308,1.0,57.0,0.0,0.0,0.6,0,5,46006,DT-Top1,SLA-Rule-Shield,5
0,2,5,1.0,0.0,0.76278657,0.6677499,0.875408569397236,1.0,21.0,0.0,0.0,0.6,0,5,46006,DT-Top1,Fixed-UCB-1sigma-Shield,5
0,2,5,1.0,0.0,0.76278657,0.6677499,0.875408569397236,1.0,21.0,0.0,0.0,0.6,0,5,46006,DT-Top1,Fixed-UCB-1.64sigma-Shield,5
2,2,5,0.0,0.0,0.6682329,0.6682329,0.9999999999985036,0.0,0.0,0.0,0.0,0.6,0,5,25941,PF,Full-CertiTwin-q90,5
2,2,5,0.0,0.0,0.6682329,0.6682329,0.9999999999985036,0.0,0.0,0.0,0.0,0.6,0,5,25941,PF,SLA-Rule-Shield,5
2,2,5,0.0,0.0,0.6682329,0.6682329,0.9999999999985036,0.0,0.0,0.0,0.0,0.6,0,5,25941,PF,Fixed-UCB-1sigma-Shield,5
2,2,5,0.0,0.0,0.6682329,0.6682329,0.9999999999985036,0.0,0.0,0.0,0.0,0.6,0,5,25941,PF,Fixed-UCB-1.64sigma-Shield,5
4,4,5,0.0,0.0,0.76313806,0.76313806,0.9999999999986896,0.0,0.0,0.0,0.0,0.6,0,5,25941,Greedy-SLA,Full-CertiTwin-q90,5
4,4,5,0.0,0.0,0.76313806,0.76313806,0.9999999999986896,0.0,0.0,0.0,0.0,0.6,0,5,25941,Greedy-SLA,SLA-Rule-Shield,5
4,4,5,0.0,0.0,0.76313806,0.76313806,0.9999999999986896,0.0,0.0,0.0,0.0,0.6,0,5,25941,Greedy-SLA,Fixed-UCB-1sigma-Shield,5
4,4,5,0.0,0.0,0.76313806,0.76313806,0.9999999999986896,0.0,0.0,0.0,0.0,0.6,0,5,25941,Greedy-SLA,Fixed-UCB-1.64sigma-Shield,5
0,2,5,1.0,0.0,0.76278657,0.6682329,0.8760417740431953,1.0,21.0,0.0,0.0,0.6,0,5,25941,DT-Top1,Full-CertiTwin-q90,5
0,4,5,1.0,0.0,0.76278657,0.76313806,1.000460797309265,1.0,57.0,0.0,0.0,0.6,0,5,25941,DT-Top1,SLA-Rule-Shield,5
0,2,5,1.0,0.0,0.76278657,0.6682329,0.8760417740431953,1.0,21.0,0.0,0.0,0.6,0,5,25941,DT-Top1,Fixed-UCB-1sigma-Shield,5
0,2,5,1.0,0.0,0.76278657,0.6682329,0.8760417740431953,1.0,21.0,0.0,0.0,0.6,0,5,25941,DT-Top1,Fixed-UCB-1.64sigma-Shield,5
2,2,5,0.0,0.0,0.6677499,0.6677499,0.9999999999985024,0.0,0.0,0.0,0.0,0.6,0,5,7946,PF,Full-CertiTwin-q90,5
2,2,5,0.0,0.0,0.6677499,0.6677499,0.9999999999985024,0.0,0.0,0.0,0.0,0.6,0,5,7946,PF,SLA-Rule-Shield,5
2,2,5,0.0,0.0,0.6677499,0.6677499,0.9999999999985024,0.0,0.0,0.0,0.0,0.6,0,5,7946,PF,Fixed-UCB-1sigma-Shield,5
2,2,5,0.0,0.0,0.6677499,0.6677499,0.9999999999985024,0.0,0.0,0.0,0.0,0.6,0,5,7946,PF,Fixed-UCB-1.64sigma-Shield,5
4,4,5,0.0,0.0,0.76313806,0.76313806,0.9999999999986896,0.0,0.0,0.0,0.0,0.6,0,5,7946,Greedy-SLA,Full-CertiTwin-q90,5
4,4,5,0.0,0.0,0.76313806,0.76313806,0.9999999999986896,0.0,0.0,0.0,0.0,0.6,0,5,7946,Greedy-SLA,SLA-Rule-Shield,5
4,4,5,0.0,0.0,0.76313806,0.76313806,0.9999999999986896,0.0,0.0,0.0,0.0,0.6,0,5,7946,Greedy-SLA,Fixed-UCB-1sigma-Shield,5
4,4,5,0.0,0.0,0.76313806,0.76313806,0.9999999999986896,0.0,0.0,0.0,0.0,0.6,0,5,7946,Greedy-SLA,Fixed-UCB-1.64sigma-Shield,5
0,2,5,1.0,0.0,0.76278657,0.6677499,0.875408569397236,1.0,21.0,0.0,0.0,0.6,0,5,7946,DT-Top1,Full-CertiTwin-q90,5
0,4,5,1.0,0.0,0.76278657,0.76313806,1.000460797309265,1.0,57.0,0.0,0.0,0.6,0,5,7946,DT-Top1,SLA-Rule-Shield,5
0,2,5,1.0,0.0,0.76278657,0.6677499,0.875408569397236,1.0,21.0,0.0,0.0,0.6,0,5,7946,DT-Top1,Fixed-UCB-1sigma-Shield,5
0,2,5,1.0,0.0,0.76278657,0.6677499,0.875408569397236,1.0,21.0,0.0,0.0,0.6,0,5,7946,DT-Top1,Fixed-UCB-1.64sigma-Shield,5
2,2,5,0.0,0.0,0.6677499,0.6677499,0.9999999999985024,0.0,0.0,0.0,0.0,0.6,0,5,3478,PF,Full-CertiTwin-q90,5
2,2,5,0.0,0.0,0.6677499,0.6677499,0.9999999999985024,0.0,0.0,0.0,0.0,0.6,0,5,3478,PF,SLA-Rule-Shield,5
2,2,5,0.0,0.0,0.6677499,0.6677499,0.9999999999985024,0.0,0.0,0.0,0.0,0.6,0,5,3478,PF,Fixed-UCB-1sigma-Shield,5
2,2,5,0.0,0.0,0.6677499,0.6677499,0.9999999999985024,0.0,0.0,0.0,0.0,0.6,0,5,3478,PF,Fixed-UCB-1.64sigma-Shield,5
4,4,5,0.0,0.0,0.76313806,0.76313806,0.9999999999986896,0.0,0.0,0.0,0.0,0.6,0,5,3478,Greedy-SLA,Full-CertiTwin-q90,5
4,4,5,0.0,0.0,0.76313806,0.76313806,0.9999999999986896,0.0,0.0,0.0,0.0,0.6,0,5,3478,Greedy-SLA,SLA-Rule-Shield,5
4,4,5,0.0,0.0,0.76313806,0.76313806,0.9999999999986896,0.0,0.0,0.0,0.0,0.6,0,5,3478,Greedy-SLA,Fixed-UCB-1sigma-Shield,5
4,4,5,0.0,0.0,0.76313806,0.76313806,0.9999999999986896,0.0,0.0,0.0,0.0,0.6,0,5,3478,Greedy-SLA,Fixed-UCB-1.64sigma-Shield,5
0,2,5,1.0,0.0,0.77741534,0.6677499,0.8589358424534574,1.0,21.0,0.0,0.0,0.6,0,5,3478,DT-Top1,Full-CertiTwin-q90,5
0,4,5,1.0,0.0,0.77741534,0.76313806,0.981634939180668,1.0,57.0,0.0,0.0,0.6,0,5,3478,DT-Top1,SLA-Rule-Shield,5
0,2,5,1.0,0.0,0.77741534,0.6677499,0.8589358424534574,1.0,21.0,0.0,0.0,0.6,0,5,3478,DT-Top1,Fixed-UCB-1sigma-Shield,5
0,2,5,1.0,0.0,0.77741534,0.6677499,0.8589358424534574,1.0,21.0,0.0,0.0,0.6,0,5,3478,DT-Top1,Fixed-UCB-1.64sigma-Shield,5
2,2,5,0.0,0.0,0.6677499,0.6677499,0.9999999999985024,0.0,0.0,0.0,0.0,0.6,0,5,54649,PF,Full-CertiTwin-q90,5
2,2,5,0.0,0.0,0.6677499,0.6677499,0.9999999999985024,0.0,0.0,0.0,0.0,0.6,0,5,54649,PF,SLA-Rule-Shield,5
2,2,5,0.0,0.0,0.6677499,0.6677499,0.9999999999985024,0.0,0.0,0.0,0.0,0.6,0,5,54649,PF,Fixed-UCB-1sigma-Shield,5
2,2,5,0.0,0.0,0.6677499,0.6677499,0.9999999999985024,0.0,0.0,0.0,0.0,0.6,0,5,54649,PF,Fixed-UCB-1.64sigma-Shield,5
4,4,5,0.0,0.0,0.74035645,0.74035645,0.9999999999986492,0.0,0.0,0.0,0.0,0.6,0,5,54649,Greedy-SLA,Full-CertiTwin-q90,5
4,4,5,0.0,0.0,0.74035645,0.74035645,0.9999999999986492,0.0,0.0,0.0,0.0,0.6,0,5,54649,Greedy-SLA,SLA-Rule-Shield,5
4,4,5,0.0,0.0,0.74035645,0.74035645,0.9999999999986492,0.0,0.0,0.0,0.0,0.6,0,5,54649,Greedy-SLA,Fixed-UCB-1sigma-Shield,5
4,4,5,0.0,0.0,0.74035645,0.74035645,0.9999999999986492,0.0,0.0,0.0,0.0,0.6,0,5,54649,Greedy-SLA,Fixed-UCB-1.64sigma-Shield,5
0,2,5,1.0,0.0,0.76278657,0.6677499,0.875408569397236,1.0,21.0,0.0,0.0,0.6,0,5,54649,DT-Top1,Full-CertiTwin-q90,5
0,4,5,1.0,0.0,0.76278657,0.74035645,0.9705945006334202,1.0,57.0,0.0,0.0,0.6,0,5,54649,DT-Top1,SLA-Rule-Shield,5
0,2,5,1.0,0.0,0.76278657,0.6677499,0.875408569397236,1.0,21.0,0.0,0.0,0.6,0,5,54649,DT-Top1,Fixed-UCB-1sigma-Shield,5
0,2,5,1.0,0.0,0.76278657,0.6677499,0.875408569397236,1.0,21.0,0.0,0.0,0.6,0,5,54649,DT-Top1,Fixed-UCB-1.64sigma-Shield,5
2,2,5,0.0,0.0,0.65129316,0.65129316,0.9999999999984648,0.0,0.0,0.0,0.0,0.6,0,5,19272,PF,Full-CertiTwin-q90,5
2,2,5,0.0,0.0,0.65129316,0.65129316,0.9999999999984648,0.0,0.0,0.0,0.0,0.6,0,5,19272,PF,SLA-Rule-Shield,5
2,2,5,0.0,0.0,0.65129316,0.65129316,0.9999999999984648,0.0,0.0,0.0,0.0,0.6,0,5,19272,PF,Fixed-UCB-1sigma-Shield,5
2,2,5,0.0,0.0,0.65129316,0.65129316,0.9999999999984648,0.0,0.0,0.0,0.0,0.6,0,5,19272,PF,Fixed-UCB-1.64sigma-Shield,5
4,4,5,0.0,0.0,0.76313806,0.76313806,0.9999999999986896,0.0,0.0,0.0,0.0,0.6,0,5,19272,Greedy-SLA,Full-CertiTwin-q90,5
4,4,5,0.0,0.0,0.76313806,0.76313806,0.9999999999986896,0.0,0.0,0.0,0.0,0.6,0,5,19272,Greedy-SLA,SLA-Rule-Shield,5
4,4,5,0.0,0.0,0.76313806,0.76313806,0.9999999999986896,0.0,0.0,0.0,0.0,0.6,0,5,19272,Greedy-SLA,Fixed-UCB-1sigma-Shield,5
4,4,5,0.0,0.0,0.76313806,0.76313806,0.9999999999986896,0.0,0.0,0.0,0.0,0.6,0,5,19272,Greedy-SLA,Fixed-UCB-1.64sigma-Shield,5
0,2,5,1.0,0.0,0.76278657,0.65129316,0.8538340678954877,1.0,21.0,0.0,0.0,0.6,0,5,19272,DT-Top1,Full-CertiTwin-q90,5
0,4,5,1.0,0.0,0.76278657,0.76313806,1.000460797309265,1.0,57.0,0.0,0.0,0.6,0,5,19272,DT-Top1,SLA-Rule-Shield,5
0,2,5,1.0,0.0,0.76278657,0.65129316,0.8538340678954877,1.0,21.0,0.0,0.0,0.6,0,5,19272,DT-Top1,Fixed-UCB-1sigma-Shield,5
0,2,5,1.0,0.0,0.76278657,0.65129316,0.8538340678954877,1.0,21.0,0.0,0.0,0.6,0,5,19272,DT-Top1,Fixed-UCB-1.64sigma-Shield,5
2,2,5,0.0,0.0,0.6677499,0.6677499,0.9999999999985024,0.0,0.0,0.0,0.0,0.6,0,5,20225,PF,Full-CertiTwin-q90,5
2,2,5,0.0,0.0,0.6677499,0.6677499,0.9999999999985024,0.0,0.0,0.0,0.0,0.6,0,5,20225,PF,SLA-Rule-Shield,5
2,2,5,0.0,0.0,0.6677499,0.6677499,0.9999999999985024,0.0,0.0,0.0,0.0,0.6,0,5,20225,PF,Fixed-UCB-1sigma-Shield,5
2,2,5,0.0,0.0,0.6677499,0.6677499,0.9999999999985024,0.0,0.0,0.0,0.0,0.6,0,5,20225,PF,Fixed-UCB-1.64sigma-Shield,5
4,4,5,0.0,0.0,0.74035645,0.74035645,0.9999999999986492,0.0,0.0,0.0,0.0,0.6,0,5,20225,Greedy-SLA,Full-CertiTwin-q90,5
4,4,5,0.0,0.0,0.74035645,0.74035645,0.9999999999986492,0.0,0.0,0.0,0.0,0.6,0,5,20225,Greedy-SLA,SLA-Rule-Shield,5
4,4,5,0.0,0.0,0.74035645,0.74035645,0.9999999999986492,0.0,0.0,0.0,0.0,0.6,0,5,20225,Greedy-SLA,Fixed-UCB-1sigma-Shield,5
4,4,5,0.0,0.0,0.74035645,0.74035645,0.9999999999986492,0.0,0.0,0.0,0.0,0.6,0,5,20225,Greedy-SLA,Fixed-UCB-1.64sigma-Shield,5
0,2,5,1.0,0.0,0.76278657,0.6677499,0.875408569397236,1.0,21.0,0.0,0.0,0.6,0,5,20225,DT-Top1,Full-CertiTwin-q90,5
0,4,5,1.0,0.0,0.76278657,0.74035645,0.9705945006334202,1.0,57.0,0.0,0.0,0.6,0,5,20225,DT-Top1,SLA-Rule-Shield,5
0,2,5,1.0,0.0,0.76278657,0.6677499,0.875408569397236,1.0,21.0,0.0,0.0,0.6,0,5,20225,DT-Top1,Fixed-UCB-1sigma-Shield,5
0,2,5,1.0,0.0,0.76278657,0.6677499,0.875408569397236,1.0,21.0,0.0,0.0,0.6,0,5,20225,DT-Top1,Fixed-UCB-1.64sigma-Shield,5
2,2,5,0.0,0.0,0.6677499,0.6677499,0.9999999999985024,0.0,0.0,0.0,0.0,0.6,0,5,36202,PF,Full-CertiTwin-q90,5
2,2,5,0.0,0.0,0.6677499,0.6677499,0.9999999999985024,0.0,0.0,0.0,0.0,0.6,0,5,36202,PF,SLA-Rule-Shield,5
2,2,5,0.0,0.0,0.6677499,0.6677499,0.9999999999985024,0.0,0.0,0.0,0.0,0.6,0,5,36202,PF,Fixed-UCB-1sigma-Shield,5
2,2,5,0.0,0.0,0.6677499,0.6677499,0.9999999999985024,0.0,0.0,0.0,0.0,0.6,0,5,36202,PF,Fixed-UCB-1.64sigma-Shield,5
4,4,5,0.0,0.0,0.76313806,0.76313806,0.9999999999986896,0.0,0.0,0.0,0.0,0.6,0,5,36202,Greedy-SLA,Full-CertiTwin-q90,5
4,4,5,0.0,0.0,0.76313806,0.76313806,0.9999999999986896,0.0,0.0,0.0,0.0,0.6,0,5,36202,Greedy-SLA,SLA-Rule-Shield,5
4,4,5,0.0,0.0,0.76313806,0.76313806,0.9999999999986896,0.0,0.0,0.0,0.0,0.6,0,5,36202,Greedy-SLA,Fixed-UCB-1sigma-Shield,5
4,4,5,0.0,0.0,0.76313806,0.76313806,0.9999999999986896,0.0,0.0,0.0,0.0,0.6,0,5,36202,Greedy-SLA,Fixed-UCB-1.64sigma-Shield,5
0,2,5,1.0,0.0,0.76278657,0.6677499,0.875408569397236,1.0,21.0,0.0,0.0,0.6,0,5,36202,DT-Top1,Full-CertiTwin-q90,5
0,4,5,1.0,0.0,0.76278657,0.76313806,1.000460797309265,1.0,57.0,0.0,0.0,0.6,0,5,36202,DT-Top1,SLA-Rule-Shield,5
0,2,5,1.0,0.0,0.76278657,0.6677499,0.875408569397236,1.0,21.0,0.0,0.0,0.6,0,5,36202,DT-Top1,Fixed-UCB-1sigma-Shield,5
0,2,5,1.0,0.0,0.76278657,0.6677499,0.875408569397236,1.0,21.0,0.0,0.0,0.6,0,5,36202,DT-Top1,Fixed-UCB-1.64sigma-Shield,5
2,2,5,0.0,0.0,0.65129316,0.65129316,0.9999999999984648,0.0,0.0,0.0,0.0,0.6,0,5,29443,PF,Full-CertiTwin-q90,5
2,2,5,0.0,0.0,0.65129316,0.65129316,0.9999999999984648,0.0,0.0,0.0,0.0,0.6,0,5,29443,PF,SLA-Rule-Shield,5
2,2,5,0.0,0.0,0.65129316,0.65129316,0.9999999999984648,0.0,0.0,0.0,0.0,0.6,0,5,29443,PF,Fixed-UCB-1sigma-Shield,5
2,2,5,0.0,0.0,0.65129316,0.65129316,0.9999999999984648,0.0,0.0,0.0,0.0,0.6,0,5,29443,PF,Fixed-UCB-1.64sigma-Shield,5
4,4,5,0.0,0.0,0.76313806,0.76313806,0.9999999999986896,0.0,0.0,0.0,0.0,0.6,0,5,29443,Greedy-SLA,Full-CertiTwin-q90,5
4,4,5,0.0,0.0,0.76313806,0.76313806,0.9999999999986896,0.0,0.0,0.0,0.0,0.6,0,5,29443,Greedy-SLA,SLA-Rule-Shield,5
4,4,5,0.0,0.0,0.76313806,0.76313806,0.9999999999986896,0.0,0.0,0.0,0.0,0.6,0,5,29443,Greedy-SLA,Fixed-UCB-1sigma-Shield,5
4,4,5,0.0,0.0,0.76313806,0.76313806,0.9999999999986896,0.0,0.0,0.0,0.0,0.6,0,5,29443,Greedy-SLA,Fixed-UCB-1.64sigma-Shield,5
4,4,5,0.0,0.0,0.76313806,0.76313806,0.9999999999986896,0.0,0.0,0.0,0.0,0.6,0,5,29443,DT-Top1,Full-CertiTwin-q90,5
4,4,5,0.0,0.0,0.76313806,0.76313806,0.9999999999986896,0.0,0.0,0.0,0.0,0.6,0,5,29443,DT-Top1,SLA-Rule-Shield,5
4,4,5,0.0,0.0,0.76313806,0.76313806,0.9999999999986896,0.0,0.0,0.0,0.0,0.6,0,5,29443,DT-Top1,Fixed-UCB-1sigma-Shield,5
4,4,5,0.0,0.0,0.76313806,0.76313806,0.9999999999986896,0.0,0.0,0.0,0.0,0.6,0,5,29443,DT-Top1,Fixed-UCB-1.64sigma-Shield,5
2,2,5,0.0,0.0,0.6677499,0.6677499,0.9999999999985024,0.0,0.0,0.0,0.0,0.6,0,5,29513,PF,Full-CertiTwin-q90,5
2,2,5,0.0,0.0,0.6677499,0.6677499,0.9999999999985024,0.0,0.0,0.0,0.0,0.6,0,5,29513,PF,SLA-Rule-Shield,5
2,2,5,0.0,0.0,0.6677499,0.6677499,0.9999999999985024,0.0,0.0,0.0,0.0,0.6,0,5,29513,PF,Fixed-UCB-1sigma-Shield,5
2,2,5,0.0,0.0,0.6677499,0.6677499,0.9999999999985024,0.0,0.0,0.0,0.0,0.6,0,5,29513,PF,Fixed-UCB-1.64sigma-Shield,5
4,4,5,0.0,0.0,0.74035645,0.74035645,0.9999999999986492,0.0,0.0,0.0,0.0,0.6,0,5,29513,Greedy-SLA,Full-CertiTwin-q90,5
4,4,5,0.0,0.0,0.74035645,0.74035645,0.9999999999986492,0.0,0.0,0.0,0.0,0.6,0,5,29513,Greedy-SLA,SLA-Rule-Shield,5
4,4,5,0.0,0.0,0.74035645,0.74035645,0.9999999999986492,0.0,0.0,0.0,0.0,0.6,0,5,29513,Greedy-SLA,Fixed-UCB-1sigma-Shield,5
4,4,5,0.0,0.0,0.74035645,0.74035645,0.9999999999986492,0.0,0.0,0.0,0.0,0.6,0,5,29513,Greedy-SLA,Fixed-UCB-1.64sigma-Shield,5
0,2,5,1.0,0.0,0.76278657,0.6677499,0.875408569397236,1.0,21.0,0.0,0.0,0.6,0,5,29513,DT-Top1,Full-CertiTwin-q90,5
0,4,5,1.0,0.0,0.76278657,0.74035645,0.9705945006334202,1.0,57.0,0.0,0.0,0.6,0,5,29513,DT-Top1,SLA-Rule-Shield,5
0,2,5,1.0,0.0,0.76278657,0.6677499,0.875408569397236,1.0,21.0,0.0,0.0,0.6,0,5,29513,DT-Top1,Fixed-UCB-1sigma-Shield,5
0,2,5,1.0,0.0,0.76278657,0.6677499,0.875408569397236,1.0,21.0,0.0,0.0,0.6,0,5,29513,DT-Top1,Fixed-UCB-1.64sigma-Shield,5
2,2,5,0.0,0.0,0.6677499,0.6677499,0.9999999999985024,0.0,0.0,0.0,0.0,0.6,0,5,44260,PF,Full-CertiTwin-q90,5
2,2,5,0.0,0.0,0.6677499,0.6677499,0.9999999999985024,0.0,0.0,0.0,0.0,0.6,0,5,44260,PF,SLA-Rule-Shield,5
2,2,5,0.0,0.0,0.6677499,0.6677499,0.9999999999985024,0.0,0.0,0.0,0.0,0.6,0,5,44260,PF,Fixed-UCB-1sigma-Shield,5
2,2,5,0.0,0.0,0.6677499,0.6677499,0.9999999999985024,0.0,0.0,0.0,0.0,0.6,0,5,44260,PF,Fixed-UCB-1.64sigma-Shield,5
4,4,5,0.0,0.0,0.76313806,0.76313806,0.9999999999986896,0.0,0.0,0.0,0.0,0.6,0,5,44260,Greedy-SLA,Full-CertiTwin-q90,5
4,4,5,0.0,0.0,0.76313806,0.76313806,0.9999999999986896,0.0,0.0,0.0,0.0,0.6,0,5,44260,Greedy-SLA,SLA-Rule-Shield,5
4,4,5,0.0,0.0,0.76313806,0.76313806,0.9999999999986896,0.0,0.0,0.0,0.0,0.6,0,5,44260,Greedy-SLA,Fixed-UCB-1sigma-Shield,5
4,4,5,0.0,0.0,0.76313806,0.76313806,0.9999999999986896,0.0,0.0,0.0,0.0,0.6,0,5,44260,Greedy-SLA,Fixed-UCB-1.64sigma-Shield,5
0,2,5,1.0,0.0,0.76278657,0.6677499,0.875408569397236,1.0,21.0,0.0,0.0,0.6,0,5,44260,DT-Top1,Full-CertiTwin-q90,5
0,4,5,1.0,0.0,0.76278657,0.76313806,1.000460797309265,1.0,57.0,0.0,0.0,0.6,0,5,44260,DT-Top1,SLA-Rule-Shield,5
0,2,5,1.0,0.0,0.76278657,0.6677499,0.875408569397236,1.0,21.0,0.0,0.0,0.6,0,5,44260,DT-Top1,Fixed-UCB-1sigma-Shield,5
0,2,5,1.0,0.0,0.76278657,0.6677499,0.875408569397236,1.0,21.0,0.0,0.0,0.6,0,5,44260,DT-Top1,Fixed-UCB-1.64sigma-Shield,5
2,2,5,0.0,0.0,0.6682329,0.6682329,0.9999999999985036,0.0,0.0,0.0,0.0,0.6,0,5,56696,PF,Full-CertiTwin-q90,5
2,2,5,0.0,0.0,0.6682329,0.6682329,0.9999999999985036,0.0,0.0,0.0,0.0,0.6,0,5,56696,PF,SLA-Rule-Shield,5
2,2,5,0.0,0.0,0.6682329,0.6682329,0.9999999999985036,0.0,0.0,0.0,0.0,0.6,0,5,56696,PF,Fixed-UCB-1sigma-Shield,5
2,2,5,0.0,0.0,0.6682329,0.6682329,0.9999999999985036,0.0,0.0,0.0,0.0,0.6,0,5,56696,PF,Fixed-UCB-1.64sigma-Shield,5
4,4,5,0.0,0.0,0.76313806,0.76313806,0.9999999999986896,0.0,0.0,0.0,0.0,0.6,0,5,56696,Greedy-SLA,Full-CertiTwin-q90,5
4,4,5,0.0,0.0,0.76313806,0.76313806,0.9999999999986896,0.0,0.0,0.0,0.0,0.6,0,5,56696,Greedy-SLA,SLA-Rule-Shield,5
4,4,5,0.0,0.0,0.76313806,0.76313806,0.9999999999986896,0.0,0.0,0.0,0.0,0.6,0,5,56696,Greedy-SLA,Fixed-UCB-1sigma-Shield,5
4,4,5,0.0,0.0,0.76313806,0.76313806,0.9999999999986896,0.0,0.0,0.0,0.0,0.6,0,5,56696,Greedy-SLA,Fixed-UCB-1.64sigma-Shield,5
4,4,5,0.0,0.0,0.76313806,0.76313806,0.9999999999986896,0.0,0.0,0.0,0.0,0.6,0,5,56696,DT-Top1,Full-CertiTwin-q90,5
4,4,5,0.0,0.0,0.76313806,0.76313806,0.9999999999986896,0.0,0.0,0.0,0.0,0.6,0,5,56696,DT-Top1,SLA-Rule-Shield,5
4,4,5,0.0,0.0,0.76313806,0.76313806,0.9999999999986896,0.0,0.0,0.0,0.0,0.6,0,5,56696,DT-Top1,Fixed-UCB-1sigma-Shield,5
4,4,5,0.0,0.0,0.76313806,0.76313806,0.9999999999986896,0.0,0.0,0.0,0.0,0.6,0,5,56696,DT-Top1,Fixed-UCB-1.64sigma-Shield,5
2,2,5,0.0,0.0,0.65129316,0.65129316,0.9999999999984648,0.0,0.0,0.0,0.0,0.6,0,5,45780,PF,Full-CertiTwin-q90,5
2,2,5,0.0,0.0,0.65129316,0.65129316,0.9999999999984648,0.0,0.0,0.0,0.0,0.6,0,5,45780,PF,SLA-Rule-Shield,5
2,2,5,0.0,0.0,0.65129316,0.65129316,0.9999999999984648,0.0,0.0,0.0,0.0,0.6,0,5,45780,PF,Fixed-UCB-1sigma-Shield,5
2,2,5,0.0,0.0,0.65129316,0.65129316,0.9999999999984648,0.0,0.0,0.0,0.0,0.6,0,5,45780,PF,Fixed-UCB-1.64sigma-Shield,5
4,4,5,0.0,0.0,0.76313806,0.76313806,0.9999999999986896,0.0,0.0,0.0,0.0,0.6,0,5,45780,Greedy-SLA,Full-CertiTwin-q90,5
4,4,5,0.0,0.0,0.76313806,0.76313806,0.9999999999986896,0.0,0.0,0.0,0.0,0.6,0,5,45780,Greedy-SLA,SLA-Rule-Shield,5
4,4,5,0.0,0.0,0.76313806,0.76313806,0.9999999999986896,0.0,0.0,0.0,0.0,0.6,0,5,45780,Greedy-SLA,Fixed-UCB-1sigma-Shield,5
4,4,5,0.0,0.0,0.76313806,0.76313806,0.9999999999986896,0.0,0.0,0.0,0.0,0.6,0,5,45780,Greedy-SLA,Fixed-UCB-1.64sigma-Shield,5
4,4,5,0.0,0.0,0.76313806,0.76313806,0.9999999999986896,0.0,0.0,0.0,0.0,0.6,0,5,45780,DT-Top1,Full-CertiTwin-q90,5
4,4,5,0.0,0.0,0.76313806,0.76313806,0.9999999999986896,0.0,0.0,0.0,0.0,0.6,0,5,45780,DT-Top1,SLA-Rule-Shield,5
4,4,5,0.0,0.0,0.76313806,0.76313806,0.9999999999986896,0.0,0.0,0.0,0.0,0.6,0,5,45780,DT-Top1,Fixed-UCB-1sigma-Shield,5
4,4,5,0.0,0.0,0.76313806,0.76313806,0.9999999999986896,0.0,0.0,0.0,0.0,0.6,0,5,45780,DT-Top1,Fixed-UCB-1.64sigma-Shield,5
2,2,5,0.0,0.0,0.6677499,0.6677499,0.9999999999985024,0.0,0.0,0.0,0.0,0.6,0,5,11071,PF,Full-CertiTwin-q90,5
2,2,5,0.0,0.0,0.6677499,0.6677499,0.9999999999985024,0.0,0.0,0.0,0.0,0.6,0,5,11071,PF,SLA-Rule-Shield,5
2,2,5,0.0,0.0,0.6677499,0.6677499,0.9999999999985024,0.0,0.0,0.0,0.0,0.6,0,5,11071,PF,Fixed-UCB-1sigma-Shield,5
2,2,5,0.0,0.0,0.6677499,0.6677499,0.9999999999985024,0.0,0.0,0.0,0.0,0.6,0,5,11071,PF,Fixed-UCB-1.64sigma-Shield,5
4,4,5,0.0,0.0,0.76313806,0.76313806,0.9999999999986896,0.0,0.0,0.0,0.0,0.6,0,5,11071,Greedy-SLA,Full-CertiTwin-q90,5
4,4,5,0.0,0.0,0.76313806,0.76313806,0.9999999999986896,0.0,0.0,0.0,0.0,0.6,0,5,11071,Greedy-SLA,SLA-Rule-Shield,5
4,4,5,0.0,0.0,0.76313806,0.76313806,0.9999999999986896,0.0,0.0,0.0,0.0,0.6,0,5,11071,Greedy-SLA,Fixed-UCB-1sigma-Shield,5
4,4,5,0.0,0.0,0.76313806,0.76313806,0.9999999999986896,0.0,0.0,0.0,0.0,0.6,0,5,11071,Greedy-SLA,Fixed-UCB-1.64sigma-Shield,5
4,4,5,0.0,0.0,0.76313806,0.76313806,0.9999999999986896,0.0,0.0,0.0,0.0,0.6,0,5,11071,DT-Top1,Full-CertiTwin-q90,5
4,4,5,0.0,0.0,0.76313806,0.76313806,0.9999999999986896,0.0,0.0,0.0,0.0,0.6,0,5,11071,DT-Top1,SLA-Rule-Shield,5
4,4,5,0.0,0.0,0.76313806,0.76313806,0.9999999999986896,0.0,0.0,0.0,0.0,0.6,0,5,11071,DT-Top1,Fixed-UCB-1sigma-Shield,5
4,4,5,0.0,0.0,0.76313806,0.76313806,0.9999999999986896,0.0,0.0,0.0,0.0,0.6,0,5,11071,DT-Top1,Fixed-UCB-1.64sigma-Shield,5
2,2,5,0.0,0.0,0.6677499,0.6677499,0.9999999999985024,0.0,0.0,0.0,0.0,0.6,0,5,51400,PF,Full-CertiTwin-q90,5
2,2,5,0.0,0.0,0.6677499,0.6677499,0.9999999999985024,0.0,0.0,0.0,0.0,0.6,0,5,51400,PF,SLA-Rule-Shield,5
2,2,5,0.0,0.0,0.6677499,0.6677499,0.9999999999985024,0.0,0.0,0.0,0.0,0.6,0,5,51400,PF,Fixed-UCB-1sigma-Shield,5
2,2,5,0.0,0.0,0.6677499,0.6677499,0.9999999999985024,0.0,0.0,0.0,0.0,0.6,0,5,51400,PF,Fixed-UCB-1.64sigma-Shield,5
4,4,5,0.0,0.0,0.76313806,0.76313806,0.9999999999986896,0.0,0.0,0.0,0.0,0.6,0,5,51400,Greedy-SLA,Full-CertiTwin-q90,5
4,4,5,0.0,0.0,0.76313806,0.76313806,0.9999999999986896,0.0,0.0,0.0,0.0,0.6,0,5,51400,Greedy-SLA,SLA-Rule-Shield,5
4,4,5,0.0,0.0,0.76313806,0.76313806,0.9999999999986896,0.0,0.0,0.0,0.0,0.6,0,5,51400,Greedy-SLA,Fixed-UCB-1sigma-Shield,5
4,4,5,0.0,0.0,0.76313806,0.76313806,0.9999999999986896,0.0,0.0,0.0,0.0,0.6,0,5,51400,Greedy-SLA,Fixed-UCB-1.64sigma-Shield,5
4,4,5,0.0,0.0,0.76313806,0.76313806,0.9999999999986896,0.0,0.0,0.0,0.0,0.6,0,5,51400,DT-Top1,Full-CertiTwin-q90,5
4,4,5,0.0,0.0,0.76313806,0.76313806,0.9999999999986896,0.0,0.0,0.0,0.0,0.6,0,5,51400,DT-Top1,SLA-Rule-Shield,5
4,4,5,0.0,0.0,0.76313806,0.76313806,0.9999999999986896,0.0,0.0,0.0,0.0,0.6,0,5,51400,DT-Top1,Fixed-UCB-1sigma-Shield,5
4,4,5,0.0,0.0,0.76313806,0.76313806,0.9999999999986896,0.0,0.0,0.0,0.0,0.6,0,5,51400,DT-Top1,Fixed-UCB-1.64sigma-Shield,5
2,2,5,0.0,0.0,0.6677499,0.6677499,0.9999999999985024,0.0,0.0,0.0,0.0,0.6,0,5,21684,PF,Full-CertiTwin-q90,5
2,2,5,0.0,0.0,0.6677499,0.6677499,0.9999999999985024,0.0,0.0,0.0,0.0,0.6,0,5,21684,PF,SLA-Rule-Shield,5
2,2,5,0.0,0.0,0.6677499,0.6677499,0.9999999999985024,0.0,0.0,0.0,0.0,0.6,0,5,21684,PF,Fixed-UCB-1sigma-Shield,5
2,2,5,0.0,0.0,0.6677499,0.6677499,0.9999999999985024,0.0,0.0,0.0,0.0,0.6,0,5,21684,PF,Fixed-UCB-1.64sigma-Shield,5
4,4,5,0.0,0.0,0.76313806,0.76313806,0.9999999999986896,0.0,0.0,0.0,0.0,0.6,0,5,21684,Greedy-SLA,Full-CertiTwin-q90,5
4,4,5,0.0,0.0,0.76313806,0.76313806,0.9999999999986896,0.0,0.0,0.0,0.0,0.6,0,5,21684,Greedy-SLA,SLA-Rule-Shield,5
4,4,5,0.0,0.0,0.76313806,0.76313806,0.9999999999986896,0.0,0.0,0.0,0.0,0.6,0,5,21684,Greedy-SLA,Fixed-UCB-1sigma-Shield,5
4,4,5,0.0,0.0,0.76313806,0.76313806,0.9999999999986896,0.0,0.0,0.0,0.0,0.6,0,5,21684,Greedy-SLA,Fixed-UCB-1.64sigma-Shield,5
0,2,5,1.0,0.0,0.76278657,0.6677499,0.875408569397236,1.0,21.0,0.0,0.0,0.6,0,5,21684,DT-Top1,Full-CertiTwin-q90,5
0,4,5,1.0,0.0,0.76278657,0.76313806,1.000460797309265,1.0,57.0,0.0,0.0,0.6,0,5,21684,DT-Top1,SLA-Rule-Shield,5
0,2,5,1.0,0.0,0.76278657,0.6677499,0.875408569397236,1.0,21.0,0.0,0.0,0.6,0,5,21684,DT-Top1,Fixed-UCB-1sigma-Shield,5
0,2,5,1.0,0.0,0.76278657,0.6677499,0.875408569397236,1.0,21.0,0.0,0.0,0.6,0,5,21684,DT-Top1,Fixed-UCB-1.64sigma-Shield,5
2,2,5,0.0,0.0,0.6506768,0.6506768,0.9999999999984632,0.0,0.0,0.0,0.0,0.6,0,5,31188,PF,Full-CertiTwin-q90,5
2,2,5,0.0,0.0,0.6506768,0.6506768,0.9999999999984632,0.0,0.0,0.0,0.0,0.6,0,5,31188,PF,SLA-Rule-Shield,5
2,2,5,0.0,0.0,0.6506768,0.6506768,0.9999999999984632,0.0,0.0,0.0,0.0,0.6,0,5,31188,PF,Fixed-UCB-1sigma-Shield,5
2,2,5,0.0,0.0,0.6506768,0.6506768,0.9999999999984632,0.0,0.0,0.0,0.0,0.6,0,5,31188,PF,Fixed-UCB-1.64sigma-Shield,5
4,4,5,0.0,0.0,0.76313806,0.76313806,0.9999999999986896,0.0,0.0,0.0,0.0,0.6,0,5,31188,Greedy-SLA,Full-CertiTwin-q90,5
4,4,5,0.0,0.0,0.76313806,0.76313806,0.9999999999986896,0.0,0.0,0.0,0.0,0.6,0,5,31188,Greedy-SLA,SLA-Rule-Shield,5
4,4,5,0.0,0.0,0.76313806,0.76313806,0.9999999999986896,0.0,0.0,0.0,0.0,0.6,0,5,31188,Greedy-SLA,Fixed-UCB-1sigma-Shield,5
4,4,5,0.0,0.0,0.76313806,0.76313806,0.9999999999986896,0.0,0.0,0.0,0.0,0.6,0,5,31188,Greedy-SLA,Fixed-UCB-1.64sigma-Shield,5
0,2,5,1.0,0.0,0.76278657,0.6506768,0.853026030596143,1.0,21.0,0.0,0.0,0.6,0,5,31188,DT-Top1,Full-CertiTwin-q90,5
0,4,5,1.0,0.0,0.76278657,0.76313806,1.000460797309265,1.0,57.0,0.0,0.0,0.6,0,5,31188,DT-Top1,SLA-Rule-Shield,5
0,2,5,1.0,0.0,0.76278657,0.6506768,0.853026030596143,1.0,21.0,0.0,0.0,0.6,0,5,31188,DT-Top1,Fixed-UCB-1sigma-Shield,5
0,2,5,1.0,0.0,0.76278657,0.6506768,0.853026030596143,1.0,21.0,0.0,0.0,0.6,0,5,31188,DT-Top1,Fixed-UCB-1.64sigma-Shield,5
2,2,5,0.0,0.0,0.6677499,0.6677499,0.9999999999985024,0.0,0.0,0.0,0.0,0.6,0,5,41883,PF,Full-CertiTwin-q90,5
2,2,5,0.0,0.0,0.6677499,0.6677499,0.9999999999985024,0.0,0.0,0.0,0.0,0.6,0,5,41883,PF,SLA-Rule-Shield,5
2,2,5,0.0,0.0,0.6677499,0.6677499,0.9999999999985024,0.0,0.0,0.0,0.0,0.6,0,5,41883,PF,Fixed-UCB-1sigma-Shield,5
2,2,5,0.0,0.0,0.6677499,0.6677499,0.9999999999985024,0.0,0.0,0.0,0.0,0.6,0,5,41883,PF,Fixed-UCB-1.64sigma-Shield,5
4,4,5,0.0,0.0,0.7526786,0.7526786,0.9999999999986714,0.0,0.0,0.0,0.0,0.6,0,5,41883,Greedy-SLA,Full-CertiTwin-q90,5
4,4,5,0.0,0.0,0.7526786,0.7526786,0.9999999999986714,0.0,0.0,0.0,0.0,0.6,0,5,41883,Greedy-SLA,SLA-Rule-Shield,5
4,4,5,0.0,0.0,0.7526786,0.7526786,0.9999999999986714,0.0,0.0,0.0,0.0,0.6,0,5,41883,Greedy-SLA,Fixed-UCB-1sigma-Shield,5
4,4,5,0.0,0.0,0.7526786,0.7526786,0.9999999999986714,0.0,0.0,0.0,0.0,0.6,0,5,41883,Greedy-SLA,Fixed-UCB-1.64sigma-Shield,5
0,2,5,1.0,0.0,0.76278657,0.6677499,0.875408569397236,1.0,21.0,0.0,0.0,0.6,0,5,41883,DT-Top1,Full-CertiTwin-q90,5
0,4,5,1.0,0.0,0.76278657,0.7526786,0.9867486261576592,1.0,57.0,0.0,0.0,0.6,0,5,41883,DT-Top1,SLA-Rule-Shield,5
0,2,5,1.0,0.0,0.76278657,0.6677499,0.875408569397236,1.0,21.0,0.0,0.0,0.6,0,5,41883,DT-Top1,Fixed-UCB-1sigma-Shield,5
0,2,5,1.0,0.0,0.76278657,0.6677499,0.875408569397236,1.0,21.0,0.0,0.0,0.6,0,5,41883,DT-Top1,Fixed-UCB-1.64sigma-Shield,5
2,2,5,0.0,0.0,0.65129316,0.65129316,0.9999999999984648,0.0,0.0,0.0,0.0,0.6,0,5,2295,PF,Full-CertiTwin-q90,5
2,2,5,0.0,0.0,0.65129316,0.65129316,0.9999999999984648,0.0,0.0,0.0,0.0,0.6,0,5,2295,PF,SLA-Rule-Shield,5
2,2,5,0.0,0.0,0.65129316,0.65129316,0.9999999999984648,0.0,0.0,0.0,0.0,0.6,0,5,2295,PF,Fixed-UCB-1sigma-Shield,5
2,2,5,0.0,0.0,0.65129316,0.65129316,0.9999999999984648,0.0,0.0,0.0,0.0,0.6,0,5,2295,PF,Fixed-UCB-1.64sigma-Shield,5
4,4,5,0.0,0.0,0.76313806,0.76313806,0.9999999999986896,0.0,0.0,0.0,0.0,0.6,0,5,2295,Greedy-SLA,Full-CertiTwin-q90,5
4,4,5,0.0,0.0,0.76313806,0.76313806,0.9999999999986896,0.0,0.0,0.0,0.0,0.6,0,5,2295,Greedy-SLA,SLA-Rule-Shield,5
4,4,5,0.0,0.0,0.76313806,0.76313806,0.9999999999986896,0.0,0.0,0.0,0.0,0.6,0,5,2295,Greedy-SLA,Fixed-UCB-1sigma-Shield,5
4,4,5,0.0,0.0,0.76313806,0.76313806,0.9999999999986896,0.0,0.0,0.0,0.0,0.6,0,5,2295,Greedy-SLA,Fixed-UCB-1.64sigma-Shield,5
4,4,5,0.0,0.0,0.76313806,0.76313806,0.9999999999986896,0.0,0.0,0.0,0.0,0.6,0,5,2295,DT-Top1,Full-CertiTwin-q90,5
4,4,5,0.0,0.0,0.76313806,0.76313806,0.9999999999986896,0.0,0.0,0.0,0.0,0.6,0,5,2295,DT-Top1,SLA-Rule-Shield,5
4,4,5,0.0,0.0,0.76313806,0.76313806,0.9999999999986896,0.0,0.0,0.0,0.0,0.6,0,5,2295,DT-Top1,Fixed-UCB-1sigma-Shield,5
4,4,5,0.0,0.0,0.76313806,0.76313806,0.9999999999986896,0.0,0.0,0.0,0.0,0.6,0,5,2295,DT-Top1,Fixed-UCB-1.64sigma-Shield,5
2,2,5,0.0,0.0,0.6677499,0.6677499,0.9999999999985024,0.0,0.0,0.0,0.0,0.6,0,5,20504,PF,Full-CertiTwin-q90,5
2,2,5,0.0,0.0,0.6677499,0.6677499,0.9999999999985024,0.0,0.0,0.0,0.0,0.6,0,5,20504,PF,SLA-Rule-Shield,5
2,2,5,0.0,0.0,0.6677499,0.6677499,0.9999999999985024,0.0,0.0,0.0,0.0,0.6,0,5,20504,PF,Fixed-UCB-1sigma-Shield,5
2,2,5,0.0,0.0,0.6677499,0.6677499,0.9999999999985024,0.0,0.0,0.0,0.0,0.6,0,5,20504,PF,Fixed-UCB-1.64sigma-Shield,5
4,4,5,0.0,0.0,0.76313806,0.76313806,0.9999999999986896,0.0,0.0,0.0,0.0,0.6,0,5,20504,Greedy-SLA,Full-CertiTwin-q90,5
4,4,5,0.0,0.0,0.76313806,0.76313806,0.9999999999986896,0.0,0.0,0.0,0.0,0.6,0,5,20504,Greedy-SLA,SLA-Rule-Shield,5
4,4,5,0.0,0.0,0.76313806,0.76313806,0.9999999999986896,0.0,0.0,0.0,0.0,0.6,0,5,20504,Greedy-SLA,Fixed-UCB-1sigma-Shield,5
4,4,5,0.0,0.0,0.76313806,0.76313806,0.9999999999986896,0.0,0.0,0.0,0.0,0.6,0,5,20504,Greedy-SLA,Fixed-UCB-1.64sigma-Shield,5
0,2,5,1.0,0.0,0.76278657,0.6677499,0.875408569397236,1.0,21.0,0.0,0.0,0.6,0,5,20504,DT-Top1,Full-CertiTwin-q90,5
0,4,5,1.0,0.0,0.76278657,0.76313806,1.000460797309265,1.0,57.0,0.0,0.0,0.6,0,5,20504,DT-Top1,SLA-Rule-Shield,5
0,2,5,1.0,0.0,0.76278657,0.6677499,0.875408569397236,1.0,21.0,0.0,0.0,0.6,0,5,20504,DT-Top1,Fixed-UCB-1sigma-Shield,5
0,2,5,1.0,0.0,0.76278657,0.6677499,0.875408569397236,1.0,21.0,0.0,0.0,0.6,0,5,20504,DT-Top1,Fixed-UCB-1.64sigma-Shield,5
2,2,5,0.0,0.0,0.6677499,0.6677499,0.9999999999985024,0.0,0.0,0.0,0.0,0.6,0,5,15743,PF,Full-CertiTwin-q90,5
2,2,5,0.0,0.0,0.6677499,0.6677499,0.9999999999985024,0.0,0.0,0.0,0.0,0.6,0,5,15743,PF,SLA-Rule-Shield,5
2,2,5,0.0,0.0,0.6677499,0.6677499,0.9999999999985024,0.0,0.0,0.0,0.0,0.6,0,5,15743,PF,Fixed-UCB-1sigma-Shield,5
2,2,5,0.0,0.0,0.6677499,0.6677499,0.9999999999985024,0.0,0.0,0.0,0.0,0.6,0,5,15743,PF,Fixed-UCB-1.64sigma-Shield,5
4,4,5,0.0,0.0,0.76313806,0.76313806,0.9999999999986896,0.0,0.0,0.0,0.0,0.6,0,5,15743,Greedy-SLA,Full-CertiTwin-q90,5
4,4,5,0.0,0.0,0.76313806,0.76313806,0.9999999999986896,0.0,0.0,0.0,0.0,0.6,0,5,15743,Greedy-SLA,SLA-Rule-Shield,5
4,4,5,0.0,0.0,0.76313806,0.76313806,0.9999999999986896,0.0,0.0,0.0,0.0,0.6,0,5,15743,Greedy-SLA,Fixed-UCB-1sigma-Shield,5
4,4,5,0.0,0.0,0.76313806,0.76313806,0.9999999999986896,0.0,0.0,0.0,0.0,0.6,0,5,15743,Greedy-SLA,Fixed-UCB-1.64sigma-Shield,5
0,2,5,1.0,0.0,0.76278657,0.6677499,0.875408569397236,1.0,21.0,0.0,0.0,0.6,0,5,15743,DT-Top1,Full-CertiTwin-q90,5
0,4,5,1.0,0.0,0.76278657,0.76313806,1.000460797309265,1.0,57.0,0.0,0.0,0.6,0,5,15743,DT-Top1,SLA-Rule-Shield,5
0,2,5,1.0,0.0,0.76278657,0.6677499,0.875408569397236,1.0,21.0,0.0,0.0,0.6,0,5,15743,DT-Top1,Fixed-UCB-1sigma-Shield,5
0,2,5,1.0,0.0,0.76278657,0.6677499,0.875408569397236,1.0,21.0,0.0,0.0,0.6,0,5,15743,DT-Top1,Fixed-UCB-1.64sigma-Shield,5
2,2,5,0.0,0.0,0.6677499,0.6677499,0.9999999999985024,0.0,0.0,0.0,0.0,0.6,0,5,45103,PF,Full-CertiTwin-q90,5
2,2,5,0.0,0.0,0.6677499,0.6677499,0.9999999999985024,0.0,0.0,0.0,0.0,0.6,0,5,45103,PF,SLA-Rule-Shield,5
2,2,5,0.0,0.0,0.6677499,0.6677499,0.9999999999985024,0.0,0.0,0.0,0.0,0.6,0,5,45103,PF,Fixed-UCB-1sigma-Shield,5
2,2,5,0.0,0.0,0.6677499,0.6677499,0.9999999999985024,0.0,0.0,0.0,0.0,0.6,0,5,45103,PF,Fixed-UCB-1.64sigma-Shield,5
0,2,5,1.0,0.0,0.76278657,0.6677499,0.875408569397236,1.0,21.0,0.0,0.0,0.6,0,5,45103,Greedy-SLA,Full-CertiTwin-q90,5
0,4,5,1.0,0.0,0.76278657,0.76313806,1.000460797309265,1.0,57.0,0.0,0.0,0.6,0,5,45103,Greedy-SLA,SLA-Rule-Shield,5
0,2,5,1.0,0.0,0.76278657,0.6677499,0.875408569397236,1.0,21.0,0.0,0.0,0.6,0,5,45103,Greedy-SLA,Fixed-UCB-1sigma-Shield,5
0,2,5,1.0,0.0,0.76278657,0.6677499,0.875408569397236,1.0,21.0,0.0,0.0,0.6,0,5,45103,Greedy-SLA,Fixed-UCB-1.64sigma-Shield,5
0,2,5,1.0,0.0,0.76278657,0.6677499,0.875408569397236,1.0,21.0,0.0,0.0,0.6,0,5,45103,DT-Top1,Full-CertiTwin-q90,5
0,4,5,1.0,0.0,0.76278657,0.76313806,1.000460797309265,1.0,57.0,0.0,0.0,0.6,0,5,45103,DT-Top1,SLA-Rule-Shield,5
0,2,5,1.0,0.0,0.76278657,0.6677499,0.875408569397236,1.0,21.0,0.0,0.0,0.6,0,5,45103,DT-Top1,Fixed-UCB-1sigma-Shield,5
0,2,5,1.0,0.0,0.76278657,0.6677499,0.875408569397236,1.0,21.0,0.0,0.0,0.6,0,5,45103,DT-Top1,Fixed-UCB-1.64sigma-Shield,5
2,2,5,0.0,0.0,0.6677499,0.6677499,0.9999999999985024,0.0,0.0,0.0,0.0,0.6,0,5,26720,PF,Full-CertiTwin-q90,5
2,2,5,0.0,0.0,0.6677499,0.6677499,0.9999999999985024,0.0,0.0,0.0,0.0,0.6,0,5,26720,PF,SLA-Rule-Shield,5
2,2,5,0.0,0.0,0.6677499,0.6677499,0.9999999999985024,0.0,0.0,0.0,0.0,0.6,0,5,26720,PF,Fixed-UCB-1sigma-Shield,5
2,2,5,0.0,0.0,0.6677499,0.6677499,0.9999999999985024,0.0,0.0,0.0,0.0,0.6,0,5,26720,PF,Fixed-UCB-1.64sigma-Shield,5
4,4,5,0.0,0.0,0.7526786,0.7526786,0.9999999999986714,0.0,0.0,0.0,0.0,0.6,0,5,26720,Greedy-SLA,Full-CertiTwin-q90,5
4,4,5,0.0,0.0,0.7526786,0.7526786,0.9999999999986714,0.0,0.0,0.0,0.0,0.6,0,5,26720,Greedy-SLA,SLA-Rule-Shield,5
4,4,5,0.0,0.0,0.7526786,0.7526786,0.9999999999986714,0.0,0.0,0.0,0.0,0.6,0,5,26720,Greedy-SLA,Fixed-UCB-1sigma-Shield,5
4,4,5,0.0,0.0,0.7526786,0.7526786,0.9999999999986714,0.0,0.0,0.0,0.0,0.6,0,5,26720,Greedy-SLA,Fixed-UCB-1.64sigma-Shield,5
0,2,5,1.0,0.0,0.76278657,0.6677499,0.875408569397236,1.0,21.0,0.0,0.0,0.6,0,5,26720,DT-Top1,Full-CertiTwin-q90,5
0,4,5,1.0,0.0,0.76278657,0.7526786,0.9867486261576592,1.0,57.0,0.0,0.0,0.6,0,5,26720,DT-Top1,SLA-Rule-Shield,5
0,2,5,1.0,0.0,0.76278657,0.6677499,0.875408569397236,1.0,21.0,0.0,0.0,0.6,0,5,26720,DT-Top1,Fixed-UCB-1sigma-Shield,5
0,2,5,1.0,0.0,0.76278657,0.6677499,0.875408569397236,1.0,21.0,0.0,0.0,0.6,0,5,26720,DT-Top1,Fixed-UCB-1.64sigma-Shield,5
2,2,5,0.0,0.0,0.6374081,0.6374081,0.9999999999984313,0.0,0.0,0.0,0.0,0.6,0,5,42533,PF,Full-CertiTwin-q90,5
2,2,5,0.0,0.0,0.6374081,0.6374081,0.9999999999984313,0.0,0.0,0.0,0.0,0.6,0,5,42533,PF,SLA-Rule-Shield,5
2,2,5,0.0,0.0,0.6374081,0.6374081,0.9999999999984313,0.0,0.0,0.0,0.0,0.6,0,5,42533,PF,Fixed-UCB-1sigma-Shield,5
2,2,5,0.0,0.0,0.6374081,0.6374081,0.9999999999984313,0.0,0.0,0.0,0.0,0.6,0,5,42533,PF,Fixed-UCB-1.64sigma-Shield,5
4,4,5,0.0,0.0,0.76313806,0.76313806,0.9999999999986896,0.0,0.0,0.0,0.0,0.6,0,5,42533,Greedy-SLA,Full-CertiTwin-q90,5
4,4,5,0.0,0.0,0.76313806,0.76313806,0.9999999999986896,0.0,0.0,0.0,0.0,0.6,0,5,42533,Greedy-SLA,SLA-Rule-Shield,5
4,4,5,0.0,0.0,0.76313806,0.76313806,0.9999999999986896,0.0,0.0,0.0,0.0,0.6,0,5,42533,Greedy-SLA,Fixed-UCB-1sigma-Shield,5
4,4,5,0.0,0.0,0.76313806,0.76313806,0.9999999999986896,0.0,0.0,0.0,0.0,0.6,0,5,42533,Greedy-SLA,Fixed-UCB-1.64sigma-Shield,5
0,2,5,1.0,0.0,0.76278657,0.6374081,0.8356309943935751,1.0,21.0,0.0,0.0,0.6,0,5,42533,DT-Top1,Full-CertiTwin-q90,5
0,4,5,1.0,0.0,0.76278657,0.76313806,1.000460797309265,1.0,57.0,0.0,0.0,0.6,0,5,42533,DT-Top1,SLA-Rule-Shield,5
0,2,5,1.0,0.0,0.76278657,0.6374081,0.8356309943935751,1.0,21.0,0.0,0.0,0.6,0,5,42533,DT-Top1,Fixed-UCB-1sigma-Shield,5
0,2,5,1.0,0.0,0.76278657,0.6374081,0.8356309943935751,1.0,21.0,0.0,0.0,0.6,0,5,42533,DT-Top1,Fixed-UCB-1.64sigma-Shield,5
2,2,5,0.0,0.0,0.6677499,0.6677499,0.9999999999985024,0.0,0.0,0.0,0.0,0.6,0,5,39068,PF,Full-CertiTwin-q90,5
2,2,5,0.0,0.0,0.6677499,0.6677499,0.9999999999985024,0.0,0.0,0.0,0.0,0.6,0,5,39068,PF,SLA-Rule-Shield,5
2,2,5,0.0,0.0,0.6677499,0.6677499,0.9999999999985024,0.0,0.0,0.0,0.0,0.6,0,5,39068,PF,Fixed-UCB-1sigma-Shield,5
2,2,5,0.0,0.0,0.6677499,0.6677499,0.9999999999985024,0.0,0.0,0.0,0.0,0.6,0,5,39068,PF,Fixed-UCB-1.64sigma-Shield,5
0,2,5,1.0,0.0,0.76278657,0.6677499,0.875408569397236,1.0,21.0,0.0,0.0,0.6,0,5,39068,Greedy-SLA,Full-CertiTwin-q90,5
0,4,5,1.0,0.0,0.76278657,0.76313806,1.000460797309265,1.0,57.0,0.0,0.0,0.6,0,5,39068,Greedy-SLA,SLA-Rule-Shield,5
0,2,5,1.0,0.0,0.76278657,0.6677499,0.875408569397236,1.0,21.0,0.0,0.0,0.6,0,5,39068,Greedy-SLA,Fixed-UCB-1sigma-Shield,5
0,2,5,1.0,0.0,0.76278657,0.6677499,0.875408569397236,1.0,21.0,0.0,0.0,0.6,0,5,39068,Greedy-SLA,Fixed-UCB-1.64sigma-Shield,5
0,2,5,1.0,0.0,0.76278657,0.6677499,0.875408569397236,1.0,21.0,0.0,0.0,0.6,0,5,39068,DT-Top1,Full-CertiTwin-q90,5
0,4,5,1.0,0.0,0.76278657,0.76313806,1.000460797309265,1.0,57.0,0.0,0.0,0.6,0,5,39068,DT-Top1,SLA-Rule-Shield,5
0,2,5,1.0,0.0,0.76278657,0.6677499,0.875408569397236,1.0,21.0,0.0,0.0,0.6,0,5,39068,DT-Top1,Fixed-UCB-1sigma-Shield,5
0,2,5,1.0,0.0,0.76278657,0.6677499,0.875408569397236,1.0,21.0,0.0,0.0,0.6,0,5,39068,DT-Top1,Fixed-UCB-1.64sigma-Shield,5
2,2,5,0.0,0.0,0.6374081,0.6374081,0.9999999999984313,0.0,0.0,0.0,0.0,0.6,0,5,27782,PF,Full-CertiTwin-q90,5
2,2,5,0.0,0.0,0.6374081,0.6374081,0.9999999999984313,0.0,0.0,0.0,0.0,0.6,0,5,27782,PF,SLA-Rule-Shield,5
2,2,5,0.0,0.0,0.6374081,0.6374081,0.9999999999984313,0.0,0.0,0.0,0.0,0.6,0,5,27782,PF,Fixed-UCB-1sigma-Shield,5
2,2,5,0.0,0.0,0.6374081,0.6374081,0.9999999999984313,0.0,0.0,0.0,0.0,0.6,0,5,27782,PF,Fixed-UCB-1.64sigma-Shield,5
4,4,5,0.0,0.0,0.76313806,0.76313806,0.9999999999986896,0.0,0.0,0.0,0.0,0.6,0,5,27782,Greedy-SLA,Full-CertiTwin-q90,5
4,4,5,0.0,0.0,0.76313806,0.76313806,0.9999999999986896,0.0,0.0,0.0,0.0,0.6,0,5,27782,Greedy-SLA,SLA-Rule-Shield,5
4,4,5,0.0,0.0,0.76313806,0.76313806,0.9999999999986896,0.0,0.0,0.0,0.0,0.6,0,5,27782,Greedy-SLA,Fixed-UCB-1sigma-Shield,5
4,4,5,0.0,0.0,0.76313806,0.76313806,0.9999999999986896,0.0,0.0,0.0,0.0,0.6,0,5,27782,Greedy-SLA,Fixed-UCB-1.64sigma-Shield,5
4,4,5,0.0,0.0,0.76313806,0.76313806,0.9999999999986896,0.0,0.0,0.0,0.0,0.6,0,5,27782,DT-Top1,Full-CertiTwin-q90,5
4,4,5,0.0,0.0,0.76313806,0.76313806,0.9999999999986896,0.0,0.0,0.0,0.0,0.6,0,5,27782,DT-Top1,SLA-Rule-Shield,5
4,4,5,0.0,0.0,0.76313806,0.76313806,0.9999999999986896,0.0,0.0,0.0,0.0,0.6,0,5,27782,DT-Top1,Fixed-UCB-1sigma-Shield,5
4,4,5,0.0,0.0,0.76313806,0.76313806,0.9999999999986896,0.0,0.0,0.0,0.0,0.6,0,5,27782,DT-Top1,Fixed-UCB-1.64sigma-Shield,5
2,2,5,0.0,0.0,0.6677499,0.6677499,0.9999999999985024,0.0,0.0,0.0,0.0,0.6,0,5,33639,PF,Full-CertiTwin-q90,5
2,2,5,0.0,0.0,0.6677499,0.6677499,0.9999999999985024,0.0,0.0,0.0,0.0,0.6,0,5,33639,PF,SLA-Rule-Shield,5
2,2,5,0.0,0.0,0.6677499,0.6677499,0.9999999999985024,0.0,0.0,0.0,0.0,0.6,0,5,33639,PF,Fixed-UCB-1sigma-Shield,5
2,2,5,0.0,0.0,0.6677499,0.6677499,0.9999999999985024,0.0,0.0,0.0,0.0,0.6,0,5,33639,PF,Fixed-UCB-1.64sigma-Shield,5
4,4,5,0.0,0.0,0.76313806,0.76313806,0.9999999999986896,0.0,0.0,0.0,0.0,0.6,0,5,33639,Greedy-SLA,Full-CertiTwin-q90,5
4,4,5,0.0,0.0,0.76313806,0.76313806,0.9999999999986896,0.0,0.0,0.0,0.0,0.6,0,5,33639,Greedy-SLA,SLA-Rule-Shield,5
4,4,5,0.0,0.0,0.76313806,0.76313806,0.9999999999986896,0.0,0.0,0.0,0.0,0.6,0,5,33639,Greedy-SLA,Fixed-UCB-1sigma-Shield,5
4,4,5,0.0,0.0,0.76313806,0.76313806,0.9999999999986896,0.0,0.0,0.0,0.0,0.6,0,5,33639,Greedy-SLA,Fixed-UCB-1.64sigma-Shield,5
0,2,5,1.0,0.0,0.76278657,0.6677499,0.875408569397236,1.0,21.0,0.0,0.0,0.6,0,5,33639,DT-Top1,Full-CertiTwin-q90,5
0,4,5,1.0,0.0,0.76278657,0.76313806,1.000460797309265,1.0,57.0,0.0,0.0,0.6,0,5,33639,DT-Top1,SLA-Rule-Shield,5
0,2,5,1.0,0.0,0.76278657,0.6677499,0.875408569397236,1.0,21.0,0.0,0.0,0.6,0,5,33639,DT-Top1,Fixed-UCB-1sigma-Shield,5
0,2,5,1.0,0.0,0.76278657,0.6677499,0.875408569397236,1.0,21.0,0.0,0.0,0.6,0,5,33639,DT-Top1,Fixed-UCB-1.64sigma-Shield,5
2,2,5,0.0,0.0,0.6677499,0.6677499,0.9999999999985024,0.0,0.0,0.0,0.0,0.6,0,5,23760,PF,Full-CertiTwin-q90,5
2,2,5,0.0,0.0,0.6677499,0.6677499,0.9999999999985024,0.0,0.0,0.0,0.0,0.6,0,5,23760,PF,SLA-Rule-Shield,5
2,2,5,0.0,0.0,0.6677499,0.6677499,0.9999999999985024,0.0,0.0,0.0,0.0,0.6,0,5,23760,PF,Fixed-UCB-1sigma-Shield,5
2,2,5,0.0,0.0,0.6677499,0.6677499,0.9999999999985024,0.0,0.0,0.0,0.0,0.6,0,5,23760,PF,Fixed-UCB-1.64sigma-Shield,5
0,2,5,1.0,0.0,0.7864371,0.6677499,0.8490823995957858,1.0,21.0,0.0,0.0,0.6,0,5,23760,Greedy-SLA,Full-CertiTwin-q90,5
0,4,5,1.0,0.0,0.7864371,0.76313806,0.970373930730162,1.0,57.0,0.0,0.0,0.6,0,5,23760,Greedy-SLA,SLA-Rule-Shield,5
0,2,5,1.0,0.0,0.7864371,0.6677499,0.8490823995957858,1.0,21.0,0.0,0.0,0.6,0,5,23760,Greedy-SLA,Fixed-UCB-1sigma-Shield,5
0,2,5,1.0,0.0,0.7864371,0.6677499,0.8490823995957858,1.0,21.0,0.0,0.0,0.6,0,5,23760,Greedy-SLA,Fixed-UCB-1.64sigma-Shield,5
0,2,5,1.0,0.0,0.7864371,0.6677499,0.8490823995957858,1.0,21.0,0.0,0.0,0.6,0,5,23760,DT-Top1,Full-CertiTwin-q90,5
0,4,5,1.0,0.0,0.7864371,0.76313806,0.970373930730162,1.0,57.0,0.0,0.0,0.6,0,5,23760,DT-Top1,SLA-Rule-Shield,5
0,2,5,1.0,0.0,0.7864371,0.6677499,0.8490823995957858,1.0,21.0,0.0,0.0,0.6,0,5,23760,DT-Top1,Fixed-UCB-1sigma-Shield,5
0,2,5,1.0,0.0,0.7864371,0.6677499,0.8490823995957858,1.0,21.0,0.0,0.0,0.6,0,5,23760,DT-Top1,Fixed-UCB-1.64sigma-Shield,5
2,2,5,0.0,0.0,0.6677499,0.6677499,0.9999999999985024,0.0,0.0,0.0,0.0,0.6,0,5,43380,PF,Full-CertiTwin-q90,5
2,2,5,0.0,0.0,0.6677499,0.6677499,0.9999999999985024,0.0,0.0,0.0,0.0,0.6,0,5,43380,PF,SLA-Rule-Shield,5
2,2,5,0.0,0.0,0.6677499,0.6677499,0.9999999999985024,0.0,0.0,0.0,0.0,0.6,0,5,43380,PF,Fixed-UCB-1sigma-Shield,5
2,2,5,0.0,0.0,0.6677499,0.6677499,0.9999999999985024,0.0,0.0,0.0,0.0,0.6,0,5,43380,PF,Fixed-UCB-1.64sigma-Shield,5
0,2,5,1.0,0.0,0.76278657,0.6677499,0.875408569397236,1.0,21.0,0.0,0.0,0.6,0,5,43380,Greedy-SLA,Full-CertiTwin-q90,5
0,4,5,1.0,0.0,0.76278657,0.7566483,0.9919528341971308,1.0,57.0,0.0,0.0,0.6,0,5,43380,Greedy-SLA,SLA-Rule-Shield,5
0,2,5,1.0,0.0,0.76278657,0.6677499,0.875408569397236,1.0,21.0,0.0,0.0,0.6,0,5,43380,Greedy-SLA,Fixed-UCB-1sigma-Shield,5
0,2,5,1.0,0.0,0.76278657,0.6677499,0.875408569397236,1.0,21.0,0.0,0.0,0.6,0,5,43380,Greedy-SLA,Fixed-UCB-1.64sigma-Shield,5
0,2,5,1.0,0.0,0.76278657,0.6677499,0.875408569397236,1.0,21.0,0.0,0.0,0.6,0,5,43380,DT-Top1,Full-CertiTwin-q90,5
0,4,5,1.0,0.0,0.76278657,0.7566483,0.9919528341971308,1.0,57.0,0.0,0.0,0.6,0,5,43380,DT-Top1,SLA-Rule-Shield,5
0,2,5,1.0,0.0,0.76278657,0.6677499,0.875408569397236,1.0,21.0,0.0,0.0,0.6,0,5,43380,DT-Top1,Fixed-UCB-1sigma-Shield,5
0,2,5,1.0,0.0,0.76278657,0.6677499,0.875408569397236,1.0,21.0,0.0,0.0,0.6,0,5,43380,DT-Top1,Fixed-UCB-1.64sigma-Shield,5
2,2,5,0.0,0.0,0.6677499,0.6677499,0.9999999999985024,0.0,0.0,0.0,0.0,0.6,0,5,43249,PF,Full-CertiTwin-q90,5
2,2,5,0.0,0.0,0.6677499,0.6677499,0.9999999999985024,0.0,0.0,0.0,0.0,0.6,0,5,43249,PF,SLA-Rule-Shield,5
2,2,5,0.0,0.0,0.6677499,0.6677499,0.9999999999985024,0.0,0.0,0.0,0.0,0.6,0,5,43249,PF,Fixed-UCB-1sigma-Shield,5
2,2,5,0.0,0.0,0.6677499,0.6677499,0.9999999999985024,0.0,0.0,0.0,0.0,0.6,0,5,43249,PF,Fixed-UCB-1.64sigma-Shield,5
4,4,5,0.0,0.0,0.76313806,0.76313806,0.9999999999986896,0.0,0.0,0.0,0.0,0.6,0,5,43249,Greedy-SLA,Full-CertiTwin-q90,5
4,4,5,0.0,0.0,0.76313806,0.76313806,0.9999999999986896,0.0,0.0,0.0,0.0,0.6,0,5,43249,Greedy-SLA,SLA-Rule-Shield,5
4,4,5,0.0,0.0,0.76313806,0.76313806,0.9999999999986896,0.0,0.0,0.0,0.0,0.6,0,5,43249,Greedy-SLA,Fixed-UCB-1sigma-Shield,5
4,4,5,0.0,0.0,0.76313806,0.76313806,0.9999999999986896,0.0,0.0,0.0,0.0,0.6,0,5,43249,Greedy-SLA,Fixed-UCB-1.64sigma-Shield,5
4,4,5,0.0,0.0,0.76313806,0.76313806,0.9999999999986896,0.0,0.0,0.0,0.0,0.6,0,5,43249,DT-Top1,Full-CertiTwin-q90,5
4,4,5,0.0,0.0,0.76313806,0.76313806,0.9999999999986896,0.0,0.0,0.0,0.0,0.6,0,5,43249,DT-Top1,SLA-Rule-Shield,5
4,4,5,0.0,0.0,0.76313806,0.76313806,0.9999999999986896,0.0,0.0,0.0,0.0,0.6,0,5,43249,DT-Top1,Fixed-UCB-1sigma-Shield,5
4,4,5,0.0,0.0,0.76313806,0.76313806,0.9999999999986896,0.0,0.0,0.0,0.0,0.6,0,5,43249,DT-Top1,Fixed-UCB-1.64sigma-Shield,5
2,2,5,0.0,0.0,0.6677499,0.6677499,0.9999999999985024,0.0,0.0,0.0,0.0,0.6,0,5,25689,PF,Full-CertiTwin-q90,5
2,2,5,0.0,0.0,0.6677499,0.6677499,0.9999999999985024,0.0,0.0,0.0,0.0,0.6,0,5,25689,PF,SLA-Rule-Shield,5
2,2,5,0.0,0.0,0.6677499,0.6677499,0.9999999999985024,0.0,0.0,0.0,0.0,0.6,0,5,25689,PF,Fixed-UCB-1sigma-Shield,5
2,2,5,0.0,0.0,0.6677499,0.6677499,0.9999999999985024,0.0,0.0,0.0,0.0,0.6,0,5,25689,PF,Fixed-UCB-1.64sigma-Shield,5
4,4,5,0.0,0.0,0.7566483,0.7566483,0.9999999999986784,0.0,0.0,0.0,0.0,0.6,0,5,25689,Greedy-SLA,Full-CertiTwin-q90,5
4,4,5,0.0,0.0,0.7566483,0.7566483,0.9999999999986784,0.0,0.0,0.0,0.0,0.6,0,5,25689,Greedy-SLA,SLA-Rule-Shield,5
4,4,5,0.0,0.0,0.7566483,0.7566483,0.9999999999986784,0.0,0.0,0.0,0.0,0.6,0,5,25689,Greedy-SLA,Fixed-UCB-1sigma-Shield,5
4,4,5,0.0,0.0,0.7566483,0.7566483,0.9999999999986784,0.0,0.0,0.0,0.0,0.6,0,5,25689,Greedy-SLA,Fixed-UCB-1.64sigma-Shield,5
4,4,5,0.0,0.0,0.7566483,0.7566483,0.9999999999986784,0.0,0.0,0.0,0.0,0.6,0,5,25689,DT-Top1,Full-CertiTwin-q90,5
4,4,5,0.0,0.0,0.7566483,0.7566483,0.9999999999986784,0.0,0.0,0.0,0.0,0.6,0,5,25689,DT-Top1,SLA-Rule-Shield,5
4,4,5,0.0,0.0,0.7566483,0.7566483,0.9999999999986784,0.0,0.0,0.0,0.0,0.6,0,5,25689,DT-Top1,Fixed-UCB-1sigma-Shield,5
4,4,5,0.0,0.0,0.7566483,0.7566483,0.9999999999986784,0.0,0.0,0.0,0.0,0.6,0,5,25689,DT-Top1,Fixed-UCB-1.64sigma-Shield,5
2,2,5,0.0,0.0,0.6677499,0.6677499,0.9999999999985024,0.0,0.0,0.0,0.0,0.6,0,5,3407,PF,Full-CertiTwin-q90,5
2,2,5,0.0,0.0,0.6677499,0.6677499,0.9999999999985024,0.0,0.0,0.0,0.0,0.6,0,5,3407,PF,SLA-Rule-Shield,5
2,2,5,0.0,0.0,0.6677499,0.6677499,0.9999999999985024,0.0,0.0,0.0,0.0,0.6,0,5,3407,PF,Fixed-UCB-1sigma-Shield,5
2,2,5,0.0,0.0,0.6677499,0.6677499,0.9999999999985024,0.0,0.0,0.0,0.0,0.6,0,5,3407,PF,Fixed-UCB-1.64sigma-Shield,5
4,4,5,0.0,0.0,0.7566483,0.7566483,0.9999999999986784,0.0,0.0,0.0,0.0,0.6,0,5,3407,Greedy-SLA,Full-CertiTwin-q90,5
4,4,5,0.0,0.0,0.7566483,0.7566483,0.9999999999986784,0.0,0.0,0.0,0.0,0.6,0,5,3407,Greedy-SLA,SLA-Rule-Shield,5
4,4,5,0.0,0.0,0.7566483,0.7566483,0.9999999999986784,0.0,0.0,0.0,0.0,0.6,0,5,3407,Greedy-SLA,Fixed-UCB-1sigma-Shield,5
4,4,5,0.0,0.0,0.7566483,0.7566483,0.9999999999986784,0.0,0.0,0.0,0.0,0.6,0,5,3407,Greedy-SLA,Fixed-UCB-1.64sigma-Shield,5
0,2,5,1.0,0.0,0.76278657,0.6677499,0.875408569397236,1.0,21.0,0.0,0.0,0.6,0,5,3407,DT-Top1,Full-CertiTwin-q90,5
0,4,5,1.0,0.0,0.76278657,0.7566483,0.9919528341971308,1.0,57.0,0.0,0.0,0.6,0,5,3407,DT-Top1,SLA-Rule-Shield,5
0,2,5,1.0,0.0,0.76278657,0.6677499,0.875408569397236,1.0,21.0,0.0,0.0,0.6,0,5,3407,DT-Top1,Fixed-UCB-1sigma-Shield,5
0,2,5,1.0,0.0,0.76278657,0.6677499,0.875408569397236,1.0,21.0,0.0,0.0,0.6,0,5,3407,DT-Top1,Fixed-UCB-1.64sigma-Shield,5
2,2,5,0.0,0.0,0.7186651,0.7186651,0.9999999999986086,0.0,0.0,0.0,0.0,0.6,0,5,37584,PF,Full-CertiTwin-q90,5
2,2,5,0.0,0.0,0.7186651,0.7186651,0.9999999999986086,0.0,0.0,0.0,0.0,0.6,0,5,37584,PF,SLA-Rule-Shield,5
2,2,5,0.0,0.0,0.7186651,0.7186651,0.9999999999986086,0.0,0.0,0.0,0.0,0.6,0,5,37584,PF,Fixed-UCB-1sigma-Shield,5
2,2,5,0.0,0.0,0.7186651,0.7186651,0.9999999999986086,0.0,0.0,0.0,0.0,0.6,0,5,37584,PF,Fixed-UCB-1.64sigma-Shield,5
4,4,5,0.0,0.0,0.76313806,0.76313806,0.9999999999986896,0.0,0.0,0.0,0.0,0.6,0,5,37584,Greedy-SLA,Full-CertiTwin-q90,5
4,4,5,0.0,0.0,0.76313806,0.76313806,0.9999999999986896,0.0,0.0,0.0,0.0,0.6,0,5,37584,Greedy-SLA,SLA-Rule-Shield,5
4,4,5,0.0,0.0,0.76313806,0.76313806,0.9999999999986896,0.0,0.0,0.0,0.0,0.6,0,5,37584,Greedy-SLA,Fixed-UCB-1sigma-Shield,5
4,4,5,0.0,0.0,0.76313806,0.76313806,0.9999999999986896,0.0,0.0,0.0,0.0,0.6,0,5,37584,Greedy-SLA,Fixed-UCB-1.64sigma-Shield,5
0,2,5,1.0,0.0,0.76278657,0.7186651,0.942157515960274,1.0,21.0,0.0,0.0,0.6,0,5,37584,DT-Top1,Full-CertiTwin-q90,5
0,4,5,1.0,0.0,0.76278657,0.76313806,1.000460797309265,1.0,57.0,0.0,0.0,0.6,0,5,37584,DT-Top1,SLA-Rule-Shield,5
0,2,5,1.0,0.0,0.76278657,0.7186651,0.942157515960274,1.0,21.0,0.0,0.0,0.6,0,5,37584,DT-Top1,Fixed-UCB-1sigma-Shield,5
0,2,5,1.0,0.0,0.76278657,0.7186651,0.942157515960274,1.0,21.0,0.0,0.0,0.6,0,5,37584,DT-Top1,Fixed-UCB-1.64sigma-Shield,5
2,2,5,0.0,0.0,0.6677499,0.6677499,0.9999999999985024,0.0,0.0,0.0,0.0,0.6,0,5,52700,PF,Full-CertiTwin-q90,5
2,2,5,0.0,0.0,0.6677499,0.6677499,0.9999999999985024,0.0,0.0,0.0,0.0,0.6,0,5,52700,PF,SLA-Rule-Shield,5
2,2,5,0.0,0.0,0.6677499,0.6677499,0.9999999999985024,0.0,0.0,0.0,0.0,0.6,0,5,52700,PF,Fixed-UCB-1sigma-Shield,5
2,2,5,0.0,0.0,0.6677499,0.6677499,0.9999999999985024,0.0,0.0,0.0,0.0,0.6,0,5,52700,PF,Fixed-UCB-1.64sigma-Shield,5
4,4,5,0.0,0.0,0.76313806,0.76313806,0.9999999999986896,0.0,0.0,0.0,0.0,0.6,0,5,52700,Greedy-SLA,Full-CertiTwin-q90,5
4,4,5,0.0,0.0,0.76313806,0.76313806,0.9999999999986896,0.0,0.0,0.0,0.0,0.6,0,5,52700,Greedy-SLA,SLA-Rule-Shield,5
4,4,5,0.0,0.0,0.76313806,0.76313806,0.9999999999986896,0.0,0.0,0.0,0.0,0.6,0,5,52700,Greedy-SLA,Fixed-UCB-1sigma-Shield,5
4,4,5,0.0,0.0,0.76313806,0.76313806,0.9999999999986896,0.0,0.0,0.0,0.0,0.6,0,5,52700,Greedy-SLA,Fixed-UCB-1.64sigma-Shield,5
4,4,5,0.0,0.0,0.76313806,0.76313806,0.9999999999986896,0.0,0.0,0.0,0.0,0.6,0,5,52700,DT-Top1,Full-CertiTwin-q90,5
4,4,5,0.0,0.0,0.76313806,0.76313806,0.9999999999986896,0.0,0.0,0.0,0.0,0.6,0,5,52700,DT-Top1,SLA-Rule-Shield,5
4,4,5,0.0,0.0,0.76313806,0.76313806,0.9999999999986896,0.0,0.0,0.0,0.0,0.6,0,5,52700,DT-Top1,Fixed-UCB-1sigma-Shield,5
4,4,5,0.0,0.0,0.76313806,0.76313806,0.9999999999986896,0.0,0.0,0.0,0.0,0.6,0,5,52700,DT-Top1,Fixed-UCB-1.64sigma-Shield,5
2,2,5,0.0,0.0,0.6677499,0.6677499,0.9999999999985024,0.0,0.0,0.0,0.0,0.6,0,5,9342,PF,Full-CertiTwin-q90,5
2,2,5,0.0,0.0,0.6677499,0.6677499,0.9999999999985024,0.0,0.0,0.0,0.0,0.6,0,5,9342,PF,SLA-Rule-Shield,5
2,2,5,0.0,0.0,0.6677499,0.6677499,0.9999999999985024,0.0,0.0,0.0,0.0,0.6,0,5,9342,PF,Fixed-UCB-1sigma-Shield,5
2,2,5,0.0,0.0,0.6677499,0.6677499,0.9999999999985024,0.0,0.0,0.0,0.0,0.6,0,5,9342,PF,Fixed-UCB-1.64sigma-Shield,5
4,4,5,0.0,0.0,0.76313806,0.76313806,0.9999999999986896,0.0,0.0,0.0,0.0,0.6,0,5,9342,Greedy-SLA,Full-CertiTwin-q90,5
4,4,5,0.0,0.0,0.76313806,0.76313806,0.9999999999986896,0.0,0.0,0.0,0.0,0.6,0,5,9342,Greedy-SLA,SLA-Rule-Shield,5
4,4,5,0.0,0.0,0.76313806,0.76313806,0.9999999999986896,0.0,0.0,0.0,0.0,0.6,0,5,9342,Greedy-SLA,Fixed-UCB-1sigma-Shield,5
4,4,5,0.0,0.0,0.76313806,0.76313806,0.9999999999986896,0.0,0.0,0.0,0.0,0.6,0,5,9342,Greedy-SLA,Fixed-UCB-1.64sigma-Shield,5
0,2,5,1.0,0.0,0.76278657,0.6677499,0.875408569397236,1.0,21.0,0.0,0.0,0.6,0,5,9342,DT-Top1,Full-CertiTwin-q90,5
0,4,5,1.0,0.0,0.76278657,0.76313806,1.000460797309265,1.0,57.0,0.0,0.0,0.6,0,5,9342,DT-Top1,SLA-Rule-Shield,5
0,2,5,1.0,0.0,0.76278657,0.6677499,0.875408569397236,1.0,21.0,0.0,0.0,0.6,0,5,9342,DT-Top1,Fixed-UCB-1sigma-Shield,5
0,2,5,1.0,0.0,0.76278657,0.6677499,0.875408569397236,1.0,21.0,0.0,0.0,0.6,0,5,9342,DT-Top1,Fixed-UCB-1.64sigma-Shield,5
2,2,5,0.0,0.0,0.6677499,0.6677499,0.9999999999985024,0.0,0.0,0.0,0.0,0.6,0,5,21846,PF,Full-CertiTwin-q90,5
2,2,5,0.0,0.0,0.6677499,0.6677499,0.9999999999985024,0.0,0.0,0.0,0.0,0.6,0,5,21846,PF,SLA-Rule-Shield,5
2,2,5,0.0,0.0,0.6677499,0.6677499,0.9999999999985024,0.0,0.0,0.0,0.0,0.6,0,5,21846,PF,Fixed-UCB-1sigma-Shield,5
2,2,5,0.0,0.0,0.6677499,0.6677499,0.9999999999985024,0.0,0.0,0.0,0.0,0.6,0,5,21846,PF,Fixed-UCB-1.64sigma-Shield,5
0,2,5,1.0,0.0,0.76278657,0.6677499,0.875408569397236,1.0,21.0,0.0,0.0,0.6,0,5,21846,Greedy-SLA,Full-CertiTwin-q90,5
0,4,5,1.0,0.0,0.76278657,0.76313806,1.000460797309265,1.0,57.0,0.0,0.0,0.6,0,5,21846,Greedy-SLA,SLA-Rule-Shield,5
0,2,5,1.0,0.0,0.76278657,0.6677499,0.875408569397236,1.0,21.0,0.0,0.0,0.6,0,5,21846,Greedy-SLA,Fixed-UCB-1sigma-Shield,5
0,2,5,1.0,0.0,0.76278657,0.6677499,0.875408569397236,1.0,21.0,0.0,0.0,0.6,0,5,21846,Greedy-SLA,Fixed-UCB-1.64sigma-Shield,5
0,2,5,1.0,0.0,0.76278657,0.6677499,0.875408569397236,1.0,21.0,0.0,0.0,0.6,0,5,21846,DT-Top1,Full-CertiTwin-q90,5
0,4,5,1.0,0.0,0.76278657,0.76313806,1.000460797309265,1.0,57.0,0.0,0.0,0.6,0,5,21846,DT-Top1,SLA-Rule-Shield,5
0,2,5,1.0,0.0,0.76278657,0.6677499,0.875408569397236,1.0,21.0,0.0,0.0,0.6,0,5,21846,DT-Top1,Fixed-UCB-1sigma-Shield,5
0,2,5,1.0,0.0,0.76278657,0.6677499,0.875408569397236,1.0,21.0,0.0,0.0,0.6,0,5,21846,DT-Top1,Fixed-UCB-1.64sigma-Shield,5
2,2,5,0.0,0.0,0.6677499,0.6677499,0.9999999999985024,0.0,0.0,0.0,0.0,0.6,0,5,30098,PF,Full-CertiTwin-q90,5
2,2,5,0.0,0.0,0.6677499,0.6677499,0.9999999999985024,0.0,0.0,0.0,0.0,0.6,0,5,30098,PF,SLA-Rule-Shield,5
2,2,5,0.0,0.0,0.6677499,0.6677499,0.9999999999985024,0.0,0.0,0.0,0.0,0.6,0,5,30098,PF,Fixed-UCB-1sigma-Shield,5
2,2,5,0.0,0.0,0.6677499,0.6677499,0.9999999999985024,0.0,0.0,0.0,0.0,0.6,0,5,30098,PF,Fixed-UCB-1.64sigma-Shield,5
4,4,5,0.0,0.0,0.76313806,0.76313806,0.9999999999986896,0.0,0.0,0.0,0.0,0.6,0,5,30098,Greedy-SLA,Full-CertiTwin-q90,5
4,4,5,0.0,0.0,0.76313806,0.76313806,0.9999999999986896,0.0,0.0,0.0,0.0,0.6,0,5,30098,Greedy-SLA,SLA-Rule-Shield,5
4,4,5,0.0,0.0,0.76313806,0.76313806,0.9999999999986896,0.0,0.0,0.0,0.0,0.6,0,5,30098,Greedy-SLA,Fixed-UCB-1sigma-Shield,5
4,4,5,0.0,0.0,0.76313806,0.76313806,0.9999999999986896,0.0,0.0,0.0,0.0,0.6,0,5,30098,Greedy-SLA,Fixed-UCB-1.64sigma-Shield,5
4,4,5,0.0,0.0,0.76313806,0.76313806,0.9999999999986896,0.0,0.0,0.0,0.0,0.6,0,5,30098,DT-Top1,Full-CertiTwin-q90,5
4,4,5,0.0,0.0,0.76313806,0.76313806,0.9999999999986896,0.0,0.0,0.0,0.0,0.6,0,5,30098,DT-Top1,SLA-Rule-Shield,5
4,4,5,0.0,0.0,0.76313806,0.76313806,0.9999999999986896,0.0,0.0,0.0,0.0,0.6,0,5,30098,DT-Top1,Fixed-UCB-1sigma-Shield,5
4,4,5,0.0,0.0,0.76313806,0.76313806,0.9999999999986896,0.0,0.0,0.0,0.0,0.6,0,5,30098,DT-Top1,Fixed-UCB-1.64sigma-Shield,5
2,2,5,0.0,0.0,0.6677499,0.6677499,0.9999999999985024,0.0,0.0,0.0,0.0,0.6,0,5,42477,PF,Full-CertiTwin-q90,5
2,2,5,0.0,0.0,0.6677499,0.6677499,0.9999999999985024,0.0,0.0,0.0,0.0,0.6,0,5,42477,PF,SLA-Rule-Shield,5
2,2,5,0.0,0.0,0.6677499,0.6677499,0.9999999999985024,0.0,0.0,0.0,0.0,0.6,0,5,42477,PF,Fixed-UCB-1sigma-Shield,5
2,2,5,0.0,0.0,0.6677499,0.6677499,0.9999999999985024,0.0,0.0,0.0,0.0,0.6,0,5,42477,PF,Fixed-UCB-1.64sigma-Shield,5
4,4,5,0.0,0.0,0.7777951,0.7777951,0.9999999999987144,0.0,0.0,0.0,0.0,0.6,0,5,42477,Greedy-SLA,Full-CertiTwin-q90,5
4,4,5,0.0,0.0,0.7777951,0.7777951,0.9999999999987144,0.0,0.0,0.0,0.0,0.6,0,5,42477,Greedy-SLA,SLA-Rule-Shield,5
4,4,5,0.0,0.0,0.7777951,0.7777951,0.9999999999987144,0.0,0.0,0.0,0.0,0.6,0,5,42477,Greedy-SLA,Fixed-UCB-1sigma-Shield,5
4,4,5,0.0,0.0,0.7777951,0.7777951,0.9999999999987144,0.0,0.0,0.0,0.0,0.6,0,5,42477,Greedy-SLA,Fixed-UCB-1.64sigma-Shield,5
0,2,5,1.0,0.0,0.76278657,0.6677499,0.875408569397236,1.0,21.0,0.0,0.0,0.6,0,5,42477,DT-Top1,Full-CertiTwin-q90,5
0,4,5,1.0,0.0,0.76278657,0.7777951,1.0196759232388952,1.0,57.0,0.0,0.0,0.6,0,5,42477,DT-Top1,SLA-Rule-Shield,5
0,2,5,1.0,0.0,0.76278657,0.6677499,0.875408569397236,1.0,21.0,0.0,0.0,0.6,0,5,42477,DT-Top1,Fixed-UCB-1sigma-Shield,5
0,2,5,1.0,0.0,0.76278657,0.6677499,0.875408569397236,1.0,21.0,0.0,0.0,0.6,0,5,42477,DT-Top1,Fixed-UCB-1.64sigma-Shield,5
2,2,5,0.0,0.0,0.6677499,0.6677499,0.9999999999985024,0.0,0.0,0.0,0.0,0.6,0,5,5518,PF,Full-CertiTwin-q90,5
2,2,5,0.0,0.0,0.6677499,0.6677499,0.9999999999985024,0.0,0.0,0.0,0.0,0.6,0,5,5518,PF,SLA-Rule-Shield,5
2,2,5,0.0,0.0,0.6677499,0.6677499,0.9999999999985024,0.0,0.0,0.0,0.0,0.6,0,5,5518,PF,Fixed-UCB-1sigma-Shield,5
2,2,5,0.0,0.0,0.6677499,0.6677499,0.9999999999985024,0.0,0.0,0.0,0.0,0.6,0,5,5518,PF,Fixed-UCB-1.64sigma-Shield,5
4,4,5,0.0,0.0,0.76313806,0.76313806,0.9999999999986896,0.0,0.0,0.0,0.0,0.6,0,5,5518,Greedy-SLA,Full-CertiTwin-q90,5
4,4,5,0.0,0.0,0.76313806,0.76313806,0.9999999999986896,0.0,0.0,0.0,0.0,0.6,0,5,5518,Greedy-SLA,SLA-Rule-Shield,5
4,4,5,0.0,0.0,0.76313806,0.76313806,0.9999999999986896,0.0,0.0,0.0,0.0,0.6,0,5,5518,Greedy-SLA,Fixed-UCB-1sigma-Shield,5
4,4,5,0.0,0.0,0.76313806,0.76313806,0.9999999999986896,0.0,0.0,0.0,0.0,0.6,0,5,5518,Greedy-SLA,Fixed-UCB-1.64sigma-Shield,5
0,2,5,1.0,0.0,0.77741534,0.6677499,0.8589358424534574,1.0,21.0,0.0,0.0,0.6,0,5,5518,DT-Top1,Full-CertiTwin-q90,5
0,4,5,1.0,0.0,0.77741534,0.76313806,0.981634939180668,1.0,57.0,0.0,0.0,0.6,0,5,5518,DT-Top1,SLA-Rule-Shield,5
0,2,5,1.0,0.0,0.77741534,0.6677499,0.8589358424534574,1.0,21.0,0.0,0.0,0.6,0,5,5518,DT-Top1,Fixed-UCB-1sigma-Shield,5
0,2,5,1.0,0.0,0.77741534,0.6677499,0.8589358424534574,1.0,21.0,0.0,0.0,0.6,0,5,5518,DT-Top1,Fixed-UCB-1.64sigma-Shield,5
2,2,5,0.0,0.0,0.6677499,0.6677499,0.9999999999985024,0.0,0.0,0.0,0.0,0.6,0,5,40896,PF,Full-CertiTwin-q90,5
2,2,5,0.0,0.0,0.6677499,0.6677499,0.9999999999985024,0.0,0.0,0.0,0.0,0.6,0,5,40896,PF,SLA-Rule-Shield,5
2,2,5,0.0,0.0,0.6677499,0.6677499,0.9999999999985024,0.0,0.0,0.0,0.0,0.6,0,5,40896,PF,Fixed-UCB-1sigma-Shield,5
2,2,5,0.0,0.0,0.6677499,0.6677499,0.9999999999985024,0.0,0.0,0.0,0.0,0.6,0,5,40896,PF,Fixed-UCB-1.64sigma-Shield,5
4,4,5,0.0,0.0,0.76313806,0.76313806,0.9999999999986896,0.0,0.0,0.0,0.0,0.6,0,5,40896,Greedy-SLA,Full-CertiTwin-q90,5
4,4,5,0.0,0.0,0.76313806,0.76313806,0.9999999999986896,0.0,0.0,0.0,0.0,0.6,0,5,40896,Greedy-SLA,SLA-Rule-Shield,5
4,4,5,0.0,0.0,0.76313806,0.76313806,0.9999999999986896,0.0,0.0,0.0,0.0,0.6,0,5,40896,Greedy-SLA,Fixed-UCB-1sigma-Shield,5
4,4,5,0.0,0.0,0.76313806,0.76313806,0.9999999999986896,0.0,0.0,0.0,0.0,0.6,0,5,40896,Greedy-SLA,Fixed-UCB-1.64sigma-Shield,5
0,2,5,1.0,0.0,0.76278657,0.6677499,0.875408569397236,1.0,21.0,0.0,0.0,0.6,0,5,40896,DT-Top1,Full-CertiTwin-q90,5
0,4,5,1.0,0.0,0.76278657,0.76313806,1.000460797309265,1.0,57.0,0.0,0.0,0.6,0,5,40896,DT-Top1,SLA-Rule-Shield,5
0,2,5,1.0,0.0,0.76278657,0.6677499,0.875408569397236,1.0,21.0,0.0,0.0,0.6,0,5,40896,DT-Top1,Fixed-UCB-1sigma-Shield,5
0,2,5,1.0,0.0,0.76278657,0.6677499,0.875408569397236,1.0,21.0,0.0,0.0,0.6,0,5,40896,DT-Top1,Fixed-UCB-1.64sigma-Shield,5
2,2,5,0.0,0.0,0.6677499,0.6677499,0.9999999999985024,0.0,0.0,0.0,0.0,0.6,0,5,11600,PF,Full-CertiTwin-q90,5
2,2,5,0.0,0.0,0.6677499,0.6677499,0.9999999999985024,0.0,0.0,0.0,0.0,0.6,0,5,11600,PF,SLA-Rule-Shield,5
2,2,5,0.0,0.0,0.6677499,0.6677499,0.9999999999985024,0.0,0.0,0.0,0.0,0.6,0,5,11600,PF,Fixed-UCB-1sigma-Shield,5
2,2,5,0.0,0.0,0.6677499,0.6677499,0.9999999999985024,0.0,0.0,0.0,0.0,0.6,0,5,11600,PF,Fixed-UCB-1.64sigma-Shield,5
4,4,5,0.0,0.0,0.76313806,0.76313806,0.9999999999986896,0.0,0.0,0.0,0.0,0.6,0,5,11600,Greedy-SLA,Full-CertiTwin-q90,5
4,4,5,0.0,0.0,0.76313806,0.76313806,0.9999999999986896,0.0,0.0,0.0,0.0,0.6,0,5,11600,Greedy-SLA,SLA-Rule-Shield,5
4,4,5,0.0,0.0,0.76313806,0.76313806,0.9999999999986896,0.0,0.0,0.0,0.0,0.6,0,5,11600,Greedy-SLA,Fixed-UCB-1sigma-Shield,5
4,4,5,0.0,0.0,0.76313806,0.76313806,0.9999999999986896,0.0,0.0,0.0,0.0,0.6,0,5,11600,Greedy-SLA,Fixed-UCB-1.64sigma-Shield,5
0,2,5,1.0,0.0,0.76278657,0.6677499,0.875408569397236,1.0,21.0,0.0,0.0,0.6,0,5,11600,DT-Top1,Full-CertiTwin-q90,5
0,4,5,1.0,0.0,0.76278657,0.76313806,1.000460797309265,1.0,57.0,0.0,0.0,0.6,0,5,11600,DT-Top1,SLA-Rule-Shield,5
0,2,5,1.0,0.0,0.76278657,0.6677499,0.875408569397236,1.0,21.0,0.0,0.0,0.6,0,5,11600,DT-Top1,Fixed-UCB-1sigma-Shield,5
0,2,5,1.0,0.0,0.76278657,0.6677499,0.875408569397236,1.0,21.0,0.0,0.0,0.6,0,5,11600,DT-Top1,Fixed-UCB-1.64sigma-Shield,5
2,2,5,0.0,0.0,0.6677499,0.6677499,0.9999999999985024,0.0,0.0,0.0,0.0,0.6,0,5,34345,PF,Full-CertiTwin-q90,5
2,2,5,0.0,0.0,0.6677499,0.6677499,0.9999999999985024,0.0,0.0,0.0,0.0,0.6,0,5,34345,PF,SLA-Rule-Shield,5
2,2,5,0.0,0.0,0.6677499,0.6677499,0.9999999999985024,0.0,0.0,0.0,0.0,0.6,0,5,34345,PF,Fixed-UCB-1sigma-Shield,5
2,2,5,0.0,0.0,0.6677499,0.6677499,0.9999999999985024,0.0,0.0,0.0,0.0,0.6,0,5,34345,PF,Fixed-UCB-1.64sigma-Shield,5
4,4,5,0.0,0.0,0.76313806,0.76313806,0.9999999999986896,0.0,0.0,0.0,0.0,0.6,0,5,34345,Greedy-SLA,Full-CertiTwin-q90,5
4,4,5,0.0,0.0,0.76313806,0.76313806,0.9999999999986896,0.0,0.0,0.0,0.0,0.6,0,5,34345,Greedy-SLA,SLA-Rule-Shield,5
4,4,5,0.0,0.0,0.76313806,0.76313806,0.9999999999986896,0.0,0.0,0.0,0.0,0.6,0,5,34345,Greedy-SLA,Fixed-UCB-1sigma-Shield,5
4,4,5,0.0,0.0,0.76313806,0.76313806,0.9999999999986896,0.0,0.0,0.0,0.0,0.6,0,5,34345,Greedy-SLA,Fixed-UCB-1.64sigma-Shield,5
0,2,5,1.0,0.0,0.76278657,0.6677499,0.875408569397236,1.0,21.0,0.0,0.0,0.6,0,5,34345,DT-Top1,Full-CertiTwin-q90,5
0,0,5,1.0,1.0,0.76278657,0.76278657,0.999999999998689,0.0,0.0,0.0,1.0,0.6,0,5,34345,DT-Top1,SLA-Rule-Shield,5
0,2,5,1.0,0.0,0.76278657,0.6677499,0.875408569397236,1.0,21.0,0.0,0.0,0.6,0,5,34345,DT-Top1,Fixed-UCB-1sigma-Shield,5
0,2,5,1.0,0.0,0.76278657,0.6677499,0.875408569397236,1.0,21.0,0.0,0.0,0.6,0,5,34345,DT-Top1,Fixed-UCB-1.64sigma-Shield,5
2,2,5,0.0,0.0,0.6677499,0.6677499,0.9999999999985024,0.0,0.0,0.0,0.0,0.6,0,5,48983,PF,Full-CertiTwin-q90,5
2,2,5,0.0,0.0,0.6677499,0.6677499,0.9999999999985024,0.0,0.0,0.0,0.0,0.6,0,5,48983,PF,SLA-Rule-Shield,5
2,2,5,0.0,0.0,0.6677499,0.6677499,0.9999999999985024,0.0,0.0,0.0,0.0,0.6,0,5,48983,PF,Fixed-UCB-1sigma-Shield,5
2,2,5,0.0,0.0,0.6677499,0.6677499,0.9999999999985024,0.0,0.0,0.0,0.0,0.6,0,5,48983,PF,Fixed-UCB-1.64sigma-Shield,5
4,4,5,0.0,0.0,0.76313806,0.76313806,0.9999999999986896,0.0,0.0,0.0,0.0,0.6,0,5,48983,Greedy-SLA,Full-CertiTwin-q90,5
4,4,5,0.0,0.0,0.76313806,0.76313806,0.9999999999986896,0.0,0.0,0.0,0.0,0.6,0,5,48983,Greedy-SLA,SLA-Rule-Shield,5
4,4,5,0.0,0.0,0.76313806,0.76313806,0.9999999999986896,0.0,0.0,0.0,0.0,0.6,0,5,48983,Greedy-SLA,Fixed-UCB-1sigma-Shield,5
4,4,5,0.0,0.0,0.76313806,0.76313806,0.9999999999986896,0.0,0.0,0.0,0.0,0.6,0,5,48983,Greedy-SLA,Fixed-UCB-1.64sigma-Shield,5
0,2,5,1.0,0.0,0.77050835,0.6677499,0.8666355140721491,1.0,21.0,0.0,0.0,0.6,0,5,48983,DT-Top1,Full-CertiTwin-q90,5
0,4,5,1.0,0.0,0.77050835,0.76313806,0.990434509890788,1.0,57.0,0.0,0.0,0.6,0,5,48983,DT-Top1,SLA-Rule-Shield,5
0,2,5,1.0,0.0,0.77050835,0.6677499,0.8666355140721491,1.0,21.0,0.0,0.0,0.6,0,5,48983,DT-Top1,Fixed-UCB-1sigma-Shield,5
0,2,5,1.0,0.0,0.77050835,0.6677499,0.8666355140721491,1.0,21.0,0.0,0.0,0.6,0,5,48983,DT-Top1,Fixed-UCB-1.64sigma-Shield,5
2,2,5,0.0,0.0,0.6506768,0.6506768,0.9999999999984632,0.0,0.0,0.0,0.0,0.6,0,5,13271,PF,Full-CertiTwin-q90,5
2,2,5,0.0,0.0,0.6506768,0.6506768,0.9999999999984632,0.0,0.0,0.0,0.0,0.6,0,5,13271,PF,SLA-Rule-Shield,5
2,2,5,0.0,0.0,0.6506768,0.6506768,0.9999999999984632,0.0,0.0,0.0,0.0,0.6,0,5,13271,PF,Fixed-UCB-1sigma-Shield,5
2,2,5,0.0,0.0,0.6506768,0.6506768,0.9999999999984632,0.0,0.0,0.0,0.0,0.6,0,5,13271,PF,Fixed-UCB-1.64sigma-Shield,5
4,4,5,0.0,0.0,0.76313806,0.76313806,0.9999999999986896,0.0,0.0,0.0,0.0,0.6,0,5,13271,Greedy-SLA,Full-CertiTwin-q90,5
4,4,5,0.0,0.0,0.76313806,0.76313806,0.9999999999986896,0.0,0.0,0.0,0.0,0.6,0,5,13271,Greedy-SLA,SLA-Rule-Shield,5
4,4,5,0.0,0.0,0.76313806,0.76313806,0.9999999999986896,0.0,0.0,0.0,0.0,0.6,0,5,13271,Greedy-SLA,Fixed-UCB-1sigma-Shield,5
4,4,5,0.0,0.0,0.76313806,0.76313806,0.9999999999986896,0.0,0.0,0.0,0.0,0.6,0,5,13271,Greedy-SLA,Fixed-UCB-1.64sigma-Shield,5
0,2,5,1.0,0.0,0.76278657,0.6506768,0.853026030596143,1.0,21.0,0.0,0.0,0.6,0,5,13271,DT-Top1,Full-CertiTwin-q90,5
0,4,5,1.0,0.0,0.76278657,0.76313806,1.000460797309265,1.0,57.0,0.0,0.0,0.6,0,5,13271,DT-Top1,SLA-Rule-Shield,5
0,2,5,1.0,0.0,0.76278657,0.6506768,0.853026030596143,1.0,21.0,0.0,0.0,0.6,0,5,13271,DT-Top1,Fixed-UCB-1sigma-Shield,5
0,2,5,1.0,0.0,0.76278657,0.6506768,0.853026030596143,1.0,21.0,0.0,0.0,0.6,0,5,13271,DT-Top1,Fixed-UCB-1.64sigma-Shield,5
2,2,5,0.0,0.0,0.6677499,0.6677499,0.9999999999985024,0.0,0.0,0.0,0.0,0.6,0,5,48828,PF,Full-CertiTwin-q90,5
2,2,5,0.0,0.0,0.6677499,0.6677499,0.9999999999985024,0.0,0.0,0.0,0.0,0.6,0,5,48828,PF,SLA-Rule-Shield,5
2,2,5,0.0,0.0,0.6677499,0.6677499,0.9999999999985024,0.0,0.0,0.0,0.0,0.6,0,5,48828,PF,Fixed-UCB-1sigma-Shield,5
2,2,5,0.0,0.0,0.6677499,0.6677499,0.9999999999985024,0.0,0.0,0.0,0.0,0.6,0,5,48828,PF,Fixed-UCB-1.64sigma-Shield,5
4,4,5,0.0,0.0,0.76313806,0.76313806,0.9999999999986896,0.0,0.0,0.0,0.0,0.6,0,5,48828,Greedy-SLA,Full-CertiTwin-q90,5
4,4,5,0.0,0.0,0.76313806,0.76313806,0.9999999999986896,0.0,0.0,0.0,0.0,0.6,0,5,48828,Greedy-SLA,SLA-Rule-Shield,5
4,4,5,0.0,0.0,0.76313806,0.76313806,0.9999999999986896,0.0,0.0,0.0,0.0,0.6,0,5,48828,Greedy-SLA,Fixed-UCB-1sigma-Shield,5
4,4,5,0.0,0.0,0.76313806,0.76313806,0.9999999999986896,0.0,0.0,0.0,0.0,0.6,0,5,48828,Greedy-SLA,Fixed-UCB-1.64sigma-Shield,5
0,2,5,1.0,0.0,0.77050835,0.6677499,0.8666355140721491,1.0,21.0,0.0,0.0,0.6,0,5,48828,DT-Top1,Full-CertiTwin-q90,5
0,4,5,1.0,0.0,0.77050835,0.76313806,0.990434509890788,1.0,57.0,0.0,0.0,0.6,0,5,48828,DT-Top1,SLA-Rule-Shield,5
0,2,5,1.0,0.0,0.77050835,0.6677499,0.8666355140721491,1.0,21.0,0.0,0.0,0.6,0,5,48828,DT-Top1,Fixed-UCB-1sigma-Shield,5
0,2,5,1.0,0.0,0.77050835,0.6677499,0.8666355140721491,1.0,21.0,0.0,0.0,0.6,0,5,48828,DT-Top1,Fixed-UCB-1.64sigma-Shield,5
2,2,5,0.0,0.0,0.6677499,0.6677499,0.9999999999985024,0.0,0.0,0.0,0.0,0.6,0,5,12460,PF,Full-CertiTwin-q90,5
2,2,5,0.0,0.0,0.6677499,0.6677499,0.9999999999985024,0.0,0.0,0.0,0.0,0.6,0,5,12460,PF,SLA-Rule-Shield,5
2,2,5,0.0,0.0,0.6677499,0.6677499,0.9999999999985024,0.0,0.0,0.0,0.0,0.6,0,5,12460,PF,Fixed-UCB-1sigma-Shield,5
2,2,5,0.0,0.0,0.6677499,0.6677499,0.9999999999985024,0.0,0.0,0.0,0.0,0.6,0,5,12460,PF,Fixed-UCB-1.64sigma-Shield,5
0,2,5,1.0,0.0,0.76278657,0.6677499,0.875408569397236,1.0,21.0,0.0,0.0,0.6,0,5,12460,Greedy-SLA,Full-CertiTwin-q90,5
0,4,5,1.0,0.0,0.76278657,0.76313806,1.000460797309265,1.0,57.0,0.0,0.0,0.6,0,5,12460,Greedy-SLA,SLA-Rule-Shield,5
0,2,5,1.0,0.0,0.76278657,0.6677499,0.875408569397236,1.0,21.0,0.0,0.0,0.6,0,5,12460,Greedy-SLA,Fixed-UCB-1sigma-Shield,5
0,2,5,1.0,0.0,0.76278657,0.6677499,0.875408569397236,1.0,21.0,0.0,0.0,0.6,0,5,12460,Greedy-SLA,Fixed-UCB-1.64sigma-Shield,5
0,2,5,1.0,0.0,0.76278657,0.6677499,0.875408569397236,1.0,21.0,0.0,0.0,0.6,0,5,12460,DT-Top1,Full-CertiTwin-q90,5
0,4,5,1.0,0.0,0.76278657,0.76313806,1.000460797309265,1.0,57.0,0.0,0.0,0.6,0,5,12460,DT-Top1,SLA-Rule-Shield,5
0,2,5,1.0,0.0,0.76278657,0.6677499,0.875408569397236,1.0,21.0,0.0,0.0,0.6,0,5,12460,DT-Top1,Fixed-UCB-1sigma-Shield,5
0,2,5,1.0,0.0,0.76278657,0.6677499,0.875408569397236,1.0,21.0,0.0,0.0,0.6,0,5,12460,DT-Top1,Fixed-UCB-1.64sigma-Shield,5
2,2,5,0.0,0.0,0.6677499,0.6677499,0.9999999999985024,0.0,0.0,0.0,0.0,0.6,0,5,21281,PF,Full-CertiTwin-q90,5
2,2,5,0.0,0.0,0.6677499,0.6677499,0.9999999999985024,0.0,0.0,0.0,0.0,0.6,0,5,21281,PF,SLA-Rule-Shield,5
2,2,5,0.0,0.0,0.6677499,0.6677499,0.9999999999985024,0.0,0.0,0.0,0.0,0.6,0,5,21281,PF,Fixed-UCB-1sigma-Shield,5
2,2,5,0.0,0.0,0.6677499,0.6677499,0.9999999999985024,0.0,0.0,0.0,0.0,0.6,0,5,21281,PF,Fixed-UCB-1.64sigma-Shield,5
4,4,5,0.0,0.0,0.76313806,0.76313806,0.9999999999986896,0.0,0.0,0.0,0.0,0.6,0,5,21281,Greedy-SLA,Full-CertiTwin-q90,5
4,4,5,0.0,0.0,0.76313806,0.76313806,0.9999999999986896,0.0,0.0,0.0,0.0,0.6,0,5,21281,Greedy-SLA,SLA-Rule-Shield,5
4,4,5,0.0,0.0,0.76313806,0.76313806,0.9999999999986896,0.0,0.0,0.0,0.0,0.6,0,5,21281,Greedy-SLA,Fixed-UCB-1sigma-Shield,5
4,4,5,0.0,0.0,0.76313806,0.76313806,0.9999999999986896,0.0,0.0,0.0,0.0,0.6,0,5,21281,Greedy-SLA,Fixed-UCB-1.64sigma-Shield,5
0,2,5,1.0,0.0,0.76278657,0.6677499,0.875408569397236,1.0,21.0,0.0,0.0,0.6,0,5,21281,DT-Top1,Full-CertiTwin-q90,5
0,4,5,1.0,0.0,0.76278657,0.76313806,1.000460797309265,1.0,57.0,0.0,0.0,0.6,0,5,21281,DT-Top1,SLA-Rule-Shield,5
0,2,5,1.0,0.0,0.76278657,0.6677499,0.875408569397236,1.0,21.0,0.0,0.0,0.6,0,5,21281,DT-Top1,Fixed-UCB-1sigma-Shield,5
0,2,5,1.0,0.0,0.76278657,0.6677499,0.875408569397236,1.0,21.0,0.0,0.0,0.6,0,5,21281,DT-Top1,Fixed-UCB-1.64sigma-Shield,5
2,2,5,0.0,0.0,0.6677499,0.6677499,0.9999999999985024,0.0,0.0,0.0,0.0,0.6,0,5,2572,PF,Full-CertiTwin-q90,5
2,2,5,0.0,0.0,0.6677499,0.6677499,0.9999999999985024,0.0,0.0,0.0,0.0,0.6,0,5,2572,PF,SLA-Rule-Shield,5
2,2,5,0.0,0.0,0.6677499,0.6677499,0.9999999999985024,0.0,0.0,0.0,0.0,0.6,0,5,2572,PF,Fixed-UCB-1sigma-Shield,5
2,2,5,0.0,0.0,0.6677499,0.6677499,0.9999999999985024,0.0,0.0,0.0,0.0,0.6,0,5,2572,PF,Fixed-UCB-1.64sigma-Shield,5
4,4,5,0.0,0.0,0.74035645,0.74035645,0.9999999999986492,0.0,0.0,0.0,0.0,0.6,0,5,2572,Greedy-SLA,Full-CertiTwin-q90,5
4,4,5,0.0,0.0,0.74035645,0.74035645,0.9999999999986492,0.0,0.0,0.0,0.0,0.6,0,5,2572,Greedy-SLA,SLA-Rule-Shield,5
4,4,5,0.0,0.0,0.74035645,0.74035645,0.9999999999986492,0.0,0.0,0.0,0.0,0.6,0,5,2572,Greedy-SLA,Fixed-UCB-1sigma-Shield,5
4,4,5,0.0,0.0,0.74035645,0.74035645,0.9999999999986492,0.0,0.0,0.0,0.0,0.6,0,5,2572,Greedy-SLA,Fixed-UCB-1.64sigma-Shield,5
0,2,5,1.0,0.0,0.76278657,0.6677499,0.875408569397236,1.0,21.0,0.0,0.0,0.6,0,5,2572,DT-Top1,Full-CertiTwin-q90,5
0,4,5,1.0,0.0,0.76278657,0.74035645,0.9705945006334202,1.0,57.0,0.0,0.0,0.6,0,5,2572,DT-Top1,SLA-Rule-Shield,5
0,2,5,1.0,0.0,0.76278657,0.6677499,0.875408569397236,1.0,21.0,0.0,0.0,0.6,0,5,2572,DT-Top1,Fixed-UCB-1sigma-Shield,5
0,2,5,1.0,0.0,0.76278657,0.6677499,0.875408569397236,1.0,21.0,0.0,0.0,0.6,0,5,2572,DT-Top1,Fixed-UCB-1.64sigma-Shield,5
2,2,5,0.0,0.0,0.6682329,0.6682329,0.9999999999985036,0.0,0.0,0.0,0.0,0.6,0,5,16348,PF,Full-CertiTwin-q90,5
2,2,5,0.0,0.0,0.6682329,0.6682329,0.9999999999985036,0.0,0.0,0.0,0.0,0.6,0,5,16348,PF,SLA-Rule-Shield,5
2,2,5,0.0,0.0,0.6682329,0.6682329,0.9999999999985036,0.0,0.0,0.0,0.0,0.6,0,5,16348,PF,Fixed-UCB-1sigma-Shield,5
2,2,5,0.0,0.0,0.6682329,0.6682329,0.9999999999985036,0.0,0.0,0.0,0.0,0.6,0,5,16348,PF,Fixed-UCB-1.64sigma-Shield,5
0,2,5,1.0,0.0,0.76278657,0.6682329,0.8760417740431953,1.0,21.0,0.0,0.0,0.6,0,5,16348,Greedy-SLA,Full-CertiTwin-q90,5
0,4,5,1.0,0.0,0.76278657,0.76313806,1.000460797309265,1.0,57.0,0.0,0.0,0.6,0,5,16348,Greedy-SLA,SLA-Rule-Shield,5
0,2,5,1.0,0.0,0.76278657,0.6682329,0.8760417740431953,1.0,21.0,0.0,0.0,0.6,0,5,16348,Greedy-SLA,Fixed-UCB-1sigma-Shield,5
0,2,5,1.0,0.0,0.76278657,0.6682329,0.8760417740431953,1.0,21.0,0.0,0.0,0.6,0,5,16348,Greedy-SLA,Fixed-UCB-1.64sigma-Shield,5
0,2,5,1.0,0.0,0.76278657,0.6682329,0.8760417740431953,1.0,21.0,0.0,0.0,0.6,0,5,16348,DT-Top1,Full-CertiTwin-q90,5
0,4,5,1.0,0.0,0.76278657,0.76313806,1.000460797309265,1.0,57.0,0.0,0.0,0.6,0,5,16348,DT-Top1,SLA-Rule-Shield,5
0,2,5,1.0,0.0,0.76278657,0.6682329,0.8760417740431953,1.0,21.0,0.0,0.0,0.6,0,5,16348,DT-Top1,Fixed-UCB-1sigma-Shield,5
0,2,5,1.0,0.0,0.76278657,0.6682329,0.8760417740431953,1.0,21.0,0.0,0.0,0.6,0,5,16348,DT-Top1,Fixed-UCB-1.64sigma-Shield,5
2,2,5,0.0,0.0,0.6677499,0.6677499,0.9999999999985024,0.0,0.0,0.0,0.0,0.6,0,5,43789,PF,Full-CertiTwin-q90,5
2,2,5,0.0,0.0,0.6677499,0.6677499,0.9999999999985024,0.0,0.0,0.0,0.0,0.6,0,5,43789,PF,SLA-Rule-Shield,5
2,2,5,0.0,0.0,0.6677499,0.6677499,0.9999999999985024,0.0,0.0,0.0,0.0,0.6,0,5,43789,PF,Fixed-UCB-1sigma-Shield,5
2,2,5,0.0,0.0,0.6677499,0.6677499,0.9999999999985024,0.0,0.0,0.0,0.0,0.6,0,5,43789,PF,Fixed-UCB-1.64sigma-Shield,5
4,4,5,0.0,0.0,0.76313806,0.76313806,0.9999999999986896,0.0,0.0,0.0,0.0,0.6,0,5,43789,Greedy-SLA,Full-CertiTwin-q90,5
4,4,5,0.0,0.0,0.76313806,0.76313806,0.9999999999986896,0.0,0.0,0.0,0.0,0.6,0,5,43789,Greedy-SLA,SLA-Rule-Shield,5
4,4,5,0.0,0.0,0.76313806,0.76313806,0.9999999999986896,0.0,0.0,0.0,0.0,0.6,0,5,43789,Greedy-SLA,Fixed-UCB-1sigma-Shield,5
4,4,5,0.0,0.0,0.76313806,0.76313806,0.9999999999986896,0.0,0.0,0.0,0.0,0.6,0,5,43789,Greedy-SLA,Fixed-UCB-1.64sigma-Shield,5
0,2,5,1.0,0.0,0.76278657,0.6677499,0.875408569397236,1.0,21.0,0.0,0.0,0.6,0,5,43789,DT-Top1,Full-CertiTwin-q90,5
0,4,5,1.0,0.0,0.76278657,0.76313806,1.000460797309265,1.0,57.0,0.0,0.0,0.6,0,5,43789,DT-Top1,SLA-Rule-Shield,5
0,2,5,1.0,0.0,0.76278657,0.6677499,0.875408569397236,1.0,21.0,0.0,0.0,0.6,0,5,43789,DT-Top1,Fixed-UCB-1sigma-Shield,5
0,2,5,1.0,0.0,0.76278657,0.6677499,0.875408569397236,1.0,21.0,0.0,0.0,0.6,0,5,43789,DT-Top1,Fixed-UCB-1.64sigma-Shield,5
2,2,5,0.0,0.0,0.6677499,0.6677499,0.9999999999985024,0.0,0.0,0.0,0.0,0.6,0,5,17477,PF,Full-CertiTwin-q90,5
2,2,5,0.0,0.0,0.6677499,0.6677499,0.9999999999985024,0.0,0.0,0.0,0.0,0.6,0,5,17477,PF,SLA-Rule-Shield,5
2,2,5,0.0,0.0,0.6677499,0.6677499,0.9999999999985024,0.0,0.0,0.0,0.0,0.6,0,5,17477,PF,Fixed-UCB-1sigma-Shield,5
2,2,5,0.0,0.0,0.6677499,0.6677499,0.9999999999985024,0.0,0.0,0.0,0.0,0.6,0,5,17477,PF,Fixed-UCB-1.64sigma-Shield,5
0,2,5,1.0,0.0,0.76278657,0.6677499,0.875408569397236,1.0,21.0,0.0,0.0,0.6,0,5,17477,Greedy-SLA,Full-CertiTwin-q90,5
0,4,5,1.0,0.0,0.76278657,0.78614604,1.0306238611397804,1.0,57.0,0.0,0.0,0.6,0,5,17477,Greedy-SLA,SLA-Rule-Shield,5
0,2,5,1.0,0.0,0.76278657,0.6677499,0.875408569397236,1.0,21.0,0.0,0.0,0.6,0,5,17477,Greedy-SLA,Fixed-UCB-1sigma-Shield,5
0,2,5,1.0,0.0,0.76278657,0.6677499,0.875408569397236,1.0,21.0,0.0,0.0,0.6,0,5,17477,Greedy-SLA,Fixed-UCB-1.64sigma-Shield,5
0,2,5,1.0,0.0,0.76278657,0.6677499,0.875408569397236,1.0,21.0,0.0,0.0,0.6,0,5,17477,DT-Top1,Full-CertiTwin-q90,5
0,4,5,1.0,0.0,0.76278657,0.78614604,1.0306238611397804,1.0,57.0,0.0,0.0,0.6,0,5,17477,DT-Top1,SLA-Rule-Shield,5
0,2,5,1.0,0.0,0.76278657,0.6677499,0.875408569397236,1.0,21.0,0.0,0.0,0.6,0,5,17477,DT-Top1,Fixed-UCB-1sigma-Shield,5
0,2,5,1.0,0.0,0.76278657,0.6677499,0.875408569397236,1.0,21.0,0.0,0.0,0.6,0,5,17477,DT-Top1,Fixed-UCB-1.64sigma-Shield,5
2,2,5,0.0,0.0,0.65129316,0.65129316,0.9999999999984648,0.0,0.0,0.0,0.0,0.6,0,5,39047,PF,Full-CertiTwin-q90,5
2,2,5,0.0,0.0,0.65129316,0.65129316,0.9999999999984648,0.0,0.0,0.0,0.0,0.6,0,5,39047,PF,SLA-Rule-Shield,5
2,2,5,0.0,0.0,0.65129316,0.65129316,0.9999999999984648,0.0,0.0,0.0,0.0,0.6,0,5,39047,PF,Fixed-UCB-1sigma-Shield,5
2,2,5,0.0,0.0,0.65129316,0.65129316,0.9999999999984648,0.0,0.0,0.0,0.0,0.6,0,5,39047,PF,Fixed-UCB-1.64sigma-Shield,5
4,4,5,0.0,0.0,0.76313806,0.76313806,0.9999999999986896,0.0,0.0,0.0,0.0,0.6,0,5,39047,Greedy-SLA,Full-CertiTwin-q90,5
4,4,5,0.0,0.0,0.76313806,0.76313806,0.9999999999986896,0.0,0.0,0.0,0.0,0.6,0,5,39047,Greedy-SLA,SLA-Rule-Shield,5
4,4,5,0.0,0.0,0.76313806,0.76313806,0.9999999999986896,0.0,0.0,0.0,0.0,0.6,0,5,39047,Greedy-SLA,Fixed-UCB-1sigma-Shield,5
4,4,5,0.0,0.0,0.76313806,0.76313806,0.9999999999986896,0.0,0.0,0.0,0.0,0.6,0,5,39047,Greedy-SLA,Fixed-UCB-1.64sigma-Shield,5
0,2,5,1.0,0.0,0.76278657,0.65129316,0.8538340678954877,1.0,21.0,0.0,0.0,0.6,0,5,39047,DT-Top1,Full-CertiTwin-q90,5
0,4,5,1.0,0.0,0.76278657,0.76313806,1.000460797309265,1.0,57.0,0.0,0.0,0.6,0,5,39047,DT-Top1,SLA-Rule-Shield,5
0,2,5,1.0,0.0,0.76278657,0.65129316,0.8538340678954877,1.0,21.0,0.0,0.0,0.6,0,5,39047,DT-Top1,Fixed-UCB-1sigma-Shield,5
0,2,5,1.0,0.0,0.76278657,0.65129316,0.8538340678954877,1.0,21.0,0.0,0.0,0.6,0,5,39047,DT-Top1,Fixed-UCB-1.64sigma-Shield,5
2,2,5,0.0,0.0,0.6677499,0.6677499,0.9999999999985024,0.0,0.0,0.0,0.0,0.6,0,5,52767,PF,Full-CertiTwin-q90,5
2,2,5,0.0,0.0,0.6677499,0.6677499,0.9999999999985024,0.0,0.0,0.0,0.0,0.6,0,5,52767,PF,SLA-Rule-Shield,5
2,2,5,0.0,0.0,0.6677499,0.6677499,0.9999999999985024,0.0,0.0,0.0,0.0,0.6,0,5,52767,PF,Fixed-UCB-1sigma-Shield,5
2,2,5,0.0,0.0,0.6677499,0.6677499,0.9999999999985024,0.0,0.0,0.0,0.0,0.6,0,5,52767,PF,Fixed-UCB-1.64sigma-Shield,5
4,4,5,0.0,0.0,0.76313806,0.76313806,0.9999999999986896,0.0,0.0,0.0,0.0,0.6,0,5,52767,Greedy-SLA,Full-CertiTwin-q90,5
4,4,5,0.0,0.0,0.76313806,0.76313806,0.9999999999986896,0.0,0.0,0.0,0.0,0.6,0,5,52767,Greedy-SLA,SLA-Rule-Shield,5
4,4,5,0.0,0.0,0.76313806,0.76313806,0.9999999999986896,0.0,0.0,0.0,0.0,0.6,0,5,52767,Greedy-SLA,Fixed-UCB-1sigma-Shield,5
4,4,5,0.0,0.0,0.76313806,0.76313806,0.9999999999986896,0.0,0.0,0.0,0.0,0.6,0,5,52767,Greedy-SLA,Fixed-UCB-1.64sigma-Shield,5
0,2,5,1.0,0.0,0.76278657,0.6677499,0.875408569397236,1.0,21.0,0.0,0.0,0.6,0,5,52767,DT-Top1,Full-CertiTwin-q90,5
0,4,5,1.0,0.0,0.76278657,0.76313806,1.000460797309265,1.0,57.0,0.0,0.0,0.6,0,5,52767,DT-Top1,SLA-Rule-Shield,5
0,2,5,1.0,0.0,0.76278657,0.6677499,0.875408569397236,1.0,21.0,0.0,0.0,0.6,0,5,52767,DT-Top1,Fixed-UCB-1sigma-Shield,5
0,2,5,1.0,0.0,0.76278657,0.6677499,0.875408569397236,1.0,21.0,0.0,0.0,0.6,0,5,52767,DT-Top1,Fixed-UCB-1.64sigma-Shield,5
2,2,5,0.0,0.0,0.6677499,0.6677499,0.9999999999985024,0.0,0.0,0.0,0.0,0.6,0,5,57199,PF,Full-CertiTwin-q90,5
2,2,5,0.0,0.0,0.6677499,0.6677499,0.9999999999985024,0.0,0.0,0.0,0.0,0.6,0,5,57199,PF,SLA-Rule-Shield,5
2,2,5,0.0,0.0,0.6677499,0.6677499,0.9999999999985024,0.0,0.0,0.0,0.0,0.6,0,5,57199,PF,Fixed-UCB-1sigma-Shield,5
2,2,5,0.0,0.0,0.6677499,0.6677499,0.9999999999985024,0.0,0.0,0.0,0.0,0.6,0,5,57199,PF,Fixed-UCB-1.64sigma-Shield,5
4,4,5,0.0,0.0,0.76313806,0.76313806,0.9999999999986896,0.0,0.0,0.0,0.0,0.6,0,5,57199,Greedy-SLA,Full-CertiTwin-q90,5
4,4,5,0.0,0.0,0.76313806,0.76313806,0.9999999999986896,0.0,0.0,0.0,0.0,0.6,0,5,57199,Greedy-SLA,SLA-Rule-Shield,5
4,4,5,0.0,0.0,0.76313806,0.76313806,0.9999999999986896,0.0,0.0,0.0,0.0,0.6,0,5,57199,Greedy-SLA,Fixed-UCB-1sigma-Shield,5
4,4,5,0.0,0.0,0.76313806,0.76313806,0.9999999999986896,0.0,0.0,0.0,0.0,0.6,0,5,57199,Greedy-SLA,Fixed-UCB-1.64sigma-Shield,5
0,2,5,1.0,0.0,0.77741534,0.6677499,0.8589358424534574,1.0,21.0,0.0,0.0,0.6,0,5,57199,DT-Top1,Full-CertiTwin-q90,5
0,0,5,1.0,1.0,0.77741534,0.77741534,0.9999999999987136,0.0,0.0,0.0,1.0,0.6,0,5,57199,DT-Top1,SLA-Rule-Shield,5
0,2,5,1.0,0.0,0.77741534,0.6677499,0.8589358424534574,1.0,21.0,0.0,0.0,0.6,0,5,57199,DT-Top1,Fixed-UCB-1sigma-Shield,5
0,2,5,1.0,0.0,0.77741534,0.6677499,0.8589358424534574,1.0,21.0,0.0,0.0,0.6,0,5,57199,DT-Top1,Fixed-UCB-1.64sigma-Shield,5
2,2,5,0.0,0.0,0.6677499,0.6677499,0.9999999999985024,0.0,0.0,0.0,0.0,0.6,0,5,12593,PF,Full-CertiTwin-q90,5
2,2,5,0.0,0.0,0.6677499,0.6677499,0.9999999999985024,0.0,0.0,0.0,0.0,0.6,0,5,12593,PF,SLA-Rule-Shield,5
2,2,5,0.0,0.0,0.6677499,0.6677499,0.9999999999985024,0.0,0.0,0.0,0.0,0.6,0,5,12593,PF,Fixed-UCB-1sigma-Shield,5
2,2,5,0.0,0.0,0.6677499,0.6677499,0.9999999999985024,0.0,0.0,0.0,0.0,0.6,0,5,12593,PF,Fixed-UCB-1.64sigma-Shield,5
4,4,5,0.0,0.0,0.76313806,0.76313806,0.9999999999986896,0.0,0.0,0.0,0.0,0.6,0,5,12593,Greedy-SLA,Full-CertiTwin-q90,5
4,4,5,0.0,0.0,0.76313806,0.76313806,0.9999999999986896,0.0,0.0,0.0,0.0,0.6,0,5,12593,Greedy-SLA,SLA-Rule-Shield,5
4,4,5,0.0,0.0,0.76313806,0.76313806,0.9999999999986896,0.0,0.0,0.0,0.0,0.6,0,5,12593,Greedy-SLA,Fixed-UCB-1sigma-Shield,5
4,4,5,0.0,0.0,0.76313806,0.76313806,0.9999999999986896,0.0,0.0,0.0,0.0,0.6,0,5,12593,Greedy-SLA,Fixed-UCB-1.64sigma-Shield,5
4,4,5,0.0,0.0,0.76313806,0.76313806,0.9999999999986896,0.0,0.0,0.0,0.0,0.6,0,5,12593,DT-Top1,Full-CertiTwin-q90,5
4,4,5,0.0,0.0,0.76313806,0.76313806,0.9999999999986896,0.0,0.0,0.0,0.0,0.6,0,5,12593,DT-Top1,SLA-Rule-Shield,5
4,4,5,0.0,0.0,0.76313806,0.76313806,0.9999999999986896,0.0,0.0,0.0,0.0,0.6,0,5,12593,DT-Top1,Fixed-UCB-1sigma-Shield,5
4,4,5,0.0,0.0,0.76313806,0.76313806,0.9999999999986896,0.0,0.0,0.0,0.0,0.6,0,5,12593,DT-Top1,Fixed-UCB-1.64sigma-Shield,5
2,2,5,0.0,0.0,0.6677499,0.6677499,0.9999999999985024,0.0,0.0,0.0,0.0,0.6,0,5,23283,PF,Full-CertiTwin-q90,5
2,2,5,0.0,0.0,0.6677499,0.6677499,0.9999999999985024,0.0,0.0,0.0,0.0,0.6,0,5,23283,PF,SLA-Rule-Shield,5
2,2,5,0.0,0.0,0.6677499,0.6677499,0.9999999999985024,0.0,0.0,0.0,0.0,0.6,0,5,23283,PF,Fixed-UCB-1sigma-Shield,5
2,2,5,0.0,0.0,0.6677499,0.6677499,0.9999999999985024,0.0,0.0,0.0,0.0,0.6,0,5,23283,PF,Fixed-UCB-1.64sigma-Shield,5
4,4,5,0.0,0.0,0.76313806,0.76313806,0.9999999999986896,0.0,0.0,0.0,0.0,0.6,0,5,23283,Greedy-SLA,Full-CertiTwin-q90,5
4,4,5,0.0,0.0,0.76313806,0.76313806,0.9999999999986896,0.0,0.0,0.0,0.0,0.6,0,5,23283,Greedy-SLA,SLA-Rule-Shield,5
4,4,5,0.0,0.0,0.76313806,0.76313806,0.9999999999986896,0.0,0.0,0.0,0.0,0.6,0,5,23283,Greedy-SLA,Fixed-UCB-1sigma-Shield,5
4,4,5,0.0,0.0,0.76313806,0.76313806,0.9999999999986896,0.0,0.0,0.0,0.0,0.6,0,5,23283,Greedy-SLA,Fixed-UCB-1.64sigma-Shield,5
4,4,5,0.0,0.0,0.76313806,0.76313806,0.9999999999986896,0.0,0.0,0.0,0.0,0.6,0,5,23283,DT-Top1,Full-CertiTwin-q90,5
4,4,5,0.0,0.0,0.76313806,0.76313806,0.9999999999986896,0.0,0.0,0.0,0.0,0.6,0,5,23283,DT-Top1,SLA-Rule-Shield,5
4,4,5,0.0,0.0,0.76313806,0.76313806,0.9999999999986896,0.0,0.0,0.0,0.0,0.6,0,5,23283,DT-Top1,Fixed-UCB-1sigma-Shield,5
4,4,5,0.0,0.0,0.76313806,0.76313806,0.9999999999986896,0.0,0.0,0.0,0.0,0.6,0,5,23283,DT-Top1,Fixed-UCB-1.64sigma-Shield,5
2,2,5,0.0,0.0,0.6677499,0.6677499,0.9999999999985024,0.0,0.0,0.0,0.0,0.6,0,5,18207,PF,Full-CertiTwin-q90,5
2,2,5,0.0,0.0,0.6677499,0.6677499,0.9999999999985024,0.0,0.0,0.0,0.0,0.6,0,5,18207,PF,SLA-Rule-Shield,5
2,2,5,0.0,0.0,0.6677499,0.6677499,0.9999999999985024,0.0,0.0,0.0,0.0,0.6,0,5,18207,PF,Fixed-UCB-1sigma-Shield,5
2,2,5,0.0,0.0,0.6677499,0.6677499,0.9999999999985024,0.0,0.0,0.0,0.0,0.6,0,5,18207,PF,Fixed-UCB-1.64sigma-Shield,5
0,2,5,1.0,0.0,0.7864371,0.6677499,0.8490823995957858,1.0,21.0,0.0,0.0,0.6,0,5,18207,Greedy-SLA,Full-CertiTwin-q90,5
0,4,5,1.0,0.0,0.7864371,0.76313806,0.970373930730162,1.0,57.0,0.0,0.0,0.6,0,5,18207,Greedy-SLA,SLA-Rule-Shield,5
0,2,5,1.0,0.0,0.7864371,0.6677499,0.8490823995957858,1.0,21.0,0.0,0.0,0.6,0,5,18207,Greedy-SLA,Fixed-UCB-1sigma-Shield,5
0,2,5,1.0,0.0,0.7864371,0.6677499,0.8490823995957858,1.0,21.0,0.0,0.0,0.6,0,5,18207,Greedy-SLA,Fixed-UCB-1.64sigma-Shield,5
0,2,5,1.0,0.0,0.7864371,0.6677499,0.8490823995957858,1.0,21.0,0.0,0.0,0.6,0,5,18207,DT-Top1,Full-CertiTwin-q90,5
0,4,5,1.0,0.0,0.7864371,0.76313806,0.970373930730162,1.0,57.0,0.0,0.0,0.6,0,5,18207,DT-Top1,SLA-Rule-Shield,5
0,2,5,1.0,0.0,0.7864371,0.6677499,0.8490823995957858,1.0,21.0,0.0,0.0,0.6,0,5,18207,DT-Top1,Fixed-UCB-1sigma-Shield,5
0,2,5,1.0,0.0,0.7864371,0.6677499,0.8490823995957858,1.0,21.0,0.0,0.0,0.6,0,5,18207,DT-Top1,Fixed-UCB-1.64sigma-Shield,5
2,2,5,0.0,0.0,0.6677499,0.6677499,0.9999999999985024,0.0,0.0,0.0,0.0,0.6,0,5,27389,PF,Full-CertiTwin-q90,5
2,2,5,0.0,0.0,0.6677499,0.6677499,0.9999999999985024,0.0,0.0,0.0,0.0,0.6,0,5,27389,PF,SLA-Rule-Shield,5
2,2,5,0.0,0.0,0.6677499,0.6677499,0.9999999999985024,0.0,0.0,0.0,0.0,0.6,0,5,27389,PF,Fixed-UCB-1sigma-Shield,5
2,2,5,0.0,0.0,0.6677499,0.6677499,0.9999999999985024,0.0,0.0,0.0,0.0,0.6,0,5,27389,PF,Fixed-UCB-1.64sigma-Shield,5
4,4,5,0.0,0.0,0.76313806,0.76313806,0.9999999999986896,0.0,0.0,0.0,0.0,0.6,0,5,27389,Greedy-SLA,Full-CertiTwin-q90,5
4,4,5,0.0,0.0,0.76313806,0.76313806,0.9999999999986896,0.0,0.0,0.0,0.0,0.6,0,5,27389,Greedy-SLA,SLA-Rule-Shield,5
4,4,5,0.0,0.0,0.76313806,0.76313806,0.9999999999986896,0.0,0.0,0.0,0.0,0.6,0,5,27389,Greedy-SLA,Fixed-UCB-1sigma-Shield,5
4,4,5,0.0,0.0,0.76313806,0.76313806,0.9999999999986896,0.0,0.0,0.0,0.0,0.6,0,5,27389,Greedy-SLA,Fixed-UCB-1.64sigma-Shield,5
4,4,5,0.0,0.0,0.76313806,0.76313806,0.9999999999986896,0.0,0.0,0.0,0.0,0.6,0,5,27389,DT-Top1,Full-CertiTwin-q90,5
4,4,5,0.0,0.0,0.76313806,0.76313806,0.9999999999986896,0.0,0.0,0.0,0.0,0.6,0,5,27389,DT-Top1,SLA-Rule-Shield,5
4,4,5,0.0,0.0,0.76313806,0.76313806,0.9999999999986896,0.0,0.0,0.0,0.0,0.6,0,5,27389,DT-Top1,Fixed-UCB-1sigma-Shield,5
4,4,5,0.0,0.0,0.76313806,0.76313806,0.9999999999986896,0.0,0.0,0.0,0.0,0.6,0,5,27389,DT-Top1,Fixed-UCB-1.64sigma-Shield,5
2,2,5,0.0,0.0,0.6677499,0.6677499,0.9999999999985024,0.0,0.0,0.0,0.0,0.6,0,5,47777,PF,Full-CertiTwin-q90,5
2,2,5,0.0,0.0,0.6677499,0.6677499,0.9999999999985024,0.0,0.0,0.0,0.0,0.6,0,5,47777,PF,SLA-Rule-Shield,5
2,2,5,0.0,0.0,0.6677499,0.6677499,0.9999999999985024,0.0,0.0,0.0,0.0,0.6,0,5,47777,PF,Fixed-UCB-1sigma-Shield,5
2,2,5,0.0,0.0,0.6677499,0.6677499,0.9999999999985024,0.0,0.0,0.0,0.0,0.6,0,5,47777,PF,Fixed-UCB-1.64sigma-Shield,5
4,4,5,0.0,0.0,0.7566483,0.7566483,0.9999999999986784,0.0,0.0,0.0,0.0,0.6,0,5,47777,Greedy-SLA,Full-CertiTwin-q90,5
4,4,5,0.0,0.0,0.7566483,0.7566483,0.9999999999986784,0.0,0.0,0.0,0.0,0.6,0,5,47777,Greedy-SLA,SLA-Rule-Shield,5
4,4,5,0.0,0.0,0.7566483,0.7566483,0.9999999999986784,0.0,0.0,0.0,0.0,0.6,0,5,47777,Greedy-SLA,Fixed-UCB-1sigma-Shield,5
4,4,5,0.0,0.0,0.7566483,0.7566483,0.9999999999986784,0.0,0.0,0.0,0.0,0.6,0,5,47777,Greedy-SLA,Fixed-UCB-1.64sigma-Shield,5
0,2,5,1.0,0.0,0.76278657,0.6677499,0.875408569397236,1.0,21.0,0.0,0.0,0.6,0,5,47777,DT-Top1,Full-CertiTwin-q90,5
0,4,5,1.0,0.0,0.76278657,0.7566483,0.9919528341971308,1.0,57.0,0.0,0.0,0.6,0,5,47777,DT-Top1,SLA-Rule-Shield,5
0,2,5,1.0,0.0,0.76278657,0.6677499,0.875408569397236,1.0,21.0,0.0,0.0,0.6,0,5,47777,DT-Top1,Fixed-UCB-1sigma-Shield,5
0,2,5,1.0,0.0,0.76278657,0.6677499,0.875408569397236,1.0,21.0,0.0,0.0,0.6,0,5,47777,DT-Top1,Fixed-UCB-1.64sigma-Shield,5
2,2,5,0.0,0.0,0.6677499,0.6677499,0.9999999999985024,0.0,0.0,0.0,0.0,0.6,0,5,36887,PF,Full-CertiTwin-q90,5
2,2,5,0.0,0.0,0.6677499,0.6677499,0.9999999999985024,0.0,0.0,0.0,0.0,0.6,0,5,36887,PF,SLA-Rule-Shield,5
2,2,5,0.0,0.0,0.6677499,0.6677499,0.9999999999985024,0.0,0.0,0.0,0.0,0.6,0,5,36887,PF,Fixed-UCB-1sigma-Shield,5
2,2,5,0.0,0.0,0.6677499,0.6677499,0.9999999999985024,0.0,0.0,0.0,0.0,0.6,0,5,36887,PF,Fixed-UCB-1.64sigma-Shield,5
4,4,5,0.0,0.0,0.76313806,0.76313806,0.9999999999986896,0.0,0.0,0.0,0.0,0.6,0,5,36887,Greedy-SLA,Full-CertiTwin-q90,5
4,4,5,0.0,0.0,0.76313806,0.76313806,0.9999999999986896,0.0,0.0,0.0,0.0,0.6,0,5,36887,Greedy-SLA,SLA-Rule-Shield,5
4,4,5,0.0,0.0,0.76313806,0.76313806,0.9999999999986896,0.0,0.0,0.0,0.0,0.6,0,5,36887,Greedy-SLA,Fixed-UCB-1sigma-Shield,5
4,4,5,0.0,0.0,0.76313806,0.76313806,0.9999999999986896,0.0,0.0,0.0,0.0,0.6,0,5,36887,Greedy-SLA,Fixed-UCB-1.64sigma-Shield,5
0,2,5,1.0,0.0,0.77741534,0.6677499,0.8589358424534574,1.0,21.0,0.0,0.0,0.6,0,5,36887,DT-Top1,Full-CertiTwin-q90,5
0,4,5,1.0,0.0,0.77741534,0.76313806,0.981634939180668,1.0,57.0,0.0,0.0,0.6,0,5,36887,DT-Top1,SLA-Rule-Shield,5
0,2,5,1.0,0.0,0.77741534,0.6677499,0.8589358424534574,1.0,21.0,0.0,0.0,0.6,0,5,36887,DT-Top1,Fixed-UCB-1sigma-Shield,5
0,2,5,1.0,0.0,0.77741534,0.6677499,0.8589358424534574,1.0,21.0,0.0,0.0,0.6,0,5,36887,DT-Top1,Fixed-UCB-1.64sigma-Shield,5
2,2,5,0.0,0.0,0.6677499,0.6677499,0.9999999999985024,0.0,0.0,0.0,0.0,0.6,0,5,4628,PF,Full-CertiTwin-q90,5
2,2,5,0.0,0.0,0.6677499,0.6677499,0.9999999999985024,0.0,0.0,0.0,0.0,0.6,0,5,4628,PF,SLA-Rule-Shield,5
2,2,5,0.0,0.0,0.6677499,0.6677499,0.9999999999985024,0.0,0.0,0.0,0.0,0.6,0,5,4628,PF,Fixed-UCB-1sigma-Shield,5
2,2,5,0.0,0.0,0.6677499,0.6677499,0.9999999999985024,0.0,0.0,0.0,0.0,0.6,0,5,4628,PF,Fixed-UCB-1.64sigma-Shield,5
4,4,5,0.0,0.0,0.76313806,0.76313806,0.9999999999986896,0.0,0.0,0.0,0.0,0.6,0,5,4628,Greedy-SLA,Full-CertiTwin-q90,5
4,4,5,0.0,0.0,0.76313806,0.76313806,0.9999999999986896,0.0,0.0,0.0,0.0,0.6,0,5,4628,Greedy-SLA,SLA-Rule-Shield,5
4,4,5,0.0,0.0,0.76313806,0.76313806,0.9999999999986896,0.0,0.0,0.0,0.0,0.6,0,5,4628,Greedy-SLA,Fixed-UCB-1sigma-Shield,5
4,4,5,0.0,0.0,0.76313806,0.76313806,0.9999999999986896,0.0,0.0,0.0,0.0,0.6,0,5,4628,Greedy-SLA,Fixed-UCB-1.64sigma-Shield,5
0,2,5,1.0,0.0,0.76278657,0.6677499,0.875408569397236,1.0,21.0,0.0,0.0,0.6,0,5,4628,DT-Top1,Full-CertiTwin-q90,5
0,4,5,1.0,0.0,0.76278657,0.76313806,1.000460797309265,1.0,57.0,0.0,0.0,0.6,0,5,4628,DT-Top1,SLA-Rule-Shield,5
0,2,5,1.0,0.0,0.76278657,0.6677499,0.875408569397236,1.0,21.0,0.0,0.0,0.6,0,5,4628,DT-Top1,Fixed-UCB-1sigma-Shield,5
0,2,5,1.0,0.0,0.76278657,0.6677499,0.875408569397236,1.0,21.0,0.0,0.0,0.6,0,5,4628,DT-Top1,Fixed-UCB-1.64sigma-Shield,5
2,2,5,0.0,0.0,0.6677499,0.6677499,0.9999999999985024,0.0,0.0,0.0,0.0,0.6,0,5,14933,PF,Full-CertiTwin-q90,5
2,2,5,0.0,0.0,0.6677499,0.6677499,0.9999999999985024,0.0,0.0,0.0,0.0,0.6,0,5,14933,PF,SLA-Rule-Shield,5
2,2,5,0.0,0.0,0.6677499,0.6677499,0.9999999999985024,0.0,0.0,0.0,0.0,0.6,0,5,14933,PF,Fixed-UCB-1sigma-Shield,5
2,2,5,0.0,0.0,0.6677499,0.6677499,0.9999999999985024,0.0,0.0,0.0,0.0,0.6,0,5,14933,PF,Fixed-UCB-1.64sigma-Shield,5
4,4,5,0.0,0.0,0.76313806,0.76313806,0.9999999999986896,0.0,0.0,0.0,0.0,0.6,0,5,14933,Greedy-SLA,Full-CertiTwin-q90,5
4,4,5,0.0,0.0,0.76313806,0.76313806,0.9999999999986896,0.0,0.0,0.0,0.0,0.6,0,5,14933,Greedy-SLA,SLA-Rule-Shield,5
4,4,5,0.0,0.0,0.76313806,0.76313806,0.9999999999986896,0.0,0.0,0.0,0.0,0.6,0,5,14933,Greedy-SLA,Fixed-UCB-1sigma-Shield,5
4,4,5,0.0,0.0,0.76313806,0.76313806,0.9999999999986896,0.0,0.0,0.0,0.0,0.6,0,5,14933,Greedy-SLA,Fixed-UCB-1.64sigma-Shield,5
4,4,5,0.0,0.0,0.76313806,0.76313806,0.9999999999986896,0.0,0.0,0.0,0.0,0.6,0,5,14933,DT-Top1,Full-CertiTwin-q90,5
4,4,5,0.0,0.0,0.76313806,0.76313806,0.9999999999986896,0.0,0.0,0.0,0.0,0.6,0,5,14933,DT-Top1,SLA-Rule-Shield,5
4,4,5,0.0,0.0,0.76313806,0.76313806,0.9999999999986896,0.0,0.0,0.0,0.0,0.6,0,5,14933,DT-Top1,Fixed-UCB-1sigma-Shield,5
4,4,5,0.0,0.0,0.76313806,0.76313806,0.9999999999986896,0.0,0.0,0.0,0.0,0.6,0,5,14933,DT-Top1,Fixed-UCB-1.64sigma-Shield,5
2,2,5,0.0,0.0,0.6677499,0.6677499,0.9999999999985024,0.0,0.0,0.0,0.0,0.6,0,5,53083,PF,Full-CertiTwin-q90,5
2,2,5,0.0,0.0,0.6677499,0.6677499,0.9999999999985024,0.0,0.0,0.0,0.0,0.6,0,5,53083,PF,SLA-Rule-Shield,5
2,2,5,0.0,0.0,0.6677499,0.6677499,0.9999999999985024,0.0,0.0,0.0,0.0,0.6,0,5,53083,PF,Fixed-UCB-1sigma-Shield,5
2,2,5,0.0,0.0,0.6677499,0.6677499,0.9999999999985024,0.0,0.0,0.0,0.0,0.6,0,5,53083,PF,Fixed-UCB-1.64sigma-Shield,5
4,4,5,0.0,0.0,0.76313806,0.76313806,0.9999999999986896,0.0,0.0,0.0,0.0,0.6,0,5,53083,Greedy-SLA,Full-CertiTwin-q90,5
4,4,5,0.0,0.0,0.76313806,0.76313806,0.9999999999986896,0.0,0.0,0.0,0.0,0.6,0,5,53083,Greedy-SLA,SLA-Rule-Shield,5
4,4,5,0.0,0.0,0.76313806,0.76313806,0.9999999999986896,0.0,0.0,0.0,0.0,0.6,0,5,53083,Greedy-SLA,Fixed-UCB-1sigma-Shield,5
4,4,5,0.0,0.0,0.76313806,0.76313806,0.9999999999986896,0.0,0.0,0.0,0.0,0.6,0,5,53083,Greedy-SLA,Fixed-UCB-1.64sigma-Shield,5
4,4,5,0.0,0.0,0.76313806,0.76313806,0.9999999999986896,0.0,0.0,0.0,0.0,0.6,0,5,53083,DT-Top1,Full-CertiTwin-q90,5
4,4,5,0.0,0.0,0.76313806,0.76313806,0.9999999999986896,0.0,0.0,0.0,0.0,0.6,0,5,53083,DT-Top1,SLA-Rule-Shield,5
4,4,5,0.0,0.0,0.76313806,0.76313806,0.9999999999986896,0.0,0.0,0.0,0.0,0.6,0,5,53083,DT-Top1,Fixed-UCB-1sigma-Shield,5
4,4,5,0.0,0.0,0.76313806,0.76313806,0.9999999999986896,0.0,0.0,0.0,0.0,0.6,0,5,53083,DT-Top1,Fixed-UCB-1.64sigma-Shield,5
2,2,5,0.0,0.0,0.6677499,0.6677499,0.9999999999985024,0.0,0.0,0.0,0.0,0.6,0,5,14785,PF,Full-CertiTwin-q90,5
2,2,5,0.0,0.0,0.6677499,0.6677499,0.9999999999985024,0.0,0.0,0.0,0.0,0.6,0,5,14785,PF,SLA-Rule-Shield,5
2,2,5,0.0,0.0,0.6677499,0.6677499,0.9999999999985024,0.0,0.0,0.0,0.0,0.6,0,5,14785,PF,Fixed-UCB-1sigma-Shield,5
2,2,5,0.0,0.0,0.6677499,0.6677499,0.9999999999985024,0.0,0.0,0.0,0.0,0.6,0,5,14785,PF,Fixed-UCB-1.64sigma-Shield,5
4,4,5,0.0,0.0,0.76313806,0.76313806,0.9999999999986896,0.0,0.0,0.0,0.0,0.6,0,5,14785,Greedy-SLA,Full-CertiTwin-q90,5
4,4,5,0.0,0.0,0.76313806,0.76313806,0.9999999999986896,0.0,0.0,0.0,0.0,0.6,0,5,14785,Greedy-SLA,SLA-Rule-Shield,5
4,4,5,0.0,0.0,0.76313806,0.76313806,0.9999999999986896,0.0,0.0,0.0,0.0,0.6,0,5,14785,Greedy-SLA,Fixed-UCB-1sigma-Shield,5
4,4,5,0.0,0.0,0.76313806,0.76313806,0.9999999999986896,0.0,0.0,0.0,0.0,0.6,0,5,14785,Greedy-SLA,Fixed-UCB-1.64sigma-Shield,5
0,2,5,1.0,0.0,0.7864371,0.6677499,0.8490823995957858,1.0,21.0,0.0,0.0,0.6,0,5,14785,DT-Top1,Full-CertiTwin-q90,5
0,4,5,1.0,0.0,0.7864371,0.76313806,0.970373930730162,1.0,57.0,0.0,0.0,0.6,0,5,14785,DT-Top1,SLA-Rule-Shield,5
0,2,5,1.0,0.0,0.7864371,0.6677499,0.8490823995957858,1.0,21.0,0.0,0.0,0.6,0,5,14785,DT-Top1,Fixed-UCB-1sigma-Shield,5
0,2,5,1.0,0.0,0.7864371,0.6677499,0.8490823995957858,1.0,21.0,0.0,0.0,0.6,0,5,14785,DT-Top1,Fixed-UCB-1.64sigma-Shield,5
2,2,5,0.0,0.0,0.6677499,0.6677499,0.9999999999985024,0.0,0.0,0.0,0.0,0.6,0,5,23176,PF,Full-CertiTwin-q90,5
2,2,5,0.0,0.0,0.6677499,0.6677499,0.9999999999985024,0.0,0.0,0.0,0.0,0.6,0,5,23176,PF,SLA-Rule-Shield,5
2,2,5,0.0,0.0,0.6677499,0.6677499,0.9999999999985024,0.0,0.0,0.0,0.0,0.6,0,5,23176,PF,Fixed-UCB-1sigma-Shield,5
2,2,5,0.0,0.0,0.6677499,0.6677499,0.9999999999985024,0.0,0.0,0.0,0.0,0.6,0,5,23176,PF,Fixed-UCB-1.64sigma-Shield,5
0,2,5,1.0,0.0,0.76278657,0.6677499,0.875408569397236,1.0,21.0,0.0,0.0,0.6,0,5,23176,Greedy-SLA,Full-CertiTwin-q90,5
0,4,5,1.0,0.0,0.76278657,0.76313806,1.000460797309265,1.0,57.0,0.0,0.0,0.6,0,5,23176,Greedy-SLA,SLA-Rule-Shield,5
0,2,5,1.0,0.0,0.76278657,0.6677499,0.875408569397236,1.0,21.0,0.0,0.0,0.6,0,5,23176,Greedy-SLA,Fixed-UCB-1sigma-Shield,5
0,2,5,1.0,0.0,0.76278657,0.6677499,0.875408569397236,1.0,21.0,0.0,0.0,0.6,0,5,23176,Greedy-SLA,Fixed-UCB-1.64sigma-Shield,5
0,2,5,1.0,0.0,0.76278657,0.6677499,0.875408569397236,1.0,21.0,0.0,0.0,0.6,0,5,23176,DT-Top1,Full-CertiTwin-q90,5
0,4,5,1.0,0.0,0.76278657,0.76313806,1.000460797309265,1.0,57.0,0.0,0.0,0.6,0,5,23176,DT-Top1,SLA-Rule-Shield,5
0,2,5,1.0,0.0,0.76278657,0.6677499,0.875408569397236,1.0,21.0,0.0,0.0,0.6,0,5,23176,DT-Top1,Fixed-UCB-1sigma-Shield,5
0,2,5,1.0,0.0,0.76278657,0.6677499,0.875408569397236,1.0,21.0,0.0,0.0,0.6,0,5,23176,DT-Top1,Fixed-UCB-1.64sigma-Shield,5
2,2,5,0.0,0.0,0.6677499,0.6677499,0.9999999999985024,0.0,0.0,0.0,0.0,0.6,0,5,23388,PF,Full-CertiTwin-q90,5
2,2,5,0.0,0.0,0.6677499,0.6677499,0.9999999999985024,0.0,0.0,0.0,0.0,0.6,0,5,23388,PF,SLA-Rule-Shield,5
2,2,5,0.0,0.0,0.6677499,0.6677499,0.9999999999985024,0.0,0.0,0.0,0.0,0.6,0,5,23388,PF,Fixed-UCB-1sigma-Shield,5
2,2,5,0.0,0.0,0.6677499,0.6677499,0.9999999999985024,0.0,0.0,0.0,0.0,0.6,0,5,23388,PF,Fixed-UCB-1.64sigma-Shield,5
4,4,5,0.0,0.0,0.78614604,0.78614604,0.999999999998728,0.0,0.0,0.0,0.0,0.6,0,5,23388,Greedy-SLA,Full-CertiTwin-q90,5
4,4,5,0.0,0.0,0.78614604,0.78614604,0.999999999998728,0.0,0.0,0.0,0.0,0.6,0,5,23388,Greedy-SLA,SLA-Rule-Shield,5
4,4,5,0.0,0.0,0.78614604,0.78614604,0.999999999998728,0.0,0.0,0.0,0.0,0.6,0,5,23388,Greedy-SLA,Fixed-UCB-1sigma-Shield,5
4,4,5,0.0,0.0,0.78614604,0.78614604,0.999999999998728,0.0,0.0,0.0,0.0,0.6,0,5,23388,Greedy-SLA,Fixed-UCB-1.64sigma-Shield,5
0,2,5,1.0,0.0,0.76278657,0.6677499,0.875408569397236,1.0,21.0,0.0,0.0,0.6,0,5,23388,DT-Top1,Full-CertiTwin-q90,5
0,4,5,1.0,0.0,0.76278657,0.78614604,1.0306238611397804,1.0,57.0,0.0,0.0,0.6,0,5,23388,DT-Top1,SLA-Rule-Shield,5
0,2,5,1.0,0.0,0.76278657,0.6677499,0.875408569397236,1.0,21.0,0.0,0.0,0.6,0,5,23388,DT-Top1,Fixed-UCB-1sigma-Shield,5
0,2,5,1.0,0.0,0.76278657,0.6677499,0.875408569397236,1.0,21.0,0.0,0.0,0.6,0,5,23388,DT-Top1,Fixed-UCB-1.64sigma-Shield,5
2,2,5,0.0,0.0,0.6677499,0.6677499,0.9999999999985024,0.0,0.0,0.0,0.0,0.6,0,5,31300,PF,Full-CertiTwin-q90,5
2,2,5,0.0,0.0,0.6677499,0.6677499,0.9999999999985024,0.0,0.0,0.0,0.0,0.6,0,5,31300,PF,SLA-Rule-Shield,5
2,2,5,0.0,0.0,0.6677499,0.6677499,0.9999999999985024,0.0,0.0,0.0,0.0,0.6,0,5,31300,PF,Fixed-UCB-1sigma-Shield,5
2,2,5,0.0,0.0,0.6677499,0.6677499,0.9999999999985024,0.0,0.0,0.0,0.0,0.6,0,5,31300,PF,Fixed-UCB-1.64sigma-Shield,5
4,4,5,0.0,0.0,0.76313806,0.76313806,0.9999999999986896,0.0,0.0,0.0,0.0,0.6,0,5,31300,Greedy-SLA,Full-CertiTwin-q90,5
4,4,5,0.0,0.0,0.76313806,0.76313806,0.9999999999986896,0.0,0.0,0.0,0.0,0.6,0,5,31300,Greedy-SLA,SLA-Rule-Shield,5
4,4,5,0.0,0.0,0.76313806,0.76313806,0.9999999999986896,0.0,0.0,0.0,0.0,0.6,0,5,31300,Greedy-SLA,Fixed-UCB-1sigma-Shield,5
4,4,5,0.0,0.0,0.76313806,0.76313806,0.9999999999986896,0.0,0.0,0.0,0.0,0.6,0,5,31300,Greedy-SLA,Fixed-UCB-1.64sigma-Shield,5
0,2,5,1.0,0.0,0.77741534,0.6677499,0.8589358424534574,1.0,21.0,0.0,0.0,0.6,0,5,31300,DT-Top1,Full-CertiTwin-q90,5
0,4,5,1.0,0.0,0.77741534,0.76313806,0.981634939180668,1.0,57.0,0.0,0.0,0.6,0,5,31300,DT-Top1,SLA-Rule-Shield,5
0,2,5,1.0,0.0,0.77741534,0.6677499,0.8589358424534574,1.0,21.0,0.0,0.0,0.6,0,5,31300,DT-Top1,Fixed-UCB-1sigma-Shield,5
0,2,5,1.0,0.0,0.77741534,0.6677499,0.8589358424534574,1.0,21.0,0.0,0.0,0.6,0,5,31300,DT-Top1,Fixed-UCB-1.64sigma-Shield,5
2,2,5,0.0,0.0,0.6677499,0.6677499,0.9999999999985024,0.0,0.0,0.0,0.0,0.6,0,5,40929,PF,Full-CertiTwin-q90,5
2,2,5,0.0,0.0,0.6677499,0.6677499,0.9999999999985024,0.0,0.0,0.0,0.0,0.6,0,5,40929,PF,SLA-Rule-Shield,5
2,2,5,0.0,0.0,0.6677499,0.6677499,0.9999999999985024,0.0,0.0,0.0,0.0,0.6,0,5,40929,PF,Fixed-UCB-1sigma-Shield,5
2,2,5,0.0,0.0,0.6677499,0.6677499,0.9999999999985024,0.0,0.0,0.0,0.0,0.6,0,5,40929,PF,Fixed-UCB-1.64sigma-Shield,5
4,4,5,0.0,0.0,0.76313806,0.76313806,0.9999999999986896,0.0,0.0,0.0,0.0,0.6,0,5,40929,Greedy-SLA,Full-CertiTwin-q90,5
4,4,5,0.0,0.0,0.76313806,0.76313806,0.9999999999986896,0.0,0.0,0.0,0.0,0.6,0,5,40929,Greedy-SLA,SLA-Rule-Shield,5
4,4,5,0.0,0.0,0.76313806,0.76313806,0.9999999999986896,0.0,0.0,0.0,0.0,0.6,0,5,40929,Greedy-SLA,Fixed-UCB-1sigma-Shield,5
4,4,5,0.0,0.0,0.76313806,0.76313806,0.9999999999986896,0.0,0.0,0.0,0.0,0.6,0,5,40929,Greedy-SLA,Fixed-UCB-1.64sigma-Shield,5
0,2,5,1.0,0.0,0.76278657,0.6677499,0.875408569397236,1.0,21.0,0.0,0.0,0.6,0,5,40929,DT-Top1,Full-CertiTwin-q90,5
0,4,5,1.0,0.0,0.76278657,0.76313806,1.000460797309265,1.0,57.0,0.0,0.0,0.6,0,5,40929,DT-Top1,SLA-Rule-Shield,5
0,2,5,1.0,0.0,0.76278657,0.6677499,0.875408569397236,1.0,21.0,0.0,0.0,0.6,0,5,40929,DT-Top1,Fixed-UCB-1sigma-Shield,5
0,2,5,1.0,0.0,0.76278657,0.6677499,0.875408569397236,1.0,21.0,0.0,0.0,0.6,0,5,40929,DT-Top1,Fixed-UCB-1.64sigma-Shield,5
2,2,5,0.0,0.0,0.6677499,0.6677499,0.9999999999985024,0.0,0.0,0.0,0.0,0.6,0,5,28570,PF,Full-CertiTwin-q90,5
2,2,5,0.0,0.0,0.6677499,0.6677499,0.9999999999985024,0.0,0.0,0.0,0.0,0.6,0,5,28570,PF,SLA-Rule-Shield,5
2,2,5,0.0,0.0,0.6677499,0.6677499,0.9999999999985024,0.0,0.0,0.0,0.0,0.6,0,5,28570,PF,Fixed-UCB-1sigma-Shield,5
2,2,5,0.0,0.0,0.6677499,0.6677499,0.9999999999985024,0.0,0.0,0.0,0.0,0.6,0,5,28570,PF,Fixed-UCB-1.64sigma-Shield,5
4,4,5,0.0,0.0,0.76313806,0.76313806,0.9999999999986896,0.0,0.0,0.0,0.0,0.6,0,5,28570,Greedy-SLA,Full-CertiTwin-q90,5
4,4,5,0.0,0.0,0.76313806,0.76313806,0.9999999999986896,0.0,0.0,0.0,0.0,0.6,0,5,28570,Greedy-SLA,SLA-Rule-Shield,5
4,4,5,0.0,0.0,0.76313806,0.76313806,0.9999999999986896,0.0,0.0,0.0,0.0,0.6,0,5,28570,Greedy-SLA,Fixed-UCB-1sigma-Shield,5
4,4,5,0.0,0.0,0.76313806,0.76313806,0.9999999999986896,0.0,0.0,0.0,0.0,0.6,0,5,28570,Greedy-SLA,Fixed-UCB-1.64sigma-Shield,5
4,4,5,0.0,0.0,0.76313806,0.76313806,0.9999999999986896,0.0,0.0,0.0,0.0,0.6,0,5,28570,DT-Top1,Full-CertiTwin-q90,5
4,4,5,0.0,0.0,0.76313806,0.76313806,0.9999999999986896,0.0,0.0,0.0,0.0,0.6,0,5,28570,DT-Top1,SLA-Rule-Shield,5
4,4,5,0.0,0.0,0.76313806,0.76313806,0.9999999999986896,0.0,0.0,0.0,0.0,0.6,0,5,28570,DT-Top1,Fixed-UCB-1sigma-Shield,5
4,4,5,0.0,0.0,0.76313806,0.76313806,0.9999999999986896,0.0,0.0,0.0,0.0,0.6,0,5,28570,DT-Top1,Fixed-UCB-1.64sigma-Shield,5
2,2,5,0.0,0.0,0.65129316,0.65129316,0.9999999999984648,0.0,0.0,0.0,0.0,0.6,0,5,19310,PF,Full-CertiTwin-q90,5
2,2,5,0.0,0.0,0.65129316,0.65129316,0.9999999999984648,0.0,0.0,0.0,0.0,0.6,0,5,19310,PF,SLA-Rule-Shield,5
2,2,5,0.0,0.0,0.65129316,0.65129316,0.9999999999984648,0.0,0.0,0.0,0.0,0.6,0,5,19310,PF,Fixed-UCB-1sigma-Shield,5
2,2,5,0.0,0.0,0.65129316,0.65129316,0.9999999999984648,0.0,0.0,0.0,0.0,0.6,0,5,19310,PF,Fixed-UCB-1.64sigma-Shield,5
4,4,5,0.0,0.0,0.76313806,0.76313806,0.9999999999986896,0.0,0.0,0.0,0.0,0.6,0,5,19310,Greedy-SLA,Full-CertiTwin-q90,5
4,4,5,0.0,0.0,0.76313806,0.76313806,0.9999999999986896,0.0,0.0,0.0,0.0,0.6,0,5,19310,Greedy-SLA,SLA-Rule-Shield,5
4,4,5,0.0,0.0,0.76313806,0.76313806,0.9999999999986896,0.0,0.0,0.0,0.0,0.6,0,5,19310,Greedy-SLA,Fixed-UCB-1sigma-Shield,5
4,4,5,0.0,0.0,0.76313806,0.76313806,0.9999999999986896,0.0,0.0,0.0,0.0,0.6,0,5,19310,Greedy-SLA,Fixed-UCB-1.64sigma-Shield,5
0,2,5,1.0,0.0,0.76278657,0.65129316,0.8538340678954877,1.0,21.0,0.0,0.0,0.6,0,5,19310,DT-Top1,Full-CertiTwin-q90,5
0,4,5,1.0,0.0,0.76278657,0.76313806,1.000460797309265,1.0,57.0,0.0,0.0,0.6,0,5,19310,DT-Top1,SLA-Rule-Shield,5
0,2,5,1.0,0.0,0.76278657,0.65129316,0.8538340678954877,1.0,21.0,0.0,0.0,0.6,0,5,19310,DT-Top1,Fixed-UCB-1sigma-Shield,5
0,2,5,1.0,0.0,0.76278657,0.65129316,0.8538340678954877,1.0,21.0,0.0,0.0,0.6,0,5,19310,DT-Top1,Fixed-UCB-1.64sigma-Shield,5
2,2,5,0.0,0.0,0.6677499,0.6677499,0.9999999999985024,0.0,0.0,0.0,0.0,0.6,0,5,5713,PF,Full-CertiTwin-q90,5
2,2,5,0.0,0.0,0.6677499,0.6677499,0.9999999999985024,0.0,0.0,0.0,0.0,0.6,0,5,5713,PF,SLA-Rule-Shield,5
2,2,5,0.0,0.0,0.6677499,0.6677499,0.9999999999985024,0.0,0.0,0.0,0.0,0.6,0,5,5713,PF,Fixed-UCB-1sigma-Shield,5
2,2,5,0.0,0.0,0.6677499,0.6677499,0.9999999999985024,0.0,0.0,0.0,0.0,0.6,0,5,5713,PF,Fixed-UCB-1.64sigma-Shield,5
4,4,5,0.0,0.0,0.76313806,0.76313806,0.9999999999986896,0.0,0.0,0.0,0.0,0.6,0,5,5713,Greedy-SLA,Full-CertiTwin-q90,5
4,4,5,0.0,0.0,0.76313806,0.76313806,0.9999999999986896,0.0,0.0,0.0,0.0,0.6,0,5,5713,Greedy-SLA,SLA-Rule-Shield,5
4,4,5,0.0,0.0,0.76313806,0.76313806,0.9999999999986896,0.0,0.0,0.0,0.0,0.6,0,5,5713,Greedy-SLA,Fixed-UCB-1sigma-Shield,5
4,4,5,0.0,0.0,0.76313806,0.76313806,0.9999999999986896,0.0,0.0,0.0,0.0,0.6,0,5,5713,Greedy-SLA,Fixed-UCB-1.64sigma-Shield,5
4,4,5,0.0,0.0,0.76313806,0.76313806,0.9999999999986896,0.0,0.0,0.0,0.0,0.6,0,5,5713,DT-Top1,Full-CertiTwin-q90,5
4,4,5,0.0,0.0,0.76313806,0.76313806,0.9999999999986896,0.0,0.0,0.0,0.0,0.6,0,5,5713,DT-Top1,SLA-Rule-Shield,5
4,4,5,0.0,0.0,0.76313806,0.76313806,0.9999999999986896,0.0,0.0,0.0,0.0,0.6,0,5,5713,DT-Top1,Fixed-UCB-1sigma-Shield,5
4,4,5,0.0,0.0,0.76313806,0.76313806,0.9999999999986896,0.0,0.0,0.0,0.0,0.6,0,5,5713,DT-Top1,Fixed-UCB-1.64sigma-Shield,5
2,2,5,0.0,0.0,0.7186651,0.7186651,0.9999999999986086,0.0,0.0,0.0,0.0,0.6,0,5,11048,PF,Full-CertiTwin-q90,5
2,2,5,0.0,0.0,0.7186651,0.7186651,0.9999999999986086,0.0,0.0,0.0,0.0,0.6,0,5,11048,PF,SLA-Rule-Shield,5
2,2,5,0.0,0.0,0.7186651,0.7186651,0.9999999999986086,0.0,0.0,0.0,0.0,0.6,0,5,11048,PF,Fixed-UCB-1sigma-Shield,5
2,2,5,0.0,0.0,0.7186651,0.7186651,0.9999999999986086,0.0,0.0,0.0,0.0,0.6,0,5,11048,PF,Fixed-UCB-1.64sigma-Shield,5
4,4,5,0.0,0.0,0.76313806,0.76313806,0.9999999999986896,0.0,0.0,0.0,0.0,0.6,0,5,11048,Greedy-SLA,Full-CertiTwin-q90,5
4,4,5,0.0,0.0,0.76313806,0.76313806,0.9999999999986896,0.0,0.0,0.0,0.0,0.6,0,5,11048,Greedy-SLA,SLA-Rule-Shield,5
4,4,5,0.0,0.0,0.76313806,0.76313806,0.9999999999986896,0.0,0.0,0.0,0.0,0.6,0,5,11048,Greedy-SLA,Fixed-UCB-1sigma-Shield,5
4,4,5,0.0,0.0,0.76313806,0.76313806,0.9999999999986896,0.0,0.0,0.0,0.0,0.6,0,5,11048,Greedy-SLA,Fixed-UCB-1.64sigma-Shield,5
0,2,5,1.0,0.0,0.76278657,0.7186651,0.942157515960274,1.0,21.0,0.0,0.0,0.6,0,5,11048,DT-Top1,Full-CertiTwin-q90,5
0,4,5,1.0,0.0,0.76278657,0.76313806,1.000460797309265,1.0,57.0,0.0,0.0,0.6,0,5,11048,DT-Top1,SLA-Rule-Shield,5
0,2,5,1.0,0.0,0.76278657,0.7186651,0.942157515960274,1.0,21.0,0.0,0.0,0.6,0,5,11048,DT-Top1,Fixed-UCB-1sigma-Shield,5
0,2,5,1.0,0.0,0.76278657,0.7186651,0.942157515960274,1.0,21.0,0.0,0.0,0.6,0,5,11048,DT-Top1,Fixed-UCB-1.64sigma-Shield,5
2,2,5,0.0,0.0,0.6677499,0.6677499,0.9999999999985024,0.0,0.0,0.0,0.0,0.6,0,5,17209,PF,Full-CertiTwin-q90,5
2,2,5,0.0,0.0,0.6677499,0.6677499,0.9999999999985024,0.0,0.0,0.0,0.0,0.6,0,5,17209,PF,SLA-Rule-Shield,5
2,2,5,0.0,0.0,0.6677499,0.6677499,0.9999999999985024,0.0,0.0,0.0,0.0,0.6,0,5,17209,PF,Fixed-UCB-1sigma-Shield,5
2,2,5,0.0,0.0,0.6677499,0.6677499,0.9999999999985024,0.0,0.0,0.0,0.0,0.6,0,5,17209,PF,Fixed-UCB-1.64sigma-Shield,5
4,4,5,0.0,0.0,0.76313806,0.76313806,0.9999999999986896,0.0,0.0,0.0,0.0,0.6,0,5,17209,Greedy-SLA,Full-CertiTwin-q90,5
4,4,5,0.0,0.0,0.76313806,0.76313806,0.9999999999986896,0.0,0.0,0.0,0.0,0.6,0,5,17209,Greedy-SLA,SLA-Rule-Shield,5
4,4,5,0.0,0.0,0.76313806,0.76313806,0.9999999999986896,0.0,0.0,0.0,0.0,0.6,0,5,17209,Greedy-SLA,Fixed-UCB-1sigma-Shield,5
4,4,5,0.0,0.0,0.76313806,0.76313806,0.9999999999986896,0.0,0.0,0.0,0.0,0.6,0,5,17209,Greedy-SLA,Fixed-UCB-1.64sigma-Shield,5
0,2,5,1.0,0.0,0.76278657,0.6677499,0.875408569397236,1.0,21.0,0.0,0.0,0.6,0,5,17209,DT-Top1,Full-CertiTwin-q90,5
0,4,5,1.0,0.0,0.76278657,0.76313806,1.000460797309265,1.0,57.0,0.0,0.0,0.6,0,5,17209,DT-Top1,SLA-Rule-Shield,5
0,2,5,1.0,0.0,0.76278657,0.6677499,0.875408569397236,1.0,21.0,0.0,0.0,0.6,0,5,17209,DT-Top1,Fixed-UCB-1sigma-Shield,5
0,2,5,1.0,0.0,0.76278657,0.6677499,0.875408569397236,1.0,21.0,0.0,0.0,0.6,0,5,17209,DT-Top1,Fixed-UCB-1.64sigma-Shield,5
2,2,5,0.0,0.0,0.6682329,0.6682329,0.9999999999985036,0.0,0.0,0.0,0.0,0.6,0,5,53020,PF,Full-CertiTwin-q90,5
2,2,5,0.0,0.0,0.6682329,0.6682329,0.9999999999985036,0.0,0.0,0.0,0.0,0.6,0,5,53020,PF,SLA-Rule-Shield,5
2,2,5,0.0,0.0,0.6682329,0.6682329,0.9999999999985036,0.0,0.0,0.0,0.0,0.6,0,5,53020,PF,Fixed-UCB-1sigma-Shield,5
2,2,5,0.0,0.0,0.6682329,0.6682329,0.9999999999985036,0.0,0.0,0.0,0.0,0.6,0,5,53020,PF,Fixed-UCB-1.64sigma-Shield,5
4,4,5,0.0,0.0,0.76313806,0.76313806,0.9999999999986896,0.0,0.0,0.0,0.0,0.6,0,5,53020,Greedy-SLA,Full-CertiTwin-q90,5
4,4,5,0.0,0.0,0.76313806,0.76313806,0.9999999999986896,0.0,0.0,0.0,0.0,0.6,0,5,53020,Greedy-SLA,SLA-Rule-Shield,5
4,4,5,0.0,0.0,0.76313806,0.76313806,0.9999999999986896,0.0,0.0,0.0,0.0,0.6,0,5,53020,Greedy-SLA,Fixed-UCB-1sigma-Shield,5
4,4,5,0.0,0.0,0.76313806,0.76313806,0.9999999999986896,0.0,0.0,0.0,0.0,0.6,0,5,53020,Greedy-SLA,Fixed-UCB-1.64sigma-Shield,5
0,2,5,1.0,0.0,0.76278657,0.6682329,0.8760417740431953,1.0,21.0,0.0,0.0,0.6,0,5,53020,DT-Top1,Full-CertiTwin-q90,5
0,4,5,1.0,0.0,0.76278657,0.76313806,1.000460797309265,1.0,57.0,0.0,0.0,0.6,0,5,53020,DT-Top1,SLA-Rule-Shield,5
0,2,5,1.0,0.0,0.76278657,0.6682329,0.8760417740431953,1.0,21.0,0.0,0.0,0.6,0,5,53020,DT-Top1,Fixed-UCB-1sigma-Shield,5
0,2,5,1.0,0.0,0.76278657,0.6682329,0.8760417740431953,1.0,21.0,0.0,0.0,0.6,0,5,53020,DT-Top1,Fixed-UCB-1.64sigma-Shield,5
2,2,5,0.0,0.0,0.6682329,0.6682329,0.9999999999985036,0.0,0.0,0.0,0.0,0.6,0,5,19018,PF,Full-CertiTwin-q90,5
2,2,5,0.0,0.0,0.6682329,0.6682329,0.9999999999985036,0.0,0.0,0.0,0.0,0.6,0,5,19018,PF,SLA-Rule-Shield,5
2,2,5,0.0,0.0,0.6682329,0.6682329,0.9999999999985036,0.0,0.0,0.0,0.0,0.6,0,5,19018,PF,Fixed-UCB-1sigma-Shield,5
2,2,5,0.0,0.0,0.6682329,0.6682329,0.9999999999985036,0.0,0.0,0.0,0.0,0.6,0,5,19018,PF,Fixed-UCB-1.64sigma-Shield,5
0,2,5,1.0,0.0,0.76278657,0.6682329,0.8760417740431953,1.0,21.0,0.0,0.0,0.6,0,5,19018,Greedy-SLA,Full-CertiTwin-q90,5
0,4,5,1.0,0.0,0.76278657,0.76313806,1.000460797309265,1.0,57.0,0.0,0.0,0.6,0,5,19018,Greedy-SLA,SLA-Rule-Shield,5
0,2,5,1.0,0.0,0.76278657,0.6682329,0.8760417740431953,1.0,21.0,0.0,0.0,0.6,0,5,19018,Greedy-SLA,Fixed-UCB-1sigma-Shield,5
0,2,5,1.0,0.0,0.76278657,0.6682329,0.8760417740431953,1.0,21.0,0.0,0.0,0.6,0,5,19018,Greedy-SLA,Fixed-UCB-1.64sigma-Shield,5
0,2,5,1.0,0.0,0.76278657,0.6682329,0.8760417740431953,1.0,21.0,0.0,0.0,0.6,0,5,19018,DT-Top1,Full-CertiTwin-q90,5
0,4,5,1.0,0.0,0.76278657,0.76313806,1.000460797309265,1.0,57.0,0.0,0.0,0.6,0,5,19018,DT-Top1,SLA-Rule-Shield,5
0,2,5,1.0,0.0,0.76278657,0.6682329,0.8760417740431953,1.0,21.0,0.0,0.0,0.6,0,5,19018,DT-Top1,Fixed-UCB-1sigma-Shield,5
0,2,5,1.0,0.0,0.76278657,0.6682329,0.8760417740431953,1.0,21.0,0.0,0.0,0.6,0,5,19018,DT-Top1,Fixed-UCB-1.64sigma-Shield,5
2,2,5,0.0,0.0,0.6677499,0.6677499,0.9999999999985024,0.0,0.0,0.0,0.0,0.6,0,5,35223,PF,Full-CertiTwin-q90,5
2,2,5,0.0,0.0,0.6677499,0.6677499,0.9999999999985024,0.0,0.0,0.0,0.0,0.6,0,5,35223,PF,SLA-Rule-Shield,5
2,2,5,0.0,0.0,0.6677499,0.6677499,0.9999999999985024,0.0,0.0,0.0,0.0,0.6,0,5,35223,PF,Fixed-UCB-1sigma-Shield,5
2,2,5,0.0,0.0,0.6677499,0.6677499,0.9999999999985024,0.0,0.0,0.0,0.0,0.6,0,5,35223,PF,Fixed-UCB-1.64sigma-Shield,5
4,4,5,0.0,0.0,0.76313806,0.76313806,0.9999999999986896,0.0,0.0,0.0,0.0,0.6,0,5,35223,Greedy-SLA,Full-CertiTwin-q90,5
4,4,5,0.0,0.0,0.76313806,0.76313806,0.9999999999986896,0.0,0.0,0.0,0.0,0.6,0,5,35223,Greedy-SLA,SLA-Rule-Shield,5
4,4,5,0.0,0.0,0.76313806,0.76313806,0.9999999999986896,0.0,0.0,0.0,0.0,0.6,0,5,35223,Greedy-SLA,Fixed-UCB-1sigma-Shield,5
4,4,5,0.0,0.0,0.76313806,0.76313806,0.9999999999986896,0.0,0.0,0.0,0.0,0.6,0,5,35223,Greedy-SLA,Fixed-UCB-1.64sigma-Shield,5
0,2,5,1.0,0.0,0.76278657,0.6677499,0.875408569397236,1.0,21.0,0.0,0.0,0.6,0,5,35223,DT-Top1,Full-CertiTwin-q90,5
0,4,5,1.0,0.0,0.76278657,0.76313806,1.000460797309265,1.0,57.0,0.0,0.0,0.6,0,5,35223,DT-Top1,SLA-Rule-Shield,5
0,2,5,1.0,0.0,0.76278657,0.6677499,0.875408569397236,1.0,21.0,0.0,0.0,0.6,0,5,35223,DT-Top1,Fixed-UCB-1sigma-Shield,5
0,2,5,1.0,0.0,0.76278657,0.6677499,0.875408569397236,1.0,21.0,0.0,0.0,0.6,0,5,35223,DT-Top1,Fixed-UCB-1.64sigma-Shield,5
2,2,5,0.0,0.0,0.6677499,0.6677499,0.9999999999985024,0.0,0.0,0.0,0.0,0.6,0,5,31963,PF,Full-CertiTwin-q90,5
2,2,5,0.0,0.0,0.6677499,0.6677499,0.9999999999985024,0.0,0.0,0.0,0.0,0.6,0,5,31963,PF,SLA-Rule-Shield,5
2,2,5,0.0,0.0,0.6677499,0.6677499,0.9999999999985024,0.0,0.0,0.0,0.0,0.6,0,5,31963,PF,Fixed-UCB-1sigma-Shield,5
2,2,5,0.0,0.0,0.6677499,0.6677499,0.9999999999985024,0.0,0.0,0.0,0.0,0.6,0,5,31963,PF,Fixed-UCB-1.64sigma-Shield,5
4,4,5,0.0,0.0,0.76313806,0.76313806,0.9999999999986896,0.0,0.0,0.0,0.0,0.6,0,5,31963,Greedy-SLA,Full-CertiTwin-q90,5
4,4,5,0.0,0.0,0.76313806,0.76313806,0.9999999999986896,0.0,0.0,0.0,0.0,0.6,0,5,31963,Greedy-SLA,SLA-Rule-Shield,5
4,4,5,0.0,0.0,0.76313806,0.76313806,0.9999999999986896,0.0,0.0,0.0,0.0,0.6,0,5,31963,Greedy-SLA,Fixed-UCB-1sigma-Shield,5
4,4,5,0.0,0.0,0.76313806,0.76313806,0.9999999999986896,0.0,0.0,0.0,0.0,0.6,0,5,31963,Greedy-SLA,Fixed-UCB-1.64sigma-Shield,5
0,2,5,1.0,0.0,0.77741534,0.6677499,0.8589358424534574,1.0,21.0,0.0,0.0,0.6,0,5,31963,DT-Top1,Full-CertiTwin-q90,5
0,4,5,1.0,0.0,0.77741534,0.76313806,0.981634939180668,1.0,57.0,0.0,0.0,0.6,0,5,31963,DT-Top1,SLA-Rule-Shield,5
0,2,5,1.0,0.0,0.77741534,0.6677499,0.8589358424534574,1.0,21.0,0.0,0.0,0.6,0,5,31963,DT-Top1,Fixed-UCB-1sigma-Shield,5
0,2,5,1.0,0.0,0.77741534,0.6677499,0.8589358424534574,1.0,21.0,0.0,0.0,0.6,0,5,31963,DT-Top1,Fixed-UCB-1.64sigma-Shield,5
2,2,5,0.0,0.0,0.6677499,0.6677499,0.9999999999985024,0.0,0.0,0.0,0.0,0.6,0,5,28639,PF,Full-CertiTwin-q90,5
2,2,5,0.0,0.0,0.6677499,0.6677499,0.9999999999985024,0.0,0.0,0.0,0.0,0.6,0,5,28639,PF,SLA-Rule-Shield,5
2,2,5,0.0,0.0,0.6677499,0.6677499,0.9999999999985024,0.0,0.0,0.0,0.0,0.6,0,5,28639,PF,Fixed-UCB-1sigma-Shield,5
2,2,5,0.0,0.0,0.6677499,0.6677499,0.9999999999985024,0.0,0.0,0.0,0.0,0.6,0,5,28639,PF,Fixed-UCB-1.64sigma-Shield,5
4,4,5,0.0,0.0,0.76313806,0.76313806,0.9999999999986896,0.0,0.0,0.0,0.0,0.6,0,5,28639,Greedy-SLA,Full-CertiTwin-q90,5
4,4,5,0.0,0.0,0.76313806,0.76313806,0.9999999999986896,0.0,0.0,0.0,0.0,0.6,0,5,28639,Greedy-SLA,SLA-Rule-Shield,5
4,4,5,0.0,0.0,0.76313806,0.76313806,0.9999999999986896,0.0,0.0,0.0,0.0,0.6,0,5,28639,Greedy-SLA,Fixed-UCB-1sigma-Shield,5
4,4,5,0.0,0.0,0.76313806,0.76313806,0.9999999999986896,0.0,0.0,0.0,0.0,0.6,0,5,28639,Greedy-SLA,Fixed-UCB-1.64sigma-Shield,5
0,2,5,1.0,0.0,0.76278657,0.6677499,0.875408569397236,1.0,21.0,0.0,0.0,0.6,0,5,28639,DT-Top1,Full-CertiTwin-q90,5
0,4,5,1.0,0.0,0.76278657,0.76313806,1.000460797309265,1.0,57.0,0.0,0.0,0.6,0,5,28639,DT-Top1,SLA-Rule-Shield,5
0,2,5,1.0,0.0,0.76278657,0.6677499,0.875408569397236,1.0,21.0,0.0,0.0,0.6,0,5,28639,DT-Top1,Fixed-UCB-1sigma-Shield,5
0,2,5,1.0,0.0,0.76278657,0.6677499,0.875408569397236,1.0,21.0,0.0,0.0,0.6,0,5,28639,DT-Top1,Fixed-UCB-1.64sigma-Shield,5
2,2,5,0.0,0.0,0.6677499,0.6677499,0.9999999999985024,0.0,0.0,0.0,0.0,0.6,0,5,52902,PF,Full-CertiTwin-q90,5
2,2,5,0.0,0.0,0.6677499,0.6677499,0.9999999999985024,0.0,0.0,0.0,0.0,0.6,0,5,52902,PF,SLA-Rule-Shield,5
2,2,5,0.0,0.0,0.6677499,0.6677499,0.9999999999985024,0.0,0.0,0.0,0.0,0.6,0,5,52902,PF,Fixed-UCB-1sigma-Shield,5
2,2,5,0.0,0.0,0.6677499,0.6677499,0.9999999999985024,0.0,0.0,0.0,0.0,0.6,0,5,52902,PF,Fixed-UCB-1.64sigma-Shield,5
4,4,5,0.0,0.0,0.76313806,0.76313806,0.9999999999986896,0.0,0.0,0.0,0.0,0.6,0,5,52902,Greedy-SLA,Full-CertiTwin-q90,5
4,4,5,0.0,0.0,0.76313806,0.76313806,0.9999999999986896,0.0,0.0,0.0,0.0,0.6,0,5,52902,Greedy-SLA,SLA-Rule-Shield,5
4,4,5,0.0,0.0,0.76313806,0.76313806,0.9999999999986896,0.0,0.0,0.0,0.0,0.6,0,5,52902,Greedy-SLA,Fixed-UCB-1sigma-Shield,5
4,4,5,0.0,0.0,0.76313806,0.76313806,0.9999999999986896,0.0,0.0,0.0,0.0,0.6,0,5,52902,Greedy-SLA,Fixed-UCB-1.64sigma-Shield,5
0,2,5,1.0,0.0,0.77741534,0.6677499,0.8589358424534574,1.0,21.0,0.0,0.0,0.6,0,5,52902,DT-Top1,Full-CertiTwin-q90,5
0,4,5,1.0,0.0,0.77741534,0.76313806,0.981634939180668,1.0,57.0,0.0,0.0,0.6,0,5,52902,DT-Top1,SLA-Rule-Shield,5
0,2,5,1.0,0.0,0.77741534,0.6677499,0.8589358424534574,1.0,21.0,0.0,0.0,0.6,0,5,52902,DT-Top1,Fixed-UCB-1sigma-Shield,5
0,2,5,1.0,0.0,0.77741534,0.6677499,0.8589358424534574,1.0,21.0,0.0,0.0,0.6,0,5,52902,DT-Top1,Fixed-UCB-1.64sigma-Shield,5
2,2,5,0.0,0.0,0.6677499,0.6677499,0.9999999999985024,0.0,0.0,0.0,0.0,0.6,0,5,36796,PF,Full-CertiTwin-q90,5
2,2,5,0.0,0.0,0.6677499,0.6677499,0.9999999999985024,0.0,0.0,0.0,0.0,0.6,0,5,36796,PF,SLA-Rule-Shield,5
2,2,5,0.0,0.0,0.6677499,0.6677499,0.9999999999985024,0.0,0.0,0.0,0.0,0.6,0,5,36796,PF,Fixed-UCB-1sigma-Shield,5
2,2,5,0.0,0.0,0.6677499,0.6677499,0.9999999999985024,0.0,0.0,0.0,0.0,0.6,0,5,36796,PF,Fixed-UCB-1.64sigma-Shield,5
0,2,5,1.0,0.0,0.76278657,0.6677499,0.875408569397236,1.0,21.0,0.0,0.0,0.6,0,5,36796,Greedy-SLA,Full-CertiTwin-q90,5
0,4,5,1.0,0.0,0.76278657,0.76313806,1.000460797309265,1.0,57.0,0.0,0.0,0.6,0,5,36796,Greedy-SLA,SLA-Rule-Shield,5
0,2,5,1.0,0.0,0.76278657,0.6677499,0.875408569397236,1.0,21.0,0.0,0.0,0.6,0,5,36796,Greedy-SLA,Fixed-UCB-1sigma-Shield,5
0,2,5,1.0,0.0,0.76278657,0.6677499,0.875408569397236,1.0,21.0,0.0,0.0,0.6,0,5,36796,Greedy-SLA,Fixed-UCB-1.64sigma-Shield,5
0,2,5,1.0,0.0,0.76278657,0.6677499,0.875408569397236,1.0,21.0,0.0,0.0,0.6,0,5,36796,DT-Top1,Full-CertiTwin-q90,5
0,4,5,1.0,0.0,0.76278657,0.76313806,1.000460797309265,1.0,57.0,0.0,0.0,0.6,0,5,36796,DT-Top1,SLA-Rule-Shield,5
0,2,5,1.0,0.0,0.76278657,0.6677499,0.875408569397236,1.0,21.0,0.0,0.0,0.6,0,5,36796,DT-Top1,Fixed-UCB-1sigma-Shield,5
0,2,5,1.0,0.0,0.76278657,0.6677499,0.875408569397236,1.0,21.0,0.0,0.0,0.6,0,5,36796,DT-Top1,Fixed-UCB-1.64sigma-Shield,5
2,2,5,0.0,0.0,0.6677499,0.6677499,0.9999999999985024,0.0,0.0,0.0,0.0,0.6,0,5,13000,PF,Full-CertiTwin-q90,5
2,2,5,0.0,0.0,0.6677499,0.6677499,0.9999999999985024,0.0,0.0,0.0,0.0,0.6,0,5,13000,PF,SLA-Rule-Shield,5
2,2,5,0.0,0.0,0.6677499,0.6677499,0.9999999999985024,0.0,0.0,0.0,0.0,0.6,0,5,13000,PF,Fixed-UCB-1sigma-Shield,5
2,2,5,0.0,0.0,0.6677499,0.6677499,0.9999999999985024,0.0,0.0,0.0,0.0,0.6,0,5,13000,PF,Fixed-UCB-1.64sigma-Shield,5
4,4,5,0.0,0.0,0.76313806,0.76313806,0.9999999999986896,0.0,0.0,0.0,0.0,0.6,0,5,13000,Greedy-SLA,Full-CertiTwin-q90,5
4,4,5,0.0,0.0,0.76313806,0.76313806,0.9999999999986896,0.0,0.0,0.0,0.0,0.6,0,5,13000,Greedy-SLA,SLA-Rule-Shield,5
4,4,5,0.0,0.0,0.76313806,0.76313806,0.9999999999986896,0.0,0.0,0.0,0.0,0.6,0,5,13000,Greedy-SLA,Fixed-UCB-1sigma-Shield,5
4,4,5,0.0,0.0,0.76313806,0.76313806,0.9999999999986896,0.0,0.0,0.0,0.0,0.6,0,5,13000,Greedy-SLA,Fixed-UCB-1.64sigma-Shield,5
4,4,5,0.0,0.0,0.76313806,0.76313806,0.9999999999986896,0.0,0.0,0.0,0.0,0.6,0,5,13000,DT-Top1,Full-CertiTwin-q90,5
4,4,5,0.0,0.0,0.76313806,0.76313806,0.9999999999986896,0.0,0.0,0.0,0.0,0.6,0,5,13000,DT-Top1,SLA-Rule-Shield,5
4,4,5,0.0,0.0,0.76313806,0.76313806,0.9999999999986896,0.0,0.0,0.0,0.0,0.6,0,5,13000,DT-Top1,Fixed-UCB-1sigma-Shield,5
4,4,5,0.0,0.0,0.76313806,0.76313806,0.9999999999986896,0.0,0.0,0.0,0.0,0.6,0,5,13000,DT-Top1,Fixed-UCB-1.64sigma-Shield,5
2,2,5,0.0,0.0,0.6677499,0.6677499,0.9999999999985024,0.0,0.0,0.0,0.0,0.6,0,5,28508,PF,Full-CertiTwin-q90,5
2,2,5,0.0,0.0,0.6677499,0.6677499,0.9999999999985024,0.0,0.0,0.0,0.0,0.6,0,5,28508,PF,SLA-Rule-Shield,5
2,2,5,0.0,0.0,0.6677499,0.6677499,0.9999999999985024,0.0,0.0,0.0,0.0,0.6,0,5,28508,PF,Fixed-UCB-1sigma-Shield,5
2,2,5,0.0,0.0,0.6677499,0.6677499,0.9999999999985024,0.0,0.0,0.0,0.0,0.6,0,5,28508,PF,Fixed-UCB-1.64sigma-Shield,5
4,4,5,0.0,0.0,0.7526786,0.7526786,0.9999999999986714,0.0,0.0,0.0,0.0,0.6,0,5,28508,Greedy-SLA,Full-CertiTwin-q90,5
4,4,5,0.0,0.0,0.7526786,0.7526786,0.9999999999986714,0.0,0.0,0.0,0.0,0.6,0,5,28508,Greedy-SLA,SLA-Rule-Shield,5
4,4,5,0.0,0.0,0.7526786,0.7526786,0.9999999999986714,0.0,0.0,0.0,0.0,0.6,0,5,28508,Greedy-SLA,Fixed-UCB-1sigma-Shield,5
4,4,5,0.0,0.0,0.7526786,0.7526786,0.9999999999986714,0.0,0.0,0.0,0.0,0.6,0,5,28508,Greedy-SLA,Fixed-UCB-1.64sigma-Shield,5
0,2,5,1.0,0.0,0.76278657,0.6677499,0.875408569397236,1.0,21.0,0.0,0.0,0.6,0,5,28508,DT-Top1,Full-CertiTwin-q90,5
0,4,5,1.0,0.0,0.76278657,0.7526786,0.9867486261576592,1.0,57.0,0.0,0.0,0.6,0,5,28508,DT-Top1,SLA-Rule-Shield,5
0,2,5,1.0,0.0,0.76278657,0.6677499,0.875408569397236,1.0,21.0,0.0,0.0,0.6,0,5,28508,DT-Top1,Fixed-UCB-1sigma-Shield,5
0,2,5,1.0,0.0,0.76278657,0.6677499,0.875408569397236,1.0,21.0,0.0,0.0,0.6,0,5,28508,DT-Top1,Fixed-UCB-1.64sigma-Shield,5
2,2,5,0.0,0.0,0.6677499,0.6677499,0.9999999999985024,0.0,0.0,0.0,0.0,0.6,0,5,15202,PF,Full-CertiTwin-q90,5
2,2,5,0.0,0.0,0.6677499,0.6677499,0.9999999999985024,0.0,0.0,0.0,0.0,0.6,0,5,15202,PF,SLA-Rule-Shield,5
2,2,5,0.0,0.0,0.6677499,0.6677499,0.9999999999985024,0.0,0.0,0.0,0.0,0.6,0,5,15202,PF,Fixed-UCB-1sigma-Shield,5
2,2,5,0.0,0.0,0.6677499,0.6677499,0.9999999999985024,0.0,0.0,0.0,0.0,0.6,0,5,15202,PF,Fixed-UCB-1.64sigma-Shield,5
4,4,5,0.0,0.0,0.76313806,0.76313806,0.9999999999986896,0.0,0.0,0.0,0.0,0.6,0,5,15202,Greedy-SLA,Full-CertiTwin-q90,5
4,4,5,0.0,0.0,0.76313806,0.76313806,0.9999999999986896,0.0,0.0,0.0,0.0,0.6,0,5,15202,Greedy-SLA,SLA-Rule-Shield,5
4,4,5,0.0,0.0,0.76313806,0.76313806,0.9999999999986896,0.0,0.0,0.0,0.0,0.6,0,5,15202,Greedy-SLA,Fixed-UCB-1sigma-Shield,5
4,4,5,0.0,0.0,0.76313806,0.76313806,0.9999999999986896,0.0,0.0,0.0,0.0,0.6,0,5,15202,Greedy-SLA,Fixed-UCB-1.64sigma-Shield,5
0,2,5,1.0,0.0,0.7592471,0.6677499,0.8794895627512053,1.0,21.0,0.0,0.0,0.6,0,5,15202,DT-Top1,Full-CertiTwin-q90,5
0,4,5,1.0,0.0,0.7592471,0.76313806,1.0051247610942404,1.0,57.0,0.0,0.0,0.6,0,5,15202,DT-Top1,SLA-Rule-Shield,5
0,2,5,1.0,0.0,0.7592471,0.6677499,0.8794895627512053,1.0,21.0,0.0,0.0,0.6,0,5,15202,DT-Top1,Fixed-UCB-1sigma-Shield,5
0,2,5,1.0,0.0,0.7592471,0.6677499,0.8794895627512053,1.0,21.0,0.0,0.0,0.6,0,5,15202,DT-Top1,Fixed-UCB-1.64sigma-Shield,5
2,2,5,0.0,0.0,0.6677499,0.6677499,0.9999999999985024,0.0,0.0,0.0,0.0,0.6,0,5,8467,PF,Full-CertiTwin-q90,5
2,2,5,0.0,0.0,0.6677499,0.6677499,0.9999999999985024,0.0,0.0,0.0,0.0,0.6,0,5,8467,PF,SLA-Rule-Shield,5
2,2,5,0.0,0.0,0.6677499,0.6677499,0.9999999999985024,0.0,0.0,0.0,0.0,0.6,0,5,8467,PF,Fixed-UCB-1sigma-Shield,5
2,2,5,0.0,0.0,0.6677499,0.6677499,0.9999999999985024,0.0,0.0,0.0,0.0,0.6,0,5,8467,PF,Fixed-UCB-1.64sigma-Shield,5
4,4,5,0.0,0.0,0.76313806,0.76313806,0.9999999999986896,0.0,0.0,0.0,0.0,0.6,0,5,8467,Greedy-SLA,Full-CertiTwin-q90,5
4,4,5,0.0,0.0,0.76313806,0.76313806,0.9999999999986896,0.0,0.0,0.0,0.0,0.6,0,5,8467,Greedy-SLA,SLA-Rule-Shield,5
4,4,5,0.0,0.0,0.76313806,0.76313806,0.9999999999986896,0.0,0.0,0.0,0.0,0.6,0,5,8467,Greedy-SLA,Fixed-UCB-1sigma-Shield,5
4,4,5,0.0,0.0,0.76313806,0.76313806,0.9999999999986896,0.0,0.0,0.0,0.0,0.6,0,5,8467,Greedy-SLA,Fixed-UCB-1.64sigma-Shield,5
