synthetic_k,repetition,candidate_group_id,controller,output_handling_ms,certificate_filtering_ms,projection_ms,total_ms,fallback,safe_candidate_ratio,action_distance,raw_idx,exec_idx
5,0,0,PF,0.001800013706088,0.0132001005113124,0.0010000076144933,0.0160001218318939,0.0,0.6,0.0,2,2
5,0,0,Greedy-SLA,0.0016000121831893,0.0129998661577701,0.0009001232683658,0.0155000016093254,0.0,0.6,0.0,4,4
5,0,0,DT-Top1,0.0015001278370618,0.0130999833345413,0.020399922505021,0.0350000336766243,0.0,0.6,21.0,0,2
5,0,1,PF,0.001800013706088,0.0128999818116426,0.0010000076144933,0.015700003132224,0.0,0.6,0.0,2,2
5,0,1,Greedy-SLA,0.0025001354515552,0.0205000396817922,0.0014998950064182,0.0245000701397657,0.0,0.6,0.0,4,4
5,0,1,DT-Top1,0.0024999026209115,0.0205999240279197,0.031700124964118,0.0547999516129493,0.0,0.6,21.0,0,2
5,0,2,PF,0.0030000228434801,0.0205000396817922,0.0016000121831893,0.0251000747084617,0.0,0.6,0.0,2,2
5,0,2,Greedy-SLA,0.0023997854441404,0.0204001553356647,0.0014998950064182,0.0242998357862234,0.0,0.6,0.0,4,4
5,0,2,DT-Top1,0.0024999026209115,0.0201999209821224,0.0017001293599605,0.0243999529629945,0.0,0.6,0.0,4,4
5,0,3,PF,0.0029001384973526,0.0205000396817922,0.0014998950064182,0.024900073185563,0.0,0.6,0.0,2,2
5,0,3,Greedy-SLA,0.0026000197976827,0.0202998053282499,0.0016000121831893,0.024499837309122,0.0,0.6,0.0,4,4
5,0,3,DT-Top1,0.002400018274784,0.0201999209821224,0.0320998951792717,0.0546998344361782,0.0,0.6,21.0,0,2
5,0,4,PF,0.0029997900128364,0.020800158381462,0.0014998950064182,0.0252998434007167,0.0,0.6,0.0,2,2
5,0,4,Greedy-SLA,0.0025001354515552,0.0205999240279197,0.0318000093102455,0.0549000687897205,0.0,0.6,21.0,0,2
5,0,4,DT-Top1,0.0024999026209115,0.0204001553356647,0.0303999986499547,0.0533000566065311,0.0,0.6,21.0,0,2
5,0,5,PF,0.0030000228434801,0.0208998098969459,0.0016000121831893,0.0254998449236154,0.0,0.6,0.0,2,2
5,0,5,Greedy-SLA,0.0026000197976827,0.0209000427275896,0.0015001278370618,0.0250001903623342,0.0,0.6,0.0,4,4
5,0,5,DT-Top1,0.002400018274784,0.0201999209821224,0.0015001278370618,0.0241000670939683,0.0,0.6,0.0,4,4
5,0,6,PF,0.0029001384973526,0.0207000412046909,0.0014998950064182,0.0251000747084617,0.0,0.6,0.0,2,2
5,0,6,Greedy-SLA,0.0068999361246824,0.0426999758929014,0.0020000152289867,0.0515999272465705,0.0,0.6,0.0,4,4
5,0,6,DT-Top1,0.0029001384973526,0.0239999499171972,0.0014998950064182,0.028399983420968,0.0,0.6,0.0,4,4
5,0,7,PF,0.0028999056667089,0.0216001644730567,0.0016000121831893,0.0261000823229551,0.0,0.6,0.0,2,2
5,0,7,Greedy-SLA,0.0026999041438102,0.0213000457733869,0.0015001278370618,0.0255000777542591,0.0,0.6,0.0,4,4
5,0,7,DT-Top1,0.0026999041438102,0.0210001599043607,0.0346000306308269,0.0583000946789979,0.0,0.6,21.0,0,2
5,0,8,PF,0.0028999056667089,0.0213000457733869,0.0016998965293169,0.0258998479694128,0.0,0.6,0.0,2,2
5,0,8,Greedy-SLA,0.0026999041438102,0.0211000442504882,0.0014998950064182,0.0252998434007167,0.0,0.6,0.0,4,4
5,0,8,DT-Top1,0.0025001354515552,0.0207999255508184,0.0326000154018402,0.0559000764042139,0.0,0.6,21.0,0,2
5,0,9,PF,0.0030000228434801,0.0209999270737171,0.0016000121831893,0.0255999621003866,0.0,0.6,0.0,2,2
5,0,9,Greedy-SLA,0.0026999041438102,0.0209000427275896,0.0016000121831893,0.0251999590545892,0.0,0.6,0.0,4,4
5,0,9,DT-Top1,0.0026000197976827,0.0209000427275896,0.0015001278370618,0.0250001903623342,0.0,0.6,0.0,4,4
5,0,10,PF,0.0026999041438102,0.0209999270737171,0.0016000121831893,0.0252998434007167,0.0,0.6,0.0,2,2
5,0,10,Greedy-SLA,0.0027001369744539,0.0205999240279197,0.0014998950064182,0.0247999560087919,0.0,0.6,0.0,4,4
5,0,10,DT-Top1,0.0025001354515552,0.0206998083740472,0.0327001325786113,0.0559000764042139,0.0,0.6,21.0,0,2
5,0,11,PF,0.0027997884899377,0.0209000427275896,0.0016000121831893,0.0252998434007167,0.0,0.6,0.0,2,2
5,0,11,Greedy-SLA,0.0026999041438102,0.0211000442504882,0.0318000093102455,0.055599957704544,0.0,0.6,21.0,0,2
5,0,11,DT-Top1,0.0026000197976827,0.0205999240279197,0.0320000108331441,0.0551999546587467,0.0,0.6,21.0,0,2
5,0,12,PF,0.0030000228434801,0.0207000412046909,0.0016000121831893,0.0253000762313604,0.0,0.6,0.0,2,2
5,0,12,Greedy-SLA,0.0026000197976827,0.0207000412046909,0.0016000121831893,0.024900073185563,0.0,0.6,0.0,4,4
5,0,12,DT-Top1,0.0024999026209115,0.0213000457733869,0.031899893656373,0.0556998420506715,0.0,0.6,21.0,0,2
5,0,13,PF,0.0029001384973526,0.0209999270737171,0.0015001278370618,0.0254001934081316,0.0,0.6,0.0,2,2
5,0,13,Greedy-SLA,0.0026000197976827,0.0211000442504882,0.0014998950064182,0.0251999590545892,0.0,0.6,0.0,4,4
5,0,13,DT-Top1,0.0024999026209115,0.0205000396817922,0.0320000108331441,0.054999953135848,0.0,0.6,21.0,0,2
5,0,14,PF,0.0028000213205814,0.0215000472962856,0.0014998950064182,0.0257999636232852,0.0,0.6,0.0,2,2
5,0,14,Greedy-SLA,0.0026000197976827,0.0207000412046909,0.0016000121831893,0.024900073185563,0.0,0.6,0.0,4,4
5,0,14,DT-Top1,0.0026000197976827,0.0210001599043607,0.0312000047415494,0.054800184443593,0.0,0.6,21.0,0,2
5,0,15,PF,0.0028000213205814,0.0205999240279197,0.0016000121831893,0.0249999575316905,0.0,0.6,0.0,2,2
5,0,15,Greedy-SLA,0.0026000197976827,0.0212001614272594,0.0016000121831893,0.0254001934081316,0.0,0.6,0.0,4,4
5,0,15,DT-Top1,0.0025001354515552,0.0205000396817922,0.0320998951792717,0.0551000703126192,0.0,0.6,21.0,0,2
5,0,16,PF,0.0028000213205814,0.0209000427275896,0.0016000121831893,0.0253000762313604,0.0,0.6,0.0,2,2
5,0,16,Greedy-SLA,0.0027001369744539,0.0207999255508184,0.0016000121831893,0.0251000747084617,0.0,0.6,0.0,4,4
5,0,16,DT-Top1,0.0026000197976827,0.0206001568585634,0.0314998906105756,0.0547000672668218,0.0,0.6,21.0,0,2
5,0,17,PF,0.0030000228434801,0.0210001599043607,0.0016000121831893,0.0256001949310302,0.0,0.6,0.0,2,2
5,0,17,Greedy-SLA,0.0028000213205814,0.0212001614272594,0.0014998950064182,0.0255000777542591,0.0,0.6,0.0,4,4
5,0,17,DT-Top1,0.0026999041438102,0.0211000442504882,0.0314000062644481,0.0551999546587467,0.0,0.6,21.0,0,2
5,0,18,PF,0.0028000213205814,0.0211000442504882,0.0014998950064182,0.0253999605774879,0.0,0.6,0.0,2,2
5,0,18,Greedy-SLA,0.0026999041438102,0.0209000427275896,0.0014000106602907,0.0249999575316905,0.0,0.6,0.0,4,4
5,0,18,DT-Top1,0.0029001384973526,0.0208998098969459,0.0314000062644481,0.0551999546587467,0.0,0.6,21.0,0,2
5,0,19,PF,0.0028999056667089,0.0209000427275896,0.0016000121831893,0.0253999605774879,0.0,0.6,0.0,2,2
5,0,19,Greedy-SLA,0.0025997869670391,0.0212001614272594,0.0014000106602907,0.0251999590545892,0.0,0.6,0.0,4,4
5,0,19,DT-Top1,0.0024999026209115,0.0205999240279197,0.0015001278370618,0.0245999544858932,0.0,0.6,0.0,4,4
5,0,20,PF,0.0028000213205814,0.0209999270737171,0.0015001278370618,0.0253000762313604,0.0,0.6,0.0,2,2
5,0,20,Greedy-SLA,0.0026000197976827,0.0209000427275896,0.0014998950064182,0.0249999575316905,0.0,0.6,0.0,4,4
5,0,20,DT-Top1,0.0024999026209115,0.0207000412046909,0.0320000108331441,0.0551999546587467,0.0,0.6,21.0,0,2
5,0,21,PF,0.0055001582950353,0.0364999286830425,0.0018998980522155,0.0438999850302934,0.0,0.6,0.0,2,2
5,0,21,Greedy-SLA,0.0030000228434801,0.0242998357862234,0.0015001278370618,0.0287999864667654,0.0,0.6,0.0,4,4
5,0,21,DT-Top1,0.0026999041438102,0.0218001659959554,0.0016000121831893,0.0261000823229551,0.0,0.6,0.0,4,4
5,0,22,PF,0.0030000228434801,0.0219000503420829,0.0014998950064182,0.0263999681919813,0.0,0.6,0.0,2,2
5,0,22,Greedy-SLA,0.0010000076144933,0.0080000609159469,0.000600004568696,0.0096000730991363,0.0,0.6,0.0,4,4
5,0,22,DT-Top1,0.0010000076144933,0.0168001279234886,0.0350999180227518,0.0529000535607337,0.0,0.6,21.0,0,2
5,0,23,PF,0.0030000228434801,0.0213000457733869,0.0016000121831893,0.0259000808000564,0.0,0.6,0.0,2,2
5,0,23,Greedy-SLA,0.0024999026209115,0.0209999270737171,0.0015001278370618,0.0249999575316905,0.0,0.6,0.0,4,4
5,0,23,DT-Top1,0.0026999041438102,0.0207999255508184,0.0322000123560428,0.0556998420506715,0.0,0.6,21.0,0,2
5,0,24,PF,0.0028999056667089,0.0209000427275896,0.0016000121831893,0.0253999605774879,0.0,0.6,0.0,2,2
5,0,24,Greedy-SLA,0.0026000197976827,0.0216001644730567,0.0014998950064182,0.0257000792771577,0.0,0.6,0.0,4,4
5,0,24,DT-Top1,0.0027001369744539,0.0209000427275896,0.0318000093102455,0.055400189012289,0.0,0.6,21.0,0,2
5,0,25,PF,0.0029001384973526,0.0207999255508184,0.0014998950064182,0.0251999590545892,0.0,0.6,0.0,2,2
5,0,25,Greedy-SLA,0.0026000197976827,0.0207999255508184,0.0014998950064182,0.0248998403549194,0.0,0.6,0.0,4,4
5,0,25,DT-Top1,0.0026000197976827,0.0209000427275896,0.0316000077873468,0.0551000703126192,0.0,0.6,21.0,0,2
5,0,26,PF,0.0028000213205814,0.0211999285966157,0.0016000121831893,0.0255999621003866,0.0,0.6,0.0,2,2
5,0,26,Greedy-SLA,0.0028000213205814,0.0208998098969459,0.0015001278370618,0.0251999590545892,0.0,0.6,0.0,4,4
5,0,26,DT-Top1,0.0026999041438102,0.0203000381588935,0.0316998921334743,0.0546998344361782,0.0,0.6,21.0,0,2
5,0,27,PF,0.0028999056667089,0.0209999270737171,0.0016000121831893,0.0254998449236154,0.0,0.6,0.0,2,2
5,0,27,Greedy-SLA,0.0026000197976827,0.0211000442504882,0.0014000106602907,0.0251000747084617,0.0,0.6,0.0,4,4
5,0,27,DT-Top1,0.0026000197976827,0.0211000442504882,0.0014000106602907,0.0251000747084617,0.0,0.6,0.0,4,4
5,0,28,PF,0.0030000228434801,0.0209000427275896,0.0016000121831893,0.0255000777542591,0.0,0.6,0.0,2,2
5,0,28,Greedy-SLA,0.0026999041438102,0.0211000442504882,0.0314998906105756,0.0552998390048742,0.0,0.6,21.0,0,2
5,0,28,DT-Top1,0.0026999041438102,0.0209999270737171,0.0315001234412193,0.0551999546587467,0.0,0.6,21.0,0,2
5,0,29,PF,0.0030000228434801,0.0209999270737171,0.0016000121831893,0.0255999621003866,0.0,0.6,0.0,2,2
5,0,29,Greedy-SLA,0.0026000197976827,0.0213999301195144,0.0016000121831893,0.0255999621003866,0.0,0.6,0.0,4,4
5,0,29,DT-Top1,0.0026000197976827,0.0211999285966157,0.0313001219183206,0.0551000703126192,0.0,0.6,21.0,0,2
5,0,30,PF,0.0030000228434801,0.0215000472962856,0.0016000121831893,0.0261000823229551,0.0,0.6,0.0,2,2
5,0,30,Greedy-SLA,0.0026000197976827,0.0217000488191843,0.0015001278370618,0.0258001964539289,0.0,0.6,0.0,4,4
5,0,30,DT-Top1,0.0028000213205814,0.0209999270737171,0.0016000121831893,0.0253999605774879,0.0,0.6,0.0,4,4
5,0,31,PF,0.0030000228434801,0.0211000442504882,0.0014998950064182,0.0255999621003866,0.0,0.6,0.0,2,2
5,0,31,Greedy-SLA,0.0027001369744539,0.0211999285966157,0.0014998950064182,0.0253999605774879,0.0,0.6,0.0,4,4
5,0,31,DT-Top1,0.0026999041438102,0.0210001599043607,0.0014998950064182,0.0251999590545892,0.0,0.6,0.0,4,4
5,0,32,PF,0.0030999071896076,0.0211000442504882,0.0014998950064182,0.0256998464465141,0.0,0.6,0.0,2,2
5,0,32,Greedy-SLA,0.0026000197976827,0.0211999285966157,0.0014998950064182,0.0252998434007167,0.0,0.6,0.0,4,4
5,0,32,DT-Top1,0.0026000197976827,0.0205999240279197,0.0014000106602907,0.0245999544858932,0.0,0.6,0.0,4,4
5,0,33,PF,0.0028999056667089,0.0211000442504882,0.0016000121831893,0.0255999621003866,0.0,0.6,0.0,2,2
5,0,33,Greedy-SLA,0.0026999041438102,0.0213000457733869,0.031899893656373,0.0558998435735702,0.0,0.6,21.0,0,2
5,0,33,DT-Top1,0.0026999041438102,0.0209000427275896,0.0316998921334743,0.0552998390048742,0.0,0.6,21.0,0,2
5,0,34,PF,0.0030999071896076,0.0205999240279197,0.0016000121831893,0.0252998434007167,0.0,0.6,0.0,2,2
5,0,34,Greedy-SLA,0.0026999041438102,0.0209999270737171,0.0015001278370618,0.0251999590545892,0.0,0.6,0.0,4,4
5,0,34,DT-Top1,0.0025001354515552,0.0208998098969459,0.0315001234412193,0.0549000687897205,0.0,0.6,21.0,0,2
5,0,35,PF,0.0030999071896076,0.0207999255508184,0.0015001278370618,0.0253999605774879,0.0,0.6,0.0,2,2
5,0,35,Greedy-SLA,0.0026000197976827,0.0211999285966157,0.0015001278370618,0.0253000762313604,0.0,0.6,0.0,4,4
5,0,35,DT-Top1,0.0026999041438102,0.0209999270737171,0.0321001280099153,0.0557999592274427,0.0,0.6,21.0,0,2
5,0,36,PF,0.0029001384973526,0.0209999270737171,0.0016000121831893,0.0255000777542591,0.0,0.6,0.0,2,2
5,0,36,Greedy-SLA,0.0026999041438102,0.0213000457733869,0.0015001278370618,0.0255000777542591,0.0,0.6,0.0,4,4
5,0,36,DT-Top1,0.0025001354515552,0.0207999255508184,0.0315001234412193,0.054800184443593,0.0,0.6,21.0,0,2
5,0,37,PF,0.0029001384973526,0.0209000427275896,0.0016998965293169,0.0255000777542591,0.0,0.6,0.0,2,2
5,0,37,Greedy-SLA,0.0027001369744539,0.0209999270737171,0.0314000062644481,0.0551000703126192,0.0,0.6,21.0,0,2
5,0,37,DT-Top1,0.0026999041438102,0.0209000427275896,0.0309001188725233,0.0545000657439231,0.0,0.6,21.0,0,2
5,0,38,PF,0.0028000213205814,0.0207999255508184,0.0016000121831893,0.0251999590545892,0.0,0.6,0.0,2,2
5,0,38,Greedy-SLA,0.0026000197976827,0.0211000442504882,0.0016000121831893,0.0253000762313604,0.0,0.6,0.0,4,4
5,0,38,DT-Top1,0.0028000213205814,0.0209000427275896,0.0316998921334743,0.0553999561816453,0.0,0.6,21.0,0,2
5,0,39,PF,0.0032000243663787,0.0210998114198446,0.0016000121831893,0.0258998479694128,0.0,0.6,0.0,2,2
5,0,39,Greedy-SLA,0.0030000228434801,0.0211999285966157,0.0016000121831893,0.0257999636232852,0.0,0.6,0.0,4,4
5,0,39,DT-Top1,0.0028000213205814,0.0216001644730567,0.0318000093102455,0.0562001951038837,0.0,0.6,21.0,0,2
5,0,40,PF,0.0029001384973526,0.0207999255508184,0.0016000121831893,0.0253000762313604,0.0,0.6,0.0,2,2
5,0,40,Greedy-SLA,0.0026000197976827,0.0211000442504882,0.0014998950064182,0.0251999590545892,0.0,0.6,0.0,4,4
5,0,40,DT-Top1,0.0028000213205814,0.0205000396817922,0.0318000093102455,0.0551000703126192,0.0,0.6,21.0,0,2
5,0,41,PF,0.0032000243663787,0.0211000442504882,0.0016000121831893,0.0259000808000564,0.0,0.6,0.0,2,2
5,0,41,Greedy-SLA,0.0026000197976827,0.0210998114198446,0.0016000121831893,0.0252998434007167,0.0,0.6,0.0,4,4
5,0,41,DT-Top1,0.0026999041438102,0.0207999255508184,0.0312000047415494,0.0546998344361782,0.0,0.6,21.0,0,2
5,0,42,PF,0.0029001384973526,0.0208998098969459,0.0016000121831893,0.0253999605774879,0.0,0.6,0.0,2,2
5,0,42,Greedy-SLA,0.0026000197976827,0.0208998098969459,0.0015001278370618,0.0249999575316905,0.0,0.6,0.0,4,4
5,0,42,DT-Top1,0.0028000213205814,0.0211999285966157,0.0313001219183206,0.0553000718355178,0.0,0.6,21.0,0,2
5,0,43,PF,0.0030000228434801,0.0209000427275896,0.0016000121831893,0.0255000777542591,0.0,0.6,0.0,2,2
5,0,43,Greedy-SLA,0.0027997884899377,0.0209000427275896,0.0015001278370618,0.0251999590545892,0.0,0.6,0.0,4,4
5,0,43,DT-Top1,0.0026999041438102,0.020800158381462,0.0312000047415494,0.0547000672668218,0.0,0.6,21.0,0,2
5,0,44,PF,0.0030000228434801,0.0207000412046909,0.0016000121831893,0.0253000762313604,0.0,0.6,0.0,2,2
5,0,44,Greedy-SLA,0.0024999026209115,0.0210001599043607,0.0016000121831893,0.0251000747084617,0.0,0.6,0.0,4,4
5,0,44,DT-Top1,0.0028000213205814,0.0205000396817922,0.0014000106602907,0.0247000716626644,0.0,0.6,0.0,4,4
5,0,45,PF,0.0029001384973526,0.0209000427275896,0.0016998965293169,0.0255000777542591,0.0,0.6,0.0,2,2
5,0,45,Greedy-SLA,0.0026999041438102,0.0207000412046909,0.0015001278370618,0.024900073185563,0.0,0.6,0.0,4,4
5,0,45,DT-Top1,0.0026999041438102,0.0207000412046909,0.0320000108331441,0.0553999561816453,0.0,0.6,21.0,0,2
5,0,46,PF,0.0031001400202512,0.0207999255508184,0.0017001293599605,0.0256001949310302,0.0,0.6,0.0,2,2
5,0,46,Greedy-SLA,0.0039001461118459,0.0250998418778181,0.0015001278370618,0.0305001158267259,0.0,0.6,0.0,4,4
5,0,46,DT-Top1,0.0028000213205814,0.0210998114198446,0.0320000108331441,0.0558998435735702,0.0,0.6,21.0,0,2
5,0,47,PF,0.0030000228434801,0.0209000427275896,0.0016000121831893,0.0255000777542591,0.0,0.6,0.0,2,2
5,0,47,Greedy-SLA,0.0027997884899377,0.0210001599043607,0.0016000121831893,0.0253999605774879,0.0,0.6,0.0,4,4
5,0,47,DT-Top1,0.0026999041438102,0.0204001553356647,0.0016000121831893,0.0247000716626644,0.0,0.6,0.0,4,4
5,0,48,PF,0.0029001384973526,0.0209000427275896,0.0016000121831893,0.0254001934081316,0.0,0.6,0.0,2,2
5,0,48,Greedy-SLA,0.0027997884899377,0.0209000427275896,0.0014000106602907,0.0250998418778181,0.0,0.6,0.0,4,4
5,0,48,DT-Top1,0.0025997869670391,0.0205000396817922,0.0315001234412193,0.0545999500900507,0.0,0.6,21.0,0,2
5,0,49,PF,0.0028999056667089,0.0212001614272594,0.0016000121831893,0.0257000792771577,0.0,0.6,0.0,2,2
5,0,49,Greedy-SLA,0.0026000197976827,0.0209999270737171,0.0015001278370618,0.0251000747084617,0.0,0.6,0.0,4,4
5,0,49,DT-Top1,0.0026999041438102,0.0206001568585634,0.0314998906105756,0.0547999516129493,0.0,0.6,21.0,0,2
5,0,50,PF,0.0028000213205814,0.0211000442504882,0.0015001278370618,0.0254001934081316,0.0,0.6,0.0,2,2
5,0,50,Greedy-SLA,0.0026000197976827,0.0207999255508184,0.0314000062644481,0.0547999516129493,0.0,0.6,21.0,0,2
5,0,50,DT-Top1,0.0026999041438102,0.020200153812766,0.0312000047415494,0.0541000626981258,0.0,0.6,21.0,0,2
5,0,51,PF,0.0030000228434801,0.0205000396817922,0.0015001278370618,0.0250001903623342,0.0,0.6,0.0,2,2
5,0,51,Greedy-SLA,0.0026999041438102,0.0204001553356647,0.0014998950064182,0.0245999544858932,0.0,0.6,0.0,4,4
5,0,51,DT-Top1,0.0024999026209115,0.0205999240279197,0.0016000121831893,0.0246998388320207,0.0,0.6,0.0,4,4
5,0,52,PF,0.0030000228434801,0.0205999240279197,0.0017001293599605,0.0253000762313604,0.0,0.6,0.0,2,2
5,0,52,Greedy-SLA,0.0027997884899377,0.0211000442504882,0.0015001278370618,0.0253999605774879,0.0,0.6,0.0,4,4
5,0,52,DT-Top1,0.0026000197976827,0.0205000396817922,0.0014998950064182,0.0245999544858932,0.0,0.6,0.0,4,4
5,0,53,PF,0.0030000228434801,0.0205000396817922,0.0016998965293169,0.0251999590545892,0.0,0.6,0.0,2,2
5,0,53,Greedy-SLA,0.0026999041438102,0.0209000427275896,0.0015001278370618,0.0251000747084617,0.0,0.6,0.0,4,4
5,0,53,DT-Top1,0.0026000197976827,0.0203000381588935,0.0316000077873468,0.0545000657439231,0.0,0.6,21.0,0,2
5,0,54,PF,0.0030999071896076,0.2181001473218202,0.0016998965293169,0.2228999510407447,0.0,0.6,0.0,2,2
5,0,54,Greedy-SLA,0.0020998995751142,0.0161000061780214,0.0010000076144933,0.019199913367629,0.0,0.6,0.0,4,4
5,0,54,DT-Top1,0.0017001293599605,0.013899989426136,0.0008998904377222,0.0165000092238187,0.0,0.6,0.0,4,4
5,0,55,PF,0.0018998980522155,0.0496001448482275,0.0010998919606208,0.0525999348610639,0.0,0.6,0.0,2,2
5,0,55,Greedy-SLA,0.0044999178498983,0.0259999651461839,0.001200009137392,0.0316998921334743,0.0,0.6,0.0,4,4
5,0,55,DT-Top1,0.0018998980522155,0.015099998563528,0.0011001247912645,0.0181000214070081,0.0,0.6,0.0,4,4
5,0,56,PF,0.001999782398343,0.0142001081258058,0.0010000076144933,0.0171998981386423,0.0,0.6,0.0,2,2
5,0,56,Greedy-SLA,0.002400018274784,0.0176001340150833,0.0010998919606208,0.0211000442504882,0.0,0.6,0.0,4,4
5,0,56,DT-Top1,0.0020998995751142,0.0167000107467174,0.0010000076144933,0.019799917936325,0.0,0.6,0.0,4,4
5,0,57,PF,0.0022000167518854,0.0159000046551227,0.001200009137392,0.0193000305444002,0.0,0.6,0.0,2,2
5,0,57,Greedy-SLA,0.001800013706088,0.0133998692035675,0.0010000076144933,0.0161998905241489,0.0,0.6,0.0,4,4
5,0,57,DT-Top1,0.001800013706088,0.0134999863803386,0.0009001232683658,0.0162001233547925,0.0,0.6,0.0,4,4
5,0,58,PF,0.0020000152289867,0.0134999863803386,0.0010000076144933,0.0165000092238187,0.0,0.6,0.0,2,2
5,0,58,Greedy-SLA,0.0016000121831893,0.0134999863803386,0.0215999316424131,0.0366999302059412,0.0,0.6,21.0,0,2
5,0,58,DT-Top1,0.0016998965293169,0.0134999863803386,0.0200001522898674,0.0352000351995229,0.0,0.6,21.0,0,2
5,0,59,PF,0.0030000228434801,0.0215000472962856,0.0015001278370618,0.0260001979768276,0.0,0.6,0.0,2,2
5,0,59,Greedy-SLA,0.0028000213205814,0.0215000472962856,0.0015001278370618,0.0258001964539289,0.0,0.6,0.0,4,4
5,0,59,DT-Top1,0.0028000213205814,0.0211999285966157,0.0014000106602907,0.0253999605774879,0.0,0.6,0.0,4,4
5,0,60,PF,0.0028999056667089,0.0213999301195144,0.0015001278370618,0.0257999636232852,0.0,0.6,0.0,2,2
5,0,60,Greedy-SLA,0.0028000213205814,0.0213999301195144,0.0015001278370618,0.0257000792771577,0.0,0.6,0.0,4,4
5,0,60,DT-Top1,0.0026999041438102,0.0211000442504882,0.031899893656373,0.0556998420506715,0.0,0.6,21.0,0,2
5,0,61,PF,0.0030000228434801,0.0211999285966157,0.0014000106602907,0.0255999621003866,0.0,0.6,0.0,2,2
5,0,61,Greedy-SLA,0.0026999041438102,0.0209000427275896,0.0014998950064182,0.0250998418778181,0.0,0.6,0.0,4,4
5,0,61,DT-Top1,0.0024999026209115,0.0207000412046909,0.0320000108331441,0.0551999546587467,0.0,0.6,21.0,0,2
5,0,62,PF,0.0031001400202512,0.0216998159885406,0.0015001278370618,0.0263000838458538,0.0,0.6,0.0,2,2
5,0,62,Greedy-SLA,0.0026000197976827,0.0212998129427433,0.0015001278370618,0.0253999605774879,0.0,0.6,0.0,4,4
5,0,62,DT-Top1,0.002400018274784,0.0210998114198446,0.0015001278370618,0.0249999575316905,0.0,0.6,0.0,4,4
5,0,63,PF,0.0028999056667089,0.0213999301195144,0.0015001278370618,0.0257999636232852,0.0,0.6,0.0,2,2
5,0,63,Greedy-SLA,0.0026999041438102,0.0211000442504882,0.0014000106602907,0.0251999590545892,0.0,0.6,0.0,4,4
5,0,63,DT-Top1,0.0028000213205814,0.0209000427275896,0.0310998875647783,0.0547999516129493,0.0,0.6,21.0,0,2
5,0,64,PF,0.0030000228434801,0.0213999301195144,0.0014000106602907,0.0257999636232852,0.0,0.6,0.0,2,2
5,0,64,Greedy-SLA,0.0026999041438102,0.0214001629501581,0.031299889087677,0.0553999561816453,0.0,0.6,21.0,0,2
5,0,64,DT-Top1,0.0026999041438102,0.0213000457733869,0.0320998951792717,0.0560998450964689,0.0,0.6,21.0,0,2
5,0,65,PF,0.0030000228434801,0.0213000457733869,0.0016000121831893,0.0259000808000564,0.0,0.6,0.0,2,2
5,0,65,Greedy-SLA,0.0026000197976827,0.0211000442504882,0.0014998950064182,0.0251999590545892,0.0,0.6,0.0,4,4
5,0,65,DT-Top1,0.0026999041438102,0.0214001629501581,0.031899893656373,0.0559999607503414,0.0,0.6,21.0,0,2
5,0,66,PF,0.0032000243663787,0.0215000472962856,0.0014998950064182,0.0261999666690826,0.0,0.6,0.0,2,2
5,0,66,Greedy-SLA,0.0028000213205814,0.0213999301195144,0.0014000106602907,0.0255999621003866,0.0,0.6,0.0,4,4
5,0,66,DT-Top1,0.0026000197976827,0.0210001599043607,0.0316000077873468,0.0552001874893903,0.0,0.6,21.0,0,2
5,0,67,PF,0.0030000228434801,0.0213999301195144,0.0016000121831893,0.0259999651461839,0.0,0.6,0.0,2,2
5,0,67,Greedy-SLA,0.0026000197976827,0.0211000442504882,0.0014998950064182,0.0251999590545892,0.0,0.6,0.0,4,4
5,0,67,DT-Top1,0.002400018274784,0.0208998098969459,0.0016000121831893,0.0248998403549194,0.0,0.6,0.0,4,4
5,0,68,PF,0.0029001384973526,0.0213999301195144,0.0014000106602907,0.0257000792771577,0.0,0.6,0.0,2,2
5,0,68,Greedy-SLA,0.0026000197976827,0.0209999270737171,0.0014998950064182,0.0250998418778181,0.0,0.6,0.0,4,4
5,0,68,DT-Top1,0.0028000213205814,0.0206998083740472,0.0014000106602907,0.0248998403549194,0.0,0.6,0.0,4,4
5,0,69,PF,0.0028999056667089,0.0211999285966157,0.0017001293599605,0.0257999636232852,0.0,0.6,0.0,2,2
5,0,69,Greedy-SLA,0.0026000197976827,0.0213999301195144,0.0016000121831893,0.0255999621003866,0.0,0.6,0.0,4,4
5,0,69,DT-Top1,0.0026000197976827,0.0209999270737171,0.0014000106602907,0.0249999575316905,0.0,0.6,0.0,4,4
5,0,70,PF,0.0030999071896076,0.0211000442504882,0.0016000121831893,0.0257999636232852,0.0,0.6,0.0,2,2
5,0,70,Greedy-SLA,0.0026999041438102,0.0213000457733869,0.0015001278370618,0.0255000777542591,0.0,0.6,0.0,4,4
5,0,70,DT-Top1,0.0026999041438102,0.0209000427275896,0.031899893656373,0.0554998405277729,0.0,0.6,21.0,0,2
5,0,71,PF,0.0028000213205814,0.0207999255508184,0.0015001278370618,0.0251000747084617,0.0,0.6,0.0,2,2
5,0,71,Greedy-SLA,0.0027001369744539,0.0207999255508184,0.0015001278370618,0.0250001903623342,0.0,0.6,0.0,4,4
5,0,71,DT-Top1,0.0026999041438102,0.020800158381462,0.0316000077873468,0.0551000703126192,0.0,0.6,21.0,0,2
5,0,72,PF,0.0028999056667089,0.0214001629501581,0.0014998950064182,0.0257999636232852,0.0,0.6,0.0,2,2
5,0,72,Greedy-SLA,0.0026000197976827,0.0211000442504882,0.0014000106602907,0.0251000747084617,0.0,0.6,0.0,4,4
5,0,72,DT-Top1,0.0025997869670391,0.0209000427275896,0.0313001219183206,0.0547999516129493,0.0,0.6,21.0,0,2
5,0,73,PF,0.0028999056667089,0.0211000442504882,0.0016000121831893,0.0255999621003866,0.0,0.6,0.0,2,2
5,0,73,Greedy-SLA,0.0026000197976827,0.0213000457733869,0.0016000121831893,0.0255000777542591,0.0,0.6,0.0,4,4
5,0,73,DT-Top1,0.0026000197976827,0.0209999270737171,0.031700124964118,0.0553000718355178,0.0,0.6,21.0,0,2
5,0,74,PF,0.0029001384973526,0.0213000457733869,0.0016000121831893,0.0258001964539289,0.0,0.6,0.0,2,2
5,0,74,Greedy-SLA,0.0027001369744539,0.0215000472962856,0.0014000106602907,0.0256001949310302,0.0,0.6,0.0,4,4
5,0,74,DT-Top1,0.0025001354515552,0.0211000442504882,0.0014998950064182,0.0251000747084617,0.0,0.6,0.0,4,4
5,0,75,PF,0.0028999056667089,0.0215000472962856,0.0016000121831893,0.0259999651461839,0.0,0.6,0.0,2,2
5,0,75,Greedy-SLA,0.0026000197976827,0.0213000457733869,0.0014000106602907,0.0253000762313604,0.0,0.6,0.0,4,4
5,0,75,DT-Top1,0.0025001354515552,0.0211000442504882,0.0014998950064182,0.0251000747084617,0.0,0.6,0.0,4,4
5,0,76,PF,0.0027001369744539,0.0211999285966157,0.0014998950064182,0.0253999605774879,0.0,0.6,0.0,2,2
5,0,76,Greedy-SLA,0.0025001354515552,0.0209999270737171,0.0014000106602907,0.024900073185563,0.0,0.6,0.0,4,4
5,0,76,DT-Top1,0.0026000197976827,0.0209000427275896,0.0014998950064182,0.0249999575316905,0.0,0.6,0.0,4,4
5,0,77,PF,0.0028999056667089,0.0211000442504882,0.0016000121831893,0.0255999621003866,0.0,0.6,0.0,2,2
5,0,77,Greedy-SLA,0.0025001354515552,0.0213999301195144,0.0014998950064182,0.0253999605774879,0.0,0.6,0.0,4,4
5,0,77,DT-Top1,0.0027001369744539,0.0214998144656419,0.0313001219183206,0.0555000733584165,0.0,0.6,21.0,0,2
5,0,78,PF,0.0029001384973526,0.0209999270737171,0.0016000121831893,0.0255000777542591,0.0,0.6,0.0,2,2
5,0,78,Greedy-SLA,0.0026000197976827,0.0209999270737171,0.0014000106602907,0.0249999575316905,0.0,0.6,0.0,4,4
5,0,78,DT-Top1,0.0026000197976827,0.0209999270737171,0.031700124964118,0.0553000718355178,0.0,0.6,21.0,0,2
5,0,79,PF,0.0027997884899377,0.0209000427275896,0.0016000121831893,0.0252998434007167,0.0,0.6,0.0,2,2
5,0,79,Greedy-SLA,0.0027001369744539,0.0208998098969459,0.0015001278370618,0.0251000747084617,0.0,0.6,0.0,4,4
5,0,79,DT-Top1,0.0026000197976827,0.0209000427275896,0.0310000032186508,0.0545000657439231,0.0,0.6,21.0,0,2
5,0,80,PF,0.0029997900128364,0.0214001629501581,0.0016000121831893,0.0259999651461839,0.0,0.6,0.0,2,2
5,0,80,Greedy-SLA,0.0026000197976827,0.0213999301195144,0.0014000106602907,0.0253999605774879,0.0,0.6,0.0,4,4
5,0,80,DT-Top1,0.0026000197976827,0.0211000442504882,0.0014000106602907,0.0251000747084617,0.0,0.6,0.0,4,4
5,0,81,PF,0.0029997900128364,0.0211000442504882,0.0015001278370618,0.0255999621003866,0.0,0.6,0.0,2,2
5,0,81,Greedy-SLA,0.0026000197976827,0.0211000442504882,0.0016998965293169,0.0253999605774879,0.0,0.6,0.0,4,4
5,0,81,DT-Top1,0.0025001354515552,0.0207999255508184,0.0014998950064182,0.0247999560087919,0.0,0.6,0.0,4,4
5,0,82,PF,0.0028999056667089,0.0211000442504882,0.0016000121831893,0.0255999621003866,0.0,0.6,0.0,2,2
5,0,82,Greedy-SLA,0.0026000197976827,0.0215000472962856,0.0014998950064182,0.0255999621003866,0.0,0.6,0.0,4,4
5,0,82,DT-Top1,0.0025001354515552,0.0212998129427433,0.0316000077873468,0.0553999561816453,0.0,0.6,21.0,0,2
5,0,83,PF,0.0029997900128364,0.0213000457733869,0.0015001278370618,0.0257999636232852,0.0,0.6,0.0,2,2
5,0,83,Greedy-SLA,0.0026999041438102,0.0216001644730567,0.0314998906105756,0.0557999592274427,0.0,0.6,21.0,0,2
5,0,83,DT-Top1,0.0026000197976827,0.0211000442504882,0.0314000062644481,0.0551000703126192,0.0,0.6,21.0,0,2
5,0,84,PF,0.0029001384973526,0.0209000427275896,0.0014998950064182,0.0253000762313604,0.0,0.6,0.0,2,2
5,0,84,Greedy-SLA,0.0025997869670391,0.0212001614272594,0.0014000106602907,0.0251999590545892,0.0,0.6,0.0,4,4
5,0,84,DT-Top1,0.0025001354515552,0.0208998098969459,0.0014000106602907,0.0247999560087919,0.0,0.6,0.0,4,4
5,0,85,PF,0.0030000228434801,0.0213000457733869,0.0014998950064182,0.0257999636232852,0.0,0.6,0.0,2,2
5,0,85,Greedy-SLA,0.0024999026209115,0.0213999301195144,0.0015001278370618,0.0253999605774879,0.0,0.6,0.0,4,4
5,0,85,DT-Top1,0.0026000197976827,0.0213000457733869,0.0314000062644481,0.0553000718355178,0.0,0.6,21.0,0,2
5,0,86,PF,0.0030000228434801,0.0211999285966157,0.0015001278370618,0.0257000792771577,0.0,0.6,0.0,2,2
5,0,86,Greedy-SLA,0.0026000197976827,0.0213000457733869,0.0014000106602907,0.0253000762313604,0.0,0.6,0.0,4,4
5,0,86,DT-Top1,0.0024999026209115,0.0211000442504882,0.0314000062644481,0.054999953135848,0.0,0.6,21.0,0,2
5,0,87,PF,0.0028999056667089,0.0214001629501581,0.0014998950064182,0.0257999636232852,0.0,0.6,0.0,2,2
5,0,87,Greedy-SLA,0.0026000197976827,0.0210001599043607,0.0014000106602907,0.0250001903623342,0.0,0.6,0.0,4,4
5,0,87,DT-Top1,0.002400018274784,0.0209000427275896,0.0014000106602907,0.0247000716626644,0.0,0.6,0.0,4,4
5,0,88,PF,0.0029001384973526,0.0209999270737171,0.0014998950064182,0.0253999605774879,0.0,0.6,0.0,2,2
5,0,88,Greedy-SLA,0.0024999026209115,0.0210001599043607,0.001399777829647,0.0248998403549194,0.0,0.6,0.0,4,4
5,0,88,DT-Top1,0.002400018274784,0.0207000412046909,0.0015001278370618,0.0246001873165369,0.0,0.6,0.0,4,4
5,0,89,PF,0.0028999056667089,0.0212001614272594,0.0014998950064182,0.0255999621003866,0.0,0.6,0.0,2,2
5,0,89,Greedy-SLA,0.0026000197976827,0.0213000457733869,0.0014000106602907,0.0253000762313604,0.0,0.6,0.0,4,4
5,0,89,DT-Top1,0.0031001400202512,0.0220998190343379,0.031700124964118,0.0569000840187072,0.0,0.6,21.0,0,2
5,0,90,PF,0.0028000213205814,0.0210001599043607,0.0014998950064182,0.0253000762313604,0.0,0.6,0.0,2,2
5,0,90,Greedy-SLA,0.0026000197976827,0.0213000457733869,0.0320998951792717,0.0559999607503414,0.0,0.6,21.0,0,2
5,0,90,DT-Top1,0.0025997869670391,0.0209000427275896,0.0316000077873468,0.0550998374819755,0.0,0.6,21.0,0,2
5,0,91,PF,0.0029001384973526,0.0209000427275896,0.0016000121831893,0.0254001934081316,0.0,0.6,0.0,2,2
5,0,91,Greedy-SLA,0.0026999041438102,0.0210001599043607,0.0014000106602907,0.0251000747084617,0.0,0.6,0.0,4,4
5,0,91,DT-Top1,0.0025001354515552,0.0206998083740472,0.0314000062644481,0.0545999500900507,0.0,0.6,21.0,0,2
5,0,92,PF,0.0029997900128364,0.0210001599043607,0.0014998950064182,0.0254998449236154,0.0,0.6,0.0,2,2
5,0,92,Greedy-SLA,0.0026000197976827,0.0209000427275896,0.0314998906105756,0.054999953135848,0.0,0.6,21.0,0,2
5,0,92,DT-Top1,0.0025001354515552,0.0206998083740472,0.0316000077873468,0.0547999516129493,0.0,0.6,21.0,0,2
5,0,93,PF,0.0028999056667089,0.0209999270737171,0.0015001278370618,0.0253999605774879,0.0,0.6,0.0,2,2
5,0,93,Greedy-SLA,0.0024999026209115,0.0213000457733869,0.0014998950064182,0.0252998434007167,0.0,0.6,0.0,4,4
5,0,93,DT-Top1,0.0026000197976827,0.0207999255508184,0.0310000032186508,0.054399948567152,0.0,0.6,21.0,0,2
5,0,94,PF,0.0028999056667089,0.0211000442504882,0.0016000121831893,0.0255999621003866,0.0,0.6,0.0,2,2
5,0,94,Greedy-SLA,0.0026999041438102,0.0211000442504882,0.0015001278370618,0.0253000762313604,0.0,0.6,0.0,4,4
5,0,94,DT-Top1,0.0026999041438102,0.020800158381462,0.0320998951792717,0.055599957704544,0.0,0.6,21.0,0,2
5,0,95,PF,0.0031001400202512,0.0209000427275896,0.0014998950064182,0.0255000777542591,0.0,0.6,0.0,2,2
5,0,95,Greedy-SLA,0.0026999041438102,0.0212001614272594,0.0316000077873468,0.0555000733584165,0.0,0.6,21.0,0,2
5,0,95,DT-Top1,0.0028000213205814,0.0211000442504882,0.0316000077873468,0.0555000733584165,0.0,0.6,21.0,0,2
5,0,96,PF,0.0028999056667089,0.0213000457733869,0.0016000121831893,0.0257999636232852,0.0,0.6,0.0,2,2
5,0,96,Greedy-SLA,0.0026000197976827,0.0211000442504882,0.0014998950064182,0.0251999590545892,0.0,0.6,0.0,4,4
5,0,96,DT-Top1,0.0024999026209115,0.020800158381462,0.0314998906105756,0.0547999516129493,0.0,0.6,21.0,0,2
5,0,97,PF,0.0028999056667089,0.0210001599043607,0.0014998950064182,0.0253999605774879,0.0,0.6,0.0,2,2
5,0,97,Greedy-SLA,0.002400018274784,0.0209999270737171,0.0015001278370618,0.024900073185563,0.0,0.6,0.0,4,4
5,0,97,DT-Top1,0.0025997869670391,0.0207000412046909,0.0311001203954219,0.054399948567152,0.0,0.6,21.0,0,2
5,0,98,PF,0.0028000213205814,0.0212001614272594,0.0016000121831893,0.0256001949310302,0.0,0.6,0.0,2,2
5,0,98,Greedy-SLA,0.0024999026209115,0.0211000442504882,0.0014000106602907,0.0249999575316905,0.0,0.6,0.0,4,4
5,0,98,DT-Top1,0.0025001354515552,0.0204998068511486,0.0320000108331441,0.054999953135848,0.0,0.6,21.0,0,2
5,0,99,PF,0.0028000213205814,0.0207000412046909,0.0014000106602907,0.024900073185563,0.0,0.6,0.0,2,2
5,0,99,Greedy-SLA,0.0024999026209115,0.0209999270737171,0.0014000106602907,0.0248998403549194,0.0,0.6,0.0,4,4
5,0,99,DT-Top1,0.002400018274784,0.0211999285966157,0.0314998906105756,0.0550998374819755,0.0,0.6,21.0,0,2
5,0,100,PF,0.0028000213205814,0.0207999255508184,0.0016000121831893,0.0251999590545892,0.0,0.6,0.0,2,2
5,0,100,Greedy-SLA,0.0026000197976827,0.0209999270737171,0.0314000062644481,0.054999953135848,0.0,0.6,21.0,0,2
5,0,100,DT-Top1,0.0026000197976827,0.0211000442504882,0.0314000062644481,0.0551000703126192,0.0,0.6,21.0,0,2
5,0,101,PF,0.0030000228434801,0.0210998114198446,0.0014000106602907,0.0254998449236154,0.0,0.6,0.0,2,2
5,0,101,Greedy-SLA,0.0027001369744539,0.0211999285966157,0.0016000121831893,0.0255000777542591,0.0,0.6,0.0,4,4
5,0,101,DT-Top1,0.0025001354515552,0.0210998114198446,0.0318000093102455,0.0553999561816453,0.0,0.6,21.0,0,2
5,0,102,PF,0.0028999056667089,0.0209000427275896,0.0016000121831893,0.0253999605774879,0.0,0.6,0.0,2,2
5,0,102,Greedy-SLA,0.0026000197976827,0.0211000442504882,0.0314998906105756,0.0551999546587467,0.0,0.6,21.0,0,2
5,0,102,DT-Top1,0.0024999026209115,0.0205000396817922,0.0312000047415494,0.0541999470442533,0.0,0.6,21.0,0,2
5,0,103,PF,0.0028999056667089,0.0213000457733869,0.0014000106602907,0.0255999621003866,0.0,0.6,0.0,2,2
5,0,103,Greedy-SLA,0.0026999041438102,0.0211000442504882,0.0014998950064182,0.0252998434007167,0.0,0.6,0.0,4,4
5,0,103,DT-Top1,0.0028000213205814,0.0208998098969459,0.0014000106602907,0.0250998418778181,0.0,0.6,0.0,4,4
5,0,104,PF,0.0028999056667089,0.0207999255508184,0.0014000106602907,0.0250998418778181,0.0,0.6,0.0,2,2
5,0,104,Greedy-SLA,0.0026000197976827,0.0209999270737171,0.0314000062644481,0.054999953135848,0.0,0.6,21.0,0,2
5,0,104,DT-Top1,0.0026999041438102,0.0207000412046909,0.0310998875647783,0.0544998329132795,0.0,0.6,21.0,0,2
5,0,105,PF,0.0030000228434801,0.0207999255508184,0.0014998950064182,0.0252998434007167,0.0,0.6,0.0,2,2
5,0,105,Greedy-SLA,0.0026000197976827,0.0211000442504882,0.0014000106602907,0.0251000747084617,0.0,0.6,0.0,4,4
5,0,105,DT-Top1,0.0025001354515552,0.0207000412046909,0.0315997749567031,0.0547999516129493,0.0,0.6,21.0,0,2
5,0,106,PF,0.0029001384973526,0.0211999285966157,0.0014998950064182,0.0255999621003866,0.0,0.6,0.0,2,2
5,0,106,Greedy-SLA,0.0026000197976827,0.0211000442504882,0.0314000062644481,0.0551000703126192,0.0,0.6,21.0,0,2
5,0,106,DT-Top1,0.0024999026209115,0.0204001553356647,0.031299889087677,0.0541999470442533,0.0,0.6,21.0,0,2
5,0,107,PF,0.0029001384973526,0.0209999270737171,0.0014998950064182,0.0253999605774879,0.0,0.6,0.0,2,2
5,0,107,Greedy-SLA,0.0026000197976827,0.0213000457733869,0.001399777829647,0.0252998434007167,0.0,0.6,0.0,4,4
5,0,107,DT-Top1,0.0026000197976827,0.0209999270737171,0.0313001219183206,0.0549000687897205,0.0,0.6,21.0,0,2
5,0,108,PF,0.0031001400202512,0.0212998129427433,0.0014000106602907,0.0257999636232852,0.0,0.6,0.0,2,2
5,0,108,Greedy-SLA,0.0027001369744539,0.0213999301195144,0.0014000106602907,0.0255000777542591,0.0,0.6,0.0,4,4
5,0,108,DT-Top1,0.0026000197976827,0.0212001614272594,0.0314000062644481,0.0552001874893903,0.0,0.6,21.0,0,2
5,0,109,PF,0.0030999071896076,0.0210001599043607,0.0014998950064182,0.0255999621003866,0.0,0.6,0.0,2,2
5,0,109,Greedy-SLA,0.0026000197976827,0.0216001644730567,0.001399777829647,0.0255999621003866,0.0,0.6,0.0,4,4
5,0,109,DT-Top1,0.0025001354515552,0.0215000472962856,0.0316000077873468,0.0556001905351877,0.0,0.6,21.0,0,2
5,0,110,PF,0.0030000228434801,0.0211999285966157,0.0014998950064182,0.0256998464465141,0.0,0.6,0.0,2,2
5,0,110,Greedy-SLA,0.0026000197976827,0.0211000442504882,0.0014000106602907,0.0251000747084617,0.0,0.6,0.0,4,4
5,0,110,DT-Top1,0.0026999041438102,0.0209000427275896,0.0014000106602907,0.0249999575316905,0.0,0.6,0.0,4,4
5,0,111,PF,0.0028000213205814,0.0211000442504882,0.0014998950064182,0.0253999605774879,0.0,0.6,0.0,2,2
5,0,111,Greedy-SLA,0.0026000197976827,0.0210001599043607,0.0014000106602907,0.0250001903623342,0.0,0.6,0.0,4,4
5,0,111,DT-Top1,0.0025001354515552,0.0211000442504882,0.031899893656373,0.0555000733584165,0.0,0.6,21.0,0,2
5,0,112,PF,0.0030000228434801,0.0210001599043607,0.0015997793525457,0.0255999621003866,0.0,0.6,0.0,2,2
5,0,112,Greedy-SLA,0.0025001354515552,0.0209999270737171,0.0014000106602907,0.024900073185563,0.0,0.6,0.0,4,4
5,0,112,DT-Top1,0.0026000197976827,0.0211000442504882,0.0314000062644481,0.0551000703126192,0.0,0.6,21.0,0,2
5,0,113,PF,0.0030000228434801,0.0214001629501581,0.0014998950064182,0.0259000808000564,0.0,0.6,0.0,2,2
5,0,113,Greedy-SLA,0.0024999026209115,0.0210001599043607,0.0014998950064182,0.0249999575316905,0.0,0.6,0.0,4,4
5,0,113,DT-Top1,0.0025001354515552,0.0211000442504882,0.0320000108331441,0.0556001905351877,0.0,0.6,21.0,0,2
5,0,114,PF,0.0028999056667089,0.0209000427275896,0.0016000121831893,0.0253999605774879,0.0,0.6,0.0,2,2
5,0,114,Greedy-SLA,0.0026000197976827,0.0210001599043607,0.0314000062644481,0.0550001859664917,0.0,0.6,21.0,0,2
5,0,114,DT-Top1,0.0026000197976827,0.0207999255508184,0.0308000016957521,0.0541999470442533,0.0,0.6,21.0,0,2
5,0,115,PF,0.0030000228434801,0.020800158381462,0.0016000121831893,0.0254001934081316,0.0,0.6,0.0,2,2
5,0,115,Greedy-SLA,0.0024999026209115,0.0209999270737171,0.0015001278370618,0.0249999575316905,0.0,0.6,0.0,4,4
5,0,115,DT-Top1,0.0025001354515552,0.3378998953849077,0.0024999026209115,0.3428999334573746,0.0,0.6,0.0,4,4
5,0,116,PF,0.0022000167518854,0.0459000002592802,0.0012998934835195,0.0493999104946851,0.0,0.6,0.0,2,2
5,0,116,Greedy-SLA,0.0020000152289867,0.0151998829096555,0.0010000076144933,0.0181999057531356,0.0,0.6,0.0,4,4
5,0,116,DT-Top1,0.0017001293599605,0.0642999075353145,0.0011001247912645,0.0671001616865396,0.0,0.6,0.0,4,4
5,0,117,PF,0.0020000152289867,0.0574998557567596,0.0014000106602907,0.0608998816460371,0.0,0.6,0.0,2,2
5,0,117,Greedy-SLA,0.0020998995751142,0.0406999606639146,0.001200009137392,0.0439998693764209,0.0,0.6,0.0,4,4
5,0,117,DT-Top1,0.001800013706088,0.0334999058395624,0.001200009137392,0.0364999286830425,0.0,0.6,0.0,4,4
5,0,118,PF,0.001800013706088,0.0149998813867568,0.0010000076144933,0.0177999027073383,0.0,0.6,0.0,2,2
5,0,118,Greedy-SLA,0.0015001278370618,0.0132999848574399,0.0010000076144933,0.0158001203089952,0.0,0.6,0.0,4,4
5,0,118,DT-Top1,0.0017001293599605,0.0129998661577701,0.0009001232683658,0.0156001187860965,0.0,0.6,0.0,4,4
5,0,119,PF,0.0020000152289867,0.0133998692035675,0.0010000076144933,0.0163998920470476,0.0,0.6,0.0,2,2
5,0,119,Greedy-SLA,0.0017001293599605,0.0131998676806688,0.0271000899374485,0.0420000869780778,0.0,0.6,21.0,0,2
5,0,119,DT-Top1,0.0016998965293169,0.0132001005113124,0.0202998053282499,0.0351998023688793,0.0,0.6,21.0,0,2
5,0,120,PF,0.0030000228434801,0.0213000457733869,0.0016000121831893,0.0259000808000564,0.0,0.6,0.0,2,2
5,0,120,Greedy-SLA,0.0026999041438102,0.0211000442504882,0.032300129532814,0.0561000779271125,0.0,0.6,21.0,0,2
5,0,120,DT-Top1,0.0026000197976827,0.0206998083740472,0.0319001264870166,0.0551999546587467,0.0,0.6,21.0,0,2
5,0,121,PF,0.0028999056667089,0.0206001568585634,0.0014998950064182,0.0249999575316905,0.0,0.6,0.0,2,2
5,0,121,Greedy-SLA,0.0026999041438102,0.0209000427275896,0.0015001278370618,0.0251000747084617,0.0,0.6,0.0,4,4
5,0,121,DT-Top1,0.0030000228434801,0.0219999346882104,0.001200009137392,0.0261999666690826,0.0,0.6,0.0,4,4
5,0,122,PF,0.0020000152289867,0.0143998768180608,0.001200009137392,0.0175999011844396,0.0,0.6,0.0,2,2
5,0,122,Greedy-SLA,0.001800013706088,0.0138001050800085,0.0010000076144933,0.0166001264005899,0.0,0.6,0.0,4,4
5,0,122,DT-Top1,0.0016998965293169,0.0134001020342111,0.0010000076144933,0.0161000061780214,0.0,0.6,0.0,4,4
5,0,123,PF,0.001800013706088,0.0132999848574399,0.0010000076144933,0.0161000061780214,0.0,0.6,0.0,2,2
5,0,123,Greedy-SLA,0.0016998965293169,0.0134001020342111,0.0010000076144933,0.0161000061780214,0.0,0.6,0.0,4,4
5,0,123,DT-Top1,0.0015001278370618,0.0130999833345413,0.0215000472962856,0.0361001584678888,0.0,0.6,21.0,0,2
5,0,124,PF,0.0019001308828592,0.0132999848574399,0.0010000076144933,0.0162001233547925,0.0,0.6,0.0,2,2
5,0,124,Greedy-SLA,0.001800013706088,0.0130999833345413,0.0265999697148799,0.0414999667555093,0.0,0.6,21.0,0,2
5,0,124,DT-Top1,0.0016000121831893,0.0209000427275896,0.0314000062644481,0.0539000611752271,0.0,0.6,21.0,0,2
5,0,125,PF,0.0030000228434801,0.0209999270737171,0.0016000121831893,0.0255999621003866,0.0,0.6,0.0,2,2
5,0,125,Greedy-SLA,0.0026000197976827,0.0213999301195144,0.0016000121831893,0.0255999621003866,0.0,0.6,0.0,4,4
5,0,125,DT-Top1,0.0026000197976827,0.0211000442504882,0.0014998950064182,0.0251999590545892,0.0,0.6,0.0,4,4
5,0,126,PF,0.0030000228434801,0.0213000457733869,0.0016000121831893,0.0259000808000564,0.0,0.6,0.0,2,2
5,0,126,Greedy-SLA,0.0024999026209115,0.0209999270737171,0.0015001278370618,0.0249999575316905,0.0,0.6,0.0,4,4
5,0,126,DT-Top1,0.0024999026209115,0.0205999240279197,0.0320000108331441,0.0550998374819755,0.0,0.6,21.0,0,2
5,0,127,PF,0.0030000228434801,0.0209999270737171,0.0015001278370618,0.0255000777542591,0.0,0.6,0.0,2,2
5,0,127,Greedy-SLA,0.0026000197976827,0.0209999270737171,0.0015001278370618,0.0251000747084617,0.0,0.6,0.0,4,4
5,0,127,DT-Top1,0.0026999041438102,0.0205999240279197,0.0015001278370618,0.0247999560087919,0.0,0.6,0.0,4,4
5,0,128,PF,0.0028000213205814,0.0211000442504882,0.0016000121831893,0.0255000777542591,0.0,0.6,0.0,2,2
5,0,128,Greedy-SLA,0.0025997869670391,0.0210001599043607,0.0014998950064182,0.0250998418778181,0.0,0.6,0.0,4,4
5,0,128,DT-Top1,0.0025001354515552,0.0206998083740472,0.0319001264870166,0.0551000703126192,0.0,0.6,21.0,0,2
5,0,129,PF,0.0028000213205814,0.0213000457733869,0.0014998950064182,0.0255999621003866,0.0,0.6,0.0,2,2
5,0,129,Greedy-SLA,0.0027001369744539,0.0207000412046909,0.0014998950064182,0.024900073185563,0.0,0.6,0.0,4,4
5,0,129,DT-Top1,0.0024999026209115,0.0203000381588935,0.0015001278370618,0.024300068616867,0.0,0.6,0.0,4,4
5,0,130,PF,0.0030000228434801,0.0213000457733869,0.0014998950064182,0.0257999636232852,0.0,0.6,0.0,2,2
5,0,130,Greedy-SLA,0.0025001354515552,0.0207000412046909,0.0015997793525457,0.0247999560087919,0.0,0.6,0.0,4,4
5,0,130,DT-Top1,0.0025001354515552,0.0207999255508184,0.0322000123560428,0.0555000733584165,0.0,0.6,21.0,0,2
5,0,131,PF,0.0028000213205814,0.0207999255508184,0.0016000121831893,0.0251999590545892,0.0,0.6,0.0,2,2
5,0,131,Greedy-SLA,0.0026000197976827,0.0206998083740472,0.0015001278370618,0.0247999560087919,0.0,0.6,0.0,4,4
5,0,131,DT-Top1,0.0026000197976827,0.020800158381462,0.0316000077873468,0.0550001859664917,0.0,0.6,21.0,0,2
5,0,132,PF,0.0028999056667089,0.0207999255508184,0.0016000121831893,0.0252998434007167,0.0,0.6,0.0,2,2
5,0,132,Greedy-SLA,0.0024999026209115,0.0209000427275896,0.0016000121831893,0.0249999575316905,0.0,0.6,0.0,4,4
5,0,132,DT-Top1,0.0025001354515552,0.0207999255508184,0.0316000077873468,0.0549000687897205,0.0,0.6,21.0,0,2
5,0,133,PF,0.0029001384973526,0.0208998098969459,0.0016000121831893,0.0253999605774879,0.0,0.6,0.0,2,2
5,0,133,Greedy-SLA,0.0026000197976827,0.0208998098969459,0.0016000121831893,0.0250998418778181,0.0,0.6,0.0,4,4
5,0,133,DT-Top1,0.0026000197976827,0.0204998068511486,0.0015001278370618,0.0245999544858932,0.0,0.6,0.0,4,4
5,0,134,PF,0.0029001384973526,0.0207999255508184,0.0016000121831893,0.0253000762313604,0.0,0.6,0.0,2,2
5,0,134,Greedy-SLA,0.0026000197976827,0.0211999285966157,0.0014000106602907,0.0251999590545892,0.0,0.6,0.0,4,4
5,0,134,DT-Top1,0.002400018274784,0.0204998068511486,0.0314000062644481,0.0542998313903808,0.0,0.6,21.0,0,2
5,0,135,PF,0.0028999056667089,0.0207999255508184,0.0016000121831893,0.0252998434007167,0.0,0.6,0.0,2,2
5,0,135,Greedy-SLA,0.0026000197976827,0.0209000427275896,0.0014998950064182,0.0249999575316905,0.0,0.6,0.0,4,4
5,0,135,DT-Top1,0.0025001354515552,0.0206998083740472,0.0014000106602907,0.0245999544858932,0.0,0.6,0.0,4,4
5,0,136,PF,0.0030000228434801,0.0207000412046909,0.0014998950064182,0.0251999590545892,0.0,0.6,0.0,2,2
5,0,136,Greedy-SLA,0.0024999026209115,0.0209000427275896,0.0014000106602907,0.0247999560087919,0.0,0.6,0.0,4,4
5,0,136,DT-Top1,0.002400018274784,0.0206998083740472,0.1040000934153795,0.1270999200642109,0.0,0.6,21.0,0,2
5,0,137,PF,0.0036000274121761,0.0253000762313604,0.0016998965293169,0.0306000001728534,0.0,0.6,0.0,2,2
5,0,137,Greedy-SLA,0.0028999056667089,0.0220001675188541,0.0016000121831893,0.0265000853687524,0.0,0.6,0.0,4,4
5,0,137,DT-Top1,0.0026999041438102,0.0217000488191843,0.0327001325786113,0.0571000855416059,0.0,0.6,21.0,0,2
5,0,138,PF,0.0030000228434801,0.0219000503420829,0.0016000121831893,0.0265000853687524,0.0,0.6,0.0,2,2
5,0,138,Greedy-SLA,0.0028000213205814,0.0211000442504882,0.0014998950064182,0.0253999605774879,0.0,0.6,0.0,4,4
5,0,138,DT-Top1,0.0028000213205814,0.0209999270737171,0.0318000093102455,0.055599957704544,0.0,0.6,21.0,0,2
5,0,139,PF,0.0030999071896076,0.0211000442504882,0.0016000121831893,0.0257999636232852,0.0,0.6,0.0,2,2
5,0,139,Greedy-SLA,0.0028999056667089,0.0213000457733869,0.0016000121831893,0.0257999636232852,0.0,0.6,0.0,4,4
5,0,139,DT-Top1,0.0028000213205814,0.0211999285966157,0.0319001264870166,0.0559000764042139,0.0,0.6,21.0,0,2
5,0,140,PF,0.0031001400202512,0.0212998129427433,0.0016000121831893,0.0259999651461839,0.0,0.6,0.0,2,2
5,0,140,Greedy-SLA,0.0028000213205814,0.0206998083740472,0.0314000062644481,0.0548998359590768,0.0,0.6,21.0,0,2
5,0,140,DT-Top1,0.0028999056667089,0.020800158381462,0.0311997719109058,0.0548998359590768,0.0,0.6,21.0,0,2
5,0,141,PF,0.0028999056667089,0.0209000427275896,0.0014998950064182,0.0252998434007167,0.0,0.6,0.0,2,2
5,0,141,Greedy-SLA,0.0028999056667089,0.0207999255508184,0.0016000121831893,0.0252998434007167,0.0,0.6,0.0,4,4
5,0,141,DT-Top1,0.0028000213205814,0.0207000412046909,0.0314998906105756,0.054999953135848,0.0,0.6,21.0,0,2
5,0,142,PF,0.0028999056667089,0.0207000412046909,0.0016000121831893,0.0251999590545892,0.0,0.6,0.0,2,2
5,0,142,Greedy-SLA,0.0028000213205814,0.0213000457733869,0.0016000121831893,0.0257000792771577,0.0,0.6,0.0,4,4
5,0,142,DT-Top1,0.0028000213205814,0.0211000442504882,0.031299889087677,0.0551999546587467,0.0,0.6,21.0,0,2
5,0,143,PF,0.0033001415431499,0.020399922505021,0.0017001293599605,0.0254001934081316,0.0,0.6,0.0,2,2
5,0,143,Greedy-SLA,0.0031001400202512,0.0209000427275896,0.0016000121831893,0.0256001949310302,0.0,0.6,0.0,4,4
5,0,143,DT-Top1,0.0027001369744539,0.0205000396817922,0.031299889087677,0.0545000657439231,0.0,0.6,21.0,0,2
5,0,144,PF,0.0030000228434801,0.0205000396817922,0.0017001293599605,0.0252001918852329,0.0,0.6,0.0,2,2
5,0,144,Greedy-SLA,0.0028000213205814,0.0207000412046909,0.0016000121831893,0.0251000747084617,0.0,0.6,0.0,4,4
5,0,144,DT-Top1,0.0028000213205814,0.0204001553356647,0.031899893656373,0.0551000703126192,0.0,0.6,21.0,0,2
5,0,145,PF,0.0030000228434801,0.020399922505021,0.0015001278370618,0.024900073185563,0.0,0.6,0.0,2,2
5,0,145,Greedy-SLA,0.0028000213205814,0.0204001553356647,0.0016000121831893,0.0248001888394355,0.0,0.6,0.0,4,4
5,0,145,DT-Top1,0.0029001384973526,0.0205999240279197,0.0316000077873468,0.0551000703126192,0.0,0.6,21.0,0,2
5,0,146,PF,0.0030000228434801,0.0207999255508184,0.0016000121831893,0.0253999605774879,0.0,0.6,0.0,2,2
5,0,146,Greedy-SLA,0.0027001369744539,0.0207999255508184,0.0016000121831893,0.0251000747084617,0.0,0.6,0.0,4,4
5,0,146,DT-Top1,0.0028000213205814,0.0206001568585634,0.0314000062644481,0.054800184443593,0.0,0.6,21.0,0,2
5,0,147,PF,0.0030999071896076,0.0211000442504882,0.0014998950064182,0.0256998464465141,0.0,0.6,0.0,2,2
5,0,147,Greedy-SLA,0.0028000213205814,0.0211000442504882,0.0014998950064182,0.0253999605774879,0.0,0.6,0.0,4,4
5,0,147,DT-Top1,0.0026999041438102,0.0205000396817922,0.0316000077873468,0.0547999516129493,0.0,0.6,21.0,0,2
5,0,148,PF,0.0030000228434801,0.0205000396817922,0.0016000121831893,0.0251000747084617,0.0,0.6,0.0,2,2
5,0,148,Greedy-SLA,0.0029001384973526,0.0207999255508184,0.0314998906105756,0.0551999546587467,0.0,0.6,21.0,0,2
5,0,148,DT-Top1,0.0028000213205814,0.0201999209821224,0.0314000062644481,0.054399948567152,0.0,0.6,21.0,0,2
5,0,149,PF,0.0030000228434801,0.0207999255508184,0.0016000121831893,0.0253999605774879,0.0,0.6,0.0,2,2
5,0,149,Greedy-SLA,0.0027001369744539,0.0208998098969459,0.0016000121831893,0.0251999590545892,0.0,0.6,0.0,4,4
5,0,149,DT-Top1,0.0028000213205814,0.0208998098969459,0.0315001234412193,0.0551999546587467,0.0,0.6,21.0,0,2
5,0,150,PF,0.0030000228434801,0.020399922505021,0.0015001278370618,0.024900073185563,0.0,0.6,0.0,2,2
5,0,150,Greedy-SLA,0.0027001369744539,0.0207999255508184,0.0016000121831893,0.0251000747084617,0.0,0.6,0.0,4,4
5,0,150,DT-Top1,0.0028000213205814,0.020399922505021,0.0016000121831893,0.0247999560087919,0.0,0.6,0.0,4,4
5,0,151,PF,0.0028999056667089,0.0205999240279197,0.0015001278370618,0.0249999575316905,0.0,0.6,0.0,2,2
5,0,151,Greedy-SLA,0.0028999056667089,0.0213000457733869,0.0014998950064182,0.0256998464465141,0.0,0.6,0.0,4,4
5,0,151,DT-Top1,0.0026999041438102,0.0209000427275896,0.0318000093102455,0.0553999561816453,0.0,0.6,21.0,0,2
5,0,152,PF,0.0030000228434801,0.0209000427275896,0.0016000121831893,0.0255000777542591,0.0,0.6,0.0,2,2
5,0,152,Greedy-SLA,0.0028000213205814,0.0211999285966157,0.0016000121831893,0.0255999621003866,0.0,0.6,0.0,4,4
5,0,152,DT-Top1,0.0027997884899377,0.0207000412046909,0.0015001278370618,0.0249999575316905,0.0,0.6,0.0,4,4
5,0,153,PF,0.0028999056667089,0.0206001568585634,0.0016000121831893,0.0251000747084617,0.0,0.6,0.0,2,2
5,0,153,Greedy-SLA,0.0028000213205814,0.0211000442504882,0.0015001278370618,0.0254001934081316,0.0,0.6,0.0,4,4
5,0,153,DT-Top1,0.0026999041438102,0.0207000412046909,0.0015001278370618,0.024900073185563,0.0,0.6,0.0,4,4
5,0,154,PF,0.0029001384973526,0.0205999240279197,0.0015001278370618,0.0250001903623342,0.0,0.6,0.0,2,2
5,0,154,Greedy-SLA,0.0029001384973526,0.0209000427275896,0.0014998950064182,0.0253000762313604,0.0,0.6,0.0,4,4
5,0,154,DT-Top1,0.0026999041438102,0.0207000412046909,0.0015001278370618,0.024900073185563,0.0,0.6,0.0,4,4
5,0,155,PF,0.0030000228434801,0.020800158381462,0.0016000121831893,0.0254001934081316,0.0,0.6,0.0,2,2
5,0,155,Greedy-SLA,0.0027001369744539,0.0207999255508184,0.0015001278370618,0.0250001903623342,0.0,0.6,0.0,4,4
5,0,155,DT-Top1,0.0028000213205814,0.0209999270737171,0.0313001219183206,0.0551000703126192,0.0,0.6,21.0,0,2
5,0,156,PF,0.0031001400202512,0.0209000427275896,0.0014998950064182,0.0255000777542591,0.0,0.6,0.0,2,2
5,0,156,Greedy-SLA,0.0028000213205814,0.0213000457733869,0.0014998950064182,0.0255999621003866,0.0,0.6,0.0,4,4
5,0,156,DT-Top1,0.0026000197976827,0.0207000412046909,0.0314000062644481,0.0547000672668218,0.0,0.6,21.0,0,2
5,0,157,PF,0.0030999071896076,0.020800158381462,0.0016998965293169,0.0255999621003866,0.0,0.6,0.0,2,2
5,0,157,Greedy-SLA,0.0028000213205814,0.0209000427275896,0.0314000062644481,0.0551000703126192,0.0,0.6,21.0,0,2
5,0,157,DT-Top1,0.0028000213205814,0.0207000412046909,0.0311001203954219,0.0546001829206943,0.0,0.6,21.0,0,2
5,0,158,PF,0.0030000228434801,0.0211000442504882,0.0014998950064182,0.0255999621003866,0.0,0.6,0.0,2,2
5,0,158,Greedy-SLA,0.0027001369744539,0.0211999285966157,0.0015001278370618,0.0254001934081316,0.0,0.6,0.0,4,4
5,0,158,DT-Top1,0.0028000213205814,0.0209000427275896,0.0316000077873468,0.0553000718355178,0.0,0.6,21.0,0,2
5,0,159,PF,0.0031001400202512,0.0207000412046909,0.0016998965293169,0.0255000777542591,0.0,0.6,0.0,2,2
5,0,159,Greedy-SLA,0.0026000197976827,0.0209000427275896,0.0015001278370618,0.0250001903623342,0.0,0.6,0.0,4,4
5,0,159,DT-Top1,0.0028999056667089,0.0206001568585634,0.0314998906105756,0.054999953135848,0.0,0.6,21.0,0,2
5,0,160,PF,0.0030999071896076,0.0207000412046909,0.0016000121831893,0.0253999605774879,0.0,0.6,0.0,2,2
5,0,160,Greedy-SLA,0.0026999041438102,0.0209000427275896,0.0015001278370618,0.0251000747084617,0.0,0.6,0.0,4,4
5,0,160,DT-Top1,0.0028000213205814,0.0204001553356647,0.0310998875647783,0.0543000642210245,0.0,0.6,21.0,0,2
5,0,161,PF,0.0030000228434801,0.0213000457733869,0.0014998950064182,0.0257999636232852,0.0,0.6,0.0,2,2
5,0,161,Greedy-SLA,0.0026000197976827,0.0212001614272594,0.0314998906105756,0.0553000718355178,0.0,0.6,21.0,0,2
5,0,161,DT-Top1,0.0024999026209115,0.0210001599043607,0.0314000062644481,0.0549000687897205,0.0,0.6,21.0,0,2
5,0,162,PF,0.0030000228434801,0.0211000442504882,0.0016000121831893,0.0257000792771577,0.0,0.6,0.0,2,2
5,0,162,Greedy-SLA,0.0026999041438102,0.0209000427275896,0.0016000121831893,0.0251999590545892,0.0,0.6,0.0,4,4
5,0,162,DT-Top1,0.0026999041438102,0.020800158381462,0.0316000077873468,0.0551000703126192,0.0,0.6,21.0,0,2
5,0,163,PF,0.0029001384973526,0.0205000396817922,0.0016000121831893,0.0250001903623342,0.0,0.6,0.0,2,2
5,0,163,Greedy-SLA,0.0026999041438102,0.0210001599043607,0.0014998950064182,0.0251999590545892,0.0,0.6,0.0,4,4
5,0,163,DT-Top1,0.0026000197976827,0.0205999240279197,0.0014000106602907,0.0245999544858932,0.0,0.6,0.0,4,4
5,0,164,PF,0.0030000228434801,0.0210001599043607,0.0014998950064182,0.0255000777542591,0.0,0.6,0.0,2,2
5,0,164,Greedy-SLA,0.0028000213205814,0.0209000427275896,0.0016000121831893,0.0253000762313604,0.0,0.6,0.0,4,4
5,0,164,DT-Top1,0.0027001369744539,0.0207000412046909,0.0310998875647783,0.0545000657439231,0.0,0.6,21.0,0,2
5,0,165,PF,0.0030999071896076,0.0211000442504882,0.0014998950064182,0.0256998464465141,0.0,0.6,0.0,2,2
5,0,165,Greedy-SLA,0.0028000213205814,0.0209000427275896,0.0016000121831893,0.0253000762313604,0.0,0.6,0.0,4,4
5,0,165,DT-Top1,0.0030999071896076,0.0217999331653118,0.0313001219183206,0.05619996227324,0.0,0.6,21.0,0,2
5,0,166,PF,0.0030000228434801,0.0211000442504882,0.0016000121831893,0.0257000792771577,0.0,0.6,0.0,2,2
5,0,166,Greedy-SLA,0.0026000197976827,0.0210001599043607,0.0015997793525457,0.0251999590545892,0.0,0.6,0.0,4,4
5,0,166,DT-Top1,0.0026999041438102,0.0205000396817922,0.0315001234412193,0.0547000672668218,0.0,0.6,21.0,0,2
5,0,167,PF,0.0032000243663787,0.0207000412046909,0.0014998950064182,0.0253999605774879,0.0,0.6,0.0,2,2
5,0,167,Greedy-SLA,0.0027001369744539,0.0211999285966157,0.0016000121831893,0.0255000777542591,0.0,0.6,0.0,4,4
5,0,167,DT-Top1,0.0026000197976827,0.020800158381462,0.0310998875647783,0.0545000657439231,0.0,0.6,21.0,0,2
5,0,168,PF,0.0034000258892774,0.0239000655710697,0.0016000121831893,0.0289001036435365,0.0,0.6,0.0,2,2
5,0,168,Greedy-SLA,0.0042999163269996,0.031700124964118,0.0016998965293169,0.0376999378204345,0.0,0.6,0.0,4,4
5,0,168,DT-Top1,0.0028000213205814,0.0233000610023736,0.0344999134540557,0.0605999957770109,0.0,0.6,21.0,0,2
5,0,169,PF,0.0032000243663787,0.0219999346882104,0.0016000121831893,0.0267999712377786,0.0,0.6,0.0,2,2
5,0,169,Greedy-SLA,0.0026000197976827,0.0215000472962856,0.0014998950064182,0.0255999621003866,0.0,0.6,0.0,4,4
5,0,169,DT-Top1,0.0026000197976827,0.0209000427275896,0.0014998950064182,0.0249999575316905,0.0,0.6,0.0,4,4
5,0,170,PF,0.0028999056667089,0.0217000488191843,0.0015001278370618,0.0261000823229551,0.0,0.6,0.0,2,2
5,0,170,Greedy-SLA,0.0026999041438102,0.0214001629501581,0.0016000121831893,0.0257000792771577,0.0,0.6,0.0,4,4
5,0,170,DT-Top1,0.0025997869670391,0.0212001614272594,0.032499898225069,0.0562998466193676,0.0,0.6,21.0,0,2
5,0,171,PF,0.0030999071896076,0.0213000457733869,0.0016000121831893,0.0259999651461839,0.0,0.6,0.0,2,2
5,0,171,Greedy-SLA,0.0026000197976827,0.0213000457733869,0.0608998816460371,0.0847999472171068,0.0,0.6,21.0,0,2
5,0,171,DT-Top1,0.0014998950064182,0.0134001020342111,0.019199913367629,0.0340999104082584,0.0,0.6,21.0,0,2
5,0,172,PF,0.001800013706088,0.1035002060234546,0.0014998950064182,0.1068001147359609,0.0,0.6,0.0,2,2
5,0,172,Greedy-SLA,0.0019001308828592,0.0141998752951622,0.0010000076144933,0.0171000137925148,0.0,0.6,0.0,4,4
5,0,172,DT-Top1,0.001800013706088,0.0130000989884138,0.0207999255508184,0.0356000382453203,0.0,0.6,21.0,0,2
5,0,173,PF,0.0018998980522155,0.0130999833345413,0.0010000076144933,0.0159998890012502,0.0,0.6,0.0,2,2
5,0,173,Greedy-SLA,0.0017001293599605,0.0600998755544424,0.0255000777542591,0.087300082668662,0.0,0.6,21.0,0,2
5,0,173,DT-Top1,0.001800013706088,0.0136001035571098,0.0481999013572931,0.063600018620491,0.0,0.6,21.0,0,2
5,0,174,PF,0.001800013706088,0.0136999879032373,0.0010000076144933,0.0165000092238187,0.0,0.6,0.0,2,2
5,0,174,Greedy-SLA,0.0030999071896076,0.0247999560087919,0.0016000121831893,0.0294998753815889,0.0,0.6,0.0,4,4
5,0,174,DT-Top1,0.0016000121831893,0.0126000959426164,0.0199000351130962,0.034100143238902,0.0,0.6,21.0,0,2
5,0,175,PF,0.0020998995751142,0.0311001203954219,0.0008998904377222,0.0340999104082584,0.0,0.6,0.0,2,2
5,0,175,Greedy-SLA,0.0016998965293169,0.0299001112580299,0.001200009137392,0.0328000169247388,0.0,0.6,0.0,4,4
5,0,175,DT-Top1,0.0017001293599605,0.0290998723357915,0.0010000076144933,0.0318000093102455,0.0,0.6,0.0,4,4
5,0,176,PF,0.0016998965293169,0.0130999833345413,0.0010000076144933,0.0157998874783515,0.0,0.6,0.0,2,2
5,0,176,Greedy-SLA,0.0016000121831893,0.0127998646348714,0.0009001232683658,0.0153000000864267,0.0,0.6,0.0,4,4
5,0,176,DT-Top1,0.0015001278370618,0.0182997900992631,0.0010000076144933,0.0207999255508184,0.0,0.6,0.0,4,4
5,0,177,PF,0.0030000228434801,0.0213000457733869,0.0015001278370618,0.0258001964539289,0.0,0.6,0.0,2,2
5,0,177,Greedy-SLA,0.0028999056667089,0.020800158381462,0.0014998950064182,0.0251999590545892,0.0,0.6,0.0,4,4
5,0,177,DT-Top1,0.0026000197976827,0.0207999255508184,0.0325001310557127,0.0559000764042139,0.0,0.6,21.0,0,2
5,0,178,PF,0.0030000228434801,0.0208998098969459,0.0016000121831893,0.0254998449236154,0.0,0.6,0.0,2,2
5,0,178,Greedy-SLA,0.0026000197976827,0.0211000442504882,0.0014998950064182,0.0251999590545892,0.0,0.6,0.0,4,4
5,0,178,DT-Top1,0.0026999041438102,0.020800158381462,0.0318000093102455,0.0553000718355178,0.0,0.6,21.0,0,2
5,0,179,PF,0.0030000228434801,0.0210998114198446,0.0016000121831893,0.0256998464465141,0.0,0.6,0.0,2,2
5,0,179,Greedy-SLA,0.0026000197976827,0.0211000442504882,0.0016998965293169,0.0253999605774879,0.0,0.6,0.0,4,4
5,0,179,DT-Top1,0.0026000197976827,0.1224000006914138,0.055599957704544,0.1805999781936407,0.0,0.6,21.0,0,2
5,0,180,PF,0.0034999102354049,0.0277000945061445,0.001800013706088,0.0330000184476375,0.0,0.6,0.0,2,2
5,0,180,Greedy-SLA,0.0030000228434801,0.0235999468713998,0.0016000121831893,0.0281999818980693,0.0,0.6,0.0,4,4
5,0,180,DT-Top1,0.0027001369744539,0.0214998144656419,0.0345001462846994,0.0587000977247953,0.0,0.6,21.0,0,2
5,0,181,PF,0.0029001384973526,0.0219999346882104,0.0016998965293169,0.0265999697148799,0.0,0.6,0.0,2,2
5,0,181,Greedy-SLA,0.0028000213205814,0.0209999270737171,0.0017001293599605,0.0255000777542591,0.0,0.6,0.0,4,4
5,0,181,DT-Top1,0.0026000197976827,0.0209999270737171,0.0016000121831893,0.0251999590545892,0.0,0.6,0.0,4,4
5,0,182,PF,0.0030000228434801,0.0346000306308269,0.001800013706088,0.0394000671803951,0.0,0.6,0.0,2,2
5,0,182,Greedy-SLA,0.0027001369744539,0.0213000457733869,0.092000002041459,0.1160001847892999,0.0,0.6,21.0,0,2
5,0,182,DT-Top1,0.0032000243663787,0.0266998540610075,0.0343001447618007,0.064200023189187,0.0,0.6,21.0,0,2
5,0,183,PF,0.0031001400202512,0.0227999407798051,0.0016998965293169,0.0275999773293733,0.0,0.6,0.0,2,2
5,0,183,Greedy-SLA,0.0027001369744539,0.0214998144656419,0.0016000121831893,0.0257999636232852,0.0,0.6,0.0,4,4
5,0,183,DT-Top1,0.0026000197976827,0.0213000457733869,0.0014998950064182,0.0253999605774879,0.0,0.6,0.0,4,4
5,0,184,PF,0.0030999071896076,0.0213999301195144,0.0016000121831893,0.0260998494923114,0.0,0.6,0.0,2,2
5,0,184,Greedy-SLA,0.0026999041438102,0.0209000427275896,0.0325001310557127,0.0561000779271125,0.0,0.6,21.0,0,2
5,0,184,DT-Top1,0.0025997869670391,0.0212001614272594,0.0314998906105756,0.0552998390048742,0.0,0.6,21.0,0,2
5,0,185,PF,0.0030000228434801,0.0207000412046909,0.0016000121831893,0.0253000762313604,0.0,0.6,0.0,2,2
5,0,185,Greedy-SLA,0.0024999026209115,0.0212001614272594,0.0014998950064182,0.0251999590545892,0.0,0.6,0.0,4,4
5,0,185,DT-Top1,0.0026999041438102,0.0216001644730567,0.0016000121831893,0.0259000808000564,0.0,0.6,0.0,4,4
5,0,186,PF,0.0030000228434801,0.0209000427275896,0.0016000121831893,0.0255000777542591,0.0,0.6,0.0,2,2
5,0,186,Greedy-SLA,0.0028000213205814,0.0207000412046909,0.0014998950064182,0.0249999575316905,0.0,0.6,0.0,4,4
5,0,186,DT-Top1,0.0026999041438102,0.0209999270737171,0.0015001278370618,0.0251999590545892,0.0,0.6,0.0,4,4
5,0,187,PF,0.0030000228434801,0.0213999301195144,0.0014000106602907,0.0257999636232852,0.0,0.6,0.0,2,2
5,0,187,Greedy-SLA,0.0026999041438102,0.0211000442504882,0.0014000106602907,0.0251999590545892,0.0,0.6,0.0,4,4
5,0,187,DT-Top1,0.0026000197976827,0.0207000412046909,0.0322000123560428,0.0555000733584165,0.0,0.6,21.0,0,2
5,0,188,PF,0.0030000228434801,0.0207000412046909,0.0015001278370618,0.0252001918852329,0.0,0.6,0.0,2,2
5,0,188,Greedy-SLA,0.0026999041438102,0.0800001434981823,0.0030000228434801,0.0857000704854726,0.0,0.6,0.0,4,4
5,0,188,DT-Top1,0.0032999087125062,0.0249999575316905,0.0359001569449901,0.064200023189187,0.0,0.6,21.0,0,2
5,0,189,PF,0.0034000258892774,0.0221999362111091,0.0017001293599605,0.0273000914603471,0.0,0.6,0.0,2,2
5,0,189,Greedy-SLA,0.0027997884899377,0.0224001705646514,0.0014998950064182,0.0266998540610075,0.0,0.6,0.0,4,4
5,0,189,DT-Top1,0.0028000213205814,0.0219000503420829,0.032499898225069,0.0571999698877334,0.0,0.6,21.0,0,2
5,0,190,PF,0.0032000243663787,0.0219000503420829,0.0014998950064182,0.0265999697148799,0.0,0.6,0.0,2,2
5,0,190,Greedy-SLA,0.0026999041438102,0.0221999362111091,0.0015001278370618,0.0263999681919813,0.0,0.6,0.0,4,4
5,0,190,DT-Top1,0.0028000213205814,0.0214998144656419,0.0326000154018402,0.0568998511880636,0.0,0.6,21.0,0,2
5,0,191,PF,0.0029001384973526,0.0215999316424131,0.0015001278370618,0.0260001979768276,0.0,0.6,0.0,2,2
5,0,191,Greedy-SLA,0.0028000213205814,0.0214001629501581,0.0016000121831893,0.0258001964539289,0.0,0.6,0.0,4,4
5,0,191,DT-Top1,0.0030000228434801,0.0216001644730567,0.0329997856169939,0.0575999729335308,0.0,0.6,21.0,0,2
5,0,192,PF,0.0028999056667089,0.0215000472962856,0.0016000121831893,0.0259999651461839,0.0,0.6,0.0,2,2
5,0,192,Greedy-SLA,0.0028999056667089,0.0216001644730567,0.0328999012708663,0.0573999714106321,0.0,0.6,21.0,0,2
5,0,192,DT-Top1,0.0026999041438102,0.0216001644730567,0.0324000138789415,0.0567000824958086,0.0,0.6,21.0,0,2
5,0,193,PF,0.0030999071896076,0.0216001644730567,0.0014998950064182,0.0261999666690826,0.0,0.6,0.0,2,2
5,0,193,Greedy-SLA,0.0027997884899377,0.0219000503420829,0.0015001278370618,0.0261999666690826,0.0,0.6,0.0,4,4
5,0,193,DT-Top1,0.0028000213205814,0.0211999285966157,0.0321001280099153,0.0561000779271125,0.0,0.6,21.0,0,2
5,0,194,PF,0.0030000228434801,0.0215000472962856,0.0014998950064182,0.0259999651461839,0.0,0.6,0.0,2,2
5,0,194,Greedy-SLA,0.0026999041438102,0.0213000457733869,0.0017001293599605,0.0257000792771577,0.0,0.6,0.0,4,4
5,0,194,DT-Top1,0.0028000213205814,0.0217999331653118,0.0014000106602907,0.0259999651461839,0.0,0.6,0.0,4,4
5,0,195,PF,0.0028999056667089,0.0213999301195144,0.0016000121831893,0.0258998479694128,0.0,0.6,0.0,2,2
5,0,195,Greedy-SLA,0.0026999041438102,0.0217000488191843,0.0014998950064182,0.0258998479694128,0.0,0.6,0.0,4,4
5,0,195,DT-Top1,0.0026000197976827,0.0213999301195144,0.0322000123560428,0.05619996227324,0.0,0.6,21.0,0,2
5,0,196,PF,0.0027997884899377,0.0217000488191843,0.0015001278370618,0.0259999651461839,0.0,0.6,0.0,2,2
5,0,196,Greedy-SLA,0.0027997884899377,0.0215000472962856,0.0015001278370618,0.0257999636232852,0.0,0.6,0.0,4,4
5,0,196,DT-Top1,0.0024999026209115,0.0211999285966157,0.0015001278370618,0.0251999590545892,0.0,0.6,0.0,4,4
5,0,197,PF,0.0028000213205814,0.0217000488191843,0.0014998950064182,0.0259999651461839,0.0,0.6,0.0,2,2
5,0,197,Greedy-SLA,0.0027997884899377,0.0224001705646514,0.0322998967021703,0.0574998557567596,0.0,0.6,21.0,0,2
5,0,197,DT-Top1,0.0032000243663787,0.0220001675188541,0.0319997780025005,0.0571999698877334,0.0,0.6,21.0,0,2
5,0,198,PF,0.0029997900128364,0.0213000457733869,0.0015001278370618,0.0257999636232852,0.0,0.6,0.0,2,2
5,0,198,Greedy-SLA,0.0025001354515552,0.0215999316424131,0.0014000106602907,0.0255000777542591,0.0,0.6,0.0,4,4
5,0,198,DT-Top1,0.0028000213205814,0.0211999285966157,0.0320000108331441,0.0559999607503414,0.0,0.6,21.0,0,2
5,0,199,PF,0.0028999056667089,0.0212001614272594,0.0016000121831893,0.0257000792771577,0.0,0.6,0.0,2,2
5,0,199,Greedy-SLA,0.0026000197976827,0.0211000442504882,0.0015001278370618,0.0252001918852329,0.0,0.6,0.0,4,4
5,0,199,DT-Top1,0.0025997869670391,0.0210001599043607,0.0316000077873468,0.0551999546587467,0.0,0.6,21.0,0,2
5,0,200,PF,0.0030000228434801,0.0211999285966157,0.0016000121831893,0.0257999636232852,0.0,0.6,0.0,2,2
5,0,200,Greedy-SLA,0.0026999041438102,0.0214001629501581,0.0014000106602907,0.0255000777542591,0.0,0.6,0.0,4,4
5,0,200,DT-Top1,0.0026000197976827,0.0211999285966157,0.0014000106602907,0.0251999590545892,0.0,0.6,0.0,4,4
5,0,201,PF,0.0028000213205814,0.0263000838458538,0.0016998965293169,0.0308000016957521,0.0,0.6,0.0,2,2
5,0,201,Greedy-SLA,0.0024999026209115,0.0211000442504882,0.0016000121831893,0.0251999590545892,0.0,0.6,0.0,4,4
5,0,201,DT-Top1,0.0026999041438102,0.0210001599043607,0.0320998951792717,0.0557999592274427,0.0,0.6,21.0,0,2
5,0,202,PF,0.0028999056667089,0.0215000472962856,0.0016000121831893,0.0259999651461839,0.0,0.6,0.0,2,2
5,0,202,Greedy-SLA,0.0026000197976827,0.0217000488191843,0.0014998950064182,0.0257999636232852,0.0,0.6,0.0,4,4
5,0,202,DT-Top1,0.0026000197976827,0.0209999270737171,0.0315001234412193,0.0551000703126192,0.0,0.6,21.0,0,2
5,0,203,PF,0.0030000228434801,0.0207000412046909,0.0014998950064182,0.0251999590545892,0.0,0.6,0.0,2,2
5,0,203,Greedy-SLA,0.0027997884899377,0.0215000472962856,0.0015001278370618,0.0257999636232852,0.0,0.6,0.0,4,4
5,0,203,DT-Top1,0.0026000197976827,0.0211999285966157,0.0015001278370618,0.0253000762313604,0.0,0.6,0.0,4,4
5,0,204,PF,0.0030000228434801,0.0214001629501581,0.0016000121831893,0.0260001979768276,0.0,0.6,0.0,2,2
5,0,204,Greedy-SLA,0.0026000197976827,0.0213000457733869,0.0014998950064182,0.0253999605774879,0.0,0.6,0.0,4,4
5,0,204,DT-Top1,0.0026000197976827,0.0209000427275896,0.0014998950064182,0.0249999575316905,0.0,0.6,0.0,4,4
5,0,205,PF,0.0031001400202512,0.0211999285966157,0.0016000121831893,0.0259000808000564,0.0,0.6,0.0,2,2
5,0,205,Greedy-SLA,0.0028000213205814,0.0259000808000564,0.0016000121831893,0.0303001143038272,0.0,0.6,0.0,4,4
5,0,205,DT-Top1,0.0027001369744539,0.0211999285966157,0.0324000138789415,0.0563000794500112,0.0,0.6,21.0,0,2
5,0,206,PF,0.0029001384973526,0.0204998068511486,0.0016000121831893,0.0249999575316905,0.0,0.6,0.0,2,2
5,0,206,Greedy-SLA,0.0026999041438102,0.0213000457733869,0.0014000106602907,0.0253999605774879,0.0,0.6,0.0,4,4
5,0,206,DT-Top1,0.0026999041438102,0.0210001599043607,0.032499898225069,0.05619996227324,0.0,0.6,21.0,0,2
5,0,207,PF,0.0032000243663787,0.0209999270737171,0.0014998950064182,0.0256998464465141,0.0,0.6,0.0,2,2
5,0,207,Greedy-SLA,0.0026000197976827,0.0211999285966157,0.0014998950064182,0.0252998434007167,0.0,0.6,0.0,4,4
5,0,207,DT-Top1,0.0028000213205814,0.0211999285966157,0.0324000138789415,0.0563999637961387,0.0,0.6,21.0,0,2
5,0,208,PF,0.0030999071896076,0.0209000427275896,0.0016000121831893,0.0255999621003866,0.0,0.6,0.0,2,2
5,0,208,Greedy-SLA,0.0028000213205814,0.0209999270737171,0.0015001278370618,0.0253000762313604,0.0,0.6,0.0,4,4
5,0,208,DT-Top1,0.0028000213205814,0.0210998114198446,0.0014000106602907,0.0252998434007167,0.0,0.6,0.0,4,4
5,0,209,PF,0.0028999056667089,0.0211000442504882,0.0014998950064182,0.0254998449236154,0.0,0.6,0.0,2,2
5,0,209,Greedy-SLA,0.0026999041438102,0.0212001614272594,0.0014998950064182,0.0253999605774879,0.0,0.6,0.0,4,4
5,0,209,DT-Top1,0.0028000213205814,0.0219999346882104,0.0328000169247388,0.0575999729335308,0.0,0.6,21.0,0,2
5,0,210,PF,0.0030000228434801,0.0211000442504882,0.0015001278370618,0.0256001949310302,0.0,0.6,0.0,2,2
5,0,210,Greedy-SLA,0.0026000197976827,0.0212001614272594,0.0014998950064182,0.0253000762313604,0.0,0.6,0.0,4,4
5,0,210,DT-Top1,0.0024999026209115,0.0213000457733869,0.0015001278370618,0.0253000762313604,0.0,0.6,0.0,4,4
5,0,211,PF,0.0028999056667089,0.0212001614272594,0.0014998950064182,0.0255999621003866,0.0,0.6,0.0,2,2
5,0,211,Greedy-SLA,0.0026999041438102,0.0215000472962856,0.0016000121831893,0.0257999636232852,0.0,0.6,0.0,4,4
5,0,211,DT-Top1,0.0026000197976827,0.0209000427275896,0.0016000121831893,0.0251000747084617,0.0,0.6,0.0,4,4
5,0,212,PF,0.0031001400202512,0.0209000427275896,0.0014998950064182,0.0255000777542591,0.0,0.6,0.0,2,2
5,0,212,Greedy-SLA,0.0026999041438102,0.0211000442504882,0.0014000106602907,0.0251999590545892,0.0,0.6,0.0,4,4
5,0,212,DT-Top1,0.0026999041438102,0.0211000442504882,0.0325001310557127,0.0563000794500112,0.0,0.6,21.0,0,2
5,0,213,PF,0.0030999071896076,0.0211000442504882,0.0014998950064182,0.0256998464465141,0.0,0.6,0.0,2,2
5,0,213,Greedy-SLA,0.0026000197976827,0.0211999285966157,0.0014000106602907,0.0251999590545892,0.0,0.6,0.0,4,4
5,0,213,DT-Top1,0.0026000197976827,0.0207999255508184,0.0434000976383686,0.0668000429868698,0.0,0.6,21.0,0,2
5,0,214,PF,0.0031001400202512,0.0213999301195144,0.0016000121831893,0.0261000823229551,0.0,0.6,0.0,2,2
5,0,214,Greedy-SLA,0.0025001354515552,0.0211999285966157,0.0014998950064182,0.0251999590545892,0.0,0.6,0.0,4,4
5,0,214,DT-Top1,0.0025001354515552,0.028399983420968,0.1065998803824186,0.1374999992549419,0.0,0.6,21.0,0,2
5,0,215,PF,0.0032999087125062,0.0259999651461839,0.001800013706088,0.0310998875647783,0.0,0.6,0.0,2,2
5,0,215,Greedy-SLA,0.0030000228434801,0.0229000579565763,0.001800013706088,0.0277000945061445,0.0,0.6,0.0,4,4
5,0,215,DT-Top1,0.0028000213205814,0.022500054910779,0.0338999088853597,0.0591999851167202,0.0,0.6,21.0,0,2
5,0,216,PF,0.0030999071896076,0.0221000518649816,0.001800013706088,0.0269999727606773,0.0,0.6,0.0,2,2
5,0,216,Greedy-SLA,0.0027001369744539,0.0219000503420829,0.0016998965293169,0.0263000838458538,0.0,0.6,0.0,4,4
5,0,216,DT-Top1,0.0026999041438102,0.0217000488191843,0.0328000169247388,0.0571999698877334,0.0,0.6,21.0,0,2
5,0,217,PF,0.0030000228434801,0.0217000488191843,0.0016000121831893,0.0263000838458538,0.0,0.6,0.0,2,2
5,0,217,Greedy-SLA,0.0026999041438102,0.0221000518649816,0.0016000121831893,0.0263999681919813,0.0,0.6,0.0,4,4
5,0,217,DT-Top1,0.0025997869670391,0.0215000472962856,0.0015001278370618,0.0255999621003866,0.0,0.6,0.0,4,4
5,0,218,PF,0.0030000228434801,0.0215000472962856,0.0016000121831893,0.0261000823229551,0.0,0.6,0.0,2,2
5,0,218,Greedy-SLA,0.0027001369744539,0.0215999316424131,0.0014998950064182,0.0257999636232852,0.0,0.6,0.0,4,4
5,0,218,DT-Top1,0.0027001369744539,0.0209999270737171,0.0015001278370618,0.0252001918852329,0.0,0.6,0.0,4,4
5,0,219,PF,0.0028999056667089,0.0213999301195144,0.0015001278370618,0.0257999636232852,0.0,0.6,0.0,2,2
5,0,219,Greedy-SLA,0.0027001369744539,0.0215999316424131,0.0014998950064182,0.0257999636232852,0.0,0.6,0.0,4,4
5,0,219,DT-Top1,0.0027001369744539,0.0211999285966157,0.0328999012708663,0.0567999668419361,0.0,0.6,21.0,0,2
5,0,220,PF,0.0030000228434801,0.0219000503420829,0.0016000121831893,0.0265000853687524,0.0,0.6,0.0,2,2
5,0,220,Greedy-SLA,0.0026999041438102,0.0214001629501581,0.0016000121831893,0.0257000792771577,0.0,0.6,0.0,4,4
5,0,220,DT-Top1,0.0025001354515552,0.0209999270737171,0.0325001310557127,0.056000193580985,0.0,0.6,21.0,0,2
5,0,221,PF,0.0028999056667089,0.0214001629501581,0.0016000121831893,0.0259000808000564,0.0,0.6,0.0,2,2
5,0,221,Greedy-SLA,0.0029001384973526,0.0219999346882104,0.0016998965293169,0.0265999697148799,0.0,0.6,0.0,4,4
5,0,221,DT-Top1,0.0026999041438102,0.0212001614272594,0.0326998997479677,0.0565999653190374,0.0,0.6,21.0,0,2
5,0,222,PF,0.0030000228434801,0.0211999285966157,0.0017001293599605,0.0259000808000564,0.0,0.6,0.0,2,2
5,0,222,Greedy-SLA,0.0026999041438102,0.0209999270737171,0.0015001278370618,0.0251999590545892,0.0,0.6,0.0,4,4
5,0,222,DT-Top1,0.0026999041438102,0.0211999285966157,0.0328000169247388,0.0566998496651649,0.0,0.6,21.0,0,2
5,0,223,PF,0.0030999071896076,0.0210001599043607,0.0016998965293169,0.0257999636232852,0.0,0.6,0.0,2,2
5,0,223,Greedy-SLA,0.0026000197976827,0.0212001614272594,0.0016000121831893,0.0254001934081316,0.0,0.6,0.0,4,4
5,0,223,DT-Top1,0.0026000197976827,0.0209999270737171,0.0014000106602907,0.0249999575316905,0.0,0.6,0.0,4,4
5,0,224,PF,0.0029001384973526,0.0211999285966157,0.0015001278370618,0.0256001949310302,0.0,0.6,0.0,2,2
5,0,224,Greedy-SLA,0.0032000243663787,0.0221000518649816,0.0015001278370618,0.0268002040684223,0.0,0.6,0.0,4,4
5,0,224,DT-Top1,0.0026000197976827,0.0210001599043607,0.0016000121831893,0.0252001918852329,0.0,0.6,0.0,4,4
5,0,225,PF,0.0032000243663787,0.0213999301195144,0.0016000121831893,0.0261999666690826,0.0,0.6,0.0,2,2
5,0,225,Greedy-SLA,0.0028000213205814,0.0209999270737171,0.0016000121831893,0.0253999605774879,0.0,0.6,0.0,4,4
5,0,225,DT-Top1,0.0026000197976827,0.0213000457733869,0.0334999058395624,0.0573999714106321,0.0,0.6,21.0,0,2
5,0,226,PF,0.0031001400202512,0.0212998129427433,0.0015001278370618,0.0259000808000564,0.0,0.6,0.0,2,2
5,0,226,Greedy-SLA,0.0026999041438102,0.0215000472962856,0.032499898225069,0.0566998496651649,0.0,0.6,21.0,0,2
5,0,226,DT-Top1,0.0026999041438102,0.0207999255508184,0.0311001203954219,0.0545999500900507,0.0,0.6,21.0,0,2
5,0,227,PF,0.0028999056667089,0.0207000412046909,0.0016000121831893,0.0251999590545892,0.0,0.6,0.0,2,2
5,0,227,Greedy-SLA,0.0024999026209115,0.0211000442504882,0.0014000106602907,0.0249999575316905,0.0,0.6,0.0,4,4
5,0,227,DT-Top1,0.0027001369744539,0.0209999270737171,0.031899893656373,0.055599957704544,0.0,0.6,21.0,0,2
5,0,228,PF,0.0030000228434801,0.0213000457733869,0.0014998950064182,0.0257999636232852,0.0,0.6,0.0,2,2
5,0,228,Greedy-SLA,0.0028000213205814,0.0213000457733869,0.0014998950064182,0.0255999621003866,0.0,0.6,0.0,4,4
5,0,228,DT-Top1,0.0026999041438102,0.0207999255508184,0.0319001264870166,0.0553999561816453,0.0,0.6,21.0,0,2
5,0,229,PF,0.0029001384973526,0.0207999255508184,0.0016000121831893,0.0253000762313604,0.0,0.6,0.0,2,2
5,0,229,Greedy-SLA,0.0030999071896076,0.0215000472962856,0.0016000121831893,0.0261999666690826,0.0,0.6,0.0,4,4
5,0,229,DT-Top1,0.0026000197976827,0.0209000427275896,0.0014000106602907,0.024900073185563,0.0,0.6,0.0,4,4
5,0,230,PF,0.0032999087125062,0.0209000427275896,0.0016000121831893,0.0257999636232852,0.0,0.6,0.0,2,2
5,0,230,Greedy-SLA,0.0026999041438102,0.0209999270737171,0.0014000106602907,0.0250998418778181,0.0,0.6,0.0,4,4
5,0,230,DT-Top1,0.0024999026209115,0.0203000381588935,0.0326998997479677,0.0554998405277729,0.0,0.6,21.0,0,2
5,0,231,PF,0.0029997900128364,0.0207000412046909,0.0016000121831893,0.0252998434007167,0.0,0.6,0.0,2,2
5,0,231,Greedy-SLA,0.0028000213205814,0.0205000396817922,0.0014998950064182,0.0247999560087919,0.0,0.6,0.0,4,4
5,0,231,DT-Top1,0.0026999041438102,0.0201999209821224,0.0326000154018402,0.0554998405277729,0.0,0.6,21.0,0,2
5,0,232,PF,0.0030000228434801,0.0212001614272594,0.0014998950064182,0.0257000792771577,0.0,0.6,0.0,2,2
5,0,232,Greedy-SLA,0.0030000228434801,0.0207999255508184,0.0014000106602907,0.0251999590545892,0.0,0.6,0.0,4,4
5,0,232,DT-Top1,0.0028000213205814,0.0207999255508184,0.0014000106602907,0.0249999575316905,0.0,0.6,0.0,4,4
5,0,233,PF,0.0030999071896076,0.0209000427275896,0.0017001293599605,0.0257000792771577,0.0,0.6,0.0,2,2
5,0,233,Greedy-SLA,0.0027001369744539,0.0207000412046909,0.0016000121831893,0.0250001903623342,0.0,0.6,0.0,4,4
5,0,233,DT-Top1,0.0028000213205814,0.0346000306308269,0.0332000199705362,0.0706000719219446,0.0,0.6,21.0,0,2
5,0,234,PF,0.0030999071896076,0.0209000427275896,0.0017001293599605,0.0257000792771577,0.0,0.6,0.0,2,2
5,0,234,Greedy-SLA,0.0056999269872903,0.0712000764906406,0.001800013706088,0.078700017184019,0.0,0.6,0.0,4,4
5,0,234,DT-Top1,0.0020998995751142,0.015099998563528,0.0226001720875501,0.0398000702261924,0.0,0.6,21.0,0,2
5,0,235,PF,0.0020000152289867,0.0461000017821788,0.0013001263141632,0.0494001433253288,0.0,0.6,0.0,2,2
5,0,235,Greedy-SLA,0.001800013706088,0.0141998752951622,0.0009001232683658,0.0169000122696161,0.0,0.6,0.0,4,4
5,0,235,DT-Top1,0.0016998965293169,0.0134001020342111,0.0207000412046909,0.0358000397682189,0.0,0.6,21.0,0,2
5,0,236,PF,0.0019001308828592,0.0767000019550323,0.0014000106602907,0.0800001434981823,0.0,0.6,0.0,2,2
5,0,236,Greedy-SLA,0.0019001308828592,0.0142999924719333,0.0010000076144933,0.0172001309692859,0.0,0.6,0.0,4,4
5,0,236,DT-Top1,0.001800013706088,0.0629001297056675,0.001399777829647,0.0660999212414026,0.0,0.6,0.0,4,4
5,0,237,PF,0.0029001384973526,0.0190997961908578,0.001200009137392,0.0231999438256025,0.0,0.6,0.0,2,2
5,0,237,Greedy-SLA,0.001800013706088,0.014499993994832,0.0010000076144933,0.0173000153154134,0.0,0.6,0.0,4,4
5,0,237,DT-Top1,0.001800013706088,0.0136001035571098,0.0008998904377222,0.0163000077009201,0.0,0.6,0.0,4,4
5,0,238,PF,0.0026000197976827,0.0274998601526021,0.0014000106602907,0.0314998906105756,0.0,0.6,0.0,2,2
5,0,238,Greedy-SLA,0.0020000152289867,0.0161000061780214,0.0011001247912645,0.0192001461982727,0.0,0.6,0.0,4,4
5,0,238,DT-Top1,0.0018998980522155,0.0372999347746372,0.0436000991612672,0.08279993198812,0.0,0.6,21.0,0,2
5,0,239,PF,0.0022000167518854,0.1003001816570758,0.0020998995751142,0.1046000979840755,0.0,0.6,0.0,2,2
5,0,239,Greedy-SLA,0.0036000274121761,0.0273000914603471,0.0016000121831893,0.0325001310557127,0.0,0.6,0.0,4,4
5,0,239,DT-Top1,0.0029001384973526,0.0230998266488313,0.0365001615136861,0.0625001266598701,0.0,0.6,21.0,0,2
5,0,240,PF,0.0032999087125062,0.0226001720875501,0.0016998965293169,0.0275999773293733,0.0,0.6,0.0,2,2
5,0,240,Greedy-SLA,0.0030000228434801,0.0214001629501581,0.0016000121831893,0.0260001979768276,0.0,0.6,0.0,4,4
5,0,240,DT-Top1,0.0030000228434801,0.0213000457733869,0.0332999043166637,0.0575999729335308,0.0,0.6,21.0,0,2
5,0,241,PF,0.0032000243663787,0.0217000488191843,0.0016000121831893,0.0265000853687524,0.0,0.6,0.0,2,2
5,0,241,Greedy-SLA,0.0026000197976827,0.0215000472962856,0.0016000121831893,0.0257000792771577,0.0,0.6,0.0,4,4
5,0,241,DT-Top1,0.0028999056667089,0.0211000442504882,0.032300129532814,0.0563000794500112,0.0,0.6,21.0,0,2
5,0,242,PF,0.0032000243663787,0.0211999285966157,0.0016000121831893,0.0259999651461839,0.0,0.6,0.0,2,2
5,0,242,Greedy-SLA,0.0028000213205814,0.0213999301195144,0.0014000106602907,0.0255999621003866,0.0,0.6,0.0,4,4
5,0,242,DT-Top1,0.0026999041438102,0.0211000442504882,0.0014000106602907,0.0251999590545892,0.0,0.6,0.0,4,4
5,0,243,PF,0.0030999071896076,0.0211999285966157,0.0016000121831893,0.0258998479694128,0.0,0.6,0.0,2,2
5,0,243,Greedy-SLA,0.0026000197976827,0.0211999285966157,0.0015001278370618,0.0253000762313604,0.0,0.6,0.0,4,4
5,0,243,DT-Top1,0.0026999041438102,0.0209000427275896,0.0320000108331441,0.055599957704544,0.0,0.6,21.0,0,2
5,0,244,PF,0.0034000258892774,0.0207999255508184,0.0015001278370618,0.0257000792771577,0.0,0.6,0.0,2,2
5,0,244,Greedy-SLA,0.0026999041438102,0.0209999270737171,0.0014000106602907,0.0250998418778181,0.0,0.6,0.0,4,4
5,0,244,DT-Top1,0.0028000213205814,0.0209000427275896,0.0014000106602907,0.0251000747084617,0.0,0.6,0.0,4,4
5,0,245,PF,0.0029997900128364,0.0209000427275896,0.0015001278370618,0.0253999605774879,0.0,0.6,0.0,2,2
5,0,245,Greedy-SLA,0.0028000213205814,0.0207999255508184,0.0015001278370618,0.0251000747084617,0.0,0.6,0.0,4,4
5,0,245,DT-Top1,0.0028000213205814,0.0209999270737171,0.0015001278370618,0.0253000762313604,0.0,0.6,0.0,4,4
5,0,246,PF,0.0031001400202512,0.0211000442504882,0.0014998950064182,0.0257000792771577,0.0,0.6,0.0,2,2
5,0,246,Greedy-SLA,0.0026999041438102,0.0209000427275896,0.031700124964118,0.0553000718355178,0.0,0.6,21.0,0,2
5,0,246,DT-Top1,0.0025997869670391,0.020800158381462,0.031299889087677,0.0546998344361782,0.0,0.6,21.0,0,2
5,0,247,PF,0.0028000213205814,0.0207000412046909,0.0014998950064182,0.0249999575316905,0.0,0.6,0.0,2,2
5,0,247,Greedy-SLA,0.0025001354515552,0.0209999270737171,0.0014000106602907,0.024900073185563,0.0,0.6,0.0,4,4
5,0,247,DT-Top1,0.0026000197976827,0.0209000427275896,0.0316998921334743,0.0551999546587467,0.0,0.6,21.0,0,2
5,0,248,PF,0.0028999056667089,0.0211000442504882,0.0016000121831893,0.0255999621003866,0.0,0.6,0.0,2,2
5,0,248,Greedy-SLA,0.0024999026209115,0.0211000442504882,0.0014998950064182,0.0250998418778181,0.0,0.6,0.0,4,4
5,0,248,DT-Top1,0.0025001354515552,0.0207000412046909,0.0316000077873468,0.054800184443593,0.0,0.6,21.0,0,2
5,0,249,PF,0.0030000228434801,0.0209999270737171,0.0016000121831893,0.0255999621003866,0.0,0.6,0.0,2,2
5,0,249,Greedy-SLA,0.002400018274784,0.0210001599043607,0.001399777829647,0.0247999560087919,0.0,0.6,0.0,4,4
5,0,249,DT-Top1,0.0025001354515552,0.0209000427275896,0.0318000093102455,0.0552001874893903,0.0,0.6,21.0,0,2
5,0,250,PF,0.0028999056667089,0.0209000427275896,0.0016000121831893,0.0253999605774879,0.0,0.6,0.0,2,2
5,0,250,Greedy-SLA,0.002400018274784,0.0212001614272594,0.001399777829647,0.0249999575316905,0.0,0.6,0.0,4,4
5,0,250,DT-Top1,0.0025001354515552,0.0207999255508184,0.0316000077873468,0.0549000687897205,0.0,0.6,21.0,0,2
5,0,251,PF,0.0030999071896076,0.0209999270737171,0.0015001278370618,0.0255999621003866,0.0,0.6,0.0,2,2
5,0,251,Greedy-SLA,0.0026000197976827,0.0211000442504882,0.0014998950064182,0.0251999590545892,0.0,0.6,0.0,4,4
5,0,251,DT-Top1,0.0026000197976827,0.0205000396817922,0.0312000047415494,0.0543000642210245,0.0,0.6,21.0,0,2
5,0,252,PF,0.0029001384973526,0.0207999255508184,0.0014998950064182,0.0251999590545892,0.0,0.6,0.0,2,2
5,0,252,Greedy-SLA,0.0027001369744539,0.0209000427275896,0.0314000062644481,0.0550001859664917,0.0,0.6,21.0,0,2
5,0,252,DT-Top1,0.0027001369744539,0.020399922505021,0.0319001264870166,0.0550001859664917,0.0,0.6,21.0,0,2
5,0,253,PF,0.0031001400202512,0.0207000412046909,0.0016000121831893,0.0254001934081316,0.0,0.6,0.0,2,2
5,0,253,Greedy-SLA,0.0027001369744539,0.0209999270737171,0.0014000106602907,0.0251000747084617,0.0,0.6,0.0,4,4
5,0,253,DT-Top1,0.0028000213205814,0.0210001599043607,0.0320000108331441,0.0558001920580863,0.0,0.6,21.0,0,2
5,0,254,PF,0.0054999254643917,0.0426999758929014,0.0022000167518854,0.0503999181091785,0.0,0.6,0.0,2,2
5,0,254,Greedy-SLA,0.0032000243663787,0.0263999681919813,0.0016000121831893,0.0312000047415494,0.0,0.6,0.0,4,4
5,0,254,DT-Top1,0.0027001369744539,0.0221999362111091,0.0015001278370618,0.0264002010226249,0.0,0.6,0.0,4,4
5,0,255,PF,0.0030000228434801,0.0223000533878803,0.0016000121831893,0.0269000884145498,0.0,0.6,0.0,2,2
5,0,255,Greedy-SLA,0.0026000197976827,0.0213000457733869,0.0014000106602907,0.0253000762313604,0.0,0.6,0.0,4,4
5,0,255,DT-Top1,0.0026000197976827,0.0205999240279197,0.0406999606639146,0.0638999044895172,0.0,0.6,21.0,0,2
5,0,256,PF,0.0028999056667089,0.0213000457733869,0.0016000121831893,0.0257999636232852,0.0,0.6,0.0,2,2
5,0,256,Greedy-SLA,0.0026000197976827,0.0212001614272594,0.0014998950064182,0.0253000762313604,0.0,0.6,0.0,4,4
5,0,256,DT-Top1,0.002400018274784,0.0207999255508184,0.0324000138789415,0.055599957704544,0.0,0.6,21.0,0,2
5,0,257,PF,0.0028000213205814,0.0213999301195144,0.0015001278370618,0.0257000792771577,0.0,0.6,0.0,2,2
5,0,257,Greedy-SLA,0.0025001354515552,0.0211000442504882,0.001399777829647,0.0249999575316905,0.0,0.6,0.0,4,4
5,0,257,DT-Top1,0.0024999026209115,0.0204001553356647,0.0320998951792717,0.054999953135848,0.0,0.6,21.0,0,2
5,0,258,PF,0.0028999056667089,0.0209000427275896,0.0016000121831893,0.0253999605774879,0.0,0.6,0.0,2,2
5,0,258,Greedy-SLA,0.002400018274784,0.0208998098969459,0.0015001278370618,0.0247999560087919,0.0,0.6,0.0,4,4
5,0,258,DT-Top1,0.002400018274784,0.020800158381462,0.0322000123560428,0.055400189012289,0.0,0.6,21.0,0,2
5,0,259,PF,0.0028000213205814,0.0209000427275896,0.0014998950064182,0.0251999590545892,0.0,0.6,0.0,2,2
5,0,259,Greedy-SLA,0.0025001354515552,0.2277998719364404,0.0032000243663787,0.2335000317543745,0.0,0.6,0.0,4,4
5,0,259,DT-Top1,0.0039001461118459,0.028999987989664,0.0429998617619276,0.0758999958634376,0.0,0.6,21.0,0,2
5,0,260,PF,0.0033001415431499,0.0239999499171972,0.0017001293599605,0.0290002208203077,0.0,0.6,0.0,2,2
5,0,260,Greedy-SLA,0.0026999041438102,0.0223999377340078,0.0016000121831893,0.0266998540610075,0.0,0.6,0.0,4,4
5,0,260,DT-Top1,0.0028000213205814,0.0210998114198446,0.0333001371473073,0.0571999698877334,0.0,0.6,21.0,0,2
5,0,261,PF,0.0028999056667089,0.0220001675188541,0.0016000121831893,0.0265000853687524,0.0,0.6,0.0,2,2
5,0,261,Greedy-SLA,0.0027001369744539,0.0211000442504882,0.0014998950064182,0.0253000762313604,0.0,0.6,0.0,4,4
5,0,261,DT-Top1,0.0024999026209115,0.0209000427275896,0.0319001264870166,0.0553000718355178,0.0,0.6,21.0,0,2
5,0,262,PF,0.0029001384973526,0.0211999285966157,0.0016000121831893,0.0257000792771577,0.0,0.6,0.0,2,2
5,0,262,Greedy-SLA,0.0027001369744539,0.0209000427275896,0.0015997793525457,0.0251999590545892,0.0,0.6,0.0,4,4
5,0,262,DT-Top1,0.0024999026209115,0.0209000427275896,0.0316000077873468,0.054999953135848,0.0,0.6,21.0,0,2
5,0,263,PF,0.0028999056667089,0.0209999270737171,0.0016000121831893,0.0254998449236154,0.0,0.6,0.0,2,2
5,0,263,Greedy-SLA,0.0026000197976827,0.0209000427275896,0.0014998950064182,0.0249999575316905,0.0,0.6,0.0,4,4
5,0,263,DT-Top1,0.0025001354515552,0.0205999240279197,0.0316000077873468,0.0547000672668218,0.0,0.6,21.0,0,2
5,0,264,PF,0.0028000213205814,0.0209999270737171,0.0016000121831893,0.0253999605774879,0.0,0.6,0.0,2,2
5,0,264,Greedy-SLA,0.0028000213205814,0.0211000442504882,0.0322998967021703,0.05619996227324,0.0,0.6,21.0,0,2
5,0,264,DT-Top1,0.0026999041438102,0.0209000427275896,0.0310998875647783,0.0546998344361782,0.0,0.6,21.0,0,2
5,0,265,PF,0.0029001384973526,0.0207999255508184,0.0016998965293169,0.0253999605774879,0.0,0.6,0.0,2,2
5,0,265,Greedy-SLA,0.0028000213205814,0.0205999240279197,0.0015001278370618,0.024900073185563,0.0,0.6,0.0,4,4
5,0,265,DT-Top1,0.0026000197976827,0.0205000396817922,0.0315997749567031,0.0546998344361782,0.0,0.6,21.0,0,2
5,0,266,PF,0.0029001384973526,0.0207999255508184,0.0016000121831893,0.0253000762313604,0.0,0.6,0.0,2,2
5,0,266,Greedy-SLA,0.0026999041438102,0.0211000442504882,0.0014998950064182,0.0252998434007167,0.0,0.6,0.0,4,4
5,0,266,DT-Top1,0.0027001369744539,0.0207000412046909,0.031299889087677,0.0547000672668218,0.0,0.6,21.0,0,2
5,0,267,PF,0.0030000228434801,0.020399922505021,0.0016000121831893,0.0249999575316905,0.0,0.6,0.0,2,2
5,0,267,Greedy-SLA,0.0026000197976827,0.0205000396817922,0.0014000106602907,0.0245000701397657,0.0,0.6,0.0,4,4
5,0,267,DT-Top1,0.0026000197976827,0.0207000412046909,0.0314000062644481,0.0547000672668218,0.0,0.6,21.0,0,2
5,0,268,PF,0.0030000228434801,0.0205000396817922,0.0016998965293169,0.0251999590545892,0.0,0.6,0.0,2,2
5,0,268,Greedy-SLA,0.0024999026209115,0.020800158381462,0.0014998950064182,0.0247999560087919,0.0,0.6,0.0,4,4
5,0,268,DT-Top1,0.0025997869670391,0.0207000412046909,0.0311001203954219,0.054399948567152,0.0,0.6,21.0,0,2
5,0,269,PF,0.0029997900128364,0.0207000412046909,0.0016000121831893,0.0252998434007167,0.0,0.6,0.0,2,2
5,0,269,Greedy-SLA,0.0025001354515552,0.0210998114198446,0.0016000121831893,0.0251999590545892,0.0,0.6,0.0,4,4
5,0,269,DT-Top1,0.002400018274784,0.0206998083740472,0.0014000106602907,0.024499837309122,0.0,0.6,0.0,4,4
5,0,270,PF,0.0031001400202512,0.0206998083740472,0.0016000121831893,0.0253999605774879,0.0,0.6,0.0,2,2
5,0,270,Greedy-SLA,0.0026999041438102,0.0207999255508184,0.0311001203954219,0.0545999500900507,0.0,0.6,21.0,0,2
5,0,270,DT-Top1,0.0026000197976827,0.0205999240279197,0.0308000016957521,0.0539999455213546,0.0,0.6,21.0,0,2
5,0,271,PF,0.0028000213205814,0.0205999240279197,0.0016000121831893,0.0249999575316905,0.0,0.6,0.0,2,2
5,0,271,Greedy-SLA,0.0026999041438102,0.020800158381462,0.0014998950064182,0.0249999575316905,0.0,0.6,0.0,4,4
5,0,271,DT-Top1,0.0026000197976827,0.0207999255508184,0.0316000077873468,0.054999953135848,0.0,0.6,21.0,0,2
5,0,272,PF,0.0029001384973526,0.0209999270737171,0.0015001278370618,0.0254001934081316,0.0,0.6,0.0,2,2
5,0,272,Greedy-SLA,0.0027001369744539,0.0205999240279197,0.0016000121831893,0.024900073185563,0.0,0.6,0.0,4,4
5,0,272,DT-Top1,0.0024999026209115,0.0203000381588935,0.0316000077873468,0.054399948567152,0.0,0.6,21.0,0,2
5,0,273,PF,0.0030000228434801,0.0209000427275896,0.0016000121831893,0.0255000777542591,0.0,0.6,0.0,2,2
5,0,273,Greedy-SLA,0.0026999041438102,0.0209999270737171,0.0014000106602907,0.0250998418778181,0.0,0.6,0.0,4,4
5,0,273,DT-Top1,0.0026999041438102,0.0205999240279197,0.0015001278370618,0.0247999560087919,0.0,0.6,0.0,4,4
5,0,274,PF,0.0028999056667089,0.0209000427275896,0.0016998965293169,0.0254998449236154,0.0,0.6,0.0,2,2
5,0,274,Greedy-SLA,0.0027001369744539,0.0205999240279197,0.0014998950064182,0.0247999560087919,0.0,0.6,0.0,4,4
5,0,274,DT-Top1,0.0026000197976827,0.0207000412046909,0.0314998906105756,0.0547999516129493,0.0,0.6,21.0,0,2
5,0,275,PF,0.0028999056667089,0.0207000412046909,0.0014998950064182,0.0250998418778181,0.0,0.6,0.0,2,2
5,0,275,Greedy-SLA,0.0026999041438102,0.0209000427275896,0.0015001278370618,0.0251000747084617,0.0,0.6,0.0,4,4
5,0,275,DT-Top1,0.0026000197976827,0.0209000427275896,0.0312000047415494,0.0547000672668218,0.0,0.6,21.0,0,2
5,0,276,PF,0.0030000228434801,0.0209000427275896,0.0016000121831893,0.0255000777542591,0.0,0.6,0.0,2,2
5,0,276,Greedy-SLA,0.0026000197976827,0.0207999255508184,0.0015001278370618,0.024900073185563,0.0,0.6,0.0,4,4
5,0,276,DT-Top1,0.0026000197976827,0.0207000412046909,0.0016000121831893,0.024900073185563,0.0,0.6,0.0,4,4
5,0,277,PF,0.0028000213205814,0.020800158381462,0.0016000121831893,0.0252001918852329,0.0,0.6,0.0,2,2
5,0,277,Greedy-SLA,0.0024999026209115,0.0207000412046909,0.0016000121831893,0.0247999560087919,0.0,0.6,0.0,4,4
5,0,277,DT-Top1,0.0025001354515552,0.0206998083740472,0.0310000032186508,0.0541999470442533,0.0,0.6,21.0,0,2
5,0,278,PF,0.0028999056667089,0.0211000442504882,0.0015001278370618,0.0255000777542591,0.0,0.6,0.0,2,2
5,0,278,Greedy-SLA,0.0026000197976827,0.0211000442504882,0.0320998951792717,0.0557999592274427,0.0,0.6,21.0,0,2
5,0,278,DT-Top1,0.0026000197976827,0.0207999255508184,0.0314000062644481,0.0547999516129493,0.0,0.6,21.0,0,2
5,0,279,PF,0.0028000213205814,0.0207000412046909,0.0016000121831893,0.0251000747084617,0.0,0.6,0.0,2,2
5,0,279,Greedy-SLA,0.0026000197976827,0.0211000442504882,0.0014998950064182,0.0251999590545892,0.0,0.6,0.0,4,4
5,0,279,DT-Top1,0.0024999026209115,0.0209000427275896,0.0311001203954219,0.0545000657439231,0.0,0.6,21.0,0,2
5,0,280,PF,0.0029001384973526,0.0209999270737171,0.0016000121831893,0.0255000777542591,0.0,0.6,0.0,2,2
5,0,280,Greedy-SLA,0.0026000197976827,0.0213000457733869,0.0014998950064182,0.0253999605774879,0.0,0.6,0.0,4,4
5,0,280,DT-Top1,0.002400018274784,0.0209000427275896,0.0015001278370618,0.0248001888394355,0.0,0.6,0.0,4,4
5,0,281,PF,0.0028000213205814,0.020800158381462,0.0014998950064182,0.0251000747084617,0.0,0.6,0.0,2,2
5,0,281,Greedy-SLA,0.0026000197976827,0.0211999285966157,0.0014000106602907,0.0251999590545892,0.0,0.6,0.0,4,4
5,0,281,DT-Top1,0.0025997869670391,0.0209000427275896,0.0313001219183206,0.0547999516129493,0.0,0.6,21.0,0,2
5,0,282,PF,0.0030000228434801,0.0221000518649816,0.0016000121831893,0.0267000868916511,0.0,0.6,0.0,2,2
5,0,282,Greedy-SLA,0.0026000197976827,0.0207999255508184,0.0015001278370618,0.024900073185563,0.0,0.6,0.0,4,4
5,0,282,DT-Top1,0.0028000213205814,0.0207000412046909,0.0321997795253992,0.0556998420506715,0.0,0.6,21.0,0,2
5,0,283,PF,0.0028999056667089,0.0209000427275896,0.0016000121831893,0.0253999605774879,0.0,0.6,0.0,2,2
5,0,283,Greedy-SLA,0.0026000197976827,0.0209999270737171,0.0016998965293169,0.0252998434007167,0.0,0.6,0.0,4,4
5,0,283,DT-Top1,0.0026000197976827,0.0210001599043607,0.0015997793525457,0.0251999590545892,0.0,0.6,0.0,4,4
5,0,284,PF,0.0029001384973526,0.0207999255508184,0.0016000121831893,0.0253000762313604,0.0,0.6,0.0,2,2
5,0,284,Greedy-SLA,0.0025001354515552,0.0211000442504882,0.0014998950064182,0.0251000747084617,0.0,0.6,0.0,4,4
5,0,284,DT-Top1,0.0026000197976827,0.0207999255508184,0.0014000106602907,0.0247999560087919,0.0,0.6,0.0,4,4
5,0,285,PF,0.0028999056667089,0.0210001599043607,0.0017997808754444,0.0256998464465141,0.0,0.6,0.0,2,2
5,0,285,Greedy-SLA,0.0026000197976827,0.0209999270737171,0.0015001278370618,0.0251000747084617,0.0,0.6,0.0,4,4
5,0,285,DT-Top1,0.0025001354515552,0.0209000427275896,0.0314998906105756,0.0549000687897205,0.0,0.6,21.0,0,2
5,0,286,PF,0.0028999056667089,0.0207000412046909,0.0016000121831893,0.0251999590545892,0.0,0.6,0.0,2,2
5,0,286,Greedy-SLA,0.0026000197976827,0.0211999285966157,0.0312000047415494,0.054999953135848,0.0,0.6,21.0,0,2
5,0,286,DT-Top1,0.0027001369744539,0.0202998053282499,0.0307001173496246,0.0537000596523284,0.0,0.6,21.0,0,2
5,0,287,PF,0.0028999056667089,0.0219000503420829,0.0016000121831893,0.0263999681919813,0.0,0.6,0.0,2,2
5,0,287,Greedy-SLA,0.0028000213205814,0.0210998114198446,0.031700124964118,0.055599957704544,0.0,0.6,21.0,0,2
5,0,287,DT-Top1,0.002400018274784,0.0208998098969459,0.0310000032186508,0.0542998313903808,0.0,0.6,21.0,0,2
5,0,288,PF,0.0028999056667089,0.0211000442504882,0.0016998965293169,0.0256998464465141,0.0,0.6,0.0,2,2
5,0,288,Greedy-SLA,0.0026000197976827,0.0209000427275896,0.0016000121831893,0.0251000747084617,0.0,0.6,0.0,4,4
5,0,288,DT-Top1,0.0026999041438102,0.0203000381588935,0.0316000077873468,0.0545999500900507,0.0,0.6,21.0,0,2
5,0,289,PF,0.0029001384973526,0.0207999255508184,0.0016998965293169,0.0253999605774879,0.0,0.6,0.0,2,2
5,0,289,Greedy-SLA,0.0026999041438102,0.0205999240279197,0.0015001278370618,0.0247999560087919,0.0,0.6,0.0,4,4
5,0,289,DT-Top1,0.0026000197976827,0.020800158381462,0.0308000016957521,0.054200179874897,0.0,0.6,21.0,0,2
5,0,290,PF,0.0030000228434801,0.0209999270737171,0.0016000121831893,0.0255999621003866,0.0,0.6,0.0,2,2
5,0,290,Greedy-SLA,0.0026000197976827,0.0209000427275896,0.0015001278370618,0.0250001903623342,0.0,0.6,0.0,4,4
5,0,290,DT-Top1,0.0027001369744539,0.0205000396817922,0.0014998950064182,0.0247000716626644,0.0,0.6,0.0,4,4
5,0,291,PF,0.0026999041438102,0.0207000412046909,0.0015001278370618,0.024900073185563,0.0,0.6,0.0,2,2
5,0,291,Greedy-SLA,0.0026999041438102,0.0206001568585634,0.0014998950064182,0.0247999560087919,0.0,0.6,0.0,4,4
5,0,291,DT-Top1,0.0026000197976827,0.0204998068511486,0.0316000077873468,0.0546998344361782,0.0,0.6,21.0,0,2
5,0,292,PF,0.0028000213205814,0.0209000427275896,0.0016000121831893,0.0253000762313604,0.0,0.6,0.0,2,2
5,0,292,Greedy-SLA,0.0026000197976827,0.0205999240279197,0.0016000121831893,0.0247999560087919,0.0,0.6,0.0,4,4
5,0,292,DT-Top1,0.0025001354515552,0.0205999240279197,0.0014998950064182,0.0245999544858932,0.0,0.6,0.0,4,4
5,0,293,PF,0.0028000213205814,0.0207999255508184,0.0014998950064182,0.0250998418778181,0.0,0.6,0.0,2,2
5,0,293,Greedy-SLA,0.0026000197976827,0.0206998083740472,0.0015001278370618,0.0247999560087919,0.0,0.6,0.0,4,4
5,0,293,DT-Top1,0.0026000197976827,0.0206001568585634,0.0310000032186508,0.054200179874897,0.0,0.6,21.0,0,2
5,0,294,PF,0.0028000213205814,0.0211000442504882,0.0015001278370618,0.0254001934081316,0.0,0.6,0.0,2,2
5,0,294,Greedy-SLA,0.0026000197976827,0.262400135397911,0.0056000426411628,0.2706001978367567,0.0,0.6,0.0,4,4
5,0,294,DT-Top1,0.0038000289350748,0.0380000565201044,0.0016998965293169,0.0434999819844961,0.0,0.6,0.0,4,4
5,0,295,PF,0.0032999087125062,0.226000091060996,0.0030999071896076,0.2323999069631099,0.0,0.6,0.0,2,2
5,0,295,Greedy-SLA,0.0038999132812023,0.0291001051664352,0.0016998965293169,0.0346999149769544,0.0,0.6,0.0,4,4
5,0,295,DT-Top1,0.0028000213205814,0.0229999423027038,0.0014000106602907,0.027199974283576,0.0,0.6,0.0,4,4
5,0,296,PF,0.0020998995751142,0.0171000137925148,0.0011001247912645,0.0203000381588935,0.0,0.6,0.0,2,2
5,0,296,Greedy-SLA,0.001800013706088,0.0137998722493648,0.0010000076144933,0.0165998935699462,0.0,0.6,0.0,4,4
5,0,296,DT-Top1,0.0016998965293169,0.0134001020342111,0.0264998525381088,0.0415998511016368,0.0,0.6,21.0,0,2
5,0,297,PF,0.0023001339286565,0.0165000092238187,0.0011997763067483,0.0199999194592237,0.0,0.6,0.0,2,2
5,0,297,Greedy-SLA,0.0016000121831893,0.0136999879032373,0.0219000503420829,0.0372000504285097,0.0,0.6,21.0,0,2
5,0,297,DT-Top1,0.0016000121831893,0.0134999863803386,0.0498001463711261,0.0649001449346542,0.0,0.6,21.0,0,2
5,0,298,PF,0.0046000350266695,0.0420999713242054,0.0022000167518854,0.0489000231027603,0.0,0.6,0.0,2,2
5,0,298,Greedy-SLA,0.0031997915357351,0.0261000823229551,0.0017001293599605,0.0310000032186508,0.0,0.6,0.0,4,4
5,0,298,DT-Top1,0.0028000213205814,0.0225999392569065,0.0408999621868133,0.0662999227643013,0.0,0.6,21.0,0,2
5,0,299,PF,0.0031001400202512,0.0225999392569065,0.0015001278370618,0.0272002071142196,0.0,0.6,0.0,2,2
5,0,299,Greedy-SLA,0.0026999041438102,0.0214001629501581,0.0330000184476375,0.0571000855416059,0.0,0.6,21.0,0,2
5,0,299,DT-Top1,0.0026999041438102,0.0209000427275896,0.0321001280099153,0.0557000748813152,0.0,0.6,21.0,0,2
5,0,300,PF,0.0030000228434801,0.0215000472962856,0.0014998950064182,0.0259999651461839,0.0,0.6,0.0,2,2
5,0,300,Greedy-SLA,0.002400018274784,0.0211000442504882,0.0014998950064182,0.0249999575316905,0.0,0.6,0.0,4,4
5,0,300,DT-Top1,0.0026000197976827,0.0209000427275896,0.0438001006841659,0.0673001632094383,0.0,0.6,21.0,0,2
5,0,301,PF,0.0028999056667089,0.0217000488191843,0.0015001278370618,0.0261000823229551,0.0,0.6,0.0,2,2
5,0,301,Greedy-SLA,0.0025997869670391,0.0207000412046909,0.0014000106602907,0.0246998388320207,0.0,0.6,0.0,4,4
5,0,301,DT-Top1,0.0025001354515552,0.0201999209821224,0.031299889087677,0.0539999455213546,0.0,0.6,21.0,0,2
5,0,302,PF,0.0028999056667089,0.0209000427275896,0.0015001278370618,0.0253000762313604,0.0,0.6,0.0,2,2
5,0,302,Greedy-SLA,0.0044999178498983,0.0374000519514083,0.0020000152289867,0.0438999850302934,0.0,0.6,0.0,4,4
5,0,302,DT-Top1,0.0030000228434801,0.0243999529629945,0.0016998965293169,0.0290998723357915,0.0,0.6,0.0,4,4
5,0,303,PF,0.0032000243663787,0.0220001675188541,0.0016998965293169,0.0269000884145498,0.0,0.6,0.0,2,2
5,0,303,Greedy-SLA,0.0026000197976827,0.0215000472962856,0.0016000121831893,0.0257000792771577,0.0,0.6,0.0,4,4
5,0,303,DT-Top1,0.0026000197976827,0.0217000488191843,0.0017997808754444,0.0260998494923114,0.0,0.6,0.0,4,4
5,0,304,PF,0.0027997884899377,0.0217000488191843,0.0016000121831893,0.0260998494923114,0.0,0.6,0.0,2,2
5,0,304,Greedy-SLA,0.0026999041438102,0.0213000457733869,0.0015001278370618,0.0255000777542591,0.0,0.6,0.0,4,4
5,0,304,DT-Top1,0.0026000197976827,0.0217000488191843,0.0342000275850296,0.0585000962018966,0.0,0.6,21.0,0,2
5,0,305,PF,0.0030999071896076,0.0211999285966157,0.0017001293599605,0.0259999651461839,0.0,0.6,0.0,2,2
5,0,305,Greedy-SLA,0.0026999041438102,0.0213000457733869,0.0016000121831893,0.0255999621003866,0.0,0.6,0.0,4,4
5,0,305,DT-Top1,0.0026000197976827,0.0209000427275896,0.032499898225069,0.0559999607503414,0.0,0.6,21.0,0,2
5,0,306,PF,0.0029001384973526,0.0215999316424131,0.0015001278370618,0.0260001979768276,0.0,0.6,0.0,2,2
5,0,306,Greedy-SLA,0.0027997884899377,0.0215000472962856,0.0603001099079847,0.0845999456942081,0.0,0.6,21.0,0,2
5,0,306,DT-Top1,0.0026999041438102,0.0217000488191843,0.0318000093102455,0.05619996227324,0.0,0.6,21.0,0,2
5,0,307,PF,0.0030000228434801,0.0213000457733869,0.0016998965293169,0.0259999651461839,0.0,0.6,0.0,2,2
5,0,307,Greedy-SLA,0.0028000213205814,0.0213000457733869,0.0014998950064182,0.0255999621003866,0.0,0.6,0.0,4,4
5,0,307,DT-Top1,0.0024999026209115,0.0211000442504882,0.0316998921334743,0.0552998390048742,0.0,0.6,21.0,0,2
5,0,308,PF,0.0029001384973526,0.0210998114198446,0.0016000121831893,0.0255999621003866,0.0,0.6,0.0,2,2
5,0,308,Greedy-SLA,0.0026000197976827,0.0215999316424131,0.0014000106602907,0.0255999621003866,0.0,0.6,0.0,4,4
5,0,308,DT-Top1,0.0024999026209115,0.0207000412046909,0.0316000077873468,0.0547999516129493,0.0,0.6,21.0,0,2
5,0,309,PF,0.0030999071896076,0.0211000442504882,0.0014998950064182,0.0256998464465141,0.0,0.6,0.0,2,2
5,0,309,Greedy-SLA,0.0025997869670391,0.0210001599043607,0.0014998950064182,0.0250998418778181,0.0,0.6,0.0,4,4
5,0,309,DT-Top1,0.0025001354515552,0.0205999240279197,0.0014998950064182,0.0245999544858932,0.0,0.6,0.0,4,4
5,0,310,PF,0.0028999056667089,0.0216001644730567,0.0014000106602907,0.0259000808000564,0.0,0.6,0.0,2,2
5,0,310,Greedy-SLA,0.0026000197976827,0.028399983420968,0.0016000121831893,0.0326000154018402,0.0,0.6,0.0,4,4
5,0,310,DT-Top1,0.0026999041438102,0.0213999301195144,0.0015001278370618,0.0255999621003866,0.0,0.6,0.0,4,4
5,0,311,PF,0.0028999056667089,0.0212001614272594,0.0014000106602907,0.0255000777542591,0.0,0.6,0.0,2,2
5,0,311,Greedy-SLA,0.0025001354515552,0.0208998098969459,0.0014000106602907,0.0247999560087919,0.0,0.6,0.0,4,4
5,0,311,DT-Top1,0.0025001354515552,0.0208998098969459,0.0014000106602907,0.0247999560087919,0.0,0.6,0.0,4,4
5,0,312,PF,0.0028999056667089,0.0207000412046909,0.0016000121831893,0.0251999590545892,0.0,0.6,0.0,2,2
5,0,312,Greedy-SLA,0.0026999041438102,0.0207000412046909,0.0014998950064182,0.0248998403549194,0.0,0.6,0.0,4,4
5,0,312,DT-Top1,0.0026000197976827,0.0209999270737171,0.0014000106602907,0.0249999575316905,0.0,0.6,0.0,4,4
5,0,313,PF,0.0032000243663787,0.0223000533878803,0.0016998965293169,0.027199974283576,0.0,0.6,0.0,2,2
5,0,313,Greedy-SLA,0.0026999041438102,0.0212001614272594,0.0014998950064182,0.0253999605774879,0.0,0.6,0.0,4,4
5,0,313,DT-Top1,0.0024999026209115,0.0211000442504882,0.031899893656373,0.0554998405277729,0.0,0.6,21.0,0,2
5,0,314,PF,0.0030000228434801,0.0216001644730567,0.0014998950064182,0.0261000823229551,0.0,0.6,0.0,2,2
5,0,314,Greedy-SLA,0.0026000197976827,0.0211999285966157,0.0448999926447868,0.0686999410390853,0.0,0.6,21.0,0,2
5,0,314,DT-Top1,0.0025001354515552,0.0215000472962856,0.0314998906105756,0.0555000733584165,0.0,0.6,21.0,0,2
5,0,315,PF,0.0028999056667089,0.0209000427275896,0.0016000121831893,0.0253999605774879,0.0,0.6,0.0,2,2
5,0,315,Greedy-SLA,0.0026000197976827,0.0207999255508184,0.0315001234412193,0.0549000687897205,0.0,0.6,21.0,0,2
5,0,315,DT-Top1,0.0026000197976827,0.0209000427275896,0.0314998906105756,0.054999953135848,0.0,0.6,21.0,0,2
5,0,316,PF,0.0026999041438102,0.0207999255508184,0.0015001278370618,0.0249999575316905,0.0,0.6,0.0,2,2
5,0,316,Greedy-SLA,0.0026000197976827,0.0211000442504882,0.001399777829647,0.0250998418778181,0.0,0.6,0.0,4,4
5,0,316,DT-Top1,0.0026000197976827,0.0210001599043607,0.0014998950064182,0.0251000747084617,0.0,0.6,0.0,4,4
5,0,317,PF,0.0028000213205814,0.0207999255508184,0.0014998950064182,0.0250998418778181,0.0,0.6,0.0,2,2
5,0,317,Greedy-SLA,0.002400018274784,0.0213999301195144,0.0015001278370618,0.0253000762313604,0.0,0.6,0.0,4,4
5,0,317,DT-Top1,0.0024999026209115,0.0211000442504882,0.0014998950064182,0.0250998418778181,0.0,0.6,0.0,4,4
5,0,318,PF,0.0029001384973526,0.0212998129427433,0.0015001278370618,0.0257000792771577,0.0,0.6,0.0,2,2
5,0,318,Greedy-SLA,0.0025001354515552,0.0210998114198446,0.0014000106602907,0.0249999575316905,0.0,0.6,0.0,4,4
5,0,318,DT-Top1,0.0024999026209115,0.0211000442504882,0.032499898225069,0.0560998450964689,0.0,0.6,21.0,0,2
5,0,319,PF,0.0028000213205814,0.0207000412046909,0.0016998965293169,0.0251999590545892,0.0,0.6,0.0,2,2
5,0,319,Greedy-SLA,0.0022999010980129,0.0211000442504882,0.0015001278370618,0.024900073185563,0.0,0.6,0.0,4,4
5,0,319,DT-Top1,0.0021997839212417,0.0209000427275896,0.0320000108331441,0.0550998374819755,0.0,0.6,21.0,0,2
5,0,320,PF,0.0030000228434801,0.0209000427275896,0.0016000121831893,0.0255000777542591,0.0,0.6,0.0,2,2
5,0,320,Greedy-SLA,0.0026000197976827,0.0206001568585634,0.0320998951792717,0.0553000718355178,0.0,0.6,21.0,0,2
5,0,320,DT-Top1,0.0026000197976827,0.0207000412046909,0.0314998906105756,0.0547999516129493,0.0,0.6,21.0,0,2
5,0,321,PF,0.0028000213205814,0.0210001599043607,0.0016000121831893,0.0254001934081316,0.0,0.6,0.0,2,2
5,0,321,Greedy-SLA,0.0025001354515552,0.0207999255508184,0.0016000121831893,0.024900073185563,0.0,0.6,0.0,4,4
5,0,321,DT-Top1,0.0025997869670391,0.0207000412046909,0.0016000121831893,0.0248998403549194,0.0,0.6,0.0,4,4
5,0,322,PF,0.0028999056667089,0.020800158381462,0.0016000121831893,0.0253000762313604,0.0,0.6,0.0,2,2
5,0,322,Greedy-SLA,0.0024999026209115,0.0212001614272594,0.0014998950064182,0.0251999590545892,0.0,0.6,0.0,4,4
5,0,322,DT-Top1,0.0028000213205814,0.0218001659959554,0.0318000093102455,0.0564001966267824,0.0,0.6,21.0,0,2
5,0,323,PF,0.0028000213205814,0.0207999255508184,0.0014998950064182,0.0250998418778181,0.0,0.6,0.0,2,2
5,0,323,Greedy-SLA,0.0027001369744539,0.0207999255508184,0.0014998950064182,0.0249999575316905,0.0,0.6,0.0,4,4
5,0,323,DT-Top1,0.0026000197976827,0.0205000396817922,0.0015001278370618,0.0246001873165369,0.0,0.6,0.0,4,4
5,0,324,PF,0.0028000213205814,0.0207999255508184,0.0016000121831893,0.0251999590545892,0.0,0.6,0.0,2,2
5,0,324,Greedy-SLA,0.0032999087125062,0.0219000503420829,0.031899893656373,0.0570998527109622,0.0,0.6,21.0,0,2
5,0,324,DT-Top1,0.0026000197976827,0.0209000427275896,0.0318000093102455,0.0553000718355178,0.0,0.6,21.0,0,2
5,0,325,PF,0.0028000213205814,0.0208998098969459,0.0015001278370618,0.0251999590545892,0.0,0.6,0.0,2,2
5,0,325,Greedy-SLA,0.0026000197976827,0.0205999240279197,0.0015001278370618,0.0247000716626644,0.0,0.6,0.0,4,4
5,0,325,DT-Top1,0.0025001354515552,0.0207000412046909,0.0316000077873468,0.054800184443593,0.0,0.6,21.0,0,2
5,0,326,PF,0.0028999056667089,0.0207000412046909,0.0016000121831893,0.0251999590545892,0.0,0.6,0.0,2,2
5,0,326,Greedy-SLA,0.002400018274784,0.0207999255508184,0.0014998950064182,0.0246998388320207,0.0,0.6,0.0,4,4
5,0,326,DT-Top1,0.0027997884899377,0.0218001659959554,0.0320998951792717,0.0566998496651649,0.0,0.6,21.0,0,2
5,0,327,PF,0.0028000213205814,0.020800158381462,0.0016998965293169,0.0253000762313604,0.0,0.6,0.0,2,2
5,0,327,Greedy-SLA,0.0026000197976827,0.0207999255508184,0.0015001278370618,0.024900073185563,0.0,0.6,0.0,4,4
5,0,327,DT-Top1,0.0024999026209115,0.0210001599043607,0.0016000121831893,0.0251000747084617,0.0,0.6,0.0,4,4
5,0,328,PF,0.0029001384973526,0.0207000412046909,0.0016000121831893,0.0252001918852329,0.0,0.6,0.0,2,2
5,0,328,Greedy-SLA,0.002400018274784,0.0209999270737171,0.0016000121831893,0.0249999575316905,0.0,0.6,0.0,4,4
5,0,328,DT-Top1,0.0025997869670391,0.0207000412046909,0.0015001278370618,0.0247999560087919,0.0,0.6,0.0,4,4
5,0,329,PF,0.0030000228434801,0.020800158381462,0.0016000121831893,0.0254001934081316,0.0,0.6,0.0,2,2
5,0,329,Greedy-SLA,0.0025001354515552,0.0209999270737171,0.0015001278370618,0.0250001903623342,0.0,0.6,0.0,4,4
5,0,329,DT-Top1,0.0025001354515552,0.0205999240279197,0.0320000108331441,0.0551000703126192,0.0,0.6,21.0,0,2
5,0,330,PF,0.0029001384973526,0.0209000427275896,0.0016998965293169,0.0255000777542591,0.0,0.6,0.0,2,2
5,0,330,Greedy-SLA,0.0024999026209115,0.0209000427275896,0.0015001278370618,0.024900073185563,0.0,0.6,0.0,4,4
5,0,330,DT-Top1,0.002400018274784,0.0204998068511486,0.0312000047415494,0.0540998298674821,0.0,0.6,21.0,0,2
5,0,331,PF,0.0030000228434801,0.0211000442504882,0.0015997793525457,0.0256998464465141,0.0,0.6,0.0,2,2
5,0,331,Greedy-SLA,0.0026000197976827,0.0209000427275896,0.0014000106602907,0.024900073185563,0.0,0.6,0.0,4,4
5,0,331,DT-Top1,0.0026000197976827,0.0209000427275896,0.0321001280099153,0.0556001905351877,0.0,0.6,21.0,0,2
5,0,332,PF,0.0029001384973526,0.0211000442504882,0.0015997793525457,0.0255999621003866,0.0,0.6,0.0,2,2
5,0,332,Greedy-SLA,0.0024999026209115,0.0209000427275896,0.0015001278370618,0.024900073185563,0.0,0.6,0.0,4,4
5,0,332,DT-Top1,0.002400018274784,0.0207000412046909,0.0319001264870166,0.0550001859664917,0.0,0.6,21.0,0,2
5,0,333,PF,0.0030000228434801,0.0207000412046909,0.0014998950064182,0.0251999590545892,0.0,0.6,0.0,2,2
5,0,333,Greedy-SLA,0.0026999041438102,0.0210001599043607,0.0014000106602907,0.0251000747084617,0.0,0.6,0.0,4,4
5,0,333,DT-Top1,0.002400018274784,0.0207999255508184,0.0015001278370618,0.0247000716626644,0.0,0.6,0.0,4,4
5,0,334,PF,0.0030000228434801,0.0209000427275896,0.0016000121831893,0.0255000777542591,0.0,0.6,0.0,2,2
5,0,334,Greedy-SLA,0.0025997869670391,0.0212001614272594,0.0014998950064182,0.0252998434007167,0.0,0.6,0.0,4,4
5,0,334,DT-Top1,0.002400018274784,0.0206998083740472,0.0015001278370618,0.0245999544858932,0.0,0.6,0.0,4,4
5,0,335,PF,0.0029001384973526,0.0263000838458538,0.0015997793525457,0.0308000016957521,0.0,0.6,0.0,2,2
5,0,335,Greedy-SLA,0.002400018274784,0.0211000442504882,0.0015001278370618,0.0250001903623342,0.0,0.6,0.0,4,4
5,0,335,DT-Top1,0.0022999010980129,0.0209000427275896,0.0321001280099153,0.0553000718355178,0.0,0.6,21.0,0,2
5,0,336,PF,0.0030000228434801,0.0210001599043607,0.0014998950064182,0.0255000777542591,0.0,0.6,0.0,2,2
5,0,336,Greedy-SLA,0.0026000197976827,0.0209000427275896,0.0015001278370618,0.0250001903623342,0.0,0.6,0.0,4,4
5,0,336,DT-Top1,0.0026000197976827,0.0209000427275896,0.0320000108331441,0.0555000733584165,0.0,0.6,21.0,0,2
5,0,337,PF,0.0030999071896076,0.0214001629501581,0.0015997793525457,0.0260998494923114,0.0,0.6,0.0,2,2
5,0,337,Greedy-SLA,0.0028000213205814,0.020800158381462,0.0014998950064182,0.0251000747084617,0.0,0.6,0.0,4,4
5,0,337,DT-Top1,0.002400018274784,0.020800158381462,0.0314998906105756,0.0547000672668218,0.0,0.6,21.0,0,2
5,0,338,PF,0.0030000228434801,0.0207000412046909,0.0015997793525457,0.0252998434007167,0.0,0.6,0.0,2,2
5,0,338,Greedy-SLA,0.0022999010980129,0.0209000427275896,0.0014000106602907,0.0245999544858932,0.0,0.6,0.0,4,4
5,0,338,DT-Top1,0.0022999010980129,0.0210001599043607,0.0014000106602907,0.0247000716626644,0.0,0.6,0.0,4,4
5,0,339,PF,0.0028000213205814,0.020800158381462,0.0014998950064182,0.0251000747084617,0.0,0.6,0.0,2,2
5,0,339,Greedy-SLA,0.0026000197976827,0.0253000762313604,0.0015001278370618,0.029400223866105,0.0,0.6,0.0,4,4
5,0,339,DT-Top1,0.002400018274784,0.0207000412046909,0.0316000077873468,0.0547000672668218,0.0,0.6,21.0,0,2
5,0,340,PF,0.0028999056667089,0.0213000457733869,0.0014998950064182,0.0256998464465141,0.0,0.6,0.0,2,2
5,0,340,Greedy-SLA,0.0026000197976827,0.0210001599043607,0.0014000106602907,0.0250001903623342,0.0,0.6,0.0,4,4
5,0,340,DT-Top1,0.002400018274784,0.0209000427275896,0.0316000077873468,0.0549000687897205,0.0,0.6,21.0,0,2
5,0,341,PF,0.0030000228434801,0.0207000412046909,0.0015001278370618,0.0252001918852329,0.0,0.6,0.0,2,2
5,0,341,Greedy-SLA,0.0025001354515552,0.0209999270737171,0.0014000106602907,0.024900073185563,0.0,0.6,0.0,4,4
5,0,341,DT-Top1,0.0026000197976827,0.0211000442504882,0.0014000106602907,0.0251000747084617,0.0,0.6,0.0,4,4
5,0,342,PF,0.0030000228434801,0.0209000427275896,0.0014998950064182,0.0253999605774879,0.0,0.6,0.0,2,2
5,0,342,Greedy-SLA,0.0025001354515552,0.0207999255508184,0.0014000106602907,0.0247000716626644,0.0,0.6,0.0,4,4
5,0,342,DT-Top1,0.0026999041438102,0.0206001568585634,0.0014000106602907,0.0247000716626644,0.0,0.6,0.0,4,4
5,0,343,PF,0.0030000228434801,0.0212001614272594,0.0014998950064182,0.0257000792771577,0.0,0.6,0.0,2,2
5,0,343,Greedy-SLA,0.0026000197976827,0.0212001614272594,0.0014000106602907,0.0252001918852329,0.0,0.6,0.0,4,4
5,0,343,DT-Top1,0.0026000197976827,0.0207000412046909,0.0428999774158,0.0662000384181737,0.0,0.6,21.0,0,2
5,0,344,PF,0.0030000228434801,0.0209000427275896,0.0016000121831893,0.0255000777542591,0.0,0.6,0.0,2,2
5,0,344,Greedy-SLA,0.0026000197976827,0.0209000427275896,0.0014998950064182,0.0249999575316905,0.0,0.6,0.0,4,4
5,0,344,DT-Top1,0.0024999026209115,0.0206001568585634,0.0316998921334743,0.0547999516129493,0.0,0.6,21.0,0,2
5,0,345,PF,0.0030000228434801,0.0209000427275896,0.0015001278370618,0.0254001934081316,0.0,0.6,0.0,2,2
5,0,345,Greedy-SLA,0.0026999041438102,0.0211000442504882,0.0014000106602907,0.0251999590545892,0.0,0.6,0.0,4,4
5,0,345,DT-Top1,0.0027001369744539,0.0207000412046909,0.0318000093102455,0.0552001874893903,0.0,0.6,21.0,0,2
5,0,346,PF,0.0028000213205814,0.020399922505021,0.0016000121831893,0.0247999560087919,0.0,0.6,0.0,2,2
5,0,346,Greedy-SLA,0.0026000197976827,0.0210001599043607,0.0014998950064182,0.0251000747084617,0.0,0.6,0.0,4,4
5,0,346,DT-Top1,0.0026999041438102,0.0206001568585634,0.0014000106602907,0.0247000716626644,0.0,0.6,0.0,4,4
5,0,347,PF,0.0030000228434801,0.0211000442504882,0.0015001278370618,0.0256001949310302,0.0,0.6,0.0,2,2
5,0,347,Greedy-SLA,0.0026999041438102,0.0213000457733869,0.0014000106602907,0.0253999605774879,0.0,0.6,0.0,4,4
5,0,347,DT-Top1,0.0026999041438102,0.0211000442504882,0.0316000077873468,0.0553999561816453,0.0,0.6,21.0,0,2
5,0,348,PF,0.0030000228434801,0.0210001599043607,0.0014998950064182,0.0255000777542591,0.0,0.6,0.0,2,2
5,0,348,Greedy-SLA,0.0026000197976827,0.020800158381462,0.0014998950064182,0.024900073185563,0.0,0.6,0.0,4,4
5,0,348,DT-Top1,0.0026999041438102,0.0211000442504882,0.031700124964118,0.0555000733584165,0.0,0.6,21.0,0,2
5,0,349,PF,0.0029001384973526,0.0211000442504882,0.0014998950064182,0.0255000777542591,0.0,0.6,0.0,2,2
5,0,349,Greedy-SLA,0.0026000197976827,0.0213000457733869,0.0015001278370618,0.0254001934081316,0.0,0.6,0.0,4,4
5,0,349,DT-Top1,0.0026999041438102,0.020800158381462,0.0014998950064182,0.0249999575316905,0.0,0.6,0.0,4,4
5,0,350,PF,0.0028000213205814,0.0209000427275896,0.0015001278370618,0.0252001918852329,0.0,0.6,0.0,2,2
5,0,350,Greedy-SLA,0.0026000197976827,0.0211000442504882,0.0014000106602907,0.0251000747084617,0.0,0.6,0.0,4,4
5,0,350,DT-Top1,0.0025997869670391,0.0207000412046909,0.0015001278370618,0.0247999560087919,0.0,0.6,0.0,4,4
5,0,351,PF,0.0028000213205814,0.0209000427275896,0.0014998950064182,0.0251999590545892,0.0,0.6,0.0,2,2
5,0,351,Greedy-SLA,0.0026999041438102,0.0211000442504882,0.0318000093102455,0.055599957704544,0.0,0.6,21.0,0,2
5,0,351,DT-Top1,0.0026000197976827,0.0205999240279197,0.0314000062644481,0.0545999500900507,0.0,0.6,21.0,0,2
5,0,352,PF,0.0028999056667089,0.0214001629501581,0.0016000121831893,0.0259000808000564,0.0,0.6,0.0,2,2
5,0,352,Greedy-SLA,0.0026000197976827,0.0210001599043607,0.0016000121831893,0.0252001918852329,0.0,0.6,0.0,4,4
5,0,352,DT-Top1,0.0026000197976827,0.0207000412046909,0.0314000062644481,0.0547000672668218,0.0,0.6,21.0,0,2
5,0,353,PF,0.0030000228434801,0.0207000412046909,0.0016000121831893,0.0253000762313604,0.0,0.6,0.0,2,2
5,0,353,Greedy-SLA,0.0026000197976827,0.0209999270737171,0.0015001278370618,0.0251000747084617,0.0,0.6,0.0,4,4
5,0,353,DT-Top1,0.0026999041438102,0.0209000427275896,0.0320000108331441,0.055599957704544,0.0,0.6,21.0,0,2
5,0,354,PF,0.0028000213205814,0.0206001568585634,0.0016000121831893,0.0250001903623342,0.0,0.6,0.0,2,2
5,0,354,Greedy-SLA,0.0026000197976827,0.0206001568585634,0.0014000106602907,0.0246001873165369,0.0,0.6,0.0,4,4
5,0,354,DT-Top1,0.0026999041438102,0.0205000396817922,0.0314000062644481,0.0545999500900507,0.0,0.6,21.0,0,2
5,0,355,PF,0.0031001400202512,0.0207000412046909,0.0016000121831893,0.0254001934081316,0.0,0.6,0.0,2,2
5,0,355,Greedy-SLA,0.0026000197976827,0.0207000412046909,0.0014998950064182,0.0247999560087919,0.0,0.6,0.0,4,4
5,0,355,DT-Top1,0.0026999041438102,0.0207000412046909,0.0316000077873468,0.054999953135848,0.0,0.6,21.0,0,2
5,0,356,PF,0.0028999056667089,0.0316000077873468,0.0015001278370618,0.0360000412911176,0.0,0.6,0.0,2,2
5,0,356,Greedy-SLA,0.0027001369744539,0.0207999255508184,0.0014000106602907,0.024900073185563,0.0,0.6,0.0,4,4
5,0,356,DT-Top1,0.0027001369744539,0.0237999483942985,0.0014998950064182,0.0279999803751707,0.0,0.6,0.0,4,4
5,0,357,PF,0.0034000258892774,0.0229000579565763,0.0010000076144933,0.0273000914603471,0.0,0.6,0.0,2,2
5,0,357,Greedy-SLA,0.0015001278370618,0.0132999848574399,0.0008998904377222,0.015700003132224,0.0,0.6,0.0,4,4
5,0,357,DT-Top1,0.0016000121831893,0.0130000989884138,0.0205999240279197,0.0352000351995229,0.0,0.6,21.0,0,2
5,0,358,PF,0.001800013706088,0.0696999486535787,0.0022000167518854,0.0736999791115522,0.0,0.6,0.0,2,2
5,0,358,Greedy-SLA,0.0016998965293169,0.0153000000864267,0.0010000076144933,0.017999904230237,0.0,0.6,0.0,4,4
5,0,358,DT-Top1,0.0016000121831893,0.0130999833345413,0.0652999151498079,0.0799999106675386,0.0,0.6,21.0,0,2
5,0,359,PF,0.0018998980522155,0.0140999909490346,0.0011001247912645,0.0171000137925148,0.0,0.6,0.0,2,2
5,0,359,Greedy-SLA,0.0016000121831893,0.0128999818116426,0.0201000366359949,0.0346000306308269,0.0,0.6,21.0,0,2
5,0,359,DT-Top1,0.0410000793635845,0.0177999027073383,0.0253999605774879,0.0841999426484108,0.0,0.6,21.0,0,2
5,0,360,PF,0.0040999148041009,0.0253000762313604,0.001200009137392,0.0306000001728534,0.0,0.6,0.0,2,2
5,0,360,Greedy-SLA,0.0016998965293169,0.0146001111716032,0.0010000076144933,0.0173000153154134,0.0,0.6,0.0,4,4
5,0,360,DT-Top1,0.0017001293599605,0.0135998707264661,0.0215999316424131,0.0368999317288398,0.0,0.6,21.0,0,2
5,0,361,PF,0.0019001308828592,0.0964000355452299,0.0018998980522155,0.1002000644803047,0.0,0.6,0.0,2,2
5,0,361,Greedy-SLA,0.0019001308828592,0.0384999439120292,0.0010998919606208,0.0414999667555093,0.0,0.6,0.0,4,4
5,0,361,DT-Top1,0.0019001308828592,0.0159000046551227,0.0221999362111091,0.0400000717490911,0.0,0.6,21.0,0,2
5,0,362,PF,0.0022000167518854,0.0153000000864267,0.0011001247912645,0.0186001416295766,0.0,0.6,0.0,2,2
5,0,362,Greedy-SLA,0.001800013706088,0.0133998692035675,0.0009001232683658,0.0161000061780214,0.0,0.6,0.0,4,4
5,0,362,DT-Top1,0.0016998965293169,0.0132999848574399,0.0207000412046909,0.0356999225914478,0.0,0.6,21.0,0,2
5,0,363,PF,0.0020000152289867,0.0134999863803386,0.0010000076144933,0.0165000092238187,0.0,0.6,0.0,2,2
5,0,363,Greedy-SLA,0.0017001293599605,0.0132999848574399,0.0010000076144933,0.0160001218318939,0.0,0.6,0.0,4,4
5,0,363,DT-Top1,0.0016998965293169,0.0130000989884138,0.0008998904377222,0.0155998859554529,0.0,0.6,0.0,4,4
5,0,364,PF,0.0019001308828592,0.0131998676806688,0.0010000076144933,0.0161000061780214,0.0,0.6,0.0,2,2
5,0,364,Greedy-SLA,0.0016000121831893,0.0130999833345413,0.0008998904377222,0.0155998859554529,0.0,0.6,0.0,4,4
5,0,364,DT-Top1,0.0016998965293169,0.0131002161651849,0.0204998068511486,0.0352999195456504,0.0,0.6,21.0,0,2
5,0,365,PF,0.001800013706088,0.023700064048171,0.0010000076144933,0.0265000853687524,0.0,0.6,0.0,2,2
5,0,365,Greedy-SLA,0.0026000197976827,0.0209999270737171,0.0014998950064182,0.0250998418778181,0.0,0.6,0.0,4,4
5,0,365,DT-Top1,0.0026000197976827,0.0208998098969459,0.0320000108331441,0.0554998405277729,0.0,0.6,21.0,0,2
5,0,366,PF,0.0030000228434801,0.020800158381462,0.0014998950064182,0.0253000762313604,0.0,0.6,0.0,2,2
5,0,366,Greedy-SLA,0.0026999041438102,0.0213999301195144,0.0318000093102455,0.0558998435735702,0.0,0.6,21.0,0,2
5,0,366,DT-Top1,0.0025997869670391,0.0206001568585634,0.0312000047415494,0.054399948567152,0.0,0.6,21.0,0,2
5,0,367,PF,0.0030000228434801,0.0213000457733869,0.0014998950064182,0.0257999636232852,0.0,0.6,0.0,2,2
5,0,367,Greedy-SLA,0.0026999041438102,0.0207999255508184,0.0016000121831893,0.0250998418778181,0.0,0.6,0.0,4,4
5,0,367,DT-Top1,0.0028000213205814,0.0207999255508184,0.0316998921334743,0.0552998390048742,0.0,0.6,21.0,0,2
5,0,368,PF,0.0031001400202512,0.0208998098969459,0.0014000106602907,0.0253999605774879,0.0,0.6,0.0,2,2
5,0,368,Greedy-SLA,0.0026999041438102,0.0213999301195144,0.0015001278370618,0.0255999621003866,0.0,0.6,0.0,4,4
5,0,368,DT-Top1,0.0026999041438102,0.0206001568585634,0.0014998950064182,0.0247999560087919,0.0,0.6,0.0,4,4
5,0,369,PF,0.0030000228434801,0.0210998114198446,0.0064000487327575,0.0304998829960823,0.0,0.6,0.0,2,2
5,0,369,Greedy-SLA,0.0026000197976827,0.0209999270737171,0.0015001278370618,0.0251000747084617,0.0,0.6,0.0,4,4
5,0,369,DT-Top1,0.0028000213205814,0.0207000412046909,0.0322000123560428,0.0557000748813152,0.0,0.6,21.0,0,2
5,0,370,PF,0.0030000228434801,0.0209000427275896,0.0015001278370618,0.0254001934081316,0.0,0.6,0.0,2,2
5,0,370,Greedy-SLA,0.0028000213205814,0.0215000472962856,0.0014000106602907,0.0257000792771577,0.0,0.6,0.0,4,4
5,0,370,DT-Top1,0.0026999041438102,0.0211000442504882,0.0322998967021703,0.0560998450964689,0.0,0.6,21.0,0,2
5,0,371,PF,0.0028999056667089,0.0212001614272594,0.0016000121831893,0.0257000792771577,0.0,0.6,0.0,2,2
5,0,371,Greedy-SLA,0.0026999041438102,0.0209000427275896,0.0015001278370618,0.0251000747084617,0.0,0.6,0.0,4,4
5,0,371,DT-Top1,0.0026000197976827,0.0207999255508184,0.031700124964118,0.0551000703126192,0.0,0.6,21.0,0,2
5,0,372,PF,0.0030000228434801,0.0209999270737171,0.0015001278370618,0.0255000777542591,0.0,0.6,0.0,2,2
5,0,372,Greedy-SLA,0.0025001354515552,0.0209999270737171,0.0014000106602907,0.024900073185563,0.0,0.6,0.0,4,4
5,0,372,DT-Top1,0.0026000197976827,0.0207999255508184,0.0015001278370618,0.024900073185563,0.0,0.6,0.0,4,4
5,0,373,PF,0.0028000213205814,0.0210001599043607,0.0016000121831893,0.0254001934081316,0.0,0.6,0.0,2,2
5,0,373,Greedy-SLA,0.0025001354515552,0.0258998479694128,0.0014000106602907,0.0297999940812587,0.0,0.6,0.0,4,4
5,0,373,DT-Top1,0.0026000197976827,0.0214001629501581,0.0323997810482978,0.0563999637961387,0.0,0.6,21.0,0,2
5,0,374,PF,0.0028000213205814,0.0209999270737171,0.0016000121831893,0.0253999605774879,0.0,0.6,0.0,2,2
5,0,374,Greedy-SLA,0.0026000197976827,0.0209999270737171,0.0320998951792717,0.0556998420506715,0.0,0.6,21.0,0,2
5,0,374,DT-Top1,0.0026999041438102,0.0205999240279197,0.0312000047415494,0.0544998329132795,0.0,0.6,21.0,0,2
5,0,375,PF,0.0028000213205814,0.0211000442504882,0.0014998950064182,0.0253999605774879,0.0,0.6,0.0,2,2
5,0,375,Greedy-SLA,0.0026000197976827,0.0213000457733869,0.0320000108331441,0.0559000764042139,0.0,0.6,21.0,0,2
5,0,375,DT-Top1,0.0027001369744539,0.0209999270737171,0.0320000108331441,0.0557000748813152,0.0,0.6,21.0,0,2
5,0,376,PF,0.0028000213205814,0.0211999285966157,0.0016998965293169,0.0256998464465141,0.0,0.6,0.0,2,2
5,0,376,Greedy-SLA,0.0026000197976827,0.0209999270737171,0.0314998906105756,0.0550998374819755,0.0,0.6,21.0,0,2
5,0,376,DT-Top1,0.0024999026209115,0.0205999240279197,0.0316000077873468,0.0546998344361782,0.0,0.6,21.0,0,2
5,0,377,PF,0.0029001384973526,0.0211999285966157,0.0015001278370618,0.0256001949310302,0.0,0.6,0.0,2,2
5,0,377,Greedy-SLA,0.0026000197976827,0.0209999270737171,0.0016000121831893,0.0251999590545892,0.0,0.6,0.0,4,4
5,0,377,DT-Top1,0.0026999041438102,0.0210001599043607,0.0320000108331441,0.0557000748813152,0.0,0.6,21.0,0,2
5,0,378,PF,0.0028999056667089,0.0212001614272594,0.0016000121831893,0.0257000792771577,0.0,0.6,0.0,2,2
5,0,378,Greedy-SLA,0.0026000197976827,0.0212001614272594,0.0014000106602907,0.0252001918852329,0.0,0.6,0.0,4,4
5,0,378,DT-Top1,0.0028000213205814,0.0205999240279197,0.0015001278370618,0.024900073185563,0.0,0.6,0.0,4,4
5,0,379,PF,0.0030000228434801,0.0213000457733869,0.0015001278370618,0.0258001964539289,0.0,0.6,0.0,2,2
5,0,379,Greedy-SLA,0.0026999041438102,0.0209000427275896,0.0015001278370618,0.0251000747084617,0.0,0.6,0.0,4,4
5,0,379,DT-Top1,0.0024999026209115,0.0209999270737171,0.0013001263141632,0.0247999560087919,0.0,0.6,0.0,4,4
5,0,380,PF,0.0027997884899377,0.0211000442504882,0.0014000106602907,0.0252998434007167,0.0,0.6,0.0,2,2
5,0,380,Greedy-SLA,0.0026000197976827,0.0207999255508184,0.0015001278370618,0.024900073185563,0.0,0.6,0.0,4,4
5,0,380,DT-Top1,0.0026000197976827,0.0209999270737171,0.031899893656373,0.0554998405277729,0.0,0.6,21.0,0,2
5,0,381,PF,0.0028999056667089,0.0209000427275896,0.0016000121831893,0.0253999605774879,0.0,0.6,0.0,2,2
5,0,381,Greedy-SLA,0.0025001354515552,0.0308000016957521,0.0014000106602907,0.0347001478075981,0.0,0.6,0.0,4,4
5,0,381,DT-Top1,0.0027001369744539,0.0213000457733869,0.0320998951792717,0.0561000779271125,0.0,0.6,21.0,0,2
5,0,382,PF,0.0028000213205814,0.0218998175114393,0.0016000121831893,0.0262998510152101,0.0,0.6,0.0,2,2
5,0,382,Greedy-SLA,0.0028000213205814,0.0211000442504882,0.0014000106602907,0.0253000762313604,0.0,0.6,0.0,4,4
5,0,382,DT-Top1,0.0026000197976827,0.0209000427275896,0.0316998921334743,0.0551999546587467,0.0,0.6,21.0,0,2
5,0,383,PF,0.0030000228434801,0.0211000442504882,0.0014000106602907,0.0255000777542591,0.0,0.6,0.0,2,2
5,0,383,Greedy-SLA,0.0026000197976827,0.0207999255508184,0.0014998950064182,0.0248998403549194,0.0,0.6,0.0,4,4
5,0,383,DT-Top1,0.0026000197976827,0.020800158381462,0.031299889087677,0.0547000672668218,0.0,0.6,21.0,0,2
5,0,384,PF,0.0028000213205814,0.0211000442504882,0.0016000121831893,0.0255000777542591,0.0,0.6,0.0,2,2
5,0,384,Greedy-SLA,0.0026000197976827,0.0212001614272594,0.0014998950064182,0.0253000762313604,0.0,0.6,0.0,4,4
5,0,384,DT-Top1,0.0027001369744539,0.0209999270737171,0.0014000106602907,0.0251000747084617,0.0,0.6,0.0,4,4
5,0,385,PF,0.0030000228434801,0.0211999285966157,0.0015001278370618,0.0257000792771577,0.0,0.6,0.0,2,2
5,0,385,Greedy-SLA,0.0028000213205814,0.0207000412046909,0.001399777829647,0.0248998403549194,0.0,0.6,0.0,4,4
5,0,385,DT-Top1,0.0028000213205814,0.0213999301195144,0.0326000154018402,0.0567999668419361,0.0,0.6,21.0,0,2
5,0,386,PF,0.0028999056667089,0.0209000427275896,0.0017001293599605,0.0255000777542591,0.0,0.6,0.0,2,2
5,0,386,Greedy-SLA,0.0026000197976827,0.0213000457733869,0.0014000106602907,0.0253000762313604,0.0,0.6,0.0,4,4
5,0,386,DT-Top1,0.0027997884899377,0.0210001599043607,0.031899893656373,0.0556998420506715,0.0,0.6,21.0,0,2
5,0,387,PF,0.0029001384973526,0.0205999240279197,0.0015001278370618,0.0250001903623342,0.0,0.6,0.0,2,2
5,0,387,Greedy-SLA,0.0025001354515552,0.0211999285966157,0.0015001278370618,0.0252001918852329,0.0,0.6,0.0,4,4
5,0,387,DT-Top1,0.0026999041438102,0.0207000412046909,0.0014998950064182,0.0248998403549194,0.0,0.6,0.0,4,4
5,0,388,PF,0.0028000213205814,0.0207999255508184,0.0016000121831893,0.0251999590545892,0.0,0.6,0.0,2,2
5,0,388,Greedy-SLA,0.0025001354515552,0.0209000427275896,0.0014998950064182,0.024900073185563,0.0,0.6,0.0,4,4
5,0,388,DT-Top1,0.0025997869670391,0.0206001568585634,0.0014998950064182,0.0246998388320207,0.0,0.6,0.0,4,4
5,0,389,PF,0.0028000213205814,0.0211000442504882,0.0016000121831893,0.0255000777542591,0.0,0.6,0.0,2,2
5,0,389,Greedy-SLA,0.0026999041438102,0.0211999285966157,0.0014000106602907,0.0252998434007167,0.0,0.6,0.0,4,4
5,0,389,DT-Top1,0.0027001369744539,0.0204998068511486,0.037000048905611,0.0601999927312135,0.0,0.6,21.0,0,2
5,0,390,PF,0.0030000228434801,0.0211000442504882,0.0016000121831893,0.0257000792771577,0.0,0.6,0.0,2,2
5,0,390,Greedy-SLA,0.0024999026209115,0.0206001568585634,0.0014000106602907,0.0245000701397657,0.0,0.6,0.0,4,4
5,0,390,DT-Top1,0.0026000197976827,0.0205000396817922,0.0318000093102455,0.0549000687897205,0.0,0.6,21.0,0,2
5,0,391,PF,0.0028000213205814,0.0211999285966157,0.0014998950064182,0.0254998449236154,0.0,0.6,0.0,2,2
5,0,391,Greedy-SLA,0.0025001354515552,0.0209000427275896,0.0016000121831893,0.0250001903623342,0.0,0.6,0.0,4,4
5,0,391,DT-Top1,0.0026000197976827,0.0205999240279197,0.0014000106602907,0.0245999544858932,0.0,0.6,0.0,4,4
5,0,392,PF,0.0028000213205814,0.0209999270737171,0.0016000121831893,0.0253999605774879,0.0,0.6,0.0,2,2
5,0,392,Greedy-SLA,0.0026000197976827,0.0209000427275896,0.031700124964118,0.0552001874893903,0.0,0.6,21.0,0,2
5,0,392,DT-Top1,0.0027001369744539,0.0207000412046909,0.0314998906105756,0.0549000687897205,0.0,0.6,21.0,0,2
5,0,393,PF,0.0030000228434801,0.0210001599043607,0.0016998965293169,0.0257000792771577,0.0,0.6,0.0,2,2
5,0,393,Greedy-SLA,0.0026999041438102,0.0209000427275896,0.0014000106602907,0.0249999575316905,0.0,0.6,0.0,4,4
5,0,393,DT-Top1,0.0027001369744539,0.0207000412046909,0.0314000062644481,0.054800184443593,0.0,0.6,21.0,0,2
5,0,394,PF,0.0030000228434801,0.0207999255508184,0.0014998950064182,0.0252998434007167,0.0,0.6,0.0,2,2
5,0,394,Greedy-SLA,0.0025001354515552,0.0211999285966157,0.0014000106602907,0.0251000747084617,0.0,0.6,0.0,4,4
5,0,394,DT-Top1,0.0028000213205814,0.0207999255508184,0.0014998950064182,0.0250998418778181,0.0,0.6,0.0,4,4
5,0,395,PF,0.0029001384973526,0.0207999255508184,0.0014998950064182,0.0251999590545892,0.0,0.6,0.0,2,2
5,0,395,Greedy-SLA,0.0024999026209115,0.0207000412046909,0.0016000121831893,0.0247999560087919,0.0,0.6,0.0,4,4
5,0,395,DT-Top1,0.0026000197976827,0.0207999255508184,0.0321001280099153,0.0555000733584165,0.0,0.6,21.0,0,2
5,0,396,PF,0.0030000228434801,0.0209000427275896,0.0014998950064182,0.0253999605774879,0.0,0.6,0.0,2,2
5,0,396,Greedy-SLA,0.0026999041438102,0.0211000442504882,0.0013001263141632,0.0251000747084617,0.0,0.6,0.0,4,4
5,0,396,DT-Top1,0.0025001354515552,0.0207999255508184,0.0015001278370618,0.0248001888394355,0.0,0.6,0.0,4,4
5,0,397,PF,0.0028000213205814,0.0207999255508184,0.0014000106602907,0.0249999575316905,0.0,0.6,0.0,2,2
5,0,397,Greedy-SLA,0.002400018274784,0.0211000442504882,0.0014998950064182,0.0249999575316905,0.0,0.6,0.0,4,4
5,0,397,DT-Top1,0.0026000197976827,0.0212001614272594,0.0014998950064182,0.0253000762313604,0.0,0.6,0.0,4,4
5,0,398,PF,0.0028000213205814,0.0207999255508184,0.0016000121831893,0.0251999590545892,0.0,0.6,0.0,2,2
5,0,398,Greedy-SLA,0.0026000197976827,0.0217000488191843,0.0014000106602907,0.0257000792771577,0.0,0.6,0.0,4,4
5,0,398,DT-Top1,0.0026000197976827,0.0205999240279197,0.0320000108331441,0.0551999546587467,0.0,0.6,21.0,0,2
5,0,399,PF,0.0030000228434801,0.0211999285966157,0.0014000106602907,0.0255999621003866,0.0,0.6,0.0,2,2
5,0,399,Greedy-SLA,0.0026000197976827,0.0207999255508184,0.0014998950064182,0.0248998403549194,0.0,0.6,0.0,4,4
5,0,399,DT-Top1,0.0024999026209115,0.0203000381588935,0.0014000106602907,0.0241999514400959,0.0,0.6,0.0,4,4
5,0,400,PF,0.0028000213205814,0.020399922505021,0.0015001278370618,0.0247000716626644,0.0,0.6,0.0,2,2
5,0,400,Greedy-SLA,0.0024999026209115,0.020800158381462,0.0014998950064182,0.0247999560087919,0.0,0.6,0.0,4,4
5,0,400,DT-Top1,0.0025001354515552,0.0209999270737171,0.0315001234412193,0.0550001859664917,0.0,0.6,21.0,0,2
5,0,401,PF,0.0029001384973526,0.0209000427275896,0.0014998950064182,0.0253000762313604,0.0,0.6,0.0,2,2
5,0,401,Greedy-SLA,0.0024999026209115,0.0211000442504882,0.0015001278370618,0.0251000747084617,0.0,0.6,0.0,4,4
5,0,401,DT-Top1,0.0025001354515552,0.0209999270737171,0.0013001263141632,0.0248001888394355,0.0,0.6,0.0,4,4
5,0,402,PF,0.0028000213205814,0.0213000457733869,0.0014000106602907,0.0255000777542591,0.0,0.6,0.0,2,2
5,0,402,Greedy-SLA,0.0026000197976827,0.0209000427275896,0.0014000106602907,0.024900073185563,0.0,0.6,0.0,4,4
5,0,402,DT-Top1,0.0026999041438102,0.0737002119421958,0.0342999119311571,0.1107000280171632,0.0,0.6,21.0,0,2
5,0,403,PF,0.0027997884899377,0.0218001659959554,0.0016000121831893,0.0261999666690826,0.0,0.6,0.0,2,2
5,0,403,Greedy-SLA,0.0026000197976827,0.0209999270737171,0.0014000106602907,0.0249999575316905,0.0,0.6,0.0,4,4
5,0,403,DT-Top1,0.0026999041438102,0.0207999255508184,0.0014000106602907,0.0248998403549194,0.0,0.6,0.0,4,4
5,0,404,PF,0.0028000213205814,0.0205999240279197,0.0016000121831893,0.0249999575316905,0.0,0.6,0.0,2,2
5,0,404,Greedy-SLA,0.002400018274784,0.0209000427275896,0.0014000106602907,0.0247000716626644,0.0,0.6,0.0,4,4
5,0,404,DT-Top1,0.0026000197976827,0.0203000381588935,0.0014998950064182,0.0243999529629945,0.0,0.6,0.0,4,4
5,0,405,PF,0.0026999041438102,0.0207999255508184,0.0015001278370618,0.0249999575316905,0.0,0.6,0.0,2,2
5,0,405,Greedy-SLA,0.0025001354515552,0.0210998114198446,0.0015001278370618,0.0251000747084617,0.0,0.6,0.0,4,4
5,0,405,DT-Top1,0.0025001354515552,0.0207000412046909,0.0014998950064182,0.0247000716626644,0.0,0.6,0.0,4,4
5,0,406,PF,0.0028000213205814,0.0210998114198446,0.0016000121831893,0.0254998449236154,0.0,0.6,0.0,2,2
5,0,406,Greedy-SLA,0.0025001354515552,0.0211000442504882,0.001399777829647,0.0249999575316905,0.0,0.6,0.0,4,4
5,0,406,DT-Top1,0.0026000197976827,0.0207000412046909,0.0322998967021703,0.055599957704544,0.0,0.6,21.0,0,2
5,0,407,PF,0.0028000213205814,0.0211000442504882,0.0016000121831893,0.0255000777542591,0.0,0.6,0.0,2,2
5,0,407,Greedy-SLA,0.0026000197976827,0.0211000442504882,0.0014998950064182,0.0251999590545892,0.0,0.6,0.0,4,4
5,0,407,DT-Top1,0.0025001354515552,0.0207999255508184,0.0014998950064182,0.0247999560087919,0.0,0.6,0.0,4,4
5,0,408,PF,0.0028000213205814,0.0211999285966157,0.0015001278370618,0.0255000777542591,0.0,0.6,0.0,2,2
5,0,408,Greedy-SLA,0.002400018274784,0.0211999285966157,0.031700124964118,0.0553000718355178,0.0,0.6,21.0,0,2
5,0,408,DT-Top1,0.0024999026209115,0.0204001553356647,0.0320000108331441,0.0549000687897205,0.0,0.6,21.0,0,2
5,0,409,PF,0.0028000213205814,0.0257999636232852,0.0017001293599605,0.0303001143038272,0.0,0.6,0.0,2,2
5,0,409,Greedy-SLA,0.0024999026209115,0.0211999285966157,0.0014000106602907,0.0250998418778181,0.0,0.6,0.0,4,4
5,0,409,DT-Top1,0.002400018274784,0.0205999240279197,0.031299889087677,0.0542998313903808,0.0,0.6,21.0,0,2
5,0,410,PF,0.0031001400202512,0.0212998129427433,0.0016000121831893,0.0259999651461839,0.0,0.6,0.0,2,2
5,0,410,Greedy-SLA,0.0026000197976827,0.0207999255508184,0.0015001278370618,0.024900073185563,0.0,0.6,0.0,4,4
5,0,410,DT-Top1,0.0025001354515552,0.020399922505021,0.0014000106602907,0.024300068616867,0.0,0.6,0.0,4,4
5,0,411,PF,0.0031001400202512,0.0219999346882104,0.0014998950064182,0.0265999697148799,0.0,0.6,0.0,2,2
5,0,411,Greedy-SLA,0.0027001369744539,0.020399922505021,0.0014000106602907,0.0245000701397657,0.0,0.6,0.0,4,4
5,0,411,DT-Top1,0.0025001354515552,0.0219000503420829,0.0014998950064182,0.0259000808000564,0.0,0.6,0.0,4,4
5,0,412,PF,0.0028000213205814,0.0209999270737171,0.0016000121831893,0.0253999605774879,0.0,0.6,0.0,2,2
5,0,412,Greedy-SLA,0.0026000197976827,0.0209000427275896,0.0014000106602907,0.024900073185563,0.0,0.6,0.0,4,4
5,0,412,DT-Top1,0.002400018274784,0.0205999240279197,0.0013001263141632,0.024300068616867,0.0,0.6,0.0,4,4
5,0,413,PF,0.0029001384973526,0.0211000442504882,0.0016000121831893,0.0256001949310302,0.0,0.6,0.0,2,2
5,0,413,Greedy-SLA,0.0027001369744539,0.0207999255508184,0.0015001278370618,0.0250001903623342,0.0,0.6,0.0,4,4
5,0,413,DT-Top1,0.0025001354515552,0.0205999240279197,0.031700124964118,0.054800184443593,0.0,0.6,21.0,0,2
5,0,414,PF,0.0028000213205814,0.0209999270737171,0.0015001278370618,0.0253000762313604,0.0,0.6,0.0,2,2
5,0,414,Greedy-SLA,0.0024999026209115,0.020800158381462,0.0014998950064182,0.0247999560087919,0.0,0.6,0.0,4,4
5,0,414,DT-Top1,0.002400018274784,0.0205999240279197,0.0314000062644481,0.054399948567152,0.0,0.6,21.0,0,2
5,0,415,PF,0.0030000228434801,0.0216001644730567,0.0016000121831893,0.0262001994997262,0.0,0.6,0.0,2,2
5,0,415,Greedy-SLA,0.002400018274784,0.0213000457733869,0.0014998950064182,0.0251999590545892,0.0,0.6,0.0,4,4
5,0,415,DT-Top1,0.0024999026209115,0.0203000381588935,0.0313001219183206,0.0541000626981258,0.0,0.6,21.0,0,2
5,0,416,PF,0.0027001369744539,0.0211999285966157,0.0016000121831893,0.0255000777542591,0.0,0.6,0.0,2,2
5,0,416,Greedy-SLA,0.0026000197976827,0.0211000442504882,0.0014000106602907,0.0251000747084617,0.0,0.6,0.0,4,4
5,0,416,DT-Top1,0.0024999026209115,0.020800158381462,0.0314998906105756,0.0547999516129493,0.0,0.6,21.0,0,2
5,0,417,PF,0.0030000228434801,0.0209000427275896,0.0016000121831893,0.0255000777542591,0.0,0.6,0.0,2,2
5,0,417,Greedy-SLA,0.0024999026209115,0.0206001568585634,0.0014998950064182,0.0245999544858932,0.0,0.6,0.0,4,4
5,0,417,DT-Top1,0.0025001354515552,0.0205999240279197,0.0310000032186508,0.0541000626981258,0.0,0.6,21.0,0,2
5,0,418,PF,0.0027997884899377,0.0207000412046909,0.0015001278370618,0.0249999575316905,0.0,0.6,0.0,2,2
5,0,418,Greedy-SLA,0.0026000197976827,0.0207000412046909,0.0014998950064182,0.0247999560087919,0.0,0.6,0.0,4,4
5,0,418,DT-Top1,0.002400018274784,0.020399922505021,0.0313001219183206,0.0541000626981258,0.0,0.6,21.0,0,2
5,0,419,PF,0.0028999056667089,0.0209000427275896,0.0014998950064182,0.0252998434007167,0.0,0.6,0.0,2,2
5,0,419,Greedy-SLA,0.0026000197976827,0.0300998799502849,0.0320000108331441,0.0646999105811119,0.0,0.6,21.0,0,2
5,0,419,DT-Top1,0.0024999026209115,0.020800158381462,0.0316998921334743,0.054999953135848,0.0,0.6,21.0,0,2
5,0,420,PF,0.0028000213205814,0.0205999240279197,0.0016000121831893,0.0249999575316905,0.0,0.6,0.0,2,2
5,0,420,Greedy-SLA,0.0025001354515552,0.0211999285966157,0.0016000121831893,0.0253000762313604,0.0,0.6,0.0,4,4
5,0,420,DT-Top1,0.0024999026209115,0.0205000396817922,0.0314000062644481,0.054399948567152,0.0,0.6,21.0,0,2
5,0,421,PF,0.0029001384973526,0.0209000427275896,0.0016000121831893,0.0254001934081316,0.0,0.6,0.0,2,2
5,0,421,Greedy-SLA,0.0023997854441404,0.0210001599043607,0.0014000106602907,0.0247999560087919,0.0,0.6,0.0,4,4
5,0,421,DT-Top1,0.0025001354515552,0.020399922505021,0.0014998950064182,0.0243999529629945,0.0,0.6,0.0,4,4
5,0,422,PF,0.0027997884899377,0.0206001568585634,0.0014998950064182,0.0248998403549194,0.0,0.6,0.0,2,2
5,0,422,Greedy-SLA,0.0024999026209115,0.0211999285966157,0.0014000106602907,0.0250998418778181,0.0,0.6,0.0,4,4
5,0,422,DT-Top1,0.0024999026209115,0.0209000427275896,0.0314998906105756,0.0548998359590768,0.0,0.6,21.0,0,2
5,0,423,PF,0.0028000213205814,0.0207999255508184,0.0016000121831893,0.0251999590545892,0.0,0.6,0.0,2,2
5,0,423,Greedy-SLA,0.0025001354515552,0.0207999255508184,0.0014000106602907,0.0247000716626644,0.0,0.6,0.0,4,4
5,0,423,DT-Top1,0.0030000228434801,0.0263999681919813,0.0228001736104488,0.0522001646459102,0.0,0.6,21.0,0,2
5,0,424,PF,0.0020000152289867,0.0143998768180608,0.0011001247912645,0.0175000168383121,0.0,0.6,0.0,2,2
5,0,424,Greedy-SLA,0.001800013706088,0.0887999776750803,0.0501000322401523,0.1407000236213207,0.0,0.6,21.0,0,2
5,0,424,DT-Top1,0.0031001400202512,0.0248998403549194,0.0257000792771577,0.0537000596523284,0.0,0.6,21.0,0,2
5,0,425,PF,0.0026000197976827,0.0175999011844396,0.001200009137392,0.0213999301195144,0.0,0.6,0.0,2,2
5,0,425,Greedy-SLA,0.0018998980522155,0.0484001357108354,0.0014998950064182,0.0517999287694692,0.0,0.6,0.0,4,4
5,0,425,DT-Top1,0.0348999164998531,0.0199000351130962,0.0513999257236719,0.1061998773366212,0.0,0.6,21.0,0,2
5,0,426,PF,0.0024999026209115,0.0171000137925148,0.0176001340150833,0.0372000504285097,0.0,0.6,0.0,2,2
5,0,426,Greedy-SLA,0.0020000152289867,0.020399922505021,0.0014000106602907,0.0237999483942985,0.0,0.6,0.0,4,4
5,0,426,DT-Top1,0.0026000197976827,0.0211000442504882,0.0014998950064182,0.0251999590545892,0.0,0.6,0.0,4,4
5,0,427,PF,0.0028999056667089,0.0209999270737171,0.0016000121831893,0.0254998449236154,0.0,0.6,0.0,2,2
5,0,427,Greedy-SLA,0.0024999026209115,0.0213000457733869,0.0014998950064182,0.0252998434007167,0.0,0.6,0.0,4,4
5,0,427,DT-Top1,0.0026000197976827,0.0212998129427433,0.0015001278370618,0.0253999605774879,0.0,0.6,0.0,4,4
5,0,428,PF,0.0028000213205814,0.0211000442504882,0.0014998950064182,0.0253999605774879,0.0,0.6,0.0,2,2
5,0,428,Greedy-SLA,0.0025001354515552,0.0276998616755008,0.0016000121831893,0.0318000093102455,0.0,0.6,0.0,4,4
5,0,428,DT-Top1,0.0026000197976827,0.0209000427275896,0.03290013410151,0.0564001966267824,0.0,0.6,21.0,0,2
5,0,429,PF,0.0028999056667089,0.0215999316424131,0.0016000121831893,0.0260998494923114,0.0,0.6,0.0,2,2
5,0,429,Greedy-SLA,0.0025001354515552,0.0211999285966157,0.0014998950064182,0.0251999590545892,0.0,0.6,0.0,4,4
5,0,429,DT-Top1,0.0026000197976827,0.0211000442504882,0.0014998950064182,0.0251999590545892,0.0,0.6,0.0,4,4
5,0,430,PF,0.0028000213205814,0.0211999285966157,0.0014000106602907,0.0253999605774879,0.0,0.6,0.0,2,2
5,0,430,Greedy-SLA,0.0026999041438102,0.0211000442504882,0.0014998950064182,0.0252998434007167,0.0,0.6,0.0,4,4
5,0,430,DT-Top1,0.0025001354515552,0.0207999255508184,0.0321001280099153,0.055400189012289,0.0,0.6,21.0,0,2
5,0,431,PF,0.0030000228434801,0.0212998129427433,0.0016000121831893,0.0258998479694128,0.0,0.6,0.0,2,2
5,0,431,Greedy-SLA,0.0026000197976827,0.0209999270737171,0.0014000106602907,0.0249999575316905,0.0,0.6,0.0,4,4
5,0,431,DT-Top1,0.002400018274784,0.0209000427275896,0.031899893656373,0.0551999546587467,0.0,0.6,21.0,0,2
5,0,432,PF,0.0029001384973526,0.0210998114198446,0.0015001278370618,0.0255000777542591,0.0,0.6,0.0,2,2
5,0,432,Greedy-SLA,0.0026000197976827,0.0213999301195144,0.0014000106602907,0.0253999605774879,0.0,0.6,0.0,4,4
5,0,432,DT-Top1,0.0028000213205814,0.0211999285966157,0.031899893656373,0.0558998435735702,0.0,0.6,21.0,0,2
5,0,433,PF,0.0029997900128364,0.0212001614272594,0.0014998950064182,0.0256998464465141,0.0,0.6,0.0,2,2
5,0,433,Greedy-SLA,0.0024999026209115,0.0212001614272594,0.0314998906105756,0.0551999546587467,0.0,0.6,21.0,0,2
5,0,433,DT-Top1,0.0026000197976827,0.0209999270737171,0.031700124964118,0.0553000718355178,0.0,0.6,21.0,0,2
5,0,434,PF,0.0028000213205814,0.0211999285966157,0.0015001278370618,0.0255000777542591,0.0,0.6,0.0,2,2
5,0,434,Greedy-SLA,0.0028999056667089,0.0214001629501581,0.0014000106602907,0.0257000792771577,0.0,0.6,0.0,4,4
5,0,434,DT-Top1,0.0026999041438102,0.0211000442504882,0.0016000121831893,0.0253999605774879,0.0,0.6,0.0,4,4
5,0,435,PF,0.0028999056667089,0.0211000442504882,0.0014998950064182,0.0254998449236154,0.0,0.6,0.0,2,2
5,0,435,Greedy-SLA,0.0028000213205814,0.0211000442504882,0.0016000121831893,0.0255000777542591,0.0,0.6,0.0,4,4
5,0,435,DT-Top1,0.0026000197976827,0.0210001599043607,0.0014000106602907,0.0250001903623342,0.0,0.6,0.0,4,4
5,0,436,PF,0.0029001384973526,0.0207000412046909,0.0015997793525457,0.0251999590545892,0.0,0.6,0.0,2,2
5,0,436,Greedy-SLA,0.0026999041438102,0.0214001629501581,0.001399777829647,0.0254998449236154,0.0,0.6,0.0,4,4
5,0,436,DT-Top1,0.0026000197976827,0.0211999285966157,0.0014000106602907,0.0251999590545892,0.0,0.6,0.0,4,4
5,0,437,PF,0.0030000228434801,0.0208998098969459,0.0015001278370618,0.0253999605774879,0.0,0.6,0.0,2,2
5,0,437,Greedy-SLA,0.0026000197976827,0.0212998129427433,0.032300129532814,0.05619996227324,0.0,0.6,21.0,0,2
5,0,437,DT-Top1,0.0026000197976827,0.0211999285966157,0.0307001173496246,0.0545000657439231,0.0,0.6,21.0,0,2
5,0,438,PF,0.0029001384973526,0.0209999270737171,0.0014998950064182,0.0253999605774879,0.0,0.6,0.0,2,2
5,0,438,Greedy-SLA,0.0026000197976827,0.0211999285966157,0.0014998950064182,0.0252998434007167,0.0,0.6,0.0,4,4
5,0,438,DT-Top1,0.002400018274784,0.0211999285966157,0.0316998921334743,0.0552998390048742,0.0,0.6,21.0,0,2
5,0,439,PF,0.0031001400202512,0.0209999270737171,0.0016000121831893,0.0257000792771577,0.0,0.6,0.0,2,2
5,0,439,Greedy-SLA,0.002400018274784,0.0211999285966157,0.0014000106602907,0.0249999575316905,0.0,0.6,0.0,4,4
5,0,439,DT-Top1,0.0024999026209115,0.0207000412046909,0.0014998950064182,0.0246998388320207,0.0,0.6,0.0,4,4
5,0,440,PF,0.0030000228434801,0.0208998098969459,0.0016000121831893,0.0254998449236154,0.0,0.6,0.0,2,2
5,0,440,Greedy-SLA,0.0026999041438102,0.0210001599043607,0.0014998950064182,0.0251999590545892,0.0,0.6,0.0,4,4
5,0,440,DT-Top1,0.002400018274784,0.0209000427275896,0.0320998951792717,0.0553999561816453,0.0,0.6,21.0,0,2
5,0,441,PF,0.0028999056667089,0.0207000412046909,0.0015001278370618,0.0251000747084617,0.0,0.6,0.0,2,2
5,0,441,Greedy-SLA,0.0026000197976827,0.0211000442504882,0.0014000106602907,0.0251000747084617,0.0,0.6,0.0,4,4
5,0,441,DT-Top1,0.0025001354515552,0.0208998098969459,0.031700124964118,0.0551000703126192,0.0,0.6,21.0,0,2
5,0,442,PF,0.0028000213205814,0.0211999285966157,0.0016998965293169,0.0256998464465141,0.0,0.6,0.0,2,2
5,0,442,Greedy-SLA,0.0025001354515552,0.0211999285966157,0.0014000106602907,0.0251000747084617,0.0,0.6,0.0,4,4
5,0,442,DT-Top1,0.0026000197976827,0.0208998098969459,0.0014000106602907,0.0248998403549194,0.0,0.6,0.0,4,4
5,0,443,PF,0.0030000228434801,0.0205999240279197,0.0014998950064182,0.0250998418778181,0.0,0.6,0.0,2,2
5,0,443,Greedy-SLA,0.0026999041438102,0.0211000442504882,0.0014000106602907,0.0251999590545892,0.0,0.6,0.0,4,4
5,0,443,DT-Top1,0.0026000197976827,0.0207999255508184,0.0314998906105756,0.0548998359590768,0.0,0.6,21.0,0,2
5,0,444,PF,0.0030999071896076,0.0209000427275896,0.0014000106602907,0.0253999605774879,0.0,0.6,0.0,2,2
5,0,444,Greedy-SLA,0.0026000197976827,0.0209000427275896,0.0014998950064182,0.0249999575316905,0.0,0.6,0.0,4,4
5,0,444,DT-Top1,0.0025001354515552,0.0207000412046909,0.0323997810482978,0.055599957704544,0.0,0.6,21.0,0,2
5,0,445,PF,0.0030000228434801,0.0213999301195144,0.0016000121831893,0.0259999651461839,0.0,0.6,0.0,2,2
5,0,445,Greedy-SLA,0.002400018274784,0.0210998114198446,0.0015001278370618,0.0249999575316905,0.0,0.6,0.0,4,4
5,0,445,DT-Top1,0.0026000197976827,0.0209999270737171,0.0015001278370618,0.0251000747084617,0.0,0.6,0.0,4,4
5,0,446,PF,0.0030000228434801,0.0209999270737171,0.0016000121831893,0.0255999621003866,0.0,0.6,0.0,2,2
5,0,446,Greedy-SLA,0.0024999026209115,0.0209999270737171,0.031700124964118,0.0551999546587467,0.0,0.6,21.0,0,2
5,0,446,DT-Top1,0.0027001369744539,0.0207999255508184,0.0316998921334743,0.0551999546587467,0.0,0.6,21.0,0,2
5,0,447,PF,0.0030000228434801,0.0207999255508184,0.0014998950064182,0.0252998434007167,0.0,0.6,0.0,2,2
5,0,447,Greedy-SLA,0.0027001369744539,0.0210998114198446,0.0014000106602907,0.0251999590545892,0.0,0.6,0.0,4,4
5,0,447,DT-Top1,0.0024999026209115,0.0273999758064746,0.0319001264870166,0.0618000049144029,0.0,0.6,21.0,0,2
5,0,448,PF,0.0030000228434801,0.0212001614272594,0.0014000106602907,0.0256001949310302,0.0,0.6,0.0,2,2
5,0,448,Greedy-SLA,0.0024999026209115,0.0210001599043607,0.0316998921334743,0.0551999546587467,0.0,0.6,21.0,0,2
5,0,448,DT-Top1,0.0026000197976827,0.0205999240279197,0.0310000032186508,0.0541999470442533,0.0,0.6,21.0,0,2
5,0,449,PF,0.0030000228434801,0.0218998175114393,0.0015001278370618,0.0263999681919813,0.0,0.6,0.0,2,2
5,0,449,Greedy-SLA,0.0026999041438102,0.0213999301195144,0.0014000106602907,0.0254998449236154,0.0,0.6,0.0,4,4
5,0,449,DT-Top1,0.0026000197976827,0.0211000442504882,0.0316000077873468,0.0553000718355178,0.0,0.6,21.0,0,2
5,0,450,PF,0.0028999056667089,0.0209000427275896,0.0016000121831893,0.0253999605774879,0.0,0.6,0.0,2,2
5,0,450,Greedy-SLA,0.0024999026209115,0.0209999270737171,0.0014000106602907,0.0248998403549194,0.0,0.6,0.0,4,4
5,0,450,DT-Top1,0.0026000197976827,0.0207000412046909,0.0016000121831893,0.024900073185563,0.0,0.6,0.0,4,4
5,0,451,PF,0.0029001384973526,0.0209999270737171,0.0016000121831893,0.0255000777542591,0.0,0.6,0.0,2,2
5,0,451,Greedy-SLA,0.002400018274784,0.0211000442504882,0.0014998950064182,0.0249999575316905,0.0,0.6,0.0,4,4
5,0,451,DT-Top1,0.0027001369744539,0.0211000442504882,0.0318000093102455,0.0556001905351877,0.0,0.6,21.0,0,2
5,0,452,PF,0.0030000228434801,0.0207999255508184,0.0016000121831893,0.0253999605774879,0.0,0.6,0.0,2,2
5,0,452,Greedy-SLA,0.0023001339286565,0.0209000427275896,0.0014000106602907,0.0246001873165369,0.0,0.6,0.0,4,4
5,0,452,DT-Top1,0.0024999026209115,0.020800158381462,0.0312000047415494,0.0545000657439231,0.0,0.6,21.0,0,2
5,0,453,PF,0.0029001384973526,0.0211000442504882,0.0057998113334178,0.0297999940812587,0.0,0.6,0.0,2,2
5,0,453,Greedy-SLA,0.0026000197976827,0.0209000427275896,0.0014998950064182,0.0249999575316905,0.0,0.6,0.0,4,4
5,0,453,DT-Top1,0.0026999041438102,0.020800158381462,0.0324000138789415,0.0559000764042139,0.0,0.6,21.0,0,2
5,0,454,PF,0.0029001384973526,0.0210998114198446,0.0015001278370618,0.0255000777542591,0.0,0.6,0.0,2,2
5,0,454,Greedy-SLA,0.0026000197976827,0.0211999285966157,0.0014000106602907,0.0251999590545892,0.0,0.6,0.0,4,4
5,0,454,DT-Top1,0.0026000197976827,0.0205999240279197,0.0316000077873468,0.0547999516129493,0.0,0.6,21.0,0,2
5,0,455,PF,0.0029001384973526,0.0208998098969459,0.0015001278370618,0.0253000762313604,0.0,0.6,0.0,2,2
5,0,455,Greedy-SLA,0.0026000197976827,0.0208998098969459,0.0315001234412193,0.054999953135848,0.0,0.6,21.0,0,2
5,0,455,DT-Top1,0.002400018274784,0.0209000427275896,0.0316998921334743,0.054999953135848,0.0,0.6,21.0,0,2
5,0,456,PF,0.0030000228434801,0.0207999255508184,0.0014998950064182,0.0252998434007167,0.0,0.6,0.0,2,2
5,0,456,Greedy-SLA,0.0027001369744539,0.0209999270737171,0.031899893656373,0.055599957704544,0.0,0.6,21.0,0,2
5,0,456,DT-Top1,0.0027001369744539,0.0207999255508184,0.0313001219183206,0.054800184443593,0.0,0.6,21.0,0,2
5,0,457,PF,0.0032000243663787,0.0225999392569065,0.0015001278370618,0.0273000914603471,0.0,0.6,0.0,2,2
5,0,457,Greedy-SLA,0.0026000197976827,0.0209999270737171,0.0014998950064182,0.0250998418778181,0.0,0.6,0.0,4,4
5,0,457,DT-Top1,0.002400018274784,0.0207999255508184,0.0320000108331441,0.0551999546587467,0.0,0.6,21.0,0,2
5,0,458,PF,0.0028999056667089,0.0209000427275896,0.0016000121831893,0.0253999605774879,0.0,0.6,0.0,2,2
5,0,458,Greedy-SLA,0.0029001384973526,0.0215999316424131,0.0324000138789415,0.0569000840187072,0.0,0.6,21.0,0,2
5,0,458,DT-Top1,0.0028000213205814,0.0211000442504882,0.0318000093102455,0.0557000748813152,0.0,0.6,21.0,0,2
5,0,459,PF,0.0032000243663787,0.0209999270737171,0.0014000106602907,0.0255999621003866,0.0,0.6,0.0,2,2
5,0,459,Greedy-SLA,0.0027001369744539,0.0207999255508184,0.0015001278370618,0.0250001903623342,0.0,0.6,0.0,4,4
5,0,459,DT-Top1,0.0024999026209115,0.0206001568585634,0.0014998950064182,0.0245999544858932,0.0,0.6,0.0,4,4
5,0,460,PF,0.0030000228434801,0.0210001599043607,0.0015997793525457,0.0255999621003866,0.0,0.6,0.0,2,2
5,0,460,Greedy-SLA,0.0026000197976827,0.0209999270737171,0.0314000062644481,0.054999953135848,0.0,0.6,21.0,0,2
5,0,460,DT-Top1,0.0025001354515552,0.0203000381588935,0.031299889087677,0.0541000626981258,0.0,0.6,21.0,0,2
5,0,461,PF,0.0030000228434801,0.0205999240279197,0.0016000121831893,0.0251999590545892,0.0,0.6,0.0,2,2
5,0,461,Greedy-SLA,0.0027001369744539,0.020399922505021,0.0014998950064182,0.0245999544858932,0.0,0.6,0.0,4,4
5,0,461,DT-Top1,0.0026000197976827,0.0206001568585634,0.0014998950064182,0.0247000716626644,0.0,0.6,0.0,4,4
5,0,462,PF,0.0031001400202512,0.0207999255508184,0.0016000121831893,0.0255000777542591,0.0,0.6,0.0,2,2
5,0,462,Greedy-SLA,0.0026000197976827,0.0211000442504882,0.0014000106602907,0.0251000747084617,0.0,0.6,0.0,4,4
5,0,462,DT-Top1,0.0030999071896076,0.0219999346882104,0.0319001264870166,0.0569999683648347,0.0,0.6,21.0,0,2
5,0,463,PF,0.0028000213205814,0.0209999270737171,0.0015001278370618,0.0253000762313604,0.0,0.6,0.0,2,2
5,0,463,Greedy-SLA,0.0026000197976827,0.0213000457733869,0.0014000106602907,0.0253000762313604,0.0,0.6,0.0,4,4
5,0,463,DT-Top1,0.0025997869670391,0.0207000412046909,0.0312000047415494,0.0544998329132795,0.0,0.6,21.0,0,2
5,0,464,PF,0.0030000228434801,0.0211000442504882,0.0015001278370618,0.0256001949310302,0.0,0.6,0.0,2,2
5,0,464,Greedy-SLA,0.0028000213205814,0.0215000472962856,0.0014998950064182,0.0257999636232852,0.0,0.6,0.0,4,4
5,0,464,DT-Top1,0.0028000213205814,0.0205999240279197,0.0014000106602907,0.0247999560087919,0.0,0.6,0.0,4,4
5,0,465,PF,0.0030000228434801,0.0216001644730567,0.0016000121831893,0.0262001994997262,0.0,0.6,0.0,2,2
5,0,465,Greedy-SLA,0.0026000197976827,0.0209000427275896,0.0014998950064182,0.0249999575316905,0.0,0.6,0.0,4,4
5,0,465,DT-Top1,0.0026000197976827,0.0207999255508184,0.0327001325786113,0.0561000779271125,0.0,0.6,21.0,0,2
5,0,466,PF,0.0031001400202512,0.0207999255508184,0.0015001278370618,0.0254001934081316,0.0,0.6,0.0,2,2
5,0,466,Greedy-SLA,0.0026999041438102,0.0207000412046909,0.0014000106602907,0.0247999560087919,0.0,0.6,0.0,4,4
5,0,466,DT-Top1,0.0027001369744539,0.0207000412046909,0.0316998921334743,0.0551000703126192,0.0,0.6,21.0,0,2
5,0,467,PF,0.0032000243663787,0.0207999255508184,0.0014998950064182,0.0254998449236154,0.0,0.6,0.0,2,2
5,0,467,Greedy-SLA,0.0027001369744539,0.0211000442504882,0.0320000108331441,0.0558001920580863,0.0,0.6,21.0,0,2
5,0,467,DT-Top1,0.0027001369744539,0.0203000381588935,0.0314000062644481,0.0544001813977956,0.0,0.6,21.0,0,2
5,0,468,PF,0.0030000228434801,0.0207000412046909,0.0015001278370618,0.0252001918852329,0.0,0.6,0.0,2,2
5,0,468,Greedy-SLA,0.0030999071896076,0.0217000488191843,0.0014998950064182,0.0262998510152101,0.0,0.6,0.0,4,4
5,0,468,DT-Top1,0.0026999041438102,0.0207000412046909,0.0374000519514083,0.0607999972999095,0.0,0.6,21.0,0,2
5,0,469,PF,0.0030000228434801,0.0209000427275896,0.0014000106602907,0.0253000762313604,0.0,0.6,0.0,2,2
5,0,469,Greedy-SLA,0.0026000197976827,0.0209999270737171,0.0015001278370618,0.0251000747084617,0.0,0.6,0.0,4,4
5,0,469,DT-Top1,0.0024999026209115,0.020800158381462,0.031299889087677,0.0545999500900507,0.0,0.6,21.0,0,2
5,0,470,PF,0.0030000228434801,0.0203000381588935,0.0014998950064182,0.0247999560087919,0.0,0.6,0.0,2,2
5,0,470,Greedy-SLA,0.0026000197976827,0.020800158381462,0.0014000106602907,0.0248001888394355,0.0,0.6,0.0,4,4
5,0,470,DT-Top1,0.0027001369744539,0.0207999255508184,0.0322000123560428,0.0557000748813152,0.0,0.6,21.0,0,2
5,0,471,PF,0.0028999056667089,0.0205000396817922,0.0014998950064182,0.0248998403549194,0.0,0.6,0.0,2,2
5,0,471,Greedy-SLA,0.0026000197976827,0.0205999240279197,0.0014000106602907,0.0245999544858932,0.0,0.6,0.0,4,4
5,0,471,DT-Top1,0.0025001354515552,0.0205000396817922,0.0014998950064182,0.0245000701397657,0.0,0.6,0.0,4,4
5,0,472,PF,0.0028999056667089,0.0201999209821224,0.0015001278370618,0.0245999544858932,0.0,0.6,0.0,2,2
5,0,472,Greedy-SLA,0.002400018274784,0.0209000427275896,0.0014000106602907,0.0247000716626644,0.0,0.6,0.0,4,4
5,0,472,DT-Top1,0.0024999026209115,0.0203000381588935,0.0322000123560428,0.054999953135848,0.0,0.6,21.0,0,2
5,0,473,PF,0.0029001384973526,0.0208998098969459,0.0015001278370618,0.0253000762313604,0.0,0.6,0.0,2,2
5,0,473,Greedy-SLA,0.0026000197976827,0.0208998098969459,0.0015001278370618,0.0249999575316905,0.0,0.6,0.0,4,4
5,0,473,DT-Top1,0.0026000197976827,0.020399922505021,0.0319001264870166,0.0549000687897205,0.0,0.6,21.0,0,2
5,0,474,PF,0.0030000228434801,0.0207999255508184,0.0015001278370618,0.0253000762313604,0.0,0.6,0.0,2,2
5,0,474,Greedy-SLA,0.0026000197976827,0.0207999255508184,0.0014998950064182,0.0248998403549194,0.0,0.6,0.0,4,4
5,0,474,DT-Top1,0.0026000197976827,0.0207999255508184,0.0014000106602907,0.0247999560087919,0.0,0.6,0.0,4,4
5,0,475,PF,0.0028999056667089,0.0205000396817922,0.0016000121831893,0.0249999575316905,0.0,0.6,0.0,2,2
5,0,475,Greedy-SLA,0.0024999026209115,0.0207000412046909,0.0014998950064182,0.0246998388320207,0.0,0.6,0.0,4,4
5,0,475,DT-Top1,0.0025001354515552,0.0205999240279197,0.0316000077873468,0.0547000672668218,0.0,0.6,21.0,0,2
5,0,476,PF,0.0028000213205814,0.0207999255508184,0.0015001278370618,0.0251000747084617,0.0,0.6,0.0,2,2
5,0,476,Greedy-SLA,0.0026000197976827,0.020800158381462,0.0014000106602907,0.0248001888394355,0.0,0.6,0.0,4,4
5,0,476,DT-Top1,0.0028000213205814,0.0209999270737171,0.0016000121831893,0.0253999605774879,0.0,0.6,0.0,4,4
5,0,477,PF,0.0028999056667089,0.0209000427275896,0.0014998950064182,0.0252998434007167,0.0,0.6,0.0,2,2
5,0,477,Greedy-SLA,0.0024999026209115,0.0210001599043607,0.0314000062644481,0.0549000687897205,0.0,0.6,21.0,0,2
5,0,477,DT-Top1,0.0024999026209115,0.0206001568585634,0.0316000077873468,0.0547000672668218,0.0,0.6,21.0,0,2
5,0,478,PF,0.0028000213205814,0.0209000427275896,0.0014998950064182,0.0251999590545892,0.0,0.6,0.0,2,2
5,0,478,Greedy-SLA,0.0024999026209115,0.0211000442504882,0.0014000106602907,0.0249999575316905,0.0,0.6,0.0,4,4
5,0,478,DT-Top1,0.0024999026209115,0.0211000442504882,0.0014000106602907,0.0249999575316905,0.0,0.6,0.0,4,4
5,0,479,PF,0.0028999056667089,0.0209000427275896,0.0015001278370618,0.0253000762313604,0.0,0.6,0.0,2,2
5,0,479,Greedy-SLA,0.0026000197976827,0.0207999255508184,0.0015001278370618,0.024900073185563,0.0,0.6,0.0,4,4
5,0,479,DT-Top1,0.0026000197976827,0.0207999255508184,0.0319001264870166,0.0553000718355178,0.0,0.6,21.0,0,2
5,0,480,PF,0.0030000228434801,0.0207999255508184,0.0015001278370618,0.0253000762313604,0.0,0.6,0.0,2,2
5,0,480,Greedy-SLA,0.0025001354515552,0.0210998114198446,0.0015001278370618,0.0251000747084617,0.0,0.6,0.0,4,4
5,0,480,DT-Top1,0.002400018274784,0.0209999270737171,0.0314998906105756,0.0548998359590768,0.0,0.6,21.0,0,2
5,0,481,PF,0.0028999056667089,0.0207000412046909,0.0014998950064182,0.0250998418778181,0.0,0.6,0.0,2,2
5,0,481,Greedy-SLA,0.0049001537263393,0.0383998267352581,0.001800013706088,0.0450999941676855,0.0,0.6,0.0,4,4
5,0,481,DT-Top1,0.0028999056667089,0.0240001827478408,0.0357998069375753,0.0626998953521251,0.0,0.6,21.0,0,2
5,0,482,PF,0.0030000228434801,0.0221999362111091,0.0016000121831893,0.0267999712377786,0.0,0.6,0.0,2,2
5,0,482,Greedy-SLA,0.0027001369744539,0.0216998159885406,0.0016000121831893,0.0259999651461839,0.0,0.6,0.0,4,4
5,0,482,DT-Top1,0.0028999056667089,0.0219000503420829,0.0328999012708663,0.0576998572796583,0.0,0.6,21.0,0,2
5,0,483,PF,0.0030999071896076,0.0213999301195144,0.0016000121831893,0.0260998494923114,0.0,0.6,0.0,2,2
5,0,483,Greedy-SLA,0.0026000197976827,0.0215999316424131,0.0014998950064182,0.0256998464465141,0.0,0.6,0.0,4,4
5,0,483,DT-Top1,0.0024999026209115,0.0215000472962856,0.0320998951792717,0.0560998450964689,0.0,0.6,21.0,0,2
5,0,484,PF,0.0030000228434801,0.0215999316424131,0.0016998965293169,0.0262998510152101,0.0,0.6,0.0,2,2
5,0,484,Greedy-SLA,0.0027001369744539,0.0219000503420829,0.0016998965293169,0.0263000838458538,0.0,0.6,0.0,4,4
5,0,484,DT-Top1,0.002400018274784,0.0216001644730567,0.0322998967021703,0.0563000794500112,0.0,0.6,21.0,0,2
5,0,485,PF,0.0030000228434801,0.0215000472962856,0.0016000121831893,0.0261000823229551,0.0,0.6,0.0,2,2
5,0,485,Greedy-SLA,0.0026000197976827,0.0213000457733869,0.0014998950064182,0.0253999605774879,0.0,0.6,0.0,4,4
5,0,485,DT-Top1,0.0026000197976827,0.0211000442504882,0.0015997793525457,0.0252998434007167,0.0,0.6,0.0,4,4
5,0,486,PF,0.0029001384973526,0.0213999301195144,0.0016000121831893,0.0259000808000564,0.0,0.6,0.0,2,2
5,0,486,Greedy-SLA,0.0027001369744539,0.0216998159885406,0.0015001278370618,0.0259000808000564,0.0,0.6,0.0,4,4
5,0,486,DT-Top1,0.0025001354515552,0.0210998114198446,0.0015001278370618,0.0251000747084617,0.0,0.6,0.0,4,4
5,0,487,PF,0.0029997900128364,0.0212001614272594,0.0016000121831893,0.0257999636232852,0.0,0.6,0.0,2,2
5,0,487,Greedy-SLA,0.0027001369744539,0.0213999301195144,0.0016000121831893,0.0257000792771577,0.0,0.6,0.0,4,4
5,0,487,DT-Top1,0.0024999026209115,0.0207999255508184,0.0325001310557127,0.0557999592274427,0.0,0.6,21.0,0,2
5,0,488,PF,0.0028999056667089,0.1081000082194805,0.0029001384973526,0.113900052383542,0.0,0.6,0.0,2,2
5,0,488,Greedy-SLA,0.0011997763067483,0.0093001872301101,0.000600004568696,0.0110999681055545,0.0,0.6,0.0,4,4
5,0,488,DT-Top1,0.0009001232683658,0.0083998311311006,0.000600004568696,0.0098999589681625,0.0,0.6,0.0,4,4
5,0,489,PF,0.0011001247912645,0.0080999452620744,0.000600004568696,0.009800074622035,0.0,0.6,0.0,2,2
5,0,489,Greedy-SLA,0.0010000076144933,0.0077998265624046,0.000600004568696,0.009399838745594,0.0,0.6,0.0,4,4
5,0,489,DT-Top1,0.0010000076144933,0.0080999452620744,0.0126999802887439,0.0217999331653118,0.0,0.6,21.0,0,2
5,0,490,PF,0.001200009137392,0.0078999437391757,0.000600004568696,0.0096999574452638,0.0,0.6,0.0,2,2
5,0,490,Greedy-SLA,0.0010000076144933,0.0080000609159469,0.0005001202225685,0.0095001887530088,0.0,0.6,0.0,4,4
5,0,490,DT-Top1,0.0010000076144933,0.0077998265624046,0.0117002055048942,0.0205000396817922,0.0,0.6,21.0,0,2
5,0,491,PF,0.0010998919606208,0.0076999422162771,0.000600004568696,0.009399838745594,0.0,0.6,0.0,2,2
5,0,491,Greedy-SLA,0.0010998919606208,0.0094000715762376,0.000600004568696,0.0110999681055545,0.0,0.6,0.0,4,4
5,0,491,DT-Top1,0.0010000076144933,0.0077998265624046,0.0120000913739204,0.0207999255508184,0.0,0.6,21.0,0,2
5,0,492,PF,0.001200009137392,0.0076999422162771,0.0005001202225685,0.0094000715762376,0.0,0.6,0.0,2,2
5,0,492,Greedy-SLA,0.0010000076144933,0.0076000578701496,0.0006998889148235,0.0092999543994665,0.0,0.6,0.0,4,4
5,0,492,DT-Top1,0.0010000076144933,0.0078999437391757,0.0118999741971492,0.0207999255508184,0.0,0.6,21.0,0,2
5,0,493,PF,0.0034000258892774,0.024499837309122,0.0016000121831893,0.0294998753815889,0.0,0.6,0.0,2,2
5,0,493,Greedy-SLA,0.0010000076144933,0.0077998265624046,0.000600004568696,0.009399838745594,0.0,0.6,0.0,4,4
5,0,493,DT-Top1,0.0010000076144933,0.0076000578701496,0.0307001173496246,0.0393001828342676,0.0,0.6,21.0,0,2
5,0,494,PF,0.0010000076144933,0.0081998296082019,0.000600004568696,0.0097998417913913,0.0,0.6,0.0,2,2
5,0,494,Greedy-SLA,0.0010000076144933,0.0076999422162771,0.0005001202225685,0.009200070053339,0.0,0.6,0.0,4,4
5,0,494,DT-Top1,0.0014000106602907,0.0097998417913913,0.0121002085506916,0.0233000610023736,0.0,0.6,21.0,0,2
5,0,495,PF,0.0010998919606208,0.0078999437391757,0.000600004568696,0.0095998402684926,0.0,0.6,0.0,2,2
5,0,495,Greedy-SLA,0.0009001232683658,0.0078000593930482,0.0004998873919248,0.009200070053339,0.0,0.6,0.0,4,4
5,0,495,DT-Top1,0.0010000076144933,0.0087001826614141,0.0004998873919248,0.0102000776678323,0.0,0.6,0.0,4,4
5,0,496,PF,0.001200009137392,0.0085998326539993,0.0005001202225685,0.0102999620139598,0.0,0.6,0.0,2,2
5,0,496,Greedy-SLA,0.0009001232683658,0.0076999422162771,0.000600004568696,0.009200070053339,0.0,0.6,0.0,4,4
5,0,496,DT-Top1,0.0008998904377222,0.0076999422162771,0.0120000913739204,0.0205999240279197,0.0,0.6,21.0,0,2
5,0,497,PF,0.0010000076144933,0.0076999422162771,0.000600004568696,0.0092999543994665,0.0,0.6,0.0,2,2
5,0,497,Greedy-SLA,0.0008998904377222,0.0078000593930482,0.011600088328123,0.0203000381588935,0.0,0.6,21.0,0,2
5,0,497,DT-Top1,0.0008998904377222,0.0076000578701496,0.011600088328123,0.0201000366359949,0.0,0.6,21.0,0,2
5,0,498,PF,0.0010000076144933,0.0077001750469207,0.0005997717380523,0.0092999543994665,0.0,0.6,0.0,2,2
5,0,498,Greedy-SLA,0.0010000076144933,0.0076999422162771,0.000600004568696,0.0092999543994665,0.0,0.6,0.0,4,4
5,0,498,DT-Top1,0.0009001232683658,0.0074999406933784,0.0114000868052244,0.0198001507669687,0.0,0.6,21.0,0,2
5,0,499,PF,0.0010998919606208,0.0077001750469207,0.000600004568696,0.0094000715762376,0.0,0.6,0.0,2,2
5,0,499,Greedy-SLA,0.0009001232683658,0.0075998250395059,0.000600004568696,0.0090999528765678,0.0,0.6,0.0,4,4
5,0,499,DT-Top1,0.0009001232683658,0.0076000578701496,0.000600004568696,0.0091001857072114,0.0,0.6,0.0,4,4
5,0,500,PF,0.0011001247912645,0.0076999422162771,0.0004998873919248,0.0092999543994665,0.0,0.6,0.0,2,2
5,0,500,Greedy-SLA,0.0010000076144933,0.0076999422162771,0.0004998873919248,0.0091998372226953,0.0,0.6,0.0,4,4
5,0,500,DT-Top1,0.0009001232683658,0.0074999406933784,0.000600004568696,0.0090000685304403,0.0,0.6,0.0,4,4
5,0,501,PF,0.0010998919606208,0.0078000593930482,0.000600004568696,0.0094999559223651,0.0,0.6,0.0,2,2
5,0,501,Greedy-SLA,0.0009001232683658,0.0076999422162771,0.000600004568696,0.009200070053339,0.0,0.6,0.0,4,4
5,0,501,DT-Top1,0.0009001232683658,0.0075998250395059,0.000600004568696,0.0090999528765678,0.0,0.6,0.0,4,4
5,0,502,PF,0.0010000076144933,0.0078000593930482,0.0005001202225685,0.0093001872301101,0.0,0.6,0.0,2,2
5,0,502,Greedy-SLA,0.0009001232683658,0.0107998494058847,0.0318000093102455,0.0434999819844961,0.0,0.6,21.0,0,2
5,0,502,DT-Top1,0.0026000197976827,0.0204998068511486,0.0316000077873468,0.0546998344361782,0.0,0.6,21.0,0,2
5,0,503,PF,0.0030000228434801,0.0209999270737171,0.0016000121831893,0.0255999621003866,0.0,0.6,0.0,2,2
5,0,503,Greedy-SLA,0.0026999041438102,0.0209000427275896,0.0014998950064182,0.0250998418778181,0.0,0.6,0.0,4,4
5,0,503,DT-Top1,0.0028000213205814,0.0205000396817922,0.031299889087677,0.0545999500900507,0.0,0.6,21.0,0,2
5,0,504,PF,0.0028999056667089,0.0209999270737171,0.0017001293599605,0.0255999621003866,0.0,0.6,0.0,2,2
5,0,504,Greedy-SLA,0.0026999041438102,0.0211000442504882,0.0015001278370618,0.0253000762313604,0.0,0.6,0.0,4,4
5,0,504,DT-Top1,0.0025001354515552,0.0208998098969459,0.0315001234412193,0.0549000687897205,0.0,0.6,21.0,0,2
5,0,505,PF,0.0028999056667089,0.0210001599043607,0.0014998950064182,0.0253999605774879,0.0,0.6,0.0,2,2
5,0,505,Greedy-SLA,0.0026000197976827,0.0209000427275896,0.0016998965293169,0.0251999590545892,0.0,0.6,0.0,4,4
5,0,505,DT-Top1,0.0026999041438102,0.0207000412046909,0.0320000108331441,0.0553999561816453,0.0,0.6,21.0,0,2
5,0,506,PF,0.0029001384973526,0.0245999544858932,0.001800013706088,0.0293001066893339,0.0,0.6,0.0,2,2
5,0,506,Greedy-SLA,0.0026000197976827,0.0214001629501581,0.0014998950064182,0.0255000777542591,0.0,0.6,0.0,4,4
5,0,506,DT-Top1,0.0026000197976827,0.0207000412046909,0.0014998950064182,0.0247999560087919,0.0,0.6,0.0,4,4
5,0,507,PF,0.0031001400202512,0.0213999301195144,0.0016998965293169,0.0261999666690826,0.0,0.6,0.0,2,2
5,0,507,Greedy-SLA,0.0026000197976827,0.0215999316424131,0.0016000121831893,0.0257999636232852,0.0,0.6,0.0,4,4
5,0,507,DT-Top1,0.0026000197976827,0.0207999255508184,0.0319001264870166,0.0553000718355178,0.0,0.6,21.0,0,2
5,0,508,PF,0.0030000228434801,0.0211999285966157,0.0016000121831893,0.0257999636232852,0.0,0.6,0.0,2,2
5,0,508,Greedy-SLA,0.0026999041438102,0.0213000457733869,0.0318000093102455,0.0557999592274427,0.0,0.6,21.0,0,2
5,0,508,DT-Top1,0.0026000197976827,0.0206998083740472,0.0311001203954219,0.054399948567152,0.0,0.6,21.0,0,2
5,0,509,PF,0.0029001384973526,0.0208998098969459,0.0016000121831893,0.0253999605774879,0.0,0.6,0.0,2,2
5,0,509,Greedy-SLA,0.0026000197976827,0.0207000412046909,0.0014998950064182,0.0247999560087919,0.0,0.6,0.0,4,4
5,0,509,DT-Top1,0.0025001354515552,0.0209999270737171,0.0320000108331441,0.0555000733584165,0.0,0.6,21.0,0,2
5,0,510,PF,0.0029001384973526,0.0213999301195144,0.0014998950064182,0.0257999636232852,0.0,0.6,0.0,2,2
5,0,510,Greedy-SLA,0.0026999041438102,0.0213999301195144,0.0016000121831893,0.0256998464465141,0.0,0.6,0.0,4,4
5,0,510,DT-Top1,0.0026999041438102,0.0209000427275896,0.0322000123560428,0.0557999592274427,0.0,0.6,21.0,0,2
5,0,511,PF,0.0028000213205814,0.0211000442504882,0.0015001278370618,0.0254001934081316,0.0,0.6,0.0,2,2
5,0,511,Greedy-SLA,0.0024999026209115,0.020800158381462,0.0014998950064182,0.0247999560087919,0.0,0.6,0.0,4,4
5,0,511,DT-Top1,0.0025001354515552,0.0206998083740472,0.0322000123560428,0.0553999561816453,0.0,0.6,21.0,0,2
5,0,512,PF,0.0029001384973526,0.0207999255508184,0.0016000121831893,0.0253000762313604,0.0,0.6,0.0,2,2
5,0,512,Greedy-SLA,0.0026999041438102,0.0211000442504882,0.0015001278370618,0.0253000762313604,0.0,0.6,0.0,4,4
5,0,512,DT-Top1,0.0026000197976827,0.0207999255508184,0.0014998950064182,0.0248998403549194,0.0,0.6,0.0,4,4
5,0,513,PF,0.0030000228434801,0.0212001614272594,0.0014998950064182,0.0257000792771577,0.0,0.6,0.0,2,2
5,0,513,Greedy-SLA,0.0025001354515552,0.0207000412046909,0.0014998950064182,0.0247000716626644,0.0,0.6,0.0,4,4
5,0,513,DT-Top1,0.0025001354515552,0.0207000412046909,0.0014998950064182,0.0247000716626644,0.0,0.6,0.0,4,4
5,0,514,PF,0.0028000213205814,0.0207999255508184,0.0015001278370618,0.0251000747084617,0.0,0.6,0.0,2,2
5,0,514,Greedy-SLA,0.0024999026209115,0.0212001614272594,0.0014998950064182,0.0251999590545892,0.0,0.6,0.0,4,4
5,0,514,DT-Top1,0.0026000197976827,0.0213999301195144,0.0014000106602907,0.0253999605774879,0.0,0.6,0.0,4,4
5,0,515,PF,0.0028000213205814,0.0209000427275896,0.0016000121831893,0.0253000762313604,0.0,0.6,0.0,2,2
5,0,515,Greedy-SLA,0.0025001354515552,0.0213000457733869,0.0014998950064182,0.0253000762313604,0.0,0.6,0.0,4,4
5,0,515,DT-Top1,0.0024999026209115,0.0207000412046909,0.0014000106602907,0.0245999544858932,0.0,0.6,0.0,4,4
5,0,516,PF,0.0029001384973526,0.0211000442504882,0.0014998950064182,0.0255000777542591,0.0,0.6,0.0,2,2
5,0,516,Greedy-SLA,0.0026000197976827,0.0210001599043607,0.0014998950064182,0.0251000747084617,0.0,0.6,0.0,4,4
5,0,516,DT-Top1,0.0024999026209115,0.0205999240279197,0.0327001325786113,0.0557999592274427,0.0,0.6,21.0,0,2
5,0,517,PF,0.0029001384973526,0.0211999285966157,0.0015001278370618,0.0256001949310302,0.0,0.6,0.0,2,2
5,0,517,Greedy-SLA,0.0026000197976827,0.020800158381462,0.0016000121831893,0.0250001903623342,0.0,0.6,0.0,4,4
5,0,517,DT-Top1,0.0025997869670391,0.0205000396817922,0.0015001278370618,0.0245999544858932,0.0,0.6,0.0,4,4
5,0,518,PF,0.0026999041438102,0.0215000472962856,0.0016000121831893,0.0257999636232852,0.0,0.6,0.0,2,2
5,0,518,Greedy-SLA,0.0026000197976827,0.0212001614272594,0.0016000121831893,0.0254001934081316,0.0,0.6,0.0,4,4
5,0,518,DT-Top1,0.0024999026209115,0.020200153812766,0.0322998967021703,0.054999953135848,0.0,0.6,21.0,0,2
5,0,519,PF,0.0029001384973526,0.0211999285966157,0.0016000121831893,0.0257000792771577,0.0,0.6,0.0,2,2
5,0,519,Greedy-SLA,0.0025001354515552,0.0209999270737171,0.0016000121831893,0.0251000747084617,0.0,0.6,0.0,4,4
5,0,519,DT-Top1,0.0026000197976827,0.0207999255508184,0.031899893656373,0.0552998390048742,0.0,0.6,21.0,0,2
5,0,520,PF,0.0028999056667089,0.0209000427275896,0.0014998950064182,0.0252998434007167,0.0,0.6,0.0,2,2
5,0,520,Greedy-SLA,0.0026999041438102,0.0209000427275896,0.0014998950064182,0.0250998418778181,0.0,0.6,0.0,4,4
5,0,520,DT-Top1,0.002400018274784,0.0209999270737171,0.0016000121831893,0.0249999575316905,0.0,0.6,0.0,4,4
5,0,521,PF,0.0030999071896076,0.0210001599043607,0.0016000121831893,0.0257000792771577,0.0,0.6,0.0,2,2
5,0,521,Greedy-SLA,0.0026000197976827,0.0210998114198446,0.0016000121831893,0.0252998434007167,0.0,0.6,0.0,4,4
5,0,521,DT-Top1,0.0025001354515552,0.0208998098969459,0.0015001278370618,0.024900073185563,0.0,0.6,0.0,4,4
5,0,522,PF,0.0028000213205814,0.0211999285966157,0.0015001278370618,0.0255000777542591,0.0,0.6,0.0,2,2
5,0,522,Greedy-SLA,0.0026000197976827,0.0209000427275896,0.0016000121831893,0.0251000747084617,0.0,0.6,0.0,4,4
5,0,522,DT-Top1,0.0024999026209115,0.0207999255508184,0.0017001293599605,0.0249999575316905,0.0,0.6,0.0,4,4
5,0,523,PF,0.0027997884899377,0.0207000412046909,0.0016000121831893,0.0250998418778181,0.0,0.6,0.0,2,2
5,0,523,Greedy-SLA,0.0026000197976827,0.0213000457733869,0.0016000121831893,0.0255000777542591,0.0,0.6,0.0,4,4
5,0,523,DT-Top1,0.0025001354515552,0.0207999255508184,0.0016000121831893,0.024900073185563,0.0,0.6,0.0,4,4
5,0,524,PF,0.0029001384973526,0.0207999255508184,0.0016000121831893,0.0253000762313604,0.0,0.6,0.0,2,2
5,0,524,Greedy-SLA,0.0024999026209115,0.0209000427275896,0.0016000121831893,0.0249999575316905,0.0,0.6,0.0,4,4
5,0,524,DT-Top1,0.002400018274784,0.0206001568585634,0.0324000138789415,0.055400189012289,0.0,0.6,21.0,0,2
5,0,525,PF,0.0028000213205814,0.0209999270737171,0.0016000121831893,0.0253999605774879,0.0,0.6,0.0,2,2
5,0,525,Greedy-SLA,0.002400018274784,0.0209999270737171,0.0015001278370618,0.024900073185563,0.0,0.6,0.0,4,4
5,0,525,DT-Top1,0.002400018274784,0.0207000412046909,0.0316000077873468,0.0547000672668218,0.0,0.6,21.0,0,2
5,0,526,PF,0.0030000228434801,0.0213999301195144,0.0015001278370618,0.0259000808000564,0.0,0.6,0.0,2,2
5,0,526,Greedy-SLA,0.0024999026209115,0.0209000427275896,0.0015001278370618,0.024900073185563,0.0,0.6,0.0,4,4
5,0,526,DT-Top1,0.002400018274784,0.0207999255508184,0.0310000032186508,0.0541999470442533,0.0,0.6,21.0,0,2
5,0,527,PF,0.0030999071896076,0.0211000442504882,0.0016000121831893,0.0257999636232852,0.0,0.6,0.0,2,2
5,0,527,Greedy-SLA,0.0025997869670391,0.0209000427275896,0.0016000121831893,0.0250998418778181,0.0,0.6,0.0,4,4
5,0,527,DT-Top1,0.0025001354515552,0.0209000427275896,0.0312000047415494,0.0546001829206943,0.0,0.6,21.0,0,2
5,0,528,PF,0.0028000213205814,0.0211000442504882,0.0016000121831893,0.0255000777542591,0.0,0.6,0.0,2,2
5,0,528,Greedy-SLA,0.0028000213205814,0.0219000503420829,0.0016000121831893,0.0263000838458538,0.0,0.6,0.0,4,4
5,0,528,DT-Top1,0.0026000197976827,0.0206998083740472,0.0315001234412193,0.0547999516129493,0.0,0.6,21.0,0,2
5,0,529,PF,0.0028000213205814,0.0207999255508184,0.0016000121831893,0.0251999590545892,0.0,0.6,0.0,2,2
5,0,529,Greedy-SLA,0.002400018274784,0.0205999240279197,0.0016000121831893,0.0245999544858932,0.0,0.6,0.0,4,4
5,0,529,DT-Top1,0.0027001369744539,0.0208998098969459,0.0015001278370618,0.0251000747084617,0.0,0.6,0.0,4,4
5,0,530,PF,0.0028000213205814,0.0207999255508184,0.0016000121831893,0.0251999590545892,0.0,0.6,0.0,2,2
5,0,530,Greedy-SLA,0.0026000197976827,0.0208998098969459,0.0015001278370618,0.0249999575316905,0.0,0.6,0.0,4,4
5,0,530,DT-Top1,0.002400018274784,0.0205000396817922,0.0316998921334743,0.0545999500900507,0.0,0.6,21.0,0,2
5,0,531,PF,0.0028000213205814,0.0209000427275896,0.0016998965293169,0.0253999605774879,0.0,0.6,0.0,2,2
5,0,531,Greedy-SLA,0.0027997884899377,0.0211000442504882,0.0016000121831893,0.0254998449236154,0.0,0.6,0.0,4,4
5,0,531,DT-Top1,0.0036000274121761,0.0249999575316905,0.0016000121831893,0.0301999971270561,0.0,0.6,0.0,4,4
5,0,532,PF,0.0028999056667089,0.0213000457733869,0.0016000121831893,0.0257999636232852,0.0,0.6,0.0,2,2
5,0,532,Greedy-SLA,0.0026000197976827,0.0213000457733869,0.0016000121831893,0.0255000777542591,0.0,0.6,0.0,4,4
5,0,532,DT-Top1,0.0025001354515552,0.0207999255508184,0.0319001264870166,0.0552001874893903,0.0,0.6,21.0,0,2
5,0,533,PF,0.0029001384973526,0.0211000442504882,0.0015997793525457,0.0255999621003866,0.0,0.6,0.0,2,2
5,0,533,Greedy-SLA,0.0024999026209115,0.0211000442504882,0.0015001278370618,0.0251000747084617,0.0,0.6,0.0,4,4
5,0,533,DT-Top1,0.0024999026209115,0.0205000396817922,0.0316000077873468,0.0545999500900507,0.0,0.6,21.0,0,2
5,0,534,PF,0.0029001384973526,0.0209000427275896,0.0015997793525457,0.0253999605774879,0.0,0.6,0.0,2,2
5,0,534,Greedy-SLA,0.0026000197976827,0.0211999285966157,0.0015001278370618,0.0253000762313604,0.0,0.6,0.0,4,4
5,0,534,DT-Top1,0.0025001354515552,0.0207999255508184,0.0316000077873468,0.0549000687897205,0.0,0.6,21.0,0,2
5,0,535,PF,0.0028999056667089,0.0217000488191843,0.0014000106602907,0.0259999651461839,0.0,0.6,0.0,2,2
5,0,535,Greedy-SLA,0.0026000197976827,0.0213999301195144,0.0015001278370618,0.0255000777542591,0.0,0.6,0.0,4,4
5,0,535,DT-Top1,0.002400018274784,0.0209999270737171,0.0314000062644481,0.0547999516129493,0.0,0.6,21.0,0,2
5,0,536,PF,0.0025997869670391,0.0210001599043607,0.0016000121831893,0.0251999590545892,0.0,0.6,0.0,2,2
5,0,536,Greedy-SLA,0.0030999071896076,0.0230001751333475,0.0014998950064182,0.0275999773293733,0.0,0.6,0.0,4,4
5,0,536,DT-Top1,0.0026000197976827,0.0207000412046909,0.0322000123560428,0.0555000733584165,0.0,0.6,21.0,0,2
5,0,537,PF,0.0028999056667089,0.0210001599043607,0.0014998950064182,0.0253999605774879,0.0,0.6,0.0,2,2
5,0,537,Greedy-SLA,0.0028000213205814,0.0209999270737171,0.0322000123560428,0.0559999607503414,0.0,0.6,21.0,0,2
5,0,537,DT-Top1,0.0027001369744539,0.0208998098969459,0.0312000047415494,0.0547999516129493,0.0,0.6,21.0,0,2
5,0,538,PF,0.0027001369744539,0.0208998098969459,0.0015001278370618,0.0251000747084617,0.0,0.6,0.0,2,2
5,0,538,Greedy-SLA,0.0026000197976827,0.0209999270737171,0.0014998950064182,0.0250998418778181,0.0,0.6,0.0,4,4
5,0,538,DT-Top1,0.0025001354515552,0.0209000427275896,0.0014998950064182,0.024900073185563,0.0,0.6,0.0,4,4
5,0,539,PF,0.0029001384973526,0.0213000457733869,0.0014998950064182,0.0257000792771577,0.0,0.6,0.0,2,2
5,0,539,Greedy-SLA,0.0026000197976827,0.0207999255508184,0.0015001278370618,0.024900073185563,0.0,0.6,0.0,4,4
5,0,539,DT-Top1,0.0024999026209115,0.0209000427275896,0.0320998951792717,0.0554998405277729,0.0,0.6,21.0,0,2
5,0,540,PF,0.0028000213205814,0.0211000442504882,0.0016000121831893,0.0255000777542591,0.0,0.6,0.0,2,2
5,0,540,Greedy-SLA,0.0024999026209115,0.0210001599043607,0.0014000106602907,0.024900073185563,0.0,0.6,0.0,4,4
5,0,540,DT-Top1,0.0024999026209115,0.020800158381462,0.0016000121831893,0.024900073185563,0.0,0.6,0.0,4,4
5,0,541,PF,0.0028000213205814,0.0209999270737171,0.0015001278370618,0.0253000762313604,0.0,0.6,0.0,2,2
5,0,541,Greedy-SLA,0.0024999026209115,0.020399922505021,0.0015001278370618,0.0243999529629945,0.0,0.6,0.0,4,4
5,0,541,DT-Top1,0.0025001354515552,0.0207999255508184,0.031899893656373,0.0551999546587467,0.0,0.6,21.0,0,2
5,0,542,PF,0.0029997900128364,0.0258001964539289,0.0014998950064182,0.0302998814731836,0.0,0.6,0.0,2,2
5,0,542,Greedy-SLA,0.0024999026209115,0.0216001644730567,0.0014998950064182,0.0255999621003866,0.0,0.6,0.0,4,4
5,0,542,DT-Top1,0.0025001354515552,0.0207000412046909,0.0314998906105756,0.0547000672668218,0.0,0.6,21.0,0,2
5,0,543,PF,0.0032000243663787,0.0213999301195144,0.0016000121831893,0.0261999666690826,0.0,0.6,0.0,2,2
5,0,543,Greedy-SLA,0.0025997869670391,0.0213000457733869,0.0312000047415494,0.0550998374819755,0.0,0.6,21.0,0,2
5,0,543,DT-Top1,0.0025001354515552,0.0211999285966157,0.031299889087677,0.054999953135848,0.0,0.6,21.0,0,2
5,0,544,PF,0.0029001384973526,0.0207000412046909,0.0016000121831893,0.0252001918852329,0.0,0.6,0.0,2,2
5,0,544,Greedy-SLA,0.0025997869670391,0.0211000442504882,0.0016000121831893,0.0252998434007167,0.0,0.6,0.0,4,4
5,0,544,DT-Top1,0.0026999041438102,0.0207999255508184,0.0015001278370618,0.0249999575316905,0.0,0.6,0.0,4,4
5,0,545,PF,0.0028999056667089,0.0209000427275896,0.0016998965293169,0.0254998449236154,0.0,0.6,0.0,2,2
5,0,545,Greedy-SLA,0.0026999041438102,0.0211000442504882,0.0015001278370618,0.0253000762313604,0.0,0.6,0.0,4,4
5,0,545,DT-Top1,0.0025001354515552,0.0206998083740472,0.0319001264870166,0.0551000703126192,0.0,0.6,21.0,0,2
5,0,546,PF,0.0028999056667089,0.0209000427275896,0.0015001278370618,0.0253000762313604,0.0,0.6,0.0,2,2
5,0,546,Greedy-SLA,0.0026000197976827,0.0213999301195144,0.0014998950064182,0.0254998449236154,0.0,0.6,0.0,4,4
5,0,546,DT-Top1,0.002400018274784,0.0205999240279197,0.0313001219183206,0.0543000642210245,0.0,0.6,21.0,0,2
5,0,547,PF,0.0028000213205814,0.0257999636232852,0.0016000121831893,0.0301999971270561,0.0,0.6,0.0,2,2
5,0,547,Greedy-SLA,0.0026000197976827,0.0207999255508184,0.0015001278370618,0.024900073185563,0.0,0.6,0.0,4,4
5,0,547,DT-Top1,0.0024999026209115,0.0205000396817922,0.0015001278370618,0.0245000701397657,0.0,0.6,0.0,4,4
5,0,548,PF,0.0029001384973526,0.0209000427275896,0.0016000121831893,0.0254001934081316,0.0,0.6,0.0,2,2
5,0,548,Greedy-SLA,0.002400018274784,0.0209000427275896,0.0316000077873468,0.0549000687897205,0.0,0.6,21.0,0,2
5,0,548,DT-Top1,0.0026000197976827,0.0205999240279197,0.0314000062644481,0.0545999500900507,0.0,0.6,21.0,0,2
5,0,549,PF,0.0029001384973526,0.0209999270737171,0.0015001278370618,0.0254001934081316,0.0,0.6,0.0,2,2
5,0,549,Greedy-SLA,0.0027001369744539,0.0211000442504882,0.0014998950064182,0.0253000762313604,0.0,0.6,0.0,4,4
5,0,549,DT-Top1,0.0025001354515552,0.0207999255508184,0.0015001278370618,0.0248001888394355,0.0,0.6,0.0,4,4
5,0,550,PF,0.0028999056667089,0.0211999285966157,0.0015001278370618,0.0255999621003866,0.0,0.6,0.0,2,2
5,0,550,Greedy-SLA,0.0024999026209115,0.0206001568585634,0.0014998950064182,0.0245999544858932,0.0,0.6,0.0,4,4
5,0,550,DT-Top1,0.0024999026209115,0.020800158381462,0.0314998906105756,0.0547999516129493,0.0,0.6,21.0,0,2
5,0,551,PF,0.0028000213205814,0.0211000442504882,0.0014998950064182,0.0253999605774879,0.0,0.6,0.0,2,2
5,0,551,Greedy-SLA,0.004699919372797,0.037600053474307,0.0019001308828592,0.0442001037299633,0.0,0.6,0.0,4,4
5,0,551,DT-Top1,0.0028000213205814,0.0241000670939683,0.0354999210685491,0.0624000094830989,0.0,0.6,21.0,0,2
5,0,552,PF,0.0032000243663787,0.0214998144656419,0.0016000121831893,0.0262998510152101,0.0,0.6,0.0,2,2
5,0,552,Greedy-SLA,0.0010000076144933,0.0078999437391757,0.000600004568696,0.0094999559223651,0.0,0.6,0.0,4,4
5,0,552,DT-Top1,0.0010000076144933,0.0102000776678323,0.0324000138789415,0.0436000991612672,0.0,0.6,21.0,0,2
5,0,553,PF,0.0028000213205814,0.0214998144656419,0.0016000121831893,0.0258998479694128,0.0,0.6,0.0,2,2
5,0,553,Greedy-SLA,0.0026999041438102,0.0213999301195144,0.0016000121831893,0.0256998464465141,0.0,0.6,0.0,4,4
5,0,553,DT-Top1,0.0026000197976827,0.0208998098969459,0.032300129532814,0.0557999592274427,0.0,0.6,21.0,0,2
5,0,554,PF,0.0027997884899377,0.0214001629501581,0.0016000121831893,0.0257999636232852,0.0,0.6,0.0,2,2
5,0,554,Greedy-SLA,0.0024999026209115,0.0211999285966157,0.0015001278370618,0.0251999590545892,0.0,0.6,0.0,4,4
5,0,554,DT-Top1,0.0026000197976827,0.0217000488191843,0.0322000123560428,0.0565000809729099,0.0,0.6,21.0,0,2
5,0,555,PF,0.0030000228434801,0.0211000442504882,0.0016000121831893,0.0257000792771577,0.0,0.6,0.0,2,2
5,0,555,Greedy-SLA,0.0026999041438102,0.0213000457733869,0.0015001278370618,0.0255000777542591,0.0,0.6,0.0,4,4
5,0,555,DT-Top1,0.0028000213205814,0.0213999301195144,0.0320000108331441,0.05619996227324,0.0,0.6,21.0,0,2
5,0,556,PF,0.0028999056667089,0.0213000457733869,0.0016000121831893,0.0257999636232852,0.0,0.6,0.0,2,2
5,0,556,Greedy-SLA,0.0023997854441404,0.0212001614272594,0.0014998950064182,0.0250998418778181,0.0,0.6,0.0,4,4
5,0,556,DT-Top1,0.0024999026209115,0.0211999285966157,0.0320000108331441,0.0556998420506715,0.0,0.6,21.0,0,2
5,0,557,PF,0.0031001400202512,0.0215000472962856,0.0016998965293169,0.0263000838458538,0.0,0.6,0.0,2,2
5,0,557,Greedy-SLA,0.0026000197976827,0.0214001629501581,0.0014998950064182,0.0255000777542591,0.0,0.6,0.0,4,4
5,0,557,DT-Top1,0.0026000197976827,0.0210001599043607,0.0014998950064182,0.0251000747084617,0.0,0.6,0.0,4,4
5,0,558,PF,0.0028000213205814,0.0210998114198446,0.0014000106602907,0.0252998434007167,0.0,0.6,0.0,2,2
5,0,558,Greedy-SLA,0.0027001369744539,0.0209000427275896,0.001399777829647,0.0249999575316905,0.0,0.6,0.0,4,4
5,0,558,DT-Top1,0.0042999163269996,0.0692999456077814,0.0041001476347446,0.0777000095695257,0.0,0.6,0.0,4,4
5,0,559,PF,0.0031001400202512,0.0240998342633247,0.0016000121831893,0.0287999864667654,0.0,0.6,0.0,2,2
5,0,559,Greedy-SLA,0.0026999041438102,0.0219000503420829,0.0016000121831893,0.0261999666690826,0.0,0.6,0.0,4,4
5,0,559,DT-Top1,0.0026999041438102,0.0213000457733869,0.0016000121831893,0.0255999621003866,0.0,0.6,0.0,4,4
5,0,560,PF,0.0010998919606208,0.0078999437391757,0.000600004568696,0.0095998402684926,0.0,0.6,0.0,2,2
5,0,560,Greedy-SLA,0.0010000076144933,0.0078000593930482,0.000600004568696,0.0094000715762376,0.0,0.6,0.0,4,4
5,0,560,DT-Top1,0.0010000076144933,0.0076999422162771,0.0126000959426164,0.0213000457733869,0.0,0.6,21.0,0,2
5,0,561,PF,0.0011001247912645,0.0077998265624046,0.0005001202225685,0.0094000715762376,0.0,0.6,0.0,2,2
5,0,561,Greedy-SLA,0.0009001232683658,0.0078000593930482,0.000600004568696,0.0093001872301101,0.0,0.6,0.0,4,4
5,0,561,DT-Top1,0.0010000076144933,0.0078999437391757,0.011600088328123,0.0205000396817922,0.0,0.6,21.0,0,2
5,0,562,PF,0.0011001247912645,0.068899942561984,0.001200009137392,0.0712000764906406,0.0,0.6,0.0,2,2
5,0,562,Greedy-SLA,0.001200009137392,0.0106000807136297,0.000600004568696,0.0124000944197177,0.0,0.6,0.0,4,4
5,0,562,DT-Top1,0.0010000076144933,0.0080000609159469,0.0126999802887439,0.0217000488191843,0.0,0.6,21.0,0,2
5,0,563,PF,0.0012998934835195,0.0211000442504882,0.0007001217454671,0.023100059479475,0.0,0.6,0.0,2,2
5,0,563,Greedy-SLA,0.0010000076144933,0.019199913367629,0.000600004568696,0.0207999255508184,0.0,0.6,0.0,4,4
5,0,563,DT-Top1,0.0010000076144933,0.0078000593930482,0.000600004568696,0.0094000715762376,0.0,0.6,0.0,4,4
5,0,564,PF,0.0011001247912645,0.0078999437391757,0.0004998873919248,0.0094999559223651,0.0,0.6,0.0,2,2
5,0,564,Greedy-SLA,0.001200009137392,0.0094000715762376,0.000600004568696,0.0112000852823257,0.0,0.6,0.0,4,4
5,0,564,DT-Top1,0.0008998904377222,0.0077001750469207,0.0121998600661754,0.0207999255508184,0.0,0.6,21.0,0,2
5,0,565,PF,0.0010000076144933,0.0079998280853033,0.000600004568696,0.0095998402684926,0.0,0.6,0.0,2,2
5,0,565,Greedy-SLA,0.0010000076144933,0.0078000593930482,0.000600004568696,0.0094000715762376,0.0,0.6,0.0,4,4
5,0,565,DT-Top1,0.0011001247912645,0.0531000550836324,0.0012998934835195,0.0555000733584165,0.0,0.6,0.0,4,4
5,0,566,PF,0.0012998934835195,0.0096999574452638,0.000600004568696,0.0115998554974794,0.0,0.6,0.0,2,2
5,0,566,Greedy-SLA,0.0027001369744539,0.0227000564336776,0.0016000121831893,0.0270002055913209,0.0,0.6,0.0,4,4
5,0,566,DT-Top1,0.0063998159021139,0.0481000170111656,0.0446999911218881,0.0991998240351677,0.0,0.6,21.0,0,2
5,0,567,PF,0.0034000258892774,0.0259999651461839,0.0019001308828592,0.0313001219183206,0.0,0.6,0.0,2,2
5,0,567,Greedy-SLA,0.0028999056667089,0.0231999438256025,0.0015001278370618,0.0275999773293733,0.0,0.6,0.0,4,4
5,0,567,DT-Top1,0.0028000213205814,0.0219000503420829,0.0341997947543859,0.0588998664170503,0.0,0.6,21.0,0,2
5,0,568,PF,0.0031001400202512,0.0221999362111091,0.0016000121831893,0.0269000884145498,0.0,0.6,0.0,2,2
5,0,568,Greedy-SLA,0.0027001369744539,0.0209000427275896,0.0015997793525457,0.0251999590545892,0.0,0.6,0.0,4,4
5,0,568,DT-Top1,0.002400018274784,0.0207000412046909,0.0320998951792717,0.0551999546587467,0.0,0.6,21.0,0,2
5,0,569,PF,0.0029001384973526,0.0216998159885406,0.0016000121831893,0.0261999666690826,0.0,0.6,0.0,2,2
5,0,569,Greedy-SLA,0.0025001354515552,0.0206998083740472,0.0016000121831893,0.0247999560087919,0.0,0.6,0.0,4,4
5,0,569,DT-Top1,0.0026000197976827,0.020399922505021,0.0316000077873468,0.0545999500900507,0.0,0.6,21.0,0,2
5,0,570,PF,0.0028999056667089,0.0215999316424131,0.0015001278370618,0.0259999651461839,0.0,0.6,0.0,2,2
5,0,570,Greedy-SLA,0.0027001369744539,0.0208998098969459,0.0015001278370618,0.0251000747084617,0.0,0.6,0.0,4,4
5,0,570,DT-Top1,0.0024999026209115,0.0207000412046909,0.031299889087677,0.0544998329132795,0.0,0.6,21.0,0,2
5,0,571,PF,0.0029001384973526,0.0210998114198446,0.0016000121831893,0.0255999621003866,0.0,0.6,0.0,2,2
5,0,571,Greedy-SLA,0.0025001354515552,0.0206998083740472,0.0311001203954219,0.0543000642210245,0.0,0.6,21.0,0,2
5,0,571,DT-Top1,0.0027001369744539,0.0209000427275896,0.031299889087677,0.0549000687897205,0.0,0.6,21.0,0,2
5,0,572,PF,0.0029001384973526,0.0210998114198446,0.0017001293599605,0.0257000792771577,0.0,0.6,0.0,2,2
5,0,572,Greedy-SLA,0.0026000197976827,0.0210998114198446,0.0016000121831893,0.0252998434007167,0.0,0.6,0.0,4,4
5,0,572,DT-Top1,0.0025001354515552,0.0205000396817922,0.0014998950064182,0.0245000701397657,0.0,0.6,0.0,4,4
5,0,573,PF,0.0029001384973526,0.0207000412046909,0.0015997793525457,0.0251999590545892,0.0,0.6,0.0,2,2
5,0,573,Greedy-SLA,0.0026000197976827,0.0207000412046909,0.0014000106602907,0.0247000716626644,0.0,0.6,0.0,4,4
5,0,573,DT-Top1,0.0026999041438102,0.020800158381462,0.0308998860418796,0.054399948567152,0.0,0.6,21.0,0,2
5,0,574,PF,0.0028000213205814,0.0209000427275896,0.0016000121831893,0.0253000762313604,0.0,0.6,0.0,2,2
5,0,574,Greedy-SLA,0.0024999026209115,0.0204001553356647,0.0016998965293169,0.0245999544858932,0.0,0.6,0.0,4,4
5,0,574,DT-Top1,0.0026000197976827,0.020200153812766,0.031299889087677,0.0541000626981258,0.0,0.6,21.0,0,2
5,0,575,PF,0.0028999056667089,0.0207000412046909,0.0015001278370618,0.0251000747084617,0.0,0.6,0.0,2,2
5,0,575,Greedy-SLA,0.0026000197976827,0.0203000381588935,0.0016000121831893,0.0245000701397657,0.0,0.6,0.0,4,4
5,0,575,DT-Top1,0.0025997869670391,0.0200001522898674,0.0308998860418796,0.0534998252987861,0.0,0.6,21.0,0,2
5,0,576,PF,0.0027997884899377,0.0207000412046909,0.0016000121831893,0.0250998418778181,0.0,0.6,0.0,2,2
5,0,576,Greedy-SLA,0.0027001369744539,0.020399922505021,0.0016000121831893,0.0247000716626644,0.0,0.6,0.0,4,4
5,0,576,DT-Top1,0.0026000197976827,0.0202998053282499,0.0312000047415494,0.0540998298674821,0.0,0.6,21.0,0,2
5,0,577,PF,0.0028999056667089,0.0209000427275896,0.0016000121831893,0.0253999605774879,0.0,0.6,0.0,2,2
5,0,577,Greedy-SLA,0.002400018274784,0.0205999240279197,0.0015001278370618,0.0245000701397657,0.0,0.6,0.0,4,4
5,0,577,DT-Top1,0.0025001354515552,0.0201999209821224,0.0313001219183206,0.0540001783519983,0.0,0.6,21.0,0,2
5,0,578,PF,0.0028000213205814,0.0210001599043607,0.0014998950064182,0.0253000762313604,0.0,0.6,0.0,2,2
5,0,578,Greedy-SLA,0.0026000197976827,0.020800158381462,0.0014000106602907,0.0248001888394355,0.0,0.6,0.0,4,4
5,0,578,DT-Top1,0.0025001354515552,0.0203000381588935,0.0310000032186508,0.0538001768290996,0.0,0.6,21.0,0,2
5,0,579,PF,0.0029001384973526,0.0207000412046909,0.001800013706088,0.0254001934081316,0.0,0.6,0.0,2,2
5,0,579,Greedy-SLA,0.002400018274784,0.0205000396817922,0.0015001278370618,0.0244001857936382,0.0,0.6,0.0,4,4
5,0,579,DT-Top1,0.002400018274784,0.0203000381588935,0.0014000106602907,0.0241000670939683,0.0,0.6,0.0,4,4
5,0,580,PF,0.0030000228434801,0.020800158381462,0.0015997793525457,0.0253999605774879,0.0,0.6,0.0,2,2
5,0,580,Greedy-SLA,0.0027001369744539,0.020399922505021,0.0017001293599605,0.0248001888394355,0.0,0.6,0.0,4,4
5,0,580,DT-Top1,0.002400018274784,0.0203000381588935,0.0014000106602907,0.0241000670939683,0.0,0.6,0.0,4,4
5,0,581,PF,0.0029001384973526,0.0205000396817922,0.0016000121831893,0.0250001903623342,0.0,0.6,0.0,2,2
5,0,581,Greedy-SLA,0.0024999026209115,0.0206001568585634,0.0014000106602907,0.0245000701397657,0.0,0.6,0.0,4,4
5,0,581,DT-Top1,0.0024999026209115,0.0205000396817922,0.0316000077873468,0.0545999500900507,0.0,0.6,21.0,0,2
5,0,582,PF,0.0028000213205814,0.0207999255508184,0.0015001278370618,0.0251000747084617,0.0,0.6,0.0,2,2
5,0,582,Greedy-SLA,0.0024999026209115,0.0205999240279197,0.0015001278370618,0.0245999544858932,0.0,0.6,0.0,4,4
5,0,582,DT-Top1,0.0026000197976827,0.0203000381588935,0.0014998950064182,0.0243999529629945,0.0,0.6,0.0,4,4
5,0,583,PF,0.0028999056667089,0.0207000412046909,0.0016000121831893,0.0251999590545892,0.0,0.6,0.0,2,2
5,0,583,Greedy-SLA,0.0026000197976827,0.0204998068511486,0.0017001293599605,0.0247999560087919,0.0,0.6,0.0,4,4
5,0,583,DT-Top1,0.0026000197976827,0.0203000381588935,0.0016000121831893,0.0245000701397657,0.0,0.6,0.0,4,4
5,0,584,PF,0.0028999056667089,0.0207000412046909,0.0014000106602907,0.0249999575316905,0.0,0.6,0.0,2,2
5,0,584,Greedy-SLA,0.0024999026209115,0.0251999590545892,0.0015001278370618,0.0291999895125627,0.0,0.6,0.0,4,4
5,0,584,DT-Top1,0.0022999010980129,0.0207000412046909,0.0311001203954219,0.0541000626981258,0.0,0.6,21.0,0,2
5,0,585,PF,0.0028000213205814,0.020399922505021,0.0015001278370618,0.0247000716626644,0.0,0.6,0.0,2,2
5,0,585,Greedy-SLA,0.0026000197976827,0.0209000427275896,0.0309001188725233,0.0544001813977956,0.0,0.6,21.0,0,2
5,0,585,DT-Top1,0.0028000213205814,0.0205999240279197,0.0306000001728534,0.0539999455213546,0.0,0.6,21.0,0,2
5,0,586,PF,0.0028999056667089,0.0209000427275896,0.0016000121831893,0.0253999605774879,0.0,0.6,0.0,2,2
5,0,586,Greedy-SLA,0.002400018274784,0.0205999240279197,0.0014000106602907,0.0243999529629945,0.0,0.6,0.0,4,4
5,0,586,DT-Top1,0.0026000197976827,0.0201000366359949,0.031299889087677,0.0539999455213546,0.0,0.6,21.0,0,2
5,0,587,PF,0.0026999041438102,0.020800158381462,0.0014998950064182,0.0249999575316905,0.0,0.6,0.0,2,2
5,0,587,Greedy-SLA,0.0024999026209115,0.0206001568585634,0.0014998950064182,0.0245999544858932,0.0,0.6,0.0,4,4
5,0,587,DT-Top1,0.0022999010980129,0.0207000412046909,0.0014000106602907,0.0243999529629945,0.0,0.6,0.0,4,4
5,0,588,PF,0.0029001384973526,0.0207000412046909,0.0014998950064182,0.0251000747084617,0.0,0.6,0.0,2,2
5,0,588,Greedy-SLA,0.0024999026209115,0.0203000381588935,0.0014000106602907,0.0241999514400959,0.0,0.6,0.0,4,4
5,0,588,DT-Top1,0.0026000197976827,0.0201999209821224,0.0015001278370618,0.024300068616867,0.0,0.6,0.0,4,4
5,0,589,PF,0.0027001369744539,0.0208998098969459,0.0014000106602907,0.0249999575316905,0.0,0.6,0.0,2,2
5,0,589,Greedy-SLA,0.0024999026209115,0.0205999240279197,0.0015001278370618,0.0245999544858932,0.0,0.6,0.0,4,4
5,0,589,DT-Top1,0.0025001354515552,0.0203000381588935,0.0014000106602907,0.0242001842707395,0.0,0.6,0.0,4,4
5,0,590,PF,0.0028000213205814,0.0206998083740472,0.0015001278370618,0.0249999575316905,0.0,0.6,0.0,2,2
5,0,590,Greedy-SLA,0.002400018274784,0.0204001553356647,0.0014000106602907,0.0242001842707395,0.0,0.6,0.0,4,4
5,0,590,DT-Top1,0.0025001354515552,0.020399922505021,0.0313001219183206,0.054200179874897,0.0,0.6,21.0,0,2
5,0,591,PF,0.0028000213205814,0.0209000427275896,0.0015001278370618,0.0252001918852329,0.0,0.6,0.0,2,2
5,0,591,Greedy-SLA,0.0024999026209115,0.0203000381588935,0.0014000106602907,0.0241999514400959,0.0,0.6,0.0,4,4
5,0,591,DT-Top1,0.0026000197976827,0.0207000412046909,0.0308998860418796,0.0541999470442533,0.0,0.6,21.0,0,2
5,0,592,PF,0.0028999056667089,0.0207000412046909,0.0015001278370618,0.0251000747084617,0.0,0.6,0.0,2,2
5,0,592,Greedy-SLA,0.0024999026209115,0.0207000412046909,0.0014000106602907,0.0245999544858932,0.0,0.6,0.0,4,4
5,0,592,DT-Top1,0.0024999026209115,0.0205000396817922,0.0014998950064182,0.024499837309122,0.0,0.6,0.0,4,4
5,0,593,PF,0.0026999041438102,0.0209000427275896,0.0014000106602907,0.0249999575316905,0.0,0.6,0.0,2,2
5,0,593,Greedy-SLA,0.002400018274784,0.0202998053282499,0.0015001278370618,0.0241999514400959,0.0,0.6,0.0,4,4
5,0,593,DT-Top1,0.002400018274784,0.0199000351130962,0.0015001278370618,0.0238001812249422,0.0,0.6,0.0,4,4
5,0,594,PF,0.0026000197976827,0.0207000412046909,0.0014998950064182,0.0247999560087919,0.0,0.6,0.0,2,2
5,0,594,Greedy-SLA,0.0024999026209115,0.0207000412046909,0.0015001278370618,0.0247000716626644,0.0,0.6,0.0,4,4
5,0,594,DT-Top1,0.0026000197976827,0.0203000381588935,0.0313001219183206,0.054200179874897,0.0,0.6,21.0,0,2
5,0,595,PF,0.0030000228434801,0.0207000412046909,0.0016000121831893,0.0253000762313604,0.0,0.6,0.0,2,2
5,0,595,Greedy-SLA,0.0026000197976827,0.0209000427275896,0.0014000106602907,0.024900073185563,0.0,0.6,0.0,4,4
5,0,595,DT-Top1,0.0026000197976827,0.0209999270737171,0.0309001188725233,0.0545000657439231,0.0,0.6,21.0,0,2
5,0,596,PF,0.0027997884899377,0.0203000381588935,0.0016000121831893,0.0246998388320207,0.0,0.6,0.0,2,2
5,0,596,Greedy-SLA,0.0034000258892774,0.0219000503420829,0.0014000106602907,0.0267000868916511,0.0,0.6,0.0,4,4
5,0,596,DT-Top1,0.0026000197976827,0.020800158381462,0.0308998860418796,0.0543000642210245,0.0,0.6,21.0,0,2
5,0,597,PF,0.0029001384973526,0.0207999255508184,0.0015001278370618,0.0252001918852329,0.0,0.6,0.0,2,2
5,0,597,Greedy-SLA,0.0026000197976827,0.0207000412046909,0.0311001203954219,0.0544001813977956,0.0,0.6,21.0,0,2
5,0,597,DT-Top1,0.0026000197976827,0.0206998083740472,0.0308000016957521,0.0540998298674821,0.0,0.6,21.0,0,2
5,0,598,PF,0.0028000213205814,0.0211000442504882,0.0015997793525457,0.0254998449236154,0.0,0.6,0.0,2,2
5,0,598,Greedy-SLA,0.0026000197976827,0.0211000442504882,0.0014998950064182,0.0251999590545892,0.0,0.6,0.0,4,4
5,0,598,DT-Top1,0.0026999041438102,0.0204001553356647,0.0308998860418796,0.0539999455213546,0.0,0.6,21.0,0,2
5,0,599,PF,0.0027001369744539,0.0205000396817922,0.0014998950064182,0.0247000716626644,0.0,0.6,0.0,2,2
5,0,599,Greedy-SLA,0.0025997869670391,0.020800158381462,0.0014000106602907,0.0247999560087919,0.0,0.6,0.0,4,4
5,0,599,DT-Top1,0.0026000197976827,0.0205000396817922,0.0312000047415494,0.0543000642210245,0.0,0.6,21.0,0,2
5,0,600,PF,0.0027001369744539,0.0207999255508184,0.0014998950064182,0.0249999575316905,0.0,0.6,0.0,2,2
5,0,600,Greedy-SLA,0.002400018274784,0.0208998098969459,0.0015001278370618,0.0247999560087919,0.0,0.6,0.0,4,4
5,0,600,DT-Top1,0.0025001354515552,0.0201999209821224,0.0014000106602907,0.0241000670939683,0.0,0.6,0.0,4,4
5,0,601,PF,0.0028999056667089,0.0207000412046909,0.0016000121831893,0.0251999590545892,0.0,0.6,0.0,2,2
5,0,601,Greedy-SLA,0.0024999026209115,0.020800158381462,0.0014998950064182,0.0247999560087919,0.0,0.6,0.0,4,4
5,0,601,DT-Top1,0.0026000197976827,0.0207000412046909,0.0314000062644481,0.0547000672668218,0.0,0.6,21.0,0,2
5,0,602,PF,0.0028000213205814,0.020800158381462,0.0014998950064182,0.0251000747084617,0.0,0.6,0.0,2,2
5,0,602,Greedy-SLA,0.0026000197976827,0.0207000412046909,0.0015001278370618,0.0248001888394355,0.0,0.6,0.0,4,4
5,0,602,DT-Top1,0.002400018274784,0.0203000381588935,0.0016000121831893,0.024300068616867,0.0,0.6,0.0,4,4
5,0,603,PF,0.0026999041438102,0.0211000442504882,0.0015001278370618,0.0253000762313604,0.0,0.6,0.0,2,2
5,0,603,Greedy-SLA,0.0024999026209115,0.0205000396817922,0.0014000106602907,0.0243999529629945,0.0,0.6,0.0,4,4
5,0,603,DT-Top1,0.0025001354515552,0.0202998053282499,0.0014000106602907,0.0241999514400959,0.0,0.6,0.0,4,4
5,0,604,PF,0.0031001400202512,0.0209999270737171,0.0016000121831893,0.0257000792771577,0.0,0.6,0.0,2,2
5,0,604,Greedy-SLA,0.0028000213205814,0.0209000427275896,0.0014000106602907,0.0251000747084617,0.0,0.6,0.0,4,4
5,0,604,DT-Top1,0.0026000197976827,0.0205000396817922,0.0312000047415494,0.0543000642210245,0.0,0.6,21.0,0,2
5,0,605,PF,0.0028999056667089,0.0209000427275896,0.0016000121831893,0.0253999605774879,0.0,0.6,0.0,2,2
5,0,605,Greedy-SLA,0.0025001354515552,0.0207000412046909,0.0014998950064182,0.0247000716626644,0.0,0.6,0.0,4,4
5,0,605,DT-Top1,0.0024999026209115,0.0250001903623342,0.0314998906105756,0.0589999835938215,0.0,0.6,21.0,0,2
5,0,606,PF,0.0028000213205814,0.0211000442504882,0.0014998950064182,0.0253999605774879,0.0,0.6,0.0,2,2
5,0,606,Greedy-SLA,0.002400018274784,0.0207000412046909,0.0014000106602907,0.0245000701397657,0.0,0.6,0.0,4,4
5,0,606,DT-Top1,0.0026000197976827,0.020399922505021,0.0014000106602907,0.0243999529629945,0.0,0.6,0.0,4,4
5,0,607,PF,0.0028000213205814,0.0209000427275896,0.0014998950064182,0.0251999590545892,0.0,0.6,0.0,2,2
5,0,607,Greedy-SLA,0.0026000197976827,0.0210001599043607,0.031299889087677,0.0549000687897205,0.0,0.6,21.0,0,2
5,0,607,DT-Top1,0.0025001354515552,0.0204998068511486,0.0301999971270561,0.0531999394297599,0.0,0.6,21.0,0,2
5,0,608,PF,0.0028999056667089,0.0207000412046909,0.0016000121831893,0.0251999590545892,0.0,0.6,0.0,2,2
5,0,608,Greedy-SLA,0.002400018274784,0.0207000412046909,0.0014998950064182,0.0245999544858932,0.0,0.6,0.0,4,4
5,0,608,DT-Top1,0.002400018274784,0.0206001568585634,0.0310998875647783,0.0541000626981258,0.0,0.6,21.0,0,2
5,0,609,PF,0.0028000213205814,0.0207999255508184,0.0014998950064182,0.0250998418778181,0.0,0.6,0.0,2,2
5,0,609,Greedy-SLA,0.002400018274784,0.0209999270737171,0.0014998950064182,0.0248998403549194,0.0,0.6,0.0,4,4
5,0,609,DT-Top1,0.0025001354515552,0.0201999209821224,0.0311001203954219,0.0538001768290996,0.0,0.6,21.0,0,2
5,0,610,PF,0.0028999056667089,0.0207999255508184,0.0015001278370618,0.0251999590545892,0.0,0.6,0.0,2,2
5,0,610,Greedy-SLA,0.0025001354515552,0.020399922505021,0.0014000106602907,0.024300068616867,0.0,0.6,0.0,4,4
5,0,610,DT-Top1,0.0026000197976827,0.0206001568585634,0.0014000106602907,0.0246001873165369,0.0,0.6,0.0,4,4
5,0,611,PF,0.0028000213205814,0.0205999240279197,0.0015001278370618,0.024900073185563,0.0,0.6,0.0,2,2
5,0,611,Greedy-SLA,0.002400018274784,0.0207000412046909,0.0014000106602907,0.0245000701397657,0.0,0.6,0.0,4,4
5,0,611,DT-Top1,0.002400018274784,0.020800158381462,0.0308998860418796,0.0541000626981258,0.0,0.6,21.0,0,2
5,0,612,PF,0.0030999071896076,0.0203000381588935,0.0015001278370618,0.024900073185563,0.0,0.6,0.0,2,2
5,0,612,Greedy-SLA,0.002400018274784,0.020800158381462,0.0014000106602907,0.0246001873165369,0.0,0.6,0.0,4,4
5,0,612,DT-Top1,0.0022999010980129,0.0207000412046909,0.0306000001728534,0.0535999424755573,0.0,0.6,21.0,0,2
5,0,613,PF,0.0027997884899377,0.020800158381462,0.0014998950064182,0.0250998418778181,0.0,0.6,0.0,2,2
5,0,613,Greedy-SLA,0.0026000197976827,0.0209999270737171,0.0015001278370618,0.0251000747084617,0.0,0.6,0.0,4,4
5,0,613,DT-Top1,0.0026000197976827,0.0205000396817922,0.0312000047415494,0.0543000642210245,0.0,0.6,21.0,0,2
5,0,614,PF,0.0028999056667089,0.020399922505021,0.0015001278370618,0.0247999560087919,0.0,0.6,0.0,2,2
5,0,614,Greedy-SLA,0.0026000197976827,0.0205999240279197,0.0014998950064182,0.0246998388320207,0.0,0.6,0.0,4,4
5,0,614,DT-Top1,0.0026000197976827,0.020200153812766,0.0014998950064182,0.024300068616867,0.0,0.6,0.0,4,4
5,0,615,PF,0.0028000213205814,0.0207999255508184,0.0014998950064182,0.0250998418778181,0.0,0.6,0.0,2,2
5,0,615,Greedy-SLA,0.0024999026209115,0.0203000381588935,0.0015001278370618,0.024300068616867,0.0,0.6,0.0,4,4
5,0,615,DT-Top1,0.0024999026209115,0.0203000381588935,0.0315001234412193,0.0543000642210245,0.0,0.6,21.0,0,2
5,0,616,PF,0.0028999056667089,0.020200153812766,0.0016998965293169,0.0247999560087919,0.0,0.6,0.0,2,2
5,0,616,Greedy-SLA,0.0024999026209115,0.020800158381462,0.0014998950064182,0.0247999560087919,0.0,0.6,0.0,4,4
5,0,616,DT-Top1,0.0024999026209115,0.020800158381462,0.0306998845189809,0.0539999455213546,0.0,0.6,21.0,0,2
5,0,617,PF,0.0028000213205814,0.0209000427275896,0.0015001278370618,0.0252001918852329,0.0,0.6,0.0,2,2
5,0,617,Greedy-SLA,0.0024999026209115,0.020800158381462,0.0014998950064182,0.0247999560087919,0.0,0.6,0.0,4,4
5,0,617,DT-Top1,0.0024999026209115,0.0206001568585634,0.0016000121831893,0.0247000716626644,0.0,0.6,0.0,4,4
5,0,618,PF,0.0028999056667089,0.020800158381462,0.0016000121831893,0.0253000762313604,0.0,0.6,0.0,2,2
5,0,618,Greedy-SLA,0.0025001354515552,0.0203000381588935,0.0014998950064182,0.024300068616867,0.0,0.6,0.0,4,4
5,0,618,DT-Top1,0.0024999026209115,0.0201999209821224,0.0015001278370618,0.0241999514400959,0.0,0.6,0.0,4,4
5,0,619,PF,0.0028000213205814,0.0207999255508184,0.0014998950064182,0.0250998418778181,0.0,0.6,0.0,2,2
5,0,619,Greedy-SLA,0.0025001354515552,0.0206998083740472,0.0015001278370618,0.0247000716626644,0.0,0.6,0.0,4,4
5,0,619,DT-Top1,0.0027001369744539,0.0225999392569065,0.0012998934835195,0.0265999697148799,0.0,0.6,0.0,4,4
5,0,620,PF,0.0020000152289867,0.0161998905241489,0.0011001247912645,0.0193000305444002,0.0,0.6,0.0,2,2
5,0,620,Greedy-SLA,0.0017001293599605,0.0139998737722635,0.0218001659959554,0.0375001691281795,0.0,0.6,21.0,0,2
5,0,620,DT-Top1,0.001800013706088,0.0132001005113124,0.0201000366359949,0.0351001508533954,0.0,0.6,21.0,0,2
5,0,621,PF,0.0018998980522155,0.0209000427275896,0.001200009137392,0.0239999499171972,0.0,0.6,0.0,2,2
5,0,621,Greedy-SLA,0.0020000152289867,0.0171000137925148,0.0010998919606208,0.0201999209821224,0.0,0.6,0.0,4,4
5,0,621,DT-Top1,0.0016000121831893,0.0134999863803386,0.0209000427275896,0.0360000412911176,0.0,0.6,21.0,0,2
5,0,622,PF,0.0038999132812023,0.0173998996615409,0.0010000076144933,0.0222998205572366,0.0,0.6,0.0,2,2
5,0,622,Greedy-SLA,0.001800013706088,0.0160001218318939,0.0010000076144933,0.0188001431524753,0.0,0.6,0.0,4,4
5,0,622,DT-Top1,0.0016000121831893,0.0134001020342111,0.0205000396817922,0.0355001538991928,0.0,0.6,21.0,0,2
5,0,623,PF,0.0019001308828592,0.0143998768180608,0.0011001247912645,0.0174001324921846,0.0,0.6,0.0,2,2
5,0,623,Greedy-SLA,0.0015997793525457,0.0134001020342111,0.0203000381588935,0.0352999195456504,0.0,0.6,21.0,0,2
5,0,623,DT-Top1,0.001800013706088,0.019199913367629,0.0205000396817922,0.0414999667555093,0.0,0.6,21.0,0,2
5,0,624,PF,0.0029997900128364,0.0211000442504882,0.0015001278370618,0.0255999621003866,0.0,0.6,0.0,2,2
5,0,624,Greedy-SLA,0.0028000213205814,0.0173998996615409,0.0009001232683658,0.0211000442504882,0.0,0.6,0.0,4,4
5,0,624,DT-Top1,0.0017001293599605,0.0130999833345413,0.0206998083740472,0.0354999210685491,0.0,0.6,21.0,0,2
5,0,625,PF,0.0019001308828592,0.0141998752951622,0.0011001247912645,0.0172001309692859,0.0,0.6,0.0,2,2
5,0,625,Greedy-SLA,0.0016000121831893,0.0133002176880836,0.0009997747838497,0.0159000046551227,0.0,0.6,0.0,4,4
5,0,625,DT-Top1,0.0017001293599605,0.0146999955177307,0.0206998083740472,0.0370999332517385,0.0,0.6,21.0,0,2
5,0,626,PF,0.0018998980522155,0.0130999833345413,0.0010000076144933,0.0159998890012502,0.0,0.6,0.0,2,2
5,0,626,Greedy-SLA,0.0017001293599605,0.0131998676806688,0.0009001232683658,0.0158001203089952,0.0,0.6,0.0,4,4
5,0,626,DT-Top1,0.0016000121831893,0.0132001005113124,0.0010000076144933,0.0158001203089952,0.0,0.6,0.0,4,4
5,0,627,PF,0.001800013706088,0.0215000472962856,0.0008998904377222,0.0241999514400959,0.0,0.6,0.0,2,2
5,0,627,Greedy-SLA,0.0025997869670391,0.0212001614272594,0.0016000121831893,0.0253999605774879,0.0,0.6,0.0,4,4
5,0,627,DT-Top1,0.0024999026209115,0.0209999270737171,0.0321001280099153,0.055599957704544,0.0,0.6,21.0,0,2
5,0,628,PF,0.0030000228434801,0.0207999255508184,0.0016000121831893,0.0253999605774879,0.0,0.6,0.0,2,2
5,0,628,Greedy-SLA,0.002400018274784,0.0212001614272594,0.0014998950064182,0.0251000747084617,0.0,0.6,0.0,4,4
5,0,628,DT-Top1,0.0028999056667089,0.020800158381462,0.0318000093102455,0.0555000733584165,0.0,0.6,21.0,0,2
5,0,629,PF,0.0031001400202512,0.0209000427275896,0.0015997793525457,0.0255999621003866,0.0,0.6,0.0,2,2
5,0,629,Greedy-SLA,0.0027001369744539,0.0211000442504882,0.0014000106602907,0.0252001918852329,0.0,0.6,0.0,4,4
5,0,629,DT-Top1,0.0026999041438102,0.020800158381462,0.0324000138789415,0.0559000764042139,0.0,0.6,21.0,0,2
5,0,630,PF,0.0028000213205814,0.0212998129427433,0.0016000121831893,0.0256998464465141,0.0,0.6,0.0,2,2
5,0,630,Greedy-SLA,0.0026000197976827,0.0212001614272594,0.0014998950064182,0.0253000762313604,0.0,0.6,0.0,4,4
5,0,630,DT-Top1,0.0027001369744539,0.0209000427275896,0.0318000093102455,0.055400189012289,0.0,0.6,21.0,0,2
5,0,631,PF,0.0030000228434801,0.0211999285966157,0.0014998950064182,0.0256998464465141,0.0,0.6,0.0,2,2
5,0,631,Greedy-SLA,0.0025001354515552,0.0211999285966157,0.0016000121831893,0.0253000762313604,0.0,0.6,0.0,4,4
5,0,631,DT-Top1,0.0026999041438102,0.0206001568585634,0.0314998906105756,0.0547999516129493,0.0,0.6,21.0,0,2
5,0,632,PF,0.0029001384973526,0.0208998098969459,0.0016000121831893,0.0253999605774879,0.0,0.6,0.0,2,2
5,0,632,Greedy-SLA,0.0026000197976827,0.0207000412046909,0.0316000077873468,0.0549000687897205,0.0,0.6,21.0,0,2
5,0,632,DT-Top1,0.0027001369744539,0.0205999240279197,0.0312000047415494,0.0545000657439231,0.0,0.6,21.0,0,2
5,0,633,PF,0.0028999056667089,0.0209000427275896,0.0016000121831893,0.0253999605774879,0.0,0.6,0.0,2,2
5,0,633,Greedy-SLA,0.0026000197976827,0.0207999255508184,0.0016000121831893,0.0249999575316905,0.0,0.6,0.0,4,4
5,0,633,DT-Top1,0.0026999041438102,0.0206001568585634,0.0312000047415494,0.0545000657439231,0.0,0.6,21.0,0,2
5,0,634,PF,0.0030000228434801,0.0209999270737171,0.0014998950064182,0.0254998449236154,0.0,0.6,0.0,2,2
5,0,634,Greedy-SLA,0.0027001369744539,0.0209000427275896,0.0014998950064182,0.0251000747084617,0.0,0.6,0.0,4,4
5,0,634,DT-Top1,0.0025001354515552,0.0209000427275896,0.0014998950064182,0.024900073185563,0.0,0.6,0.0,4,4
5,0,635,PF,0.0028000213205814,0.0207999255508184,0.0015001278370618,0.0251000747084617,0.0,0.6,0.0,2,2
5,0,635,Greedy-SLA,0.0028000213205814,0.0209000427275896,0.0015997793525457,0.0252998434007167,0.0,0.6,0.0,4,4
5,0,635,DT-Top1,0.0024999026209115,0.0209000427275896,0.0015001278370618,0.024900073185563,0.0,0.6,0.0,4,4
5,0,636,PF,0.0031001400202512,0.0209000427275896,0.0015997793525457,0.0255999621003866,0.0,0.6,0.0,2,2
5,0,636,Greedy-SLA,0.0027001369744539,0.0211999285966157,0.0015001278370618,0.0254001934081316,0.0,0.6,0.0,4,4
5,0,636,DT-Top1,0.0026000197976827,0.0211999285966157,0.0015001278370618,0.0253000762313604,0.0,0.6,0.0,4,4
5,0,637,PF,0.0028000213205814,0.0211000442504882,0.0014998950064182,0.0253999605774879,0.0,0.6,0.0,2,2
5,0,637,Greedy-SLA,0.0026000197976827,0.020800158381462,0.0016000121831893,0.0250001903623342,0.0,0.6,0.0,4,4
5,0,637,DT-Top1,0.0026000197976827,0.0209000427275896,0.0318000093102455,0.0553000718355178,0.0,0.6,21.0,0,2
5,0,638,PF,0.0028000213205814,0.0211999285966157,0.0016000121831893,0.0255999621003866,0.0,0.6,0.0,2,2
5,0,638,Greedy-SLA,0.0026000197976827,0.0211000442504882,0.0015001278370618,0.0252001918852329,0.0,0.6,0.0,4,4
5,0,638,DT-Top1,0.0027001369744539,0.0209999270737171,0.0315001234412193,0.0552001874893903,0.0,0.6,21.0,0,2
5,0,639,PF,0.0030000228434801,0.0212001614272594,0.0016000121831893,0.0258001964539289,0.0,0.6,0.0,2,2
5,0,639,Greedy-SLA,0.0028000213205814,0.0210001599043607,0.0014998950064182,0.0253000762313604,0.0,0.6,0.0,4,4
5,0,639,DT-Top1,0.0026000197976827,0.0207000412046909,0.0318000093102455,0.0551000703126192,0.0,0.6,21.0,0,2
5,0,640,PF,0.0030000228434801,0.0206001568585634,0.0016000121831893,0.0252001918852329,0.0,0.6,0.0,2,2
5,0,640,Greedy-SLA,0.0024999026209115,0.0211000442504882,0.0015001278370618,0.0251000747084617,0.0,0.6,0.0,4,4
5,0,640,DT-Top1,0.0026000197976827,0.0211000442504882,0.0316000077873468,0.0553000718355178,0.0,0.6,21.0,0,2
5,0,641,PF,0.0030000228434801,0.0207999255508184,0.0016000121831893,0.0253999605774879,0.0,0.6,0.0,2,2
5,0,641,Greedy-SLA,0.0027001369744539,0.0207999255508184,0.0015001278370618,0.0250001903623342,0.0,0.6,0.0,4,4
5,0,641,DT-Top1,0.002400018274784,0.0209000427275896,0.031899893656373,0.0551999546587467,0.0,0.6,21.0,0,2
5,0,642,PF,0.0030999071896076,0.0210001599043607,0.0014998950064182,0.0255999621003866,0.0,0.6,0.0,2,2
5,0,642,Greedy-SLA,0.0026999041438102,0.0209000427275896,0.0016000121831893,0.0251999590545892,0.0,0.6,0.0,4,4
5,0,642,DT-Top1,0.0026999041438102,0.0209000427275896,0.0312000047415494,0.0547999516129493,0.0,0.6,21.0,0,2
5,0,643,PF,0.0028000213205814,0.0213000457733869,0.0016000121831893,0.0257000792771577,0.0,0.6,0.0,2,2
5,0,643,Greedy-SLA,0.0026000197976827,0.0209000427275896,0.0014998950064182,0.0249999575316905,0.0,0.6,0.0,4,4
5,0,643,DT-Top1,0.0025997869670391,0.0210001599043607,0.0014998950064182,0.0250998418778181,0.0,0.6,0.0,4,4
5,0,644,PF,0.0031001400202512,0.0209999270737171,0.0017001293599605,0.0258001964539289,0.0,0.6,0.0,2,2
5,0,644,Greedy-SLA,0.0027001369744539,0.0211000442504882,0.0014998950064182,0.0253000762313604,0.0,0.6,0.0,4,4
5,0,644,DT-Top1,0.0026999041438102,0.020800158381462,0.0320998951792717,0.055599957704544,0.0,0.6,21.0,0,2
5,0,645,PF,0.0028999056667089,0.0211000442504882,0.0015001278370618,0.0255000777542591,0.0,0.6,0.0,2,2
5,0,645,Greedy-SLA,0.0028000213205814,0.0206001568585634,0.0014000106602907,0.0248001888394355,0.0,0.6,0.0,4,4
5,0,645,DT-Top1,0.0028000213205814,0.0209000427275896,0.0320000108331441,0.0557000748813152,0.0,0.6,21.0,0,2
5,0,646,PF,0.0028000213205814,0.0209999270737171,0.0015001278370618,0.0253000762313604,0.0,0.6,0.0,2,2
5,0,646,Greedy-SLA,0.0026999041438102,0.0213000457733869,0.0016000121831893,0.0255999621003866,0.0,0.6,0.0,4,4
5,0,646,DT-Top1,0.0025001354515552,0.0207999255508184,0.031299889087677,0.0545999500900507,0.0,0.6,21.0,0,2
5,0,647,PF,0.0028000213205814,0.020800158381462,0.0014998950064182,0.0251000747084617,0.0,0.6,0.0,2,2
5,0,647,Greedy-SLA,0.0026000197976827,0.0209999270737171,0.0015001278370618,0.0251000747084617,0.0,0.6,0.0,4,4
5,0,647,DT-Top1,0.0026000197976827,0.0204998068511486,0.0014000106602907,0.024499837309122,0.0,0.6,0.0,4,4
5,0,648,PF,0.0028999056667089,0.0211000442504882,0.0016000121831893,0.0255999621003866,0.0,0.6,0.0,2,2
5,0,648,Greedy-SLA,0.0027001369744539,0.0211999285966157,0.0014998950064182,0.0253999605774879,0.0,0.6,0.0,4,4
5,0,648,DT-Top1,0.0026000197976827,0.0207000412046909,0.031899893656373,0.0551999546587467,0.0,0.6,21.0,0,2
5,0,649,PF,0.0028000213205814,0.0207999255508184,0.0016000121831893,0.0251999590545892,0.0,0.6,0.0,2,2
5,0,649,Greedy-SLA,0.0028999056667089,0.0209999270737171,0.0016000121831893,0.0254998449236154,0.0,0.6,0.0,4,4
5,0,649,DT-Top1,0.0025001354515552,0.0209999270737171,0.0322000123560428,0.0557000748813152,0.0,0.6,21.0,0,2
5,0,650,PF,0.0028999056667089,0.020800158381462,0.0014998950064182,0.0251999590545892,0.0,0.6,0.0,2,2
5,0,650,Greedy-SLA,0.0028000213205814,0.0207999255508184,0.0318000093102455,0.0553999561816453,0.0,0.6,21.0,0,2
5,0,650,DT-Top1,0.0026000197976827,0.0207000412046909,0.0310998875647783,0.054399948567152,0.0,0.6,21.0,0,2
5,0,651,PF,0.0028000213205814,0.0209000427275896,0.0014998950064182,0.0251999590545892,0.0,0.6,0.0,2,2
5,0,651,Greedy-SLA,0.0026000197976827,0.0209000427275896,0.0014998950064182,0.0249999575316905,0.0,0.6,0.0,4,4
5,0,651,DT-Top1,0.0027001369744539,0.0207999255508184,0.0014998950064182,0.0249999575316905,0.0,0.6,0.0,4,4
5,0,652,PF,0.0028999056667089,0.0209000427275896,0.0016000121831893,0.0253999605774879,0.0,0.6,0.0,2,2
5,0,652,Greedy-SLA,0.0027001369744539,0.0208998098969459,0.0015001278370618,0.0251000747084617,0.0,0.6,0.0,4,4
5,0,652,DT-Top1,0.0028000213205814,0.0210998114198446,0.0015001278370618,0.0253999605774879,0.0,0.6,0.0,4,4
5,0,653,PF,0.0028000213205814,0.0211000442504882,0.0014998950064182,0.0253999605774879,0.0,0.6,0.0,2,2
5,0,653,Greedy-SLA,0.0024999026209115,0.0209999270737171,0.0015001278370618,0.0249999575316905,0.0,0.6,0.0,4,4
5,0,653,DT-Top1,0.0024999026209115,0.0209000427275896,0.0014000106602907,0.0247999560087919,0.0,0.6,0.0,4,4
5,0,654,PF,0.0030000228434801,0.0209999270737171,0.0016000121831893,0.0255999621003866,0.0,0.6,0.0,2,2
5,0,654,Greedy-SLA,0.0026999041438102,0.0207000412046909,0.0014000106602907,0.0247999560087919,0.0,0.6,0.0,4,4
5,0,654,DT-Top1,0.002400018274784,0.0206001568585634,0.001399777829647,0.0243999529629945,0.0,0.6,0.0,4,4
5,0,655,PF,0.0028999056667089,0.0209000427275896,0.0014000106602907,0.0251999590545892,0.0,0.6,0.0,2,2
5,0,655,Greedy-SLA,0.0026000197976827,0.0210998114198446,0.0015001278370618,0.0251999590545892,0.0,0.6,0.0,4,4
5,0,655,DT-Top1,0.0024999026209115,0.0207000412046909,0.0315001234412193,0.0547000672668218,0.0,0.6,21.0,0,2
5,0,656,PF,0.0029001384973526,0.0207999255508184,0.0014998950064182,0.0251999590545892,0.0,0.6,0.0,2,2
5,0,656,Greedy-SLA,0.0024999026209115,0.0207000412046909,0.0015001278370618,0.0247000716626644,0.0,0.6,0.0,4,4
5,0,656,DT-Top1,0.0026000197976827,0.020399922505021,0.0318000093102455,0.0547999516129493,0.0,0.6,21.0,0,2
5,0,657,PF,0.0030000228434801,0.0373001676052808,0.0014998950064182,0.0418000854551792,0.0,0.6,0.0,2,2
5,0,657,Greedy-SLA,0.0026000197976827,0.0206001568585634,0.0014998950064182,0.0247000716626644,0.0,0.6,0.0,4,4
5,0,657,DT-Top1,0.0026000197976827,0.0207000412046909,0.0322000123560428,0.0555000733584165,0.0,0.6,21.0,0,2
5,0,658,PF,0.0029001384973526,0.0207999255508184,0.0016998965293169,0.0253999605774879,0.0,0.6,0.0,2,2
5,0,658,Greedy-SLA,0.0026000197976827,0.0209999270737171,0.0316000077873468,0.0551999546587467,0.0,0.6,21.0,0,2
5,0,658,DT-Top1,0.0026000197976827,0.020399922505021,0.031700124964118,0.0547000672668218,0.0,0.6,21.0,0,2
5,0,659,PF,0.0028000213205814,0.0207999255508184,0.0015001278370618,0.0251000747084617,0.0,0.6,0.0,2,2
5,0,659,Greedy-SLA,0.0026000197976827,0.0211999285966157,0.0015001278370618,0.0253000762313604,0.0,0.6,0.0,4,4
5,0,659,DT-Top1,0.0027001369744539,0.0205999240279197,0.0015001278370618,0.0248001888394355,0.0,0.6,0.0,4,4
5,0,660,PF,0.0029001384973526,0.0209999270737171,0.0015001278370618,0.0254001934081316,0.0,0.6,0.0,2,2
5,0,660,Greedy-SLA,0.0026999041438102,0.020800158381462,0.0014998950064182,0.0249999575316905,0.0,0.6,0.0,4,4
5,0,660,DT-Top1,0.0024999026209115,0.0209000427275896,0.0320998951792717,0.0554998405277729,0.0,0.6,21.0,0,2
5,0,661,PF,0.0028999056667089,0.0211000442504882,0.0014000106602907,0.0253999605774879,0.0,0.6,0.0,2,2
5,0,661,Greedy-SLA,0.0025001354515552,0.0211000442504882,0.0014998950064182,0.0251000747084617,0.0,0.6,0.0,4,4
5,0,661,DT-Top1,0.002400018274784,0.0207000412046909,0.0016000121831893,0.0247000716626644,0.0,0.6,0.0,4,4
5,0,662,PF,0.0030000228434801,0.0209999270737171,0.0017001293599605,0.0257000792771577,0.0,0.6,0.0,2,2
5,0,662,Greedy-SLA,0.0026000197976827,0.0205000396817922,0.0014998950064182,0.0245999544858932,0.0,0.6,0.0,4,4
5,0,662,DT-Top1,0.0025001354515552,0.020399922505021,0.0014998950064182,0.0243999529629945,0.0,0.6,0.0,4,4
5,0,663,PF,0.0028000213205814,0.0209000427275896,0.0014998950064182,0.0251999590545892,0.0,0.6,0.0,2,2
5,0,663,Greedy-SLA,0.0026000197976827,0.0207000412046909,0.0014998950064182,0.0247999560087919,0.0,0.6,0.0,4,4
5,0,663,DT-Top1,0.0026000197976827,0.0207999255508184,0.0016000121831893,0.0249999575316905,0.0,0.6,0.0,4,4
5,0,664,PF,0.0028999056667089,0.0207999255508184,0.0015001278370618,0.0251999590545892,0.0,0.6,0.0,2,2
5,0,664,Greedy-SLA,0.0026000197976827,0.0207999255508184,0.0014998950064182,0.0248998403549194,0.0,0.6,0.0,4,4
5,0,664,DT-Top1,0.0026000197976827,0.0207999255508184,0.0318000093102455,0.0551999546587467,0.0,0.6,21.0,0,2
5,0,665,PF,0.0028000213205814,0.0210998114198446,0.0015001278370618,0.0253999605774879,0.0,0.6,0.0,2,2
5,0,665,Greedy-SLA,0.0026000197976827,0.0211000442504882,0.0014998950064182,0.0251999590545892,0.0,0.6,0.0,4,4
5,0,665,DT-Top1,0.0026000197976827,0.0208998098969459,0.0316000077873468,0.0550998374819755,0.0,0.6,21.0,0,2
5,0,666,PF,0.0029001384973526,0.0207999255508184,0.0016000121831893,0.0253000762313604,0.0,0.6,0.0,2,2
5,0,666,Greedy-SLA,0.0026000197976827,0.0209000427275896,0.0014998950064182,0.0249999575316905,0.0,0.6,0.0,4,4
5,0,666,DT-Top1,0.0026000197976827,0.020399922505021,0.0315001234412193,0.0545000657439231,0.0,0.6,21.0,0,2
5,0,667,PF,0.0088999513536691,0.0553999561816453,0.0023001339286565,0.0666000414639711,0.0,0.6,0.0,2,2
5,0,667,Greedy-SLA,0.0030000228434801,0.0273999758064746,0.0436999835073947,0.0740999821573495,0.0,0.6,21.0,0,2
5,0,667,DT-Top1,0.0028000213205814,0.0223999377340078,0.0333001371473073,0.0585000962018966,0.0,0.6,21.0,0,2
5,0,668,PF,0.0030999071896076,0.0235000625252723,0.0016000121831893,0.0281999818980693,0.0,0.6,0.0,2,2
5,0,668,Greedy-SLA,0.0026000197976827,0.0215999316424131,0.0015001278370618,0.0257000792771577,0.0,0.6,0.0,4,4
5,0,668,DT-Top1,0.0026000197976827,0.0212001614272594,0.0326998997479677,0.0565000809729099,0.0,0.6,21.0,0,2
5,0,669,PF,0.0030000228434801,0.0213999301195144,0.0016000121831893,0.0259999651461839,0.0,0.6,0.0,2,2
5,0,669,Greedy-SLA,0.0026000197976827,0.0213999301195144,0.0016998965293169,0.0256998464465141,0.0,0.6,0.0,4,4
5,0,669,DT-Top1,0.0024999026209115,0.0209999270737171,0.0316000077873468,0.0550998374819755,0.0,0.6,21.0,0,2
5,0,670,PF,0.0030000228434801,0.0211000442504882,0.0016998965293169,0.0257999636232852,0.0,0.6,0.0,2,2
5,0,670,Greedy-SLA,0.0026000197976827,0.0211000442504882,0.0014998950064182,0.0251999590545892,0.0,0.6,0.0,4,4
5,0,670,DT-Top1,0.0025001354515552,0.0210998114198446,0.0315001234412193,0.0551000703126192,0.0,0.6,21.0,0,2
5,0,671,PF,0.0026999041438102,0.0215000472962856,0.0016000121831893,0.0257999636232852,0.0,0.6,0.0,2,2
5,0,671,Greedy-SLA,0.0025997869670391,0.0210001599043607,0.0014998950064182,0.0250998418778181,0.0,0.6,0.0,4,4
5,0,671,DT-Top1,0.0024999026209115,0.0205000396817922,0.0318000093102455,0.0547999516129493,0.0,0.6,21.0,0,2
5,0,672,PF,0.0030000228434801,0.020399922505021,0.0017001293599605,0.0251000747084617,0.0,0.6,0.0,2,2
5,0,672,Greedy-SLA,0.0032999087125062,0.023100059479475,0.0017001293599605,0.0281000975519418,0.0,0.6,0.0,4,4
5,0,672,DT-Top1,0.0025001354515552,0.0209999270737171,0.0015001278370618,0.0250001903623342,0.0,0.6,0.0,4,4
5,0,673,PF,0.0028999056667089,0.0211000442504882,0.0016000121831893,0.0255999621003866,0.0,0.6,0.0,2,2
5,0,673,Greedy-SLA,0.002400018274784,0.0205999240279197,0.0016000121831893,0.0245999544858932,0.0,0.6,0.0,4,4
5,0,673,DT-Top1,0.002400018274784,0.0206001568585634,0.0312000047415494,0.054200179874897,0.0,0.6,21.0,0,2
5,0,674,PF,0.0029001384973526,0.0209000427275896,0.0015997793525457,0.0253999605774879,0.0,0.6,0.0,2,2
5,0,674,Greedy-SLA,0.002400018274784,0.0213000457733869,0.0014998950064182,0.0251999590545892,0.0,0.6,0.0,4,4
5,0,674,DT-Top1,0.0024999026209115,0.0204001553356647,0.0314998906105756,0.054399948567152,0.0,0.6,21.0,0,2
5,0,675,PF,0.0030000228434801,0.0210001599043607,0.0016000121831893,0.0256001949310302,0.0,0.6,0.0,2,2
5,0,675,Greedy-SLA,0.0026000197976827,0.0205000396817922,0.0015001278370618,0.0246001873165369,0.0,0.6,0.0,4,4
5,0,675,DT-Top1,0.0026000197976827,0.0209000427275896,0.0316000077873468,0.0551000703126192,0.0,0.6,21.0,0,2
5,0,676,PF,0.0030000228434801,0.0209999270737171,0.0016000121831893,0.0255999621003866,0.0,0.6,0.0,2,2
5,0,676,Greedy-SLA,0.0024999026209115,0.0214001629501581,0.0014998950064182,0.0253999605774879,0.0,0.6,0.0,4,4
5,0,676,DT-Top1,0.0025997869670391,0.0207000412046909,0.0309001188725233,0.0541999470442533,0.0,0.6,21.0,0,2
5,0,677,PF,0.0029001384973526,0.0209000427275896,0.0016998965293169,0.0255000777542591,0.0,0.6,0.0,2,2
5,0,677,Greedy-SLA,0.0026999041438102,0.0211000442504882,0.0015001278370618,0.0253000762313604,0.0,0.6,0.0,4,4
5,0,677,DT-Top1,0.0026000197976827,0.0205000396817922,0.031299889087677,0.054399948567152,0.0,0.6,21.0,0,2
5,0,678,PF,0.0028999056667089,0.0212001614272594,0.0016998965293169,0.0257999636232852,0.0,0.6,0.0,2,2
5,0,678,Greedy-SLA,0.0026000197976827,0.0204001553356647,0.0016998965293169,0.0247000716626644,0.0,0.6,0.0,4,4
5,0,678,DT-Top1,0.0024999026209115,0.0207000412046909,0.0316000077873468,0.0547999516129493,0.0,0.6,21.0,0,2
5,0,679,PF,0.0028000213205814,0.0205999240279197,0.001800013706088,0.0251999590545892,0.0,0.6,0.0,2,2
5,0,679,Greedy-SLA,0.0025997869670391,0.0203000381588935,0.0015001278370618,0.0243999529629945,0.0,0.6,0.0,4,4
5,0,679,DT-Top1,0.002400018274784,0.0205999240279197,0.0316000077873468,0.0545999500900507,0.0,0.6,21.0,0,2
5,0,680,PF,0.0028999056667089,0.0210001599043607,0.0016000121831893,0.0255000777542591,0.0,0.6,0.0,2,2
5,0,680,Greedy-SLA,0.0024999026209115,0.0209000427275896,0.0016000121831893,0.0249999575316905,0.0,0.6,0.0,4,4
5,0,680,DT-Top1,0.0024999026209115,0.5107999313622713,0.050300033763051,0.5635998677462339,0.0,0.6,21.0,0,2
5,0,681,PF,0.0044000335037708,0.0338000245392322,0.0018998980522155,0.0400999560952186,0.0,0.6,0.0,2,2
5,0,681,Greedy-SLA,0.0030000228434801,0.0245999544858932,0.0371001660823822,0.0647001434117555,0.0,0.6,21.0,0,2
5,0,681,DT-Top1,0.0029001384973526,0.0219000503420829,0.0327997840940952,0.0575999729335308,0.0,0.6,21.0,0,2
5,0,682,PF,0.0036999117583036,0.0684000551700592,0.0044000335037708,0.0765000004321336,0.0,0.6,0.0,2,2
5,0,682,Greedy-SLA,0.0040999148041009,0.0330000184476375,0.0426999758929014,0.0797999091446399,0.0,0.6,21.0,0,2
5,0,682,DT-Top1,0.036400044336915,0.0225999392569065,0.0241999514400959,0.0831999350339174,0.0,0.6,21.0,0,2
5,0,683,PF,0.0021997839212417,0.0160001218318939,0.001200009137392,0.0193999148905277,0.0,0.6,0.0,2,2
5,0,683,Greedy-SLA,0.0020000152289867,0.0148001126945018,0.0010998919606208,0.0179000198841094,0.0,0.6,0.0,4,4
5,0,683,DT-Top1,0.0022000167518854,0.0878998544067144,0.0328000169247388,0.1228998880833387,0.0,0.6,21.0,0,2
5,0,684,PF,0.0023001339286565,0.0165000092238187,0.0010998919606208,0.0199000351130962,0.0,0.6,0.0,2,2
5,0,684,Greedy-SLA,0.0018998980522155,0.0456999987363815,0.0013001263141632,0.0489000231027603,0.0,0.6,0.0,4,4
5,0,684,DT-Top1,0.0020000152289867,0.0154001172631978,0.0229999423027038,0.0404000747948884,0.0,0.6,21.0,0,2
5,0,685,PF,0.0022000167518854,0.0372999347746372,0.0014000106602907,0.0408999621868133,0.0,0.6,0.0,2,2
5,0,685,Greedy-SLA,0.0020000152289867,0.0382999423891305,0.0013001263141632,0.0416000839322805,0.0,0.6,0.0,4,4
5,0,685,DT-Top1,0.0020998995751142,0.023100059479475,0.0016000121831893,0.0267999712377786,0.0,0.6,0.0,4,4
5,0,686,PF,0.002400018274784,0.0169000122696161,0.001200009137392,0.0205000396817922,0.0,0.6,0.0,2,2
5,0,686,Greedy-SLA,0.001800013706088,0.0145998783409595,0.0011001247912645,0.0175000168383121,0.0,0.6,0.0,4,4
5,0,686,DT-Top1,0.001800013706088,0.0143998768180608,0.0224001705646514,0.0386000610888004,0.0,0.6,21.0,0,2
5,0,687,PF,0.0020000152289867,0.0146999955177307,0.0011001247912645,0.0178001355379819,0.0,0.6,0.0,2,2
5,0,687,Greedy-SLA,0.001800013706088,0.0142999924719333,0.0215999316424131,0.0376999378204345,0.0,0.6,21.0,0,2
5,0,687,DT-Top1,0.001800013706088,0.0140001066029071,0.0213999301195144,0.0372000504285097,0.0,0.6,21.0,0,2
5,0,688,PF,0.0020998995751142,0.0142001081258058,0.0010998919606208,0.0173998996615409,0.0,0.6,0.0,2,2
5,0,688,Greedy-SLA,0.001800013706088,0.0140999909490346,0.0010000076144933,0.0169000122696161,0.0,0.6,0.0,4,4
5,0,688,DT-Top1,0.0017997808754444,0.0142001081258058,0.0010000076144933,0.0169998966157436,0.0,0.6,0.0,4,4
5,0,689,PF,0.0020000152289867,0.0141998752951622,0.0011001247912645,0.0173000153154134,0.0,0.6,0.0,2,2
5,0,689,Greedy-SLA,0.001800013706088,0.014499993994832,0.0010000076144933,0.0173000153154134,0.0,0.6,0.0,4,4
5,0,689,DT-Top1,0.001800013706088,0.0140001066029071,0.0217000488191843,0.0375001691281795,0.0,0.6,21.0,0,2
5,0,690,PF,0.0019001308828592,0.0141998752951622,0.0010000076144933,0.0171000137925148,0.0,0.6,0.0,2,2
5,0,690,Greedy-SLA,0.0017001293599605,0.0141998752951622,0.0010000076144933,0.0169000122696161,0.0,0.6,0.0,4,4
5,0,690,DT-Top1,0.001800013706088,0.0140999909490346,0.0330000184476375,0.0489000231027603,0.0,0.6,21.0,0,2
5,0,691,PF,0.0029997900128364,0.0214001629501581,0.0016000121831893,0.0259999651461839,0.0,0.6,0.0,2,2
5,0,691,Greedy-SLA,0.0026000197976827,0.0210998114198446,0.0015001278370618,0.0251999590545892,0.0,0.6,0.0,4,4
5,0,691,DT-Top1,0.0026000197976827,0.0207000412046909,0.0314998906105756,0.0547999516129493,0.0,0.6,21.0,0,2
5,0,692,PF,0.0028999056667089,0.0207999255508184,0.0016000121831893,0.0252998434007167,0.0,0.6,0.0,2,2
5,0,692,Greedy-SLA,0.002400018274784,0.0208998098969459,0.0015001278370618,0.0247999560087919,0.0,0.6,0.0,4,4
5,0,692,DT-Top1,0.0025001354515552,0.0206998083740472,0.0309001188725233,0.0541000626981258,0.0,0.6,21.0,0,2
5,0,693,PF,0.0030999071896076,0.0207999255508184,0.0015001278370618,0.0253999605774879,0.0,0.6,0.0,2,2
5,0,693,Greedy-SLA,0.0024999026209115,0.0209000427275896,0.0016000121831893,0.0249999575316905,0.0,0.6,0.0,4,4
5,0,693,DT-Top1,0.0024999026209115,0.0206001568585634,0.0016000121831893,0.0247000716626644,0.0,0.6,0.0,4,4
5,0,694,PF,0.0028000213205814,0.0205999240279197,0.0016000121831893,0.0249999575316905,0.0,0.6,0.0,2,2
5,0,694,Greedy-SLA,0.0026000197976827,0.0205000396817922,0.0014998950064182,0.0245999544858932,0.0,0.6,0.0,4,4
5,0,694,DT-Top1,0.0026000197976827,0.0858998391777277,0.0416000839322805,0.130099942907691,0.0,0.6,21.0,0,2
5,0,695,PF,0.0025001354515552,0.0173998996615409,0.001200009137392,0.0211000442504882,0.0,0.6,0.0,2,2
5,0,695,Greedy-SLA,0.0021001324057579,0.0159000046551227,0.001200009137392,0.0192001461982727,0.0,0.6,0.0,4,4
5,0,695,DT-Top1,0.0018998980522155,0.0153000000864267,0.001200009137392,0.0183999072760343,0.0,0.6,0.0,4,4
5,0,696,PF,0.0022000167518854,0.0159998890012502,0.001200009137392,0.0193999148905277,0.0,0.6,0.0,2,2
5,0,696,Greedy-SLA,0.0018998980522155,0.0154001172631978,0.0233999453485012,0.0406999606639146,0.0,0.6,21.0,0,2
5,0,696,DT-Top1,0.0020000152289867,0.0152001157402992,0.022699823603034,0.0398999545723199,0.0,0.6,21.0,0,2
5,0,697,PF,0.0022000167518854,0.0159000046551227,0.0011001247912645,0.0192001461982727,0.0,0.6,0.0,2,2
5,0,697,Greedy-SLA,0.0027001369744539,0.0211999285966157,0.0016000121831893,0.0255000777542591,0.0,0.6,0.0,4,4
5,0,697,DT-Top1,0.0028000213205814,0.0211000442504882,0.0330000184476375,0.0569000840187072,0.0,0.6,21.0,0,2
5,0,698,PF,0.0034000258892774,0.0215000472962856,0.0016998965293169,0.0265999697148799,0.0,0.6,0.0,2,2
5,0,698,Greedy-SLA,0.0026999041438102,0.0212001614272594,0.0016998965293169,0.0255999621003866,0.0,0.6,0.0,4,4
5,0,698,DT-Top1,0.0026999041438102,0.0209000427275896,0.0321001280099153,0.0557000748813152,0.0,0.6,21.0,0,2
5,0,699,PF,0.0031001400202512,0.0213999301195144,0.0018998980522155,0.0263999681919813,0.0,0.6,0.0,2,2
5,0,699,Greedy-SLA,0.0026999041438102,0.0215000472962856,0.0016000121831893,0.0257999636232852,0.0,0.6,0.0,4,4
5,0,699,DT-Top1,0.0026000197976827,0.0208998098969459,0.0319001264870166,0.0553999561816453,0.0,0.6,21.0,0,2
5,0,700,PF,0.0029997900128364,0.0210001599043607,0.0014998950064182,0.0254998449236154,0.0,0.6,0.0,2,2
5,0,700,Greedy-SLA,0.0026000197976827,0.0211999285966157,0.0315001234412193,0.0553000718355178,0.0,0.6,21.0,0,2
5,0,700,DT-Top1,0.0026000197976827,0.0210998114198446,0.0311001203954219,0.0547999516129493,0.0,0.6,21.0,0,2
5,0,701,PF,0.0030000228434801,0.0212998129427433,0.0015001278370618,0.0257999636232852,0.0,0.6,0.0,2,2
5,0,701,Greedy-SLA,0.0029001384973526,0.0218998175114393,0.0016000121831893,0.0263999681919813,0.0,0.6,0.0,4,4
5,0,701,DT-Top1,0.0026999041438102,0.0213000457733869,0.0016000121831893,0.0255999621003866,0.0,0.6,0.0,4,4
5,0,702,PF,0.0028000213205814,0.0213999301195144,0.0015001278370618,0.0257000792771577,0.0,0.6,0.0,2,2
5,0,702,Greedy-SLA,0.0025997869670391,0.0214001629501581,0.0016000121831893,0.0255999621003866,0.0,0.6,0.0,4,4
5,0,702,DT-Top1,0.002400018274784,0.0208998098969459,0.032300129532814,0.055599957704544,0.0,0.6,21.0,0,2
5,0,703,PF,0.0026999041438102,0.0210001599043607,0.0016000121831893,0.0253000762313604,0.0,0.6,0.0,2,2
5,0,703,Greedy-SLA,0.0026000197976827,0.0211000442504882,0.0014000106602907,0.0251000747084617,0.0,0.6,0.0,4,4
5,0,703,DT-Top1,0.002400018274784,0.0209000427275896,0.0314998906105756,0.0547999516129493,0.0,0.6,21.0,0,2
5,0,704,PF,0.0028999056667089,0.0213000457733869,0.0015001278370618,0.0257000792771577,0.0,0.6,0.0,2,2
5,0,704,Greedy-SLA,0.0024999026209115,0.0214001629501581,0.0014998950064182,0.0253999605774879,0.0,0.6,0.0,4,4
5,0,704,DT-Top1,0.0024999026209115,0.0213000457733869,0.0314998906105756,0.0552998390048742,0.0,0.6,21.0,0,2
5,0,705,PF,0.0030000228434801,0.0213999301195144,0.0016000121831893,0.0259999651461839,0.0,0.6,0.0,2,2
5,0,705,Greedy-SLA,0.002400018274784,0.0211000442504882,0.0016000121831893,0.0251000747084617,0.0,0.6,0.0,4,4
5,0,705,DT-Top1,0.0023001339286565,0.0209999270737171,0.0313001219183206,0.0546001829206943,0.0,0.6,21.0,0,2
5,0,706,PF,0.0030000228434801,0.0210998114198446,0.0017001293599605,0.0257999636232852,0.0,0.6,0.0,2,2
5,0,706,Greedy-SLA,0.0024999026209115,0.0212001614272594,0.0014998950064182,0.0251999590545892,0.0,0.6,0.0,4,4
5,0,706,DT-Top1,0.0026000197976827,0.0211000442504882,0.0316998921334743,0.0553999561816453,0.0,0.6,21.0,0,2
5,0,707,PF,0.0028999056667089,0.0211000442504882,0.0016000121831893,0.0255999621003866,0.0,0.6,0.0,2,2
5,0,707,Greedy-SLA,0.0025001354515552,0.0209999270737171,0.0016000121831893,0.0251000747084617,0.0,0.6,0.0,4,4
5,0,707,DT-Top1,0.0026999041438102,0.0206001568585634,0.0014998950064182,0.0247999560087919,0.0,0.6,0.0,4,4
5,0,708,PF,0.0028999056667089,0.0211000442504882,0.0016000121831893,0.0255999621003866,0.0,0.6,0.0,2,2
5,0,708,Greedy-SLA,0.0026000197976827,0.0209000427275896,0.0316998921334743,0.0551999546587467,0.0,0.6,21.0,0,2
5,0,708,DT-Top1,0.0028000213205814,0.0210001599043607,0.0306998845189809,0.0545000657439231,0.0,0.6,21.0,0,2
5,0,709,PF,0.0028999056667089,0.0213999301195144,0.0016000121831893,0.0258998479694128,0.0,0.6,0.0,2,2
5,0,709,Greedy-SLA,0.0024999026209115,0.0209000427275896,0.0014000106602907,0.0247999560087919,0.0,0.6,0.0,4,4
5,0,709,DT-Top1,0.0026000197976827,0.0209999270737171,0.0316000077873468,0.0551999546587467,0.0,0.6,21.0,0,2
5,0,710,PF,0.0030999071896076,0.0209999270737171,0.0016000121831893,0.0256998464465141,0.0,0.6,0.0,2,2
5,0,710,Greedy-SLA,0.0026999041438102,0.0209999270737171,0.0014000106602907,0.0250998418778181,0.0,0.6,0.0,4,4
5,0,710,DT-Top1,0.0024999026209115,0.0207999255508184,0.0320000108331441,0.0552998390048742,0.0,0.6,21.0,0,2
5,0,711,PF,0.0031001400202512,0.0211000442504882,0.0014998950064182,0.0257000792771577,0.0,0.6,0.0,2,2
5,0,711,Greedy-SLA,0.0025997869670391,0.0212001614272594,0.0014998950064182,0.0252998434007167,0.0,0.6,0.0,4,4
5,0,711,DT-Top1,0.0026000197976827,0.0211999285966157,0.0015001278370618,0.0253000762313604,0.0,0.6,0.0,4,4
5,0,712,PF,0.0031001400202512,0.0217999331653118,0.0016000121831893,0.0265000853687524,0.0,0.6,0.0,2,2
5,0,712,Greedy-SLA,0.0026000197976827,0.0209999270737171,0.0014000106602907,0.0249999575316905,0.0,0.6,0.0,4,4
5,0,712,DT-Top1,0.0026999041438102,0.0205000396817922,0.1004999503493309,0.1236998941749334,0.0,0.6,21.0,0,2
5,0,713,PF,0.0034000258892774,0.0265999697148799,0.0016000121831893,0.0316000077873468,0.0,0.6,0.0,2,2
5,0,713,Greedy-SLA,0.0026999041438102,0.0225999392569065,0.0014000106602907,0.0266998540610075,0.0,0.6,0.0,4,4
5,0,713,DT-Top1,0.0028000213205814,0.0217000488191843,0.0016000121831893,0.0261000823229551,0.0,0.6,0.0,4,4
5,0,714,PF,0.0030000228434801,0.0217999331653118,0.0015001278370618,0.0263000838458538,0.0,0.6,0.0,2,2
5,0,714,Greedy-SLA,0.0027001369744539,0.0218998175114393,0.0015001278370618,0.0261000823229551,0.0,0.6,0.0,4,4
5,0,714,DT-Top1,0.0026999041438102,0.0213999301195144,0.0015001278370618,0.0255999621003866,0.0,0.6,0.0,4,4
5,0,715,PF,0.0032000243663787,0.0215999316424131,0.0016000121831893,0.0263999681919813,0.0,0.6,0.0,2,2
5,0,715,Greedy-SLA,0.0026000197976827,0.0213000457733869,0.0016000121831893,0.0255000777542591,0.0,0.6,0.0,4,4
5,0,715,DT-Top1,0.0026000197976827,0.0211000442504882,0.0331001356244087,0.0568001996725797,0.0,0.6,21.0,0,2
5,0,716,PF,0.0030999071896076,0.0215000472962856,0.001800013706088,0.0263999681919813,0.0,0.6,0.0,2,2
5,0,716,Greedy-SLA,0.0024999026209115,0.0215999316424131,0.0013001263141632,0.0253999605774879,0.0,0.6,0.0,4,4
5,0,716,DT-Top1,0.0024999026209115,0.0211000442504882,0.0014998950064182,0.0250998418778181,0.0,0.6,0.0,4,4
5,0,717,PF,0.0030000228434801,0.0213000457733869,0.0014998950064182,0.0257999636232852,0.0,0.6,0.0,2,2
5,0,717,Greedy-SLA,0.0026000197976827,0.0213000457733869,0.0016000121831893,0.0255000777542591,0.0,0.6,0.0,4,4
5,0,717,DT-Top1,0.0026999041438102,0.0211000442504882,0.032499898225069,0.0562998466193676,0.0,0.6,21.0,0,2
5,0,718,PF,0.0030000228434801,0.0215000472962856,0.0015997793525457,0.0260998494923114,0.0,0.6,0.0,2,2
5,0,718,Greedy-SLA,0.0026000197976827,0.0209999270737171,0.0016000121831893,0.0251999590545892,0.0,0.6,0.0,4,4
5,0,718,DT-Top1,0.0026000197976827,0.0213000457733869,0.032499898225069,0.0563999637961387,0.0,0.6,21.0,0,2
5,0,719,PF,0.0249999575316905,0.0240001827478408,0.0016998965293169,0.0507000368088483,0.0,0.6,0.0,2,2
5,0,719,Greedy-SLA,0.0026000197976827,0.0217000488191843,0.0014998950064182,0.0257999636232852,0.0,0.6,0.0,4,4
5,0,719,DT-Top1,0.0028000213205814,0.0213999301195144,0.0322000123560428,0.0563999637961387,0.0,0.6,21.0,0,2
5,0,720,PF,0.0031001400202512,0.0213999301195144,0.0014998950064182,0.0259999651461839,0.0,0.6,0.0,2,2
5,0,720,Greedy-SLA,0.0028000213205814,0.0209999270737171,0.0014998950064182,0.0252998434007167,0.0,0.6,0.0,4,4
5,0,720,DT-Top1,0.0026000197976827,0.0209999270737171,0.0322000123560428,0.0557999592274427,0.0,0.6,21.0,0,2
5,0,721,PF,0.0029997900128364,0.0213000457733869,0.0016000121831893,0.0258998479694128,0.0,0.6,0.0,2,2
5,0,721,Greedy-SLA,0.0026000197976827,0.0211999285966157,0.0015001278370618,0.0253000762313604,0.0,0.6,0.0,4,4
5,0,721,DT-Top1,0.0024999026209115,0.020399922505021,0.0016000121831893,0.024499837309122,0.0,0.6,0.0,4,4
5,0,722,PF,0.0029001384973526,0.0211999285966157,0.0015001278370618,0.0256001949310302,0.0,0.6,0.0,2,2
5,0,722,Greedy-SLA,0.0028000213205814,0.0205000396817922,0.0014998950064182,0.0247999560087919,0.0,0.6,0.0,4,4
5,0,722,DT-Top1,0.0026000197976827,0.020399922505021,0.0322998967021703,0.0552998390048742,0.0,0.6,21.0,0,2
5,0,723,PF,0.0028999056667089,0.0277000945061445,0.0014998950064182,0.0320998951792717,0.0,0.6,0.0,2,2
5,0,723,Greedy-SLA,0.0026000197976827,0.0209999270737171,0.0015001278370618,0.0251000747084617,0.0,0.6,0.0,4,4
5,0,723,DT-Top1,0.0026000197976827,0.0207999255508184,0.0014998950064182,0.0248998403549194,0.0,0.6,0.0,4,4
5,0,724,PF,0.0028000213205814,0.0208998098969459,0.0016000121831893,0.0252998434007167,0.0,0.6,0.0,2,2
5,0,724,Greedy-SLA,0.0027001369744539,0.0208998098969459,0.001800013706088,0.0253999605774879,0.0,0.6,0.0,4,4
5,0,724,DT-Top1,0.0024999026209115,0.0203000381588935,0.031899893656373,0.0546998344361782,0.0,0.6,21.0,0,2
5,0,725,PF,0.0031997915357351,0.0211000442504882,0.0014000106602907,0.0256998464465141,0.0,0.6,0.0,2,2
5,0,725,Greedy-SLA,0.0026000197976827,0.0211000442504882,0.0318000093102455,0.0555000733584165,0.0,0.6,21.0,0,2
5,0,725,DT-Top1,0.0026999041438102,0.0210001599043607,0.0322000123560428,0.0559000764042139,0.0,0.6,21.0,0,2
5,0,726,PF,0.0030999071896076,0.0209999270737171,0.0016000121831893,0.0256998464465141,0.0,0.6,0.0,2,2
5,0,726,Greedy-SLA,0.0026000197976827,0.0213999301195144,0.0014000106602907,0.0253999605774879,0.0,0.6,0.0,4,4
5,0,726,DT-Top1,0.0026999041438102,0.0209000427275896,0.0320000108331441,0.055599957704544,0.0,0.6,21.0,0,2
5,0,727,PF,0.0030000228434801,0.031299889087677,0.0014998950064182,0.0357998069375753,0.0,0.6,0.0,2,2
5,0,727,Greedy-SLA,0.0026000197976827,0.0207999255508184,0.0014000106602907,0.0247999560087919,0.0,0.6,0.0,4,4
5,0,727,DT-Top1,0.0026000197976827,0.0207000412046909,0.032300129532814,0.0556001905351877,0.0,0.6,21.0,0,2
5,0,728,PF,0.0060999300330877,0.0338999088853597,0.0019001308828592,0.0418999698013067,0.0,0.6,0.0,2,2
5,0,728,Greedy-SLA,0.0029001384973526,0.0239999499171972,0.0017001293599605,0.0286002177745103,0.0,0.6,0.0,4,4
5,0,728,DT-Top1,0.0028000213205814,0.0215999316424131,0.0354000367224216,0.0597999896854162,0.0,0.6,21.0,0,2
5,0,729,PF,0.0030000228434801,0.0816998071968555,0.0021001324057579,0.0867999624460935,0.0,0.6,0.0,2,2
5,0,729,Greedy-SLA,0.0020000152289867,0.0175999011844396,0.0010000076144933,0.0205999240279197,0.0,0.6,0.0,4,4
5,0,729,DT-Top1,0.0018998980522155,0.014499993994832,0.0011001247912645,0.0175000168383121,0.0,0.6,0.0,4,4
5,0,730,PF,0.0021001324057579,0.0142999924719333,0.0010000076144933,0.0174001324921846,0.0,0.6,0.0,2,2
5,0,730,Greedy-SLA,0.0017001293599605,0.0142999924719333,0.0010998919606208,0.0171000137925148,0.0,0.6,0.0,4,4
5,0,730,DT-Top1,0.0016998965293169,0.0142001081258058,0.0231999438256025,0.0390999484807252,0.0,0.6,21.0,0,2
5,0,731,PF,0.0019001308828592,0.0140999909490346,0.0010000076144933,0.0170001294463872,0.0,0.6,0.0,2,2
5,0,731,Greedy-SLA,0.001800013706088,0.0140999909490346,0.0008998904377222,0.0167998950928449,0.0,0.6,0.0,4,4
5,0,731,DT-Top1,0.0016000121831893,0.0140001066029071,0.0211999285966157,0.0368000473827123,0.0,0.6,21.0,0,2
5,0,732,PF,0.0020000152289867,0.020399922505021,0.0014998950064182,0.023899832740426,0.0,0.6,0.0,2,2
5,0,732,Greedy-SLA,0.0026000197976827,0.0213000457733869,0.0014998950064182,0.0253999605774879,0.0,0.6,0.0,4,4
5,0,732,DT-Top1,0.0026000197976827,0.0207999255508184,0.0016000121831893,0.0249999575316905,0.0,0.6,0.0,4,4
5,0,733,PF,0.0027997884899377,0.0213000457733869,0.0016000121831893,0.0256998464465141,0.0,0.6,0.0,2,2
5,0,733,Greedy-SLA,0.0026000197976827,0.0217000488191843,0.0326998997479677,0.0569999683648347,0.0,0.6,21.0,0,2
5,0,733,DT-Top1,0.0027001369744539,0.0207999255508184,0.0316998921334743,0.0551999546587467,0.0,0.6,21.0,0,2
5,0,734,PF,0.0030000228434801,0.0211000442504882,0.0016000121831893,0.0257000792771577,0.0,0.6,0.0,2,2
5,0,734,Greedy-SLA,0.0026000197976827,0.0213000457733869,0.0016000121831893,0.0255000777542591,0.0,0.6,0.0,4,4
5,0,734,DT-Top1,0.0025997869670391,0.0209000427275896,0.0321001280099153,0.055599957704544,0.0,0.6,21.0,0,2
5,0,735,PF,0.0032000243663787,0.0210001599043607,0.0015997793525457,0.0257999636232852,0.0,0.6,0.0,2,2
5,0,735,Greedy-SLA,0.0026000197976827,0.0210001599043607,0.0014998950064182,0.0251000747084617,0.0,0.6,0.0,4,4
5,0,735,DT-Top1,0.0025001354515552,0.0213000457733869,0.0320000108331441,0.0558001920580863,0.0,0.6,21.0,0,2
5,0,736,PF,0.0029001384973526,0.0221000518649816,0.0015997793525457,0.0265999697148799,0.0,0.6,0.0,2,2
5,0,736,Greedy-SLA,0.0026000197976827,0.0209999270737171,0.0016000121831893,0.0251999590545892,0.0,0.6,0.0,4,4
5,0,736,DT-Top1,0.0026000197976827,0.0209999270737171,0.0325001310557127,0.0561000779271125,0.0,0.6,21.0,0,2
5,0,737,PF,0.0029001384973526,0.0210998114198446,0.0017001293599605,0.0257000792771577,0.0,0.6,0.0,2,2
5,0,737,Greedy-SLA,0.0027001369744539,0.0210998114198446,0.0015001278370618,0.0253000762313604,0.0,0.6,0.0,4,4
5,0,737,DT-Top1,0.0026000197976827,0.0211999285966157,0.0325001310557127,0.0563000794500112,0.0,0.6,21.0,0,2
5,0,738,PF,0.0029997900128364,0.0211000442504882,0.0015001278370618,0.0255999621003866,0.0,0.6,0.0,2,2
5,0,738,Greedy-SLA,0.0026000197976827,0.0211999285966157,0.0016000121831893,0.0253999605774879,0.0,0.6,0.0,4,4
5,0,738,DT-Top1,0.0027001369744539,0.0209999270737171,0.031899893656373,0.055599957704544,0.0,0.6,21.0,0,2
5,0,739,PF,0.0029001384973526,0.0211000442504882,0.0016998965293169,0.0257000792771577,0.0,0.6,0.0,2,2
5,0,739,Greedy-SLA,0.0026000197976827,0.0209000427275896,0.0015001278370618,0.0250001903623342,0.0,0.6,0.0,4,4
5,0,739,DT-Top1,0.002400018274784,0.0207999255508184,0.0322000123560428,0.0553999561816453,0.0,0.6,21.0,0,2
5,0,740,PF,0.0029001384973526,0.0211999285966157,0.0014998950064182,0.0255999621003866,0.0,0.6,0.0,2,2
5,0,740,Greedy-SLA,0.0026000197976827,0.0209999270737171,0.0015001278370618,0.0251000747084617,0.0,0.6,0.0,4,4
5,0,740,DT-Top1,0.0025001354515552,0.0208998098969459,0.0015001278370618,0.024900073185563,0.0,0.6,0.0,4,4
5,0,741,PF,0.0028999056667089,0.0209000427275896,0.0016000121831893,0.0253999605774879,0.0,0.6,0.0,2,2
5,0,741,Greedy-SLA,0.0026999041438102,0.0209000427275896,0.0015001278370618,0.0251000747084617,0.0,0.6,0.0,4,4
5,0,741,DT-Top1,0.0025997869670391,0.020800158381462,0.0014998950064182,0.0248998403549194,0.0,0.6,0.0,4,4
5,0,742,PF,0.0028999056667089,0.0212001614272594,0.0016998965293169,0.0257999636232852,0.0,0.6,0.0,2,2
5,0,742,Greedy-SLA,0.0026000197976827,0.0213000457733869,0.0017001293599605,0.0256001949310302,0.0,0.6,0.0,4,4
5,0,742,DT-Top1,0.0025997869670391,0.0209000427275896,0.0324000138789415,0.0558998435735702,0.0,0.6,21.0,0,2
5,0,743,PF,0.0029001384973526,0.0211999285966157,0.0015001278370618,0.0256001949310302,0.0,0.6,0.0,2,2
5,0,743,Greedy-SLA,0.0026999041438102,0.0212001614272594,0.0014000106602907,0.0253000762313604,0.0,0.6,0.0,4,4
5,0,743,DT-Top1,0.0026999041438102,0.0211000442504882,0.0314000062644481,0.0551999546587467,0.0,0.6,21.0,0,2
5,0,744,PF,0.0029001384973526,0.0213000457733869,0.0014000106602907,0.0256001949310302,0.0,0.6,0.0,2,2
5,0,744,Greedy-SLA,0.0020000152289867,0.0205000396817922,0.0338999088853597,0.0563999637961387,0.0,0.6,21.0,0,2
5,0,744,DT-Top1,0.0028000213205814,0.0213000457733869,0.0318000093102455,0.0559000764042139,0.0,0.6,21.0,0,2
5,0,745,PF,0.0029001384973526,0.0213999301195144,0.0014998950064182,0.0257999636232852,0.0,0.6,0.0,2,2
5,0,745,Greedy-SLA,0.0026000197976827,0.0215000472962856,0.0014000106602907,0.0255000777542591,0.0,0.6,0.0,4,4
5,0,745,DT-Top1,0.0026000197976827,0.0210998114198446,0.0014000106602907,0.0250998418778181,0.0,0.6,0.0,4,4
5,0,746,PF,0.0251999590545892,0.0678999349474906,0.0016000121831893,0.0946999061852693,0.0,0.6,0.0,2,2
5,0,746,Greedy-SLA,0.0017001293599605,0.0161000061780214,0.0008998904377222,0.0187000259757041,0.0,0.6,0.0,4,4
5,0,746,DT-Top1,0.0016000121831893,0.0140001066029071,0.0010998919606208,0.0167000107467174,0.0,0.6,0.0,4,4
5,0,747,PF,0.0020000152289867,0.013899989426136,0.0010000076144933,0.0169000122696161,0.0,0.6,0.0,2,2
5,0,747,Greedy-SLA,0.001800013706088,0.013899989426136,0.0010000076144933,0.0167000107467174,0.0,0.6,0.0,4,4
5,0,747,DT-Top1,0.001800013706088,0.0137998722493648,0.0219000503420829,0.0374999362975358,0.0,0.6,21.0,0,2
5,0,748,PF,0.0021001324057579,0.013899989426136,0.0010000076144933,0.0170001294463872,0.0,0.6,0.0,2,2
5,0,748,Greedy-SLA,0.0016000121831893,0.0138001050800085,0.0008998904377222,0.0163000077009201,0.0,0.6,0.0,4,4
5,0,748,DT-Top1,0.0081001780927181,0.0147998798638582,0.0009001232683658,0.0238001812249422,0.0,0.6,0.0,4,4
5,0,749,PF,0.0030000228434801,0.0211000442504882,0.0016000121831893,0.0257000792771577,0.0,0.6,0.0,2,2
5,0,749,Greedy-SLA,0.0026999041438102,0.020800158381462,0.0014998950064182,0.0249999575316905,0.0,0.6,0.0,4,4
5,0,749,DT-Top1,0.0027001369744539,0.0206998083740472,0.03290013410151,0.0563000794500112,0.0,0.6,21.0,0,2
5,0,750,PF,0.0031001400202512,0.0215000472962856,0.0016000121831893,0.0262001994997262,0.0,0.6,0.0,2,2
5,0,750,Greedy-SLA,0.0026000197976827,0.0211000442504882,0.0014000106602907,0.0251000747084617,0.0,0.6,0.0,4,4
5,0,750,DT-Top1,0.0026000197976827,0.0209000427275896,0.0014998950064182,0.0249999575316905,0.0,0.6,0.0,4,4
5,0,751,PF,0.0031001400202512,0.0213999301195144,0.0015001278370618,0.0260001979768276,0.0,0.6,0.0,2,2
5,0,751,Greedy-SLA,0.0026000197976827,0.0207000412046909,0.0016000121831893,0.024900073185563,0.0,0.6,0.0,4,4
5,0,751,DT-Top1,0.0026999041438102,0.0205000396817922,0.0016000121831893,0.0247999560087919,0.0,0.6,0.0,4,4
5,0,752,PF,0.0028999056667089,0.0210001599043607,0.0014998950064182,0.0253999605774879,0.0,0.6,0.0,2,2
5,0,752,Greedy-SLA,0.0024999026209115,0.0207000412046909,0.0318000093102455,0.054999953135848,0.0,0.6,21.0,0,2
5,0,752,DT-Top1,0.0027001369744539,0.0208998098969459,0.0315001234412193,0.0551000703126192,0.0,0.6,21.0,0,2
5,0,753,PF,0.0032999087125062,0.023100059479475,0.0014998950064182,0.0278998631983995,0.0,0.6,0.0,2,2
5,0,753,Greedy-SLA,0.0024999026209115,0.0213999301195144,0.0014000106602907,0.0252998434007167,0.0,0.6,0.0,4,4
5,0,753,DT-Top1,0.0026000197976827,0.0210001599043607,0.0325997825711965,0.05619996227324,0.0,0.6,21.0,0,2
5,0,754,PF,0.0028000213205814,0.0213000457733869,0.0014998950064182,0.0255999621003866,0.0,0.6,0.0,2,2
5,0,754,Greedy-SLA,0.0025001354515552,0.0213999301195144,0.0014000106602907,0.0253000762313604,0.0,0.6,0.0,4,4
5,0,754,DT-Top1,0.0025001354515552,0.0208998098969459,0.0324000138789415,0.0557999592274427,0.0,0.6,21.0,0,2
5,0,755,PF,0.0027997884899377,0.0212001614272594,0.0014998950064182,0.0254998449236154,0.0,0.6,0.0,2,2
5,0,755,Greedy-SLA,0.0026000197976827,0.0211000442504882,0.0014998950064182,0.0251999590545892,0.0,0.6,0.0,4,4
5,0,755,DT-Top1,0.0028000213205814,0.0209999270737171,0.0318000093102455,0.055599957704544,0.0,0.6,21.0,0,2
5,0,756,PF,0.0028999056667089,0.0207000412046909,0.0015001278370618,0.0251000747084617,0.0,0.6,0.0,2,2
5,0,756,Greedy-SLA,0.0024999026209115,0.0209000427275896,0.0014998950064182,0.0248998403549194,0.0,0.6,0.0,4,4
5,0,756,DT-Top1,0.002400018274784,0.0210998114198446,0.0014000106602907,0.0248998403549194,0.0,0.6,0.0,4,4
5,0,757,PF,0.0028000213205814,0.0213000457733869,0.0016000121831893,0.0257000792771577,0.0,0.6,0.0,2,2
5,0,757,Greedy-SLA,0.0024999026209115,0.0211000442504882,0.0016000121831893,0.0251999590545892,0.0,0.6,0.0,4,4
5,0,757,DT-Top1,0.0032000243663787,0.0224998220801353,0.0326000154018402,0.0582998618483543,0.0,0.6,21.0,0,2
5,0,758,PF,0.0028999056667089,0.0210001599043607,0.0016998965293169,0.0255999621003866,0.0,0.6,0.0,2,2
5,0,758,Greedy-SLA,0.0026999041438102,0.0215000472962856,0.0320998951792717,0.0562998466193676,0.0,0.6,21.0,0,2
5,0,758,DT-Top1,0.0026000197976827,0.0207999255508184,0.0314000062644481,0.0547999516129493,0.0,0.6,21.0,0,2
5,0,759,PF,0.0028000213205814,0.0210001599043607,0.0014998950064182,0.0253000762313604,0.0,0.6,0.0,2,2
5,0,759,Greedy-SLA,0.0026999041438102,0.0210001599043607,0.0016000121831893,0.0253000762313604,0.0,0.6,0.0,4,4
5,0,759,DT-Top1,0.0024999026209115,0.0207000412046909,0.0314998906105756,0.0546998344361782,0.0,0.6,21.0,0,2
5,0,760,PF,0.0028000213205814,0.0211999285966157,0.0016000121831893,0.0255999621003866,0.0,0.6,0.0,2,2
5,0,760,Greedy-SLA,0.0024999026209115,0.0207000412046909,0.0318000093102455,0.054999953135848,0.0,0.6,21.0,0,2
5,0,760,DT-Top1,0.0028000213205814,0.0263000838458538,0.0322000123560428,0.0613001175224781,0.0,0.6,21.0,0,2
5,0,761,PF,0.0041001476347446,0.0308998860418796,0.001800013706088,0.0368000473827123,0.0,0.6,0.0,2,2
5,0,761,Greedy-SLA,0.0028000213205814,0.0692000612616539,0.0036999117583036,0.0756999943405389,0.0,0.6,0.0,4,4
5,0,761,DT-Top1,0.0035001430660486,0.027799978852272,0.0372999347746372,0.0686000566929578,0.0,0.6,21.0,0,2
5,0,762,PF,0.0031001400202512,0.022699823603034,0.0017001293599605,0.0275000929832458,0.0,0.6,0.0,2,2
5,0,762,Greedy-SLA,0.0026000197976827,0.0217999331653118,0.0016000121831893,0.0259999651461839,0.0,0.6,0.0,4,4
5,0,762,DT-Top1,0.0027001369744539,0.0214998144656419,0.0326000154018402,0.0567999668419361,0.0,0.6,21.0,0,2
5,0,763,PF,0.0032000243663787,0.0217000488191843,0.0016998965293169,0.0265999697148799,0.0,0.6,0.0,2,2
5,0,763,Greedy-SLA,0.0027001369744539,0.0215000472962856,0.0016000121831893,0.0258001964539289,0.0,0.6,0.0,4,4
5,0,763,DT-Top1,0.0027001369744539,0.0215000472962856,0.0014998950064182,0.0257000792771577,0.0,0.6,0.0,4,4
5,0,764,PF,0.0030999071896076,0.0214001629501581,0.0014998950064182,0.0259999651461839,0.0,0.6,0.0,2,2
5,0,764,Greedy-SLA,0.0026000197976827,0.0214001629501581,0.0014998950064182,0.0255000777542591,0.0,0.6,0.0,4,4
5,0,764,DT-Top1,0.0026999041438102,0.0215000472962856,0.0015001278370618,0.0257000792771577,0.0,0.6,0.0,4,4
5,0,765,PF,0.0030000228434801,0.0217999331653118,0.0014998950064182,0.0262998510152101,0.0,0.6,0.0,2,2
5,0,765,Greedy-SLA,0.0026000197976827,0.0212998129427433,0.0014000106602907,0.0252998434007167,0.0,0.6,0.0,4,4
5,0,765,DT-Top1,0.0025001354515552,0.0211999285966157,0.0016000121831893,0.0253000762313604,0.0,0.6,0.0,4,4
5,0,766,PF,0.0030000228434801,0.0213999301195144,0.0016000121831893,0.0259999651461839,0.0,0.6,0.0,2,2
5,0,766,Greedy-SLA,0.0024999026209115,0.0215000472962856,0.0014998950064182,0.0254998449236154,0.0,0.6,0.0,4,4
5,0,766,DT-Top1,0.0026000197976827,0.0209000427275896,0.0014998950064182,0.0249999575316905,0.0,0.6,0.0,4,4
5,0,767,PF,0.0030000228434801,0.0213000457733869,0.0016000121831893,0.0259000808000564,0.0,0.6,0.0,2,2
5,0,767,Greedy-SLA,0.0026000197976827,0.0212001614272594,0.0326998997479677,0.0565000809729099,0.0,0.6,21.0,0,2
5,0,767,DT-Top1,0.0026999041438102,0.0214001629501581,0.0314000062644481,0.0555000733584165,0.0,0.6,21.0,0,2
5,0,768,PF,0.0032000243663787,0.0352000351995229,0.0016000121831893,0.0400000717490911,0.0,0.6,0.0,2,2
5,0,768,Greedy-SLA,0.0027001369744539,0.0216998159885406,0.0014000106602907,0.0257999636232852,0.0,0.6,0.0,4,4
5,0,768,DT-Top1,0.0025001354515552,0.0212998129427433,0.0015001278370618,0.0253000762313604,0.0,0.6,0.0,4,4
5,0,769,PF,0.0028999056667089,0.0211999285966157,0.0016000121831893,0.0256998464465141,0.0,0.6,0.0,2,2
5,0,769,Greedy-SLA,0.0026000197976827,0.0213999301195144,0.0015001278370618,0.0255000777542591,0.0,0.6,0.0,4,4
5,0,769,DT-Top1,0.0026000197976827,0.0211000442504882,0.0014998950064182,0.0251999590545892,0.0,0.6,0.0,4,4
5,0,770,PF,0.0030000228434801,0.0212001614272594,0.0014998950064182,0.0257000792771577,0.0,0.6,0.0,2,2
5,0,770,Greedy-SLA,0.0025001354515552,0.0211999285966157,0.0015001278370618,0.0252001918852329,0.0,0.6,0.0,4,4
5,0,770,DT-Top1,0.0024999026209115,0.0209999270737171,0.0016000121831893,0.0250998418778181,0.0,0.6,0.0,4,4
5,0,771,PF,0.0028999056667089,0.0213000457733869,0.0015001278370618,0.0257000792771577,0.0,0.6,0.0,2,2
5,0,771,Greedy-SLA,0.0024999026209115,0.0214001629501581,0.0324000138789415,0.0563000794500112,0.0,0.6,21.0,0,2
5,0,771,DT-Top1,0.0026000197976827,0.0209999270737171,0.0318000093102455,0.0553999561816453,0.0,0.6,21.0,0,2
5,0,772,PF,0.0030999071896076,0.0215000472962856,0.0016000121831893,0.0261999666690826,0.0,0.6,0.0,2,2
5,0,772,Greedy-SLA,0.1479999627918005,0.0261000823229551,0.0014998950064182,0.1755999401211738,0.0,0.6,0.0,4,4
5,0,772,DT-Top1,0.0026000197976827,0.0214998144656419,0.03290013410151,0.0569999683648347,0.0,0.6,21.0,0,2
5,0,773,PF,0.0032000243663787,0.0217000488191843,0.0014998950064182,0.0263999681919813,0.0,0.6,0.0,2,2
5,0,773,Greedy-SLA,0.0026000197976827,0.0216001644730567,0.0014998950064182,0.0257000792771577,0.0,0.6,0.0,4,4
5,0,773,DT-Top1,0.0027001369744539,0.0211000442504882,0.0014998950064182,0.0253000762313604,0.0,0.6,0.0,4,4
5,0,774,PF,0.0030000228434801,0.0215999316424131,0.0015001278370618,0.0261000823229551,0.0,0.6,0.0,2,2
5,0,774,Greedy-SLA,0.0029001384973526,0.0211000442504882,0.0016000121831893,0.0256001949310302,0.0,0.6,0.0,4,4
5,0,774,DT-Top1,0.0026999041438102,0.0211000442504882,0.0322000123560428,0.0559999607503414,0.0,0.6,21.0,0,2
5,0,775,PF,0.0028999056667089,0.0211000442504882,0.0016000121831893,0.0255999621003866,0.0,0.6,0.0,2,2
5,0,775,Greedy-SLA,0.0027001369744539,0.0212998129427433,0.0016000121831893,0.0255999621003866,0.0,0.6,0.0,4,4
5,0,775,DT-Top1,0.0027001369744539,0.0209999270737171,0.0412999652326107,0.0650000292807817,0.0,0.6,21.0,0,2
5,0,776,PF,0.0028999056667089,0.0215999316424131,0.0015001278370618,0.0259999651461839,0.0,0.6,0.0,2,2
5,0,776,Greedy-SLA,0.0026000197976827,0.0211999285966157,0.0014000106602907,0.0251999590545892,0.0,0.6,0.0,4,4
5,0,776,DT-Top1,0.0026999041438102,0.0207000412046909,0.0014998950064182,0.0248998403549194,0.0,0.6,0.0,4,4
5,0,777,PF,0.0028999056667089,0.0211000442504882,0.0014000106602907,0.0253999605774879,0.0,0.6,0.0,2,2
5,0,777,Greedy-SLA,0.0026000197976827,0.0210998114198446,0.0014000106602907,0.0250998418778181,0.0,0.6,0.0,4,4
5,0,777,DT-Top1,0.0044000335037708,0.0328000169247388,0.0374000519514083,0.0746001023799181,0.0,0.6,21.0,0,2
5,0,778,PF,0.0032000243663787,0.0229000579565763,0.0016998965293169,0.027799978852272,0.0,0.6,0.0,2,2
5,0,778,Greedy-SLA,0.0029001384973526,0.0221000518649816,0.0014998950064182,0.0265000853687524,0.0,0.6,0.0,4,4
5,0,778,DT-Top1,0.0026999041438102,0.0206001568585634,0.0235999468713998,0.0469000078737735,0.0,0.6,21.0,0,2
5,0,779,PF,0.0021001324057579,0.0141998752951622,0.0011001247912645,0.0174001324921846,0.0,0.6,0.0,2,2
5,0,779,Greedy-SLA,0.0016998965293169,0.0136999879032373,0.0010000076144933,0.0163998920470476,0.0,0.6,0.0,4,4
5,0,779,DT-Top1,0.001800013706088,0.0136001035571098,0.0010998919606208,0.0165000092238187,0.0,0.6,0.0,4,4
5,0,780,PF,0.0020998995751142,0.0136001035571098,0.0010000076144933,0.0167000107467174,0.0,0.6,0.0,2,2
5,0,780,Greedy-SLA,0.001800013706088,0.0136001035571098,0.0010000076144933,0.0164001248776912,0.0,0.6,0.0,4,4
5,0,780,DT-Top1,0.0017997808754444,0.0132001005113124,0.0008998904377222,0.0158997718244791,0.0,0.6,0.0,4,4
5,0,781,PF,0.001800013706088,0.0133998692035675,0.0010000076144933,0.0161998905241489,0.0,0.6,0.0,2,2
5,0,781,Greedy-SLA,0.0016998965293169,0.0134001020342111,0.0075998250395059,0.022699823603034,0.0,0.6,0.0,4,4
5,0,781,DT-Top1,0.0016998965293169,0.0136999879032373,0.0207000412046909,0.0360999256372451,0.0,0.6,21.0,0,2
5,0,782,PF,0.0018998980522155,0.0120000913739204,0.0008000060915946,0.0146999955177307,0.0,0.6,0.0,2,2
5,0,782,Greedy-SLA,0.0011001247912645,0.008799834176898,0.0007001217454671,0.0106000807136297,0.0,0.6,0.0,4,4
5,0,782,DT-Top1,0.0010000076144933,0.0086999498307704,0.0134001020342111,0.023100059479475,0.0,0.6,21.0,0,2
5,0,783,PF,0.0031001400202512,0.0212998129427433,0.0016000121831893,0.0259999651461839,0.0,0.6,0.0,2,2
5,0,783,Greedy-SLA,0.0025001354515552,0.0206998083740472,0.0017001293599605,0.024900073185563,0.0,0.6,0.0,4,4
5,0,783,DT-Top1,0.0026000197976827,0.0209999270737171,0.0321001280099153,0.0557000748813152,0.0,0.6,21.0,0,2
5,0,784,PF,0.0030000228434801,0.0211000442504882,0.0016000121831893,0.0257000792771577,0.0,0.6,0.0,2,2
5,0,784,Greedy-SLA,0.0027001369744539,0.0210998114198446,0.0015001278370618,0.0253000762313604,0.0,0.6,0.0,4,4
5,0,784,DT-Top1,0.0024999026209115,0.0207999255508184,0.0015001278370618,0.0247999560087919,0.0,0.6,0.0,4,4
5,0,785,PF,0.0028999056667089,0.0209999270737171,0.0015001278370618,0.0253999605774879,0.0,0.6,0.0,2,2
5,0,785,Greedy-SLA,0.0026999041438102,0.0211000442504882,0.001800013706088,0.0255999621003866,0.0,0.6,0.0,4,4
5,0,785,DT-Top1,0.0027001369744539,0.0211999285966157,0.0324000138789415,0.0563000794500112,0.0,0.6,21.0,0,2
5,0,786,PF,0.0030000228434801,0.0207000412046909,0.0017001293599605,0.0254001934081316,0.0,0.6,0.0,2,2
5,0,786,Greedy-SLA,0.0027001369744539,0.0214998144656419,0.0015001278370618,0.0257000792771577,0.0,0.6,0.0,4,4
5,0,786,DT-Top1,0.0026000197976827,0.0209000427275896,0.0316998921334743,0.0551999546587467,0.0,0.6,21.0,0,2
5,0,787,PF,0.0030999071896076,0.0211000442504882,0.0015001278370618,0.0257000792771577,0.0,0.6,0.0,2,2
5,0,787,Greedy-SLA,0.0027997884899377,0.0211000442504882,0.0321001280099153,0.0559999607503414,0.0,0.6,21.0,0,2
5,0,787,DT-Top1,0.0027001369744539,0.0211999285966157,0.0314998906105756,0.0553999561816453,0.0,0.6,21.0,0,2
5,0,788,PF,0.0030000228434801,0.0207999255508184,0.0016000121831893,0.0253999605774879,0.0,0.6,0.0,2,2
5,0,788,Greedy-SLA,0.0026000197976827,0.0211999285966157,0.0313001219183206,0.0551000703126192,0.0,0.6,21.0,0,2
5,0,788,DT-Top1,0.0027001369744539,0.0206998083740472,0.0310000032186508,0.054399948567152,0.0,0.6,21.0,0,2
5,0,789,PF,0.0033001415431499,0.0211000442504882,0.0016000121831893,0.0260001979768276,0.0,0.6,0.0,2,2
5,0,789,Greedy-SLA,0.0027001369744539,0.0207999255508184,0.0015001278370618,0.0250001903623342,0.0,0.6,0.0,4,4
5,0,789,DT-Top1,0.0025997869670391,0.0209000427275896,0.0316000077873468,0.0550998374819755,0.0,0.6,21.0,0,2
5,0,790,PF,0.0030999071896076,0.0213000457733869,0.0016000121831893,0.0259999651461839,0.0,0.6,0.0,2,2
5,0,790,Greedy-SLA,0.0026000197976827,0.0211000442504882,0.0312000047415494,0.0549000687897205,0.0,0.6,21.0,0,2
5,0,790,DT-Top1,0.0027001369744539,0.0209000427275896,0.0310000032186508,0.0546001829206943,0.0,0.6,21.0,0,2
5,0,791,PF,0.0028999056667089,0.0211999285966157,0.0016000121831893,0.0256998464465141,0.0,0.6,0.0,2,2
5,0,791,Greedy-SLA,0.0026000197976827,0.0211000442504882,0.0016000121831893,0.0253000762313604,0.0,0.6,0.0,4,4
5,0,791,DT-Top1,0.0026000197976827,0.0210001599043607,0.0318000093102455,0.055400189012289,0.0,0.6,21.0,0,2
5,0,792,PF,0.0030000228434801,0.0209000427275896,0.0016998965293169,0.0255999621003866,0.0,0.6,0.0,2,2
5,0,792,Greedy-SLA,0.0026999041438102,0.0211999285966157,0.0316000077873468,0.0554998405277729,0.0,0.6,21.0,0,2
5,0,792,DT-Top1,0.0026000197976827,0.0209000427275896,0.0316000077873468,0.0551000703126192,0.0,0.6,21.0,0,2
5,0,793,PF,0.0031001400202512,0.0211999285966157,0.0016000121831893,0.0259000808000564,0.0,0.6,0.0,2,2
5,0,793,Greedy-SLA,0.0026000197976827,0.0212001614272594,0.0016000121831893,0.0254001934081316,0.0,0.6,0.0,4,4
5,0,793,DT-Top1,0.0024999026209115,0.020800158381462,0.0366000458598136,0.0599001068621873,0.0,0.6,21.0,0,2
5,0,794,PF,0.0031001400202512,0.0211999285966157,0.0016000121831893,0.0259000808000564,0.0,0.6,0.0,2,2
5,0,794,Greedy-SLA,0.0026000197976827,0.0211000442504882,0.0016000121831893,0.0253000762313604,0.0,0.6,0.0,4,4
5,0,794,DT-Top1,0.0024999026209115,0.0210001599043607,0.0321997795253992,0.0556998420506715,0.0,0.6,21.0,0,2
5,0,795,PF,0.0032000243663787,0.0213000457733869,0.0016000121831893,0.0261000823229551,0.0,0.6,0.0,2,2
5,0,795,Greedy-SLA,0.0027001369744539,0.0207999255508184,0.0014998950064182,0.0249999575316905,0.0,0.6,0.0,4,4
5,0,795,DT-Top1,0.0026000197976827,0.0205999240279197,0.0314000062644481,0.0545999500900507,0.0,0.6,21.0,0,2
5,0,796,PF,0.0048000365495681,0.0311001203954219,0.0010000076144933,0.0369001645594835,0.0,0.6,0.0,2,2
5,0,796,Greedy-SLA,0.0029001384973526,0.0230998266488313,0.001800013706088,0.027799978852272,0.0,0.6,0.0,4,4
5,0,796,DT-Top1,0.0026999041438102,0.0219999346882104,0.0355001538991928,0.0601999927312135,0.0,0.6,21.0,0,2
5,0,797,PF,0.0030000228434801,0.0287999864667654,0.0016000121831893,0.0334000214934349,0.0,0.6,0.0,2,2
5,0,797,Greedy-SLA,0.0024999026209115,0.0217000488191843,0.0015001278370618,0.0257000792771577,0.0,0.6,0.0,4,4
5,0,797,DT-Top1,0.0024999026209115,0.0214001629501581,0.0326000154018402,0.0565000809729099,0.0,0.6,21.0,0,2
5,0,798,PF,0.0030000228434801,0.0217999331653118,0.0016000121831893,0.0263999681919813,0.0,0.6,0.0,2,2
5,0,798,Greedy-SLA,0.0025997869670391,0.0218001659959554,0.0016000121831893,0.0259999651461839,0.0,0.6,0.0,4,4
5,0,798,DT-Top1,0.0025997869670391,0.0211000442504882,0.0016000121831893,0.0252998434007167,0.0,0.6,0.0,4,4
5,0,799,PF,0.0030000228434801,0.0213000457733869,0.0016998965293169,0.0259999651461839,0.0,0.6,0.0,2,2
5,0,799,Greedy-SLA,0.0024999026209115,0.0211000442504882,0.0014998950064182,0.0250998418778181,0.0,0.6,0.0,4,4
5,0,799,DT-Top1,0.0025001354515552,0.0211999285966157,0.0015001278370618,0.0252001918852329,0.0,0.6,0.0,4,4
5,0,800,PF,0.0030000228434801,0.0211999285966157,0.0016000121831893,0.0257999636232852,0.0,0.6,0.0,2,2
5,0,800,Greedy-SLA,0.0026999041438102,0.0211999285966157,0.0015001278370618,0.0253999605774879,0.0,0.6,0.0,4,4
5,0,800,DT-Top1,0.0025001354515552,0.0209999270737171,0.0328999012708663,0.0563999637961387,0.0,0.6,21.0,0,2
5,0,801,PF,0.0030999071896076,0.0212001614272594,0.0016998965293169,0.0259999651461839,0.0,0.6,0.0,2,2
5,0,801,Greedy-SLA,0.0025997869670391,0.0215000472962856,0.0015001278370618,0.0255999621003866,0.0,0.6,0.0,4,4
5,0,801,DT-Top1,0.0024999026209115,0.0212001614272594,0.0322998967021703,0.0559999607503414,0.0,0.6,21.0,0,2
5,0,802,PF,0.0030000228434801,0.0213999301195144,0.0014998950064182,0.0258998479694128,0.0,0.6,0.0,2,2
5,0,802,Greedy-SLA,0.0026000197976827,0.0213000457733869,0.0016000121831893,0.0255000777542591,0.0,0.6,0.0,4,4
5,0,802,DT-Top1,0.0026999041438102,0.0211000442504882,0.0322998967021703,0.0560998450964689,0.0,0.6,21.0,0,2
5,0,803,PF,0.0029997900128364,0.0210001599043607,0.0016000121831893,0.0255999621003866,0.0,0.6,0.0,2,2
5,0,803,Greedy-SLA,0.0028999056667089,0.0211000442504882,0.0014998950064182,0.0254998449236154,0.0,0.6,0.0,4,4
5,0,803,DT-Top1,0.0026000197976827,0.0207000412046909,0.0014998950064182,0.0247999560087919,0.0,0.6,0.0,4,4
5,0,804,PF,0.0030000228434801,0.0211000442504882,0.0016000121831893,0.0257000792771577,0.0,0.6,0.0,2,2
5,0,804,Greedy-SLA,0.0028000213205814,0.0212001614272594,0.0328999012708663,0.0569000840187072,0.0,0.6,21.0,0,2
5,0,804,DT-Top1,0.0026000197976827,0.0204001553356647,0.0314998906105756,0.0545000657439231,0.0,0.6,21.0,0,2
5,0,805,PF,0.0030000228434801,0.0207999255508184,0.0015001278370618,0.0253000762313604,0.0,0.6,0.0,2,2
5,0,805,Greedy-SLA,0.0026999041438102,0.0211000442504882,0.3317000810056925,0.355500029399991,0.0,0.6,21.0,0,2
5,0,805,DT-Top1,0.0033001415431499,0.0259999651461839,0.0334000214934349,0.0627001281827688,0.0,0.6,21.0,0,2
5,0,806,PF,0.0031001400202512,0.0223999377340078,0.0016998965293169,0.027199974283576,0.0,0.6,0.0,2,2
5,0,806,Greedy-SLA,0.0028000213205814,0.0215000472962856,0.0326000154018402,0.0569000840187072,0.0,0.6,21.0,0,2
5,0,806,DT-Top1,0.0010000076144933,0.0078000593930482,0.0117998570203781,0.0205999240279197,0.0,0.6,21.0,0,2
5,0,807,PF,0.0010998919606208,0.0078000593930482,0.000600004568696,0.0094999559223651,0.0,0.6,0.0,2,2
5,0,807,Greedy-SLA,0.0010000076144933,0.0078999437391757,0.000600004568696,0.0094999559223651,0.0,0.6,0.0,4,4
5,0,807,DT-Top1,0.0009001232683658,0.0075998250395059,0.0116999726742506,0.0201999209821224,0.0,0.6,21.0,0,2
5,0,808,PF,0.0010998919606208,0.0077001750469207,0.000600004568696,0.0094000715762376,0.0,0.6,0.0,2,2
5,0,808,Greedy-SLA,0.0010000076144933,0.0076999422162771,0.011600088328123,0.0203000381588935,0.0,0.6,21.0,0,2
5,0,808,DT-Top1,0.0008998904377222,0.0076999422162771,0.0117002055048942,0.0203000381588935,0.0,0.6,21.0,0,2
5,0,809,PF,0.0010998919606208,0.0087001826614141,0.000600004568696,0.010400079190731,0.0,0.6,0.0,2,2
5,0,809,Greedy-SLA,0.0011001247912645,0.0077998265624046,0.000600004568696,0.0094999559223651,0.0,0.6,0.0,4,4
5,0,809,DT-Top1,0.0010000076144933,0.0076000578701496,0.0117998570203781,0.020399922505021,0.0,0.6,21.0,0,2
5,0,810,PF,0.001200009137392,0.0076000578701496,0.000600004568696,0.0094000715762376,0.0,0.6,0.0,2,2
5,0,810,Greedy-SLA,0.0010000076144933,0.0076000578701496,0.000600004568696,0.009200070053339,0.0,0.6,0.0,4,4
5,0,810,DT-Top1,0.0010000076144933,0.0076999422162771,0.0116999726742506,0.020399922505021,0.0,0.6,21.0,0,2
5,0,811,PF,0.0010998919606208,0.0402999576181173,0.0008000060915946,0.0421998556703329,0.0,0.6,0.0,2,2
5,0,811,Greedy-SLA,0.0010000076144933,0.0082000624388456,0.000600004568696,0.009800074622035,0.0,0.6,0.0,4,4
5,0,811,DT-Top1,0.0010000076144933,0.0076999422162771,0.0004998873919248,0.0091998372226953,0.0,0.6,0.0,4,4
5,0,812,PF,0.0010998919606208,0.0079001765698194,0.000600004568696,0.0096000730991363,0.0,0.6,0.0,2,2
5,0,812,Greedy-SLA,0.0012998934835195,0.0096999574452638,0.000600004568696,0.0115998554974794,0.0,0.6,0.0,4,4
5,0,812,DT-Top1,0.0010000076144933,0.0078000593930482,0.0118999741971492,0.0207000412046909,0.0,0.6,21.0,0,2
5,0,813,PF,0.0011001247912645,0.0077998265624046,0.000600004568696,0.0094999559223651,0.0,0.6,0.0,2,2
5,0,813,Greedy-SLA,0.0010000076144933,0.0076000578701496,0.000600004568696,0.009200070053339,0.0,0.6,0.0,4,4
5,0,813,DT-Top1,0.001800013706088,0.0303999986499547,0.0008000060915946,0.0330000184476375,0.0,0.6,0.0,4,4
5,0,814,PF,0.0011001247912645,0.008799834176898,0.000600004568696,0.0104999635368585,0.0,0.6,0.0,2,2
5,0,814,Greedy-SLA,0.0011001247912645,0.0080999452620744,0.0005001202225685,0.0097001902759075,0.0,0.6,0.0,4,4
5,0,814,DT-Top1,0.0010000076144933,0.0078999437391757,0.0128000974655151,0.0217000488191843,0.0,0.6,21.0,0,2
5,0,815,PF,0.0010000076144933,0.0080999452620744,0.0006998889148235,0.0097998417913913,0.0,0.6,0.0,2,2
5,0,815,Greedy-SLA,0.0010000076144933,0.0088000670075416,0.000600004568696,0.010400079190731,0.0,0.6,0.0,4,4
5,0,815,DT-Top1,0.0010000076144933,0.0080000609159469,0.0123998615890741,0.0213999301195144,0.0,0.6,21.0,0,2
5,0,816,PF,0.0010998919606208,0.0080000609159469,0.000600004568696,0.0096999574452638,0.0,0.6,0.0,2,2
5,0,816,Greedy-SLA,0.0009001232683658,0.0079998280853033,0.000600004568696,0.0094999559223651,0.0,0.6,0.0,4,4
5,0,816,DT-Top1,0.0008998904377222,0.0188001431524753,0.0233999453485012,0.0430999789386987,0.0,0.6,21.0,0,2
5,0,817,PF,0.0011001247912645,0.0086000654846429,0.000600004568696,0.0103001948446035,0.0,0.6,0.0,2,2
5,0,817,Greedy-SLA,0.0008998904377222,0.0080999452620744,0.000600004568696,0.0095998402684926,0.0,0.6,0.0,4,4
5,0,817,DT-Top1,0.0009001232683658,0.0078000593930482,0.0004998873919248,0.009200070053339,0.0,0.6,0.0,4,4
5,0,818,PF,0.0010000076144933,0.0102999620139598,0.000600004568696,0.0118999741971492,0.0,0.6,0.0,2,2
5,0,818,Greedy-SLA,0.0010000076144933,0.0079001765698194,0.0004998873919248,0.0094000715762376,0.0,0.6,0.0,4,4
5,0,818,DT-Top1,0.0010000076144933,0.0076999422162771,0.0122000928968191,0.0209000427275896,0.0,0.6,21.0,0,2
5,0,819,PF,0.0011001247912645,0.0079998280853033,0.000600004568696,0.0096999574452638,0.0,0.6,0.0,2,2
5,0,819,Greedy-SLA,0.0008998904377222,0.0079001765698194,0.0004998873919248,0.0092999543994665,0.0,0.6,0.0,4,4
5,0,819,DT-Top1,0.0010000076144933,0.0076000578701496,0.0120999757200479,0.0207000412046909,0.0,0.6,21.0,0,2
5,0,820,PF,0.0010998919606208,0.0078000593930482,0.000600004568696,0.0094999559223651,0.0,0.6,0.0,2,2
5,0,820,Greedy-SLA,0.0010000076144933,0.0076999422162771,0.000600004568696,0.0092999543994665,0.0,0.6,0.0,4,4
5,0,820,DT-Top1,0.0008998904377222,0.0076999422162771,0.0118000898510217,0.020399922505021,0.0,0.6,21.0,0,2
5,0,821,PF,0.0010998919606208,0.0078999437391757,0.000600004568696,0.0095998402684926,0.0,0.6,0.0,2,2
5,0,821,Greedy-SLA,0.0010000076144933,0.0076000578701496,0.000600004568696,0.009200070053339,0.0,0.6,0.0,4,4
5,0,821,DT-Top1,0.0009001232683658,0.0076999422162771,0.000600004568696,0.009200070053339,0.0,0.6,0.0,4,4
5,0,822,PF,0.0011001247912645,0.0076999422162771,0.0005001202225685,0.0093001872301101,0.0,0.6,0.0,2,2
5,0,822,Greedy-SLA,0.0008998904377222,0.0078999437391757,0.0005001202225685,0.0092999543994665,0.0,0.6,0.0,4,4
5,0,822,DT-Top1,0.0010000076144933,0.0079001765698194,0.0121998600661754,0.0211000442504882,0.0,0.6,21.0,0,2
5,0,823,PF,0.0010998919606208,0.0079001765698194,0.000600004568696,0.0096000730991363,0.0,0.6,0.0,2,2
5,0,823,Greedy-SLA,0.0010000076144933,0.0080999452620744,0.0005001202225685,0.0096000730991363,0.0,0.6,0.0,4,4
5,0,823,DT-Top1,0.0010000076144933,0.0153000000864267,0.0336000230163335,0.0499000307172536,0.0,0.6,21.0,0,2
5,0,824,PF,0.0030999071896076,0.0211999285966157,0.0015001278370618,0.0257999636232852,0.0,0.6,0.0,2,2
5,0,824,Greedy-SLA,0.0025001354515552,0.0208998098969459,0.0015001278370618,0.024900073185563,0.0,0.6,0.0,4,4
5,0,824,DT-Top1,0.0026000197976827,0.0207000412046909,0.0014000106602907,0.0247000716626644,0.0,0.6,0.0,4,4
5,0,825,PF,0.0028000213205814,0.0207999255508184,0.0016000121831893,0.0251999590545892,0.0,0.6,0.0,2,2
5,0,825,Greedy-SLA,0.0026000197976827,0.0209999270737171,0.0326000154018402,0.05619996227324,0.0,0.6,21.0,0,2
5,0,825,DT-Top1,0.0026000197976827,0.0210998114198446,0.0319001264870166,0.055599957704544,0.0,0.6,21.0,0,2
5,0,826,PF,0.0029997900128364,0.0209000427275896,0.0015001278370618,0.0253999605774879,0.0,0.6,0.0,2,2
5,0,826,Greedy-SLA,0.0027001369744539,0.0213999301195144,0.0014998950064182,0.0255999621003866,0.0,0.6,0.0,4,4
5,0,826,DT-Top1,0.0026999041438102,0.0209999270737171,0.0328000169247388,0.0564998481422662,0.0,0.6,21.0,0,2
5,0,827,PF,0.0030000228434801,0.0212001614272594,0.0014998950064182,0.0257000792771577,0.0,0.6,0.0,2,2
5,0,827,Greedy-SLA,0.0026000197976827,0.0213000457733869,0.0015001278370618,0.0254001934081316,0.0,0.6,0.0,4,4
5,0,827,DT-Top1,0.0028000213205814,0.0219000503420829,0.0016000121831893,0.0263000838458538,0.0,0.6,0.0,4,4
5,0,828,PF,0.0030000228434801,0.0213999301195144,0.0016000121831893,0.0259999651461839,0.0,0.6,0.0,2,2
5,0,828,Greedy-SLA,0.0027001369744539,0.0212998129427433,0.0014000106602907,0.0253999605774879,0.0,0.6,0.0,4,4
5,0,828,DT-Top1,0.0026000197976827,0.0215000472962856,0.0325001310557127,0.056600198149681,0.0,0.6,21.0,0,2
5,0,829,PF,0.0029001384973526,0.0211999285966157,0.0016000121831893,0.0257000792771577,0.0,0.6,0.0,2,2
5,0,829,Greedy-SLA,0.002400018274784,0.0210998114198446,0.0015001278370618,0.0249999575316905,0.0,0.6,0.0,4,4
5,0,829,DT-Top1,0.0027001369744539,0.0205999240279197,0.0326000154018402,0.0559000764042139,0.0,0.6,21.0,0,2
5,0,830,PF,0.0030000228434801,0.0209999270737171,0.0015001278370618,0.0255000777542591,0.0,0.6,0.0,2,2
5,0,830,Greedy-SLA,0.0030000228434801,0.0208998098969459,0.0015001278370618,0.0253999605774879,0.0,0.6,0.0,4,4
5,0,830,DT-Top1,0.0026000197976827,0.0202998053282499,0.03290013410151,0.0557999592274427,0.0,0.6,21.0,0,2
5,0,831,PF,0.0028999056667089,0.0211000442504882,0.0014998950064182,0.0254998449236154,0.0,0.6,0.0,2,2
5,0,831,Greedy-SLA,0.0025997869670391,0.0210001599043607,0.0380999408662319,0.0616998877376318,0.0,0.6,21.0,0,2
5,0,831,DT-Top1,0.0026999041438102,0.0210001599043607,0.031899893656373,0.055599957704544,0.0,0.6,21.0,0,2
5,0,832,PF,0.0029001384973526,0.0209999270737171,0.0014000106602907,0.0253000762313604,0.0,0.6,0.0,2,2
5,0,832,Greedy-SLA,0.0027001369744539,0.0210998114198446,0.0014000106602907,0.0251999590545892,0.0,0.6,0.0,4,4
5,0,832,DT-Top1,0.0026000197976827,0.0211999285966157,0.0015001278370618,0.0253000762313604,0.0,0.6,0.0,4,4
5,0,833,PF,0.0028000213205814,0.0211999285966157,0.0015001278370618,0.0255000777542591,0.0,0.6,0.0,2,2
5,0,833,Greedy-SLA,0.0026000197976827,0.0209999270737171,0.0014998950064182,0.0250998418778181,0.0,0.6,0.0,4,4
5,0,833,DT-Top1,0.0025001354515552,0.0208998098969459,0.0325001310557127,0.0559000764042139,0.0,0.6,21.0,0,2
5,0,834,PF,0.0028999056667089,0.0210001599043607,0.0016000121831893,0.0255000777542591,0.0,0.6,0.0,2,2
5,0,834,Greedy-SLA,0.0024999026209115,0.0211000442504882,0.0014998950064182,0.0250998418778181,0.0,0.6,0.0,4,4
5,0,834,DT-Top1,0.0028000213205814,0.0213000457733869,0.0014000106602907,0.0255000777542591,0.0,0.6,0.0,4,4
5,0,835,PF,0.0032000243663787,0.0210001599043607,0.0014998950064182,0.0257000792771577,0.0,0.6,0.0,2,2
5,0,835,Greedy-SLA,0.0026999041438102,0.0215000472962856,0.0013001263141632,0.0255000777542591,0.0,0.6,0.0,4,4
5,0,835,DT-Top1,0.0032000243663787,0.0237999483942985,0.0012998934835195,0.0282998662441968,0.0,0.6,0.0,4,4
5,0,836,PF,0.0029001384973526,0.0215000472962856,0.0014998950064182,0.0259000808000564,0.0,0.6,0.0,2,2
5,0,836,Greedy-SLA,0.0025001354515552,0.0211999285966157,0.0014000106602907,0.0251000747084617,0.0,0.6,0.0,4,4
5,0,836,DT-Top1,0.0047001522034406,0.037199817597866,0.0021001324057579,0.0440001022070646,0.0,0.6,0.0,4,4
5,0,837,PF,0.0030000228434801,0.02329982817173,0.0016000121831893,0.0278998631983995,0.0,0.6,0.0,2,2
5,0,837,Greedy-SLA,0.0026999041438102,0.022500054910779,0.0014998950064182,0.0266998540610075,0.0,0.6,0.0,4,4
5,0,837,DT-Top1,0.0512998085469007,0.0452001113444566,0.001800013706088,0.0982999335974454,0.0,0.6,0.0,4,4
5,0,838,PF,0.0010998919606208,0.0084999483078718,0.0007001217454671,0.0102999620139598,0.0,0.6,0.0,2,2
5,0,838,Greedy-SLA,0.0010000076144933,0.0079998280853033,0.000600004568696,0.0095998402684926,0.0,0.6,0.0,4,4
5,0,838,DT-Top1,0.0010000076144933,0.0079001765698194,0.0125998631119728,0.0215000472962856,0.0,0.6,21.0,0,2
5,0,839,PF,0.0010998919606208,0.0078000593930482,0.000600004568696,0.0094999559223651,0.0,0.6,0.0,2,2
5,0,839,Greedy-SLA,0.0010000076144933,0.0104999635368585,0.0005001202225685,0.0120000913739204,0.0,0.6,0.0,4,4
5,0,839,DT-Top1,0.0010000076144933,0.0078000593930482,0.0119998585432767,0.0207999255508184,0.0,0.6,21.0,0,2
5,0,840,PF,0.0011001247912645,0.0076999422162771,0.000600004568696,0.0094000715762376,0.0,0.6,0.0,2,2
5,0,840,Greedy-SLA,0.0008998904377222,0.0078000593930482,0.000600004568696,0.0092999543994665,0.0,0.6,0.0,4,4
5,0,840,DT-Top1,0.0010000076144933,0.0078000593930482,0.0119998585432767,0.0207999255508184,0.0,0.6,21.0,0,2
5,0,841,PF,0.0011001247912645,0.0079998280853033,0.0005001202225685,0.0096000730991363,0.0,0.6,0.0,2,2
5,0,841,Greedy-SLA,0.0010000076144933,0.0077001750469207,0.000600004568696,0.0093001872301101,0.0,0.6,0.0,4,4
5,0,841,DT-Top1,0.0010000076144933,0.0076999422162771,0.0116999726742506,0.020399922505021,0.0,0.6,21.0,0,2
5,0,842,PF,0.001200009137392,0.0078999437391757,0.0004998873919248,0.0095998402684926,0.0,0.6,0.0,2,2
5,0,842,Greedy-SLA,0.0050000380724668,0.0082999467849731,0.0118999741971492,0.0251999590545892,0.0,0.6,21.0,0,2
5,0,842,DT-Top1,0.0010000076144933,0.0076000578701496,0.0183999072760343,0.0269999727606773,0.0,0.6,21.0,0,2
5,0,843,PF,0.0030000228434801,0.0211999285966157,0.0016000121831893,0.0257999636232852,0.0,0.6,0.0,2,2
5,0,843,Greedy-SLA,0.0026999041438102,0.0214001629501581,0.0014998950064182,0.0255999621003866,0.0,0.6,0.0,4,4
5,0,843,DT-Top1,0.0026999041438102,0.0213000457733869,0.0320998951792717,0.0560998450964689,0.0,0.6,21.0,0,2
5,0,844,PF,0.0032000243663787,0.0216001644730567,0.0016998965293169,0.0265000853687524,0.0,0.6,0.0,2,2
5,0,844,Greedy-SLA,0.0026000197976827,0.0213000457733869,0.0325001310557127,0.0564001966267824,0.0,0.6,21.0,0,2
5,0,844,DT-Top1,0.0026000197976827,0.0207999255508184,0.0316000077873468,0.054999953135848,0.0,0.6,21.0,0,2
5,0,845,PF,0.0031001400202512,0.0211000442504882,0.0016998965293169,0.0259000808000564,0.0,0.6,0.0,2,2
5,0,845,Greedy-SLA,0.0027001369744539,0.0213000457733869,0.0014998950064182,0.0255000777542591,0.0,0.6,0.0,4,4
5,0,845,DT-Top1,0.0024999026209115,0.0211000442504882,0.032300129532814,0.0559000764042139,0.0,0.6,21.0,0,2
5,0,846,PF,0.0029001384973526,0.0211999285966157,0.0014998950064182,0.0255999621003866,0.0,0.6,0.0,2,2
5,0,846,Greedy-SLA,0.0028000213205814,0.0211999285966157,0.0014000106602907,0.0253999605774879,0.0,0.6,0.0,4,4
5,0,846,DT-Top1,0.0025997869670391,0.0213000457733869,0.0321001280099153,0.0559999607503414,0.0,0.6,21.0,0,2
5,0,847,PF,0.0030000228434801,0.0213999301195144,0.0017001293599605,0.0261000823229551,0.0,0.6,0.0,2,2
5,0,847,Greedy-SLA,0.0026999041438102,0.0217000488191843,0.0014998950064182,0.0258998479694128,0.0,0.6,0.0,4,4
5,0,847,DT-Top1,0.0026999041438102,0.0211999285966157,0.0014000106602907,0.0252998434007167,0.0,0.6,0.0,4,4
5,0,848,PF,0.0029997900128364,0.0214001629501581,0.0016000121831893,0.0259999651461839,0.0,0.6,0.0,2,2
5,0,848,Greedy-SLA,0.0025997869670391,0.0209000427275896,0.0015001278370618,0.0249999575316905,0.0,0.6,0.0,4,4
5,0,848,DT-Top1,0.0026000197976827,0.0211999285966157,0.0321001280099153,0.0559000764042139,0.0,0.6,21.0,0,2
5,0,849,PF,0.0030999071896076,0.0215000472962856,0.001800013706088,0.0263999681919813,0.0,0.6,0.0,2,2
5,0,849,Greedy-SLA,0.0026999041438102,0.0215999316424131,0.0015001278370618,0.0257999636232852,0.0,0.6,0.0,4,4
5,0,849,DT-Top1,0.0026999041438102,0.0212001614272594,0.0316998921334743,0.055599957704544,0.0,0.6,21.0,0,2
5,0,850,PF,0.0030000228434801,0.0213000457733869,0.0016000121831893,0.0259000808000564,0.0,0.6,0.0,2,2
5,0,850,Greedy-SLA,0.0026999041438102,0.0213000457733869,0.0016000121831893,0.0255999621003866,0.0,0.6,0.0,4,4
5,0,850,DT-Top1,0.0028000213205814,0.0214001629501581,0.0014000106602907,0.0256001949310302,0.0,0.6,0.0,4,4
5,0,851,PF,0.0028999056667089,0.0213000457733869,0.0014998950064182,0.0256998464465141,0.0,0.6,0.0,2,2
5,0,851,Greedy-SLA,0.0026000197976827,0.0211000442504882,0.0014998950064182,0.0251999590545892,0.0,0.6,0.0,4,4
5,0,851,DT-Top1,0.0025001354515552,0.0211000442504882,0.0321997795253992,0.0557999592274427,0.0,0.6,21.0,0,2
5,0,852,PF,0.0032000243663787,0.0213999301195144,0.0015001278370618,0.0261000823229551,0.0,0.6,0.0,2,2
5,0,852,Greedy-SLA,0.0026999041438102,0.0211000442504882,0.0014998950064182,0.0252998434007167,0.0,0.6,0.0,4,4
5,0,852,DT-Top1,0.0026000197976827,0.0209999270737171,0.0320998951792717,0.0556998420506715,0.0,0.6,21.0,0,2
5,0,853,PF,0.0031001400202512,0.0213000457733869,0.0016000121831893,0.0260001979768276,0.0,0.6,0.0,2,2
5,0,853,Greedy-SLA,0.0026000197976827,0.0216001644730567,0.0014998950064182,0.0257000792771577,0.0,0.6,0.0,4,4
5,0,853,DT-Top1,0.0026999041438102,0.0215000472962856,0.0015001278370618,0.0257000792771577,0.0,0.6,0.0,4,4
5,0,854,PF,0.0030000228434801,0.0210998114198446,0.0017001293599605,0.0257999636232852,0.0,0.6,0.0,2,2
5,0,854,Greedy-SLA,0.0027001369744539,0.0209999270737171,0.0014998950064182,0.0251999590545892,0.0,0.6,0.0,4,4
5,0,854,DT-Top1,0.0026000197976827,0.020800158381462,0.0362999271601438,0.0597001053392887,0.0,0.6,21.0,0,2
5,0,855,PF,0.0029997900128364,0.0215000472962856,0.0016000121831893,0.0260998494923114,0.0,0.6,0.0,2,2
5,0,855,Greedy-SLA,0.0026999041438102,0.0215000472962856,0.0015001278370618,0.0257000792771577,0.0,0.6,0.0,4,4
5,0,855,DT-Top1,0.0027997884899377,0.0211000442504882,0.0318000093102455,0.0556998420506715,0.0,0.6,21.0,0,2
5,0,856,PF,0.0030000228434801,0.0211000442504882,0.0017001293599605,0.0258001964539289,0.0,0.6,0.0,2,2
5,0,856,Greedy-SLA,0.0028000213205814,0.0213000457733869,0.0014998950064182,0.0255999621003866,0.0,0.6,0.0,4,4
5,0,856,DT-Top1,0.0026999041438102,0.0213999301195144,0.0316000077873468,0.0556998420506715,0.0,0.6,21.0,0,2
5,0,857,PF,0.0054000411182641,0.0362000428140163,0.0018998980522155,0.0434999819844961,0.0,0.6,0.0,2,2
5,0,857,Greedy-SLA,0.0030000228434801,0.0239000655710697,0.0016998965293169,0.0285999849438667,0.0,0.6,0.0,4,4
5,0,857,DT-Top1,0.0028999056667089,0.0221000518649816,0.0348999164998531,0.0598998740315437,0.0,0.6,21.0,0,2
5,0,858,PF,0.0032000243663787,0.0219000503420829,0.0017001293599605,0.0268002040684223,0.0,0.6,0.0,2,2
5,0,858,Greedy-SLA,0.0010000076144933,0.0078999437391757,0.000600004568696,0.0094999559223651,0.0,0.6,0.0,4,4
5,0,858,DT-Top1,0.0027001369744539,0.0213000457733869,0.0328000169247388,0.0568001996725797,0.0,0.6,21.0,0,2
5,0,859,PF,0.0032000243663787,0.0217000488191843,0.0016000121831893,0.0265000853687524,0.0,0.6,0.0,2,2
5,0,859,Greedy-SLA,0.0024999026209115,0.0216001644730567,0.0015997793525457,0.0256998464465141,0.0,0.6,0.0,4,4
5,0,859,DT-Top1,0.0027001369744539,0.0211000442504882,0.032499898225069,0.0563000794500112,0.0,0.6,21.0,0,2
5,0,860,PF,0.0029997900128364,0.0215000472962856,0.0015001278370618,0.0259999651461839,0.0,0.6,0.0,2,2
5,0,860,Greedy-SLA,0.0026000197976827,0.0213999301195144,0.0016000121831893,0.0255999621003866,0.0,0.6,0.0,4,4
5,0,860,DT-Top1,0.0026000197976827,0.0263999681919813,0.032300129532814,0.0613001175224781,0.0,0.6,21.0,0,2
5,0,861,PF,0.0030000228434801,0.0211999285966157,0.0017001293599605,0.0259000808000564,0.0,0.6,0.0,2,2
5,0,861,Greedy-SLA,0.0028000213205814,0.0209999270737171,0.0016000121831893,0.0253999605774879,0.0,0.6,0.0,4,4
5,0,861,DT-Top1,0.0026999041438102,0.0211999285966157,0.0326000154018402,0.0564998481422662,0.0,0.6,21.0,0,2
5,0,862,PF,0.0028999056667089,0.0211999285966157,0.0016000121831893,0.0256998464465141,0.0,0.6,0.0,2,2
5,0,862,Greedy-SLA,0.0026999041438102,0.0295999925583601,0.0016000121831893,0.0338999088853597,0.0,0.6,0.0,4,4
5,0,862,DT-Top1,0.0026000197976827,0.0209999270737171,0.0322998967021703,0.0558998435735702,0.0,0.6,21.0,0,2
5,0,863,PF,0.0030000228434801,0.0211000442504882,0.001800013706088,0.0259000808000564,0.0,0.6,0.0,2,2
5,0,863,Greedy-SLA,0.0026999041438102,0.0215999316424131,0.0014000106602907,0.0256998464465141,0.0,0.6,0.0,4,4
5,0,863,DT-Top1,0.0027001369744539,0.0211999285966157,0.0014998950064182,0.0253999605774879,0.0,0.6,0.0,4,4
5,0,864,PF,0.0030000228434801,0.0212001614272594,0.0014998950064182,0.0257000792771577,0.0,0.6,0.0,2,2
5,0,864,Greedy-SLA,0.0027997884899377,0.0215000472962856,0.0015001278370618,0.0257999636232852,0.0,0.6,0.0,4,4
5,0,864,DT-Top1,0.0026000197976827,0.0211000442504882,0.0014998950064182,0.0251999590545892,0.0,0.6,0.0,4,4
5,0,865,PF,0.0030999071896076,0.0214001629501581,0.0014998950064182,0.0259999651461839,0.0,0.6,0.0,2,2
5,0,865,Greedy-SLA,0.0027001369744539,0.0213999301195144,0.0014000106602907,0.0255000777542591,0.0,0.6,0.0,4,4
5,0,865,DT-Top1,0.002400018274784,0.0207999255508184,0.0016000121831893,0.0247999560087919,0.0,0.6,0.0,4,4
5,0,866,PF,0.0028999056667089,0.0215999316424131,0.0015001278370618,0.0259999651461839,0.0,0.6,0.0,2,2
5,0,866,Greedy-SLA,0.0025001354515552,0.0210998114198446,0.0015001278370618,0.0251000747084617,0.0,0.6,0.0,4,4
5,0,866,DT-Top1,0.0025001354515552,0.0210998114198446,0.0385001767426729,0.0621001236140728,0.0,0.6,21.0,0,2
5,0,867,PF,0.0029001384973526,0.0215999316424131,0.0016000121831893,0.0261000823229551,0.0,0.6,0.0,2,2
5,0,867,Greedy-SLA,0.0026999041438102,0.0214001629501581,0.0014998950064182,0.0255999621003866,0.0,0.6,0.0,4,4
5,0,867,DT-Top1,0.0026000197976827,0.0209999270737171,0.0015001278370618,0.0251000747084617,0.0,0.6,0.0,4,4
5,0,868,PF,0.0029001384973526,0.0210998114198446,0.0015001278370618,0.0255000777542591,0.0,0.6,0.0,2,2
5,0,868,Greedy-SLA,0.0025001354515552,0.0213999301195144,0.0014998950064182,0.0253999605774879,0.0,0.6,0.0,4,4
5,0,868,DT-Top1,0.0026000197976827,0.0209999270737171,0.0321001280099153,0.0557000748813152,0.0,0.6,21.0,0,2
5,0,869,PF,0.0028999056667089,0.0211999285966157,0.0016000121831893,0.0256998464465141,0.0,0.6,0.0,2,2
5,0,869,Greedy-SLA,0.0026999041438102,0.0215000472962856,0.0014000106602907,0.0255999621003866,0.0,0.6,0.0,4,4
5,0,869,DT-Top1,0.0025001354515552,0.0207999255508184,0.0324000138789415,0.0557000748813152,0.0,0.6,21.0,0,2
5,0,870,PF,0.0030000228434801,0.0209000427275896,0.0016000121831893,0.0255000777542591,0.0,0.6,0.0,2,2
5,0,870,Greedy-SLA,0.0027001369744539,0.0211999285966157,0.0014000106602907,0.0253000762313604,0.0,0.6,0.0,4,4
5,0,870,DT-Top1,0.0026000197976827,0.0209000427275896,0.0014998950064182,0.0249999575316905,0.0,0.6,0.0,4,4
5,0,871,PF,0.0030000228434801,0.0215000472962856,0.0016000121831893,0.0261000823229551,0.0,0.6,0.0,2,2
5,0,871,Greedy-SLA,0.0029001384973526,0.0211000442504882,0.0014998950064182,0.0255000777542591,0.0,0.6,0.0,4,4
5,0,871,DT-Top1,0.0026999041438102,0.020800158381462,0.0016998965293169,0.0251999590545892,0.0,0.6,0.0,4,4
5,0,872,PF,0.0032000243663787,0.0209999270737171,0.0017001293599605,0.0259000808000564,0.0,0.6,0.0,2,2
5,0,872,Greedy-SLA,0.0026000197976827,0.0209000427275896,0.0014000106602907,0.024900073185563,0.0,0.6,0.0,4,4
5,0,872,DT-Top1,0.0026000197976827,0.0209999270737171,0.0014000106602907,0.0249999575316905,0.0,0.6,0.0,4,4
5,0,873,PF,0.0030999071896076,0.0213999301195144,0.0014000106602907,0.0258998479694128,0.0,0.6,0.0,2,2
5,0,873,Greedy-SLA,0.0044999178498983,0.0343001447618007,0.001800013706088,0.0406000763177871,0.0,0.6,0.0,4,4
5,0,873,DT-Top1,0.0029001384973526,0.0241999514400959,0.0014998950064182,0.0285999849438667,0.0,0.6,0.0,4,4
5,0,874,PF,0.0031001400202512,0.0222998205572366,0.0016000121831893,0.0269999727606773,0.0,0.6,0.0,2,2
5,0,874,Greedy-SLA,0.0027001369744539,0.0217999331653118,0.0016998965293169,0.0261999666690826,0.0,0.6,0.0,4,4
5,0,874,DT-Top1,0.002400018274784,0.0085998326539993,0.0128999818116426,0.023899832740426,0.0,0.6,21.0,0,2
5,0,875,PF,0.0030999071896076,0.0220001675188541,0.0014998950064182,0.0265999697148799,0.0,0.6,0.0,2,2
5,0,875,Greedy-SLA,0.0025001354515552,0.0813000369817018,0.0034999102354049,0.087300082668662,0.0,0.6,0.0,4,4
5,0,875,DT-Top1,0.0032999087125062,0.0290002208203077,0.0374999362975358,0.0698000658303499,0.0,0.6,21.0,0,2
5,0,876,PF,0.001200009137392,0.0082999467849731,0.0007001217454671,0.0102000776678323,0.0,0.6,0.0,2,2
5,0,876,Greedy-SLA,0.0010000076144933,0.0080999452620744,0.000600004568696,0.0096999574452638,0.0,0.6,0.0,4,4
5,0,876,DT-Top1,0.0010998919606208,0.0078000593930482,0.0122000928968191,0.0211000442504882,0.0,0.6,21.0,0,2
5,0,877,PF,0.0013001263141632,0.0078999437391757,0.000600004568696,0.009800074622035,0.0,0.6,0.0,2,2
5,0,877,Greedy-SLA,0.0009001232683658,0.0078999437391757,0.000600004568696,0.0094000715762376,0.0,0.6,0.0,4,4
5,0,877,DT-Top1,0.0010000076144933,0.0079001765698194,0.0118999741971492,0.020800158381462,0.0,0.6,21.0,0,2
5,0,878,PF,0.001200009137392,0.0078999437391757,0.000600004568696,0.0096999574452638,0.0,0.6,0.0,2,2
5,0,878,Greedy-SLA,0.0009997747838497,0.0079001765698194,0.000600004568696,0.0094999559223651,0.0,0.6,0.0,4,4
5,0,878,DT-Top1,0.0010000076144933,0.0076000578701496,0.0119998585432767,0.0205999240279197,0.0,0.6,21.0,0,2
5,0,879,PF,0.0010998919606208,0.0080000609159469,0.0006998889148235,0.0097998417913913,0.0,0.6,0.0,2,2
5,0,879,Greedy-SLA,0.0010000076144933,0.0079001765698194,0.000600004568696,0.0095001887530088,0.0,0.6,0.0,4,4
5,0,879,DT-Top1,0.0010000076144933,0.0076000578701496,0.0120000913739204,0.0206001568585634,0.0,0.6,21.0,0,2
5,0,880,PF,0.0011001247912645,0.0076999422162771,0.000600004568696,0.0094000715762376,0.0,0.6,0.0,2,2
5,0,880,Greedy-SLA,0.0010000076144933,0.0076999422162771,0.000600004568696,0.0092999543994665,0.0,0.6,0.0,4,4
5,0,880,DT-Top1,0.0010000076144933,0.0078000593930482,0.0118000898510217,0.0206001568585634,0.0,0.6,21.0,0,2
5,0,881,PF,0.001200009137392,0.0078000593930482,0.0004998873919248,0.0094999559223651,0.0,0.6,0.0,2,2
5,0,881,Greedy-SLA,0.0008998904377222,0.0078000593930482,0.0005001202225685,0.009200070053339,0.0,0.6,0.0,4,4
5,0,881,DT-Top1,0.0010000076144933,0.0076000578701496,0.0118000898510217,0.0204001553356647,0.0,0.6,21.0,0,2
5,0,882,PF,0.001200009137392,0.0097998417913913,0.000600004568696,0.0115998554974794,0.0,0.6,0.0,2,2
5,0,882,Greedy-SLA,0.0009001232683658,0.0078999437391757,0.0005001202225685,0.0093001872301101,0.0,0.6,0.0,4,4
5,0,882,DT-Top1,0.0010000076144933,0.0076999422162771,0.0120000913739204,0.0207000412046909,0.0,0.6,21.0,0,2
5,0,883,PF,0.0017001293599605,0.0118999741971492,0.0006998889148235,0.0142999924719333,0.0,0.6,0.0,2,2
5,0,883,Greedy-SLA,0.0010000076144933,0.0086000654846429,0.000600004568696,0.0102000776678323,0.0,0.6,0.0,4,4
5,0,883,DT-Top1,0.0008998904377222,0.0080999452620744,0.0130000989884138,0.0219999346882104,0.0,0.6,21.0,0,2
5,0,884,PF,0.0011997763067483,0.0081001780927181,0.000600004568696,0.0098999589681625,0.0,0.6,0.0,2,2
5,0,884,Greedy-SLA,0.0008998904377222,0.0080999452620744,0.0122000928968191,0.0211999285966157,0.0,0.6,21.0,0,2
5,0,884,DT-Top1,0.0010000076144933,0.0077998265624046,0.0120000913739204,0.0207999255508184,0.0,0.6,21.0,0,2
5,0,885,PF,0.001200009137392,0.0077998265624046,0.0007001217454671,0.0096999574452638,0.0,0.6,0.0,2,2
5,0,885,Greedy-SLA,0.0010000076144933,0.0080000609159469,0.000600004568696,0.0096000730991363,0.0,0.6,0.0,4,4
5,0,885,DT-Top1,0.0008998904377222,0.0076999422162771,0.0005001202225685,0.0090999528765678,0.0,0.6,0.0,4,4
5,0,886,PF,0.0010998919606208,0.0080000609159469,0.0005001202225685,0.0096000730991363,0.0,0.6,0.0,2,2
5,0,886,Greedy-SLA,0.0010000076144933,0.0077998265624046,0.000600004568696,0.009399838745594,0.0,0.6,0.0,4,4
5,0,886,DT-Top1,0.0010000076144933,0.0222001690417528,0.0008000060915946,0.0240001827478408,0.0,0.6,0.0,4,4
5,0,887,PF,0.0010998919606208,0.0084000639617443,0.000600004568696,0.0100999604910612,0.0,0.6,0.0,2,2
5,0,887,Greedy-SLA,0.0010000076144933,0.0076999422162771,0.000600004568696,0.0092999543994665,0.0,0.6,0.0,4,4
5,0,887,DT-Top1,0.0010998919606208,0.0076999422162771,0.0125002115964889,0.0213000457733869,0.0,0.6,21.0,0,2
5,0,888,PF,0.0010000076144933,0.0078999437391757,0.000600004568696,0.0094999559223651,0.0,0.6,0.0,2,2
5,0,888,Greedy-SLA,0.0010000076144933,0.0076000578701496,0.0118999741971492,0.0205000396817922,0.0,0.6,21.0,0,2
5,0,888,DT-Top1,0.0010000076144933,0.0078000593930482,0.0116999726742506,0.0205000396817922,0.0,0.6,21.0,0,2
5,0,889,PF,0.0010998919606208,0.0076999422162771,0.000600004568696,0.009399838745594,0.0,0.6,0.0,2,2
5,0,889,Greedy-SLA,0.001200009137392,0.0096000730991363,0.0122999772429466,0.023100059479475,0.0,0.6,21.0,0,2
5,0,889,DT-Top1,0.0011001247912645,0.0076999422162771,0.011600088328123,0.0204001553356647,0.0,0.6,21.0,0,2
5,0,890,PF,0.0011001247912645,0.0076999422162771,0.000600004568696,0.0094000715762376,0.0,0.6,0.0,2,2
5,0,890,Greedy-SLA,0.0010000076144933,0.0256001949310302,0.0006998889148235,0.0273000914603471,0.0,0.6,0.0,4,4
5,0,890,DT-Top1,0.0008998904377222,0.0078999437391757,0.000600004568696,0.009399838745594,0.0,0.6,0.0,4,4
5,0,891,PF,0.0010000076144933,0.0078000593930482,0.0005997717380523,0.009399838745594,0.0,0.6,0.0,2,2
5,0,891,Greedy-SLA,0.0009001232683658,0.0133998692035675,0.000600004568696,0.0148999970406293,0.0,0.6,0.0,4,4
5,0,891,DT-Top1,0.0010000076144933,0.0076999422162771,0.000600004568696,0.0092999543994665,0.0,0.6,0.0,4,4
5,0,892,PF,0.0030999071896076,0.0211000442504882,0.0015001278370618,0.0257000792771577,0.0,0.6,0.0,2,2
5,0,892,Greedy-SLA,0.0026000197976827,0.0211999285966157,0.0014000106602907,0.0251999590545892,0.0,0.6,0.0,4,4
5,0,892,DT-Top1,0.0027001369744539,0.0247999560087919,0.0235000625252723,0.0510001555085182,0.0,0.6,21.0,0,2
5,0,893,PF,0.0013001263141632,0.0175999011844396,0.0009001232683658,0.0198001507669687,0.0,0.6,0.0,2,2
5,0,893,Greedy-SLA,0.0011001247912645,0.0084999483078718,0.000600004568696,0.0102000776678323,0.0,0.6,0.0,4,4
5,0,893,DT-Top1,0.0010000076144933,0.0076999422162771,0.0121002085506916,0.020800158381462,0.0,0.6,21.0,0,2
5,0,894,PF,0.0013001263141632,0.0091998372226953,0.0005001202225685,0.011000083759427,0.0,0.6,0.0,2,2
5,0,894,Greedy-SLA,0.0011001247912645,0.0090999528765678,0.000600004568696,0.0108000822365283,0.0,0.6,0.0,4,4
5,0,894,DT-Top1,0.0010000076144933,0.0076999422162771,0.0120000913739204,0.0207000412046909,0.0,0.6,21.0,0,2
5,0,895,PF,0.0010998919606208,0.0078000593930482,0.0005001202225685,0.0094000715762376,0.0,0.6,0.0,2,2
5,0,895,Greedy-SLA,0.0010000076144933,0.0076000578701496,0.000600004568696,0.009200070053339,0.0,0.6,0.0,4,4
5,0,895,DT-Top1,0.0010000076144933,0.0074999406933784,0.0118000898510217,0.0203000381588935,0.0,0.6,21.0,0,2
5,0,896,PF,0.0011001247912645,0.0078000593930482,0.0004998873919248,0.0094000715762376,0.0,0.6,0.0,2,2
5,0,896,Greedy-SLA,0.0010000076144933,0.0075998250395059,0.000600004568696,0.0091998372226953,0.0,0.6,0.0,4,4
5,0,896,DT-Top1,0.0009001232683658,0.0076999422162771,0.0118000898510217,0.0204001553356647,0.0,0.6,21.0,0,2
5,0,897,PF,0.0011001247912645,0.0078000593930482,0.0004998873919248,0.0094000715762376,0.0,0.6,0.0,2,2
5,0,897,Greedy-SLA,0.0010000076144933,0.0076999422162771,0.0004998873919248,0.0091998372226953,0.0,0.6,0.0,4,4
5,0,897,DT-Top1,0.0008998904377222,0.0077001750469207,0.0004998873919248,0.0090999528765678,0.0,0.6,0.0,4,4
5,0,898,PF,0.0011001247912645,0.0076999422162771,0.000600004568696,0.0094000715762376,0.0,0.6,0.0,2,2
5,0,898,Greedy-SLA,0.0008998904377222,0.0076000578701496,0.0115998554974794,0.0200998038053512,0.0,0.6,21.0,0,2
5,0,898,DT-Top1,0.0010000076144933,0.0074999406933784,0.0114999711513519,0.0199999194592237,0.0,0.6,21.0,0,2
5,0,899,PF,0.0010000076144933,0.0076000578701496,0.000600004568696,0.009200070053339,0.0,0.6,0.0,2,2
5,0,899,Greedy-SLA,0.0009001232683658,0.0078000593930482,0.0004998873919248,0.009200070053339,0.0,0.6,0.0,4,4
5,0,899,DT-Top1,0.0009001232683658,0.0078999437391757,0.0118999741971492,0.0207000412046909,0.0,0.6,21.0,0,2
5,0,900,PF,0.0028999056667089,0.0207000412046909,0.0014000106602907,0.0249999575316905,0.0,0.6,0.0,2,2
5,0,900,Greedy-SLA,0.0026000197976827,0.0215000472962856,0.0015001278370618,0.0256001949310302,0.0,0.6,0.0,4,4
5,0,900,DT-Top1,0.0026000197976827,0.020800158381462,0.0014000106602907,0.0248001888394355,0.0,0.6,0.0,4,4
5,0,901,PF,0.0028999056667089,0.0209999270737171,0.0014000106602907,0.0252998434007167,0.0,0.6,0.0,2,2
5,0,901,Greedy-SLA,0.0026999041438102,0.0212001614272594,0.001399777829647,0.0252998434007167,0.0,0.6,0.0,4,4
5,0,901,DT-Top1,0.0027001369744539,0.0210998114198446,0.0015001278370618,0.0253000762313604,0.0,0.6,0.0,4,4
5,0,902,PF,0.0030999071896076,0.0209000427275896,0.0014998950064182,0.0254998449236154,0.0,0.6,0.0,2,2
5,0,902,Greedy-SLA,0.0027001369744539,0.0209999270737171,0.0014000106602907,0.0251000747084617,0.0,0.6,0.0,4,4
5,0,902,DT-Top1,0.0026999041438102,0.0207999255508184,0.0015001278370618,0.0249999575316905,0.0,0.6,0.0,4,4
5,0,903,PF,0.0046000350266695,0.0375001691281795,0.0018998980522155,0.0440001022070646,0.0,0.6,0.0,2,2
5,0,903,Greedy-SLA,0.0030000228434801,0.02329982817173,0.0015001278370618,0.027799978852272,0.0,0.6,0.0,4,4
5,0,903,DT-Top1,0.0028000213205814,0.0212998129427433,0.0264002010226249,0.0505000352859497,0.0,0.6,21.0,0,2
5,0,904,PF,0.001200009137392,0.0078000593930482,0.000600004568696,0.0096000730991363,0.0,0.6,0.0,2,2
5,0,904,Greedy-SLA,0.0010998919606208,0.0078000593930482,0.000600004568696,0.0094999559223651,0.0,0.6,0.0,4,4
5,0,904,DT-Top1,0.0009997747838497,0.0078000593930482,0.0118999741971492,0.0206998083740472,0.0,0.6,21.0,0,2
5,0,905,PF,0.001200009137392,0.0079001765698194,0.000600004568696,0.0097001902759075,0.0,0.6,0.0,2,2
5,0,905,Greedy-SLA,0.0010000076144933,0.0077998265624046,0.0005001202225685,0.0092999543994665,0.0,0.6,0.0,4,4
5,0,905,DT-Top1,0.0010000076144933,0.0079001765698194,0.0004998873919248,0.0094000715762376,0.0,0.6,0.0,4,4
5,0,906,PF,0.0012998934835195,0.0084999483078718,0.0005001202225685,0.0102999620139598,0.0,0.6,0.0,2,2
5,0,906,Greedy-SLA,0.0010000076144933,0.0078000593930482,0.000600004568696,0.0094000715762376,0.0,0.6,0.0,4,4
5,0,906,DT-Top1,0.0008998904377222,0.0078000593930482,0.0119998585432767,0.0206998083740472,0.0,0.6,21.0,0,2
5,0,907,PF,0.0031001400202512,0.0213999301195144,0.0014998950064182,0.0259999651461839,0.0,0.6,0.0,2,2
5,0,907,Greedy-SLA,0.0026000197976827,0.0217999331653118,0.0014000106602907,0.0257999636232852,0.0,0.6,0.0,4,4
5,0,907,DT-Top1,0.0026999041438102,0.0213000457733869,0.0322998967021703,0.0562998466193676,0.0,0.6,21.0,0,2
5,0,908,PF,0.0032999087125062,0.0212001614272594,0.0014998950064182,0.0259999651461839,0.0,0.6,0.0,2,2
5,0,908,Greedy-SLA,0.0028000213205814,0.0213000457733869,0.0015997793525457,0.0256998464465141,0.0,0.6,0.0,4,4
5,0,908,DT-Top1,0.0026999041438102,0.0216001644730567,0.0326000154018402,0.0569000840187072,0.0,0.6,21.0,0,2
5,0,909,PF,0.0032000243663787,0.0213999301195144,0.0014998950064182,0.0260998494923114,0.0,0.6,0.0,2,2
5,0,909,Greedy-SLA,0.0028000213205814,0.0213999301195144,0.0015001278370618,0.0257000792771577,0.0,0.6,0.0,4,4
5,0,909,DT-Top1,0.0026000197976827,0.0209999270737171,0.0324000138789415,0.0559999607503414,0.0,0.6,21.0,0,2
5,0,910,PF,0.0031001400202512,0.0211999285966157,0.0014998950064182,0.0257999636232852,0.0,0.6,0.0,2,2
5,0,910,Greedy-SLA,0.0026000197976827,0.0208998098969459,0.0015001278370618,0.0249999575316905,0.0,0.6,0.0,4,4
5,0,910,DT-Top1,0.0113998539745807,0.0221000518649816,0.0322000123560428,0.0656999181956052,0.0,0.6,21.0,0,2
5,0,911,PF,0.0028999056667089,0.0209000427275896,0.0014998950064182,0.0252998434007167,0.0,0.6,0.0,2,2
5,0,911,Greedy-SLA,0.0027001369744539,0.0212998129427433,0.0014000106602907,0.0253999605774879,0.0,0.6,0.0,4,4
5,0,911,DT-Top1,0.0024999026209115,0.0211000442504882,0.0014998950064182,0.0250998418778181,0.0,0.6,0.0,4,4
5,0,912,PF,0.0031001400202512,0.0212998129427433,0.0016000121831893,0.0259999651461839,0.0,0.6,0.0,2,2
5,0,912,Greedy-SLA,0.0027001369744539,0.0209999270737171,0.0014000106602907,0.0251000747084617,0.0,0.6,0.0,4,4
5,0,912,DT-Top1,0.0026000197976827,0.0206998083740472,0.0320000108331441,0.0552998390048742,0.0,0.6,21.0,0,2
5,0,913,PF,0.0030000228434801,0.0215999316424131,0.0015001278370618,0.0261000823229551,0.0,0.6,0.0,2,2
5,0,913,Greedy-SLA,0.0026999041438102,0.0213000457733869,0.0014000106602907,0.0253999605774879,0.0,0.6,0.0,4,4
5,0,913,DT-Top1,0.0026000197976827,0.0273000914603471,0.0014998950064182,0.0314000062644481,0.0,0.6,0.0,4,4
5,0,914,PF,0.0030999071896076,0.0215000472962856,0.0014998950064182,0.0260998494923114,0.0,0.6,0.0,2,2
5,0,914,Greedy-SLA,0.0026000197976827,0.0211999285966157,0.0017001293599605,0.0255000777542591,0.0,0.6,0.0,4,4
5,0,914,DT-Top1,0.0026000197976827,0.0209000427275896,0.0362000428140163,0.0597001053392887,0.0,0.6,21.0,0,2
5,0,915,PF,0.0030000228434801,0.0207000412046909,0.0015001278370618,0.0252001918852329,0.0,0.6,0.0,2,2
5,0,915,Greedy-SLA,0.0025001354515552,0.0207999255508184,0.0014000106602907,0.0247000716626644,0.0,0.6,0.0,4,4
5,0,915,DT-Top1,0.0025997869670391,0.020800158381462,0.0014000106602907,0.0247999560087919,0.0,0.6,0.0,4,4
5,0,916,PF,0.0030999071896076,0.020800158381462,0.0014998950064182,0.0253999605774879,0.0,0.6,0.0,2,2
5,0,916,Greedy-SLA,0.0026999041438102,0.0207000412046909,0.0014000106602907,0.0247999560087919,0.0,0.6,0.0,4,4
5,0,916,DT-Top1,0.0025997869670391,0.0207000412046909,0.0321001280099153,0.0553999561816453,0.0,0.6,21.0,0,2
5,0,917,PF,0.0029001384973526,0.0209999270737171,0.0016000121831893,0.0255000777542591,0.0,0.6,0.0,2,2
5,0,917,Greedy-SLA,0.0026000197976827,0.0209000427275896,0.0313001219183206,0.054800184443593,0.0,0.6,21.0,0,2
5,0,917,DT-Top1,0.0026999041438102,0.0209999270737171,0.0311001203954219,0.0547999516129493,0.0,0.6,21.0,0,2
5,0,918,PF,0.0030000228434801,0.0211000442504882,0.0014998950064182,0.0255999621003866,0.0,0.6,0.0,2,2
5,0,918,Greedy-SLA,0.0028000213205814,0.0215999316424131,0.0014000106602907,0.0257999636232852,0.0,0.6,0.0,4,4
5,0,918,DT-Top1,0.0024999026209115,0.0209999270737171,0.031700124964118,0.0551999546587467,0.0,0.6,21.0,0,2
5,0,919,PF,0.0030000228434801,0.022500054910779,0.0015001278370618,0.0270002055913209,0.0,0.6,0.0,2,2
5,0,919,Greedy-SLA,0.0028999056667089,0.0213000457733869,0.0015001278370618,0.0257000792771577,0.0,0.6,0.0,4,4
5,0,919,DT-Top1,0.0028000213205814,0.0211000442504882,0.0016000121831893,0.0255000777542591,0.0,0.6,0.0,4,4
5,0,920,PF,0.0029997900128364,0.0212001614272594,0.0014998950064182,0.0256998464465141,0.0,0.6,0.0,2,2
5,0,920,Greedy-SLA,0.0026999041438102,0.0212001614272594,0.0014998950064182,0.0253999605774879,0.0,0.6,0.0,4,4
5,0,920,DT-Top1,0.0027001369744539,0.0208998098969459,0.0324000138789415,0.0559999607503414,0.0,0.6,21.0,0,2
5,0,921,PF,0.0030999071896076,0.0210001599043607,0.0016000121831893,0.0257000792771577,0.0,0.6,0.0,2,2
5,0,921,Greedy-SLA,0.0024999026209115,0.0209999270737171,0.0015001278370618,0.0249999575316905,0.0,0.6,0.0,4,4
5,0,921,DT-Top1,0.0048999208956956,0.0392000656574964,0.0398999545723199,0.0839999411255121,0.0,0.6,21.0,0,2
5,0,922,PF,0.0032000243663787,0.0230998266488313,0.001800013706088,0.0280998647212982,0.0,0.6,0.0,2,2
5,0,922,Greedy-SLA,0.0027001369744539,0.0216998159885406,0.0017001293599605,0.0261000823229551,0.0,0.6,0.0,4,4
5,0,922,DT-Top1,0.0028000213205814,0.0211000442504882,0.0145998783409595,0.0384999439120292,0.0,0.6,21.0,0,2
5,0,923,PF,0.0029997900128364,0.0215000472962856,0.0015001278370618,0.0259999651461839,0.0,0.6,0.0,2,2
5,0,923,Greedy-SLA,0.0028000213205814,0.0213000457733869,0.0014998950064182,0.0255999621003866,0.0,0.6,0.0,4,4
5,0,923,DT-Top1,0.0024999026209115,0.0219000503420829,0.0321001280099153,0.0565000809729099,0.0,0.6,21.0,0,2
5,0,924,PF,0.0031001400202512,0.0213000457733869,0.0014998950064182,0.0259000808000564,0.0,0.6,0.0,2,2
5,0,924,Greedy-SLA,0.0026000197976827,0.0268998555839061,0.0015001278370618,0.0310000032186508,0.0,0.6,0.0,4,4
5,0,924,DT-Top1,0.0027001369744539,0.0211999285966157,0.0320000108331441,0.0559000764042139,0.0,0.6,21.0,0,2
5,0,925,PF,0.0028000213205814,0.0209000427275896,0.0014998950064182,0.0251999590545892,0.0,0.6,0.0,2,2
5,0,925,Greedy-SLA,0.0026000197976827,0.0213999301195144,0.0014000106602907,0.0253999605774879,0.0,0.6,0.0,4,4
5,0,925,DT-Top1,0.0026000197976827,0.0211000442504882,0.0328999012708663,0.0565999653190374,0.0,0.6,21.0,0,2
5,0,926,PF,0.0030000228434801,0.0213999301195144,0.0016000121831893,0.0259999651461839,0.0,0.6,0.0,2,2
5,0,926,Greedy-SLA,0.0024999026209115,0.0213000457733869,0.0016000121831893,0.0253999605774879,0.0,0.6,0.0,4,4
5,0,926,DT-Top1,0.0026000197976827,0.0211000442504882,0.0320998951792717,0.0557999592274427,0.0,0.6,21.0,0,2
5,0,927,PF,0.0030000228434801,0.0213000457733869,0.0016000121831893,0.0259000808000564,0.0,0.6,0.0,2,2
5,0,927,Greedy-SLA,0.0027001369744539,0.0213000457733869,0.0016998965293169,0.0257000792771577,0.0,0.6,0.0,4,4
5,0,927,DT-Top1,0.0026000197976827,0.0212001614272594,0.0320998951792717,0.0559000764042139,0.0,0.6,21.0,0,2
5,0,928,PF,0.0028000213205814,0.0209999270737171,0.0016000121831893,0.0253999605774879,0.0,0.6,0.0,2,2
5,0,928,Greedy-SLA,0.0024999026209115,0.0215999316424131,0.0014000106602907,0.0254998449236154,0.0,0.6,0.0,4,4
5,0,928,DT-Top1,0.0027001369744539,0.0213000457733869,0.0320998951792717,0.0561000779271125,0.0,0.6,21.0,0,2
5,0,929,PF,0.0028999056667089,0.0211999285966157,0.0015001278370618,0.0255999621003866,0.0,0.6,0.0,2,2
5,0,929,Greedy-SLA,0.0026000197976827,0.0215999316424131,0.0015001278370618,0.0257000792771577,0.0,0.6,0.0,4,4
5,0,929,DT-Top1,0.0025001354515552,0.0206998083740472,0.031700124964118,0.0549000687897205,0.0,0.6,21.0,0,2
5,0,930,PF,0.0030000228434801,0.0217000488191843,0.0015001278370618,0.0262001994997262,0.0,0.6,0.0,2,2
5,0,930,Greedy-SLA,0.0026000197976827,0.0213000457733869,0.0014998950064182,0.0253999605774879,0.0,0.6,0.0,4,4
5,0,930,DT-Top1,0.0026999041438102,0.0213000457733869,0.0324000138789415,0.0563999637961387,0.0,0.6,21.0,0,2
5,0,931,PF,0.0030000228434801,0.0212998129427433,0.0015001278370618,0.0257999636232852,0.0,0.6,0.0,2,2
5,0,931,Greedy-SLA,0.0026000197976827,0.0212998129427433,0.0014000106602907,0.0252998434007167,0.0,0.6,0.0,4,4
5,0,931,DT-Top1,0.0026000197976827,0.0213000457733869,0.0322998967021703,0.05619996227324,0.0,0.6,21.0,0,2
5,0,932,PF,0.0030000228434801,0.0211999285966157,0.0016000121831893,0.0257999636232852,0.0,0.6,0.0,2,2
5,0,932,Greedy-SLA,0.0027001369744539,0.0211999285966157,0.0013001263141632,0.0252001918852329,0.0,0.6,0.0,4,4
5,0,932,DT-Top1,0.0025001354515552,0.0213000457733869,0.0322998967021703,0.0561000779271125,0.0,0.6,21.0,0,2
5,0,933,PF,0.0030999071896076,0.0211000442504882,0.0014998950064182,0.0256998464465141,0.0,0.6,0.0,2,2
5,0,933,Greedy-SLA,0.0026999041438102,0.0213000457733869,0.0320998951792717,0.0560998450964689,0.0,0.6,21.0,0,2
5,0,933,DT-Top1,0.0026000197976827,0.0213000457733869,0.031299889087677,0.0551999546587467,0.0,0.6,21.0,0,2
5,0,934,PF,0.0030999071896076,0.0213000457733869,0.0014998950064182,0.0258998479694128,0.0,0.6,0.0,2,2
5,0,934,Greedy-SLA,0.0026999041438102,0.0213000457733869,0.0014998950064182,0.0254998449236154,0.0,0.6,0.0,4,4
5,0,934,DT-Top1,0.0024999026209115,0.0207000412046909,0.031899893656373,0.0550998374819755,0.0,0.6,21.0,0,2
5,0,935,PF,0.0029001384973526,0.0209999270737171,0.0015001278370618,0.0254001934081316,0.0,0.6,0.0,2,2
5,0,935,Greedy-SLA,0.0026000197976827,0.0212001614272594,0.0316998921334743,0.0555000733584165,0.0,0.6,21.0,0,2
5,0,935,DT-Top1,0.0027997884899377,0.0209000427275896,0.0314000062644481,0.0550998374819755,0.0,0.6,21.0,0,2
5,0,936,PF,0.0029001384973526,0.0209999270737171,0.0015001278370618,0.0254001934081316,0.0,0.6,0.0,2,2
5,0,936,Greedy-SLA,0.0026000197976827,0.0210001599043607,0.0014000106602907,0.0250001903623342,0.0,0.6,0.0,4,4
5,0,936,DT-Top1,0.0026999041438102,0.0708999577909708,0.0034000258892774,0.0769998878240585,0.0,0.6,0.0,4,4
5,0,937,PF,0.0036000274121761,0.0249999575316905,0.0016998965293169,0.0302998814731836,0.0,0.6,0.0,2,2
5,0,937,Greedy-SLA,0.0028999056667089,0.0229999423027038,0.0016000121831893,0.0274998601526021,0.0,0.6,0.0,4,4
5,0,937,DT-Top1,0.0028000213205814,0.022500054910779,0.0354999210685491,0.0607999972999095,0.0,0.6,21.0,0,2
5,0,938,PF,0.0011001247912645,0.0078999437391757,0.000600004568696,0.0096000730991363,0.0,0.6,0.0,2,2
5,0,938,Greedy-SLA,0.0009997747838497,0.0081001780927181,0.0004998873919248,0.0095998402684926,0.0,0.6,0.0,4,4
5,0,938,DT-Top1,0.0008998904377222,0.0079001765698194,0.0004998873919248,0.0092999543994665,0.0,0.6,0.0,4,4
5,0,939,PF,0.0030000228434801,0.0215000472962856,0.0014998950064182,0.0259999651461839,0.0,0.6,0.0,2,2
5,0,939,Greedy-SLA,0.0030000228434801,0.0140999909490346,0.0007001217454671,0.0178001355379819,0.0,0.6,0.0,4,4
5,0,939,DT-Top1,0.0010000076144933,0.0088000670075416,0.0129998661577701,0.0227999407798051,0.0,0.6,21.0,0,2
5,0,940,PF,0.001200009137392,0.0078000593930482,0.000600004568696,0.0096000730991363,0.0,0.6,0.0,2,2
5,0,940,Greedy-SLA,0.0010998919606208,0.0080000609159469,0.000600004568696,0.0096999574452638,0.0,0.6,0.0,4,4
5,0,940,DT-Top1,0.0010000076144933,0.0078000593930482,0.0004998873919248,0.0092999543994665,0.0,0.6,0.0,4,4
5,0,941,PF,0.0010998919606208,0.0078999437391757,0.0005001202225685,0.0094999559223651,0.0,0.6,0.0,2,2
5,0,941,Greedy-SLA,0.0010000076144933,0.0079001765698194,0.0118999741971492,0.020800158381462,0.0,0.6,21.0,0,2
5,0,941,DT-Top1,0.0008998904377222,0.0078000593930482,0.011600088328123,0.0203000381588935,0.0,0.6,21.0,0,2
5,0,942,PF,0.0010000076144933,0.0078999437391757,0.0004998873919248,0.009399838745594,0.0,0.6,0.0,2,2
5,0,942,Greedy-SLA,0.0010000076144933,0.0076999422162771,0.0116999726742506,0.020399922505021,0.0,0.6,21.0,0,2
5,0,942,DT-Top1,0.0009001232683658,0.0078999437391757,0.0116999726742506,0.0205000396817922,0.0,0.6,21.0,0,2
5,0,943,PF,0.001200009137392,0.0079998280853033,0.0005001202225685,0.0096999574452638,0.0,0.6,0.0,2,2
5,0,943,Greedy-SLA,0.0008998904377222,0.0076999422162771,0.000600004568696,0.0091998372226953,0.0,0.6,0.0,4,4
5,0,943,DT-Top1,0.0008998904377222,0.0076000578701496,0.0116999726742506,0.0201999209821224,0.0,0.6,21.0,0,2
5,0,944,PF,0.0011001247912645,0.0078999437391757,0.0004998873919248,0.0094999559223651,0.0,0.6,0.0,2,2
5,0,944,Greedy-SLA,0.0010000076144933,0.0079001765698194,0.0004998873919248,0.0094000715762376,0.0,0.6,0.0,4,4
5,0,944,DT-Top1,0.0010000076144933,0.0076999422162771,0.000600004568696,0.0092999543994665,0.0,0.6,0.0,4,4
5,0,945,PF,0.0010000076144933,0.0077998265624046,0.000600004568696,0.009399838745594,0.0,0.6,0.0,2,2
5,0,945,Greedy-SLA,0.0010000076144933,0.0078000593930482,0.0005001202225685,0.0093001872301101,0.0,0.6,0.0,4,4
5,0,945,DT-Top1,0.0010000076144933,0.0094999559223651,0.000600004568696,0.0110999681055545,0.0,0.6,0.0,4,4
5,0,946,PF,0.0010998919606208,0.0077001750469207,0.0004998873919248,0.0092999543994665,0.0,0.6,0.0,2,2
5,0,946,Greedy-SLA,0.0010000076144933,0.0122000928968191,0.000600004568696,0.0138001050800085,0.0,0.6,0.0,4,4
5,0,946,DT-Top1,0.0008998904377222,0.0076999422162771,0.0118000898510217,0.020399922505021,0.0,0.6,21.0,0,2
5,0,947,PF,0.0030999071896076,0.0211000442504882,0.0016000121831893,0.0257999636232852,0.0,0.6,0.0,2,2
5,0,947,Greedy-SLA,0.0027001369744539,0.0211999285966157,0.0015001278370618,0.0254001934081316,0.0,0.6,0.0,4,4
5,0,947,DT-Top1,0.002400018274784,0.0212001614272594,0.0316998921334743,0.0553000718355178,0.0,0.6,21.0,0,2
5,0,948,PF,0.0030000228434801,0.0211999285966157,0.0016000121831893,0.0257999636232852,0.0,0.6,0.0,2,2
5,0,948,Greedy-SLA,0.0026000197976827,0.0213000457733869,0.0014000106602907,0.0253000762313604,0.0,0.6,0.0,4,4
5,0,948,DT-Top1,0.0025001354515552,0.0211000442504882,0.0014998950064182,0.0251000747084617,0.0,0.6,0.0,4,4
5,0,949,PF,0.0030000228434801,0.0213000457733869,0.0016998965293169,0.0259999651461839,0.0,0.6,0.0,2,2
5,0,949,Greedy-SLA,0.0028000213205814,0.0211000442504882,0.0318000093102455,0.0557000748813152,0.0,0.6,21.0,0,2
5,0,949,DT-Top1,0.0026000197976827,0.0206998083740472,0.0314000062644481,0.0546998344361782,0.0,0.6,21.0,0,2
5,0,950,PF,0.0030000228434801,0.0211000442504882,0.0017001293599605,0.0258001964539289,0.0,0.6,0.0,2,2
5,0,950,Greedy-SLA,0.0026000197976827,0.0213000457733869,0.0014998950064182,0.0253999605774879,0.0,0.6,0.0,4,4
5,0,950,DT-Top1,0.0025001354515552,0.0316998921334743,0.0015001278370618,0.0357001554220914,0.0,0.6,0.0,4,4
5,0,951,PF,0.0030000228434801,0.0215000472962856,0.0015001278370618,0.0260001979768276,0.0,0.6,0.0,2,2
5,0,951,Greedy-SLA,0.0027001369744539,0.0211000442504882,0.0014000106602907,0.0252001918852329,0.0,0.6,0.0,4,4
5,0,951,DT-Top1,0.0026000197976827,0.0209000427275896,0.0324000138789415,0.0559000764042139,0.0,0.6,21.0,0,2
5,0,952,PF,0.0031001400202512,0.0211999285966157,0.0014998950064182,0.0257999636232852,0.0,0.6,0.0,2,2
5,0,952,Greedy-SLA,0.0026000197976827,0.0211000442504882,0.0014000106602907,0.0251000747084617,0.0,0.6,0.0,4,4
5,0,952,DT-Top1,0.0027001369744539,0.0211999285966157,0.031899893656373,0.0557999592274427,0.0,0.6,21.0,0,2
5,0,953,PF,0.0030000228434801,0.0209000427275896,0.0017001293599605,0.0256001949310302,0.0,0.6,0.0,2,2
5,0,953,Greedy-SLA,0.0028000213205814,0.0211999285966157,0.0014000106602907,0.0253999605774879,0.0,0.6,0.0,4,4
5,0,953,DT-Top1,0.0026999041438102,0.020800158381462,0.0316998921334743,0.0551999546587467,0.0,0.6,21.0,0,2
5,0,954,PF,0.0031001400202512,0.0211000442504882,0.0014998950064182,0.0257000792771577,0.0,0.6,0.0,2,2
5,0,954,Greedy-SLA,0.0028000213205814,0.0210001599043607,0.0014998950064182,0.0253000762313604,0.0,0.6,0.0,4,4
5,0,954,DT-Top1,0.0026000197976827,0.020800158381462,0.0386999454349279,0.0621001236140728,0.0,0.6,21.0,0,2
5,0,955,PF,0.0028999056667089,0.0215999316424131,0.0015001278370618,0.0259999651461839,0.0,0.6,0.0,2,2
5,0,955,Greedy-SLA,0.0024999026209115,0.0214001629501581,0.0014000106602907,0.0253000762313604,0.0,0.6,0.0,4,4
5,0,955,DT-Top1,0.0026000197976827,0.0209000427275896,0.0318000093102455,0.0553000718355178,0.0,0.6,21.0,0,2
5,0,956,PF,0.0030000228434801,0.0210001599043607,0.0016000121831893,0.0256001949310302,0.0,0.6,0.0,2,2
5,0,956,Greedy-SLA,0.0026999041438102,0.0211000442504882,0.0016000121831893,0.0253999605774879,0.0,0.6,0.0,4,4
5,0,956,DT-Top1,0.0026000197976827,0.0209000427275896,0.0316000077873468,0.0551000703126192,0.0,0.6,21.0,0,2
5,0,957,PF,0.0030000228434801,0.0208998098969459,0.0016000121831893,0.0254998449236154,0.0,0.6,0.0,2,2
5,0,957,Greedy-SLA,0.0026000197976827,0.0212001614272594,0.001399777829647,0.0251999590545892,0.0,0.6,0.0,4,4
5,0,957,DT-Top1,0.0028999056667089,0.020800158381462,0.0316000077873468,0.0553000718355178,0.0,0.6,21.0,0,2
5,0,958,PF,0.0030999071896076,0.0211000442504882,0.0014998950064182,0.0256998464465141,0.0,0.6,0.0,2,2
5,0,958,Greedy-SLA,0.0027001369744539,0.0211999285966157,0.0014000106602907,0.0253000762313604,0.0,0.6,0.0,4,4
5,0,958,DT-Top1,0.0025001354515552,0.0209000427275896,0.2542999573051929,0.2777001354843378,0.0,0.6,21.0,0,2
5,0,959,PF,0.0033001415431499,0.0249999575316905,0.0016998965293169,0.0299999956041574,0.0,0.6,0.0,2,2
5,0,959,Greedy-SLA,0.0030000228434801,0.0222998205572366,0.0015001278370618,0.0267999712377786,0.0,0.6,0.0,4,4
5,0,959,DT-Top1,0.0010000076144933,0.0080000609159469,0.0122000928968191,0.0212001614272594,0.0,0.6,21.0,0,2
5,0,960,PF,0.0010998919606208,0.0080000609159469,0.0004998873919248,0.0095998402684926,0.0,0.6,0.0,2,2
5,0,960,Greedy-SLA,0.0010000076144933,0.0078999437391757,0.000600004568696,0.0094999559223651,0.0,0.6,0.0,4,4
5,0,960,DT-Top1,0.0010000076144933,0.0077998265624046,0.000600004568696,0.009399838745594,0.0,0.6,0.0,4,4
5,0,961,PF,0.0010000076144933,0.0081001780927181,0.0004998873919248,0.0096000730991363,0.0,0.6,0.0,2,2
5,0,961,Greedy-SLA,0.0009001232683658,0.0078999437391757,0.0004998873919248,0.0092999543994665,0.0,0.6,0.0,4,4
5,0,961,DT-Top1,0.0011001247912645,0.112100038677454,0.014499993994832,0.1277001574635505,0.0,0.6,21.0,0,2
5,0,962,PF,0.0155998859554529,0.0115002039819955,0.000600004568696,0.0277000945061445,0.0,0.6,0.0,2,2
5,0,962,Greedy-SLA,0.001200009137392,0.0188001431524753,0.0006998889148235,0.0207000412046909,0.0,0.6,0.0,4,4
5,0,962,DT-Top1,0.0098999589681625,0.0178001355379819,0.000600004568696,0.0283000990748405,0.0,0.6,0.0,4,4
5,0,963,PF,0.0011001247912645,0.0078999437391757,0.0004998873919248,0.0094999559223651,0.0,0.6,0.0,2,2
5,0,963,Greedy-SLA,0.0008998904377222,0.0078999437391757,0.0005001202225685,0.0092999543994665,0.0,0.6,0.0,4,4
5,0,963,DT-Top1,0.0008998904377222,0.0078000593930482,0.0124000944197177,0.0211000442504882,0.0,0.6,21.0,0,2
5,0,964,PF,0.0011001247912645,0.0076999422162771,0.000600004568696,0.0094000715762376,0.0,0.6,0.0,2,2
5,0,964,Greedy-SLA,0.0008998904377222,0.0078000593930482,0.0004998873919248,0.0091998372226953,0.0,0.6,0.0,4,4
5,0,964,DT-Top1,0.0008998904377222,0.0081001780927181,0.0118999741971492,0.0209000427275896,0.0,0.6,21.0,0,2
5,0,965,PF,0.001200009137392,0.0078999437391757,0.0004998873919248,0.0095998402684926,0.0,0.6,0.0,2,2
5,0,965,Greedy-SLA,0.0009001232683658,0.0076999422162771,0.000600004568696,0.009200070053339,0.0,0.6,0.0,4,4
5,0,965,DT-Top1,0.0010000076144933,0.0079998280853033,0.0118000898510217,0.0207999255508184,0.0,0.6,21.0,0,2
5,0,966,PF,0.0010000076144933,0.0078999437391757,0.0005001202225685,0.0094000715762376,0.0,0.6,0.0,2,2
5,0,966,Greedy-SLA,0.0026000197976827,0.0215999316424131,0.0015001278370618,0.0257000792771577,0.0,0.6,0.0,4,4
5,0,966,DT-Top1,0.0028000213205814,0.0211999285966157,0.0322998967021703,0.0562998466193676,0.0,0.6,21.0,0,2
5,0,967,PF,0.0028999056667089,0.0273999758064746,0.0016000121831893,0.031899893656373,0.0,0.6,0.0,2,2
5,0,967,Greedy-SLA,0.0026999041438102,0.0214001629501581,0.0014998950064182,0.0255999621003866,0.0,0.6,0.0,4,4
5,0,967,DT-Top1,0.0024999026209115,0.0211000442504882,0.031700124964118,0.0553000718355178,0.0,0.6,21.0,0,2
5,0,968,PF,0.0030000228434801,0.0213000457733869,0.0014998950064182,0.0257999636232852,0.0,0.6,0.0,2,2
5,0,968,Greedy-SLA,0.0026000197976827,0.0219999346882104,0.0016000121831893,0.0261999666690826,0.0,0.6,0.0,4,4
5,0,968,DT-Top1,0.0026000197976827,0.0215000472962856,0.0326000154018402,0.0567000824958086,0.0,0.6,21.0,0,2
5,0,969,PF,0.0028999056667089,0.0218001659959554,0.0016000121831893,0.0263000838458538,0.0,0.6,0.0,2,2
5,0,969,Greedy-SLA,0.0026000197976827,0.0211000442504882,0.0016000121831893,0.0253000762313604,0.0,0.6,0.0,4,4
5,0,969,DT-Top1,0.0024999026209115,0.0210001599043607,0.0320998951792717,0.055599957704544,0.0,0.6,21.0,0,2
5,0,970,PF,0.0030999071896076,0.0215000472962856,0.0015001278370618,0.0261000823229551,0.0,0.6,0.0,2,2
5,0,970,Greedy-SLA,0.0025997869670391,0.0213000457733869,0.0014000106602907,0.0252998434007167,0.0,0.6,0.0,4,4
5,0,970,DT-Top1,0.0024999026209115,0.0213000457733869,0.0322000123560428,0.0559999607503414,0.0,0.6,21.0,0,2
5,0,971,PF,0.0028000213205814,0.0215000472962856,0.0014998950064182,0.0257999636232852,0.0,0.6,0.0,2,2
5,0,971,Greedy-SLA,0.0024999026209115,0.0210001599043607,0.0014998950064182,0.0249999575316905,0.0,0.6,0.0,4,4
5,0,971,DT-Top1,0.0027001369744539,0.0212998129427433,0.031700124964118,0.0557000748813152,0.0,0.6,21.0,0,2
5,0,972,PF,0.0030000228434801,0.0213000457733869,0.0014000106602907,0.0257000792771577,0.0,0.6,0.0,2,2
5,0,972,Greedy-SLA,0.0025001354515552,0.0209999270737171,0.0014000106602907,0.024900073185563,0.0,0.6,0.0,4,4
5,0,972,DT-Top1,0.0024999026209115,0.0213000457733869,0.0313001219183206,0.0551000703126192,0.0,0.6,21.0,0,2
5,0,973,PF,0.0029001384973526,0.0213000457733869,0.0014998950064182,0.0257000792771577,0.0,0.6,0.0,2,2
5,0,973,Greedy-SLA,0.0026000197976827,0.0211000442504882,0.0014998950064182,0.0251999590545892,0.0,0.6,0.0,4,4
5,0,973,DT-Top1,0.0026000197976827,0.0211000442504882,0.0015001278370618,0.0252001918852329,0.0,0.6,0.0,4,4
5,0,974,PF,0.0028999056667089,0.0220001675188541,0.0014998950064182,0.0263999681919813,0.0,0.6,0.0,2,2
5,0,974,Greedy-SLA,0.0024999026209115,0.0219999346882104,0.0013001263141632,0.0257999636232852,0.0,0.6,0.0,4,4
5,0,974,DT-Top1,0.0026000197976827,0.0213999301195144,0.0014000106602907,0.0253999605774879,0.0,0.6,0.0,4,4
5,0,975,PF,0.0028999056667089,0.0214001629501581,0.0014000106602907,0.0257000792771577,0.0,0.6,0.0,2,2
5,0,975,Greedy-SLA,0.0026000197976827,0.0212001614272594,0.0014000106602907,0.0252001918852329,0.0,0.6,0.0,4,4
5,0,975,DT-Top1,0.0026000197976827,0.0211000442504882,0.0324000138789415,0.0561000779271125,0.0,0.6,21.0,0,2
5,0,976,PF,0.0030999071896076,0.0214001629501581,0.0015997793525457,0.0260998494923114,0.0,0.6,0.0,2,2
5,0,976,Greedy-SLA,0.0026000197976827,0.0210001599043607,0.0014998950064182,0.0251000747084617,0.0,0.6,0.0,4,4
5,0,976,DT-Top1,0.0026000197976827,0.0207999255508184,0.0321001280099153,0.0555000733584165,0.0,0.6,21.0,0,2
5,0,977,PF,0.0030000228434801,0.078700017184019,0.0031001400202512,0.0848001800477504,0.0,0.6,0.0,2,2
5,0,977,Greedy-SLA,0.0032000243663787,0.0255000777542591,0.0016998965293169,0.0303999986499547,0.0,0.6,0.0,4,4
5,0,977,DT-Top1,0.0028000213205814,0.0219000503420829,0.0426000915467739,0.0673001632094383,0.0,0.6,21.0,0,2
5,0,978,PF,0.0031997915357351,0.0219000503420829,0.0015001278370618,0.0265999697148799,0.0,0.6,0.0,2,2
5,0,978,Greedy-SLA,0.0026999041438102,0.0214001629501581,0.0016998965293169,0.0257999636232852,0.0,0.6,0.0,4,4
5,0,978,DT-Top1,0.0026000197976827,0.0214001629501581,0.0326000154018402,0.056600198149681,0.0,0.6,21.0,0,2
5,0,979,PF,0.0067001674324274,0.0390999484807252,0.0018998980522155,0.0477000139653682,0.0,0.6,0.0,2,2
5,0,979,Greedy-SLA,0.0029001384973526,0.0236998312175273,0.0016000121831893,0.0281999818980693,0.0,0.6,0.0,4,4
5,0,979,DT-Top1,0.0026999041438102,0.0215000472962856,0.0355001538991928,0.0597001053392887,0.0,0.6,21.0,0,2
5,0,980,PF,0.0030000228434801,0.0217000488191843,0.0016998965293169,0.0263999681919813,0.0,0.6,0.0,2,2
5,0,980,Greedy-SLA,0.0026000197976827,0.0212001614272594,0.0016000121831893,0.0254001934081316,0.0,0.6,0.0,4,4
5,0,980,DT-Top1,0.0025001354515552,0.0213000457733869,0.0014998950064182,0.0253000762313604,0.0,0.6,0.0,4,4
5,0,981,PF,0.0028000213205814,0.0216001644730567,0.0016000121831893,0.0260001979768276,0.0,0.6,0.0,2,2
5,0,981,Greedy-SLA,0.0025001354515552,0.0211999285966157,0.0015001278370618,0.0252001918852329,0.0,0.6,0.0,4,4
5,0,981,DT-Top1,0.002400018274784,0.0214001629501581,0.0332999043166637,0.0571000855416059,0.0,0.6,21.0,0,2
5,0,982,PF,0.0029001384973526,0.0218998175114393,0.0015001278370618,0.0263000838458538,0.0,0.6,0.0,2,2
5,0,982,Greedy-SLA,0.0026000197976827,0.0215999316424131,0.0016000121831893,0.0257999636232852,0.0,0.6,0.0,4,4
5,0,982,DT-Top1,0.0027001369744539,0.0210998114198446,0.0017001293599605,0.0255000777542591,0.0,0.6,0.0,4,4
5,0,983,PF,0.0027997884899377,0.0210001599043607,0.0016000121831893,0.0253999605774879,0.0,0.6,0.0,2,2
5,0,983,Greedy-SLA,0.0026000197976827,0.0211000442504882,0.032499898225069,0.05619996227324,0.0,0.6,21.0,0,2
5,0,983,DT-Top1,0.0024999026209115,0.0213999301195144,0.0320000108331441,0.0558998435735702,0.0,0.6,21.0,0,2
5,0,984,PF,0.0030000228434801,0.0213000457733869,0.0017001293599605,0.0260001979768276,0.0,0.6,0.0,2,2
5,0,984,Greedy-SLA,0.0026000197976827,0.0211999285966157,0.0015001278370618,0.0253000762313604,0.0,0.6,0.0,4,4
5,0,984,DT-Top1,0.0025997869670391,0.0207000412046909,0.0015001278370618,0.0247999560087919,0.0,0.6,0.0,4,4
5,0,985,PF,0.0028999056667089,0.0273000914603471,0.0014998950064182,0.0316998921334743,0.0,0.6,0.0,2,2
5,0,985,Greedy-SLA,0.0032000243663787,0.022500054910779,0.0016000121831893,0.0273000914603471,0.0,0.6,0.0,4,4
5,0,985,DT-Top1,0.0026000197976827,0.0209999270737171,0.0326000154018402,0.05619996227324,0.0,0.6,21.0,0,2
5,0,986,PF,0.0029001384973526,0.0213999301195144,0.0016000121831893,0.0259000808000564,0.0,0.6,0.0,2,2
5,0,986,Greedy-SLA,0.002400018274784,0.0210001599043607,0.0014998950064182,0.024900073185563,0.0,0.6,0.0,4,4
5,0,986,DT-Top1,0.0024999026209115,0.0211000442504882,0.0319001264870166,0.0555000733584165,0.0,0.6,21.0,0,2
5,0,987,PF,0.0029001384973526,0.0213999301195144,0.0014998950064182,0.0257999636232852,0.0,0.6,0.0,2,2
5,0,987,Greedy-SLA,0.0025001354515552,0.0210998114198446,0.0016000121831893,0.0251999590545892,0.0,0.6,0.0,4,4
5,0,987,DT-Top1,0.002400018274784,0.0210998114198446,0.0321001280099153,0.055599957704544,0.0,0.6,21.0,0,2
5,0,988,PF,0.0029001384973526,0.0263999681919813,0.0016000121831893,0.0309001188725233,0.0,0.6,0.0,2,2
5,0,988,Greedy-SLA,0.0026000197976827,0.0213000457733869,0.0015001278370618,0.0254001934081316,0.0,0.6,0.0,4,4
5,0,988,DT-Top1,0.0024999026209115,0.0209000427275896,0.031899893656373,0.0552998390048742,0.0,0.6,21.0,0,2
5,0,989,PF,0.0028999056667089,0.0213000457733869,0.0014998950064182,0.0256998464465141,0.0,0.6,0.0,2,2
5,0,989,Greedy-SLA,0.002400018274784,0.0215999316424131,0.0014998950064182,0.0254998449236154,0.0,0.6,0.0,4,4
5,0,989,DT-Top1,0.002400018274784,0.0211000442504882,0.031899893656373,0.0553999561816453,0.0,0.6,21.0,0,2
5,0,990,PF,0.0029001384973526,0.0211999285966157,0.0014998950064182,0.0255999621003866,0.0,0.6,0.0,2,2
5,0,990,Greedy-SLA,0.002400018274784,0.0211000442504882,0.0014998950064182,0.0249999575316905,0.0,0.6,0.0,4,4
5,0,990,DT-Top1,0.0024999026209115,0.0207000412046909,0.0322000123560428,0.0553999561816453,0.0,0.6,21.0,0,2
5,0,991,PF,0.0028000213205814,0.0215000472962856,0.0014998950064182,0.0257999636232852,0.0,0.6,0.0,2,2
5,0,991,Greedy-SLA,0.0026999041438102,0.0213000457733869,0.0014000106602907,0.0253999605774879,0.0,0.6,0.0,4,4
5,0,991,DT-Top1,0.002400018274784,0.0211999285966157,0.0322000123560428,0.0557999592274427,0.0,0.6,21.0,0,2
5,0,992,PF,0.0028000213205814,0.0211000442504882,0.0016000121831893,0.0255000777542591,0.0,0.6,0.0,2,2
5,0,992,Greedy-SLA,0.0026000197976827,0.0212998129427433,0.0015001278370618,0.0253999605774879,0.0,0.6,0.0,4,4
5,0,992,DT-Top1,0.0026000197976827,0.0215999316424131,0.0316000077873468,0.0557999592274427,0.0,0.6,21.0,0,2
5,0,993,PF,0.0032000243663787,0.0217999331653118,0.0017001293599605,0.0267000868916511,0.0,0.6,0.0,2,2
5,0,993,Greedy-SLA,0.0024999026209115,0.0214001629501581,0.0014998950064182,0.0253999605774879,0.0,0.6,0.0,4,4
5,0,993,DT-Top1,0.0025001354515552,0.0207999255508184,0.1016999594867229,0.1250000204890966,0.0,0.6,21.0,0,2
5,0,994,PF,0.0034000258892774,0.0255000777542591,0.0016998965293169,0.0306000001728534,0.0,0.6,0.0,2,2
5,0,994,Greedy-SLA,0.0030999071896076,0.0225999392569065,0.0016000121831893,0.0272998586297035,0.0,0.6,0.0,4,4
5,0,994,DT-Top1,0.0028000213205814,0.0219999346882104,0.0336000230163335,0.0583999790251255,0.0,0.6,21.0,0,2
5,0,995,PF,0.001200009137392,0.0080000609159469,0.0006998889148235,0.0098999589681625,0.0,0.6,0.0,2,2
5,0,995,Greedy-SLA,0.0028000213205814,0.0219999346882104,0.0016000121831893,0.0263999681919813,0.0,0.6,0.0,4,4
5,0,995,DT-Top1,0.0026999041438102,0.0215000472962856,0.0332999043166637,0.0574998557567596,0.0,0.6,21.0,0,2
5,0,996,PF,0.0032000243663787,0.0218998175114393,0.0015001278370618,0.0265999697148799,0.0,0.6,0.0,2,2
5,0,996,Greedy-SLA,0.0026000197976827,0.0213999301195144,0.0015001278370618,0.0255000777542591,0.0,0.6,0.0,4,4
5,0,996,DT-Top1,0.0090000685304403,0.0219999346882104,0.0015001278370618,0.0325001310557127,0.0,0.6,0.0,4,4
5,0,997,PF,0.0030000228434801,0.0215000472962856,0.0016000121831893,0.0261000823229551,0.0,0.6,0.0,2,2
5,0,997,Greedy-SLA,0.0026999041438102,0.0209000427275896,0.0015001278370618,0.0251000747084617,0.0,0.6,0.0,4,4
5,0,997,DT-Top1,0.0027001369744539,0.0213000457733869,0.0016000121831893,0.0256001949310302,0.0,0.6,0.0,4,4
5,0,998,PF,0.0028999056667089,0.0215999316424131,0.0016000121831893,0.0260998494923114,0.0,0.6,0.0,2,2
5,0,998,Greedy-SLA,0.0026999041438102,0.0215999316424131,0.0017001293599605,0.0259999651461839,0.0,0.6,0.0,4,4
5,0,998,DT-Top1,0.0026000197976827,0.0217999331653118,0.0327001325786113,0.0571000855416059,0.0,0.6,21.0,0,2
5,0,999,PF,0.0030999071896076,0.0216001644730567,0.0015997793525457,0.0262998510152101,0.0,0.6,0.0,2,2
5,0,999,Greedy-SLA,0.0026000197976827,0.0213000457733869,0.0014000106602907,0.0253000762313604,0.0,0.6,0.0,4,4
5,0,999,DT-Top1,0.0025001354515552,0.0209999270737171,0.0325001310557127,0.056000193580985,0.0,0.6,21.0,0,2
5,0,1000,PF,0.0031001400202512,0.0213999301195144,0.0014998950064182,0.0259999651461839,0.0,0.6,0.0,2,2
5,0,1000,Greedy-SLA,0.0024999026209115,0.0219000503420829,0.0014000106602907,0.0257999636232852,0.0,0.6,0.0,4,4
5,0,1000,DT-Top1,0.0026000197976827,0.0209999270737171,0.0014000106602907,0.0249999575316905,0.0,0.6,0.0,4,4
5,0,1001,PF,0.0030999071896076,0.0221000518649816,0.0015001278370618,0.0267000868916511,0.0,0.6,0.0,2,2
5,0,1001,Greedy-SLA,0.0026999041438102,0.0217999331653118,0.0330000184476375,0.0574998557567596,0.0,0.6,21.0,0,2
5,0,1001,DT-Top1,0.0026999041438102,0.0211000442504882,0.031899893656373,0.0556998420506715,0.0,0.6,21.0,0,2
5,0,1002,PF,0.0028999056667089,0.0213000457733869,0.0014998950064182,0.0256998464465141,0.0,0.6,0.0,2,2
5,0,1002,Greedy-SLA,0.0026999041438102,0.0218001659959554,0.0015997793525457,0.0260998494923114,0.0,0.6,0.0,4,4
5,0,1002,DT-Top1,0.0026000197976827,0.0211000442504882,0.0322000123560428,0.0559000764042139,0.0,0.6,21.0,0,2
5,0,1003,PF,0.0030000228434801,0.0213999301195144,0.0016000121831893,0.0259999651461839,0.0,0.6,0.0,2,2
5,0,1003,Greedy-SLA,0.0026000197976827,0.0215000472962856,0.0014000106602907,0.0255000777542591,0.0,0.6,0.0,4,4
5,0,1003,DT-Top1,0.0026999041438102,0.0211000442504882,0.0320998951792717,0.0558998435735702,0.0,0.6,21.0,0,2
5,0,1004,PF,0.0032000243663787,0.0211999285966157,0.0016000121831893,0.0259999651461839,0.0,0.6,0.0,2,2
5,0,1004,Greedy-SLA,0.0026000197976827,0.0209999270737171,0.0015001278370618,0.0251000747084617,0.0,0.6,0.0,4,4
5,0,1004,DT-Top1,0.0028999056667089,0.0216001644730567,0.0014998950064182,0.0259999651461839,0.0,0.6,0.0,4,4
5,0,1005,PF,0.0031997915357351,0.0214001629501581,0.0016000121831893,0.0261999666690826,0.0,0.6,0.0,2,2
5,0,1005,Greedy-SLA,0.0026999041438102,0.0215000472962856,0.0014000106602907,0.0255999621003866,0.0,0.6,0.0,4,4
5,0,1005,DT-Top1,0.0026999041438102,0.0209000427275896,0.0014998950064182,0.0250998418778181,0.0,0.6,0.0,4,4
5,0,1006,PF,0.0028999056667089,0.0212001614272594,0.0016000121831893,0.0257000792771577,0.0,0.6,0.0,2,2
5,0,1006,Greedy-SLA,0.0026000197976827,0.0211999285966157,0.0015001278370618,0.0253000762313604,0.0,0.6,0.0,4,4
5,0,1006,DT-Top1,0.0024999026209115,0.020800158381462,0.0016000121831893,0.024900073185563,0.0,0.6,0.0,4,4
5,0,1007,PF,0.0030000228434801,0.0213999301195144,0.0016000121831893,0.0259999651461839,0.0,0.6,0.0,2,2
5,0,1007,Greedy-SLA,0.0026000197976827,0.0213000457733869,0.0016000121831893,0.0255000777542591,0.0,0.6,0.0,4,4
5,0,1007,DT-Top1,0.0026000197976827,0.0214001629501581,0.0012998934835195,0.0253000762313604,0.0,0.6,0.0,4,4
5,0,1008,PF,0.0028000213205814,0.0216998159885406,0.0014000106602907,0.0258998479694128,0.0,0.6,0.0,2,2
5,0,1008,Greedy-SLA,0.0026000197976827,0.0210998114198446,0.0014000106602907,0.0250998418778181,0.0,0.6,0.0,4,4
5,0,1008,DT-Top1,0.0024999026209115,0.020800158381462,0.0016000121831893,0.024900073185563,0.0,0.6,0.0,4,4
5,0,1009,PF,0.0028999056667089,0.0215000472962856,0.0014998950064182,0.0258998479694128,0.0,0.6,0.0,2,2
5,0,1009,Greedy-SLA,0.0026000197976827,0.0263999681919813,0.0014000106602907,0.0303999986499547,0.0,0.6,0.0,4,4
5,0,1009,DT-Top1,0.002400018274784,0.0212001614272594,0.0330000184476375,0.056600198149681,0.0,0.6,21.0,0,2
5,0,1010,PF,0.005100155249238,0.0320998951792717,0.0020000152289867,0.0392000656574964,0.0,0.6,0.0,2,2
5,0,1010,Greedy-SLA,0.0030000228434801,0.0236001797020435,0.0016998965293169,0.0283000990748405,0.0,0.6,0.0,4,4
5,0,1010,DT-Top1,0.0029001384973526,0.0218998175114393,0.0361001584678888,0.0609001144766807,0.0,0.6,21.0,0,2
5,0,1011,PF,0.0032999087125062,0.0159998890012502,0.000600004568696,0.0198998022824525,0.0,0.6,0.0,2,2
5,0,1011,Greedy-SLA,0.0010000076144933,0.0080000609159469,0.0008000060915946,0.009800074622035,0.0,0.6,0.0,4,4
5,0,1011,DT-Top1,0.0026999041438102,0.0213999301195144,0.0334000214934349,0.0574998557567596,0.0,0.6,21.0,0,2
5,0,1012,PF,0.0031001400202512,0.0214998144656419,0.0016000121831893,0.0261999666690826,0.0,0.6,0.0,2,2
5,0,1012,Greedy-SLA,0.0024999026209115,0.0215999316424131,0.0015001278370618,0.0255999621003866,0.0,0.6,0.0,4,4
5,0,1012,DT-Top1,0.002400018274784,0.0211000442504882,0.0326000154018402,0.0561000779271125,0.0,0.6,21.0,0,2
5,0,1013,PF,0.0030000228434801,0.0219000503420829,0.0015001278370618,0.0264002010226249,0.0,0.6,0.0,2,2
5,0,1013,Greedy-SLA,0.0026000197976827,0.0210001599043607,0.0014998950064182,0.0251000747084617,0.0,0.6,0.0,4,4
5,0,1013,DT-Top1,0.0027001369744539,0.0213000457733869,0.0330000184476375,0.0570002011954784,0.0,0.6,21.0,0,2
5,0,1014,PF,0.0030000228434801,0.0211000442504882,0.0016000121831893,0.0257000792771577,0.0,0.6,0.0,2,2
5,0,1014,Greedy-SLA,0.0024999026209115,0.0213000457733869,0.0016000121831893,0.0253999605774879,0.0,0.6,0.0,4,4
5,0,1014,DT-Top1,0.0026999041438102,0.0209000427275896,0.0014000106602907,0.0249999575316905,0.0,0.6,0.0,4,4
5,0,1015,PF,0.0030000228434801,0.0211999285966157,0.0014998950064182,0.0256998464465141,0.0,0.6,0.0,2,2
5,0,1015,Greedy-SLA,0.0026999041438102,0.0213000457733869,0.0014998950064182,0.0254998449236154,0.0,0.6,0.0,4,4
5,0,1015,DT-Top1,0.0024999026209115,0.0211999285966157,0.032300129532814,0.0559999607503414,0.0,0.6,21.0,0,2
5,0,1016,PF,0.0031001400202512,0.0207999255508184,0.0016000121831893,0.0255000777542591,0.0,0.6,0.0,2,2
5,0,1016,Greedy-SLA,0.0025001354515552,0.0213999301195144,0.0318000093102455,0.0557000748813152,0.0,0.6,21.0,0,2
5,0,1016,DT-Top1,0.0027001369744539,0.0209999270737171,0.0316000077873468,0.0553000718355178,0.0,0.6,21.0,0,2
5,0,1017,PF,0.0032000243663787,0.0220998190343379,0.0016000121831893,0.0268998555839061,0.0,0.6,0.0,2,2
5,0,1017,Greedy-SLA,0.0026999041438102,0.0215999316424131,0.0016000121831893,0.0258998479694128,0.0,0.6,0.0,4,4
5,0,1017,DT-Top1,0.0027001369744539,0.0207999255508184,0.032499898225069,0.0559999607503414,0.0,0.6,21.0,0,2
5,0,1018,PF,0.0029997900128364,0.0213000457733869,0.0016000121831893,0.0258998479694128,0.0,0.6,0.0,2,2
5,0,1018,Greedy-SLA,0.0025997869670391,0.0211000442504882,0.0016000121831893,0.0252998434007167,0.0,0.6,0.0,4,4
5,0,1018,DT-Top1,0.0025001354515552,0.0206998083740472,0.0014000106602907,0.0245999544858932,0.0,0.6,0.0,4,4
5,0,1019,PF,0.0030000228434801,0.0213000457733869,0.0015001278370618,0.0258001964539289,0.0,0.6,0.0,2,2
5,0,1019,Greedy-SLA,0.0024999026209115,0.0214001629501581,0.0014000106602907,0.0253000762313604,0.0,0.6,0.0,4,4
5,0,1019,DT-Top1,0.0026000197976827,0.0211999285966157,0.0322000123560428,0.0559999607503414,0.0,0.6,21.0,0,2
5,0,1020,PF,0.0030000228434801,0.0211000442504882,0.0014998950064182,0.0255999621003866,0.0,0.6,0.0,2,2
5,0,1020,Greedy-SLA,0.0024999026209115,0.0211000442504882,0.0015001278370618,0.0251000747084617,0.0,0.6,0.0,4,4
5,0,1020,DT-Top1,0.0025997869670391,0.0210001599043607,0.031899893656373,0.0554998405277729,0.0,0.6,21.0,0,2
5,0,1021,PF,0.0030000228434801,0.3229000139981508,0.0026999041438102,0.3285999409854412,0.0,0.6,0.0,2,2
5,0,1021,Greedy-SLA,0.0031001400202512,0.0246998388320207,0.0355001538991928,0.0633001327514648,0.0,0.6,21.0,0,2
5,0,1021,DT-Top1,0.0016000121831893,0.0079998280853033,0.0116999726742506,0.0212998129427433,0.0,0.6,21.0,0,2
5,0,1022,PF,0.0031001400202512,0.0219999346882104,0.0017001293599605,0.0268002040684223,0.0,0.6,0.0,2,2
5,0,1022,Greedy-SLA,0.0028000213205814,0.0215999316424131,0.0015001278370618,0.0259000808000564,0.0,0.6,0.0,4,4
5,0,1022,DT-Top1,0.0027001369744539,0.0211999285966157,0.03290013410151,0.0568001996725797,0.0,0.6,21.0,0,2
5,0,1023,PF,0.0032000243663787,0.0219999346882104,0.0016000121831893,0.0267999712377786,0.0,0.6,0.0,2,2
5,0,1023,Greedy-SLA,0.0026999041438102,0.0211000442504882,0.0014998950064182,0.0252998434007167,0.0,0.6,0.0,4,4
5,0,1023,DT-Top1,0.0026999041438102,0.0210001599043607,0.0322998967021703,0.0559999607503414,0.0,0.6,21.0,0,2
5,0,1024,PF,0.0030000228434801,0.0219000503420829,0.0014998950064182,0.0263999681919813,0.0,0.6,0.0,2,2
5,0,1024,Greedy-SLA,0.0027001369744539,0.0212998129427433,0.0015001278370618,0.0255000777542591,0.0,0.6,0.0,4,4
5,0,1024,DT-Top1,0.0026000197976827,0.0213000457733869,0.0014000106602907,0.0253000762313604,0.0,0.6,0.0,4,4
5,0,1025,PF,0.0028999056667089,0.0213000457733869,0.0016000121831893,0.0257999636232852,0.0,0.6,0.0,2,2
5,0,1025,Greedy-SLA,0.0026000197976827,0.0696999486535787,0.0011001247912645,0.073400093242526,0.0,0.6,0.0,4,4
5,0,1025,DT-Top1,0.0016000121831893,0.0128999818116426,0.013899989426136,0.028399983420968,0.0,0.6,21.0,0,2
5,0,1026,PF,0.0013001263141632,0.0096999574452638,0.000600004568696,0.011600088328123,0.0,0.6,0.0,2,2
5,0,1026,Greedy-SLA,0.0026999041438102,0.0221999362111091,0.0015001278370618,0.0263999681919813,0.0,0.6,0.0,4,4
5,0,1026,DT-Top1,0.0010000076144933,0.0078000593930482,0.0004998873919248,0.0092999543994665,0.0,0.6,0.0,4,4
5,0,1027,PF,0.0011001247912645,0.0079998280853033,0.0005001202225685,0.0096000730991363,0.0,0.6,0.0,2,2
5,0,1027,Greedy-SLA,0.0008998904377222,0.0079001765698194,0.0004998873919248,0.0092999543994665,0.0,0.6,0.0,4,4
5,0,1027,DT-Top1,0.0010000076144933,0.0078000593930482,0.0122999772429466,0.0211000442504882,0.0,0.6,21.0,0,2
5,0,1028,PF,0.001200009137392,0.0080000609159469,0.0004998873919248,0.0096999574452638,0.0,0.6,0.0,2,2
5,0,1028,Greedy-SLA,0.0011001247912645,0.009399838745594,0.0005001202225685,0.011000083759427,0.0,0.6,0.0,4,4
5,0,1028,DT-Top1,0.0010000076144933,0.0078999437391757,0.0122000928968191,0.0211000442504882,0.0,0.6,21.0,0,2
5,0,1029,PF,0.0010998919606208,0.0080999452620744,0.0005001202225685,0.0096999574452638,0.0,0.6,0.0,2,2
5,0,1029,Greedy-SLA,0.0009001232683658,0.0079998280853033,0.0118000898510217,0.0207000412046909,0.0,0.6,21.0,0,2
5,0,1029,DT-Top1,0.001200009137392,0.0098999589681625,0.0122999772429466,0.0233999453485012,0.0,0.6,21.0,0,2
5,0,1030,PF,0.0011001247912645,0.0078999437391757,0.000600004568696,0.0096000730991363,0.0,0.6,0.0,2,2
5,0,1030,Greedy-SLA,0.0009001232683658,0.0077998265624046,0.000600004568696,0.0092999543994665,0.0,0.6,0.0,4,4
5,0,1030,DT-Top1,0.0167000107467174,0.0126000959426164,0.0340000260621309,0.0633001327514648,0.0,0.6,21.0,0,2
5,0,1031,PF,0.001200009137392,0.0088000670075416,0.000600004568696,0.0106000807136297,0.0,0.6,0.0,2,2
5,0,1031,Greedy-SLA,0.0010000076144933,0.0077998265624046,0.000600004568696,0.009399838745594,0.0,0.6,0.0,4,4
5,0,1031,DT-Top1,0.0009001232683658,0.0078000593930482,0.0004998873919248,0.009200070053339,0.0,0.6,0.0,4,4
5,0,1032,PF,0.0010998919606208,0.0076999422162771,0.000600004568696,0.009399838745594,0.0,0.6,0.0,2,2
5,0,1032,Greedy-SLA,0.0009001232683658,0.0078999437391757,0.0005001202225685,0.0093001872301101,0.0,0.6,0.0,4,4
5,0,1032,DT-Top1,0.0008998904377222,0.0076999422162771,0.0119002070277929,0.0205000396817922,0.0,0.6,21.0,0,2
5,0,1033,PF,0.001200009137392,0.0079998280853033,0.0005001202225685,0.0096999574452638,0.0,0.6,0.0,2,2
5,0,1033,Greedy-SLA,0.0009001232683658,0.0078000593930482,0.000600004568696,0.0093001872301101,0.0,0.6,0.0,4,4
5,0,1033,DT-Top1,0.0008998904377222,0.0074999406933784,0.0118000898510217,0.0201999209821224,0.0,0.6,21.0,0,2
5,0,1034,PF,0.0011001247912645,0.0126999802887439,0.0004998873919248,0.0142999924719333,0.0,0.6,0.0,2,2
5,0,1034,Greedy-SLA,0.0010000076144933,0.0078999437391757,0.000600004568696,0.0094999559223651,0.0,0.6,0.0,4,4
5,0,1034,DT-Top1,0.0024999026209115,0.0216001644730567,0.0324000138789415,0.0565000809729099,0.0,0.6,21.0,0,2
5,0,1035,PF,0.0030000228434801,0.0215000472962856,0.0014998950064182,0.0259999651461839,0.0,0.6,0.0,2,2
5,0,1035,Greedy-SLA,0.002400018274784,0.0213000457733869,0.0014998950064182,0.0251999590545892,0.0,0.6,0.0,4,4
5,0,1035,DT-Top1,0.002400018274784,0.0211999285966157,0.0318000093102455,0.0553999561816453,0.0,0.6,21.0,0,2
5,0,1036,PF,0.0029001384973526,0.0210998114198446,0.0015001278370618,0.0255000777542591,0.0,0.6,0.0,2,2
5,0,1036,Greedy-SLA,0.002400018274784,0.0211000442504882,0.0314000062644481,0.0549000687897205,0.0,0.6,21.0,0,2
5,0,1036,DT-Top1,0.0024999026209115,0.0209999270737171,0.031700124964118,0.0551999546587467,0.0,0.6,21.0,0,2
5,0,1037,PF,0.0028999056667089,0.0213000457733869,0.0014998950064182,0.0256998464465141,0.0,0.6,0.0,2,2
5,0,1037,Greedy-SLA,0.002400018274784,0.0213999301195144,0.0014000106602907,0.0251999590545892,0.0,0.6,0.0,4,4
5,0,1037,DT-Top1,0.0025001354515552,0.0212998129427433,0.0319001264870166,0.0557000748813152,0.0,0.6,21.0,0,2
5,0,1038,PF,0.0028999056667089,0.0216001644730567,0.0014998950064182,0.0259999651461839,0.0,0.6,0.0,2,2
5,0,1038,Greedy-SLA,0.0024999026209115,0.0213000457733869,0.0014000106602907,0.0251999590545892,0.0,0.6,0.0,4,4
5,0,1038,DT-Top1,0.0026000197976827,0.0213000457733869,0.0014998950064182,0.0253999605774879,0.0,0.6,0.0,4,4
5,0,1039,PF,0.0029001384973526,0.0211000442504882,0.001399777829647,0.0253999605774879,0.0,0.6,0.0,2,2
5,0,1039,Greedy-SLA,0.0024999026209115,0.0213000457733869,0.0014000106602907,0.0251999590545892,0.0,0.6,0.0,4,4
5,0,1039,DT-Top1,0.0027001369744539,0.0209000427275896,0.0016000121831893,0.0252001918852329,0.0,0.6,0.0,4,4
5,0,1040,PF,0.0029001384973526,0.0209999270737171,0.0014000106602907,0.0253000762313604,0.0,0.6,0.0,2,2
5,0,1040,Greedy-SLA,0.002400018274784,0.0211000442504882,0.0014000106602907,0.024900073185563,0.0,0.6,0.0,4,4
5,0,1040,DT-Top1,0.0025001354515552,0.0209000427275896,0.032499898225069,0.0559000764042139,0.0,0.6,21.0,0,2
5,0,1041,PF,0.0028000213205814,0.0209000427275896,0.0014998950064182,0.0251999590545892,0.0,0.6,0.0,2,2
5,0,1041,Greedy-SLA,0.0027001369744539,0.0211999285966157,0.0014998950064182,0.0253999605774879,0.0,0.6,0.0,4,4
5,0,1041,DT-Top1,0.0024999026209115,0.0211000442504882,0.0320998951792717,0.0556998420506715,0.0,0.6,21.0,0,2
5,0,1042,PF,0.0027997884899377,0.0209000427275896,0.0015001278370618,0.0251999590545892,0.0,0.6,0.0,2,2
5,0,1042,Greedy-SLA,0.002400018274784,0.0213000457733869,0.0014998950064182,0.0251999590545892,0.0,0.6,0.0,4,4
5,0,1042,DT-Top1,0.0024999026209115,0.0219000503420829,0.0324000138789415,0.0567999668419361,0.0,0.6,21.0,0,2
5,0,1043,PF,0.0028000213205814,0.0215000472962856,0.0014998950064182,0.0257999636232852,0.0,0.6,0.0,2,2
5,0,1043,Greedy-SLA,0.0024999026209115,0.0215000472962856,0.0012998934835195,0.0252998434007167,0.0,0.6,0.0,4,4
5,0,1043,DT-Top1,0.0024999026209115,0.0207999255508184,0.0319001264870166,0.0551999546587467,0.0,0.6,21.0,0,2
5,0,1044,PF,0.0028000213205814,0.0211999285966157,0.0015001278370618,0.0255000777542591,0.0,0.6,0.0,2,2
5,0,1044,Greedy-SLA,0.002400018274784,0.0213999301195144,0.0014000106602907,0.0251999590545892,0.0,0.6,0.0,4,4
5,0,1044,DT-Top1,0.0025001354515552,0.0205999240279197,0.0320998951792717,0.0551999546587467,0.0,0.6,21.0,0,2
5,0,1045,PF,0.0026999041438102,0.0209999270737171,0.0015001278370618,0.0251999590545892,0.0,0.6,0.0,2,2
5,0,1045,Greedy-SLA,0.0026000197976827,0.0213000457733869,0.0014000106602907,0.0253000762313604,0.0,0.6,0.0,4,4
5,0,1045,DT-Top1,0.002400018274784,0.0209999270737171,0.0016000121831893,0.0249999575316905,0.0,0.6,0.0,4,4
5,0,1046,PF,0.0029001384973526,0.0209999270737171,0.0014000106602907,0.0253000762313604,0.0,0.6,0.0,2,2
5,0,1046,Greedy-SLA,0.002400018274784,0.0214998144656419,0.0014000106602907,0.0252998434007167,0.0,0.6,0.0,4,4
5,0,1046,DT-Top1,0.0024999026209115,0.0698999501764774,0.0352000351995229,0.107599887996912,0.0,0.6,21.0,0,2
5,0,1047,PF,0.0053001567721366,0.0362999271601438,0.0020000152289867,0.0436000991612672,0.0,0.6,0.0,2,2
5,0,1047,Greedy-SLA,0.0027997884899377,0.0239000655710697,0.0016000121831893,0.0282998662441968,0.0,0.6,0.0,4,4
5,0,1047,DT-Top1,0.0026000197976827,0.0215999316424131,0.0348000321537256,0.0589999835938215,0.0,0.6,21.0,0,2
5,0,1048,PF,0.0031001400202512,0.0213999301195144,0.0008000060915946,0.0253000762313604,0.0,0.6,0.0,2,2
5,0,1048,Greedy-SLA,0.0010000076144933,0.0078999437391757,0.0005001202225685,0.0094000715762376,0.0,0.6,0.0,4,4
5,0,1048,DT-Top1,0.0024999026209115,0.0210001599043607,0.0332000199705362,0.0567000824958086,0.0,0.6,21.0,0,2
5,0,1049,PF,0.0028999056667089,0.0213999301195144,0.0015001278370618,0.0257999636232852,0.0,0.6,0.0,2,2
5,0,1049,Greedy-SLA,0.002400018274784,0.0217999331653118,0.0014000106602907,0.0255999621003866,0.0,0.6,0.0,4,4
5,0,1049,DT-Top1,0.0024999026209115,0.0213999301195144,0.0014000106602907,0.0252998434007167,0.0,0.6,0.0,4,4
5,0,1050,PF,0.0030000228434801,0.0211999285966157,0.0015001278370618,0.0257000792771577,0.0,0.6,0.0,2,2
5,0,1050,Greedy-SLA,0.0026000197976827,0.0223999377340078,0.0015001278370618,0.0265000853687524,0.0,0.6,0.0,4,4
5,0,1050,DT-Top1,0.002400018274784,0.0213000457733869,0.0014000106602907,0.0251000747084617,0.0,0.6,0.0,4,4
5,0,1051,PF,0.0028999056667089,0.0217000488191843,0.0015001278370618,0.0261000823229551,0.0,0.6,0.0,2,2
5,0,1051,Greedy-SLA,0.0024999026209115,0.0217000488191843,0.0014000106602907,0.0255999621003866,0.0,0.6,0.0,4,4
5,0,1051,DT-Top1,0.0025001354515552,0.0213999301195144,0.0324000138789415,0.0563000794500112,0.0,0.6,21.0,0,2
5,0,1052,PF,0.0028000213205814,0.0277000945061445,0.0014000106602907,0.0319001264870166,0.0,0.6,0.0,2,2
5,0,1052,Greedy-SLA,0.0025001354515552,0.0216998159885406,0.032300129532814,0.0565000809729099,0.0,0.6,21.0,0,2
5,0,1052,DT-Top1,0.002400018274784,0.0215999316424131,0.0318000093102455,0.0557999592274427,0.0,0.6,21.0,0,2
5,0,1053,PF,0.0028999056667089,0.0213000457733869,0.0014998950064182,0.0256998464465141,0.0,0.6,0.0,2,2
5,0,1053,Greedy-SLA,0.0024999026209115,0.0215000472962856,0.0015001278370618,0.0255000777542591,0.0,0.6,0.0,4,4
5,0,1053,DT-Top1,0.002400018274784,0.0214001629501581,0.0014000106602907,0.0252001918852329,0.0,0.6,0.0,4,4
5,0,1054,PF,0.0028000213205814,0.0211999285966157,0.0014998950064182,0.0254998449236154,0.0,0.6,0.0,2,2
5,0,1054,Greedy-SLA,0.0026999041438102,0.0226001720875501,0.0014000106602907,0.0267000868916511,0.0,0.6,0.0,4,4
5,0,1054,DT-Top1,0.0024999026209115,0.0213000457733869,0.032300129532814,0.0561000779271125,0.0,0.6,21.0,0,2
5,0,1055,PF,0.0028999056667089,0.0215000472962856,0.0014998950064182,0.0258998479694128,0.0,0.6,0.0,2,2
5,0,1055,Greedy-SLA,0.002400018274784,0.0213999301195144,0.0014000106602907,0.0251999590545892,0.0,0.6,0.0,4,4
5,0,1055,DT-Top1,0.002400018274784,0.0206001568585634,0.0326000154018402,0.0556001905351877,0.0,0.6,21.0,0,2
5,0,1056,PF,0.0029001384973526,0.0209000427275896,0.001399777829647,0.0251999590545892,0.0,0.6,0.0,2,2
5,0,1056,Greedy-SLA,0.002400018274784,0.0209000427275896,0.0014000106602907,0.0247000716626644,0.0,0.6,0.0,4,4
5,0,1056,DT-Top1,0.0024999026209115,0.020800158381462,0.0014000106602907,0.0247000716626644,0.0,0.6,0.0,4,4
5,0,1057,PF,0.0028000213205814,0.0209999270737171,0.0014998950064182,0.0252998434007167,0.0,0.6,0.0,2,2
5,0,1057,Greedy-SLA,0.0025001354515552,0.0211999285966157,0.0016000121831893,0.0253000762313604,0.0,0.6,0.0,4,4
5,0,1057,DT-Top1,0.0024999026209115,0.0210001599043607,0.0320998951792717,0.055599957704544,0.0,0.6,21.0,0,2
5,0,1058,PF,0.0028000213205814,0.0213000457733869,0.001399777829647,0.0254998449236154,0.0,0.6,0.0,2,2
5,0,1058,Greedy-SLA,0.0024999026209115,0.0211000442504882,0.0015001278370618,0.0251000747084617,0.0,0.6,0.0,4,4
5,0,1058,DT-Top1,0.0024999026209115,0.0211000442504882,0.0320000108331441,0.055599957704544,0.0,0.6,21.0,0,2
5,0,1059,PF,0.0028999056667089,0.0218001659959554,0.0014998950064182,0.0261999666690826,0.0,0.6,0.0,2,2
5,0,1059,Greedy-SLA,0.0026000197976827,0.0217999331653118,0.0015001278370618,0.0259000808000564,0.0,0.6,0.0,4,4
5,0,1059,DT-Top1,0.002400018274784,0.0211999285966157,0.032300129532814,0.0559000764042139,0.0,0.6,21.0,0,2
5,0,1060,PF,0.0028000213205814,0.0209999270737171,0.0015001278370618,0.0253000762313604,0.0,0.6,0.0,2,2
5,0,1060,Greedy-SLA,0.002400018274784,0.0212998129427433,0.0015001278370618,0.0251999590545892,0.0,0.6,0.0,4,4
5,0,1060,DT-Top1,0.0026000197976827,0.0211000442504882,0.0319997780025005,0.0556998420506715,0.0,0.6,21.0,0,2
5,0,1061,PF,0.0029001384973526,0.0212998129427433,0.0016000121831893,0.0257999636232852,0.0,0.6,0.0,2,2
5,0,1061,Greedy-SLA,0.0024999026209115,0.0211999285966157,0.0017001293599605,0.0253999605774879,0.0,0.6,0.0,4,4
5,0,1061,DT-Top1,0.002400018274784,0.0211000442504882,0.031899893656373,0.0553999561816453,0.0,0.6,21.0,0,2
5,0,1062,PF,0.0029001384973526,0.0214998144656419,0.0015001278370618,0.0259000808000564,0.0,0.6,0.0,2,2
5,0,1062,Greedy-SLA,0.002400018274784,0.0209999270737171,0.0375001691281795,0.0609001144766807,0.0,0.6,21.0,0,2
5,0,1062,DT-Top1,0.0024999026209115,0.0209000427275896,0.0314000062644481,0.0547999516129493,0.0,0.6,21.0,0,2
5,0,1063,PF,0.0028000213205814,0.0211999285966157,0.0016000121831893,0.0255999621003866,0.0,0.6,0.0,2,2
5,0,1063,Greedy-SLA,0.0023997854441404,0.0213000457733869,0.0014000106602907,0.0250998418778181,0.0,0.6,0.0,4,4
5,0,1063,DT-Top1,0.0025001354515552,0.0208998098969459,0.0320000108331441,0.0553999561816453,0.0,0.6,21.0,0,2
5,0,1064,PF,0.0030000228434801,0.0209999270737171,0.0015001278370618,0.0255000777542591,0.0,0.6,0.0,2,2
5,0,1064,Greedy-SLA,0.0080999452620744,0.0446999911218881,0.001800013706088,0.0545999500900507,0.0,0.6,0.0,4,4
5,0,1064,DT-Top1,0.0028999056667089,0.0239000655710697,0.0356999225914478,0.0624998938292264,0.0,0.6,21.0,0,2
5,0,1065,PF,0.0030999071896076,0.0223000533878803,0.0016998965293169,0.0270998571068048,0.0,0.6,0.0,2,2
5,0,1065,Greedy-SLA,0.0026999041438102,0.0221000518649816,0.0014998950064182,0.0262998510152101,0.0,0.6,0.0,4,4
5,0,1065,DT-Top1,0.0010998919606208,0.0080000609159469,0.0005001202225685,0.0096000730991363,0.0,0.6,0.0,4,4
5,0,1066,PF,0.0029001384973526,0.028399983420968,0.0016998965293169,0.0330000184476375,0.0,0.6,0.0,2,2
5,0,1066,Greedy-SLA,0.0027001369744539,0.0217000488191843,0.0328999012708663,0.0573000870645046,0.0,0.6,21.0,0,2
5,0,1066,DT-Top1,0.0027001369744539,0.0209999270737171,0.0320000108331441,0.0557000748813152,0.0,0.6,21.0,0,2
5,0,1067,PF,0.0030999071896076,0.0221999362111091,0.0017001293599605,0.0269999727606773,0.0,0.6,0.0,2,2
5,0,1067,Greedy-SLA,0.0026999041438102,0.0212001614272594,0.0014000106602907,0.0253000762313604,0.0,0.6,0.0,4,4
5,0,1067,DT-Top1,0.0026999041438102,0.0215999316424131,0.0015001278370618,0.0257999636232852,0.0,0.6,0.0,4,4
5,0,1068,PF,0.0030000228434801,0.0212001614272594,0.0016000121831893,0.0258001964539289,0.0,0.6,0.0,2,2
5,0,1068,Greedy-SLA,0.0024999026209115,0.0212001614272594,0.0014000106602907,0.0251000747084617,0.0,0.6,0.0,4,4
5,0,1068,DT-Top1,0.0024999026209115,0.0211000442504882,0.0014000106602907,0.0249999575316905,0.0,0.6,0.0,4,4
5,0,1069,PF,0.0031001400202512,0.0213999301195144,0.0014998950064182,0.0259999651461839,0.0,0.6,0.0,2,2
5,0,1069,Greedy-SLA,0.0025001354515552,0.0210998114198446,0.0015001278370618,0.0251000747084617,0.0,0.6,0.0,4,4
5,0,1069,DT-Top1,0.0025001354515552,0.0207000412046909,0.0322000123560428,0.055400189012289,0.0,0.6,21.0,0,2
5,0,1070,PF,0.0028000213205814,0.0215999316424131,0.0014998950064182,0.0258998479694128,0.0,0.6,0.0,2,2
5,0,1070,Greedy-SLA,0.002400018274784,0.0213999301195144,0.0014000106602907,0.0251999590545892,0.0,0.6,0.0,4,4
5,0,1070,DT-Top1,0.0026000197976827,0.0210001599043607,0.031899893656373,0.0555000733584165,0.0,0.6,21.0,0,2
5,0,1071,PF,0.0030000228434801,0.0215999316424131,0.0014000106602907,0.0259999651461839,0.0,0.6,0.0,2,2
5,0,1071,Greedy-SLA,0.0026000197976827,0.0210998114198446,0.0321001280099153,0.0557999592274427,0.0,0.6,21.0,0,2
5,0,1071,DT-Top1,0.0026000197976827,0.0212998129427433,0.0318000093102455,0.0556998420506715,0.0,0.6,21.0,0,2
5,0,1072,PF,0.0028000213205814,0.0211999285966157,0.0016000121831893,0.0255999621003866,0.0,0.6,0.0,2,2
5,0,1072,Greedy-SLA,0.0026000197976827,0.0213000457733869,0.0014000106602907,0.0253000762313604,0.0,0.6,0.0,4,4
5,0,1072,DT-Top1,0.0025001354515552,0.0211000442504882,0.0316000077873468,0.0552001874893903,0.0,0.6,21.0,0,2
5,0,1073,PF,0.0028000213205814,0.0259000808000564,0.0016000121831893,0.0303001143038272,0.0,0.6,0.0,2,2
5,0,1073,Greedy-SLA,0.0026000197976827,0.0215000472962856,0.0016000121831893,0.0257000792771577,0.0,0.6,0.0,4,4
5,0,1073,DT-Top1,0.0024999026209115,0.0209000427275896,0.0324000138789415,0.0557999592274427,0.0,0.6,21.0,0,2
5,0,1074,PF,0.0031001400202512,0.0219999346882104,0.0016000121831893,0.0267000868916511,0.0,0.6,0.0,2,2
5,0,1074,Greedy-SLA,0.0024999026209115,0.0215999316424131,0.0325001310557127,0.0565999653190374,0.0,0.6,21.0,0,2
5,0,1074,DT-Top1,0.0023997854441404,0.0210001599043607,0.0314998906105756,0.0548998359590768,0.0,0.6,21.0,0,2
5,0,1075,PF,0.0030000228434801,0.0213000457733869,0.0015001278370618,0.0258001964539289,0.0,0.6,0.0,2,2
5,0,1075,Greedy-SLA,0.0026000197976827,0.0213999301195144,0.0015001278370618,0.0255000777542591,0.0,0.6,0.0,4,4
5,0,1075,DT-Top1,0.0026999041438102,0.0210001599043607,0.0014000106602907,0.0251000747084617,0.0,0.6,0.0,4,4
5,0,1076,PF,0.0028000213205814,0.0215000472962856,0.0014000106602907,0.0257000792771577,0.0,0.6,0.0,2,2
5,0,1076,Greedy-SLA,0.0026000197976827,0.0211999285966157,0.0318000093102455,0.055599957704544,0.0,0.6,21.0,0,2
5,0,1076,DT-Top1,0.0027001369744539,0.0207999255508184,0.031700124964118,0.0552001874893903,0.0,0.6,21.0,0,2
5,0,1077,PF,0.0029001384973526,0.0211999285966157,0.0014998950064182,0.0255999621003866,0.0,0.6,0.0,2,2
5,0,1077,Greedy-SLA,0.002400018274784,0.0213999301195144,0.0014998950064182,0.0252998434007167,0.0,0.6,0.0,4,4
5,0,1077,DT-Top1,0.0025997869670391,0.0217000488191843,0.0320000108331441,0.0562998466193676,0.0,0.6,21.0,0,2
5,0,1078,PF,0.0029001384973526,0.0211999285966157,0.001800013706088,0.0259000808000564,0.0,0.6,0.0,2,2
5,0,1078,Greedy-SLA,0.0026000197976827,0.0213999301195144,0.0014998950064182,0.0254998449236154,0.0,0.6,0.0,4,4
5,0,1078,DT-Top1,0.0026000197976827,0.0211999285966157,0.0322000123560428,0.0559999607503414,0.0,0.6,21.0,0,2
5,0,1079,PF,0.0029001384973526,0.0210998114198446,0.0014000106602907,0.0253999605774879,0.0,0.6,0.0,2,2
5,0,1079,Greedy-SLA,0.002400018274784,0.0217999331653118,0.0014998950064182,0.0256998464465141,0.0,0.6,0.0,4,4
5,0,1079,DT-Top1,0.0024999026209115,0.0211999285966157,0.0332000199705362,0.0568998511880636,0.0,0.6,21.0,0,2
5,0,1080,PF,0.0029001384973526,0.087300082668662,0.0026999041438102,0.0929001253098249,0.0,0.6,0.0,2,2
5,0,1080,Greedy-SLA,0.0031997915357351,0.024300068616867,0.0016000121831893,0.0290998723357915,0.0,0.6,0.0,4,4
5,0,1080,DT-Top1,0.0028000213205814,0.0218998175114393,0.0016000121831893,0.0262998510152101,0.0,0.6,0.0,4,4
5,0,1081,PF,0.0032999087125062,0.0215999316424131,0.0016000121831893,0.0264998525381088,0.0,0.6,0.0,2,2
5,0,1081,Greedy-SLA,0.0027001369744539,0.0208998098969459,0.0140001066029071,0.037600053474307,0.0,0.6,21.0,0,2
5,0,1081,DT-Top1,0.0028000213205814,0.0217000488191843,0.0324000138789415,0.0569000840187072,0.0,0.6,21.0,0,2
5,0,1082,PF,0.0031001400202512,0.0223999377340078,0.0016000121831893,0.0271000899374485,0.0,0.6,0.0,2,2
5,0,1082,Greedy-SLA,0.0027001369744539,0.0219999346882104,0.0014998950064182,0.0261999666690826,0.0,0.6,0.0,4,4
5,0,1082,DT-Top1,0.0026000197976827,0.0219999346882104,0.0320000108331441,0.0565999653190374,0.0,0.6,21.0,0,2
5,0,1083,PF,0.0031001400202512,0.0216998159885406,0.0015001278370618,0.0263000838458538,0.0,0.6,0.0,2,2
5,0,1083,Greedy-SLA,0.0027001369744539,0.0224998220801353,0.0014000106602907,0.0265999697148799,0.0,0.6,0.0,4,4
5,0,1083,DT-Top1,0.0026999041438102,0.0218001659959554,0.0326998997479677,0.0571999698877334,0.0,0.6,21.0,0,2
5,0,1084,PF,0.0031001400202512,0.0216998159885406,0.0015001278370618,0.0263000838458538,0.0,0.6,0.0,2,2
5,0,1084,Greedy-SLA,0.0027001369744539,0.0215999316424131,0.0014998950064182,0.0257999636232852,0.0,0.6,0.0,4,4
5,0,1084,DT-Top1,0.0026000197976827,0.0207000412046909,0.0325997825711965,0.0558998435735702,0.0,0.6,21.0,0,2
5,0,1085,PF,0.0031997915357351,0.0217000488191843,0.0016000121831893,0.0264998525381088,0.0,0.6,0.0,2,2
5,0,1085,Greedy-SLA,0.0066999346017837,0.0420999713242054,0.0019001308828592,0.0507000368088483,0.0,0.6,0.0,4,4
5,0,1085,DT-Top1,0.0032000243663787,0.0242998357862234,0.0357001554220914,0.0632000155746936,0.0,0.6,21.0,0,2
5,0,1086,PF,0.0032999087125062,0.0222001690417528,0.0016998965293169,0.027199974283576,0.0,0.6,0.0,2,2
5,0,1086,Greedy-SLA,0.0029001384973526,0.0215999316424131,0.0014998950064182,0.0259999651461839,0.0,0.6,0.0,4,4
5,0,1086,DT-Top1,0.0029001384973526,0.0213000457733869,0.0328999012708663,0.0571000855416059,0.0,0.6,21.0,0,2
5,0,1087,PF,0.0014000106602907,0.0094999559223651,0.000600004568696,0.0114999711513519,0.0,0.6,0.0,2,2
5,0,1087,Greedy-SLA,0.0010000076144933,0.0079001765698194,0.000600004568696,0.0095001887530088,0.0,0.6,0.0,4,4
5,0,1087,DT-Top1,0.0009001232683658,0.0077998265624046,0.0570002011954784,0.0657001510262489,0.0,0.6,21.0,0,2
5,0,1088,PF,0.0102999620139598,0.0106999650597572,0.0007001217454671,0.0217000488191843,0.0,0.6,0.0,2,2
5,0,1088,Greedy-SLA,0.0010000076144933,0.0077998265624046,0.000600004568696,0.009399838745594,0.0,0.6,0.0,4,4
5,0,1088,DT-Top1,0.0008998904377222,0.0078000593930482,0.0122999772429466,0.0209999270737171,0.0,0.6,21.0,0,2
5,0,1089,PF,0.0010998919606208,0.0079001765698194,0.0006998889148235,0.0096999574452638,0.0,0.6,0.0,2,2
5,0,1089,Greedy-SLA,0.0010000076144933,0.0078000593930482,0.000600004568696,0.0094000715762376,0.0,0.6,0.0,4,4
5,0,1089,DT-Top1,0.0008998904377222,0.0077001750469207,0.0117998570203781,0.020399922505021,0.0,0.6,21.0,0,2
5,0,1090,PF,0.0011001247912645,0.0077998265624046,0.0007001217454671,0.0096000730991363,0.0,0.6,0.0,2,2
5,0,1090,Greedy-SLA,0.0010998919606208,0.0078000593930482,0.0004998873919248,0.009399838745594,0.0,0.6,0.0,4,4
5,0,1090,DT-Top1,0.0009001232683658,0.0076000578701496,0.0116999726742506,0.020200153812766,0.0,0.6,21.0,0,2
5,0,1091,PF,0.0010998919606208,0.0080999452620744,0.000600004568696,0.0097998417913913,0.0,0.6,0.0,2,2
5,0,1091,Greedy-SLA,0.0010000076144933,0.0078000593930482,0.0118000898510217,0.0206001568585634,0.0,0.6,21.0,0,2
5,0,1091,DT-Top1,0.0013001263141632,0.033699907362461,0.0320000108331441,0.0670000445097684,0.0,0.6,21.0,0,2
5,0,1092,PF,0.0030000228434801,0.0214998144656419,0.0017001293599605,0.0261999666690826,0.0,0.6,0.0,2,2
5,0,1092,Greedy-SLA,0.0025001354515552,0.0212998129427433,0.0017001293599605,0.0255000777542591,0.0,0.6,0.0,4,4
5,0,1092,DT-Top1,0.0024999026209115,0.0213000457733869,0.031899893656373,0.0556998420506715,0.0,0.6,21.0,0,2
5,0,1093,PF,0.0030000228434801,0.0209999270737171,0.0016000121831893,0.0255999621003866,0.0,0.6,0.0,2,2
5,0,1093,Greedy-SLA,0.0026999041438102,0.0211000442504882,0.0014998950064182,0.0252998434007167,0.0,0.6,0.0,4,4
5,0,1093,DT-Top1,0.0025001354515552,0.0210998114198446,0.0324000138789415,0.0559999607503414,0.0,0.6,21.0,0,2
5,0,1094,PF,0.0030000228434801,0.0211999285966157,0.0016000121831893,0.0257999636232852,0.0,0.6,0.0,2,2
5,0,1094,Greedy-SLA,0.0026000197976827,0.0259999651461839,0.032499898225069,0.0610998831689357,0.0,0.6,21.0,0,2
5,0,1094,DT-Top1,0.0026000197976827,0.0215000472962856,0.031299889087677,0.0553999561816453,0.0,0.6,21.0,0,2
5,0,1095,PF,0.0028000213205814,0.0352000351995229,0.0016000121831893,0.0396000687032938,0.0,0.6,0.0,2,2
5,0,1095,Greedy-SLA,0.0026000197976827,0.0216001644730567,0.0014998950064182,0.0257000792771577,0.0,0.6,0.0,4,4
5,0,1095,DT-Top1,0.0027001369744539,0.0209000427275896,0.0322000123560428,0.0558001920580863,0.0,0.6,21.0,0,2
5,0,1096,PF,0.0030000228434801,0.0213999301195144,0.0015001278370618,0.0259000808000564,0.0,0.6,0.0,2,2
5,0,1096,Greedy-SLA,0.0026000197976827,0.0215000472962856,0.0014998950064182,0.0255999621003866,0.0,0.6,0.0,4,4
5,0,1096,DT-Top1,0.0024999026209115,0.0215999316424131,0.0791000202298164,0.1031998544931411,0.0,0.6,21.0,0,2
5,0,1097,PF,0.0033997930586338,0.0265000853687524,0.0017001293599605,0.0316000077873468,0.0,0.6,0.0,2,2
5,0,1097,Greedy-SLA,0.0027001369744539,0.0227999407798051,0.0016000121831893,0.0271000899374485,0.0,0.6,0.0,4,4
5,0,1097,DT-Top1,0.0026999041438102,0.0213999301195144,0.0349001493304967,0.0589999835938215,0.0,0.6,21.0,0,2
5,0,1098,PF,0.0031001400202512,0.0219999346882104,0.0014998950064182,0.0265999697148799,0.0,0.6,0.0,2,2
5,0,1098,Greedy-SLA,0.0028999056667089,0.0215000472962856,0.0014000106602907,0.0257999636232852,0.0,0.6,0.0,4,4
5,0,1098,DT-Top1,0.0028000213205814,0.0281999818980693,0.0324000138789415,0.0634000170975923,0.0,0.6,21.0,0,2
5,0,1099,PF,0.0030000228434801,0.0218001659959554,0.0014998950064182,0.0263000838458538,0.0,0.6,0.0,2,2
5,0,1099,Greedy-SLA,0.0026000197976827,0.0215000472962856,0.0014000106602907,0.0255000777542591,0.0,0.6,0.0,4,4
5,0,1099,DT-Top1,0.0025001354515552,0.0211999285966157,0.0321001280099153,0.0558001920580863,0.0,0.6,21.0,0,2
5,0,1100,PF,0.0029001384973526,0.0214998144656419,0.0016000121831893,0.0259999651461839,0.0,0.6,0.0,2,2
5,0,1100,Greedy-SLA,0.0026999041438102,0.0211000442504882,0.0014998950064182,0.0252998434007167,0.0,0.6,0.0,4,4
5,0,1100,DT-Top1,0.0024999026209115,0.0211000442504882,0.032499898225069,0.0560998450964689,0.0,0.6,21.0,0,2
5,0,1101,PF,0.0027997884899377,0.0210001599043607,0.0016000121831893,0.0253999605774879,0.0,0.6,0.0,2,2
5,0,1101,Greedy-SLA,0.0026000197976827,0.0211999285966157,0.0014000106602907,0.0251999590545892,0.0,0.6,0.0,4,4
5,0,1101,DT-Top1,0.0024999026209115,0.0211000442504882,0.0322998967021703,0.0558998435735702,0.0,0.6,21.0,0,2
5,0,1102,PF,0.0027001369744539,0.0213999301195144,0.0014998950064182,0.0255999621003866,0.0,0.6,0.0,2,2
5,0,1102,Greedy-SLA,0.0024999026209115,0.0211000442504882,0.0014000106602907,0.0249999575316905,0.0,0.6,0.0,4,4
5,0,1102,DT-Top1,0.0026000197976827,0.0218001659959554,0.0014998950064182,0.0259000808000564,0.0,0.6,0.0,4,4
5,0,1103,PF,0.0026999041438102,0.0213999301195144,0.0015001278370618,0.0255999621003866,0.0,0.6,0.0,2,2
5,0,1103,Greedy-SLA,0.0025001354515552,0.0211999285966157,0.0014998950064182,0.0251999590545892,0.0,0.6,0.0,4,4
5,0,1103,DT-Top1,0.0024999026209115,0.0210001599043607,0.0014998950064182,0.0249999575316905,0.0,0.6,0.0,4,4
5,0,1104,PF,0.0026000197976827,0.0215000472962856,0.0014998950064182,0.0255999621003866,0.0,0.6,0.0,2,2
5,0,1104,Greedy-SLA,0.0026000197976827,0.0211999285966157,0.0015001278370618,0.0253000762313604,0.0,0.6,0.0,4,4
5,0,1104,DT-Top1,0.0026999041438102,0.0207999255508184,0.0015001278370618,0.0249999575316905,0.0,0.6,0.0,4,4
5,0,1105,PF,0.0027997884899377,0.0210001599043607,0.0016000121831893,0.0253999605774879,0.0,0.6,0.0,2,2
5,0,1105,Greedy-SLA,0.0024999026209115,0.0207999255508184,0.0014000106602907,0.0246998388320207,0.0,0.6,0.0,4,4
5,0,1105,DT-Top1,0.002400018274784,0.0205999240279197,0.0014000106602907,0.0243999529629945,0.0,0.6,0.0,4,4
5,0,1106,PF,0.0028999056667089,0.0209000427275896,0.0014000106602907,0.0251999590545892,0.0,0.6,0.0,2,2
5,0,1106,Greedy-SLA,0.0026000197976827,0.0211000442504882,0.0014998950064182,0.0251999590545892,0.0,0.6,0.0,4,4
5,0,1106,DT-Top1,0.002400018274784,0.0209000427275896,0.0336000230163335,0.0569000840187072,0.0,0.6,21.0,0,2
5,0,1107,PF,0.0029001384973526,0.0221999362111091,0.0014998950064182,0.0265999697148799,0.0,0.6,0.0,2,2
5,0,1107,Greedy-SLA,0.0025997869670391,0.0213000457733869,0.0015001278370618,0.0253999605774879,0.0,0.6,0.0,4,4
5,0,1107,DT-Top1,0.0024999026209115,0.0205999240279197,0.03290013410151,0.0559999607503414,0.0,0.6,21.0,0,2
5,0,1108,PF,0.0028000213205814,0.0213000457733869,0.0016000121831893,0.0257000792771577,0.0,0.6,0.0,2,2
5,0,1108,Greedy-SLA,0.0023001339286565,0.0211000442504882,0.0014000106602907,0.0248001888394355,0.0,0.6,0.0,4,4
5,0,1108,DT-Top1,0.002400018274784,0.0209000427275896,0.0014000106602907,0.0247000716626644,0.0,0.6,0.0,4,4
5,0,1109,PF,0.0028000213205814,0.0209999270737171,0.0017001293599605,0.0255000777542591,0.0,0.6,0.0,2,2
5,0,1109,Greedy-SLA,0.002400018274784,0.0235000625252723,0.0014998950064182,0.0273999758064746,0.0,0.6,0.0,4,4
5,0,1109,DT-Top1,0.0025001354515552,0.0211999285966157,0.0014000106602907,0.0251000747084617,0.0,0.6,0.0,4,4
5,0,1110,PF,0.0028999056667089,0.0211000442504882,0.0014998950064182,0.0254998449236154,0.0,0.6,0.0,2,2
5,0,1110,Greedy-SLA,0.0026000197976827,0.0209999270737171,0.0016000121831893,0.0251999590545892,0.0,0.6,0.0,4,4
5,0,1110,DT-Top1,0.0026000197976827,0.0211000442504882,0.0328999012708663,0.0565999653190374,0.0,0.6,21.0,0,2
5,0,1111,PF,0.0030000228434801,0.0211000442504882,0.0014998950064182,0.0255999621003866,0.0,0.6,0.0,2,2
5,0,1111,Greedy-SLA,0.002400018274784,0.0211000442504882,0.0014998950064182,0.0249999575316905,0.0,0.6,0.0,4,4
5,0,1111,DT-Top1,0.0026000197976827,0.0210001599043607,0.0014998950064182,0.0251000747084617,0.0,0.6,0.0,4,4
5,0,1112,PF,0.0028000213205814,0.020800158381462,0.0014000106602907,0.0250001903623342,0.0,0.6,0.0,2,2
5,0,1112,Greedy-SLA,0.002400018274784,0.020800158381462,0.0326998997479677,0.0559000764042139,0.0,0.6,21.0,0,2
5,0,1112,DT-Top1,0.0025001354515552,0.0207000412046909,0.0314000062644481,0.0546001829206943,0.0,0.6,21.0,0,2
5,0,1113,PF,0.0030000228434801,0.0207999255508184,0.0016000121831893,0.0253999605774879,0.0,0.6,0.0,2,2
5,0,1113,Greedy-SLA,0.0026000197976827,0.0211000442504882,0.0322998967021703,0.0559999607503414,0.0,0.6,21.0,0,2
5,0,1113,DT-Top1,0.0026000197976827,0.0205000396817922,0.031700124964118,0.054800184443593,0.0,0.6,21.0,0,2
5,0,1114,PF,0.0029001384973526,0.0998999457806348,0.0026999041438102,0.1054999884217977,0.0,0.6,0.0,2,2
5,0,1114,Greedy-SLA,0.0032999087125062,0.0245000701397657,0.0016998965293169,0.0294998753815889,0.0,0.6,0.0,4,4
5,0,1114,DT-Top1,0.0030999071896076,0.0223000533878803,0.0017001293599605,0.0271000899374485,0.0,0.6,0.0,4,4
5,0,1115,PF,0.0030999071896076,0.0223000533878803,0.0016000121831893,0.0269999727606773,0.0,0.6,0.0,2,2
5,0,1115,Greedy-SLA,0.0029001384973526,0.0165998935699462,0.0005001202225685,0.0200001522898674,0.0,0.6,0.0,4,4
5,0,1115,DT-Top1,0.0011001247912645,0.0100999604910612,0.0004998873919248,0.0116999726742506,0.0,0.6,0.0,4,4
5,0,1116,PF,0.0030999071896076,0.0217000488191843,0.0016000121831893,0.0263999681919813,0.0,0.6,0.0,2,2
5,0,1116,Greedy-SLA,0.0026999041438102,0.0218001659959554,0.0014998950064182,0.0259999651461839,0.0,0.6,0.0,4,4
5,0,1116,DT-Top1,0.0026000197976827,0.0214001629501581,0.0346000306308269,0.0586002133786678,0.0,0.6,21.0,0,2
5,0,1117,PF,0.0030999071896076,0.0213999301195144,0.0015001278370618,0.0259999651461839,0.0,0.6,0.0,2,2
5,0,1117,Greedy-SLA,0.0028000213205814,0.0213000457733869,0.0014000106602907,0.0255000777542591,0.0,0.6,0.0,4,4
5,0,1117,DT-Top1,0.0024999026209115,0.0211999285966157,0.0327001325786113,0.0563999637961387,0.0,0.6,21.0,0,2
5,0,1118,PF,0.0030999071896076,0.0212001614272594,0.0016998965293169,0.0259999651461839,0.0,0.6,0.0,2,2
5,0,1118,Greedy-SLA,0.0026000197976827,0.0211000442504882,0.0014000106602907,0.0251000747084617,0.0,0.6,0.0,4,4
5,0,1118,DT-Top1,0.0028000213205814,0.0209000427275896,0.0328000169247388,0.0565000809729099,0.0,0.6,21.0,0,2
5,0,1119,PF,0.0029001384973526,0.0215999316424131,0.0014998950064182,0.0259999651461839,0.0,0.6,0.0,2,2
5,0,1119,Greedy-SLA,0.0026999041438102,0.0213000457733869,0.0014998950064182,0.0254998449236154,0.0,0.6,0.0,4,4
5,0,1119,DT-Top1,0.0026000197976827,0.020800158381462,0.0016000121831893,0.0250001903623342,0.0,0.6,0.0,4,4
5,0,1120,PF,0.0029997900128364,0.0213000457733869,0.0015001278370618,0.0257999636232852,0.0,0.6,0.0,2,2
5,0,1120,Greedy-SLA,0.0025997869670391,0.0211000442504882,0.0016000121831893,0.0252998434007167,0.0,0.6,0.0,4,4
5,0,1120,DT-Top1,0.0024999026209115,0.0209000427275896,0.0328000169247388,0.05619996227324,0.0,0.6,21.0,0,2
5,0,1121,PF,0.0030999071896076,0.0213000457733869,0.0015001278370618,0.0259000808000564,0.0,0.6,0.0,2,2
5,0,1121,Greedy-SLA,0.0028000213205814,0.0214001629501581,0.0014000106602907,0.0256001949310302,0.0,0.6,0.0,4,4
5,0,1121,DT-Top1,0.0024999026209115,0.0209999270737171,0.0322000123560428,0.0556998420506715,0.0,0.6,21.0,0,2
5,0,1122,PF,0.0031001400202512,0.0211999285966157,0.0016000121831893,0.0259000808000564,0.0,0.6,0.0,2,2
5,0,1122,Greedy-SLA,0.0026000197976827,0.0211000442504882,0.0015001278370618,0.0252001918852329,0.0,0.6,0.0,4,4
5,0,1122,DT-Top1,0.0027001369744539,0.0207000412046909,0.0322998967021703,0.0557000748813152,0.0,0.6,21.0,0,2
5,0,1123,PF,0.0030000228434801,0.0324000138789415,0.0014998950064182,0.0368999317288398,0.0,0.6,0.0,2,2
5,0,1123,Greedy-SLA,0.0026999041438102,0.0219000503420829,0.0015001278370618,0.0261000823229551,0.0,0.6,0.0,4,4
5,0,1123,DT-Top1,0.0026000197976827,0.0209000427275896,0.0320998951792717,0.055599957704544,0.0,0.6,21.0,0,2
5,0,1124,PF,0.0032000243663787,0.0210998114198446,0.0014000106602907,0.0256998464465141,0.0,0.6,0.0,2,2
5,0,1124,Greedy-SLA,0.0026999041438102,0.0212001614272594,0.0014998950064182,0.0253999605774879,0.0,0.6,0.0,4,4
5,0,1124,DT-Top1,0.0027001369744539,0.0213000457733869,0.0320000108331441,0.056000193580985,0.0,0.6,21.0,0,2
5,0,1125,PF,0.0029001384973526,0.0211999285966157,0.0014998950064182,0.0255999621003866,0.0,0.6,0.0,2,2
5,0,1125,Greedy-SLA,0.0026000197976827,0.0209999270737171,0.0014000106602907,0.0249999575316905,0.0,0.6,0.0,4,4
5,0,1125,DT-Top1,0.0027001369744539,0.0211999285966157,0.0322998967021703,0.05619996227324,0.0,0.6,21.0,0,2
5,0,1126,PF,0.0030000228434801,0.0210998114198446,0.0016000121831893,0.0256998464465141,0.0,0.6,0.0,2,2
5,0,1126,Greedy-SLA,0.0028000213205814,0.0216001644730567,0.0014998950064182,0.0259000808000564,0.0,0.6,0.0,4,4
5,0,1126,DT-Top1,0.0027001369744539,0.0207000412046909,0.0016000121831893,0.0250001903623342,0.0,0.6,0.0,4,4
5,0,1127,PF,0.0031001400202512,0.0213000457733869,0.0014998950064182,0.0259000808000564,0.0,0.6,0.0,2,2
5,0,1127,Greedy-SLA,0.0027001369744539,0.0215000472962856,0.0014000106602907,0.0256001949310302,0.0,0.6,0.0,4,4
5,0,1127,DT-Top1,0.0026000197976827,0.0209999270737171,0.0328000169247388,0.0563999637961387,0.0,0.6,21.0,0,2
5,0,1128,PF,0.0030000228434801,0.0212001614272594,0.0014998950064182,0.0257000792771577,0.0,0.6,0.0,2,2
5,0,1128,Greedy-SLA,0.0026000197976827,0.0212001614272594,0.0014000106602907,0.0252001918852329,0.0,0.6,0.0,4,4
5,0,1128,DT-Top1,0.0028000213205814,0.0209999270737171,0.0014000106602907,0.0251999590545892,0.0,0.6,0.0,4,4
5,0,1129,PF,0.0028999056667089,0.0213000457733869,0.0014998950064182,0.0256998464465141,0.0,0.6,0.0,2,2
5,0,1129,Greedy-SLA,0.0026000197976827,0.0209999270737171,0.0014000106602907,0.0249999575316905,0.0,0.6,0.0,4,4
5,0,1129,DT-Top1,0.0026000197976827,0.0212001614272594,0.0326000154018402,0.0564001966267824,0.0,0.6,21.0,0,2
5,0,1130,PF,0.006499933078885,0.0384000595659017,0.0020000152289867,0.0469000078737735,0.0,0.6,0.0,2,2
5,0,1130,Greedy-SLA,0.0029001384973526,0.0240998342633247,0.0016000121831893,0.0285999849438667,0.0,0.6,0.0,4,4
5,0,1130,DT-Top1,0.0028000213205814,0.0217999331653118,0.0356000382453203,0.0601999927312135,0.0,0.6,21.0,0,2
5,0,1131,PF,0.0030000228434801,0.0221999362111091,0.0015001278370618,0.0267000868916511,0.0,0.6,0.0,2,2
5,0,1131,Greedy-SLA,0.0010000076144933,0.0078999437391757,0.0004998873919248,0.009399838745594,0.0,0.6,0.0,4,4
5,0,1131,DT-Top1,0.0024999026209115,0.0213000457733869,0.0014998950064182,0.0252998434007167,0.0,0.6,0.0,4,4
5,0,1132,PF,0.0030000228434801,0.0213000457733869,0.0015997793525457,0.0258998479694128,0.0,0.6,0.0,2,2
5,0,1132,Greedy-SLA,0.0027001369744539,0.0218998175114393,0.0016000121831893,0.0261999666690826,0.0,0.6,0.0,4,4
5,0,1132,DT-Top1,0.0024999026209115,0.0211999285966157,0.03290013410151,0.0565999653190374,0.0,0.6,21.0,0,2
5,0,1133,PF,0.0030000228434801,0.0214001629501581,0.0014000106602907,0.0258001964539289,0.0,0.6,0.0,2,2
5,0,1133,Greedy-SLA,0.0026999041438102,0.0214001629501581,0.0014000106602907,0.0255000777542591,0.0,0.6,0.0,4,4
5,0,1133,DT-Top1,0.0026999041438102,0.0209000427275896,0.0330000184476375,0.0565999653190374,0.0,0.6,21.0,0,2
5,0,1134,PF,0.0029001384973526,0.0212998129427433,0.0014000106602907,0.0255999621003866,0.0,0.6,0.0,2,2
5,0,1134,Greedy-SLA,0.0027001369744539,0.0213000457733869,0.001399777829647,0.0253999605774879,0.0,0.6,0.0,4,4
5,0,1134,DT-Top1,0.0026000197976827,0.0211000442504882,0.0014000106602907,0.0251000747084617,0.0,0.6,0.0,4,4
5,0,1135,PF,0.0032999087125062,0.0330000184476375,0.0017001293599605,0.0380000565201044,0.0,0.6,0.0,2,2
5,0,1135,Greedy-SLA,0.0026000197976827,0.0213000457733869,0.0014000106602907,0.0253000762313604,0.0,0.6,0.0,4,4
5,0,1135,DT-Top1,0.0025001354515552,0.0213999301195144,0.0328000169247388,0.0567000824958086,0.0,0.6,21.0,0,2
5,0,1136,PF,0.0032000243663787,0.0217999331653118,0.0014000106602907,0.0263999681919813,0.0,0.6,0.0,2,2
5,0,1136,Greedy-SLA,0.0026999041438102,0.0213999301195144,0.0015001278370618,0.0255999621003866,0.0,0.6,0.0,4,4
5,0,1136,DT-Top1,0.0024999026209115,0.0207999255508184,0.0322000123560428,0.0554998405277729,0.0,0.6,21.0,0,2
5,0,1137,PF,0.0030000228434801,0.0276998616755008,0.0015001278370618,0.0322000123560428,0.0,0.6,0.0,2,2
5,0,1137,Greedy-SLA,0.0026999041438102,0.0213999301195144,0.0320000108331441,0.0560998450964689,0.0,0.6,21.0,0,2
5,0,1137,DT-Top1,0.0025001354515552,0.0209999270737171,0.0322000123560428,0.0557000748813152,0.0,0.6,21.0,0,2
5,0,1138,PF,0.0032000243663787,0.0215999316424131,0.0016000121831893,0.0263999681919813,0.0,0.6,0.0,2,2
5,0,1138,Greedy-SLA,0.0026000197976827,0.0223000533878803,0.0016000121831893,0.0265000853687524,0.0,0.6,0.0,4,4
5,0,1138,DT-Top1,0.0028000213205814,0.0215000472962856,0.0320998951792717,0.0563999637961387,0.0,0.6,21.0,0,2
5,0,1139,PF,0.0033001415431499,0.0217000488191843,0.0014998950064182,0.0265000853687524,0.0,0.6,0.0,2,2
5,0,1139,Greedy-SLA,0.0027001369744539,0.0215000472962856,0.0014000106602907,0.0256001949310302,0.0,0.6,0.0,4,4
5,0,1139,DT-Top1,0.0026999041438102,0.0215000472962856,0.0014000106602907,0.0255999621003866,0.0,0.6,0.0,4,4
5,0,1140,PF,0.0030000228434801,0.0217000488191843,0.0015997793525457,0.0262998510152101,0.0,0.6,0.0,2,2
5,0,1140,Greedy-SLA,0.0025001354515552,0.0211000442504882,0.0329997856169939,0.0565999653190374,0.0,0.6,21.0,0,2
5,0,1140,DT-Top1,0.0026000197976827,0.0215000472962856,0.0322000123560428,0.0563000794500112,0.0,0.6,21.0,0,2
5,0,1141,PF,0.0030000228434801,0.0211000442504882,0.0016000121831893,0.0257000792771577,0.0,0.6,0.0,2,2
5,0,1141,Greedy-SLA,0.0024999026209115,0.0215999316424131,0.0014000106602907,0.0254998449236154,0.0,0.6,0.0,4,4
5,0,1141,DT-Top1,0.0026000197976827,0.0209000427275896,0.0014998950064182,0.0249999575316905,0.0,0.6,0.0,4,4
5,0,1142,PF,0.0028000213205814,0.0210998114198446,0.0014000106602907,0.0252998434007167,0.0,0.6,0.0,2,2
5,0,1142,Greedy-SLA,0.0026000197976827,0.0211999285966157,0.0014000106602907,0.0251999590545892,0.0,0.6,0.0,4,4
5,0,1142,DT-Top1,0.0027001369744539,0.0211999285966157,0.0322000123560428,0.0561000779271125,0.0,0.6,21.0,0,2
5,0,1143,PF,0.0033001415431499,0.0215999316424131,0.0015001278370618,0.0264002010226249,0.0,0.6,0.0,2,2
5,0,1143,Greedy-SLA,0.0026999041438102,0.0218001659959554,0.0014998950064182,0.0259999651461839,0.0,0.6,0.0,4,4
5,0,1143,DT-Top1,0.0026000197976827,0.0211000442504882,0.0320998951792717,0.0557999592274427,0.0,0.6,21.0,0,2
5,0,1144,PF,0.0030000228434801,0.0211000442504882,0.0014998950064182,0.0255999621003866,0.0,0.6,0.0,2,2
5,0,1144,Greedy-SLA,0.0028000213205814,0.0215000472962856,0.0014000106602907,0.0257000792771577,0.0,0.6,0.0,4,4
5,0,1144,DT-Top1,0.0026000197976827,0.0205999240279197,0.0325001310557127,0.0557000748813152,0.0,0.6,21.0,0,2
5,0,1145,PF,0.0028999056667089,0.0207999255508184,0.0015001278370618,0.0251999590545892,0.0,0.6,0.0,2,2
5,0,1145,Greedy-SLA,0.0025997869670391,0.0211000442504882,0.0014000106602907,0.0250998418778181,0.0,0.6,0.0,4,4
5,0,1145,DT-Top1,0.0025001354515552,0.0206998083740472,0.0321001280099153,0.0553000718355178,0.0,0.6,21.0,0,2
5,0,1146,PF,0.0031001400202512,0.0207999255508184,0.0015001278370618,0.0254001934081316,0.0,0.6,0.0,2,2
5,0,1146,Greedy-SLA,0.0026000197976827,0.0211999285966157,0.0015001278370618,0.0253000762313604,0.0,0.6,0.0,4,4
5,0,1146,DT-Top1,0.0027001369744539,0.0245999544858932,0.0326000154018402,0.0599001068621873,0.0,0.6,21.0,0,2
5,0,1147,PF,0.0050000380724668,0.0348000321537256,0.0018998980522155,0.041699968278408,0.0,0.6,0.0,2,2
5,0,1147,Greedy-SLA,0.0026000197976827,0.0233000610023736,0.0014998950064182,0.0273999758064746,0.0,0.6,0.0,4,4
5,0,1147,DT-Top1,0.0029001384973526,0.0213000457733869,0.0016998965293169,0.0259000808000564,0.0,0.6,0.0,4,4
5,0,1148,PF,0.0010998919606208,0.0080999452620744,0.000600004568696,0.0097998417913913,0.0,0.6,0.0,2,2
5,0,1148,Greedy-SLA,0.0010000076144933,0.0078000593930482,0.000600004568696,0.0094000715762376,0.0,0.6,0.0,4,4
5,0,1148,DT-Top1,0.0010000076144933,0.0078000593930482,0.0004998873919248,0.0092999543994665,0.0,0.6,0.0,4,4
5,0,1149,PF,0.0010000076144933,0.0081001780927181,0.0004998873919248,0.0096000730991363,0.0,0.6,0.0,2,2
5,0,1149,Greedy-SLA,0.0010000076144933,0.0078000593930482,0.0126000959426164,0.0214001629501581,0.0,0.6,21.0,0,2
5,0,1149,DT-Top1,0.0010000076144933,0.0075998250395059,0.0118000898510217,0.020399922505021,0.0,0.6,21.0,0,2
5,0,1150,PF,0.0011001247912645,0.0078999437391757,0.000600004568696,0.0096000730991363,0.0,0.6,0.0,2,2
5,0,1150,Greedy-SLA,0.0008998904377222,0.0078000593930482,0.000600004568696,0.0092999543994665,0.0,0.6,0.0,4,4
5,0,1150,DT-Top1,0.0010000076144933,0.0076999422162771,0.000600004568696,0.0092999543994665,0.0,0.6,0.0,4,4
5,0,1151,PF,0.0010000076144933,0.0079001765698194,0.000600004568696,0.0095001887530088,0.0,0.6,0.0,2,2
5,0,1151,Greedy-SLA,0.0009001232683658,0.0075998250395059,0.0116999726742506,0.0201999209821224,0.0,0.6,21.0,0,2
5,0,1151,DT-Top1,0.0010000076144933,0.0076999422162771,0.0116999726742506,0.020399922505021,0.0,0.6,21.0,0,2
5,0,1152,PF,0.0010998919606208,0.0078999437391757,0.0005001202225685,0.0094999559223651,0.0,0.6,0.0,2,2
5,0,1152,Greedy-SLA,0.0008998904377222,0.0077001750469207,0.0004998873919248,0.0090999528765678,0.0,0.6,0.0,4,4
5,0,1152,DT-Top1,0.0009001232683658,0.0075998250395059,0.0005001202225685,0.0090000685304403,0.0,0.6,0.0,4,4
5,0,1153,PF,0.0011001247912645,0.0078000593930482,0.0004998873919248,0.0094000715762376,0.0,0.6,0.0,2,2
5,0,1153,Greedy-SLA,0.0008998904377222,0.0076999422162771,0.0005001202225685,0.0090999528765678,0.0,0.6,0.0,4,4
5,0,1153,DT-Top1,0.0010000076144933,0.0079998280853033,0.0005001202225685,0.0094999559223651,0.0,0.6,0.0,4,4
5,0,1154,PF,0.0030000228434801,0.0212001614272594,0.0014998950064182,0.0257000792771577,0.0,0.6,0.0,2,2
5,0,1154,Greedy-SLA,0.0025001354515552,0.0213000457733869,0.0014998950064182,0.0253000762313604,0.0,0.6,0.0,4,4
5,0,1154,DT-Top1,0.0026000197976827,0.0209999270737171,0.0014000106602907,0.0249999575316905,0.0,0.6,0.0,4,4
5,0,1155,PF,0.0028999056667089,0.0216001644730567,0.0014998950064182,0.0259999651461839,0.0,0.6,0.0,2,2
5,0,1155,Greedy-SLA,0.0026999041438102,0.0209000427275896,0.0013001263141632,0.024900073185563,0.0,0.6,0.0,4,4
5,0,1155,DT-Top1,0.0026000197976827,0.0210001599043607,0.032499898225069,0.0561000779271125,0.0,0.6,21.0,0,2
5,0,1156,PF,0.0029001384973526,0.0214998144656419,0.0016000121831893,0.0259999651461839,0.0,0.6,0.0,2,2
5,0,1156,Greedy-SLA,0.0024999026209115,0.0213000457733869,0.0014998950064182,0.0252998434007167,0.0,0.6,0.0,4,4
5,0,1156,DT-Top1,0.0026999041438102,0.0213000457733869,0.0322998967021703,0.0562998466193676,0.0,0.6,21.0,0,2
5,0,1157,PF,0.0030000228434801,0.0209000427275896,0.0016000121831893,0.0255000777542591,0.0,0.6,0.0,2,2
5,0,1157,Greedy-SLA,0.0026999041438102,0.0212001614272594,0.0014998950064182,0.0253999605774879,0.0,0.6,0.0,4,4
5,0,1157,DT-Top1,0.0026000197976827,0.0207999255508184,0.0326000154018402,0.0559999607503414,0.0,0.6,21.0,0,2
5,0,1158,PF,0.0030000228434801,0.0279999803751707,0.0014998950064182,0.032499898225069,0.0,0.6,0.0,2,2
5,0,1158,Greedy-SLA,0.0027997884899377,0.0216001644730567,0.0014000106602907,0.0257999636232852,0.0,0.6,0.0,4,4
5,0,1158,DT-Top1,0.0026000197976827,0.0209999270737171,0.0322000123560428,0.0557999592274427,0.0,0.6,21.0,0,2
5,0,1159,PF,0.0028999056667089,0.0215000472962856,0.0015001278370618,0.0259000808000564,0.0,0.6,0.0,2,2
5,0,1159,Greedy-SLA,0.0025001354515552,0.0215000472962856,0.0014998950064182,0.0255000777542591,0.0,0.6,0.0,4,4
5,0,1159,DT-Top1,0.0024999026209115,0.0211000442504882,0.0404000747948884,0.0640000216662883,0.0,0.6,21.0,0,2
5,0,1160,PF,0.0028999056667089,0.0217000488191843,0.0014998950064182,0.0260998494923114,0.0,0.6,0.0,2,2
5,0,1160,Greedy-SLA,0.0025997869670391,0.0214001629501581,0.0014000106602907,0.0253999605774879,0.0,0.6,0.0,4,4
5,0,1160,DT-Top1,0.0026000197976827,0.0209999270737171,0.0014000106602907,0.0249999575316905,0.0,0.6,0.0,4,4
5,0,1161,PF,0.0028999056667089,0.0211000442504882,0.0014000106602907,0.0253999605774879,0.0,0.6,0.0,2,2
5,0,1161,Greedy-SLA,0.0024999026209115,0.0211999285966157,0.0015001278370618,0.0251999590545892,0.0,0.6,0.0,4,4
5,0,1161,DT-Top1,0.0024999026209115,0.0209000427275896,0.0328999012708663,0.0562998466193676,0.0,0.6,21.0,0,2
5,0,1162,PF,0.0030000228434801,0.0211000442504882,0.0014998950064182,0.0255999621003866,0.0,0.6,0.0,2,2
5,0,1162,Greedy-SLA,0.0026999041438102,0.0212001614272594,0.0012998934835195,0.0251999590545892,0.0,0.6,0.0,4,4
5,0,1162,DT-Top1,0.0028000213205814,0.0211999285966157,0.0320000108331441,0.0559999607503414,0.0,0.6,21.0,0,2
5,0,1163,PF,0.0030000228434801,0.020800158381462,0.0016998965293169,0.0255000777542591,0.0,0.6,0.0,2,2
5,0,1163,Greedy-SLA,0.0026000197976827,0.0213000457733869,0.0014000106602907,0.0253000762313604,0.0,0.6,0.0,4,4
5,0,1163,DT-Top1,0.0026000197976827,0.0207000412046909,0.0325001310557127,0.0558001920580863,0.0,0.6,21.0,0,2
5,0,1164,PF,0.0029997900128364,0.0215000472962856,0.0015001278370618,0.0259999651461839,0.0,0.6,0.0,2,2
5,0,1164,Greedy-SLA,0.0024999026209115,0.0211000442504882,0.0014000106602907,0.0249999575316905,0.0,0.6,0.0,4,4
5,0,1164,DT-Top1,0.002400018274784,0.0209999270737171,0.0326000154018402,0.0559999607503414,0.0,0.6,21.0,0,2
5,0,1165,PF,0.0028999056667089,0.0216001644730567,0.0014998950064182,0.0259999651461839,0.0,0.6,0.0,2,2
5,0,1165,Greedy-SLA,0.0026000197976827,0.0209999270737171,0.0015001278370618,0.0251000747084617,0.0,0.6,0.0,4,4
5,0,1165,DT-Top1,0.002400018274784,0.0211000442504882,0.0322000123560428,0.0557000748813152,0.0,0.6,21.0,0,2
5,0,1166,PF,0.0030000228434801,0.0700999516993761,0.0032000243663787,0.076299998909235,0.0,0.6,0.0,2,2
5,0,1166,Greedy-SLA,0.0030999071896076,0.0261999666690826,0.0014000106602907,0.0306998845189809,0.0,0.6,0.0,4,4
5,0,1166,DT-Top1,0.0027997884899377,0.0220001675188541,0.0354000367224216,0.0601999927312135,0.0,0.6,21.0,0,2
5,0,1167,PF,0.0030000228434801,0.0220001675188541,0.0016000121831893,0.0266002025455236,0.0,0.6,0.0,2,2
5,0,1167,Greedy-SLA,0.0028000213205814,0.0175999011844396,0.0005001202225685,0.0209000427275896,0.0,0.6,0.0,4,4
5,0,1167,DT-Top1,0.0010000076144933,0.0217000488191843,0.0338000245392322,0.0565000809729099,0.0,0.6,21.0,0,2
5,0,1168,PF,0.0031001400202512,0.0217999331653118,0.0016000121831893,0.0265000853687524,0.0,0.6,0.0,2,2
5,0,1168,Greedy-SLA,0.0026000197976827,0.0215999316424131,0.0014000106602907,0.0255999621003866,0.0,0.6,0.0,4,4
5,0,1168,DT-Top1,0.005299923941493,0.0380000565201044,0.0394000671803951,0.0827000476419925,0.0,0.6,21.0,0,2
5,0,1169,PF,0.0033001415431499,0.0227999407798051,0.0016000121831893,0.0277000945061445,0.0,0.6,0.0,2,2
5,0,1169,Greedy-SLA,0.0027997884899377,0.0219000503420829,0.0015001278370618,0.0261999666690826,0.0,0.6,0.0,4,4
5,0,1169,DT-Top1,0.0028999056667089,0.0215000472962856,0.0326998997479677,0.0570998527109622,0.0,0.6,21.0,0,2
5,0,1170,PF,0.001200009137392,0.0078999437391757,0.000600004568696,0.0096999574452638,0.0,0.6,0.0,2,2
5,0,1170,Greedy-SLA,0.0010000076144933,0.0078000593930482,0.0120999757200479,0.0209000427275896,0.0,0.6,21.0,0,2
5,0,1170,DT-Top1,0.0010000076144933,0.0078000593930482,0.0114999711513519,0.0203000381588935,0.0,0.6,21.0,0,2
5,0,1171,PF,0.001200009137392,0.0076000578701496,0.0004998873919248,0.0092999543994665,0.0,0.6,0.0,2,2
5,0,1171,Greedy-SLA,0.0008998904377222,0.0078000593930482,0.000600004568696,0.0092999543994665,0.0,0.6,0.0,4,4
5,0,1171,DT-Top1,0.0009001232683658,0.0076000578701496,0.0117998570203781,0.0203000381588935,0.0,0.6,21.0,0,2
5,0,1172,PF,0.0010998919606208,0.0078000593930482,0.000600004568696,0.0094999559223651,0.0,0.6,0.0,2,2
5,0,1172,Greedy-SLA,0.0010000076144933,0.0077998265624046,0.000600004568696,0.009399838745594,0.0,0.6,0.0,4,4
5,0,1172,DT-Top1,0.0010000076144933,0.0076000578701496,0.0116999726742506,0.0203000381588935,0.0,0.6,21.0,0,2
5,0,1173,PF,0.0011001247912645,0.0084000639617443,0.000600004568696,0.0101001933217048,0.0,0.6,0.0,2,2
5,0,1173,Greedy-SLA,0.0010000076144933,0.0078999437391757,0.0119998585432767,0.0208998098969459,0.0,0.6,21.0,0,2
5,0,1173,DT-Top1,0.0010000076144933,0.0078000593930482,0.0115998554974794,0.020399922505021,0.0,0.6,21.0,0,2
5,0,1174,PF,0.0031001400202512,0.0220998190343379,0.0017001293599605,0.0269000884145498,0.0,0.6,0.0,2,2
5,0,1174,Greedy-SLA,0.0026999041438102,0.0593001022934913,0.0008000060915946,0.0628000125288963,0.0,0.6,0.0,4,4
5,0,1174,DT-Top1,0.0010998919606208,0.0083001796156167,0.0119998585432767,0.0213999301195144,0.0,0.6,21.0,0,2
5,0,1175,PF,0.0011001247912645,0.0082999467849731,0.000600004568696,0.0100000761449337,0.0,0.6,0.0,2,2
5,0,1175,Greedy-SLA,0.0010000076144933,0.0078000593930482,0.000600004568696,0.0094000715762376,0.0,0.6,0.0,4,4
5,0,1175,DT-Top1,0.0010000076144933,0.0076999422162771,0.0005001202225685,0.009200070053339,0.0,0.6,0.0,4,4
5,0,1176,PF,0.0155000016093254,0.0234998296946287,0.000600004568696,0.0395998358726501,0.0,0.6,0.0,2,2
5,0,1176,Greedy-SLA,0.0010000076144933,0.0080000609159469,0.000600004568696,0.0096000730991363,0.0,0.6,0.0,4,4
5,0,1176,DT-Top1,0.0009001232683658,0.0075998250395059,0.000600004568696,0.0090999528765678,0.0,0.6,0.0,4,4
5,0,1177,PF,0.0015001278370618,0.0101998448371887,0.000600004568696,0.0122999772429466,0.0,0.6,0.0,2,2
5,0,1177,Greedy-SLA,0.0010000076144933,0.0079001765698194,0.0004998873919248,0.0094000715762376,0.0,0.6,0.0,4,4
5,0,1177,DT-Top1,0.0010000076144933,0.0076999422162771,0.0119002070277929,0.0206001568585634,0.0,0.6,21.0,0,2
5,0,1178,PF,0.0011001247912645,0.0078999437391757,0.0004998873919248,0.0094999559223651,0.0,0.6,0.0,2,2
5,0,1178,Greedy-SLA,0.0010000076144933,0.0078999437391757,0.0005001202225685,0.0094000715762376,0.0,0.6,0.0,4,4
5,0,1178,DT-Top1,0.0010000076144933,0.0076999422162771,0.0118999741971492,0.0205999240279197,0.0,0.6,21.0,0,2
5,0,1179,PF,0.0010998919606208,0.0076999422162771,0.000600004568696,0.009399838745594,0.0,0.6,0.0,2,2
5,0,1179,Greedy-SLA,0.0010000076144933,0.0099001917988061,0.0004998873919248,0.0114000868052244,0.0,0.6,0.0,4,4
5,0,1179,DT-Top1,0.0010000076144933,0.0077998265624046,0.0114000868052244,0.0201999209821224,0.0,0.6,21.0,0,2
5,0,1180,PF,0.0012998934835195,0.0088000670075416,0.0005001202225685,0.0106000807136297,0.0,0.6,0.0,2,2
5,0,1180,Greedy-SLA,0.0010000076144933,0.0076999422162771,0.000600004568696,0.0092999543994665,0.0,0.6,0.0,4,4
5,0,1180,DT-Top1,0.0010000076144933,0.0076000578701496,0.0005001202225685,0.0091001857072114,0.0,0.6,0.0,4,4
5,0,1181,PF,0.0011001247912645,0.0077998265624046,0.0005001202225685,0.0094000715762376,0.0,0.6,0.0,2,2
5,0,1181,Greedy-SLA,0.0009997747838497,0.0178001355379819,0.0134999863803386,0.0322998967021703,0.0,0.6,21.0,0,2
5,0,1181,DT-Top1,0.0010000076144933,0.0083001796156167,0.0119998585432767,0.0213000457733869,0.0,0.6,21.0,0,2
5,0,1182,PF,0.0012998934835195,0.0093001872301101,0.0008000060915946,0.0114000868052244,0.0,0.6,0.0,2,2
5,0,1182,Greedy-SLA,0.0010000076144933,0.0187000259757041,0.0130000989884138,0.0327001325786113,0.0,0.6,21.0,0,2
5,0,1182,DT-Top1,0.0010000076144933,0.0169998966157436,0.0132001005113124,0.0312000047415494,0.0,0.6,21.0,0,2
5,0,1183,PF,0.0011001247912645,0.0078000593930482,0.0004998873919248,0.0094000715762376,0.0,0.6,0.0,2,2
5,0,1183,Greedy-SLA,0.0010000076144933,0.0079998280853033,0.000600004568696,0.0095998402684926,0.0,0.6,0.0,4,4
5,0,1183,DT-Top1,0.0010000076144933,0.0076000578701496,0.0118999741971492,0.0205000396817922,0.0,0.6,21.0,0,2
5,0,1184,PF,0.0010998919606208,0.0078000593930482,0.000600004568696,0.0094999559223651,0.0,0.6,0.0,2,2
5,0,1184,Greedy-SLA,0.0009001232683658,0.0115998554974794,0.000600004568696,0.0130999833345413,0.0,0.6,0.0,4,4
5,0,1184,DT-Top1,0.0010000076144933,0.0078999437391757,0.0005001202225685,0.0094000715762376,0.0,0.6,0.0,4,4
5,0,1185,PF,0.0030000228434801,0.0213000457733869,0.0016000121831893,0.0259000808000564,0.0,0.6,0.0,2,2
5,0,1185,Greedy-SLA,0.0026000197976827,0.0212998129427433,0.0319001264870166,0.0557999592274427,0.0,0.6,21.0,0,2
5,0,1185,DT-Top1,0.0026000197976827,0.0208998098969459,0.0312000047415494,0.0546998344361782,0.0,0.6,21.0,0,2
5,0,1186,PF,0.0030999071896076,0.0213999301195144,0.0016000121831893,0.0260998494923114,0.0,0.6,0.0,2,2
5,0,1186,Greedy-SLA,0.0026000197976827,0.0211999285966157,0.0014000106602907,0.0251999590545892,0.0,0.6,0.0,4,4
5,0,1186,DT-Top1,0.0026000197976827,0.0211999285966157,0.0014998950064182,0.0252998434007167,0.0,0.6,0.0,4,4
5,0,1187,PF,0.0032000243663787,0.0218001659959554,0.0015997793525457,0.0265999697148799,0.0,0.6,0.0,2,2
5,0,1187,Greedy-SLA,0.0028000213205814,0.0213999301195144,0.0015001278370618,0.0257000792771577,0.0,0.6,0.0,4,4
5,0,1187,DT-Top1,0.0026000197976827,0.0209000427275896,0.0014998950064182,0.0249999575316905,0.0,0.6,0.0,4,4
5,0,1188,PF,0.0029001384973526,0.0211000442504882,0.0015997793525457,0.0255999621003866,0.0,0.6,0.0,2,2
5,0,1188,Greedy-SLA,0.0027001369744539,0.0209000427275896,0.001399777829647,0.0249999575316905,0.0,0.6,0.0,4,4
5,0,1188,DT-Top1,0.0026999041438102,0.0211000442504882,0.0014000106602907,0.0251999590545892,0.0,0.6,0.0,4,4
5,0,1189,PF,0.0030999071896076,0.0215000472962856,0.0016000121831893,0.0261999666690826,0.0,0.6,0.0,2,2
5,0,1189,Greedy-SLA,0.0025997869670391,0.0212001614272594,0.0016000121831893,0.0253999605774879,0.0,0.6,0.0,4,4
5,0,1189,DT-Top1,0.0026000197976827,0.0209999270737171,0.0319001264870166,0.0555000733584165,0.0,0.6,21.0,0,2
5,0,1190,PF,0.0030000228434801,0.0213000457733869,0.0014998950064182,0.0257999636232852,0.0,0.6,0.0,2,2
5,0,1190,Greedy-SLA,0.0026000197976827,0.0213000457733869,0.0014000106602907,0.0253000762313604,0.0,0.6,0.0,4,4
5,0,1190,DT-Top1,0.0027997884899377,0.0211000442504882,0.0319001264870166,0.0557999592274427,0.0,0.6,21.0,0,2
5,0,1191,PF,0.0040000304579734,0.0287001021206378,0.0018998980522155,0.0346000306308269,0.0,0.6,0.0,2,2
5,0,1191,Greedy-SLA,0.0028999056667089,0.0232001766562461,0.0016998965293169,0.027799978852272,0.0,0.6,0.0,4,4
5,0,1191,DT-Top1,0.0026000197976827,0.0217000488191843,0.0348999164998531,0.0591999851167202,0.0,0.6,21.0,0,2
5,0,1192,PF,0.0030000228434801,0.0217999331653118,0.0017001293599605,0.0265000853687524,0.0,0.6,0.0,2,2
5,0,1192,Greedy-SLA,0.0026999041438102,0.0216001644730567,0.0014998950064182,0.0257999636232852,0.0,0.6,0.0,4,4
5,0,1192,DT-Top1,0.0028999056667089,0.0215999316424131,0.0016000121831893,0.0260998494923114,0.0,0.6,0.0,4,4
5,0,1193,PF,0.0031001400202512,0.0217999331653118,0.0016000121831893,0.0265000853687524,0.0,0.6,0.0,2,2
5,0,1193,Greedy-SLA,0.0026000197976827,0.0212998129427433,0.0015001278370618,0.0253999605774879,0.0,0.6,0.0,4,4
5,0,1193,DT-Top1,0.0025001354515552,0.0210998114198446,0.0324000138789415,0.0559999607503414,0.0,0.6,21.0,0,2
5,0,1194,PF,0.0032000243663787,0.0233000610023736,0.0014998950064182,0.0279999803751707,0.0,0.6,0.0,2,2
5,0,1194,Greedy-SLA,0.0026000197976827,0.0213000457733869,0.0014000106602907,0.0253000762313604,0.0,0.6,0.0,4,4
5,0,1194,DT-Top1,0.0025001354515552,0.0207000412046909,0.0326000154018402,0.0558001920580863,0.0,0.6,21.0,0,2
5,0,1195,PF,0.0030000228434801,0.0213999301195144,0.0016000121831893,0.0259999651461839,0.0,0.6,0.0,2,2
5,0,1195,Greedy-SLA,0.0026000197976827,0.0211999285966157,0.0015001278370618,0.0253000762313604,0.0,0.6,0.0,4,4
5,0,1195,DT-Top1,0.0026000197976827,0.0210998114198446,0.03290013410151,0.0565999653190374,0.0,0.6,21.0,0,2
5,0,1196,PF,0.0028999056667089,0.0210001599043607,0.0014998950064182,0.0253999605774879,0.0,0.6,0.0,2,2
5,0,1196,Greedy-SLA,0.0026000197976827,0.0211000442504882,0.0014000106602907,0.0251000747084617,0.0,0.6,0.0,4,4
5,0,1196,DT-Top1,0.0026000197976827,0.0284998677670955,0.0324000138789415,0.0634999014437198,0.0,0.6,21.0,0,2
5,0,1197,PF,0.0031001400202512,0.0225999392569065,0.0014000106602907,0.0271000899374485,0.0,0.6,0.0,2,2
5,0,1197,Greedy-SLA,0.0026999041438102,0.0211999285966157,0.0015001278370618,0.0253999605774879,0.0,0.6,0.0,4,4
5,0,1197,DT-Top1,0.0026000197976827,0.0209999270737171,0.0014000106602907,0.0249999575316905,0.0,0.6,0.0,4,4
5,0,1198,PF,0.0029001384973526,0.0209999270737171,0.0015001278370618,0.0254001934081316,0.0,0.6,0.0,2,2
5,0,1198,Greedy-SLA,0.0024999026209115,0.0209000427275896,0.0016000121831893,0.0249999575316905,0.0,0.6,0.0,4,4
5,0,1198,DT-Top1,0.0024999026209115,0.0209000427275896,0.0326000154018402,0.0559999607503414,0.0,0.6,21.0,0,2
5,0,1199,PF,0.0029001384973526,0.0217999331653118,0.0014998950064182,0.0261999666690826,0.0,0.6,0.0,2,2
5,0,1199,Greedy-SLA,0.0026999041438102,0.0674999319016933,0.0020000152289867,0.0721998512744903,0.0,0.6,0.0,4,4
5,0,1199,DT-Top1,0.0028000213205814,0.0222998205572366,0.000600004568696,0.0256998464465141,0.0,0.6,0.0,4,4
5,0,1200,PF,0.0010000076144933,0.0076999422162771,0.000600004568696,0.0092999543994665,0.0,0.6,0.0,2,2
5,0,1200,Greedy-SLA,0.0008998904377222,0.0080000609159469,0.0004998873919248,0.009399838745594,0.0,0.6,0.0,4,4
5,0,1200,DT-Top1,0.0008998904377222,0.0096000730991363,0.0124999787658452,0.0229999423027038,0.0,0.6,21.0,0,2
5,0,1201,PF,0.0011001247912645,0.0076999422162771,0.0004998873919248,0.0092999543994665,0.0,0.6,0.0,2,2
5,0,1201,Greedy-SLA,0.0010000076144933,0.0078000593930482,0.000600004568696,0.0094000715762376,0.0,0.6,0.0,4,4
5,0,1201,DT-Top1,0.0008998904377222,0.0076000578701496,0.0118000898510217,0.0203000381588935,0.0,0.6,21.0,0,2
5,0,1202,PF,0.0010000076144933,0.0078000593930482,0.0004998873919248,0.0092999543994665,0.0,0.6,0.0,2,2
5,0,1202,Greedy-SLA,0.0008998904377222,0.0077001750469207,0.0004998873919248,0.0090999528765678,0.0,0.6,0.0,4,4
5,0,1202,DT-Top1,0.0010000076144933,0.0077998265624046,0.0118000898510217,0.0205999240279197,0.0,0.6,21.0,0,2
5,0,1203,PF,0.0010998919606208,0.0076999422162771,0.000600004568696,0.009399838745594,0.0,0.6,0.0,2,2
5,0,1203,Greedy-SLA,0.0008998904377222,0.0080000609159469,0.0005001202225685,0.0094000715762376,0.0,0.6,0.0,4,4
5,0,1203,DT-Top1,0.0009001232683658,0.0078999437391757,0.0114999711513519,0.0203000381588935,0.0,0.6,21.0,0,2
5,0,1204,PF,0.0010000076144933,0.0080000609159469,0.0005001202225685,0.0095001887530088,0.0,0.6,0.0,2,2
5,0,1204,Greedy-SLA,0.0008998904377222,0.0076999422162771,0.0005001202225685,0.0090999528765678,0.0,0.6,0.0,4,4
5,0,1204,DT-Top1,0.0008998904377222,0.0076999422162771,0.0306000001728534,0.0391998328268528,0.0,0.6,21.0,0,2
5,0,1205,PF,0.0029001384973526,0.0221999362111091,0.0014998950064182,0.0265999697148799,0.0,0.6,0.0,2,2
5,0,1205,Greedy-SLA,0.002400018274784,0.0213000457733869,0.0014998950064182,0.0251999590545892,0.0,0.6,0.0,4,4
5,0,1205,DT-Top1,0.0025001354515552,0.0205999240279197,0.0320000108331441,0.0551000703126192,0.0,0.6,21.0,0,2
5,0,1206,PF,0.0028999056667089,0.0213000457733869,0.0016000121831893,0.0257999636232852,0.0,0.6,0.0,2,2
5,0,1206,Greedy-SLA,0.0024999026209115,0.0209000427275896,0.0014000106602907,0.0247999560087919,0.0,0.6,0.0,4,4
5,0,1206,DT-Top1,0.0025001354515552,0.0207999255508184,0.031899893656373,0.0551999546587467,0.0,0.6,21.0,0,2
5,0,1207,PF,0.0028000213205814,0.0208998098969459,0.0015001278370618,0.0251999590545892,0.0,0.6,0.0,2,2
5,0,1207,Greedy-SLA,0.0024999026209115,0.0211999285966157,0.031700124964118,0.0553999561816453,0.0,0.6,21.0,0,2
5,0,1207,DT-Top1,0.0025001354515552,0.0207999255508184,0.031299889087677,0.0545999500900507,0.0,0.6,21.0,0,2
5,0,1208,PF,0.0028000213205814,0.0211999285966157,0.0014998950064182,0.0254998449236154,0.0,0.6,0.0,2,2
5,0,1208,Greedy-SLA,0.0148999970406293,0.0229999423027038,0.0014000106602907,0.0392999500036239,0.0,0.6,0.0,4,4
5,0,1208,DT-Top1,0.0024999026209115,0.0211000442504882,0.0314998906105756,0.0550998374819755,0.0,0.6,21.0,0,2
5,0,1209,PF,0.0029997900128364,0.0213000457733869,0.0015001278370618,0.0257999636232852,0.0,0.6,0.0,2,2
5,0,1209,Greedy-SLA,0.0024999026209115,0.0211999285966157,0.0015001278370618,0.0251999590545892,0.0,0.6,0.0,4,4
5,0,1209,DT-Top1,0.0025997869670391,0.0209000427275896,0.0013001263141632,0.0247999560087919,0.0,0.6,0.0,4,4
5,0,1210,PF,0.0028000213205814,0.0209000427275896,0.0014000106602907,0.0251000747084617,0.0,0.6,0.0,2,2
5,0,1210,Greedy-SLA,0.0023997854441404,0.0210001599043607,0.0014000106602907,0.0247999560087919,0.0,0.6,0.0,4,4
5,0,1210,DT-Top1,0.0024999026209115,0.0209000427275896,0.0316998921334743,0.0550998374819755,0.0,0.6,21.0,0,2
5,0,1211,PF,0.0030000228434801,0.0211999285966157,0.0014000106602907,0.0255999621003866,0.0,0.6,0.0,2,2
5,0,1211,Greedy-SLA,0.0028000213205814,0.0211000442504882,0.0014998950064182,0.0253999605774879,0.0,0.6,0.0,4,4
5,0,1211,DT-Top1,0.0028999056667089,0.0210001599043607,0.0326000154018402,0.0565000809729099,0.0,0.6,21.0,0,2
5,0,1212,PF,0.0030999071896076,0.0209999270737171,0.0016000121831893,0.0256998464465141,0.0,0.6,0.0,2,2
5,0,1212,Greedy-SLA,0.0026000197976827,0.0269999727606773,0.0014000106602907,0.0310000032186508,0.0,0.6,0.0,4,4
5,0,1212,DT-Top1,0.0024999026209115,0.0215000472962856,0.0320000108331441,0.0559999607503414,0.0,0.6,21.0,0,2
5,0,1213,PF,0.0028000213205814,0.0213000457733869,0.0015001278370618,0.0256001949310302,0.0,0.6,0.0,2,2
5,0,1213,Greedy-SLA,0.0024999026209115,0.0207000412046909,0.0016000121831893,0.0247999560087919,0.0,0.6,0.0,4,4
5,0,1213,DT-Top1,0.0026000197976827,0.0207999255508184,0.0316000077873468,0.054999953135848,0.0,0.6,21.0,0,2
5,0,1214,PF,0.0028000213205814,0.0209999270737171,0.0015001278370618,0.0253000762313604,0.0,0.6,0.0,2,2
5,0,1214,Greedy-SLA,0.0027001369744539,0.0205999240279197,0.0015001278370618,0.0248001888394355,0.0,0.6,0.0,4,4
5,0,1214,DT-Top1,0.0026000197976827,0.0205999240279197,0.031700124964118,0.0549000687897205,0.0,0.6,21.0,0,2
5,0,1215,PF,0.0029001384973526,0.0209999270737171,0.0015001278370618,0.0254001934081316,0.0,0.6,0.0,2,2
5,0,1215,Greedy-SLA,0.0025001354515552,0.0211000442504882,0.0014000106602907,0.0250001903623342,0.0,0.6,0.0,4,4
5,0,1215,DT-Top1,0.0025997869670391,0.0209000427275896,0.0013001263141632,0.0247999560087919,0.0,0.6,0.0,4,4
5,0,1216,PF,0.0028000213205814,0.0209999270737171,0.0015001278370618,0.0253000762313604,0.0,0.6,0.0,2,2
5,0,1216,Greedy-SLA,0.0026000197976827,0.0209000427275896,0.0014000106602907,0.024900073185563,0.0,0.6,0.0,4,4
5,0,1216,DT-Top1,0.0025997869670391,0.0298002269119024,0.0321997795253992,0.0645997934043407,0.0,0.6,21.0,0,2
5,0,1217,PF,0.0028000213205814,0.0211999285966157,0.0014000106602907,0.0253999605774879,0.0,0.6,0.0,2,2
5,0,1217,Greedy-SLA,0.0026000197976827,0.0215000472962856,0.0015001278370618,0.0256001949310302,0.0,0.6,0.0,4,4
5,0,1217,DT-Top1,0.0026000197976827,0.0210001599043607,0.0320998951792717,0.0557000748813152,0.0,0.6,21.0,0,2
5,0,1218,PF,0.0026999041438102,0.0210001599043607,0.0014000106602907,0.0251000747084617,0.0,0.6,0.0,2,2
5,0,1218,Greedy-SLA,0.0027001369744539,0.0207000412046909,0.0016000121831893,0.0250001903623342,0.0,0.6,0.0,4,4
5,0,1218,DT-Top1,0.0025001354515552,0.0205000396817922,0.0014998950064182,0.0245000701397657,0.0,0.6,0.0,4,4
5,0,1219,PF,0.0030000228434801,0.0209000427275896,0.0014000106602907,0.0253000762313604,0.0,0.6,0.0,2,2
5,0,1219,Greedy-SLA,0.0027001369744539,0.0205999240279197,0.0014000106602907,0.0247000716626644,0.0,0.6,0.0,4,4
5,0,1219,DT-Top1,0.0026000197976827,0.0211000442504882,0.0014000106602907,0.0251000747084617,0.0,0.6,0.0,4,4
5,0,1220,PF,0.0027001369744539,0.0207999255508184,0.0014998950064182,0.0249999575316905,0.0,0.6,0.0,2,2
5,0,1220,Greedy-SLA,0.0031997915357351,0.022500054910779,0.0015001278370618,0.027199974283576,0.0,0.6,0.0,4,4
5,0,1220,DT-Top1,0.0024999026209115,0.0327001325786113,0.0336000230163335,0.0688000582158565,0.0,0.6,21.0,0,2
5,0,1221,PF,0.0028999056667089,0.0217000488191843,0.0014000106602907,0.0259999651461839,0.0,0.6,0.0,2,2
5,0,1221,Greedy-SLA,0.0026999041438102,0.0209000427275896,0.0014000106602907,0.0249999575316905,0.0,0.6,0.0,4,4
5,0,1221,DT-Top1,0.0026000197976827,0.0205999240279197,0.0322000123560428,0.0553999561816453,0.0,0.6,21.0,0,2
5,0,1222,PF,0.0029001384973526,0.0405998434871435,0.0015001278370618,0.045000109821558,0.0,0.6,0.0,2,2
5,0,1222,Greedy-SLA,0.0025001354515552,0.0211999285966157,0.0015001278370618,0.0252001918852329,0.0,0.6,0.0,4,4
5,0,1222,DT-Top1,0.0025001354515552,0.0215000472962856,0.0334000214934349,0.0574002042412757,0.0,0.6,21.0,0,2
5,0,1223,PF,0.0029001384973526,0.0214998144656419,0.0014000106602907,0.0257999636232852,0.0,0.6,0.0,2,2
5,0,1223,Greedy-SLA,0.0026000197976827,0.022500054910779,0.0014000106602907,0.0265000853687524,0.0,0.6,0.0,4,4
5,0,1223,DT-Top1,0.0026999041438102,0.0217000488191843,0.0330000184476375,0.0573999714106321,0.0,0.6,21.0,0,2
5,0,1224,PF,0.0051998067647218,0.3937000874429941,0.0038000289350748,0.4026999231427908,0.0,0.6,0.0,2,2
5,0,1224,Greedy-SLA,0.0030999071896076,0.0273999758064746,0.0016000121831893,0.0320998951792717,0.0,0.6,0.0,4,4
5,0,1224,DT-Top1,0.0010000076144933,0.0083998311311006,0.0137002207338809,0.023100059479475,0.0,0.6,21.0,0,2
5,0,1225,PF,0.0026000197976827,0.0147998798638582,0.000600004568696,0.017999904230237,0.0,0.6,0.0,2,2
5,0,1225,Greedy-SLA,0.0026000197976827,0.024499837309122,0.0015001278370618,0.0285999849438667,0.0,0.6,0.0,4,4
5,0,1225,DT-Top1,0.0026000197976827,0.0221999362111091,0.0367001630365848,0.0615001190453767,0.0,0.6,21.0,0,2
5,0,1226,PF,0.0030999071896076,0.0241000670939683,0.0014998950064182,0.0286998692899942,0.0,0.6,0.0,2,2
5,0,1226,Greedy-SLA,0.0026000197976827,0.0225999392569065,0.0014998950064182,0.0266998540610075,0.0,0.6,0.0,4,4
5,0,1226,DT-Top1,0.008799834176898,0.0229000579565763,0.0014000106602907,0.033099902793765,0.0,0.6,0.0,4,4
5,0,1227,PF,0.0014000106602907,0.00999984331429,0.0007001217454671,0.0120999757200479,0.0,0.6,0.0,2,2
5,0,1227,Greedy-SLA,0.0010000076144933,0.0084000639617443,0.0128999818116426,0.0223000533878803,0.0,0.6,21.0,0,2
5,0,1227,DT-Top1,0.0009001232683658,0.0084999483078718,0.0124000944197177,0.0218001659959554,0.0,0.6,21.0,0,2
5,0,1228,PF,0.001200009137392,0.0082999467849731,0.000600004568696,0.0100999604910612,0.0,0.6,0.0,2,2
5,0,1228,Greedy-SLA,0.0010000076144933,0.0082000624388456,0.0118999741971492,0.0211000442504882,0.0,0.6,21.0,0,2
5,0,1228,DT-Top1,0.0010000076144933,0.0078999437391757,0.0120000913739204,0.0209000427275896,0.0,0.6,21.0,0,2
5,0,1229,PF,0.0010000076144933,0.0080999452620744,0.0005001202225685,0.0096000730991363,0.0,0.6,0.0,2,2
5,0,1229,Greedy-SLA,0.0010000076144933,0.0080000609159469,0.000600004568696,0.0096000730991363,0.0,0.6,0.0,4,4
5,0,1229,DT-Top1,0.0010000076144933,0.0078000593930482,0.0118999741971492,0.0207000412046909,0.0,0.6,21.0,0,2
5,0,1230,PF,0.0010998919606208,0.0081001780927181,0.000600004568696,0.009800074622035,0.0,0.6,0.0,2,2
5,0,1230,Greedy-SLA,0.0008998904377222,0.0078999437391757,0.000600004568696,0.009399838745594,0.0,0.6,0.0,4,4
5,0,1230,DT-Top1,0.0009001232683658,0.0077998265624046,0.0118000898510217,0.0205000396817922,0.0,0.6,21.0,0,2
5,0,1231,PF,0.0010998919606208,0.0079001765698194,0.0004998873919248,0.0094999559223651,0.0,0.6,0.0,2,2
5,0,1231,Greedy-SLA,0.0009001232683658,0.0080000609159469,0.0005997717380523,0.0094999559223651,0.0,0.6,0.0,4,4
5,0,1231,DT-Top1,0.0008998904377222,0.0076999422162771,0.0118000898510217,0.020399922505021,0.0,0.6,21.0,0,2
5,0,1232,PF,0.0010998919606208,0.0077001750469207,0.000600004568696,0.0094000715762376,0.0,0.6,0.0,2,2
5,0,1232,Greedy-SLA,0.0010000076144933,0.0078999437391757,0.0118000898510217,0.0207000412046909,0.0,0.6,21.0,0,2
5,0,1232,DT-Top1,0.0010000076144933,0.0076999422162771,0.011600088328123,0.0203000381588935,0.0,0.6,21.0,0,2
5,0,1233,PF,0.0011001247912645,0.0077998265624046,0.000600004568696,0.0094999559223651,0.0,0.6,0.0,2,2
5,0,1233,Greedy-SLA,0.0008998904377222,0.0079001765698194,0.0114999711513519,0.0203000381588935,0.0,0.6,21.0,0,2
5,0,1233,DT-Top1,0.0009001232683658,0.0080000609159469,0.0116999726742506,0.0206001568585634,0.0,0.6,21.0,0,2
5,0,1234,PF,0.0010000076144933,0.0081998296082019,0.000600004568696,0.0097998417913913,0.0,0.6,0.0,2,2
5,0,1234,Greedy-SLA,0.0008998904377222,0.0080000609159469,0.0117998570203781,0.0206998083740472,0.0,0.6,21.0,0,2
5,0,1234,DT-Top1,0.0009001232683658,0.0078000593930482,0.0113998539745807,0.0201000366359949,0.0,0.6,21.0,0,2
5,0,1235,PF,0.0010998919606208,0.0081001780927181,0.0004998873919248,0.0096999574452638,0.0,0.6,0.0,2,2
5,0,1235,Greedy-SLA,0.0010000076144933,0.0080000609159469,0.0148999970406293,0.0239000655710697,0.0,0.6,21.0,0,2
5,0,1235,DT-Top1,0.0011001247912645,0.0080000609159469,0.0153998844325542,0.0245000701397657,0.0,0.6,21.0,0,2
5,0,1236,PF,0.0031001400202512,0.0221999362111091,0.0016000121831893,0.0269000884145498,0.0,0.6,0.0,2,2
5,0,1236,Greedy-SLA,0.0028000213205814,0.0221000518649816,0.0014998950064182,0.0263999681919813,0.0,0.6,0.0,4,4
5,0,1236,DT-Top1,0.0027001369744539,0.0214998144656419,0.0321001280099153,0.0563000794500112,0.0,0.6,21.0,0,2
5,0,1237,PF,0.0030999071896076,0.0218001659959554,0.0016000121831893,0.0265000853687524,0.0,0.6,0.0,2,2
5,0,1237,Greedy-SLA,0.0026999041438102,0.0215000472962856,0.0014000106602907,0.0255999621003866,0.0,0.6,0.0,4,4
5,0,1237,DT-Top1,0.0024999026209115,0.0211000442504882,0.0338000245392322,0.0573999714106321,0.0,0.6,21.0,0,2
5,0,1238,PF,0.0030000228434801,0.0219000503420829,0.0016000121831893,0.0265000853687524,0.0,0.6,0.0,2,2
5,0,1238,Greedy-SLA,0.0026000197976827,0.0216998159885406,0.0014000106602907,0.0256998464465141,0.0,0.6,0.0,4,4
5,0,1238,DT-Top1,0.0027001369744539,0.0214998144656419,0.0326000154018402,0.0567999668419361,0.0,0.6,21.0,0,2
5,0,1239,PF,0.0029997900128364,0.0213000457733869,0.0015001278370618,0.0257999636232852,0.0,0.6,0.0,2,2
5,0,1239,Greedy-SLA,0.0024999026209115,0.0216001644730567,0.0014000106602907,0.0255000777542591,0.0,0.6,0.0,4,4
5,0,1239,DT-Top1,0.0024999026209115,0.0263999681919813,0.0325001310557127,0.0614000018686056,0.0,0.6,21.0,0,2
5,0,1240,PF,0.0031001400202512,0.0213999301195144,0.0014998950064182,0.0259999651461839,0.0,0.6,0.0,2,2
5,0,1240,Greedy-SLA,0.0026000197976827,0.0212998129427433,0.0015001278370618,0.0253999605774879,0.0,0.6,0.0,4,4
5,0,1240,DT-Top1,0.0026000197976827,0.0209999270737171,0.0322998967021703,0.0558998435735702,0.0,0.6,21.0,0,2
5,0,1241,PF,0.0032999087125062,0.0217000488191843,0.0014998950064182,0.0264998525381088,0.0,0.6,0.0,2,2
5,0,1241,Greedy-SLA,0.0026999041438102,0.0217000488191843,0.0014000106602907,0.0257999636232852,0.0,0.6,0.0,4,4
5,0,1241,DT-Top1,0.0026000197976827,0.0219000503420829,0.0014998950064182,0.0259999651461839,0.0,0.6,0.0,4,4
5,0,1242,PF,0.0030000228434801,0.0217000488191843,0.001800013706088,0.0265000853687524,0.0,0.6,0.0,2,2
5,0,1242,Greedy-SLA,0.0024999026209115,0.0217000488191843,0.0014998950064182,0.0256998464465141,0.0,0.6,0.0,4,4
5,0,1242,DT-Top1,0.001800013706088,0.0143998768180608,0.0187999103218317,0.0349998008459806,0.0,0.6,21.0,0,2
5,0,1243,PF,0.0016998965293169,0.0253999605774879,0.0009001232683658,0.0279999803751707,0.0,0.6,0.0,2,2
5,0,1243,Greedy-SLA,0.001200009137392,0.0094999559223651,0.000600004568696,0.0112999696284532,0.0,0.6,0.0,4,4
5,0,1243,DT-Top1,0.0010998919606208,0.0083001796156167,0.0004998873919248,0.0098999589681625,0.0,0.6,0.0,4,4
5,0,1244,PF,0.0010998919606208,0.0082999467849731,0.000600004568696,0.00999984331429,0.0,0.6,0.0,2,2
5,0,1244,Greedy-SLA,0.0010000076144933,0.0079001765698194,0.0004998873919248,0.0094000715762376,0.0,0.6,0.0,4,4
5,0,1244,DT-Top1,0.0008998904377222,0.0076000578701496,0.000600004568696,0.0090999528765678,0.0,0.6,0.0,4,4
5,0,1245,PF,0.0010000076144933,0.0078999437391757,0.000600004568696,0.0094999559223651,0.0,0.6,0.0,2,2
5,0,1245,Greedy-SLA,0.0009001232683658,0.0078999437391757,0.0004998873919248,0.0092999543994665,0.0,0.6,0.0,4,4
5,0,1245,DT-Top1,0.0010000076144933,0.0084999483078718,0.0167998950928449,0.0262998510152101,0.0,0.6,21.0,0,2
5,0,1246,PF,0.0011001247912645,0.0079998280853033,0.000600004568696,0.0096999574452638,0.0,0.6,0.0,2,2
5,0,1246,Greedy-SLA,0.0008000060915946,0.0079001765698194,0.0004998873919248,0.009200070053339,0.0,0.6,0.0,4,4
5,0,1246,DT-Top1,0.0010000076144933,0.0074999406933784,0.0122000928968191,0.0207000412046909,0.0,0.6,21.0,0,2
5,0,1247,PF,0.0022000167518854,0.0141998752951622,0.000600004568696,0.0169998966157436,0.0,0.6,0.0,2,2
5,0,1247,Greedy-SLA,0.0011001247912645,0.0088000670075416,0.000600004568696,0.0105001963675022,0.0,0.6,0.0,4,4
5,0,1247,DT-Top1,0.0027001369744539,0.0563999637961387,0.0306998845189809,0.0897999852895736,0.0,0.6,21.0,0,2
5,0,1248,PF,0.001800013706088,0.0113998539745807,0.000600004568696,0.0137998722493648,0.0,0.6,0.0,2,2
5,0,1248,Greedy-SLA,0.0010000076144933,0.0085001811385154,0.0004998873919248,0.0100000761449337,0.0,0.6,0.0,4,4
5,0,1248,DT-Top1,0.0009997747838497,0.0079001765698194,0.0129998661577701,0.0218998175114393,0.0,0.6,21.0,0,2
5,0,1249,PF,0.001200009137392,0.0080000609159469,0.000600004568696,0.009800074622035,0.0,0.6,0.0,2,2
5,0,1249,Greedy-SLA,0.0010000076144933,0.0080000609159469,0.0004998873919248,0.0094999559223651,0.0,0.6,0.0,4,4
5,0,1249,DT-Top1,0.0010000076144933,0.0076000578701496,0.000600004568696,0.009200070053339,0.0,0.6,0.0,4,4
5,0,1250,PF,0.0011001247912645,0.0076999422162771,0.000600004568696,0.0094000715762376,0.0,0.6,0.0,2,2
5,0,1250,Greedy-SLA,0.0010000076144933,0.0076999422162771,0.000600004568696,0.0092999543994665,0.0,0.6,0.0,4,4
5,0,1250,DT-Top1,0.0010000076144933,0.0077998265624046,0.0005001202225685,0.0092999543994665,0.0,0.6,0.0,4,4
5,0,1251,PF,0.0011001247912645,0.0076999422162771,0.0004998873919248,0.0092999543994665,0.0,0.6,0.0,2,2
5,0,1251,Greedy-SLA,0.0010000076144933,0.0078000593930482,0.0188997946679592,0.0276998616755008,0.0,0.6,21.0,0,2
5,0,1251,DT-Top1,0.0010000076144933,0.0080000609159469,0.0117998570203781,0.0207999255508184,0.0,0.6,21.0,0,2
5,0,1252,PF,0.001200009137392,0.0084999483078718,0.000600004568696,0.0102999620139598,0.0,0.6,0.0,2,2
5,0,1252,Greedy-SLA,0.0024999026209115,0.0215000472962856,0.0328999012708663,0.0568998511880636,0.0,0.6,21.0,0,2
5,0,1252,DT-Top1,0.0028000213205814,0.0211999285966157,0.031700124964118,0.0557000748813152,0.0,0.6,21.0,0,2
5,0,1253,PF,0.0029997900128364,0.0217000488191843,0.0017001293599605,0.0263999681919813,0.0,0.6,0.0,2,2
5,0,1253,Greedy-SLA,0.0026999041438102,0.0212001614272594,0.0014998950064182,0.0253999605774879,0.0,0.6,0.0,4,4
5,0,1253,DT-Top1,0.0028999056667089,0.0213000457733869,0.0316000077873468,0.0557999592274427,0.0,0.6,21.0,0,2
5,0,1254,PF,0.0031001400202512,0.0212998129427433,0.0015001278370618,0.0259000808000564,0.0,0.6,0.0,2,2
5,0,1254,Greedy-SLA,0.0026999041438102,0.0209999270737171,0.0015001278370618,0.0251999590545892,0.0,0.6,0.0,4,4
5,0,1254,DT-Top1,0.0025001354515552,0.0209999270737171,0.0324000138789415,0.0559000764042139,0.0,0.6,21.0,0,2
5,0,1255,PF,0.0030000228434801,0.0211999285966157,0.0016000121831893,0.0257999636232852,0.0,0.6,0.0,2,2
5,0,1255,Greedy-SLA,0.0028000213205814,0.0209999270737171,0.0016000121831893,0.0253999605774879,0.0,0.6,0.0,4,4
5,0,1255,DT-Top1,0.0027001369744539,0.0210998114198446,0.0318000093102455,0.055599957704544,0.0,0.6,21.0,0,2
5,0,1256,PF,0.0031001400202512,0.0209999270737171,0.0016000121831893,0.0257000792771577,0.0,0.6,0.0,2,2
5,0,1256,Greedy-SLA,0.0027001369744539,0.0213000457733869,0.031899893656373,0.0559000764042139,0.0,0.6,21.0,0,2
5,0,1256,DT-Top1,0.0026999041438102,0.0209000427275896,0.0312000047415494,0.0547999516129493,0.0,0.6,21.0,0,2
5,0,1257,PF,0.0030999071896076,0.0211000442504882,0.0014998950064182,0.0256998464465141,0.0,0.6,0.0,2,2
5,0,1257,Greedy-SLA,0.0028000213205814,0.0210001599043607,0.0014998950064182,0.0253000762313604,0.0,0.6,0.0,4,4
5,0,1257,DT-Top1,0.0029001384973526,0.0211000442504882,0.0316000077873468,0.0556001905351877,0.0,0.6,21.0,0,2
5,0,1258,PF,0.0030000228434801,0.0215000472962856,0.0016000121831893,0.0261000823229551,0.0,0.6,0.0,2,2
5,0,1258,Greedy-SLA,0.0026000197976827,0.0753998756408691,0.0032000243663787,0.0811999198049306,0.0,0.6,0.0,4,4
5,0,1258,DT-Top1,0.0034000258892774,0.0279999803751707,0.0883999746292829,0.1197999808937311,0.0,0.6,21.0,0,2
5,0,1259,PF,0.0011997763067483,0.009800074622035,0.000600004568696,0.0115998554974794,0.0,0.6,0.0,2,2
5,0,1259,Greedy-SLA,0.001200009137392,0.0082999467849731,0.000600004568696,0.0100999604910612,0.0,0.6,0.0,4,4
5,0,1259,DT-Top1,0.0010000076144933,0.0078999437391757,0.0122999772429466,0.0211999285966157,0.0,0.6,21.0,0,2
5,0,1260,PF,0.001200009137392,0.0082000624388456,0.0006998889148235,0.0100999604910612,0.0,0.6,0.0,2,2
5,0,1260,Greedy-SLA,0.0010000076144933,0.0080999452620744,0.0124000944197177,0.0215000472962856,0.0,0.6,21.0,0,2
5,0,1260,DT-Top1,0.0010998919606208,0.0085001811385154,0.0115998554974794,0.0211999285966157,0.0,0.6,21.0,0,2
5,0,1261,PF,0.001200009137392,0.0080000609159469,0.000600004568696,0.009800074622035,0.0,0.6,0.0,2,2
5,0,1261,Greedy-SLA,0.0010998919606208,0.0076999422162771,0.000600004568696,0.009399838745594,0.0,0.6,0.0,4,4
5,0,1261,DT-Top1,0.0011001247912645,0.0078000593930482,0.0118999741971492,0.020800158381462,0.0,0.6,21.0,0,2
5,0,1262,PF,0.001200009137392,0.0079998280853033,0.000600004568696,0.0097998417913913,0.0,0.6,0.0,2,2
5,0,1262,Greedy-SLA,0.0010000076144933,0.0078000593930482,0.0006998889148235,0.0094999559223651,0.0,0.6,0.0,4,4
5,0,1262,DT-Top1,0.0011001247912645,0.0078999437391757,0.0120000913739204,0.0210001599043607,0.0,0.6,21.0,0,2
5,0,1263,PF,0.0010998919606208,0.0078999437391757,0.000600004568696,0.0095998402684926,0.0,0.6,0.0,2,2
5,0,1263,Greedy-SLA,0.0010000076144933,0.0080000609159469,0.000600004568696,0.0096000730991363,0.0,0.6,0.0,4,4
5,0,1263,DT-Top1,0.0010000076144933,0.0361998099833726,0.0183000229299068,0.0554998405277729,0.0,0.6,21.0,0,2
5,0,1264,PF,0.001200009137392,0.0088999513536691,0.000600004568696,0.0106999650597572,0.0,0.6,0.0,2,2
5,0,1264,Greedy-SLA,0.0011001247912645,0.0106999650597572,0.000600004568696,0.0124000944197177,0.0,0.6,0.0,4,4
5,0,1264,DT-Top1,0.0010998919606208,0.0080000609159469,0.0122000928968191,0.0213000457733869,0.0,0.6,21.0,0,2
5,0,1265,PF,0.001200009137392,0.0080999452620744,0.000600004568696,0.0098999589681625,0.0,0.6,0.0,2,2
5,0,1265,Greedy-SLA,0.0011001247912645,0.0080999452620744,0.000600004568696,0.009800074622035,0.0,0.6,0.0,4,4
5,0,1265,DT-Top1,0.0010000076144933,0.0078000593930482,0.0005997717380523,0.009399838745594,0.0,0.6,0.0,4,4
5,0,1266,PF,0.001200009137392,0.0078999437391757,0.000600004568696,0.0096999574452638,0.0,0.6,0.0,2,2
5,0,1266,Greedy-SLA,0.0010998919606208,0.0080000609159469,0.0005001202225685,0.0096000730991363,0.0,0.6,0.0,4,4
5,0,1266,DT-Top1,0.0010000076144933,0.0078000593930482,0.0118999741971492,0.0207000412046909,0.0,0.6,21.0,0,2
5,0,1267,PF,0.0010998919606208,0.0078999437391757,0.000600004568696,0.0095998402684926,0.0,0.6,0.0,2,2
5,0,1267,Greedy-SLA,0.0010000076144933,0.0078000593930482,0.0004998873919248,0.0092999543994665,0.0,0.6,0.0,4,4
5,0,1267,DT-Top1,0.0010000076144933,0.0076999422162771,0.0118000898510217,0.0205000396817922,0.0,0.6,21.0,0,2
5,0,1268,PF,0.001200009137392,0.0078999437391757,0.000600004568696,0.0096999574452638,0.0,0.6,0.0,2,2
5,0,1268,Greedy-SLA,0.0010000076144933,0.0078000593930482,0.0005001202225685,0.0093001872301101,0.0,0.6,0.0,4,4
5,0,1268,DT-Top1,0.0010000076144933,0.0077998265624046,0.0005001202225685,0.0092999543994665,0.0,0.6,0.0,4,4
5,0,1269,PF,0.001200009137392,0.0080000609159469,0.000600004568696,0.009800074622035,0.0,0.6,0.0,2,2
5,0,1269,Greedy-SLA,0.0011001247912645,0.0077998265624046,0.000600004568696,0.0094999559223651,0.0,0.6,0.0,4,4
5,0,1269,DT-Top1,0.0010000076144933,0.0100000761449337,0.0324000138789415,0.0434000976383686,0.0,0.6,21.0,0,2
5,0,1270,PF,0.0030000228434801,0.0207999255508184,0.0016000121831893,0.0253999605774879,0.0,0.6,0.0,2,2
5,0,1270,Greedy-SLA,0.0026999041438102,0.0215000472962856,0.0014998950064182,0.0256998464465141,0.0,0.6,0.0,4,4
5,0,1270,DT-Top1,0.0026999041438102,0.0211999285966157,0.0326000154018402,0.0564998481422662,0.0,0.6,21.0,0,2
5,0,1271,PF,0.0032999087125062,0.0211000442504882,0.0016998965293169,0.0260998494923114,0.0,0.6,0.0,2,2
5,0,1271,Greedy-SLA,0.0026999041438102,0.0213999301195144,0.0015001278370618,0.0255999621003866,0.0,0.6,0.0,4,4
5,0,1271,DT-Top1,0.0026999041438102,0.0211999285966157,0.0322000123560428,0.0560998450964689,0.0,0.6,21.0,0,2
5,0,1272,PF,0.0031001400202512,0.0211999285966157,0.0016000121831893,0.0259000808000564,0.0,0.6,0.0,2,2
5,0,1272,Greedy-SLA,0.0028000213205814,0.0209000427275896,0.0016000121831893,0.0253000762313604,0.0,0.6,0.0,4,4
5,0,1272,DT-Top1,0.0026999041438102,0.0210001599043607,0.0014998950064182,0.0251999590545892,0.0,0.6,0.0,4,4
5,0,1273,PF,0.0040000304579734,0.0376999378204345,0.0019001308828592,0.0436000991612672,0.0,0.6,0.0,2,2
5,0,1273,Greedy-SLA,0.0031001400202512,0.0248998403549194,0.0016000121831893,0.0295999925583601,0.0,0.6,0.0,4,4
5,0,1273,DT-Top1,0.0028000213205814,0.0221000518649816,0.040499959141016,0.0654000323265791,0.0,0.6,21.0,0,2
5,0,1274,PF,0.0030000228434801,0.0222998205572366,0.0017001293599605,0.0269999727606773,0.0,0.6,0.0,2,2
5,0,1274,Greedy-SLA,0.0027001369744539,0.0212998129427433,0.0015001278370618,0.0255000777542591,0.0,0.6,0.0,4,4
5,0,1274,DT-Top1,0.002400018274784,0.0207000412046909,0.0336000230163335,0.0567000824958086,0.0,0.6,21.0,0,2
5,0,1275,PF,0.0028999056667089,0.0213000457733869,0.0017001293599605,0.0259000808000564,0.0,0.6,0.0,2,2
5,0,1275,Greedy-SLA,0.002400018274784,0.0210998114198446,0.0014000106602907,0.0248998403549194,0.0,0.6,0.0,4,4
5,0,1275,DT-Top1,0.0022999010980129,0.020399922505021,0.032300129532814,0.054999953135848,0.0,0.6,21.0,0,2
5,0,1276,PF,0.0031997915357351,0.0213000457733869,0.0016000121831893,0.0260998494923114,0.0,0.6,0.0,2,2
5,0,1276,Greedy-SLA,0.0024999026209115,0.0209000427275896,0.0312000047415494,0.0545999500900507,0.0,0.6,21.0,0,2
5,0,1276,DT-Top1,0.0026000197976827,0.0206998083740472,0.0305001158267259,0.053799943998456,0.0,0.6,21.0,0,2
5,0,1277,PF,0.0028000213205814,0.0207999255508184,0.0014998950064182,0.0250998418778181,0.0,0.6,0.0,2,2
5,0,1277,Greedy-SLA,0.0026999041438102,0.0206001568585634,0.0014998950064182,0.0247999560087919,0.0,0.6,0.0,4,4
5,0,1277,DT-Top1,0.0024999026209115,0.0203000381588935,0.0313001219183206,0.0541000626981258,0.0,0.6,21.0,0,2
5,0,1278,PF,0.0028999056667089,0.0209000427275896,0.0015001278370618,0.0253000762313604,0.0,0.6,0.0,2,2
5,0,1278,Greedy-SLA,0.0028000213205814,0.0207000412046909,0.0014000106602907,0.024900073185563,0.0,0.6,0.0,4,4
5,0,1278,DT-Top1,0.0027997884899377,0.020800158381462,0.0316000077873468,0.0551999546587467,0.0,0.6,21.0,0,2
5,0,1279,PF,0.0030000228434801,0.0209999270737171,0.0015001278370618,0.0255000777542591,0.0,0.6,0.0,2,2
5,0,1279,Greedy-SLA,0.002400018274784,0.020800158381462,0.0014998950064182,0.0247000716626644,0.0,0.6,0.0,4,4
5,0,1279,DT-Top1,0.002400018274784,0.0204998068511486,0.0315001234412193,0.054399948567152,0.0,0.6,21.0,0,2
5,0,1280,PF,0.0029997900128364,0.0210001599043607,0.0016000121831893,0.0255999621003866,0.0,0.6,0.0,2,2
5,0,1280,Greedy-SLA,0.0025997869670391,0.0209000427275896,0.0015001278370618,0.0249999575316905,0.0,0.6,0.0,4,4
5,0,1280,DT-Top1,0.0024999026209115,0.0205999240279197,0.0312000047415494,0.0542998313903808,0.0,0.6,21.0,0,2
5,0,1281,PF,0.0030000228434801,0.020399922505021,0.0016000121831893,0.0249999575316905,0.0,0.6,0.0,2,2
5,0,1281,Greedy-SLA,0.0025001354515552,0.0206998083740472,0.0016000121831893,0.0247999560087919,0.0,0.6,0.0,4,4
5,0,1281,DT-Top1,0.0025001354515552,0.0205999240279197,0.0315001234412193,0.0546001829206943,0.0,0.6,21.0,0,2
5,0,1282,PF,0.0031001400202512,0.0204998068511486,0.0015001278370618,0.0251000747084617,0.0,0.6,0.0,2,2
5,0,1282,Greedy-SLA,0.0024999026209115,0.0204001553356647,0.0014000106602907,0.024300068616867,0.0,0.6,0.0,4,4
5,0,1282,DT-Top1,0.0026999041438102,0.020200153812766,0.0314000062644481,0.0543000642210245,0.0,0.6,21.0,0,2
5,0,1283,PF,0.0030999071896076,0.0207000412046909,0.0015001278370618,0.0253000762313604,0.0,0.6,0.0,2,2
5,0,1283,Greedy-SLA,0.0024999026209115,0.020800158381462,0.0014000106602907,0.0247000716626644,0.0,0.6,0.0,4,4
5,0,1283,DT-Top1,0.0026000197976827,0.0201999209821224,0.0312000047415494,0.0539999455213546,0.0,0.6,21.0,0,2
5,0,1284,PF,0.0028999056667089,0.0211000442504882,0.0016000121831893,0.0255999621003866,0.0,0.6,0.0,2,2
5,0,1284,Greedy-SLA,0.0029001384973526,0.0211000442504882,0.0014998950064182,0.0255000777542591,0.0,0.6,0.0,4,4
5,0,1284,DT-Top1,0.0032999087125062,0.0227999407798051,0.0322000123560428,0.0582998618483543,0.0,0.6,21.0,0,2
5,0,1285,PF,0.0040000304579734,0.0223999377340078,0.0013001263141632,0.0277000945061445,0.0,0.6,0.0,2,2
5,0,1285,Greedy-SLA,0.0034999102354049,0.0519000459462404,0.0029001384973526,0.0583000946789979,0.0,0.6,0.0,4,4
5,0,1285,DT-Top1,0.0023997854441404,0.0281000975519418,0.001200009137392,0.0316998921334743,0.0,0.6,0.0,4,4
5,0,1286,PF,0.0025001354515552,0.0175999011844396,0.0013001263141632,0.0214001629501581,0.0,0.6,0.0,2,2
5,0,1286,Greedy-SLA,0.0020998995751142,0.0166001264005899,0.0010998919606208,0.019799917936325,0.0,0.6,0.0,4,4
5,0,1286,DT-Top1,0.0018998980522155,0.0159000046551227,0.001200009137392,0.0189999118447303,0.0,0.6,0.0,4,4
5,0,1287,PF,0.002400018274784,0.0157998874783515,0.001200009137392,0.0193999148905277,0.0,0.6,0.0,2,2
5,0,1287,Greedy-SLA,0.0020000152289867,0.0161000061780214,0.0010000076144933,0.0191000290215015,0.0,0.6,0.0,4,4
5,0,1287,DT-Top1,0.0022000167518854,0.0169998966157436,0.0011001247912645,0.0203000381588935,0.0,0.6,0.0,4,4
5,0,1288,PF,0.0031997915357351,0.0214001629501581,0.0012998934835195,0.0258998479694128,0.0,0.6,0.0,2,2
5,0,1288,Greedy-SLA,0.0021001324057579,0.0173000153154134,0.001200009137392,0.0206001568585634,0.0,0.6,0.0,4,4
5,0,1288,DT-Top1,0.0019001308828592,0.0167998950928449,0.0010998919606208,0.019799917936325,0.0,0.6,0.0,4,4
5,0,1289,PF,0.0022000167518854,0.0169000122696161,0.001200009137392,0.0203000381588935,0.0,0.6,0.0,2,2
5,0,1289,Greedy-SLA,0.0020000152289867,0.0163998920470476,0.001200009137392,0.0195999164134264,0.0,0.6,0.0,4,4
5,0,1289,DT-Top1,0.0020000152289867,0.0159998890012502,0.0010998919606208,0.0190997961908578,0.0,0.6,0.0,4,4
5,0,1290,PF,0.0022000167518854,0.0162997748702764,0.001200009137392,0.0196998007595539,0.0,0.6,0.0,2,2
5,0,1290,Greedy-SLA,0.0011001247912645,0.0082000624388456,0.0006998889148235,0.0100000761449337,0.0,0.6,0.0,4,4
5,0,1290,DT-Top1,0.0010000076144933,0.0080999452620744,0.0173000153154134,0.0263999681919813,0.0,0.6,21.0,0,2
5,0,1291,PF,0.0010998919606208,0.0083001796156167,0.000600004568696,0.0100000761449337,0.0,0.6,0.0,2,2
5,0,1291,Greedy-SLA,0.0026000197976827,0.0204998068511486,0.0319001264870166,0.054999953135848,0.0,0.6,21.0,0,2
5,0,1291,DT-Top1,0.0028000213205814,0.0207999255508184,0.0315001234412193,0.0551000703126192,0.0,0.6,21.0,0,2
5,0,1292,PF,0.0028999056667089,0.0211000442504882,0.0016998965293169,0.0256998464465141,0.0,0.6,0.0,2,2
5,0,1292,Greedy-SLA,0.0027001369744539,0.0211999285966157,0.0014000106602907,0.0253000762313604,0.0,0.6,0.0,4,4
5,0,1292,DT-Top1,0.0026000197976827,0.0202998053282499,0.031700124964118,0.0545999500900507,0.0,0.6,21.0,0,2
5,0,1293,PF,0.0030999071896076,0.0207000412046909,0.0017001293599605,0.0255000777542591,0.0,0.6,0.0,2,2
5,0,1293,Greedy-SLA,0.0026999041438102,0.0207000412046909,0.0312000047415494,0.0545999500900507,0.0,0.6,21.0,0,2
5,0,1293,DT-Top1,0.0026999041438102,0.0207999255508184,0.0314000062644481,0.0548998359590768,0.0,0.6,21.0,0,2
5,0,1294,PF,0.0029001384973526,0.0210998114198446,0.0016000121831893,0.0255999621003866,0.0,0.6,0.0,2,2
5,0,1294,Greedy-SLA,0.0026000197976827,0.0207000412046909,0.0016000121831893,0.024900073185563,0.0,0.6,0.0,4,4
5,0,1294,DT-Top1,0.0026000197976827,0.0209000427275896,0.0014998950064182,0.0249999575316905,0.0,0.6,0.0,4,4
5,0,1295,PF,0.0027001369744539,0.0212998129427433,0.0017001293599605,0.0257000792771577,0.0,0.6,0.0,2,2
5,0,1295,Greedy-SLA,0.0027001369744539,0.0207999255508184,0.0016000121831893,0.0251000747084617,0.0,0.6,0.0,4,4
5,0,1295,DT-Top1,0.0024999026209115,0.0209000427275896,0.1693998929113149,0.1927998382598161,0.0,0.6,21.0,0,2
5,0,1296,PF,0.0026000197976827,0.0344000291079282,0.0021001324057579,0.0391001813113689,0.0,0.6,0.0,2,2
5,0,1296,Greedy-SLA,0.0034000258892774,0.0261000823229551,0.0016998965293169,0.0312000047415494,0.0,0.6,0.0,4,4
5,0,1296,DT-Top1,0.0030000228434801,0.0229999423027038,0.0016000121831893,0.0275999773293733,0.0,0.6,0.0,4,4
5,0,1297,PF,0.0030000228434801,0.0227000564336776,0.0016000121831893,0.0273000914603471,0.0,0.6,0.0,2,2
5,0,1297,Greedy-SLA,0.0026000197976827,0.0213999301195144,0.0402999576181173,0.0642999075353145,0.0,0.6,21.0,0,2
5,0,1297,DT-Top1,0.0027001369744539,0.0209999270737171,0.0320000108331441,0.0557000748813152,0.0,0.6,21.0,0,2
5,0,1298,PF,0.0026999041438102,0.0153000000864267,0.0010000076144933,0.0189999118447303,0.0,0.6,0.0,2,2
5,0,1298,Greedy-SLA,0.0013001263141632,0.0114999711513519,0.0008000060915946,0.0136001035571098,0.0,0.6,0.0,4,4
5,0,1298,DT-Top1,0.001200009137392,0.010599847882986,0.0007001217454671,0.0124999787658452,0.0,0.6,0.0,4,4
5,0,1299,PF,0.0014000106602907,0.0106999650597572,0.0008000060915946,0.0128999818116426,0.0,0.6,0.0,2,2
5,0,1299,Greedy-SLA,0.0014000106602907,0.0106000807136297,0.0006998889148235,0.0126999802887439,0.0,0.6,0.0,4,4
5,0,1299,DT-Top1,0.0012998934835195,0.0102000776678323,0.0006998889148235,0.0121998600661754,0.0,0.6,0.0,4,4
5,0,1300,PF,0.0014000106602907,0.0105001963675022,0.0006998889148235,0.0126000959426164,0.0,0.6,0.0,2,2
5,0,1300,Greedy-SLA,0.0011997763067483,0.0103001948446035,0.0006998889148235,0.0121998600661754,0.0,0.6,0.0,4,4
5,0,1300,DT-Top1,0.001200009137392,0.0100999604910612,0.0169000122696161,0.0281999818980693,0.0,0.6,21.0,0,2
5,0,1301,PF,0.0014998950064182,0.010400079190731,0.0007001217454671,0.0126000959426164,0.0,0.6,0.0,2,2
5,0,1301,Greedy-SLA,0.0012998934835195,0.0102000776678323,0.0006998889148235,0.0121998600661754,0.0,0.6,0.0,4,4
5,0,1301,DT-Top1,0.001200009137392,0.0100999604910612,0.0155998859554529,0.0268998555839061,0.0,0.6,21.0,0,2
5,0,1302,PF,0.0014998950064182,0.0102999620139598,0.0008000060915946,0.0125998631119728,0.0,0.6,0.0,2,2
5,0,1302,Greedy-SLA,0.0012998934835195,0.0105001963675022,0.0157998874783515,0.0275999773293733,0.0,0.6,21.0,0,2
5,0,1302,DT-Top1,0.0011997763067483,0.0103001948446035,0.0153000000864267,0.0267999712377786,0.0,0.6,21.0,0,2
5,0,1303,PF,0.0014000106602907,0.010400079190731,0.0008000060915946,0.0126000959426164,0.0,0.6,0.0,2,2
5,0,1303,Greedy-SLA,0.001200009137392,0.0100999604910612,0.0007001217454671,0.0120000913739204,0.0,0.6,0.0,4,4
5,0,1303,DT-Top1,0.0013001263141632,0.0097998417913913,0.0154001172631978,0.0265000853687524,0.0,0.6,21.0,0,2
5,0,1304,PF,0.0012998934835195,0.010400079190731,0.0008000060915946,0.0124999787658452,0.0,0.6,0.0,2,2
5,0,1304,Greedy-SLA,0.001200009137392,0.0104999635368585,0.0008000060915946,0.0124999787658452,0.0,0.6,0.0,4,4
5,0,1304,DT-Top1,0.0025001354515552,0.0207999255508184,0.0322000123560428,0.0555000733584165,0.0,0.6,21.0,0,2
5,0,1305,PF,0.0030000228434801,0.0211999285966157,0.0016000121831893,0.0257999636232852,0.0,0.6,0.0,2,2
5,0,1305,Greedy-SLA,0.0024999026209115,0.0205999240279197,0.0015001278370618,0.0245999544858932,0.0,0.6,0.0,4,4
5,0,1305,DT-Top1,0.002400018274784,0.0208998098969459,0.0326000154018402,0.0558998435735702,0.0,0.6,21.0,0,2
5,0,1306,PF,0.0028999056667089,0.0211000442504882,0.0017001293599605,0.0257000792771577,0.0,0.6,0.0,2,2
5,0,1306,Greedy-SLA,0.002400018274784,0.0205999240279197,0.032300129532814,0.0553000718355178,0.0,0.6,21.0,0,2
5,0,1306,DT-Top1,0.0026000197976827,0.0206998083740472,0.0313001219183206,0.0545999500900507,0.0,0.6,21.0,0,2
5,0,1307,PF,0.0026000197976827,0.0241999514400959,0.0008998904377222,0.0276998616755008,0.0,0.6,0.0,2,2
5,0,1307,Greedy-SLA,0.0012998934835195,0.0116999726742506,0.0008000060915946,0.0137998722493648,0.0,0.6,0.0,4,4
5,0,1307,DT-Top1,0.0012998934835195,0.0104999635368585,0.0170001294463872,0.0287999864667654,0.0,0.6,21.0,0,2
5,0,1308,PF,0.0015001278370618,0.0106999650597572,0.0008000060915946,0.0130000989884138,0.0,0.6,0.0,2,2
5,0,1308,Greedy-SLA,0.0014000106602907,0.0106999650597572,0.0008000060915946,0.0128999818116426,0.0,0.6,0.0,4,4
5,0,1308,DT-Top1,0.001200009137392,0.0098999589681625,0.0006998889148235,0.0117998570203781,0.0,0.6,0.0,4,4
5,0,1309,PF,0.0014000106602907,0.0100999604910612,0.0008000060915946,0.0122999772429466,0.0,0.6,0.0,2,2
5,0,1309,Greedy-SLA,0.001200009137392,0.0098999589681625,0.0146999955177307,0.0257999636232852,0.0,0.6,21.0,0,2
5,0,1309,DT-Top1,0.001200009137392,0.0097998417913913,0.0144001096487045,0.0253999605774879,0.0,0.6,21.0,0,2
5,0,1310,PF,0.0014000106602907,0.009800074622035,0.0007001217454671,0.0119002070277929,0.0,0.6,0.0,2,2
5,0,1310,Greedy-SLA,0.0011997763067483,0.0096000730991363,0.0008000060915946,0.0115998554974794,0.0,0.6,0.0,4,4
5,0,1310,DT-Top1,0.0012998934835195,0.0096000730991363,0.0205999240279197,0.0314998906105756,0.0,0.6,21.0,0,2
5,0,1311,PF,0.0029997900128364,0.0215000472962856,0.0016000121831893,0.0260998494923114,0.0,0.6,0.0,2,2
5,0,1311,Greedy-SLA,0.0028999056667089,0.0214001629501581,0.0016000121831893,0.0259000808000564,0.0,0.6,0.0,4,4
5,0,1311,DT-Top1,0.0026999041438102,0.0207999255508184,0.0320000108331441,0.0554998405277729,0.0,0.6,21.0,0,2
5,0,1312,PF,0.0028000213205814,0.0209000427275896,0.0016000121831893,0.0253000762313604,0.0,0.6,0.0,2,2
5,0,1312,Greedy-SLA,0.0026000197976827,0.0211000442504882,0.0016000121831893,0.0253000762313604,0.0,0.6,0.0,4,4
5,0,1312,DT-Top1,0.0026999041438102,0.0212001614272594,0.0316998921334743,0.055599957704544,0.0,0.6,21.0,0,2
5,0,1313,PF,0.0029001384973526,0.0211999285966157,0.0014998950064182,0.0255999621003866,0.0,0.6,0.0,2,2
5,0,1313,Greedy-SLA,0.0026000197976827,0.0211000442504882,0.0014998950064182,0.0251999590545892,0.0,0.6,0.0,4,4
5,0,1313,DT-Top1,0.0024999026209115,0.0210001599043607,0.0014000106602907,0.024900073185563,0.0,0.6,0.0,4,4
5,0,1314,PF,0.0027001369744539,0.0210998114198446,0.0015001278370618,0.0253000762313604,0.0,0.6,0.0,2,2
5,0,1314,Greedy-SLA,0.0026000197976827,0.0215000472962856,0.0015997793525457,0.0256998464465141,0.0,0.6,0.0,4,4
5,0,1314,DT-Top1,0.0025001354515552,0.0213000457733869,0.0320000108331441,0.0558001920580863,0.0,0.6,21.0,0,2
5,0,1315,PF,0.0032000243663787,0.0233999453485012,0.0016000121831893,0.0281999818980693,0.0,0.6,0.0,2,2
5,0,1315,Greedy-SLA,0.0027001369744539,0.0214998144656419,0.0016000121831893,0.0257999636232852,0.0,0.6,0.0,4,4
5,0,1315,DT-Top1,0.0024999026209115,0.0217000488191843,0.0328999012708663,0.0570998527109622,0.0,0.6,21.0,0,2
5,0,1316,PF,0.0030999071896076,0.0219000503420829,0.0016000121831893,0.0265999697148799,0.0,0.6,0.0,2,2
5,0,1316,Greedy-SLA,0.0026000197976827,0.0215999316424131,0.0016000121831893,0.0257999636232852,0.0,0.6,0.0,4,4
5,0,1316,DT-Top1,0.0026999041438102,0.0217999331653118,0.0331001356244087,0.0575999729335308,0.0,0.6,21.0,0,2
5,0,1317,PF,0.0031001400202512,0.022500054910779,0.0016000121831893,0.0272002071142196,0.0,0.6,0.0,2,2
5,0,1317,Greedy-SLA,0.0026999041438102,0.0219000503420829,0.0016000121831893,0.0261999666690826,0.0,0.6,0.0,4,4
5,0,1317,DT-Top1,0.0026000197976827,0.0217000488191843,0.0342999119311571,0.0585999805480241,0.0,0.6,21.0,0,2
5,0,1318,PF,0.0029997900128364,0.0215000472962856,0.0015001278370618,0.0259999651461839,0.0,0.6,0.0,2,2
5,0,1318,Greedy-SLA,0.0024999026209115,0.0853000674396753,0.0239999499171972,0.1117999199777841,0.0,0.6,21.0,0,2
5,0,1318,DT-Top1,0.0028000213205814,0.0227999407798051,0.0319001264870166,0.0575000885874033,0.0,0.6,21.0,0,2
5,0,1319,PF,0.0030000228434801,0.0217000488191843,0.0016000121831893,0.0263000838458538,0.0,0.6,0.0,2,2
5,0,1319,Greedy-SLA,0.002400018274784,0.0219000503420829,0.0014998950064182,0.0257999636232852,0.0,0.6,0.0,4,4
5,0,1319,DT-Top1,0.0026000197976827,0.0209999270737171,0.0322000123560428,0.0557999592274427,0.0,0.6,21.0,0,2
5,0,1320,PF,0.0030000228434801,0.0213000457733869,0.0016000121831893,0.0259000808000564,0.0,0.6,0.0,2,2
5,0,1320,Greedy-SLA,0.0026000197976827,0.0211999285966157,0.0015001278370618,0.0253000762313604,0.0,0.6,0.0,4,4
5,0,1320,DT-Top1,0.0026000197976827,0.0213000457733869,0.0326998997479677,0.0565999653190374,0.0,0.6,21.0,0,2
5,0,1321,PF,0.0028000213205814,0.0217999331653118,0.0015001278370618,0.0261000823229551,0.0,0.6,0.0,2,2
5,0,1321,Greedy-SLA,0.0027001369744539,0.0223999377340078,0.0016000121831893,0.0267000868916511,0.0,0.6,0.0,4,4
5,0,1321,DT-Top1,0.0026999041438102,0.0217000488191843,0.0015001278370618,0.0259000808000564,0.0,0.6,0.0,4,4
5,0,1322,PF,0.0029001384973526,0.0213999301195144,0.0014998950064182,0.0257999636232852,0.0,0.6,0.0,2,2
5,0,1322,Greedy-SLA,0.0027001369744539,0.0368999317288398,0.0018998980522155,0.0414999667555093,0.0,0.6,0.0,4,4
5,0,1322,DT-Top1,0.0026000197976827,0.0215999316424131,0.0330000184476375,0.0571999698877334,0.0,0.6,21.0,0,2
5,0,1323,PF,0.0028999056667089,0.0212001614272594,0.0016000121831893,0.0257000792771577,0.0,0.6,0.0,2,2
5,0,1323,Greedy-SLA,0.0027001369744539,0.0209999270737171,0.0014000106602907,0.0251000747084617,0.0,0.6,0.0,4,4
5,0,1323,DT-Top1,0.0024999026209115,0.0207000412046909,0.0015001278370618,0.0247000716626644,0.0,0.6,0.0,4,4
5,0,1324,PF,0.0028000213205814,0.0213000457733869,0.0015001278370618,0.0256001949310302,0.0,0.6,0.0,2,2
5,0,1324,Greedy-SLA,0.002400018274784,0.0215000472962856,0.0014000106602907,0.0253000762313604,0.0,0.6,0.0,4,4
5,0,1324,DT-Top1,0.0025001354515552,0.0297999940812587,0.0322000123560428,0.0645001418888568,0.0,0.6,21.0,0,2
5,0,1325,PF,0.0030999071896076,0.0212001614272594,0.0014998950064182,0.0257999636232852,0.0,0.6,0.0,2,2
5,0,1325,Greedy-SLA,0.0026999041438102,0.0206001568585634,0.0016000121831893,0.024900073185563,0.0,0.6,0.0,4,4
5,0,1325,DT-Top1,0.0026000197976827,0.0205999240279197,0.0014000106602907,0.0245999544858932,0.0,0.6,0.0,4,4
5,0,1326,PF,0.0028999056667089,0.0207000412046909,0.0016000121831893,0.0251999590545892,0.0,0.6,0.0,2,2
5,0,1326,Greedy-SLA,0.0026999041438102,0.0210001599043607,0.0322000123560428,0.0559000764042139,0.0,0.6,21.0,0,2
5,0,1326,DT-Top1,0.0026000197976827,0.0213999301195144,0.032300129532814,0.0563000794500112,0.0,0.6,21.0,0,2
5,0,1327,PF,0.0029001384973526,0.0213999301195144,0.0016000121831893,0.0259000808000564,0.0,0.6,0.0,2,2
5,0,1327,Greedy-SLA,0.0024999026209115,0.0207000412046909,0.0014998950064182,0.0246998388320207,0.0,0.6,0.0,4,4
5,0,1327,DT-Top1,0.0024999026209115,0.0209000427275896,0.0360999256372451,0.0594998709857463,0.0,0.6,21.0,0,2
5,0,1328,PF,0.0028999056667089,0.0211000442504882,0.0016000121831893,0.0255999621003866,0.0,0.6,0.0,2,2
5,0,1328,Greedy-SLA,0.0026000197976827,0.0210998114198446,0.0015001278370618,0.0251999590545892,0.0,0.6,0.0,4,4
5,0,1328,DT-Top1,0.0024999026209115,0.0207999255508184,0.0014000106602907,0.0246998388320207,0.0,0.6,0.0,4,4
5,0,1329,PF,0.0028999056667089,0.0209999270737171,0.0017001293599605,0.0255999621003866,0.0,0.6,0.0,2,2
5,0,1329,Greedy-SLA,0.0024999026209115,0.0211999285966157,0.0016000121831893,0.0252998434007167,0.0,0.6,0.0,4,4
5,0,1329,DT-Top1,0.002400018274784,0.0211999285966157,0.0320998951792717,0.0556998420506715,0.0,0.6,21.0,0,2
5,0,1330,PF,0.0028999056667089,0.0222001690417528,0.0016000121831893,0.0267000868916511,0.0,0.6,0.0,2,2
5,0,1330,Greedy-SLA,0.0026999041438102,0.0215999316424131,0.0015001278370618,0.0257999636232852,0.0,0.6,0.0,4,4
5,0,1330,DT-Top1,0.0026000197976827,0.0217999331653118,0.0326998997479677,0.0570998527109622,0.0,0.6,21.0,0,2
5,0,1331,PF,0.0030000228434801,0.0217000488191843,0.0014998950064182,0.0261999666690826,0.0,0.6,0.0,2,2
5,0,1331,Greedy-SLA,0.0028000213205814,0.0213000457733869,0.0014000106602907,0.0255000777542591,0.0,0.6,0.0,4,4
5,0,1331,DT-Top1,0.0026000197976827,0.0207000412046909,0.0014998950064182,0.0247999560087919,0.0,0.6,0.0,4,4
5,0,1332,PF,0.0028999056667089,0.0213000457733869,0.0016000121831893,0.0257999636232852,0.0,0.6,0.0,2,2
5,0,1332,Greedy-SLA,0.0027001369744539,0.0207999255508184,0.0014998950064182,0.0249999575316905,0.0,0.6,0.0,4,4
5,0,1332,DT-Top1,0.0025001354515552,0.0208998098969459,0.0318000093102455,0.0551999546587467,0.0,0.6,21.0,0,2
5,0,1333,PF,0.0029997900128364,0.0213000457733869,0.0016000121831893,0.0258998479694128,0.0,0.6,0.0,2,2
5,0,1333,Greedy-SLA,0.0025001354515552,0.0210998114198446,0.0014000106602907,0.0249999575316905,0.0,0.6,0.0,4,4
5,0,1333,DT-Top1,0.0026000197976827,0.0213999301195144,0.0325001310557127,0.0565000809729099,0.0,0.6,21.0,0,2
5,0,1334,PF,0.0030999071896076,0.0213000457733869,0.0016000121831893,0.0259999651461839,0.0,0.6,0.0,2,2
5,0,1334,Greedy-SLA,0.0025001354515552,0.0210998114198446,0.0015001278370618,0.0251000747084617,0.0,0.6,0.0,4,4
5,0,1334,DT-Top1,0.002400018274784,0.0209000427275896,0.0082999467849731,0.0316000077873468,0.0,0.6,0.0,4,4
5,0,1335,PF,0.0028000213205814,0.0220998190343379,0.0015001278370618,0.0263999681919813,0.0,0.6,0.0,2,2
5,0,1335,Greedy-SLA,0.0025001354515552,0.0212998129427433,0.0014000106602907,0.0251999590545892,0.0,0.6,0.0,4,4
5,0,1335,DT-Top1,0.002400018274784,0.0338000245392322,0.6961000617593527,0.732300104573369,0.0,0.6,21.0,0,2
5,0,1336,PF,0.0016000121831893,0.017999904230237,0.0009001232683658,0.0205000396817922,0.0,0.6,0.0,2,2
5,0,1336,Greedy-SLA,0.0014000106602907,0.0112000852823257,0.0008000060915946,0.0134001020342111,0.0,0.6,0.0,4,4
5,0,1336,DT-Top1,0.0012998934835195,0.0106999650597572,0.0172001309692859,0.0291999895125627,0.0,0.6,21.0,0,2
5,0,1337,PF,0.0016000121831893,0.0108000822365283,0.0007001217454671,0.0131002161651849,0.0,0.6,0.0,2,2
5,0,1337,Greedy-SLA,0.0012998934835195,0.0107001978904008,0.0008998904377222,0.0128999818116426,0.0,0.6,0.0,4,4
5,0,1337,DT-Top1,0.0012998934835195,0.0106000807136297,0.0162001233547925,0.0281000975519418,0.0,0.6,21.0,0,2
5,0,1338,PF,0.0014000106602907,0.0104999635368585,0.0008000060915946,0.0126999802887439,0.0,0.6,0.0,2,2
5,0,1338,Greedy-SLA,0.0009001232683658,0.0086000654846429,0.0010998919606208,0.0106000807136297,0.0,0.6,0.0,4,4
5,0,1338,DT-Top1,0.0026000197976827,0.0207000412046909,0.032499898225069,0.0557999592274427,0.0,0.6,21.0,0,2
5,0,1339,PF,0.0028999056667089,0.0216001644730567,0.0016000121831893,0.0261000823229551,0.0,0.6,0.0,2,2
5,0,1339,Greedy-SLA,0.0026000197976827,0.0210001599043607,0.0014000106602907,0.0250001903623342,0.0,0.6,0.0,4,4
5,0,1339,DT-Top1,0.0024999026209115,0.0207999255508184,0.0324000138789415,0.0556998420506715,0.0,0.6,21.0,0,2
5,0,1340,PF,0.0028999056667089,0.0210001599043607,0.0016000121831893,0.0255000777542591,0.0,0.6,0.0,2,2
5,0,1340,Greedy-SLA,0.0024999026209115,0.0211000442504882,0.0016000121831893,0.0251999590545892,0.0,0.6,0.0,4,4
5,0,1340,DT-Top1,0.0022999010980129,0.0207000412046909,0.0014998950064182,0.024499837309122,0.0,0.6,0.0,4,4
5,0,1341,PF,0.0028000213205814,0.0211000442504882,0.0015001278370618,0.0254001934081316,0.0,0.6,0.0,2,2
5,0,1341,Greedy-SLA,0.0028000213205814,0.0259999651461839,0.0319001264870166,0.060700112953782,0.0,0.6,21.0,0,2
5,0,1341,DT-Top1,0.0027001369744539,0.0211000442504882,0.0316000077873468,0.055400189012289,0.0,0.6,21.0,0,2
5,0,1342,PF,0.0028000213205814,0.0210998114198446,0.0015001278370618,0.0253999605774879,0.0,0.6,0.0,2,2
5,0,1342,Greedy-SLA,0.0028000213205814,0.0207000412046909,0.0320000108331441,0.0555000733584165,0.0,0.6,21.0,0,2
5,0,1342,DT-Top1,0.0026999041438102,0.0207000412046909,0.0310000032186508,0.054399948567152,0.0,0.6,21.0,0,2
5,0,1343,PF,0.0030000228434801,0.0211000442504882,0.0014998950064182,0.0255999621003866,0.0,0.6,0.0,2,2
5,0,1343,Greedy-SLA,0.0026000197976827,0.0210998114198446,0.0313001219183206,0.054999953135848,0.0,0.6,21.0,0,2
5,0,1343,DT-Top1,0.0027001369744539,0.0207000412046909,0.0304998829960823,0.0539000611752271,0.0,0.6,21.0,0,2
5,0,1344,PF,0.0029001384973526,0.0211000442504882,0.0014998950064182,0.0255000777542591,0.0,0.6,0.0,2,2
5,0,1344,Greedy-SLA,0.0026999041438102,0.0213000457733869,0.0015001278370618,0.0255000777542591,0.0,0.6,0.0,4,4
5,0,1344,DT-Top1,0.0024999026209115,0.0210001599043607,0.0014000106602907,0.024900073185563,0.0,0.6,0.0,4,4
5,0,1345,PF,0.0029001384973526,0.0300998799502849,0.0017001293599605,0.0347001478075981,0.0,0.6,0.0,2,2
5,0,1345,Greedy-SLA,0.002400018274784,0.0209999270737171,0.0016000121831893,0.0249999575316905,0.0,0.6,0.0,4,4
5,0,1345,DT-Top1,0.0026000197976827,0.0201999209821224,0.0016000121831893,0.0243999529629945,0.0,0.6,0.0,4,4
5,0,1346,PF,0.0028000213205814,0.0211000442504882,0.0014998950064182,0.0253999605774879,0.0,0.6,0.0,2,2
5,0,1346,Greedy-SLA,0.0026000197976827,0.0209000427275896,0.0014000106602907,0.024900073185563,0.0,0.6,0.0,4,4
5,0,1346,DT-Top1,0.002400018274784,0.0205000396817922,0.0324000138789415,0.0553000718355178,0.0,0.6,21.0,0,2
5,0,1347,PF,0.0029001384973526,0.0210998114198446,0.0016000121831893,0.0255999621003866,0.0,0.6,0.0,2,2
5,0,1347,Greedy-SLA,0.0026000197976827,0.0207000412046909,0.0014998950064182,0.0247999560087919,0.0,0.6,0.0,4,4
5,0,1347,DT-Top1,0.0025001354515552,0.020399922505021,0.0318000093102455,0.0547000672668218,0.0,0.6,21.0,0,2
5,0,1348,PF,0.0028000213205814,0.0206998083740472,0.0016000121831893,0.0250998418778181,0.0,0.6,0.0,2,2
5,0,1348,Greedy-SLA,0.0025001354515552,0.0205999240279197,0.0014998950064182,0.0245999544858932,0.0,0.6,0.0,4,4
5,0,1348,DT-Top1,0.0024999026209115,0.0204001553356647,0.031299889087677,0.0541999470442533,0.0,0.6,21.0,0,2
5,0,1349,PF,0.0028999056667089,0.0209000427275896,0.0016000121831893,0.0253999605774879,0.0,0.6,0.0,2,2
5,0,1349,Greedy-SLA,0.002400018274784,0.0392000656574964,0.0016000121831893,0.0432000961154699,0.0,0.6,0.0,4,4
5,0,1349,DT-Top1,0.0026000197976827,0.0245000701397657,0.0328999012708663,0.0599999912083148,0.0,0.6,21.0,0,2
5,0,1350,PF,0.0029997900128364,0.0318000093102455,0.001800013706088,0.03659981302917,0.0,0.6,0.0,2,2
5,0,1350,Greedy-SLA,0.4882998764514923,0.0187000259757041,0.0007001217454671,0.5077000241726637,0.0,0.6,0.0,4,4
5,0,1350,DT-Top1,0.0028999056667089,0.0229000579565763,0.0360000412911176,0.0618000049144029,0.0,0.6,21.0,0,2
5,0,1351,PF,0.0030999071896076,0.0227000564336776,0.0016000121831893,0.0273999758064746,0.0,0.6,0.0,2,2
5,0,1351,Greedy-SLA,0.0025001354515552,0.0217999331653118,0.0322998967021703,0.0565999653190374,0.0,0.6,21.0,0,2
5,0,1351,DT-Top1,0.0026999041438102,0.0211000442504882,0.0315001234412193,0.0553000718355178,0.0,0.6,21.0,0,2
5,0,1352,PF,0.0028000213205814,0.0215000472962856,0.0016000121831893,0.0259000808000564,0.0,0.6,0.0,2,2
5,0,1352,Greedy-SLA,0.0026999041438102,0.0209000427275896,0.0014998950064182,0.0250998418778181,0.0,0.6,0.0,4,4
5,0,1352,DT-Top1,0.0028000213205814,0.0208998098969459,0.0318000093102455,0.0554998405277729,0.0,0.6,21.0,0,2
5,0,1353,PF,0.0029001384973526,0.0213999301195144,0.0014998950064182,0.0257999636232852,0.0,0.6,0.0,2,2
5,0,1353,Greedy-SLA,0.0026000197976827,0.0211999285966157,0.0014998950064182,0.0252998434007167,0.0,0.6,0.0,4,4
5,0,1353,DT-Top1,0.0026000197976827,0.0209000427275896,0.0316998921334743,0.0551999546587467,0.0,0.6,21.0,0,2
5,0,1354,PF,0.0031001400202512,0.0207999255508184,0.0014998950064182,0.0253999605774879,0.0,0.6,0.0,2,2
5,0,1354,Greedy-SLA,0.0028000213205814,0.0210998114198446,0.0015001278370618,0.0253999605774879,0.0,0.6,0.0,4,4
5,0,1354,DT-Top1,0.0026000197976827,0.0209000427275896,0.0309001188725233,0.0544001813977956,0.0,0.6,21.0,0,2
5,0,1355,PF,0.0030000228434801,0.0211000442504882,0.0014998950064182,0.0255999621003866,0.0,0.6,0.0,2,2
5,0,1355,Greedy-SLA,0.0026999041438102,0.0211000442504882,0.0015001278370618,0.0253000762313604,0.0,0.6,0.0,4,4
5,0,1355,DT-Top1,0.0024999026209115,0.0207999255508184,0.0015001278370618,0.0247999560087919,0.0,0.6,0.0,4,4
5,0,1356,PF,0.0028999056667089,0.020800158381462,0.0014998950064182,0.0251999590545892,0.0,0.6,0.0,2,2
5,0,1356,Greedy-SLA,0.0023997854441404,0.0210001599043607,0.0014998950064182,0.0248998403549194,0.0,0.6,0.0,4,4
5,0,1356,DT-Top1,0.0025001354515552,0.0206998083740472,0.0316000077873468,0.0547999516129493,0.0,0.6,21.0,0,2
5,0,1357,PF,0.0032000243663787,0.0207999255508184,0.0016000121831893,0.0255999621003866,0.0,0.6,0.0,2,2
5,0,1357,Greedy-SLA,0.0027001369744539,0.0210998114198446,0.0015001278370618,0.0253000762313604,0.0,0.6,0.0,4,4
5,0,1357,DT-Top1,0.002400018274784,0.0211000442504882,0.0316000077873468,0.0551000703126192,0.0,0.6,21.0,0,2
5,0,1358,PF,0.0030999071896076,0.0207000412046909,0.0016000121831893,0.0253999605774879,0.0,0.6,0.0,2,2
5,0,1358,Greedy-SLA,0.0027001369744539,0.0208998098969459,0.0014000106602907,0.0249999575316905,0.0,0.6,0.0,4,4
5,0,1358,DT-Top1,0.0025001354515552,0.0207999255508184,0.0313001219183206,0.0546001829206943,0.0,0.6,21.0,0,2
5,0,1359,PF,0.0028999056667089,0.0205999240279197,0.0016000121831893,0.0250998418778181,0.0,0.6,0.0,2,2
5,0,1359,Greedy-SLA,0.0028000213205814,0.2000001259148121,0.020399922505021,0.2232000697404146,0.0,0.6,21.0,0,2
5,0,1359,DT-Top1,0.0032999087125062,0.0249999575316905,0.0322000123560428,0.0604998786002397,0.0,0.6,21.0,0,2
5,0,1360,PF,0.0028999056667089,0.0223999377340078,0.0016000121831893,0.0268998555839061,0.0,0.6,0.0,2,2
5,0,1360,Greedy-SLA,0.0022000167518854,0.0403998419642448,0.0045001506805419,0.0471000093966722,0.0,0.6,0.0,4,4
5,0,1360,DT-Top1,0.0032000243663787,0.0328999012708663,0.0016000121831893,0.0376999378204345,0.0,0.6,0.0,4,4
5,0,1361,PF,0.0032000243663787,0.0227000564336776,0.0016000121831893,0.0275000929832458,0.0,0.6,0.0,2,2
5,0,1361,Greedy-SLA,0.0028000213205814,0.0218998175114393,0.0016000121831893,0.0262998510152101,0.0,0.6,0.0,4,4
5,0,1361,DT-Top1,0.0026999041438102,0.0214001629501581,0.0014998950064182,0.0255999621003866,0.0,0.6,0.0,4,4
5,0,1362,PF,0.0030999071896076,0.0215999316424131,0.0016000121831893,0.0262998510152101,0.0,0.6,0.0,2,2
5,0,1362,Greedy-SLA,0.0032000243663787,0.0233000610023736,0.0014998950064182,0.0279999803751707,0.0,0.6,0.0,4,4
5,0,1362,DT-Top1,0.0026999041438102,0.0213000457733869,0.0350999180227518,0.059099867939949,0.0,0.6,21.0,0,2
5,0,1363,PF,0.0030000228434801,0.0213000457733869,0.0014998950064182,0.0257999636232852,0.0,0.6,0.0,2,2
5,0,1363,Greedy-SLA,0.0026000197976827,0.0213999301195144,0.0322000123560428,0.05619996227324,0.0,0.6,21.0,0,2
5,0,1363,DT-Top1,0.0026000197976827,0.0209999270737171,0.0314000062644481,0.054999953135848,0.0,0.6,21.0,0,2
5,0,1364,PF,0.0030999071896076,0.0216001644730567,0.0016000121831893,0.0263000838458538,0.0,0.6,0.0,2,2
5,0,1364,Greedy-SLA,0.0027001369744539,0.0213999301195144,0.0014000106602907,0.0255000777542591,0.0,0.6,0.0,4,4
5,0,1364,DT-Top1,0.0026999041438102,0.0213999301195144,0.0015001278370618,0.0255999621003866,0.0,0.6,0.0,4,4
5,0,1365,PF,0.0029001384973526,0.0217000488191843,0.0014998950064182,0.0261000823229551,0.0,0.6,0.0,2,2
5,0,1365,Greedy-SLA,0.0026000197976827,0.0213000457733869,0.0014000106602907,0.0253000762313604,0.0,0.6,0.0,4,4
5,0,1365,DT-Top1,0.0026000197976827,0.0211000442504882,0.0318000093102455,0.0555000733584165,0.0,0.6,21.0,0,2
5,0,1366,PF,0.0030000228434801,0.0211000442504882,0.0016000121831893,0.0257000792771577,0.0,0.6,0.0,2,2
5,0,1366,Greedy-SLA,0.0028000213205814,0.0219999346882104,0.0015001278370618,0.0263000838458538,0.0,0.6,0.0,4,4
5,0,1366,DT-Top1,0.0026999041438102,0.0209000427275896,0.0325001310557127,0.0561000779271125,0.0,0.6,21.0,0,2
5,0,1367,PF,0.0030999071896076,0.0211000442504882,0.0016000121831893,0.0257999636232852,0.0,0.6,0.0,2,2
5,0,1367,Greedy-SLA,0.0027001369744539,0.0213000457733869,0.001399777829647,0.0253999605774879,0.0,0.6,0.0,4,4
5,0,1367,DT-Top1,0.0025001354515552,0.0209000427275896,0.0320998951792717,0.0555000733584165,0.0,0.6,21.0,0,2
5,0,1368,PF,0.0030000228434801,0.5224000196903944,0.0013001263141632,0.5267001688480377,0.0,0.6,0.0,2,2
5,0,1368,Greedy-SLA,0.0032000243663787,0.0280998647212982,0.0020000152289867,0.0332999043166637,0.0,0.6,0.0,4,4
5,0,1368,DT-Top1,0.0027001369744539,0.0217000488191843,0.0384999439120292,0.0629001297056675,0.0,0.6,21.0,0,2
5,0,1369,PF,0.0030000228434801,0.0223999377340078,0.0017001293599605,0.0271000899374485,0.0,0.6,0.0,2,2
5,0,1369,Greedy-SLA,0.0027001369744539,0.0221999362111091,0.0015001278370618,0.0264002010226249,0.0,0.6,0.0,4,4
5,0,1369,DT-Top1,0.0027001369744539,0.0227000564336776,0.032499898225069,0.0579000916332006,0.0,0.6,21.0,0,2
5,0,1370,PF,0.0032000243663787,0.0215999316424131,0.0016998965293169,0.0264998525381088,0.0,0.6,0.0,2,2
5,0,1370,Greedy-SLA,0.0025001354515552,0.0212998129427433,0.0015001278370618,0.0253000762313604,0.0,0.6,0.0,4,4
5,0,1370,DT-Top1,0.0026999041438102,0.0210001599043607,0.0319997780025005,0.0556998420506715,0.0,0.6,21.0,0,2
5,0,1371,PF,0.0030999071896076,0.0213000457733869,0.0016000121831893,0.0259999651461839,0.0,0.6,0.0,2,2
5,0,1371,Greedy-SLA,0.0026000197976827,0.0209999270737171,0.0016000121831893,0.0251999590545892,0.0,0.6,0.0,4,4
5,0,1371,DT-Top1,0.0025001354515552,0.0207999255508184,0.0318000093102455,0.0551000703126192,0.0,0.6,21.0,0,2
5,0,1372,PF,0.0030000228434801,0.0215999316424131,0.0015001278370618,0.0261000823229551,0.0,0.6,0.0,2,2
5,0,1372,Greedy-SLA,0.0026999041438102,0.0211000442504882,0.0015001278370618,0.0253000762313604,0.0,0.6,0.0,4,4
5,0,1372,DT-Top1,0.002400018274784,0.0203000381588935,0.0014998950064182,0.0241999514400959,0.0,0.6,0.0,4,4
5,0,1373,PF,0.0028999056667089,0.0211000442504882,0.0014998950064182,0.0254998449236154,0.0,0.6,0.0,2,2
5,0,1373,Greedy-SLA,0.0024999026209115,0.0210001599043607,0.0322998967021703,0.0557999592274427,0.0,0.6,21.0,0,2
5,0,1373,DT-Top1,0.002400018274784,0.0208998098969459,0.0315001234412193,0.0547999516129493,0.0,0.6,21.0,0,2
5,0,1374,PF,0.0028000213205814,0.0211999285966157,0.0016000121831893,0.0255999621003866,0.0,0.6,0.0,2,2
5,0,1374,Greedy-SLA,0.0022999010980129,0.0207999255508184,0.0015001278370618,0.0245999544858932,0.0,0.6,0.0,4,4
5,0,1374,DT-Top1,0.0026000197976827,0.0211999285966157,0.031899893656373,0.0556998420506715,0.0,0.6,21.0,0,2
5,0,1375,PF,0.0030000228434801,0.0215000472962856,0.0014998950064182,0.0259999651461839,0.0,0.6,0.0,2,2
5,0,1375,Greedy-SLA,0.0026000197976827,0.0210998114198446,0.0015001278370618,0.0251999590545892,0.0,0.6,0.0,4,4
5,0,1375,DT-Top1,0.0024999026209115,0.0210001599043607,0.0313997734338045,0.0548998359590768,0.0,0.6,21.0,0,2
5,0,1376,PF,0.0030000228434801,0.0210998114198446,0.0015001278370618,0.0255999621003866,0.0,0.6,0.0,2,2
5,0,1376,Greedy-SLA,0.0026000197976827,0.0209000427275896,0.0014998950064182,0.0249999575316905,0.0,0.6,0.0,4,4
5,0,1376,DT-Top1,0.0024999026209115,0.0203000381588935,0.0316000077873468,0.054399948567152,0.0,0.6,21.0,0,2
5,0,1377,PF,0.0030000228434801,0.0207000412046909,0.0014998950064182,0.0251999590545892,0.0,0.6,0.0,2,2
5,0,1377,Greedy-SLA,0.0026000197976827,0.020200153812766,0.0014000106602907,0.0242001842707395,0.0,0.6,0.0,4,4
5,0,1377,DT-Top1,0.0026000197976827,0.0207999255508184,0.0321001280099153,0.0555000733584165,0.0,0.6,21.0,0,2
5,0,1378,PF,0.0028999056667089,0.0206001568585634,0.0016000121831893,0.0251000747084617,0.0,0.6,0.0,2,2
5,0,1378,Greedy-SLA,0.0025001354515552,0.0211000442504882,0.0016000121831893,0.0252001918852329,0.0,0.6,0.0,4,4
5,0,1378,DT-Top1,0.002400018274784,0.0207999255508184,0.0314998906105756,0.0546998344361782,0.0,0.6,21.0,0,2
5,0,1379,PF,0.0028999056667089,0.0207000412046909,0.0016000121831893,0.0251999590545892,0.0,0.6,0.0,2,2
5,0,1379,Greedy-SLA,0.0025001354515552,0.020399922505021,0.0014998950064182,0.0243999529629945,0.0,0.6,0.0,4,4
5,0,1379,DT-Top1,0.0026000197976827,0.0255000777542591,0.0014998950064182,0.0295999925583601,0.0,0.6,0.0,4,4
5,0,1380,PF,0.0028999056667089,0.0314000062644481,0.0015001278370618,0.0358000397682189,0.0,0.6,0.0,2,2
5,0,1380,Greedy-SLA,0.0026999041438102,0.0203000381588935,0.0014998950064182,0.024499837309122,0.0,0.6,0.0,4,4
5,0,1380,DT-Top1,0.0026000197976827,0.0207000412046909,0.0314998906105756,0.0547999516129493,0.0,0.6,21.0,0,2
5,0,1381,PF,0.0028999056667089,0.0207999255508184,0.0016000121831893,0.0252998434007167,0.0,0.6,0.0,2,2
5,0,1381,Greedy-SLA,0.0028000213205814,0.0216998159885406,0.0014000106602907,0.0258998479694128,0.0,0.6,0.0,4,4
5,0,1381,DT-Top1,0.0028000213205814,0.0209999270737171,0.0322000123560428,0.0559999607503414,0.0,0.6,21.0,0,2
5,0,1382,PF,0.0030000228434801,0.0215000472962856,0.0016000121831893,0.0261000823229551,0.0,0.6,0.0,2,2
5,0,1382,Greedy-SLA,0.0028000213205814,0.0223999377340078,0.0016998965293169,0.0268998555839061,0.0,0.6,0.0,4,4
5,0,1382,DT-Top1,0.0026000197976827,0.0211000442504882,0.0014998950064182,0.0251999590545892,0.0,0.6,0.0,4,4
5,0,1383,PF,0.0032000243663787,0.0211999285966157,0.0016000121831893,0.0259999651461839,0.0,0.6,0.0,2,2
5,0,1383,Greedy-SLA,0.0026000197976827,0.0210001599043607,0.0014998950064182,0.0251000747084617,0.0,0.6,0.0,4,4
5,0,1383,DT-Top1,0.0026000197976827,0.020399922505021,0.0014000106602907,0.0243999529629945,0.0,0.6,0.0,4,4
5,0,1384,PF,0.0028999056667089,0.0206001568585634,0.0014998950064182,0.0249999575316905,0.0,0.6,0.0,2,2
5,0,1384,Greedy-SLA,0.0030000228434801,0.0223999377340078,0.0015001278370618,0.0269000884145498,0.0,0.6,0.0,4,4
5,0,1384,DT-Top1,0.0026000197976827,0.0207999255508184,0.0016000121831893,0.0249999575316905,0.0,0.6,0.0,4,4
5,0,1385,PF,0.0028999056667089,0.0207999255508184,0.0015001278370618,0.0251999590545892,0.0,0.6,0.0,2,2
5,0,1385,Greedy-SLA,0.0026000197976827,0.0209999270737171,0.0014000106602907,0.0249999575316905,0.0,0.6,0.0,4,4
5,0,1385,DT-Top1,0.0044999178498983,0.0483000185340642,0.0501999165862798,0.1029998529702425,0.0,0.6,21.0,0,2
5,0,1386,PF,0.0339001417160034,0.0261999666690826,0.0014000106602907,0.0615001190453767,0.0,0.6,0.0,2,2
5,0,1386,Greedy-SLA,0.0022999010980129,0.0180001370608806,0.0012998934835195,0.0215999316424131,0.0,0.6,0.0,4,4
5,0,1386,DT-Top1,0.0022999010980129,0.0163000077009201,0.0011001247912645,0.0197000335901975,0.0,0.6,0.0,4,4
5,0,1387,PF,0.0022000167518854,0.0164001248776912,0.001200009137392,0.0198001507669687,0.0,0.6,0.0,2,2
5,0,1387,Greedy-SLA,0.0020000152289867,0.0631001312285661,0.028999987989664,0.0941001344472169,0.0,0.6,21.0,0,2
5,0,1387,DT-Top1,0.0020998995751142,0.0241999514400959,0.0270002055913209,0.0533000566065311,0.0,0.6,21.0,0,2
5,0,1388,PF,0.0026000197976827,0.0428000930696725,0.0012998934835195,0.0467000063508749,0.0,0.6,0.0,2,2
5,0,1388,Greedy-SLA,0.0023001339286565,0.0199000351130962,0.0011997763067483,0.0233999453485012,0.0,0.6,0.0,4,4
5,0,1388,DT-Top1,0.001999782398343,0.054800184443593,0.0475998967885971,0.1043998636305332,0.0,0.6,21.0,0,2
5,0,1389,PF,0.0074999406933784,0.0626000110059976,0.0009001232683658,0.0710000749677419,0.0,0.6,0.0,2,2
5,0,1389,Greedy-SLA,0.0014000106602907,0.0113998539745807,0.000600004568696,0.0133998692035675,0.0,0.6,0.0,4,4
5,0,1389,DT-Top1,0.0010000076144933,0.0080000609159469,0.0132999848574399,0.0223000533878803,0.0,0.6,21.0,0,2
5,0,1390,PF,0.0010998919606208,0.0082000624388456,0.000600004568696,0.0098999589681625,0.0,0.6,0.0,2,2
5,0,1390,Greedy-SLA,0.0010000076144933,0.0084999483078718,0.0005001202225685,0.0100000761449337,0.0,0.6,0.0,4,4
5,0,1390,DT-Top1,0.0010000076144933,0.0078999437391757,0.0122000928968191,0.0211000442504882,0.0,0.6,21.0,0,2
5,0,1391,PF,0.001200009137392,0.0082000624388456,0.0004998873919248,0.0098999589681625,0.0,0.6,0.0,2,2
5,0,1391,Greedy-SLA,0.0010000076144933,0.0077998265624046,0.000600004568696,0.009399838745594,0.0,0.6,0.0,4,4
5,0,1391,DT-Top1,0.0010000076144933,0.0078999437391757,0.0118000898510217,0.0207000412046909,0.0,0.6,21.0,0,2
5,0,1392,PF,0.0010000076144933,0.0082000624388456,0.000600004568696,0.009800074622035,0.0,0.6,0.0,2,2
5,0,1392,Greedy-SLA,0.0009001232683658,0.0080999452620744,0.000600004568696,0.0096000730991363,0.0,0.6,0.0,4,4
5,0,1392,DT-Top1,0.0009001232683658,0.0080999452620744,0.000600004568696,0.0096000730991363,0.0,0.6,0.0,4,4
5,0,1393,PF,0.0010998919606208,0.0189999118447303,0.0015001278370618,0.0215999316424131,0.0,0.6,0.0,2,2
5,0,1393,Greedy-SLA,0.0027001369744539,0.0215999316424131,0.0014998950064182,0.0257999636232852,0.0,0.6,0.0,4,4
5,0,1393,DT-Top1,0.0028000213205814,0.0211999285966157,0.0325001310557127,0.0565000809729099,0.0,0.6,21.0,0,2
5,0,1394,PF,0.0028999056667089,0.0215000472962856,0.0016000121831893,0.0259999651461839,0.0,0.6,0.0,2,2
5,0,1394,Greedy-SLA,0.0026000197976827,0.0213000457733869,0.0014000106602907,0.0253000762313604,0.0,0.6,0.0,4,4
5,0,1394,DT-Top1,0.0024999026209115,0.0212001614272594,0.031899893656373,0.055599957704544,0.0,0.6,21.0,0,2
5,0,1395,PF,0.0028000213205814,0.0206001568585634,0.0015997793525457,0.0249999575316905,0.0,0.6,0.0,2,2
5,0,1395,Greedy-SLA,0.0027001369744539,0.0215000472962856,0.0014000106602907,0.0256001949310302,0.0,0.6,0.0,4,4
5,0,1395,DT-Top1,0.0026000197976827,0.0209999270737171,0.0319001264870166,0.0555000733584165,0.0,0.6,21.0,0,2
5,0,1396,PF,0.0029001384973526,0.0207999255508184,0.0014998950064182,0.0251999590545892,0.0,0.6,0.0,2,2
5,0,1396,Greedy-SLA,0.0026000197976827,0.0207000412046909,0.0014998950064182,0.0247999560087919,0.0,0.6,0.0,4,4
5,0,1396,DT-Top1,0.0026000197976827,0.0207000412046909,0.0321001280099153,0.055400189012289,0.0,0.6,21.0,0,2
5,0,1397,PF,0.0030000228434801,0.0207999255508184,0.001800013706088,0.0255999621003866,0.0,0.6,0.0,2,2
5,0,1397,Greedy-SLA,0.0027001369744539,0.0211000442504882,0.0014998950064182,0.0253000762313604,0.0,0.6,0.0,4,4
5,0,1397,DT-Top1,0.0024999026209115,0.0207000412046909,0.0014000106602907,0.0245999544858932,0.0,0.6,0.0,4,4
5,0,1398,PF,0.0029001384973526,0.0212998129427433,0.0015001278370618,0.0257000792771577,0.0,0.6,0.0,2,2
5,0,1398,Greedy-SLA,0.0027001369744539,0.0209999270737171,0.0014998950064182,0.0251999590545892,0.0,0.6,0.0,4,4
5,0,1398,DT-Top1,0.0025001354515552,0.0209999270737171,0.0014000106602907,0.024900073185563,0.0,0.6,0.0,4,4
5,0,1399,PF,0.0030000228434801,0.0205999240279197,0.0014998950064182,0.0250998418778181,0.0,0.6,0.0,2,2
5,0,1399,Greedy-SLA,0.0027001369744539,0.0211999285966157,0.0014000106602907,0.0253000762313604,0.0,0.6,0.0,4,4
5,0,1399,DT-Top1,0.0025001354515552,0.0205999240279197,0.0014998950064182,0.0245999544858932,0.0,0.6,0.0,4,4
5,0,1400,PF,0.0028999056667089,0.0211000442504882,0.0016000121831893,0.0255999621003866,0.0,0.6,0.0,2,2
5,0,1400,Greedy-SLA,0.0026000197976827,0.0205999240279197,0.0015001278370618,0.0247000716626644,0.0,0.6,0.0,4,4
5,0,1400,DT-Top1,0.0026000197976827,0.0206998083740472,0.0320000108331441,0.0552998390048742,0.0,0.6,21.0,0,2
5,0,1401,PF,0.0030000228434801,0.0207000412046909,0.0016000121831893,0.0253000762313604,0.0,0.6,0.0,2,2
5,0,1401,Greedy-SLA,0.0026999041438102,0.0207000412046909,0.0014998950064182,0.0248998403549194,0.0,0.6,0.0,4,4
5,0,1401,DT-Top1,0.0024999026209115,0.0203000381588935,0.0014998950064182,0.0242998357862234,0.0,0.6,0.0,4,4
5,0,1402,PF,0.0030000228434801,0.0205999240279197,0.0015001278370618,0.0251000747084617,0.0,0.6,0.0,2,2
5,0,1402,Greedy-SLA,0.0028000213205814,0.0209000427275896,0.0014998950064182,0.0251999590545892,0.0,0.6,0.0,4,4
5,0,1402,DT-Top1,0.0026000197976827,0.0209000427275896,0.031899893656373,0.0553999561816453,0.0,0.6,21.0,0,2
5,0,1403,PF,0.0030000228434801,0.0213000457733869,0.0014998950064182,0.0257999636232852,0.0,0.6,0.0,2,2
5,0,1403,Greedy-SLA,0.0026000197976827,0.0215999316424131,0.0014000106602907,0.0255999621003866,0.0,0.6,0.0,4,4
5,0,1403,DT-Top1,0.0026000197976827,0.0209999270737171,0.0015001278370618,0.0251000747084617,0.0,0.6,0.0,4,4
5,0,1404,PF,0.0032000243663787,0.0211000442504882,0.0016000121831893,0.0259000808000564,0.0,0.6,0.0,2,2
5,0,1404,Greedy-SLA,0.0028000213205814,0.0215000472962856,0.0016000121831893,0.0259000808000564,0.0,0.6,0.0,4,4
5,0,1404,DT-Top1,0.0029001384973526,0.0209000427275896,0.0326000154018402,0.0564001966267824,0.0,0.6,21.0,0,2
5,0,1405,PF,0.0030000228434801,0.0209000427275896,0.0014998950064182,0.0253999605774879,0.0,0.6,0.0,2,2
5,0,1405,Greedy-SLA,0.0026000197976827,0.0209000427275896,0.0016000121831893,0.0251000747084617,0.0,0.6,0.0,4,4
5,0,1405,DT-Top1,0.0027001369744539,0.0211000442504882,0.0317997764796018,0.055599957704544,0.0,0.6,21.0,0,2
5,0,1406,PF,0.0032000243663787,0.0209000427275896,0.0016998965293169,0.0257999636232852,0.0,0.6,0.0,2,2
5,0,1406,Greedy-SLA,0.0027001369744539,0.0209999270737171,0.0014998950064182,0.0251999590545892,0.0,0.6,0.0,4,4
5,0,1406,DT-Top1,0.0026000197976827,0.0211000442504882,0.0324000138789415,0.0561000779271125,0.0,0.6,21.0,0,2
5,0,1407,PF,0.0032000243663787,0.0211000442504882,0.0016998965293169,0.0259999651461839,0.0,0.6,0.0,2,2
5,0,1407,Greedy-SLA,0.0028000213205814,0.0213000457733869,0.0014998950064182,0.0255999621003866,0.0,0.6,0.0,4,4
5,0,1407,DT-Top1,0.0026000197976827,0.023100059479475,0.0320000108331441,0.0577000901103019,0.0,0.6,21.0,0,2
5,0,1408,PF,0.0028000213205814,0.0211999285966157,0.0014000106602907,0.0253999605774879,0.0,0.6,0.0,2,2
5,0,1408,Greedy-SLA,0.0026999041438102,0.0211000442504882,0.0014998950064182,0.0252998434007167,0.0,0.6,0.0,4,4
5,0,1408,DT-Top1,0.0028000213205814,0.0207000412046909,0.032499898225069,0.0559999607503414,0.0,0.6,21.0,0,2
5,0,1409,PF,0.0029997900128364,0.0234001781791448,0.0016000121831893,0.0279999803751707,0.0,0.6,0.0,2,2
5,0,1409,Greedy-SLA,0.0026999041438102,0.0213000457733869,0.0014000106602907,0.0253999605774879,0.0,0.6,0.0,4,4
5,0,1409,DT-Top1,0.0026000197976827,0.0207000412046909,0.0324000138789415,0.0557000748813152,0.0,0.6,21.0,0,2
5,0,1410,PF,0.0027997884899377,0.0206001568585634,0.0014998950064182,0.0248998403549194,0.0,0.6,0.0,2,2
5,0,1410,Greedy-SLA,0.0026000197976827,0.0209000427275896,0.0014998950064182,0.0249999575316905,0.0,0.6,0.0,4,4
5,0,1410,DT-Top1,0.0025001354515552,0.0207999255508184,0.0320998951792717,0.0553999561816453,0.0,0.6,21.0,0,2
5,0,1411,PF,0.0028999056667089,0.0209000427275896,0.0015001278370618,0.0253000762313604,0.0,0.6,0.0,2,2
5,0,1411,Greedy-SLA,0.0026000197976827,0.020399922505021,0.0318000093102455,0.0547999516129493,0.0,0.6,21.0,0,2
5,0,1411,DT-Top1,0.0028000213205814,0.0210998114198446,0.0315001234412193,0.0553999561816453,0.0,0.6,21.0,0,2
5,0,1412,PF,0.0029001384973526,0.0206998083740472,0.0015001278370618,0.0251000747084617,0.0,0.6,0.0,2,2
5,0,1412,Greedy-SLA,0.0026999041438102,0.0207999255508184,0.0016000121831893,0.0250998418778181,0.0,0.6,0.0,4,4
5,0,1412,DT-Top1,0.0028000213205814,0.0205999240279197,0.031299889087677,0.0546998344361782,0.0,0.6,21.0,0,2
5,0,1413,PF,0.0030000228434801,0.0208998098969459,0.0016000121831893,0.0254998449236154,0.0,0.6,0.0,2,2
5,0,1413,Greedy-SLA,0.0026000197976827,0.0208998098969459,0.0015001278370618,0.0249999575316905,0.0,0.6,0.0,4,4
5,0,1413,DT-Top1,0.0026000197976827,0.0205999240279197,0.031700124964118,0.0549000687897205,0.0,0.6,21.0,0,2
5,0,1414,PF,0.0032000243663787,0.0240998342633247,0.0016000121831893,0.0288998708128929,0.0,0.6,0.0,2,2
5,0,1414,Greedy-SLA,0.0026000197976827,0.0209999270737171,0.0016000121831893,0.0251999590545892,0.0,0.6,0.0,4,4
5,0,1414,DT-Top1,0.0026000197976827,0.0203000381588935,0.0016000121831893,0.0245000701397657,0.0,0.6,0.0,4,4
5,0,1415,PF,0.0028999056667089,0.0207000412046909,0.0014998950064182,0.0250998418778181,0.0,0.6,0.0,2,2
5,0,1415,Greedy-SLA,0.0026000197976827,0.0207000412046909,0.0014998950064182,0.0247999560087919,0.0,0.6,0.0,4,4
5,0,1415,DT-Top1,0.0026000197976827,0.0204001553356647,0.0014998950064182,0.0245000701397657,0.0,0.6,0.0,4,4
5,0,1416,PF,0.0028000213205814,0.0207999255508184,0.0016000121831893,0.0251999590545892,0.0,0.6,0.0,2,2
5,0,1416,Greedy-SLA,0.0024999026209115,0.0207000412046909,0.031299889087677,0.0544998329132795,0.0,0.6,21.0,0,2
5,0,1416,DT-Top1,0.0026000197976827,0.0207000412046909,0.0314000062644481,0.0547000672668218,0.0,0.6,21.0,0,2
5,0,1417,PF,0.0030000228434801,0.0206001568585634,0.0015997793525457,0.0251999590545892,0.0,0.6,0.0,2,2
5,0,1417,Greedy-SLA,0.0027001369744539,0.0207000412046909,0.0316998921334743,0.0551000703126192,0.0,0.6,21.0,0,2
5,0,1417,DT-Top1,0.0027001369744539,0.0205999240279197,0.0318000093102455,0.0551000703126192,0.0,0.6,21.0,0,2
5,0,1418,PF,0.0029001384973526,0.0205000396817922,0.0014998950064182,0.024900073185563,0.0,0.6,0.0,2,2
5,0,1418,Greedy-SLA,0.0027001369744539,0.1246000174432993,0.0048000365495681,0.1321001909673214,0.0,0.6,0.0,4,4
5,0,1418,DT-Top1,0.0054999254643917,0.0476001296192407,0.046999892219901,0.1000999473035335,0.0,0.6,21.0,0,2
5,0,1419,PF,0.0034000258892774,0.0255999621003866,0.0017001293599605,0.0307001173496246,0.0,0.6,0.0,2,2
5,0,1419,Greedy-SLA,0.0028999056667089,0.0226001720875501,0.0016000121831893,0.0271000899374485,0.0,0.6,0.0,4,4
5,0,1419,DT-Top1,0.0025001354515552,0.0209000427275896,0.0014000106602907,0.0248001888394355,0.0,0.6,0.0,4,4
5,0,1420,PF,0.0029001384973526,0.0215999316424131,0.0014998950064182,0.0259999651461839,0.0,0.6,0.0,2,2
5,0,1420,Greedy-SLA,0.0024999026209115,0.0209999270737171,0.0015001278370618,0.0249999575316905,0.0,0.6,0.0,4,4
5,0,1420,DT-Top1,0.0025001354515552,0.0206998083740472,0.0485000200569629,0.0716999638825655,0.0,0.6,21.0,0,2
5,0,1421,PF,0.0030000228434801,0.0215000472962856,0.0014998950064182,0.0259999651461839,0.0,0.6,0.0,2,2
5,0,1421,Greedy-SLA,0.0025001354515552,0.0207999255508184,0.0015001278370618,0.0248001888394355,0.0,0.6,0.0,4,4
5,0,1421,DT-Top1,0.002400018274784,0.020399922505021,0.0016000121831893,0.0243999529629945,0.0,0.6,0.0,4,4
5,0,1422,PF,0.0030000228434801,0.0205999240279197,0.0015001278370618,0.0251000747084617,0.0,0.6,0.0,2,2
5,0,1422,Greedy-SLA,0.0025001354515552,0.0207000412046909,0.0322998967021703,0.0555000733584165,0.0,0.6,21.0,0,2
5,0,1422,DT-Top1,0.002400018274784,0.020800158381462,0.0314998906105756,0.0547000672668218,0.0,0.6,21.0,0,2
5,0,1423,PF,0.0028000213205814,0.0205000396817922,0.0015001278370618,0.0248001888394355,0.0,0.6,0.0,2,2
5,0,1423,Greedy-SLA,0.002400018274784,0.0205999240279197,0.0318000093102455,0.0547999516129493,0.0,0.6,21.0,0,2
5,0,1423,DT-Top1,0.0024999026209115,0.0203000381588935,0.0309001188725233,0.0537000596523284,0.0,0.6,21.0,0,2
5,0,1424,PF,0.0028999056667089,0.0203000381588935,0.0015001278370618,0.0247000716626644,0.0,0.6,0.0,2,2
5,0,1424,Greedy-SLA,0.0023997854441404,0.0204001553356647,0.0014998950064182,0.0242998357862234,0.0,0.6,0.0,4,4
5,0,1424,DT-Top1,0.0022000167518854,0.0930000096559524,0.0016998965293169,0.0968999229371547,0.0,0.6,0.0,4,4
5,0,1425,PF,0.0028999056667089,0.0215999316424131,0.0016000121831893,0.0260998494923114,0.0,0.6,0.0,2,2
5,0,1425,Greedy-SLA,0.0025997869670391,0.0204001553356647,0.0014998950064182,0.024499837309122,0.0,0.6,0.0,4,4
5,0,1425,DT-Top1,0.0022000167518854,0.0205000396817922,0.031899893656373,0.0545999500900507,0.0,0.6,21.0,0,2
5,0,1426,PF,0.0028999056667089,0.020800158381462,0.0014998950064182,0.0251999590545892,0.0,0.6,0.0,2,2
5,0,1426,Greedy-SLA,0.0025001354515552,0.0202998053282499,0.0015001278370618,0.024300068616867,0.0,0.6,0.0,4,4
5,0,1426,DT-Top1,0.0023001339286565,0.0279999803751707,0.0366999302059412,0.0670000445097684,0.0,0.6,21.0,0,2
5,0,1427,PF,0.0031001400202512,0.0229999423027038,0.0014998950064182,0.0275999773293733,0.0,0.6,0.0,2,2
5,0,1427,Greedy-SLA,0.0025001354515552,0.0213999301195144,0.0016000121831893,0.0255000777542591,0.0,0.6,0.0,4,4
5,0,1427,DT-Top1,0.0026000197976827,0.0208998098969459,0.0321001280099153,0.055599957704544,0.0,0.6,21.0,0,2
5,0,1428,PF,0.0032000243663787,0.0215999316424131,0.0015001278370618,0.0263000838458538,0.0,0.6,0.0,2,2
5,0,1428,Greedy-SLA,0.0026000197976827,0.0212001614272594,0.0014998950064182,0.0253000762313604,0.0,0.6,0.0,4,4
5,0,1428,DT-Top1,0.0027997884899377,0.0210001599043607,0.0316998921334743,0.0554998405277729,0.0,0.6,21.0,0,2
5,0,1429,PF,0.0030999071896076,0.0212001614272594,0.0016998965293169,0.0259999651461839,0.0,0.6,0.0,2,2
5,0,1429,Greedy-SLA,0.0026000197976827,0.0209999270737171,0.0015001278370618,0.0251000747084617,0.0,0.6,0.0,4,4
5,0,1429,DT-Top1,0.0026000197976827,0.0207000412046909,0.0318000093102455,0.0551000703126192,0.0,0.6,21.0,0,2
5,0,1430,PF,0.0034000258892774,0.0212998129427433,0.0017001293599605,0.0263999681919813,0.0,0.6,0.0,2,2
5,0,1430,Greedy-SLA,0.0030999071896076,0.0217000488191843,0.0016000121831893,0.0263999681919813,0.0,0.6,0.0,4,4
5,0,1430,DT-Top1,0.0027997884899377,0.0209000427275896,0.0015001278370618,0.0251999590545892,0.0,0.6,0.0,4,4
5,0,1431,PF,0.0030999071896076,0.0212001614272594,0.0016998965293169,0.0259999651461839,0.0,0.6,0.0,2,2
5,0,1431,Greedy-SLA,0.0026000197976827,0.0209000427275896,0.0014998950064182,0.0249999575316905,0.0,0.6,0.0,4,4
5,0,1431,DT-Top1,0.0027997884899377,0.0204001553356647,0.031299889087677,0.0544998329132795,0.0,0.6,21.0,0,2
5,0,1432,PF,0.0029997900128364,0.0210001599043607,0.0014998950064182,0.0254998449236154,0.0,0.6,0.0,2,2
5,0,1432,Greedy-SLA,0.0025997869670391,0.0210001599043607,0.0014000106602907,0.0249999575316905,0.0,0.6,0.0,4,4
5,0,1432,DT-Top1,0.0026000197976827,0.0209000427275896,0.0014000106602907,0.024900073185563,0.0,0.6,0.0,4,4
5,0,1433,PF,0.0028999056667089,0.0207999255508184,0.0016000121831893,0.0252998434007167,0.0,0.6,0.0,2,2
5,0,1433,Greedy-SLA,0.0026000197976827,0.0206998083740472,0.0015001278370618,0.0247999560087919,0.0,0.6,0.0,4,4
5,0,1433,DT-Top1,0.0025001354515552,0.0200998038053512,0.0309001188725233,0.0535000581294298,0.0,0.6,21.0,0,2
5,0,1434,PF,0.0029001384973526,0.0210998114198446,0.0016000121831893,0.0255999621003866,0.0,0.6,0.0,2,2
5,0,1434,Greedy-SLA,0.0034000258892774,0.0235000625252723,0.0014998950064182,0.028399983420968,0.0,0.6,0.0,4,4
5,0,1434,DT-Top1,0.0024999026209115,0.0215000472962856,0.031899893656373,0.0558998435735702,0.0,0.6,21.0,0,2
5,0,1435,PF,0.0030000228434801,0.0213999301195144,0.0015001278370618,0.0259000808000564,0.0,0.6,0.0,2,2
5,0,1435,Greedy-SLA,0.0025001354515552,0.0212998129427433,0.0014000106602907,0.0251999590545892,0.0,0.6,0.0,4,4
5,0,1435,DT-Top1,0.0024999026209115,0.0205999240279197,0.0318000093102455,0.0548998359590768,0.0,0.6,21.0,0,2
5,0,1436,PF,0.0030999071896076,0.0207000412046909,0.0016000121831893,0.0253999605774879,0.0,0.6,0.0,2,2
5,0,1436,Greedy-SLA,0.0027001369744539,0.0209999270737171,0.0016000121831893,0.0253000762313604,0.0,0.6,0.0,4,4
5,0,1436,DT-Top1,0.0026999041438102,0.0207999255508184,0.0313001219183206,0.0547999516129493,0.0,0.6,21.0,0,2
5,0,1437,PF,0.0030999071896076,0.0213000457733869,0.0016000121831893,0.0259999651461839,0.0,0.6,0.0,2,2
5,0,1437,Greedy-SLA,0.0026999041438102,0.0207999255508184,0.0016000121831893,0.0250998418778181,0.0,0.6,0.0,4,4
5,0,1437,DT-Top1,0.0027001369744539,0.0205999240279197,0.0311001203954219,0.0544001813977956,0.0,0.6,21.0,0,2
5,0,1438,PF,0.0029001384973526,0.0207999255508184,0.0016998965293169,0.0253999605774879,0.0,0.6,0.0,2,2
5,0,1438,Greedy-SLA,0.0026000197976827,0.0209000427275896,0.0014998950064182,0.0249999575316905,0.0,0.6,0.0,4,4
5,0,1438,DT-Top1,0.0028000213205814,0.0211999285966157,0.0319001264870166,0.0559000764042139,0.0,0.6,21.0,0,2
5,0,1439,PF,0.0030000228434801,0.0212001614272594,0.0016000121831893,0.0258001964539289,0.0,0.6,0.0,2,2
5,0,1439,Greedy-SLA,0.0025001354515552,0.0211000442504882,0.0014998950064182,0.0251000747084617,0.0,0.6,0.0,4,4
5,0,1439,DT-Top1,0.002400018274784,0.0294998753815889,0.0388000626116991,0.0706999562680721,0.0,0.6,21.0,0,2
5,0,1440,PF,0.0031997915357351,0.0234001781791448,0.0018998980522155,0.0284998677670955,0.0,0.6,0.0,2,2
5,0,1440,Greedy-SLA,0.0026999041438102,0.0223000533878803,0.0016998965293169,0.0266998540610075,0.0,0.6,0.0,4,4
5,0,1440,DT-Top1,0.0027001369744539,0.0215999316424131,0.0322998967021703,0.0565999653190374,0.0,0.6,21.0,0,2
5,0,1441,PF,0.0029997900128364,0.0218001659959554,0.0016998965293169,0.0264998525381088,0.0,0.6,0.0,2,2
5,0,1441,Greedy-SLA,0.0028000213205814,0.0219999346882104,0.0016000121831893,0.0263999681919813,0.0,0.6,0.0,4,4
5,0,1441,DT-Top1,0.0027001369744539,0.0207000412046909,0.0320998951792717,0.0555000733584165,0.0,0.6,21.0,0,2
5,0,1442,PF,0.0032000243663787,0.0219999346882104,0.001800013706088,0.0269999727606773,0.0,0.6,0.0,2,2
5,0,1442,Greedy-SLA,0.0025001354515552,0.0211999285966157,0.0016000121831893,0.0253000762313604,0.0,0.6,0.0,4,4
5,0,1442,DT-Top1,0.0223999377340078,0.0140999909490346,0.0162001233547925,0.0527000520378351,0.0,0.6,21.0,0,2
5,0,1443,PF,0.0014998950064182,0.0102000776678323,0.0008000060915946,0.0124999787658452,0.0,0.6,0.0,2,2
5,0,1443,Greedy-SLA,0.001200009137392,0.0589999835938215,0.0010000076144933,0.0612000003457069,0.0,0.6,0.0,4,4
5,0,1443,DT-Top1,0.0022000167518854,0.0318000093102455,0.0010000076144933,0.0350000336766243,0.0,0.6,0.0,4,4
5,0,1444,PF,0.0123998615890741,0.0225999392569065,0.0008000060915946,0.0357998069375753,0.0,0.6,0.0,2,2
5,0,1444,Greedy-SLA,0.001200009137392,0.0102999620139598,0.0007001217454671,0.0122000928968191,0.0,0.6,0.0,4,4
5,0,1444,DT-Top1,0.001200009137392,0.0096999574452638,0.0006998889148235,0.0115998554974794,0.0,0.6,0.0,4,4
5,0,1445,PF,0.0014000106602907,0.009800074622035,0.0008000060915946,0.0120000913739204,0.0,0.6,0.0,2,2
5,0,1445,Greedy-SLA,0.001200009137392,0.009800074622035,0.0007001217454671,0.0117002055048942,0.0,0.6,0.0,4,4
5,0,1445,DT-Top1,0.001200009137392,0.0096000730991363,0.0161000061780214,0.0269000884145498,0.0,0.6,21.0,0,2
5,0,1446,PF,0.0014000106602907,0.0100000761449337,0.0008000060915946,0.0122000928968191,0.0,0.6,0.0,2,2
5,0,1446,Greedy-SLA,0.0012998934835195,0.0096000730991363,0.0006998889148235,0.0115998554974794,0.0,0.6,0.0,4,4
5,0,1446,DT-Top1,0.001200009137392,0.0096999574452638,0.0006998889148235,0.0115998554974794,0.0,0.6,0.0,4,4
5,0,1447,PF,0.0014000106602907,0.0098999589681625,0.0007001217454671,0.0120000913739204,0.0,0.6,0.0,2,2
5,0,1447,Greedy-SLA,0.0011001247912645,0.0097998417913913,0.0008000060915946,0.0116999726742506,0.0,0.6,0.0,4,4
5,0,1447,DT-Top1,0.0010998919606208,0.0097001902759075,0.0148999970406293,0.0257000792771577,0.0,0.6,21.0,0,2
5,0,1448,PF,0.0014000106602907,0.0102999620139598,0.0006998889148235,0.0123998615890741,0.0,0.6,0.0,2,2
5,0,1448,Greedy-SLA,0.0010998919606208,0.0122000928968191,0.0014998950064182,0.0147998798638582,0.0,0.6,0.0,4,4
5,0,1448,DT-Top1,0.002400018274784,0.0207000412046909,0.0320000108331441,0.0551000703126192,0.0,0.6,21.0,0,2
5,0,1449,PF,0.0031001400202512,0.0209999270737171,0.0016000121831893,0.0257000792771577,0.0,0.6,0.0,2,2
5,0,1449,Greedy-SLA,0.0026000197976827,0.0209999270737171,0.0015001278370618,0.0251000747084617,0.0,0.6,0.0,4,4
5,0,1449,DT-Top1,0.0026000197976827,0.0207999255508184,0.0315001234412193,0.0549000687897205,0.0,0.6,21.0,0,2
5,0,1450,PF,0.0030000228434801,0.0211000442504882,0.0016000121831893,0.0257000792771577,0.0,0.6,0.0,2,2
5,0,1450,Greedy-SLA,0.0024999026209115,0.020800158381462,0.0014000106602907,0.0247000716626644,0.0,0.6,0.0,4,4
5,0,1450,DT-Top1,0.002400018274784,0.020800158381462,0.0316998921334743,0.0549000687897205,0.0,0.6,21.0,0,2
5,0,1451,PF,0.0028000213205814,0.0207000412046909,0.0015001278370618,0.0250001903623342,0.0,0.6,0.0,2,2
5,0,1451,Greedy-SLA,0.002400018274784,0.0211000442504882,0.0016000121831893,0.0251000747084617,0.0,0.6,0.0,4,4
5,0,1451,DT-Top1,0.0024999026209115,0.020399922505021,0.0309001188725233,0.053799943998456,0.0,0.6,21.0,0,2
5,0,1452,PF,0.0029001384973526,0.0207000412046909,0.0016000121831893,0.0252001918852329,0.0,0.6,0.0,2,2
5,0,1452,Greedy-SLA,0.0026000197976827,0.0213000457733869,0.0016000121831893,0.0255000777542591,0.0,0.6,0.0,4,4
5,0,1452,DT-Top1,0.0024999026209115,0.0206001568585634,0.031299889087677,0.054399948567152,0.0,0.6,21.0,0,2
5,0,1453,PF,0.0028000213205814,0.0205000396817922,0.0014998950064182,0.0247999560087919,0.0,0.6,0.0,2,2
5,0,1453,Greedy-SLA,0.0025001354515552,0.0209000427275896,0.0016000121831893,0.0250001903623342,0.0,0.6,0.0,4,4
5,0,1453,DT-Top1,0.002400018274784,0.0205000396817922,0.0016000121831893,0.0245000701397657,0.0,0.6,0.0,4,4
5,0,1454,PF,0.0028000213205814,0.0213999301195144,0.0016000121831893,0.0257999636232852,0.0,0.6,0.0,2,2
5,0,1454,Greedy-SLA,0.0028000213205814,0.0209000427275896,0.0014998950064182,0.0251999590545892,0.0,0.6,0.0,4,4
5,0,1454,DT-Top1,0.0026999041438102,0.0211999285966157,0.0319001264870166,0.0557999592274427,0.0,0.6,21.0,0,2
5,0,1455,PF,0.0030000228434801,0.0209999270737171,0.0015001278370618,0.0255000777542591,0.0,0.6,0.0,2,2
5,0,1455,Greedy-SLA,0.0025997869670391,0.0209000427275896,0.0014000106602907,0.0248998403549194,0.0,0.6,0.0,4,4
5,0,1455,DT-Top1,0.002400018274784,0.0207000412046909,0.0316998921334743,0.0547999516129493,0.0,0.6,21.0,0,2
5,0,1456,PF,0.0027997884899377,0.0211000442504882,0.0017001293599605,0.0255999621003866,0.0,0.6,0.0,2,2
5,0,1456,Greedy-SLA,0.0026999041438102,0.0207000412046909,0.0380999408662319,0.0614998862147331,0.0,0.6,21.0,0,2
5,0,1456,DT-Top1,0.0024999026209115,0.020399922505021,0.0315001234412193,0.054399948567152,0.0,0.6,21.0,0,2
5,0,1457,PF,0.0028999056667089,0.0205000396817922,0.0016000121831893,0.0249999575316905,0.0,0.6,0.0,2,2
5,0,1457,Greedy-SLA,0.0024999026209115,0.0203000381588935,0.0017001293599605,0.0245000701397657,0.0,0.6,0.0,4,4
5,0,1457,DT-Top1,0.002400018274784,0.0203000381588935,0.0014998950064182,0.0241999514400959,0.0,0.6,0.0,4,4
5,0,1458,PF,0.0029001384973526,0.0207999255508184,0.0015001278370618,0.0252001918852329,0.0,0.6,0.0,2,2
5,0,1458,Greedy-SLA,0.0026000197976827,0.0207999255508184,0.0015001278370618,0.024900073185563,0.0,0.6,0.0,4,4
5,0,1458,DT-Top1,0.0026000197976827,0.020399922505021,0.0316000077873468,0.0545999500900507,0.0,0.6,21.0,0,2
5,0,1459,PF,0.0028000213205814,0.0203000381588935,0.0016000121831893,0.0247000716626644,0.0,0.6,0.0,2,2
5,0,1459,Greedy-SLA,0.002400018274784,0.020399922505021,0.0013001263141632,0.0241000670939683,0.0,0.6,0.0,4,4
5,0,1459,DT-Top1,0.0024999026209115,0.0203000381588935,0.0310000032186508,0.053799943998456,0.0,0.6,21.0,0,2
5,0,1460,PF,0.0028000213205814,0.0207999255508184,0.0016000121831893,0.0251999590545892,0.0,0.6,0.0,2,2
5,0,1460,Greedy-SLA,0.0025001354515552,0.0206998083740472,0.0014000106602907,0.0245999544858932,0.0,0.6,0.0,4,4
5,0,1460,DT-Top1,0.002400018274784,0.0217000488191843,0.0318000093102455,0.0559000764042139,0.0,0.6,21.0,0,2
5,0,1461,PF,0.0028999056667089,0.0209000427275896,0.0014998950064182,0.0252998434007167,0.0,0.6,0.0,2,2
5,0,1461,Greedy-SLA,0.0026000197976827,0.0208998098969459,0.0015001278370618,0.0249999575316905,0.0,0.6,0.0,4,4
5,0,1461,DT-Top1,0.002400018274784,0.0204001553356647,0.031299889087677,0.0541000626981258,0.0,0.6,21.0,0,2
5,0,1462,PF,0.0028000213205814,0.0209000427275896,0.0014998950064182,0.0251999590545892,0.0,0.6,0.0,2,2
5,0,1462,Greedy-SLA,0.0024999026209115,0.020800158381462,0.0014000106602907,0.0247000716626644,0.0,0.6,0.0,4,4
5,0,1462,DT-Top1,0.0026000197976827,0.0207000412046909,0.0014998950064182,0.0247999560087919,0.0,0.6,0.0,4,4
5,0,1463,PF,0.0028000213205814,0.0205999240279197,0.0015001278370618,0.024900073185563,0.0,0.6,0.0,2,2
5,0,1463,Greedy-SLA,0.0026000197976827,0.0207999255508184,0.0015001278370618,0.024900073185563,0.0,0.6,0.0,4,4
5,0,1463,DT-Top1,0.0026000197976827,0.0209999270737171,0.0014000106602907,0.0249999575316905,0.0,0.6,0.0,4,4
5,0,1464,PF,0.0028000213205814,0.020800158381462,0.0014998950064182,0.0251000747084617,0.0,0.6,0.0,2,2
5,0,1464,Greedy-SLA,0.0025001354515552,0.0207999255508184,0.0014000106602907,0.0247000716626644,0.0,0.6,0.0,4,4
5,0,1464,DT-Top1,0.0023997854441404,0.0209000427275896,0.0014000106602907,0.0246998388320207,0.0,0.6,0.0,4,4
5,0,1465,PF,0.0030000228434801,0.0217000488191843,0.0014998950064182,0.0261999666690826,0.0,0.6,0.0,2,2
5,0,1465,Greedy-SLA,0.0024999026209115,0.0218001659959554,0.0014998950064182,0.0257999636232852,0.0,0.6,0.0,4,4
5,0,1465,DT-Top1,0.0024999026209115,0.0210001599043607,0.0320998951792717,0.055599957704544,0.0,0.6,21.0,0,2
5,0,1466,PF,0.004699919372797,0.032300129532814,0.0018998980522155,0.0388999469578266,0.0,0.6,0.0,2,2
5,0,1466,Greedy-SLA,0.0030999071896076,0.0235999468713998,0.0017001293599605,0.028399983420968,0.0,0.6,0.0,4,4
5,0,1466,DT-Top1,0.0026999041438102,0.0216001644730567,0.0347997993230819,0.059099867939949,0.0,0.6,21.0,0,2
5,0,1467,PF,0.0029001384973526,0.0227000564336776,0.0016998965293169,0.0273000914603471,0.0,0.6,0.0,2,2
5,0,1467,Greedy-SLA,0.0026999041438102,0.0216001644730567,0.0016000121831893,0.0259000808000564,0.0,0.6,0.0,4,4
5,0,1467,DT-Top1,0.0024999026209115,0.0214001629501581,0.0016000121831893,0.0255000777542591,0.0,0.6,0.0,4,4
5,0,1468,PF,0.0030000228434801,0.0217999331653118,0.0016000121831893,0.0263999681919813,0.0,0.6,0.0,2,2
5,0,1468,Greedy-SLA,0.0025001354515552,0.0219000503420829,0.0016000121831893,0.0260001979768276,0.0,0.6,0.0,4,4
5,0,1468,DT-Top1,0.0025997869670391,0.0211000442504882,0.0328000169247388,0.0564998481422662,0.0,0.6,21.0,0,2
5,0,1469,PF,0.0028000213205814,0.0213000457733869,0.0016000121831893,0.0257000792771577,0.0,0.6,0.0,2,2
5,0,1469,Greedy-SLA,0.0026000197976827,0.0213000457733869,0.0014998950064182,0.0253999605774879,0.0,0.6,0.0,4,4
5,0,1469,DT-Top1,0.0025001354515552,0.0209999270737171,0.0015001278370618,0.0250001903623342,0.0,0.6,0.0,4,4
5,0,1470,PF,0.0029001384973526,0.0214998144656419,0.0016000121831893,0.0259999651461839,0.0,0.6,0.0,2,2
5,0,1470,Greedy-SLA,0.002400018274784,0.0210998114198446,0.0322000123560428,0.0556998420506715,0.0,0.6,21.0,0,2
5,0,1470,DT-Top1,0.0028000213205814,0.0209000427275896,0.0318000093102455,0.0555000733584165,0.0,0.6,21.0,0,2
5,0,1471,PF,0.0030999071896076,0.0209999270737171,0.0016000121831893,0.0256998464465141,0.0,0.6,0.0,2,2
5,0,1471,Greedy-SLA,0.0024999026209115,0.0211000442504882,0.0014000106602907,0.0249999575316905,0.0,0.6,0.0,4,4
5,0,1471,DT-Top1,0.0026000197976827,0.0205999240279197,0.0320998951792717,0.0552998390048742,0.0,0.6,21.0,0,2
5,0,1472,PF,0.0030000228434801,0.0209999270737171,0.0016000121831893,0.0255999621003866,0.0,0.6,0.0,2,2
5,0,1472,Greedy-SLA,0.0028000213205814,0.0221999362111091,0.0016000121831893,0.0265999697148799,0.0,0.6,0.0,4,4
5,0,1472,DT-Top1,0.0024999026209115,0.0207000412046909,0.0320998951792717,0.0552998390048742,0.0,0.6,21.0,0,2
5,0,1473,PF,0.0030000228434801,0.0213000457733869,0.0017001293599605,0.0260001979768276,0.0,0.6,0.0,2,2
5,0,1473,Greedy-SLA,0.0026999041438102,0.0211000442504882,0.0014000106602907,0.0251999590545892,0.0,0.6,0.0,4,4
5,0,1473,DT-Top1,0.0026999041438102,0.0207000412046909,0.0015001278370618,0.024900073185563,0.0,0.6,0.0,4,4
5,0,1474,PF,0.0030000228434801,0.020800158381462,0.0014998950064182,0.0253000762313604,0.0,0.6,0.0,2,2
5,0,1474,Greedy-SLA,0.0027001369744539,0.0209999270737171,0.0015001278370618,0.0252001918852329,0.0,0.6,0.0,4,4
5,0,1474,DT-Top1,0.0026000197976827,0.0205000396817922,0.0014000106602907,0.0245000701397657,0.0,0.6,0.0,4,4
5,0,1475,PF,0.0028999056667089,0.0212001614272594,0.0016000121831893,0.0257000792771577,0.0,0.6,0.0,2,2
5,0,1475,Greedy-SLA,0.0024999026209115,0.0209000427275896,0.0014000106602907,0.0247999560087919,0.0,0.6,0.0,4,4
5,0,1475,DT-Top1,0.0024999026209115,0.0209000427275896,0.0324000138789415,0.0557999592274427,0.0,0.6,21.0,0,2
5,0,1476,PF,0.0029001384973526,0.0209000427275896,0.0014998950064182,0.0253000762313604,0.0,0.6,0.0,2,2
5,0,1476,Greedy-SLA,0.0026999041438102,0.0210001599043607,0.0014998950064182,0.0251999590545892,0.0,0.6,0.0,4,4
5,0,1476,DT-Top1,0.0016998965293169,0.0129002146422863,0.0165000092238187,0.0311001203954219,0.0,0.6,21.0,0,2
5,0,1477,PF,0.0011001247912645,0.0115998554974794,0.0007001217454671,0.0134001020342111,0.0,0.6,0.0,2,2
5,0,1477,Greedy-SLA,0.0009001232683658,0.0080999452620744,0.000600004568696,0.0096000730991363,0.0,0.6,0.0,4,4
5,0,1477,DT-Top1,0.0009001232683658,0.0078999437391757,0.000600004568696,0.0094000715762376,0.0,0.6,0.0,4,4
5,0,1478,PF,0.0010000076144933,0.0088000670075416,0.0005997717380523,0.0103998463600873,0.0,0.6,0.0,2,2
5,0,1478,Greedy-SLA,0.0010000076144933,0.0080000609159469,0.0118999741971492,0.0209000427275896,0.0,0.6,21.0,0,2
5,0,1478,DT-Top1,0.0010000076144933,0.0078000593930482,0.0121998600661754,0.0209999270737171,0.0,0.6,21.0,0,2
5,0,1479,PF,0.0011001247912645,0.0080999452620744,0.000600004568696,0.009800074622035,0.0,0.6,0.0,2,2
5,0,1479,Greedy-SLA,0.0010000076144933,0.0076999422162771,0.000600004568696,0.0092999543994665,0.0,0.6,0.0,4,4
5,0,1479,DT-Top1,0.0010000076144933,0.0079001765698194,0.000600004568696,0.0095001887530088,0.0,0.6,0.0,4,4
5,0,1480,PF,0.0011001247912645,0.0075998250395059,0.000600004568696,0.0092999543994665,0.0,0.6,0.0,2,2
5,0,1480,Greedy-SLA,0.0010000076144933,0.0078000593930482,0.000600004568696,0.0094000715762376,0.0,0.6,0.0,4,4
5,0,1480,DT-Top1,0.0010000076144933,0.0076000578701496,0.0116999726742506,0.0203000381588935,0.0,0.6,21.0,0,2
5,0,1481,PF,0.0011001247912645,0.0076999422162771,0.000600004568696,0.0094000715762376,0.0,0.6,0.0,2,2
5,0,1481,Greedy-SLA,0.0008998904377222,0.0076000578701496,0.000600004568696,0.0090999528765678,0.0,0.6,0.0,4,4
5,0,1481,DT-Top1,0.0009001232683658,0.0075998250395059,0.0118000898510217,0.0203000381588935,0.0,0.6,21.0,0,2
5,0,1482,PF,0.0010998919606208,0.0076999422162771,0.000600004568696,0.009399838745594,0.0,0.6,0.0,2,2
5,0,1482,Greedy-SLA,0.0009001232683658,0.0076000578701496,0.0004998873919248,0.0090000685304403,0.0,0.6,0.0,4,4
5,0,1482,DT-Top1,0.0008998904377222,0.0075001735240221,0.0004998873919248,0.0088999513536691,0.0,0.6,0.0,4,4
5,0,1483,PF,0.0011001247912645,0.0075998250395059,0.000600004568696,0.0092999543994665,0.0,0.6,0.0,2,2
5,0,1483,Greedy-SLA,0.0008998904377222,0.0077001750469207,0.0004998873919248,0.0090999528765678,0.0,0.6,0.0,4,4
5,0,1483,DT-Top1,0.0010000076144933,0.0076999422162771,0.0118000898510217,0.0205000396817922,0.0,0.6,21.0,0,2
5,0,1484,PF,0.0010998919606208,0.0078000593930482,0.0004998873919248,0.009399838745594,0.0,0.6,0.0,2,2
5,0,1484,Greedy-SLA,0.0008998904377222,0.0120999757200479,0.000600004568696,0.0135998707264661,0.0,0.6,0.0,4,4
5,0,1484,DT-Top1,0.0009001232683658,0.0078000593930482,0.0132999848574399,0.0220001675188541,0.0,0.6,21.0,0,2
5,0,1485,PF,0.0028999056667089,0.0211000442504882,0.0014998950064182,0.0254998449236154,0.0,0.6,0.0,2,2
5,0,1485,Greedy-SLA,0.002400018274784,0.0207000412046909,0.0014998950064182,0.0245999544858932,0.0,0.6,0.0,4,4
5,0,1485,DT-Top1,0.0026000197976827,0.0206001568585634,0.0320000108331441,0.0552001874893903,0.0,0.6,21.0,0,2
5,0,1486,PF,0.0030000228434801,0.0207000412046909,0.0014998950064182,0.0251999590545892,0.0,0.6,0.0,2,2
5,0,1486,Greedy-SLA,0.0025001354515552,0.0209999270737171,0.0014000106602907,0.024900073185563,0.0,0.6,0.0,4,4
5,0,1486,DT-Top1,0.0026000197976827,0.0207999255508184,0.0014998950064182,0.0248998403549194,0.0,0.6,0.0,4,4
5,0,1487,PF,0.0030000228434801,0.0213000457733869,0.0014998950064182,0.0257999636232852,0.0,0.6,0.0,2,2
5,0,1487,Greedy-SLA,0.0025001354515552,0.0207999255508184,0.0012998934835195,0.0245999544858932,0.0,0.6,0.0,4,4
5,0,1487,DT-Top1,0.0025001354515552,0.0206998083740472,0.0319001264870166,0.0551000703126192,0.0,0.6,21.0,0,2
5,0,1488,PF,0.0028000213205814,0.0208998098969459,0.0014000106602907,0.0250998418778181,0.0,0.6,0.0,2,2
5,0,1488,Greedy-SLA,0.0025001354515552,0.0206998083740472,0.0015001278370618,0.0247000716626644,0.0,0.6,0.0,4,4
5,0,1488,DT-Top1,0.002400018274784,0.0204001553356647,0.0378999393433332,0.060700112953782,0.0,0.6,21.0,0,2
5,0,1489,PF,0.0028000213205814,0.0207999255508184,0.0016000121831893,0.0251999590545892,0.0,0.6,0.0,2,2
5,0,1489,Greedy-SLA,0.002400018274784,0.0209000427275896,0.0014000106602907,0.0247000716626644,0.0,0.6,0.0,4,4
5,0,1489,DT-Top1,0.002400018274784,0.0205999240279197,0.0016000121831893,0.0245999544858932,0.0,0.6,0.0,4,4
5,0,1490,PF,0.0028000213205814,0.0211000442504882,0.0014998950064182,0.0253999605774879,0.0,0.6,0.0,2,2
5,0,1490,Greedy-SLA,0.0027001369744539,0.0211999285966157,0.0012998934835195,0.0251999590545892,0.0,0.6,0.0,4,4
5,0,1490,DT-Top1,0.0026000197976827,0.0211000442504882,0.0322000123560428,0.0559000764042139,0.0,0.6,21.0,0,2
5,0,1491,PF,0.0029001384973526,0.0211000442504882,0.0016998965293169,0.0257000792771577,0.0,0.6,0.0,2,2
5,0,1491,Greedy-SLA,0.0025001354515552,0.0207999255508184,0.0014000106602907,0.0247000716626644,0.0,0.6,0.0,4,4
5,0,1491,DT-Top1,0.0023997854441404,0.0207000412046909,0.0319001264870166,0.054999953135848,0.0,0.6,21.0,0,2
5,0,1492,PF,0.0030000228434801,0.0209000427275896,0.0015001278370618,0.0254001934081316,0.0,0.6,0.0,2,2
5,0,1492,Greedy-SLA,0.002400018274784,0.0211000442504882,0.0014000106602907,0.024900073185563,0.0,0.6,0.0,4,4
5,0,1492,DT-Top1,0.0024999026209115,0.0205000396817922,0.0319001264870166,0.0549000687897205,0.0,0.6,21.0,0,2
5,0,1493,PF,0.0028000213205814,0.0211000442504882,0.0016998965293169,0.0255999621003866,0.0,0.6,0.0,2,2
5,0,1493,Greedy-SLA,0.0024999026209115,0.0206001568585634,0.0312000047415494,0.0543000642210245,0.0,0.6,21.0,0,2
5,0,1493,DT-Top1,0.0024999026209115,0.0205000396817922,0.0322000123560428,0.0551999546587467,0.0,0.6,21.0,0,2
5,0,1494,PF,0.0028000213205814,0.0209000427275896,0.0014998950064182,0.0251999590545892,0.0,0.6,0.0,2,2
5,0,1494,Greedy-SLA,0.0024999026209115,0.0205000396817922,0.0014000106602907,0.0243999529629945,0.0,0.6,0.0,4,4
5,0,1494,DT-Top1,0.0024999026209115,0.0205999240279197,0.031700124964118,0.0547999516129493,0.0,0.6,21.0,0,2
5,0,1495,PF,0.0028999056667089,0.0210001599043607,0.0016000121831893,0.0255000777542591,0.0,0.6,0.0,2,2
5,0,1495,Greedy-SLA,0.0026000197976827,0.0205000396817922,0.0316998921334743,0.0547999516129493,0.0,0.6,21.0,0,2
5,0,1495,DT-Top1,0.0024999026209115,0.0205000396817922,0.031299889087677,0.0542998313903808,0.0,0.6,21.0,0,2
5,0,1496,PF,0.0028999056667089,0.0212001614272594,0.0014000106602907,0.0255000777542591,0.0,0.6,0.0,2,2
5,0,1496,Greedy-SLA,0.0025001354515552,0.0207999255508184,0.0014000106602907,0.0247000716626644,0.0,0.6,0.0,4,4
5,0,1496,DT-Top1,0.0025997869670391,0.0210001599043607,0.0440999865531921,0.067699933424592,0.0,0.6,21.0,0,2
5,0,1497,PF,0.0030000228434801,0.0216001644730567,0.0014998950064182,0.0261000823229551,0.0,0.6,0.0,2,2
5,0,1497,Greedy-SLA,0.002400018274784,0.0205000396817922,0.0014998950064182,0.0243999529629945,0.0,0.6,0.0,4,4
5,0,1497,DT-Top1,0.002400018274784,0.0207000412046909,0.0324000138789415,0.0555000733584165,0.0,0.6,21.0,0,2
5,0,1498,PF,0.0030000228434801,0.0259999651461839,0.0016000121831893,0.0306000001728534,0.0,0.6,0.0,2,2
5,0,1498,Greedy-SLA,0.0025001354515552,0.0209999270737171,0.0014998950064182,0.0249999575316905,0.0,0.6,0.0,4,4
5,0,1498,DT-Top1,0.0012998934835195,0.0199000351130962,0.0359001569449901,0.0571000855416059,0.0,0.6,21.0,0,2
5,0,1499,PF,0.0030999071896076,0.0228001736104488,0.0014998950064182,0.0273999758064746,0.0,0.6,0.0,2,2
5,0,1499,Greedy-SLA,0.0026000197976827,0.0219000503420829,0.0014998950064182,0.0259999651461839,0.0,0.6,0.0,4,4
5,0,1499,DT-Top1,0.0026000197976827,0.0212001614272594,0.0016998965293169,0.0255000777542591,0.0,0.6,0.0,4,4
5,0,1500,PF,0.0030999071896076,0.0221000518649816,0.0016000121831893,0.0267999712377786,0.0,0.6,0.0,2,2
5,0,1500,Greedy-SLA,0.0026000197976827,0.0210998114198446,0.0016000121831893,0.0252998434007167,0.0,0.6,0.0,4,4
5,0,1500,DT-Top1,0.002400018274784,0.0208998098969459,0.0322000123560428,0.0554998405277729,0.0,0.6,21.0,0,2
5,0,1501,PF,0.0029001384973526,0.0211999285966157,0.0016000121831893,0.0257000792771577,0.0,0.6,0.0,2,2
5,0,1501,Greedy-SLA,0.002400018274784,0.0209000427275896,0.0016000121831893,0.024900073185563,0.0,0.6,0.0,4,4
5,0,1501,DT-Top1,0.0025001354515552,0.0209999270737171,0.031700124964118,0.0552001874893903,0.0,0.6,21.0,0,2
5,0,1502,PF,0.0029001384973526,0.0209999270737171,0.0016000121831893,0.0255000777542591,0.0,0.6,0.0,2,2
5,0,1502,Greedy-SLA,0.0026000197976827,0.0211000442504882,0.0014998950064182,0.0251999590545892,0.0,0.6,0.0,4,4
5,0,1502,DT-Top1,0.0030999071896076,0.0227999407798051,0.0322000123560428,0.0580998603254556,0.0,0.6,21.0,0,2
5,0,1503,PF,0.0030000228434801,0.0215000472962856,0.0016000121831893,0.0261000823229551,0.0,0.6,0.0,2,2
5,0,1503,Greedy-SLA,0.0026999041438102,0.0214001629501581,0.0014998950064182,0.0255999621003866,0.0,0.6,0.0,4,4
5,0,1503,DT-Top1,0.0024999026209115,0.0207999255508184,0.0017001293599605,0.0249999575316905,0.0,0.6,0.0,4,4
5,0,1504,PF,0.0030000228434801,0.0219000503420829,0.0016000121831893,0.0265000853687524,0.0,0.6,0.0,2,2
5,0,1504,Greedy-SLA,0.0025001354515552,0.0209999270737171,0.0016000121831893,0.0251000747084617,0.0,0.6,0.0,4,4
5,0,1504,DT-Top1,0.0022999010980129,0.0210001599043607,0.031299889087677,0.0545999500900507,0.0,0.6,21.0,0,2
5,0,1505,PF,0.0028000213205814,0.0215000472962856,0.0015001278370618,0.0258001964539289,0.0,0.6,0.0,2,2
5,0,1505,Greedy-SLA,0.002400018274784,0.0211999285966157,0.0015001278370618,0.0251000747084617,0.0,0.6,0.0,4,4
5,0,1505,DT-Top1,0.0025001354515552,0.0207999255508184,0.0014000106602907,0.0247000716626644,0.0,0.6,0.0,4,4
5,0,1506,PF,0.0027001369744539,0.0207000412046909,0.0016000121831893,0.0250001903623342,0.0,0.6,0.0,2,2
5,0,1506,Greedy-SLA,0.0023997854441404,0.0206001568585634,0.0014998950064182,0.024499837309122,0.0,0.6,0.0,4,4
5,0,1506,DT-Top1,0.002400018274784,0.0207999255508184,0.038200058043003,0.0614000018686056,0.0,0.6,21.0,0,2
5,0,1507,PF,0.0028000213205814,0.0209999270737171,0.0016000121831893,0.0253999605774879,0.0,0.6,0.0,2,2
5,0,1507,Greedy-SLA,0.002400018274784,0.0209000427275896,0.0014000106602907,0.0247000716626644,0.0,0.6,0.0,4,4
5,0,1507,DT-Top1,0.002400018274784,0.0205999240279197,0.0016000121831893,0.0245999544858932,0.0,0.6,0.0,4,4
5,0,1508,PF,0.0028000213205814,0.0213000457733869,0.0016000121831893,0.0257000792771577,0.0,0.6,0.0,2,2
5,0,1508,Greedy-SLA,0.002400018274784,0.0209999270737171,0.0014000106602907,0.0247999560087919,0.0,0.6,0.0,4,4
5,0,1508,DT-Top1,0.0026000197976827,0.0215000472962856,0.0314000062644481,0.0555000733584165,0.0,0.6,21.0,0,2
5,0,1509,PF,0.0030000228434801,0.0209000427275896,0.0014998950064182,0.0253999605774879,0.0,0.6,0.0,2,2
5,0,1509,Greedy-SLA,0.0024999026209115,0.0209000427275896,0.0014000106602907,0.0247999560087919,0.0,0.6,0.0,4,4
5,0,1509,DT-Top1,0.0026000197976827,0.0207000412046909,0.0014000106602907,0.0247000716626644,0.0,0.6,0.0,4,4
5,0,1510,PF,0.0028000213205814,0.0211000442504882,0.0014998950064182,0.0253999605774879,0.0,0.6,0.0,2,2
5,0,1510,Greedy-SLA,0.0024999026209115,0.0209000427275896,0.0014000106602907,0.0247999560087919,0.0,0.6,0.0,4,4
5,0,1510,DT-Top1,0.002400018274784,0.0205999240279197,0.0315001234412193,0.0545000657439231,0.0,0.6,21.0,0,2
5,0,1511,PF,0.0030000228434801,0.0216998159885406,0.0015001278370618,0.0261999666690826,0.0,0.6,0.0,2,2
5,0,1511,Greedy-SLA,0.0024999026209115,0.0215000472962856,0.0014998950064182,0.0254998449236154,0.0,0.6,0.0,4,4
5,0,1511,DT-Top1,0.0016000121831893,0.0131998676806688,0.0138001050800085,0.0285999849438667,0.0,0.6,21.0,0,2
5,0,1512,PF,0.001200009137392,0.0084000639617443,0.000600004568696,0.0102000776678323,0.0,0.6,0.0,2,2
5,0,1512,Greedy-SLA,0.0010000076144933,0.0080999452620744,0.0118000898510217,0.0209000427275896,0.0,0.6,21.0,0,2
5,0,1512,DT-Top1,0.0010000076144933,0.0080000609159469,0.0116999726742506,0.0207000412046909,0.0,0.6,21.0,0,2
5,0,1513,PF,0.0010998919606208,0.0078999437391757,0.0007001217454671,0.0096999574452638,0.0,0.6,0.0,2,2
5,0,1513,Greedy-SLA,0.0010000076144933,0.0078999437391757,0.0118000898510217,0.0207000412046909,0.0,0.6,21.0,0,2
5,0,1513,DT-Top1,0.001200009137392,0.00999984331429,0.0122000928968191,0.0233999453485012,0.0,0.6,21.0,0,2
5,0,1514,PF,0.0011001247912645,0.0080000609159469,0.000600004568696,0.0097001902759075,0.0,0.6,0.0,2,2
5,0,1514,Greedy-SLA,0.0010998919606208,0.0692000612616539,0.0008998904377222,0.0711998436599969,0.0,0.6,0.0,4,4
5,0,1514,DT-Top1,0.001200009137392,0.0094999559223651,0.0128000974655151,0.0235000625252723,0.0,0.6,21.0,0,2
5,0,1515,PF,0.0010998919606208,0.0079001765698194,0.000600004568696,0.0096000730991363,0.0,0.6,0.0,2,2
5,0,1515,Greedy-SLA,0.0010000076144933,0.009200070053339,0.000600004568696,0.0108000822365283,0.0,0.6,0.0,4,4
5,0,1515,DT-Top1,0.0014000106602907,0.0172001309692859,0.014499993994832,0.0331001356244087,0.0,0.6,21.0,0,2
5,0,1516,PF,0.0010998919606208,0.0084999483078718,0.0005001202225685,0.0100999604910612,0.0,0.6,0.0,2,2
5,0,1516,Greedy-SLA,0.0010000076144933,0.0077998265624046,0.0005001202225685,0.0092999543994665,0.0,0.6,0.0,4,4
5,0,1516,DT-Top1,0.0008998904377222,0.0077001750469207,0.0004998873919248,0.0090999528765678,0.0,0.6,0.0,4,4
5,0,1517,PF,0.0011001247912645,0.0076999422162771,0.000600004568696,0.0094000715762376,0.0,0.6,0.0,2,2
5,0,1517,Greedy-SLA,0.0009001232683658,0.0076999422162771,0.000600004568696,0.009200070053339,0.0,0.6,0.0,4,4
5,0,1517,DT-Top1,0.0008998904377222,0.0076999422162771,0.0005001202225685,0.0090999528765678,0.0,0.6,0.0,4,4
5,0,1518,PF,0.0010000076144933,0.0078999437391757,0.0004998873919248,0.009399838745594,0.0,0.6,0.0,2,2
5,0,1518,Greedy-SLA,0.0008000060915946,0.0076000578701496,0.000600004568696,0.0090000685304403,0.0,0.6,0.0,4,4
5,0,1518,DT-Top1,0.0008998904377222,0.0074000563472509,0.0117998570203781,0.0200998038053512,0.0,0.6,21.0,0,2
5,0,1519,PF,0.0010998919606208,0.0078000593930482,0.000600004568696,0.0094999559223651,0.0,0.6,0.0,2,2
5,0,1519,Greedy-SLA,0.0010000076144933,0.0103998463600873,0.000600004568696,0.0119998585432767,0.0,0.6,0.0,4,4
5,0,1519,DT-Top1,0.0024999026209115,0.0215999316424131,0.0016000121831893,0.0256998464465141,0.0,0.6,0.0,4,4
5,0,1520,PF,0.0029001384973526,0.0213999301195144,0.0015001278370618,0.0258001964539289,0.0,0.6,0.0,2,2
5,0,1520,Greedy-SLA,0.0025001354515552,0.0213999301195144,0.0016000121831893,0.0255000777542591,0.0,0.6,0.0,4,4
5,0,1520,DT-Top1,0.0025001354515552,0.0211999285966157,0.0322000123560428,0.0559000764042139,0.0,0.6,21.0,0,2
5,0,1521,PF,0.0030000228434801,0.0211000442504882,0.0014998950064182,0.0255999621003866,0.0,0.6,0.0,2,2
5,0,1521,Greedy-SLA,0.002400018274784,0.0211999285966157,0.0015001278370618,0.0251000747084617,0.0,0.6,0.0,4,4
5,0,1521,DT-Top1,0.0025001354515552,0.0210998114198446,0.0321001280099153,0.0557000748813152,0.0,0.6,21.0,0,2
5,0,1522,PF,0.0028999056667089,0.0211000442504882,0.0014998950064182,0.0254998449236154,0.0,0.6,0.0,2,2
5,0,1522,Greedy-SLA,0.002400018274784,0.0209000427275896,0.0014998950064182,0.0247999560087919,0.0,0.6,0.0,4,4
5,0,1522,DT-Top1,0.0024999026209115,0.0207999255508184,0.0014000106602907,0.0246998388320207,0.0,0.6,0.0,4,4
5,0,1523,PF,0.0028999056667089,0.0211000442504882,0.0014998950064182,0.0254998449236154,0.0,0.6,0.0,2,2
5,0,1523,Greedy-SLA,0.0026000197976827,0.0212998129427433,0.0014000106602907,0.0252998434007167,0.0,0.6,0.0,4,4
5,0,1523,DT-Top1,0.0025001354515552,0.0208998098969459,0.00630016438663,0.0297001097351312,0.0,0.6,0.0,4,4
5,0,1524,PF,0.0028999056667089,0.0217000488191843,0.0014000106602907,0.0259999651461839,0.0,0.6,0.0,2,2
5,0,1524,Greedy-SLA,0.0026000197976827,0.020800158381462,0.0016000121831893,0.0250001903623342,0.0,0.6,0.0,4,4
5,0,1524,DT-Top1,0.002400018274784,0.0209000427275896,0.0320000108331441,0.0553000718355178,0.0,0.6,21.0,0,2
5,0,1525,PF,0.0029001384973526,0.0211000442504882,0.0016000121831893,0.0256001949310302,0.0,0.6,0.0,2,2
5,0,1525,Greedy-SLA,0.002400018274784,0.0213000457733869,0.0014000106602907,0.0251000747084617,0.0,0.6,0.0,4,4
5,0,1525,DT-Top1,0.0024999026209115,0.0213000457733869,0.0015001278370618,0.0253000762313604,0.0,0.6,0.0,4,4
5,0,1526,PF,0.0029001384973526,0.0213999301195144,0.0015001278370618,0.0258001964539289,0.0,0.6,0.0,2,2
5,0,1526,Greedy-SLA,0.0025001354515552,0.0209999270737171,0.0014000106602907,0.024900073185563,0.0,0.6,0.0,4,4
5,0,1526,DT-Top1,0.002400018274784,0.0211000442504882,0.0014000106602907,0.024900073185563,0.0,0.6,0.0,4,4
5,0,1527,PF,0.0030000228434801,0.0215999316424131,0.0015001278370618,0.0261000823229551,0.0,0.6,0.0,2,2
5,0,1527,Greedy-SLA,0.0026000197976827,0.0212001614272594,0.0014998950064182,0.0253000762313604,0.0,0.6,0.0,4,4
5,0,1527,DT-Top1,0.0024999026209115,0.0207000412046909,0.0015001278370618,0.0247000716626644,0.0,0.6,0.0,4,4
5,0,1528,PF,0.0029001384973526,0.0212998129427433,0.0015001278370618,0.0257000792771577,0.0,0.6,0.0,2,2
5,0,1528,Greedy-SLA,0.002400018274784,0.0215000472962856,0.0014998950064182,0.0253999605774879,0.0,0.6,0.0,4,4
5,0,1528,DT-Top1,0.0024999026209115,0.0209999270737171,0.0319001264870166,0.0553999561816453,0.0,0.6,21.0,0,2
5,0,1529,PF,0.0028000213205814,0.0213000457733869,0.0015001278370618,0.0256001949310302,0.0,0.6,0.0,2,2
5,0,1529,Greedy-SLA,0.0026000197976827,0.0213000457733869,0.0015001278370618,0.0254001934081316,0.0,0.6,0.0,4,4
5,0,1529,DT-Top1,0.0026000197976827,0.0209000427275896,0.031899893656373,0.0553999561816453,0.0,0.6,21.0,0,2
5,0,1530,PF,0.0030000228434801,0.0214001629501581,0.0014998950064182,0.0259000808000564,0.0,0.6,0.0,2,2
5,0,1530,Greedy-SLA,0.0025001354515552,0.0209999270737171,0.0015001278370618,0.0250001903623342,0.0,0.6,0.0,4,4
5,0,1530,DT-Top1,0.0025001354515552,0.0211999285966157,0.0325001310557127,0.0562001951038837,0.0,0.6,21.0,0,2
5,0,1531,PF,0.0030000228434801,0.0221000518649816,0.0014998950064182,0.0265999697148799,0.0,0.6,0.0,2,2
5,0,1531,Greedy-SLA,0.0026999041438102,0.0209999270737171,0.0326000154018402,0.0562998466193676,0.0,0.6,21.0,0,2
5,0,1531,DT-Top1,0.0025001354515552,0.0211999285966157,0.0318000093102455,0.0555000733584165,0.0,0.6,21.0,0,2
5,0,1532,PF,0.0031001400202512,0.0229999423027038,0.0016000121831893,0.0277000945061445,0.0,0.6,0.0,2,2
5,0,1532,Greedy-SLA,0.0025001354515552,0.0219999346882104,0.0016000121831893,0.0261000823229551,0.0,0.6,0.0,4,4
5,0,1532,DT-Top1,0.0024999026209115,0.0212001614272594,0.0014000106602907,0.0251000747084617,0.0,0.6,0.0,4,4
5,0,1533,PF,0.0028999056667089,0.0219999346882104,0.0016000121831893,0.0264998525381088,0.0,0.6,0.0,2,2
5,0,1533,Greedy-SLA,0.0024999026209115,0.0221999362111091,0.0318000093102455,0.0564998481422662,0.0,0.6,21.0,0,2
5,0,1533,DT-Top1,0.0025997869670391,0.0216001644730567,0.0318000093102455,0.0559999607503414,0.0,0.6,21.0,0,2
5,0,1534,PF,0.0032000243663787,0.0213000457733869,0.0014998950064182,0.0259999651461839,0.0,0.6,0.0,2,2
5,0,1534,Greedy-SLA,0.0025001354515552,0.0217999331653118,0.0014000106602907,0.0257000792771577,0.0,0.6,0.0,4,4
5,0,1534,DT-Top1,0.0027001369744539,0.0211999285966157,0.0015001278370618,0.0254001934081316,0.0,0.6,0.0,4,4
5,0,1535,PF,0.0028999056667089,0.0219000503420829,0.0014998950064182,0.0262998510152101,0.0,0.6,0.0,2,2
5,0,1535,Greedy-SLA,0.0025001354515552,0.0213999301195144,0.0015001278370618,0.0254001934081316,0.0,0.6,0.0,4,4
5,0,1535,DT-Top1,0.0025001354515552,0.0213999301195144,0.0014000106602907,0.0253000762313604,0.0,0.6,0.0,4,4
5,0,1536,PF,0.0028999056667089,0.0217000488191843,0.0014000106602907,0.0259999651461839,0.0,0.6,0.0,2,2
5,0,1536,Greedy-SLA,0.0025997869670391,0.0220001675188541,0.0014998950064182,0.0260998494923114,0.0,0.6,0.0,4,4
5,0,1536,DT-Top1,0.0026000197976827,0.0211999285966157,0.0014000106602907,0.0251999590545892,0.0,0.6,0.0,4,4
5,0,1537,PF,0.0030000228434801,0.0219999346882104,0.0016000121831893,0.0265999697148799,0.0,0.6,0.0,2,2
5,0,1537,Greedy-SLA,0.002400018274784,0.0215000472962856,0.0012998934835195,0.0251999590545892,0.0,0.6,0.0,4,4
5,0,1537,DT-Top1,0.0026000197976827,0.022500054910779,0.0325001310557127,0.0576002057641744,0.0,0.6,21.0,0,2
5,0,1538,PF,0.0029001384973526,0.0210998114198446,0.0017001293599605,0.0257000792771577,0.0,0.6,0.0,2,2
5,0,1538,Greedy-SLA,0.0026000197976827,0.0211000442504882,0.0014000106602907,0.0251000747084617,0.0,0.6,0.0,4,4
5,0,1538,DT-Top1,0.002400018274784,0.0213000457733869,0.0320000108331441,0.0557000748813152,0.0,0.6,21.0,0,2
5,0,1539,PF,0.0030000228434801,0.0216998159885406,0.0016000121831893,0.0262998510152101,0.0,0.6,0.0,2,2
5,0,1539,Greedy-SLA,0.002400018274784,0.0213000457733869,0.0014000106602907,0.0251000747084617,0.0,0.6,0.0,4,4
5,0,1539,DT-Top1,0.002400018274784,0.0209000427275896,0.0314998906105756,0.0547999516129493,0.0,0.6,21.0,0,2
5,0,1540,PF,0.0028000213205814,0.0215999316424131,0.0014000106602907,0.0257999636232852,0.0,0.6,0.0,2,2
5,0,1540,Greedy-SLA,0.0025001354515552,0.0269999727606773,0.0014998950064182,0.0310000032186508,0.0,0.6,0.0,4,4
5,0,1540,DT-Top1,0.002400018274784,0.0254998449236154,0.0321001280099153,0.0599999912083148,0.0,0.6,21.0,0,2
5,0,1541,PF,0.0030000228434801,0.0217000488191843,0.0016000121831893,0.0263000838458538,0.0,0.6,0.0,2,2
5,0,1541,Greedy-SLA,0.002400018274784,0.0209000427275896,0.001399777829647,0.0246998388320207,0.0,0.6,0.0,4,4
5,0,1541,DT-Top1,0.0024999026209115,0.0206001568585634,0.0316000077873468,0.0547000672668218,0.0,0.6,21.0,0,2
5,0,1542,PF,0.0030000228434801,0.0217000488191843,0.0016000121831893,0.0263000838458538,0.0,0.6,0.0,2,2
5,0,1542,Greedy-SLA,0.002400018274784,0.0210001599043607,0.0014998950064182,0.024900073185563,0.0,0.6,0.0,4,4
5,0,1542,DT-Top1,0.0025001354515552,0.0209000427275896,0.0316000077873468,0.0550001859664917,0.0,0.6,21.0,0,2
5,0,1543,PF,0.0028999056667089,0.020800158381462,0.0016998965293169,0.0253999605774879,0.0,0.6,0.0,2,2
5,0,1543,Greedy-SLA,0.0026000197976827,0.0210001599043607,0.0014000106602907,0.0250001903623342,0.0,0.6,0.0,4,4
5,0,1543,DT-Top1,0.0026000197976827,0.0211999285966157,0.0314000062644481,0.0551999546587467,0.0,0.6,21.0,0,2
5,0,1544,PF,0.0031001400202512,0.0212998129427433,0.0015001278370618,0.0259000808000564,0.0,0.6,0.0,2,2
5,0,1544,Greedy-SLA,0.0026999041438102,0.0217999331653118,0.0014000106602907,0.0258998479694128,0.0,0.6,0.0,4,4
5,0,1544,DT-Top1,0.0026000197976827,0.0208998098969459,0.0315001234412193,0.054999953135848,0.0,0.6,21.0,0,2
5,0,1545,PF,0.0028999056667089,0.0214001629501581,0.0016000121831893,0.0259000808000564,0.0,0.6,0.0,2,2
5,0,1545,Greedy-SLA,0.0024999026209115,0.0212001614272594,0.0014000106602907,0.0251000747084617,0.0,0.6,0.0,4,4
5,0,1545,DT-Top1,0.0024999026209115,0.0209000427275896,0.0313001219183206,0.0547000672668218,0.0,0.6,21.0,0,2
5,0,1546,PF,0.0028999056667089,0.0213000457733869,0.0015001278370618,0.0257000792771577,0.0,0.6,0.0,2,2
5,0,1546,Greedy-SLA,0.0026000197976827,0.0211000442504882,0.0014000106602907,0.0251000747084617,0.0,0.6,0.0,4,4
5,0,1546,DT-Top1,0.0024999026209115,0.0211000442504882,0.0313001219183206,0.0549000687897205,0.0,0.6,21.0,0,2
5,0,1547,PF,0.0030000228434801,0.0212001614272594,0.0014000106602907,0.0256001949310302,0.0,0.6,0.0,2,2
5,0,1547,Greedy-SLA,0.0025001354515552,0.0209000427275896,0.0014998950064182,0.024900073185563,0.0,0.6,0.0,4,4
5,0,1547,DT-Top1,0.002400018274784,0.0211000442504882,0.0014998950064182,0.0249999575316905,0.0,0.6,0.0,4,4
5,0,1548,PF,0.0028000213205814,0.0211000442504882,0.0014998950064182,0.0253999605774879,0.0,0.6,0.0,2,2
5,0,1548,Greedy-SLA,0.0077998265624046,0.0431002117693424,0.0020000152289867,0.0529000535607337,0.0,0.6,0.0,4,4
5,0,1548,DT-Top1,0.0027001369744539,0.0242998357862234,0.036400044336915,0.0634000170975923,0.0,0.6,21.0,0,2
5,0,1549,PF,0.0030000228434801,0.0285001005977392,0.0016000121831893,0.0331001356244087,0.0,0.6,0.0,2,2
5,0,1549,Greedy-SLA,0.0027001369744539,0.0222998205572366,0.0015001278370618,0.0265000853687524,0.0,0.6,0.0,4,4
5,0,1549,DT-Top1,0.0026000197976827,0.0218998175114393,0.0015001278370618,0.0259999651461839,0.0,0.6,0.0,4,4
5,0,1550,PF,0.0029001384973526,0.0221000518649816,0.0015997793525457,0.0265999697148799,0.0,0.6,0.0,2,2
5,0,1550,Greedy-SLA,0.0026999041438102,0.0217000488191843,0.001800013706088,0.0261999666690826,0.0,0.6,0.0,4,4
5,0,1550,DT-Top1,0.0025001354515552,0.0211999285966157,0.0332999043166637,0.0569999683648347,0.0,0.6,21.0,0,2
5,0,1551,PF,0.0030000228434801,0.0217000488191843,0.0016000121831893,0.0263000838458538,0.0,0.6,0.0,2,2
5,0,1551,Greedy-SLA,0.0032000243663787,0.0247000716626644,0.0014998950064182,0.0293999910354614,0.0,0.6,0.0,4,4
5,0,1551,DT-Top1,0.0026999041438102,0.0215000472962856,0.0328999012708663,0.0570998527109622,0.0,0.6,21.0,0,2
5,0,1552,PF,0.0028999056667089,0.0217000488191843,0.0016000121831893,0.0261999666690826,0.0,0.6,0.0,2,2
5,0,1552,Greedy-SLA,0.0026000197976827,0.0217000488191843,0.0014998950064182,0.0257999636232852,0.0,0.6,0.0,4,4
5,0,1552,DT-Top1,0.0028000213205814,0.0215999316424131,0.0016000121831893,0.0259999651461839,0.0,0.6,0.0,4,4
5,0,1553,PF,0.0028999056667089,0.0218001659959554,0.0014000106602907,0.0261000823229551,0.0,0.6,0.0,2,2
5,0,1553,Greedy-SLA,0.002400018274784,0.0211000442504882,0.0016000121831893,0.0251000747084617,0.0,0.6,0.0,4,4
5,0,1553,DT-Top1,0.0026000197976827,0.0213000457733869,0.0014000106602907,0.0253000762313604,0.0,0.6,0.0,4,4
5,0,1554,PF,0.0028000213205814,0.0215999316424131,0.0015001278370618,0.0259000808000564,0.0,0.6,0.0,2,2
5,0,1554,Greedy-SLA,0.002400018274784,0.0211000442504882,0.0014000106602907,0.024900073185563,0.0,0.6,0.0,4,4
5,0,1554,DT-Top1,0.002400018274784,0.0207999255508184,0.0320000108331441,0.0551999546587467,0.0,0.6,21.0,0,2
5,0,1555,PF,0.0028000213205814,0.0213999301195144,0.0014998950064182,0.0256998464465141,0.0,0.6,0.0,2,2
5,0,1555,Greedy-SLA,0.0026000197976827,0.0218001659959554,0.0014000106602907,0.0258001964539289,0.0,0.6,0.0,4,4
5,0,1555,DT-Top1,0.0024999026209115,0.0211000442504882,0.0324000138789415,0.0559999607503414,0.0,0.6,21.0,0,2
5,0,1556,PF,0.0031001400202512,0.0216998159885406,0.0016000121831893,0.0263999681919813,0.0,0.6,0.0,2,2
5,0,1556,Greedy-SLA,0.002400018274784,0.0210998114198446,0.0014000106602907,0.0248998403549194,0.0,0.6,0.0,4,4
5,0,1556,DT-Top1,0.0026999041438102,0.0210001599043607,0.0316998921334743,0.0553999561816453,0.0,0.6,21.0,0,2
5,0,1557,PF,0.0028000213205814,0.0206998083740472,0.0015001278370618,0.0249999575316905,0.0,0.6,0.0,2,2
5,0,1557,Greedy-SLA,0.0026999041438102,0.0217000488191843,0.0016000121831893,0.0259999651461839,0.0,0.6,0.0,4,4
5,0,1557,DT-Top1,0.0024999026209115,0.0209999270737171,0.031700124964118,0.0551999546587467,0.0,0.6,21.0,0,2
5,0,1558,PF,0.0030000228434801,0.0214001629501581,0.0014000106602907,0.0258001964539289,0.0,0.6,0.0,2,2
5,0,1558,Greedy-SLA,0.0025001354515552,0.0209999270737171,0.0015001278370618,0.0250001903623342,0.0,0.6,0.0,4,4
5,0,1558,DT-Top1,0.002400018274784,0.0207999255508184,0.031700124964118,0.0549000687897205,0.0,0.6,21.0,0,2
5,0,1559,PF,0.0028000213205814,0.0213000457733869,0.0068999361246824,0.0310000032186508,0.0,0.6,0.0,2,2
5,0,1559,Greedy-SLA,0.0026000197976827,0.0213999301195144,0.0014998950064182,0.0254998449236154,0.0,0.6,0.0,4,4
5,0,1559,DT-Top1,0.0024999026209115,0.0205999240279197,0.0318000093102455,0.0548998359590768,0.0,0.6,21.0,0,2
5,0,1560,PF,0.0029001384973526,0.0213999301195144,0.0016000121831893,0.0259000808000564,0.0,0.6,0.0,2,2
5,0,1560,Greedy-SLA,0.0024999026209115,0.0211000442504882,0.0014998950064182,0.0250998418778181,0.0,0.6,0.0,4,4
5,0,1560,DT-Top1,0.002400018274784,0.0207000412046909,0.0014998950064182,0.0245999544858932,0.0,0.6,0.0,4,4
5,0,1561,PF,0.0028999056667089,0.0215999316424131,0.0015001278370618,0.0259999651461839,0.0,0.6,0.0,2,2
5,0,1561,Greedy-SLA,0.0025001354515552,0.0207999255508184,0.0014998950064182,0.0247999560087919,0.0,0.6,0.0,4,4
5,0,1561,DT-Top1,0.0025001354515552,0.0210998114198446,0.0318000093102455,0.0553999561816453,0.0,0.6,21.0,0,2
5,0,1562,PF,0.0028999056667089,0.0259000808000564,0.0014000106602907,0.0301999971270561,0.0,0.6,0.0,2,2
5,0,1562,Greedy-SLA,0.0027001369744539,0.0211000442504882,0.0014000106602907,0.0252001918852329,0.0,0.6,0.0,4,4
5,0,1562,DT-Top1,0.0024999026209115,0.0205000396817922,0.0014998950064182,0.024499837309122,0.0,0.6,0.0,4,4
5,0,1563,PF,0.0028999056667089,0.0212001614272594,0.0014000106602907,0.0255000777542591,0.0,0.6,0.0,2,2
5,0,1563,Greedy-SLA,0.0027001369744539,0.0211999285966157,0.0016000121831893,0.0255000777542591,0.0,0.6,0.0,4,4
5,0,1563,DT-Top1,0.0027001369744539,0.0215999316424131,0.0015001278370618,0.0258001964539289,0.0,0.6,0.0,4,4
5,0,1564,PF,0.0028999056667089,0.0211000442504882,0.0014998950064182,0.0254998449236154,0.0,0.6,0.0,2,2
5,0,1564,Greedy-SLA,0.0024999026209115,0.0210001599043607,0.001399777829647,0.0248998403549194,0.0,0.6,0.0,4,4
5,0,1564,DT-Top1,0.0026000197976827,0.0205000396817922,0.0322000123560428,0.0553000718355178,0.0,0.6,21.0,0,2
5,0,1565,PF,0.0029001384973526,0.0211000442504882,0.0014998950064182,0.0255000777542591,0.0,0.6,0.0,2,2
5,0,1565,Greedy-SLA,0.002400018274784,0.0207000412046909,0.0015001278370618,0.0246001873165369,0.0,0.6,0.0,4,4
5,0,1565,DT-Top1,0.0025001354515552,0.0205000396817922,0.0316000077873468,0.0546001829206943,0.0,0.6,21.0,0,2
5,0,1566,PF,0.0030000228434801,0.0211999285966157,0.0015001278370618,0.0257000792771577,0.0,0.6,0.0,2,2
5,0,1566,Greedy-SLA,0.002400018274784,0.020800158381462,0.0014998950064182,0.0247000716626644,0.0,0.6,0.0,4,4
5,0,1566,DT-Top1,0.0024999026209115,0.0203000381588935,0.0321001280099153,0.0549000687897205,0.0,0.6,21.0,0,2
5,0,1567,PF,0.0029001384973526,0.0211999285966157,0.0014000106602907,0.0255000777542591,0.0,0.6,0.0,2,2
5,0,1567,Greedy-SLA,0.0024999026209115,0.0210001599043607,0.0014998950064182,0.0249999575316905,0.0,0.6,0.0,4,4
5,0,1567,DT-Top1,0.0025997869670391,0.0307001173496246,0.0324000138789415,0.0656999181956052,0.0,0.6,21.0,0,2
5,0,1568,PF,0.0030000228434801,0.0207999255508184,0.0015001278370618,0.0253000762313604,0.0,0.6,0.0,2,2
5,0,1568,Greedy-SLA,0.0026999041438102,0.0209000427275896,0.0014998950064182,0.0250998418778181,0.0,0.6,0.0,4,4
5,0,1568,DT-Top1,0.0026999041438102,0.0209000427275896,0.0314998906105756,0.0550998374819755,0.0,0.6,21.0,0,2
5,0,1569,PF,0.0030000228434801,0.0209999270737171,0.0015001278370618,0.0255000777542591,0.0,0.6,0.0,2,2
5,0,1569,Greedy-SLA,0.0026999041438102,0.0217000488191843,0.0015001278370618,0.0259000808000564,0.0,0.6,0.0,4,4
5,0,1569,DT-Top1,0.0026000197976827,0.020800158381462,0.0016000121831893,0.0250001903623342,0.0,0.6,0.0,4,4
5,0,1570,PF,0.0030000228434801,0.0209999270737171,0.0014998950064182,0.0254998449236154,0.0,0.6,0.0,2,2
5,0,1570,Greedy-SLA,0.0025001354515552,0.0213999301195144,0.0013001263141632,0.0252001918852329,0.0,0.6,0.0,4,4
5,0,1570,DT-Top1,0.0026000197976827,0.0204001553356647,0.0320000108331441,0.0550001859664917,0.0,0.6,21.0,0,2
5,0,1571,PF,0.0029001384973526,0.0209999270737171,0.0015001278370618,0.0254001934081316,0.0,0.6,0.0,2,2
5,0,1571,Greedy-SLA,0.0025001354515552,0.0205999240279197,0.0014000106602907,0.0245000701397657,0.0,0.6,0.0,4,4
5,0,1571,DT-Top1,0.0024999026209115,0.0204001553356647,0.0449998769909143,0.0678999349474906,0.0,0.6,21.0,0,2
5,0,1572,PF,0.0030000228434801,0.0217000488191843,0.0014998950064182,0.0261999666690826,0.0,0.6,0.0,2,2
5,0,1572,Greedy-SLA,0.0026000197976827,0.0209999270737171,0.0014000106602907,0.0249999575316905,0.0,0.6,0.0,4,4
5,0,1572,DT-Top1,0.0024999026209115,0.0213000457733869,0.031700124964118,0.0555000733584165,0.0,0.6,21.0,0,2
5,0,1573,PF,0.0030000228434801,0.0210998114198446,0.0015001278370618,0.0255999621003866,0.0,0.6,0.0,2,2
5,0,1573,Greedy-SLA,0.0026000197976827,0.0212001614272594,0.0014998950064182,0.0253000762313604,0.0,0.6,0.0,4,4
5,0,1573,DT-Top1,0.0026000197976827,0.0211000442504882,0.0330000184476375,0.0567000824958086,0.0,0.6,21.0,0,2
5,0,1574,PF,0.0028999056667089,0.0211999285966157,0.0015001278370618,0.0255999621003866,0.0,0.6,0.0,2,2
5,0,1574,Greedy-SLA,0.0026999041438102,0.0213000457733869,0.0014000106602907,0.0253999605774879,0.0,0.6,0.0,4,4
5,0,1574,DT-Top1,0.0026000197976827,0.020399922505021,0.031700124964118,0.0547000672668218,0.0,0.6,21.0,0,2
5,0,1575,PF,0.0030000228434801,0.0211000442504882,0.0014998950064182,0.0255999621003866,0.0,0.6,0.0,2,2
5,0,1575,Greedy-SLA,0.0024999026209115,0.0211000442504882,0.0014000106602907,0.0249999575316905,0.0,0.6,0.0,4,4
5,0,1575,DT-Top1,0.0028000213205814,0.0213999301195144,0.0014000106602907,0.0255999621003866,0.0,0.6,0.0,4,4
5,0,1576,PF,0.0030000228434801,0.0218998175114393,0.0016000121831893,0.0264998525381088,0.0,0.6,0.0,2,2
5,0,1576,Greedy-SLA,0.0027001369744539,0.0212998129427433,0.0013001263141632,0.0253000762313604,0.0,0.6,0.0,4,4
5,0,1576,DT-Top1,0.002400018274784,0.0211999285966157,0.0322000123560428,0.0557999592274427,0.0,0.6,21.0,0,2
5,0,1577,PF,0.0030999071896076,0.0209999270737171,0.0016000121831893,0.0256998464465141,0.0,0.6,0.0,2,2
5,0,1577,Greedy-SLA,0.0027001369744539,0.0211999285966157,0.0318000093102455,0.0557000748813152,0.0,0.6,21.0,0,2
5,0,1577,DT-Top1,0.0025001354515552,0.020399922505021,0.0316998921334743,0.0545999500900507,0.0,0.6,21.0,0,2
5,0,1578,PF,0.0030000228434801,0.0211000442504882,0.0014998950064182,0.0255999621003866,0.0,0.6,0.0,2,2
5,0,1578,Greedy-SLA,0.0026000197976827,0.0209999270737171,0.0014000106602907,0.0249999575316905,0.0,0.6,0.0,4,4
5,0,1578,DT-Top1,0.0026000197976827,0.0209000427275896,0.0014000106602907,0.024900073185563,0.0,0.6,0.0,4,4
5,0,1579,PF,0.0030000228434801,0.0209999270737171,0.0016000121831893,0.0255999621003866,0.0,0.6,0.0,2,2
5,0,1579,Greedy-SLA,0.0026000197976827,0.0211000442504882,0.0012998934835195,0.0249999575316905,0.0,0.6,0.0,4,4
5,0,1579,DT-Top1,0.0024999026209115,0.0212001614272594,0.0318000093102455,0.0555000733584165,0.0,0.6,21.0,0,2
5,0,1580,PF,0.0030000228434801,0.0217000488191843,0.0014998950064182,0.0261999666690826,0.0,0.6,0.0,2,2
5,0,1580,Greedy-SLA,0.0024999026209115,0.0211000442504882,0.0014000106602907,0.0249999575316905,0.0,0.6,0.0,4,4
5,0,1580,DT-Top1,0.0026999041438102,0.0209000427275896,0.0014000106602907,0.0249999575316905,0.0,0.6,0.0,4,4
5,0,1581,PF,0.0030000228434801,0.0212998129427433,0.0015001278370618,0.0257999636232852,0.0,0.6,0.0,2,2
5,0,1581,Greedy-SLA,0.0026000197976827,0.0213000457733869,0.0014000106602907,0.0253000762313604,0.0,0.6,0.0,4,4
5,0,1581,DT-Top1,0.0026999041438102,0.0211999285966157,0.0014000106602907,0.0252998434007167,0.0,0.6,0.0,4,4
5,0,1582,PF,0.0029997900128364,0.0384000595659017,0.0016000121831893,0.0429998617619276,0.0,0.6,0.0,2,2
5,0,1582,Greedy-SLA,0.002400018274784,0.0217000488191843,0.0014000106602907,0.0255000777542591,0.0,0.6,0.0,4,4
5,0,1582,DT-Top1,0.0025001354515552,0.0211000442504882,0.0719998497515916,0.0956000294536352,0.0,0.6,21.0,0,2
5,0,1583,PF,0.0028000213205814,0.0281999818980693,0.0015001278370618,0.0325001310557127,0.0,0.6,0.0,2,2
5,0,1583,Greedy-SLA,0.0016000121831893,0.0126000959426164,0.0008000060915946,0.0150001142174005,0.0,0.6,0.0,4,4
5,0,1583,DT-Top1,0.0011001247912645,0.0082999467849731,0.0332000199705362,0.0426000915467739,0.0,0.6,21.0,0,2
5,0,1584,PF,0.001200009137392,0.0088000670075416,0.000600004568696,0.0106000807136297,0.0,0.6,0.0,2,2
5,0,1584,Greedy-SLA,0.0010000076144933,0.0078999437391757,0.000600004568696,0.0094999559223651,0.0,0.6,0.0,4,4
5,0,1584,DT-Top1,0.0008998904377222,0.0293999910354614,0.0357001554220914,0.0660000368952751,0.0,0.6,21.0,0,2
5,0,1585,PF,0.0102999620139598,0.0104999635368585,0.0007001217454671,0.0215000472962856,0.0,0.6,0.0,2,2
5,0,1585,Greedy-SLA,0.0008998904377222,0.0079001765698194,0.000600004568696,0.0094000715762376,0.0,0.6,0.0,4,4
5,0,1585,DT-Top1,0.0009997747838497,0.0186001416295766,0.0221000518649816,0.041699968278408,0.0,0.6,21.0,0,2
5,0,1586,PF,0.001200009137392,0.0092999543994665,0.000600004568696,0.0110999681055545,0.0,0.6,0.0,2,2
5,0,1586,Greedy-SLA,0.0008998904377222,0.0078000593930482,0.000600004568696,0.0092999543994665,0.0,0.6,0.0,4,4
5,0,1586,DT-Top1,0.0008998904377222,0.0076999422162771,0.0005001202225685,0.0090999528765678,0.0,0.6,0.0,4,4
5,0,1587,PF,0.0010998919606208,0.0084000639617443,0.0007001217454671,0.0102000776678323,0.0,0.6,0.0,2,2
5,0,1587,Greedy-SLA,0.0026000197976827,0.0207000412046909,0.0014998950064182,0.0247999560087919,0.0,0.6,0.0,4,4
5,0,1587,DT-Top1,0.0025997869670391,0.0207000412046909,0.0324000138789415,0.0556998420506715,0.0,0.6,21.0,0,2
5,0,1588,PF,0.0029001384973526,0.0209999270737171,0.0015001278370618,0.0254001934081316,0.0,0.6,0.0,2,2
5,0,1588,Greedy-SLA,0.0026999041438102,0.0201999209821224,0.0014000106602907,0.0242998357862234,0.0,0.6,0.0,4,4
5,0,1588,DT-Top1,0.002400018274784,0.0204998068511486,0.0313001219183206,0.0541999470442533,0.0,0.6,21.0,0,2
5,0,1589,PF,0.0030000228434801,0.0210001599043607,0.0016000121831893,0.0256001949310302,0.0,0.6,0.0,2,2
5,0,1589,Greedy-SLA,0.0026000197976827,0.0207000412046909,0.0014998950064182,0.0247999560087919,0.0,0.6,0.0,4,4
5,0,1589,DT-Top1,0.0025997869670391,0.0205000396817922,0.0015001278370618,0.0245999544858932,0.0,0.6,0.0,4,4
5,0,1590,PF,0.0028999056667089,0.0212001614272594,0.0014998950064182,0.0255999621003866,0.0,0.6,0.0,2,2
5,0,1590,Greedy-SLA,0.0025997869670391,0.020800158381462,0.0014000106602907,0.0247999560087919,0.0,0.6,0.0,4,4
5,0,1590,DT-Top1,0.0026000197976827,0.0204998068511486,0.0014000106602907,0.024499837309122,0.0,0.6,0.0,4,4
5,0,1591,PF,0.0028999056667089,0.0205999240279197,0.0016000121831893,0.0250998418778181,0.0,0.6,0.0,2,2
5,0,1591,Greedy-SLA,0.0027001369744539,0.0206998083740472,0.0015001278370618,0.024900073185563,0.0,0.6,0.0,4,4
5,0,1591,DT-Top1,0.0024999026209115,0.0205000396817922,0.031899893656373,0.0548998359590768,0.0,0.6,21.0,0,2
5,0,1592,PF,0.0030000228434801,0.0210998114198446,0.0015001278370618,0.0255999621003866,0.0,0.6,0.0,2,2
5,0,1592,Greedy-SLA,0.0026000197976827,0.0205000396817922,0.0014000106602907,0.0245000701397657,0.0,0.6,0.0,4,4
5,0,1592,DT-Top1,0.0025001354515552,0.0201999209821224,0.0014000106602907,0.0241000670939683,0.0,0.6,0.0,4,4
5,0,1593,PF,0.0030000228434801,0.0209000427275896,0.0014000106602907,0.0253000762313604,0.0,0.6,0.0,2,2
5,0,1593,Greedy-SLA,0.0025001354515552,0.0205000396817922,0.0014998950064182,0.0245000701397657,0.0,0.6,0.0,4,4
5,0,1593,DT-Top1,0.0026999041438102,0.0211000442504882,0.0322000123560428,0.0559999607503414,0.0,0.6,21.0,0,2
5,0,1594,PF,0.0030000228434801,0.0205999240279197,0.0015001278370618,0.0251000747084617,0.0,0.6,0.0,2,2
5,0,1594,Greedy-SLA,0.0026000197976827,0.0209000427275896,0.0014998950064182,0.0249999575316905,0.0,0.6,0.0,4,4
5,0,1594,DT-Top1,0.0027001369744539,0.0205000396817922,0.0316000077873468,0.054800184443593,0.0,0.6,21.0,0,2
5,0,1595,PF,0.0030000228434801,0.0207000412046909,0.0014998950064182,0.0251999590545892,0.0,0.6,0.0,2,2
5,0,1595,Greedy-SLA,0.0026000197976827,0.0204001553356647,0.0014998950064182,0.0245000701397657,0.0,0.6,0.0,4,4
5,0,1595,DT-Top1,0.0024999026209115,0.0203000381588935,0.0012998934835195,0.0240998342633247,0.0,0.6,0.0,4,4
5,0,1596,PF,0.0031001400202512,0.0207999255508184,0.0015001278370618,0.0254001934081316,0.0,0.6,0.0,2,2
5,0,1596,Greedy-SLA,0.0024999026209115,0.020800158381462,0.0314000062644481,0.0547000672668218,0.0,0.6,21.0,0,2
5,0,1596,DT-Top1,0.0026000197976827,0.0204998068511486,0.0311001203954219,0.0541999470442533,0.0,0.6,21.0,0,2
5,0,1597,PF,0.0028999056667089,0.0207000412046909,0.0014000106602907,0.0249999575316905,0.0,0.6,0.0,2,2
5,0,1597,Greedy-SLA,0.0025001354515552,0.020399922505021,0.0014000106602907,0.024300068616867,0.0,0.6,0.0,4,4
5,0,1597,DT-Top1,0.0028000213205814,0.0218001659959554,0.0318000093102455,0.0564001966267824,0.0,0.6,21.0,0,2
5,0,1598,PF,0.0029001384973526,0.0209999270737171,0.0016000121831893,0.0255000777542591,0.0,0.6,0.0,2,2
5,0,1598,Greedy-SLA,0.0024999026209115,0.0205000396817922,0.0014000106602907,0.0243999529629945,0.0,0.6,0.0,4,4
5,0,1598,DT-Top1,0.0026000197976827,0.0199999194592237,0.031700124964118,0.0543000642210245,0.0,0.6,21.0,0,2
5,0,1599,PF,0.0029001384973526,0.0205000396817922,0.0014998950064182,0.024900073185563,0.0,0.6,0.0,2,2
5,0,1599,Greedy-SLA,0.0023997854441404,0.020800158381462,0.0310998875647783,0.0542998313903808,0.0,0.6,21.0,0,2
5,0,1599,DT-Top1,0.002400018274784,0.0205999240279197,0.0311001203954219,0.0541000626981258,0.0,0.6,21.0,0,2
5,0,1600,PF,0.0032000243663787,0.0205000396817922,0.0014998950064182,0.0251999590545892,0.0,0.6,0.0,2,2
5,0,1600,Greedy-SLA,0.0026999041438102,0.0207000412046909,0.0014000106602907,0.0247999560087919,0.0,0.6,0.0,4,4
5,0,1600,DT-Top1,0.0025001354515552,0.0206998083740472,0.0014000106602907,0.0245999544858932,0.0,0.6,0.0,4,4
5,0,1601,PF,0.0029997900128364,0.0209000427275896,0.0016000121831893,0.0254998449236154,0.0,0.6,0.0,2,2
5,0,1601,Greedy-SLA,0.0025001354515552,0.0209999270737171,0.0014000106602907,0.024900073185563,0.0,0.6,0.0,4,4
5,0,1601,DT-Top1,0.0026000197976827,0.0257999636232852,0.031899893656373,0.060299877077341,0.0,0.6,21.0,0,2
5,0,1602,PF,0.0029001384973526,0.0207000412046909,0.0014998950064182,0.0251000747084617,0.0,0.6,0.0,2,2
5,0,1602,Greedy-SLA,0.0024999026209115,0.0206001568585634,0.0014998950064182,0.0245999544858932,0.0,0.6,0.0,4,4
5,0,1602,DT-Top1,0.002400018274784,0.020399922505021,0.0320000108331441,0.0547999516129493,0.0,0.6,21.0,0,2
5,0,1603,PF,0.0028999056667089,0.0209000427275896,0.0014998950064182,0.0252998434007167,0.0,0.6,0.0,2,2
5,0,1603,Greedy-SLA,0.0025001354515552,0.0202998053282499,0.0016000121831893,0.0243999529629945,0.0,0.6,0.0,4,4
5,0,1603,DT-Top1,0.0026000197976827,0.0201000366359949,0.0014998950064182,0.0241999514400959,0.0,0.6,0.0,4,4
5,0,1604,PF,0.0028999056667089,0.0203000381588935,0.0014998950064182,0.0246998388320207,0.0,0.6,0.0,2,2
5,0,1604,Greedy-SLA,0.0024999026209115,0.024900073185563,0.0014000106602907,0.0287999864667654,0.0,0.6,0.0,4,4
5,0,1604,DT-Top1,0.0024999026209115,0.0206001568585634,0.0314000062644481,0.0545000657439231,0.0,0.6,21.0,0,2
5,0,1605,PF,0.0028999056667089,0.0206001568585634,0.0015997793525457,0.0250998418778181,0.0,0.6,0.0,2,2
5,0,1605,Greedy-SLA,0.0026000197976827,0.0203000381588935,0.0014000106602907,0.024300068616867,0.0,0.6,0.0,4,4
5,0,1605,DT-Top1,0.0026000197976827,0.0203000381588935,0.0313001219183206,0.054200179874897,0.0,0.6,21.0,0,2
5,0,1606,PF,0.0028999056667089,0.0211000442504882,0.0016000121831893,0.0255999621003866,0.0,0.6,0.0,2,2
5,0,1606,Greedy-SLA,0.0026000197976827,0.0205999240279197,0.0310998875647783,0.0542998313903808,0.0,0.6,21.0,0,2
5,0,1606,DT-Top1,0.0027001369744539,0.0205000396817922,0.0310000032186508,0.054200179874897,0.0,0.6,21.0,0,2
5,0,1607,PF,0.0029001384973526,0.0209999270737171,0.0014998950064182,0.0253999605774879,0.0,0.6,0.0,2,2
5,0,1607,Greedy-SLA,0.0026000197976827,0.0205000396817922,0.0016000121831893,0.0247000716626644,0.0,0.6,0.0,4,4
5,0,1607,DT-Top1,0.0024999026209115,0.0203000381588935,0.0312000047415494,0.0539999455213546,0.0,0.6,21.0,0,2
5,0,1608,PF,0.0029001384973526,0.0207999255508184,0.0015001278370618,0.0252001918852329,0.0,0.6,0.0,2,2
5,0,1608,Greedy-SLA,0.0024999026209115,0.0209000427275896,0.0014000106602907,0.0247999560087919,0.0,0.6,0.0,4,4
5,0,1608,DT-Top1,0.0026999041438102,0.0201999209821224,0.0310000032186508,0.0538998283445835,0.0,0.6,21.0,0,2
5,0,1609,PF,0.0028999056667089,0.0205999240279197,0.0016000121831893,0.0250998418778181,0.0,0.6,0.0,2,2
5,0,1609,Greedy-SLA,0.0026000197976827,0.0207000412046909,0.0016000121831893,0.024900073185563,0.0,0.6,0.0,4,4
5,0,1609,DT-Top1,0.002400018274784,0.020399922505021,0.0311001203954219,0.0539000611752271,0.0,0.6,21.0,0,2
5,0,1610,PF,0.0042999163269996,0.0398000702261924,0.0020000152289867,0.0461000017821788,0.0,0.6,0.0,2,2
5,0,1610,Greedy-SLA,0.0034000258892774,0.0245000701397657,0.001800013706088,0.0297001097351312,0.0,0.6,0.0,4,4
5,0,1610,DT-Top1,0.0030000228434801,0.0223000533878803,0.0014998950064182,0.0267999712377786,0.0,0.6,0.0,4,4
5,0,1611,PF,0.0032000243663787,0.0227000564336776,0.0017997808754444,0.0276998616755008,0.0,0.6,0.0,2,2
5,0,1611,Greedy-SLA,0.0026000197976827,0.0211000442504882,0.0015001278370618,0.0252001918852329,0.0,0.6,0.0,4,4
5,0,1611,DT-Top1,0.002400018274784,0.020800158381462,0.041699968278408,0.0649001449346542,0.0,0.6,21.0,0,2
5,0,1612,PF,0.0032000243663787,0.0221000518649816,0.0016000121831893,0.0269000884145498,0.0,0.6,0.0,2,2
5,0,1612,Greedy-SLA,0.0024999026209115,0.0212001614272594,0.0014000106602907,0.0251000747084617,0.0,0.6,0.0,4,4
5,0,1612,DT-Top1,0.0026000197976827,0.0265000853687524,0.033099902793765,0.0622000079602003,0.0,0.6,21.0,0,2
5,0,1613,PF,0.0030000228434801,0.0211999285966157,0.0015001278370618,0.0257000792771577,0.0,0.6,0.0,2,2
5,0,1613,Greedy-SLA,0.0025001354515552,0.0212998129427433,0.0014000106602907,0.0251999590545892,0.0,0.6,0.0,4,4
5,0,1613,DT-Top1,0.018400140106678,0.0205000396817922,0.0326998997479677,0.0716000795364379,0.0,0.6,21.0,0,2
5,0,1614,PF,0.0030999071896076,0.0209999270737171,0.0015001278370618,0.0255999621003866,0.0,0.6,0.0,2,2
5,0,1614,Greedy-SLA,0.0024999026209115,0.0207999255508184,0.0014000106602907,0.0246998388320207,0.0,0.6,0.0,4,4
5,0,1614,DT-Top1,0.0025001354515552,0.020399922505021,0.0324000138789415,0.0553000718355178,0.0,0.6,21.0,0,2
5,0,1615,PF,0.0029001384973526,0.0205999240279197,0.0016000121831893,0.0251000747084617,0.0,0.6,0.0,2,2
5,0,1615,Greedy-SLA,0.0026000197976827,0.0208998098969459,0.0014000106602907,0.0248998403549194,0.0,0.6,0.0,4,4
5,0,1615,DT-Top1,0.0025001354515552,0.0207000412046909,0.0014000106602907,0.0246001873165369,0.0,0.6,0.0,4,4
5,0,1616,PF,0.0030000228434801,0.0207000412046909,0.0014998950064182,0.0251999590545892,0.0,0.6,0.0,2,2
5,0,1616,Greedy-SLA,0.0025001354515552,0.0205999240279197,0.0015001278370618,0.0246001873165369,0.0,0.6,0.0,4,4
5,0,1616,DT-Top1,0.002400018274784,0.020399922505021,0.0318000093102455,0.0545999500900507,0.0,0.6,21.0,0,2
5,0,1617,PF,0.0029001384973526,0.0205000396817922,0.0014998950064182,0.024900073185563,0.0,0.6,0.0,2,2
5,0,1617,Greedy-SLA,0.002400018274784,0.0209000427275896,0.0316000077873468,0.0549000687897205,0.0,0.6,21.0,0,2
5,0,1617,DT-Top1,0.0026000197976827,0.0207999255508184,0.031700124964118,0.0551000703126192,0.0,0.6,21.0,0,2
5,0,1618,PF,0.0031001400202512,0.0210998114198446,0.0016000121831893,0.0257999636232852,0.0,0.6,0.0,2,2
5,0,1618,Greedy-SLA,0.0025001354515552,0.0209999270737171,0.0014998950064182,0.0249999575316905,0.0,0.6,0.0,4,4
5,0,1618,DT-Top1,0.0025001354515552,0.0203000381588935,0.0014000106602907,0.0242001842707395,0.0,0.6,0.0,4,4
5,0,1619,PF,0.0030000228434801,0.020800158381462,0.0014998950064182,0.0253000762313604,0.0,0.6,0.0,2,2
5,0,1619,Greedy-SLA,0.0024999026209115,0.0206001568585634,0.0014998950064182,0.0245999544858932,0.0,0.6,0.0,4,4
5,0,1619,DT-Top1,0.0024999026209115,0.0207000412046909,0.0322000123560428,0.0553999561816453,0.0,0.6,21.0,0,2
5,0,1620,PF,0.0030000228434801,0.0209000427275896,0.0015001278370618,0.0254001934081316,0.0,0.6,0.0,2,2
5,0,1620,Greedy-SLA,0.0024999026209115,0.0207999255508184,0.0321001280099153,0.0553999561816453,0.0,0.6,21.0,0,2
5,0,1620,DT-Top1,0.0028000213205814,0.0205999240279197,0.0311001203954219,0.0545000657439231,0.0,0.6,21.0,0,2
5,0,1621,PF,0.0030000228434801,0.0209000427275896,0.0014998950064182,0.0253999605774879,0.0,0.6,0.0,2,2
5,0,1621,Greedy-SLA,0.0025001354515552,0.0210998114198446,0.0316000077873468,0.0551999546587467,0.0,0.6,21.0,0,2
5,0,1621,DT-Top1,0.0026000197976827,0.0207000412046909,0.0847000628709793,0.108000123873353,0.0,0.6,21.0,0,2
5,0,1622,PF,0.0032999087125062,0.0267000868916511,0.0016998965293169,0.0316998921334743,0.0,0.6,0.0,2,2
5,0,1622,Greedy-SLA,0.0028000213205814,0.0239999499171972,0.0015001278370618,0.0283000990748405,0.0,0.6,0.0,4,4
5,0,1622,DT-Top1,0.0025001354515552,0.0217000488191843,0.0014998950064182,0.0257000792771577,0.0,0.6,0.0,4,4
5,0,1623,PF,0.0028999056667089,0.0221000518649816,0.0016000121831893,0.0265999697148799,0.0,0.6,0.0,2,2
5,0,1623,Greedy-SLA,0.0023997854441404,0.0214001629501581,0.0014998950064182,0.0252998434007167,0.0,0.6,0.0,4,4
5,0,1623,DT-Top1,0.0026000197976827,0.0216998159885406,0.0015001278370618,0.0257999636232852,0.0,0.6,0.0,4,4
5,0,1624,PF,0.0030000228434801,0.0217999331653118,0.0014998950064182,0.0262998510152101,0.0,0.6,0.0,2,2
5,0,1624,Greedy-SLA,0.0026999041438102,0.0213999301195144,0.0348000321537256,0.0588998664170503,0.0,0.6,21.0,0,2
5,0,1624,DT-Top1,0.0026999041438102,0.0211000442504882,0.0316998921334743,0.0554998405277729,0.0,0.6,21.0,0,2
5,0,1625,PF,0.0029001384973526,0.0211999285966157,0.001800013706088,0.0259000808000564,0.0,0.6,0.0,2,2
5,0,1625,Greedy-SLA,0.0028000213205814,0.0211999285966157,0.0016000121831893,0.0255999621003866,0.0,0.6,0.0,4,4
5,0,1625,DT-Top1,0.0025001354515552,0.0267999712377786,0.0320000108331441,0.0613001175224781,0.0,0.6,21.0,0,2
5,0,1626,PF,0.0028000213205814,0.0210001599043607,0.0016000121831893,0.0254001934081316,0.0,0.6,0.0,2,2
5,0,1626,Greedy-SLA,0.0025001354515552,0.0211999285966157,0.0015001278370618,0.0252001918852329,0.0,0.6,0.0,4,4
5,0,1626,DT-Top1,0.002400018274784,0.0209999270737171,0.0015001278370618,0.024900073185563,0.0,0.6,0.0,4,4
5,0,1627,PF,0.0028000213205814,0.0212001614272594,0.0017997808754444,0.0257999636232852,0.0,0.6,0.0,2,2
5,0,1627,Greedy-SLA,0.0024999026209115,0.0213000457733869,0.0015001278370618,0.0253000762313604,0.0,0.6,0.0,4,4
5,0,1627,DT-Top1,0.0026000197976827,0.0207000412046909,0.0320000108331441,0.0553000718355178,0.0,0.6,21.0,0,2
5,0,1628,PF,0.0028000213205814,0.0209000427275896,0.0016998965293169,0.0253999605774879,0.0,0.6,0.0,2,2
5,0,1628,Greedy-SLA,0.0024999026209115,0.020800158381462,0.0014998950064182,0.0247999560087919,0.0,0.6,0.0,4,4
5,0,1628,DT-Top1,0.0026000197976827,0.0205000396817922,0.0312000047415494,0.0543000642210245,0.0,0.6,21.0,0,2
5,0,1629,PF,0.0026999041438102,0.0211000442504882,0.0016000121831893,0.0253999605774879,0.0,0.6,0.0,2,2
5,0,1629,Greedy-SLA,0.002400018274784,0.0205999240279197,0.0014998950064182,0.024499837309122,0.0,0.6,0.0,4,4
5,0,1629,DT-Top1,0.0027001369744539,0.0205999240279197,0.031700124964118,0.0550001859664917,0.0,0.6,21.0,0,2
5,0,1630,PF,0.0028999056667089,0.0212001614272594,0.0016000121831893,0.0257000792771577,0.0,0.6,0.0,2,2
5,0,1630,Greedy-SLA,0.0024999026209115,0.0209000427275896,0.0016000121831893,0.0249999575316905,0.0,0.6,0.0,4,4
5,0,1630,DT-Top1,0.0024999026209115,0.0209000427275896,0.0316000077873468,0.054999953135848,0.0,0.6,21.0,0,2
5,0,1631,PF,0.0028000213205814,0.0207999255508184,0.0017001293599605,0.0253000762313604,0.0,0.6,0.0,2,2
5,0,1631,Greedy-SLA,0.002400018274784,0.020399922505021,0.0015001278370618,0.024300068616867,0.0,0.6,0.0,4,4
5,0,1631,DT-Top1,0.0025001354515552,0.0208998098969459,0.0015001278370618,0.024900073185563,0.0,0.6,0.0,4,4
5,0,1632,PF,0.0026999041438102,0.0213000457733869,0.0016000121831893,0.0255999621003866,0.0,0.6,0.0,2,2
5,0,1632,Greedy-SLA,0.0026000197976827,0.0208998098969459,0.001800013706088,0.0252998434007167,0.0,0.6,0.0,4,4
5,0,1632,DT-Top1,0.0026000197976827,0.0205999240279197,0.0322998967021703,0.0554998405277729,0.0,0.6,21.0,0,2
5,0,1633,PF,0.0029001384973526,0.0206998083740472,0.0016000121831893,0.0251999590545892,0.0,0.6,0.0,2,2
5,0,1633,Greedy-SLA,0.002400018274784,0.0211000442504882,0.0016000121831893,0.0251000747084617,0.0,0.6,0.0,4,4
5,0,1633,DT-Top1,0.002400018274784,0.0205000396817922,0.0314000062644481,0.0543000642210245,0.0,0.6,21.0,0,2
5,0,1634,PF,0.0028999056667089,0.0206001568585634,0.0016000121831893,0.0251000747084617,0.0,0.6,0.0,2,2
5,0,1634,Greedy-SLA,0.0024999026209115,0.0211000442504882,0.0016000121831893,0.0251999590545892,0.0,0.6,0.0,4,4
5,0,1634,DT-Top1,0.0025997869670391,0.0216001644730567,0.0014998950064182,0.0256998464465141,0.0,0.6,0.0,4,4
5,0,1635,PF,0.0026999041438102,0.0205000396817922,0.0016000121831893,0.0247999560087919,0.0,0.6,0.0,2,2
5,0,1635,Greedy-SLA,0.0026000197976827,0.0213999301195144,0.0014000106602907,0.0253999605774879,0.0,0.6,0.0,4,4
5,0,1635,DT-Top1,0.002400018274784,0.0207999255508184,0.0014000106602907,0.0245999544858932,0.0,0.6,0.0,4,4
5,0,1636,PF,0.0027997884899377,0.020800158381462,0.0016000121831893,0.0251999590545892,0.0,0.6,0.0,2,2
5,0,1636,Greedy-SLA,0.0025001354515552,0.0209999270737171,0.0014998950064182,0.0249999575316905,0.0,0.6,0.0,4,4
5,0,1636,DT-Top1,0.0024999026209115,0.020800158381462,0.032499898225069,0.0557999592274427,0.0,0.6,21.0,0,2
5,0,1637,PF,0.0029001384973526,0.0210998114198446,0.0016000121831893,0.0255999621003866,0.0,0.6,0.0,2,2
5,0,1637,Greedy-SLA,0.002400018274784,0.0211000442504882,0.0014998950064182,0.0249999575316905,0.0,0.6,0.0,4,4
5,0,1637,DT-Top1,0.0025001354515552,0.0202998053282499,0.0325001310557127,0.0553000718355178,0.0,0.6,21.0,0,2
5,0,1638,PF,0.0028999056667089,0.0211000442504882,0.0017001293599605,0.0257000792771577,0.0,0.6,0.0,2,2
5,0,1638,Greedy-SLA,0.0024999026209115,0.0209999270737171,0.0014000106602907,0.0248998403549194,0.0,0.6,0.0,4,4
5,0,1638,DT-Top1,0.002400018274784,0.0205999240279197,0.0316000077873468,0.0545999500900507,0.0,0.6,21.0,0,2
5,0,1639,PF,0.0028000213205814,0.0207999255508184,0.0014998950064182,0.0250998418778181,0.0,0.6,0.0,2,2
5,0,1639,Greedy-SLA,0.002400018274784,0.0213000457733869,0.0014000106602907,0.0251000747084617,0.0,0.6,0.0,4,4
5,0,1639,DT-Top1,0.0025001354515552,0.022699823603034,0.0312000047415494,0.0563999637961387,0.0,0.6,21.0,0,2
5,0,1640,PF,0.0028999056667089,0.028399983420968,0.0015001278370618,0.0328000169247388,0.0,0.6,0.0,2,2
5,0,1640,Greedy-SLA,0.0025001354515552,0.3384998999536037,0.0021001324057579,0.3431001678109169,0.0,0.6,0.0,4,4
5,0,1640,DT-Top1,0.0040999148041009,0.0291999895125627,0.0432999804615974,0.0765998847782611,0.0,0.6,21.0,0,2
5,0,1641,PF,0.0039001461118459,0.0269999727606773,0.001800013706088,0.0327001325786113,0.0,0.6,0.0,2,2
5,0,1641,Greedy-SLA,0.0014000106602907,0.0100999604910612,0.0159000046551227,0.0273999758064746,0.0,0.6,21.0,0,2
5,0,1641,DT-Top1,0.0012998934835195,0.0095001887530088,0.0408999621868133,0.0517000444233417,0.0,0.6,21.0,0,2
5,0,1642,PF,0.0014000106602907,0.010400079190731,0.0008000060915946,0.0126000959426164,0.0,0.6,0.0,2,2
5,0,1642,Greedy-SLA,0.0013001263141632,0.0100999604910612,0.0006998889148235,0.0120999757200479,0.0,0.6,0.0,4,4
5,0,1642,DT-Top1,0.001200009137392,0.0092999543994665,0.0148001126945018,0.0253000762313604,0.0,0.6,21.0,0,2
5,0,1643,PF,0.1761000603437423,0.1113000325858593,0.0024999026209115,0.2898999955505132,0.0,0.6,0.0,2,2
5,0,1643,Greedy-SLA,0.0019001308828592,0.0266998540610075,0.0349001493304967,0.0635001342743635,0.0,0.6,21.0,0,2
5,0,1643,DT-Top1,0.0014000106602907,0.0122999772429466,0.0159000046551227,0.0295999925583601,0.0,0.6,21.0,0,2
5,0,1644,PF,0.0014998950064182,0.0105001963675022,0.0006998889148235,0.0126999802887439,0.0,0.6,0.0,2,2
5,0,1644,Greedy-SLA,0.001200009137392,0.009800074622035,0.0007001217454671,0.0117002055048942,0.0,0.6,0.0,4,4
5,0,1644,DT-Top1,0.0011001247912645,0.0097998417913913,0.0148999970406293,0.0257999636232852,0.0,0.6,21.0,0,2
5,0,1645,PF,0.0014000106602907,0.0097998417913913,0.0007001217454671,0.0118999741971492,0.0,0.6,0.0,2,2
5,0,1645,Greedy-SLA,0.0011001247912645,0.0095998402684926,0.0007001217454671,0.0114000868052244,0.0,0.6,0.0,4,4
5,0,1645,DT-Top1,0.0010998919606208,0.0094999559223651,0.0146999955177307,0.0252998434007167,0.0,0.6,21.0,0,2
5,0,1646,PF,0.0014998950064182,0.009800074622035,0.0006998889148235,0.0119998585432767,0.0,0.6,0.0,2,2
5,0,1646,Greedy-SLA,0.001200009137392,0.0165998935699462,0.0014000106602907,0.019199913367629,0.0,0.6,0.0,4,4
5,0,1646,DT-Top1,0.0025997869670391,0.020800158381462,0.0014998950064182,0.0248998403549194,0.0,0.6,0.0,4,4
5,0,1647,PF,0.0030000228434801,0.0320998951792717,0.0015001278370618,0.0366000458598136,0.0,0.6,0.0,2,2
5,0,1647,Greedy-SLA,0.0027001369744539,0.0210998114198446,0.0014000106602907,0.0251999590545892,0.0,0.6,0.0,4,4
5,0,1647,DT-Top1,0.0026999041438102,0.0207999255508184,0.0322000123560428,0.0556998420506715,0.0,0.6,21.0,0,2
5,0,1648,PF,0.0030999071896076,0.0215000472962856,0.0014998950064182,0.0260998494923114,0.0,0.6,0.0,2,2
5,0,1648,Greedy-SLA,0.0027001369744539,0.0213999301195144,0.0014000106602907,0.0255000777542591,0.0,0.6,0.0,4,4
5,0,1648,DT-Top1,0.0028999056667089,0.0209000427275896,0.0016000121831893,0.0253999605774879,0.0,0.6,0.0,4,4
5,0,1649,PF,0.0035001430660486,0.0241999514400959,0.0014998950064182,0.0291999895125627,0.0,0.6,0.0,2,2
5,0,1649,Greedy-SLA,0.0022000167518854,0.0183999072760343,0.0013001263141632,0.0219000503420829,0.0,0.6,0.0,4,4
5,0,1649,DT-Top1,0.0022000167518854,0.0169000122696161,0.0274998601526021,0.0465998891741037,0.0,0.6,21.0,0,2
5,0,1650,PF,0.0026000197976827,0.0171998981386423,0.0013001263141632,0.0211000442504882,0.0,0.6,0.0,2,2
5,0,1650,Greedy-SLA,0.0021001324057579,0.0169000122696161,0.001200009137392,0.020200153812766,0.0,0.6,0.0,4,4
5,0,1650,DT-Top1,0.0018998980522155,0.0165000092238187,0.0255000777542591,0.0438999850302934,0.0,0.6,21.0,0,2
5,0,1651,PF,0.0026000197976827,0.0122000928968191,0.0006998889148235,0.0155000016093254,0.0,0.6,0.0,2,2
5,0,1651,Greedy-SLA,0.0011001247912645,0.0096999574452638,0.0006998889148235,0.0114999711513519,0.0,0.6,0.0,4,4
5,0,1651,DT-Top1,0.0026999041438102,0.0207999255508184,0.0325001310557127,0.0559999607503414,0.0,0.6,21.0,0,2
5,0,1652,PF,0.0029001384973526,0.0213000457733869,0.0016000121831893,0.0258001964539289,0.0,0.6,0.0,2,2
5,0,1652,Greedy-SLA,0.0027001369744539,0.0211999285966157,0.0017001293599605,0.0256001949310302,0.0,0.6,0.0,4,4
5,0,1652,DT-Top1,0.0026000197976827,0.0211000442504882,0.0326000154018402,0.0563000794500112,0.0,0.6,21.0,0,2
5,0,1653,PF,0.0034999102354049,0.020800158381462,0.0008000060915946,0.0251000747084617,0.0,0.6,0.0,2,2
5,0,1653,Greedy-SLA,0.001200009137392,0.0108999665826559,0.0008000060915946,0.0128999818116426,0.0,0.6,0.0,4,4
5,0,1653,DT-Top1,0.001200009137392,0.0096999574452638,0.0149998813867568,0.0258998479694128,0.0,0.6,21.0,0,2
5,0,1654,PF,0.0012998934835195,0.0096999574452638,0.0007001217454671,0.0116999726742506,0.0,0.6,0.0,2,2
5,0,1654,Greedy-SLA,0.0012998934835195,0.0097001902759075,0.0006998889148235,0.0116999726742506,0.0,0.6,0.0,4,4
5,0,1654,DT-Top1,0.001200009137392,0.0097001902759075,0.0143998768180608,0.0253000762313604,0.0,0.6,21.0,0,2
5,0,1655,PF,0.0014998950064182,0.010400079190731,0.0008000060915946,0.0126999802887439,0.0,0.6,0.0,2,2
5,0,1655,Greedy-SLA,0.001200009137392,0.0096000730991363,0.0006998889148235,0.0114999711513519,0.0,0.6,0.0,4,4
5,0,1655,DT-Top1,0.0010998919606208,0.0094000715762376,0.0146999955177307,0.0251999590545892,0.0,0.6,21.0,0,2
5,0,1656,PF,0.0012998934835195,0.0100999604910612,0.0007001217454671,0.0120999757200479,0.0,0.6,0.0,2,2
5,0,1656,Greedy-SLA,0.0013001263141632,0.0096999574452638,0.0007001217454671,0.0117002055048942,0.0,0.6,0.0,4,4
5,0,1656,DT-Top1,0.0013001263141632,0.015099998563528,0.0263999681919813,0.0428000930696725,0.0,0.6,21.0,0,2
5,0,1657,PF,0.0029001384973526,0.0220998190343379,0.0015001278370618,0.0265000853687524,0.0,0.6,0.0,2,2
5,0,1657,Greedy-SLA,0.0026000197976827,0.0209000427275896,0.0320000108331441,0.0555000733584165,0.0,0.6,21.0,0,2
5,0,1657,DT-Top1,0.0028999056667089,0.0209999270737171,0.0316000077873468,0.0554998405277729,0.0,0.6,21.0,0,2
5,0,1658,PF,0.0030000228434801,0.0211999285966157,0.0015001278370618,0.0257000792771577,0.0,0.6,0.0,2,2
5,0,1658,Greedy-SLA,0.0028000213205814,0.020800158381462,0.0014998950064182,0.0251000747084617,0.0,0.6,0.0,4,4
5,0,1658,DT-Top1,0.0027001369744539,0.0205999240279197,0.0014000106602907,0.0247000716626644,0.0,0.6,0.0,4,4
5,0,1659,PF,0.0028000213205814,0.0210001599043607,0.0014998950064182,0.0253000762313604,0.0,0.6,0.0,2,2
5,0,1659,Greedy-SLA,0.0026999041438102,0.0210001599043607,0.0014998950064182,0.0251999590545892,0.0,0.6,0.0,4,4
5,0,1659,DT-Top1,0.0024999026209115,0.020800158381462,0.0314000062644481,0.0547000672668218,0.0,0.6,21.0,0,2
5,0,1660,PF,0.0028999056667089,0.0210001599043607,0.0016998965293169,0.0255999621003866,0.0,0.6,0.0,2,2
5,0,1660,Greedy-SLA,0.0026000197976827,0.0209000427275896,0.0012998934835195,0.0247999560087919,0.0,0.6,0.0,4,4
5,0,1660,DT-Top1,0.0028000213205814,0.0211000442504882,0.001399777829647,0.0252998434007167,0.0,0.6,0.0,4,4
5,0,1661,PF,0.0028999056667089,0.0209000427275896,0.0016000121831893,0.0253999605774879,0.0,0.6,0.0,2,2
5,0,1661,Greedy-SLA,0.0027001369744539,0.0208998098969459,0.0015001278370618,0.0251000747084617,0.0,0.6,0.0,4,4
5,0,1661,DT-Top1,0.0050000380724668,0.0392000656574964,0.0409998465329408,0.0851999502629041,0.0,0.6,21.0,0,2
5,0,1662,PF,0.0038999132812023,0.027199974283576,0.0017001293599605,0.0328000169247388,0.0,0.6,0.0,2,2
5,0,1662,Greedy-SLA,0.0027001369744539,0.0221999362111091,0.0016000121831893,0.0265000853687524,0.0,0.6,0.0,4,4
5,0,1662,DT-Top1,0.0028000213205814,0.0216998159885406,0.0345001462846994,0.0589999835938215,0.0,0.6,21.0,0,2
5,0,1663,PF,0.0032000243663787,0.0227999407798051,0.0015001278370618,0.0275000929832458,0.0,0.6,0.0,2,2
5,0,1663,Greedy-SLA,0.0026000197976827,0.0219999346882104,0.0015001278370618,0.0261000823229551,0.0,0.6,0.0,4,4
5,0,1663,DT-Top1,0.0026999041438102,0.0216001644730567,0.0014000106602907,0.0257000792771577,0.0,0.6,0.0,4,4
5,0,1664,PF,0.0030000228434801,0.0217999331653118,0.0016000121831893,0.0263999681919813,0.0,0.6,0.0,2,2
5,0,1664,Greedy-SLA,0.0026000197976827,0.0217000488191843,0.0014998950064182,0.0257999636232852,0.0,0.6,0.0,4,4
5,0,1664,DT-Top1,0.0026000197976827,0.0211999285966157,0.0334000214934349,0.0571999698877334,0.0,0.6,21.0,0,2
5,0,1665,PF,0.0028999056667089,0.0213000457733869,0.0016000121831893,0.0257999636232852,0.0,0.6,0.0,2,2
5,0,1665,Greedy-SLA,0.0026000197976827,0.0213999301195144,0.0015001278370618,0.0255000777542591,0.0,0.6,0.0,4,4
5,0,1665,DT-Top1,0.0027001369744539,0.0209999270737171,0.0015001278370618,0.0252001918852329,0.0,0.6,0.0,4,4
5,0,1666,PF,0.0030000228434801,0.0213999301195144,0.0014998950064182,0.0258998479694128,0.0,0.6,0.0,2,2
5,0,1666,Greedy-SLA,0.0026000197976827,0.0211999285966157,0.0014998950064182,0.0252998434007167,0.0,0.6,0.0,4,4
